app_id: 0, app_name: SAR_api-aarch64, task_id: 0, task_name: DASH_FFT, resource_name: cpu1, ref_start_time: 2089981818085524, ref_stop_time: 2089981818321204, actual_exe_time: 235680, task_app_start_time:2089980969193987, task_sched_time:2089981818070944
app_id: 0, app_name: SAR_api-aarch64, task_id: 1, task_name: DASH_FFT, resource_name: cpu2, ref_start_time: 2089981829570995, ref_stop_time: 2089981829772895, actual_exe_time: 201900, task_app_start_time:2089980969193987, task_sched_time:2089981829502175
app_id: 0, app_name: SAR_api-aarch64, task_id: 2, task_name: DASH_ZIP, resource_name: cpu3, ref_start_time: 2089981836956817, ref_stop_time: 2089981837059807, actual_exe_time: 102990, task_app_start_time:2089980969193987, task_sched_time:2089981836948897
app_id: 0, app_name: SAR_api-aarch64, task_id: 3, task_name: DASH_FFT, resource_name: fft1, ref_start_time: 2089981840343757, ref_stop_time: 2089981840515417, actual_exe_time: 171660, task_app_start_time:2089980969193987, task_sched_time:2089981840325397
app_id: 0, app_name: SAR_api-aarch64, task_id: 4, task_name: DASH_FFT, resource_name: fft2, ref_start_time: 2089981843022758, ref_stop_time: 2089981843124158, actual_exe_time: 101400, task_app_start_time:2089980969193987, task_sched_time:2089981842910168
app_id: 0, app_name: SAR_api-aarch64, task_id: 5, task_name: DASH_ZIP, resource_name: zip1, ref_start_time: 2089981848642148, ref_stop_time: 2089981848819539, actual_exe_time: 177391, task_app_start_time:2089980969193987, task_sched_time:2089981848631678
app_id: 0, app_name: SAR_api-aarch64, task_id: 6, task_name: DASH_FFT, resource_name: cpu1, ref_start_time: 2089981852427639, ref_stop_time: 2089981852546829, actual_exe_time: 119190, task_app_start_time:2089980969193987, task_sched_time:2089981852390199
app_id: 0, app_name: SAR_api-aarch64, task_id: 7, task_name: DASH_FFT, resource_name: cpu2, ref_start_time: 2089981856537250, ref_stop_time: 2089981856653680, actual_exe_time: 116430, task_app_start_time:2089980969193987, task_sched_time:2089981856392860
app_id: 0, app_name: SAR_api-aarch64, task_id: 8, task_name: DASH_ZIP, resource_name: cpu3, ref_start_time: 2089981860468930, ref_stop_time: 2089981860551550, actual_exe_time: 82620, task_app_start_time:2089980969193987, task_sched_time:2089981860459480
app_id: 0, app_name: SAR_api-aarch64, task_id: 9, task_name: DASH_FFT, resource_name: fft1, ref_start_time: 2089981868303012, ref_stop_time: 2089981868432582, actual_exe_time: 129570, task_app_start_time:2089980969193987, task_sched_time:2089981868297132
app_id: 0, app_name: SAR_api-aarch64, task_id: 10, task_name: DASH_FFT, resource_name: fft2, ref_start_time: 2089981869134762, ref_stop_time: 2089981869209312, actual_exe_time: 74550, task_app_start_time:2089980969193987, task_sched_time:2089981869031712
app_id: 0, app_name: SAR_api-aarch64, task_id: 11, task_name: DASH_ZIP, resource_name: zip1, ref_start_time: 2089981869427412, ref_stop_time: 2089981869551612, actual_exe_time: 124200, task_app_start_time:2089980969193987, task_sched_time:2089981869424442
app_id: 0, app_name: SAR_api-aarch64, task_id: 12, task_name: DASH_FFT, resource_name: cpu1, ref_start_time: 2089981880422384, ref_stop_time: 2089981880536834, actual_exe_time: 114450, task_app_start_time:2089980969193987, task_sched_time:2089981880411044
app_id: 0, app_name: SAR_api-aarch64, task_id: 13, task_name: DASH_FFT, resource_name: cpu2, ref_start_time: 2089981882475104, ref_stop_time: 2089981882588354, actual_exe_time: 113250, task_app_start_time:2089980969193987, task_sched_time:2089981882319314
app_id: 0, app_name: SAR_api-aarch64, task_id: 14, task_name: DASH_ZIP, resource_name: cpu3, ref_start_time: 2089981885339384, ref_stop_time: 2089981885420234, actual_exe_time: 80850, task_app_start_time:2089980969193987, task_sched_time:2089981885333144
app_id: 0, app_name: SAR_api-aarch64, task_id: 15, task_name: DASH_FFT, resource_name: fft1, ref_start_time: 2089981889108435, ref_stop_time: 2089981889230205, actual_exe_time: 121770, task_app_start_time:2089980969193987, task_sched_time:2089981889103545
app_id: 0, app_name: SAR_api-aarch64, task_id: 16, task_name: DASH_FFT, resource_name: fft2, ref_start_time: 2089981892306856, ref_stop_time: 2089981892389776, actual_exe_time: 82920, task_app_start_time:2089980969193987, task_sched_time:2089981889850635
app_id: 0, app_name: SAR_api-aarch64, task_id: 17, task_name: DASH_ZIP, resource_name: zip1, ref_start_time: 2089981894746546, ref_stop_time: 2089981894866096, actual_exe_time: 119550, task_app_start_time:2089980969193987, task_sched_time:2089981894738386
app_id: 0, app_name: SAR_api-aarch64, task_id: 18, task_name: DASH_FFT, resource_name: cpu1, ref_start_time: 2089981896540546, ref_stop_time: 2089981896651276, actual_exe_time: 110730, task_app_start_time:2089980969193987, task_sched_time:2089981896504816
app_id: 0, app_name: SAR_api-aarch64, task_id: 19, task_name: DASH_FFT, resource_name: cpu2, ref_start_time: 2089981900825357, ref_stop_time: 2089981900934077, actual_exe_time: 108720, task_app_start_time:2089980969193987, task_sched_time:2089981900819177
app_id: 0, app_name: SAR_api-aarch64, task_id: 20, task_name: DASH_ZIP, resource_name: cpu3, ref_start_time: 2089981908581348, ref_stop_time: 2089981908662948, actual_exe_time: 81600, task_app_start_time:2089980969193987, task_sched_time:2089981908573008
app_id: 0, app_name: SAR_api-aarch64, task_id: 21, task_name: DASH_FFT, resource_name: fft1, ref_start_time: 2089981910951049, ref_stop_time: 2089981911073839, actual_exe_time: 122790, task_app_start_time:2089980969193987, task_sched_time:2089981910946549
app_id: 0, app_name: SAR_api-aarch64, task_id: 22, task_name: DASH_FFT, resource_name: fft2, ref_start_time: 2089981911593319, ref_stop_time: 2089981911664209, actual_exe_time: 70890, task_app_start_time:2089980969193987, task_sched_time:2089981911589509
app_id: 0, app_name: SAR_api-aarch64, task_id: 23, task_name: DASH_ZIP, resource_name: zip1, ref_start_time: 2089981912640049, ref_stop_time: 2089981912761789, actual_exe_time: 121740, task_app_start_time:2089980969193987, task_sched_time:2089981912632969
app_id: 0, app_name: SAR_api-aarch64, task_id: 24, task_name: DASH_FFT, resource_name: cpu1, ref_start_time: 2089981913231289, ref_stop_time: 2089981913339409, actual_exe_time: 108120, task_app_start_time:2089980969193987, task_sched_time:2089981913222829
app_id: 0, app_name: SAR_api-aarch64, task_id: 25, task_name: DASH_FFT, resource_name: cpu2, ref_start_time: 2089981914309459, ref_stop_time: 2089981914411669, actual_exe_time: 102210, task_app_start_time:2089980969193987, task_sched_time:2089981914302619
app_id: 0, app_name: SAR_api-aarch64, task_id: 26, task_name: DASH_ZIP, resource_name: cpu3, ref_start_time: 2089981915096689, ref_stop_time: 2089981915171059, actual_exe_time: 74370, task_app_start_time:2089980969193987, task_sched_time:2089981915088919
app_id: 0, app_name: SAR_api-aarch64, task_id: 27, task_name: DASH_FFT, resource_name: fft1, ref_start_time: 2089981920481720, ref_stop_time: 2089981920606970, actual_exe_time: 125250, task_app_start_time:2089980969193987, task_sched_time:2089981920372850
app_id: 0, app_name: SAR_api-aarch64, task_id: 28, task_name: DASH_FFT, resource_name: fft2, ref_start_time: 2089981921280560, ref_stop_time: 2089981921356850, actual_exe_time: 76290, task_app_start_time:2089980969193987, task_sched_time:2089981921273780
app_id: 0, app_name: SAR_api-aarch64, task_id: 29, task_name: DASH_ZIP, resource_name: zip1, ref_start_time: 2089981923728261, ref_stop_time: 2089981923848381, actual_exe_time: 120120, task_app_start_time:2089980969193987, task_sched_time:2089981922078680
app_id: 0, app_name: SAR_api-aarch64, task_id: 30, task_name: DASH_FFT, resource_name: cpu1, ref_start_time: 2089981925041301, ref_stop_time: 2089981925150651, actual_exe_time: 109350, task_app_start_time:2089980969193987, task_sched_time:2089981925029781
app_id: 0, app_name: SAR_api-aarch64, task_id: 31, task_name: DASH_FFT, resource_name: cpu2, ref_start_time: 2089981928439101, ref_stop_time: 2089981928544971, actual_exe_time: 105870, task_app_start_time:2089980969193987, task_sched_time:2089981928430011
app_id: 0, app_name: SAR_api-aarch64, task_id: 32, task_name: DASH_ZIP, resource_name: cpu3, ref_start_time: 2089981929171911, ref_stop_time: 2089981929246431, actual_exe_time: 74520, task_app_start_time:2089980969193987, task_sched_time:2089981929168131
app_id: 0, app_name: SAR_api-aarch64, task_id: 33, task_name: DASH_FFT, resource_name: fft1, ref_start_time: 2089981936541173, ref_stop_time: 2089981936665103, actual_exe_time: 123930, task_app_start_time:2089980969193987, task_sched_time:2089981936530283
app_id: 0, app_name: SAR_api-aarch64, task_id: 34, task_name: DASH_FFT, resource_name: fft2, ref_start_time: 2089981937025403, ref_stop_time: 2089981937115013, actual_exe_time: 89610, task_app_start_time:2089980969193987, task_sched_time:2089981937020093
app_id: 0, app_name: SAR_api-aarch64, task_id: 35, task_name: DASH_ZIP, resource_name: zip1, ref_start_time: 2089981939764793, ref_stop_time: 2089981939883803, actual_exe_time: 119010, task_app_start_time:2089980969193987, task_sched_time:2089981939760803
app_id: 0, app_name: SAR_api-aarch64, task_id: 36, task_name: DASH_FFT, resource_name: cpu1, ref_start_time: 2089981940916103, ref_stop_time: 2089981941033043, actual_exe_time: 116940, task_app_start_time:2089980969193987, task_sched_time:2089981940889703
app_id: 0, app_name: SAR_api-aarch64, task_id: 37, task_name: DASH_FFT, resource_name: cpu2, ref_start_time: 2089981944297014, ref_stop_time: 2089981944407984, actual_exe_time: 110970, task_app_start_time:2089980969193987, task_sched_time:2089981941660223
app_id: 0, app_name: SAR_api-aarch64, task_id: 38, task_name: DASH_ZIP, resource_name: cpu3, ref_start_time: 2089981948376595, ref_stop_time: 2089981948456815, actual_exe_time: 80220, task_app_start_time:2089980969193987, task_sched_time:2089981948372035
app_id: 0, app_name: SAR_api-aarch64, task_id: 39, task_name: DASH_FFT, resource_name: fft1, ref_start_time: 2089981948799685, ref_stop_time: 2089981948917885, actual_exe_time: 118200, task_app_start_time:2089980969193987, task_sched_time:2089981948796265
app_id: 0, app_name: SAR_api-aarch64, task_id: 40, task_name: DASH_FFT, resource_name: fft2, ref_start_time: 2089981952518065, ref_stop_time: 2089981952593215, actual_exe_time: 75150, task_app_start_time:2089980969193987, task_sched_time:2089981952512695
app_id: 0, app_name: SAR_api-aarch64, task_id: 41, task_name: DASH_ZIP, resource_name: zip1, ref_start_time: 2089981955510926, ref_stop_time: 2089981955632786, actual_exe_time: 121860, task_app_start_time:2089980969193987, task_sched_time:2089981955501746
app_id: 0, app_name: SAR_api-aarch64, task_id: 42, task_name: DASH_FFT, resource_name: cpu1, ref_start_time: 2089981956797956, ref_stop_time: 2089981956906406, actual_exe_time: 108450, task_app_start_time:2089980969193987, task_sched_time:2089981956793816
app_id: 0, app_name: SAR_api-aarch64, task_id: 43, task_name: DASH_FFT, resource_name: cpu2, ref_start_time: 2089981960572016, ref_stop_time: 2089981960670327, actual_exe_time: 98311, task_app_start_time:2089980969193987, task_sched_time:2089981960565836
app_id: 0, app_name: SAR_api-aarch64, task_id: 44, task_name: DASH_ZIP, resource_name: cpu3, ref_start_time: 2089981961807807, ref_stop_time: 2089981961884757, actual_exe_time: 76950, task_app_start_time:2089980969193987, task_sched_time:2089981961803667
app_id: 0, app_name: SAR_api-aarch64, task_id: 45, task_name: DASH_FFT, resource_name: fft1, ref_start_time: 2089981962477407, ref_stop_time: 2089981962601697, actual_exe_time: 124290, task_app_start_time:2089980969193987, task_sched_time:2089981962429407
app_id: 0, app_name: SAR_api-aarch64, task_id: 46, task_name: DASH_FFT, resource_name: fft2, ref_start_time: 2089981968361008, ref_stop_time: 2089981968453048, actual_exe_time: 92040, task_app_start_time:2089980969193987, task_sched_time:2089981963323857
app_id: 0, app_name: SAR_api-aarch64, task_id: 47, task_name: DASH_ZIP, resource_name: zip1, ref_start_time: 2089981969371438, ref_stop_time: 2089981969489098, actual_exe_time: 117660, task_app_start_time:2089980969193987, task_sched_time:2089981969364748
app_id: 0, app_name: SAR_api-aarch64, task_id: 48, task_name: DASH_FFT, resource_name: cpu1, ref_start_time: 2089981970023368, ref_stop_time: 2089981970128578, actual_exe_time: 105210, task_app_start_time:2089980969193987, task_sched_time:2089981970015748
app_id: 0, app_name: SAR_api-aarch64, task_id: 49, task_name: DASH_FFT, resource_name: cpu2, ref_start_time: 2089981970479578, ref_stop_time: 2089981970570748, actual_exe_time: 91170, task_app_start_time:2089980969193987, task_sched_time:2089981970476728
app_id: 0, app_name: SAR_api-aarch64, task_id: 50, task_name: DASH_ZIP, resource_name: cpu3, ref_start_time: 2089981971378498, ref_stop_time: 2089981971451788, actual_exe_time: 73290, task_app_start_time:2089980969193987, task_sched_time:2089981971369948
app_id: 0, app_name: SAR_api-aarch64, task_id: 51, task_name: DASH_FFT, resource_name: fft1, ref_start_time: 2089981972168488, ref_stop_time: 2089981972298208, actual_exe_time: 129720, task_app_start_time:2089980969193987, task_sched_time:2089981972151298
app_id: 0, app_name: SAR_api-aarch64, task_id: 52, task_name: DASH_FFT, resource_name: fft2, ref_start_time: 2089981973171719, ref_stop_time: 2089981973247679, actual_exe_time: 75960, task_app_start_time:2089980969193987, task_sched_time:2089981972952058
app_id: 0, app_name: SAR_api-aarch64, task_id: 53, task_name: DASH_ZIP, resource_name: zip1, ref_start_time: 2089981976568829, ref_stop_time: 2089981976694589, actual_exe_time: 125760, task_app_start_time:2089980969193987, task_sched_time:2089981976561419
app_id: 0, app_name: SAR_api-aarch64, task_id: 54, task_name: DASH_FFT, resource_name: cpu1, ref_start_time: 2089981980446120, ref_stop_time: 2089981980556700, actual_exe_time: 110580, task_app_start_time:2089980969193987, task_sched_time:2089981980431030
app_id: 0, app_name: SAR_api-aarch64, task_id: 55, task_name: DASH_FFT, resource_name: cpu2, ref_start_time: 2089981981205450, ref_stop_time: 2089981981296440, actual_exe_time: 90990, task_app_start_time:2089980969193987, task_sched_time:2089981981201580
app_id: 0, app_name: SAR_api-aarch64, task_id: 56, task_name: DASH_ZIP, resource_name: cpu3, ref_start_time: 2089981984533830, ref_stop_time: 2089981984610060, actual_exe_time: 76230, task_app_start_time:2089980969193987, task_sched_time:2089981984529660
app_id: 0, app_name: SAR_api-aarch64, task_id: 57, task_name: DASH_FFT, resource_name: fft1, ref_start_time: 2089981985549421, ref_stop_time: 2089981985670201, actual_exe_time: 120780, task_app_start_time:2089980969193987, task_sched_time:2089981985542731
app_id: 0, app_name: SAR_api-aarch64, task_id: 58, task_name: DASH_FFT, resource_name: fft2, ref_start_time: 2089981988479551, ref_stop_time: 2089981988555061, actual_exe_time: 75510, task_app_start_time:2089980969193987, task_sched_time:2089981988461941
app_id: 0, app_name: SAR_api-aarch64, task_id: 59, task_name: DASH_ZIP, resource_name: zip1, ref_start_time: 2089981989951321, ref_stop_time: 2089981990069221, actual_exe_time: 117900, task_app_start_time:2089980969193987, task_sched_time:2089981989945621
app_id: 0, app_name: SAR_api-aarch64, task_id: 60, task_name: DASH_FFT, resource_name: cpu1, ref_start_time: 2089981991279001, ref_stop_time: 2089981991385621, actual_exe_time: 106620, task_app_start_time:2089980969193987, task_sched_time:2089981991263731
app_id: 0, app_name: SAR_api-aarch64, task_id: 61, task_name: DASH_FFT, resource_name: cpu2, ref_start_time: 2089981996393612, ref_stop_time: 2089981996495522, actual_exe_time: 101910, task_app_start_time:2089980969193987, task_sched_time:2089981996384552
app_id: 0, app_name: SAR_api-aarch64, task_id: 62, task_name: DASH_ZIP, resource_name: cpu3, ref_start_time: 2089981996992772, ref_stop_time: 2089981997066722, actual_exe_time: 73950, task_app_start_time:2089980969193987, task_sched_time:2089981996988122
app_id: 0, app_name: SAR_api-aarch64, task_id: 63, task_name: DASH_FFT, resource_name: fft1, ref_start_time: 2089982000469443, ref_stop_time: 2089982000588423, actual_exe_time: 118980, task_app_start_time:2089980969193987, task_sched_time:2089982000460083
app_id: 0, app_name: SAR_api-aarch64, task_id: 64, task_name: DASH_FFT, resource_name: fft2, ref_start_time: 2089982001185903, ref_stop_time: 2089982001252983, actual_exe_time: 67080, task_app_start_time:2089980969193987, task_sched_time:2089982001181253
app_id: 0, app_name: SAR_api-aarch64, task_id: 65, task_name: DASH_ZIP, resource_name: zip1, ref_start_time: 2089982005202904, ref_stop_time: 2089982005322454, actual_exe_time: 119550, task_app_start_time:2089980969193987, task_sched_time:2089982005196454
app_id: 0, app_name: SAR_api-aarch64, task_id: 66, task_name: DASH_FFT, resource_name: cpu1, ref_start_time: 2089982007364074, ref_stop_time: 2089982007470094, actual_exe_time: 106020, task_app_start_time:2089980969193987, task_sched_time:2089982007351984
app_id: 0, app_name: SAR_api-aarch64, task_id: 67, task_name: DASH_FFT, resource_name: cpu2, ref_start_time: 2089982008052784, ref_stop_time: 2089982008147254, actual_exe_time: 94470, task_app_start_time:2089980969193987, task_sched_time:2089982008047294
app_id: 0, app_name: SAR_api-aarch64, task_id: 68, task_name: DASH_ZIP, resource_name: cpu3, ref_start_time: 2089982012547895, ref_stop_time: 2089982012624725, actual_exe_time: 76830, task_app_start_time:2089980969193987, task_sched_time:2089982012537305
app_id: 0, app_name: SAR_api-aarch64, task_id: 69, task_name: DASH_FFT, resource_name: fft1, ref_start_time: 2089982013308215, ref_stop_time: 2089982013431905, actual_exe_time: 123690, task_app_start_time:2089980969193987, task_sched_time:2089982013296935
app_id: 0, app_name: SAR_api-aarch64, task_id: 70, task_name: DASH_FFT, resource_name: fft2, ref_start_time: 2089982013980575, ref_stop_time: 2089982014052725, actual_exe_time: 72150, task_app_start_time:2089980969193987, task_sched_time:2089982013973165
app_id: 0, app_name: SAR_api-aarch64, task_id: 71, task_name: DASH_ZIP, resource_name: zip1, ref_start_time: 2089982016299605, ref_stop_time: 2089982016424255, actual_exe_time: 124650, task_app_start_time:2089980969193987, task_sched_time:2089982014475365
app_id: 0, app_name: SAR_api-aarch64, task_id: 72, task_name: DASH_FFT, resource_name: cpu1, ref_start_time: 2089982020397066, ref_stop_time: 2089982020508696, actual_exe_time: 111630, task_app_start_time:2089980969193987, task_sched_time:2089982020392386
app_id: 0, app_name: SAR_api-aarch64, task_id: 73, task_name: DASH_FFT, resource_name: cpu2, ref_start_time: 2089982022696686, ref_stop_time: 2089982022792477, actual_exe_time: 95791, task_app_start_time:2089980969193987, task_sched_time:2089982022687866
app_id: 0, app_name: SAR_api-aarch64, task_id: 74, task_name: DASH_ZIP, resource_name: cpu3, ref_start_time: 2089982027033007, ref_stop_time: 2089982027112207, actual_exe_time: 79200, task_app_start_time:2089980969193987, task_sched_time:2089982027025357
app_id: 0, app_name: SAR_api-aarch64, task_id: 75, task_name: DASH_FFT, resource_name: fft1, ref_start_time: 2089982027913897, ref_stop_time: 2089982028036117, actual_exe_time: 122220, task_app_start_time:2089980969193987, task_sched_time:2089982027894817
app_id: 0, app_name: SAR_api-aarch64, task_id: 76, task_name: DASH_FFT, resource_name: fft2, ref_start_time: 2089982028873747, ref_stop_time: 2089982028943137, actual_exe_time: 69390, task_app_start_time:2089980969193987, task_sched_time:2089982028864417
app_id: 0, app_name: SAR_api-aarch64, task_id: 77, task_name: DASH_ZIP, resource_name: zip1, ref_start_time: 2089982032291288, ref_stop_time: 2089982032416358, actual_exe_time: 125070, task_app_start_time:2089980969193987, task_sched_time:2089982029777108
app_id: 0, app_name: SAR_api-aarch64, task_id: 78, task_name: DASH_FFT, resource_name: cpu1, ref_start_time: 2089982033164468, ref_stop_time: 2089982033280508, actual_exe_time: 116040, task_app_start_time:2089980969193987, task_sched_time:2089982033118118
app_id: 0, app_name: SAR_api-aarch64, task_id: 79, task_name: DASH_FFT, resource_name: cpu2, ref_start_time: 2089982033824888, ref_stop_time: 2089982033914798, actual_exe_time: 89910, task_app_start_time:2089980969193987, task_sched_time:2089982033818258
app_id: 0, app_name: SAR_api-aarch64, task_id: 80, task_name: DASH_ZIP, resource_name: cpu3, ref_start_time: 2089982036248529, ref_stop_time: 2089982036344979, actual_exe_time: 96450, task_app_start_time:2089980969193987, task_sched_time:2089982034118048
app_id: 0, app_name: SAR_api-aarch64, task_id: 81, task_name: DASH_FFT, resource_name: fft1, ref_start_time: 2089982037563489, ref_stop_time: 2089982037683879, actual_exe_time: 120390, task_app_start_time:2089980969193987, task_sched_time:2089982037544319
app_id: 0, app_name: SAR_api-aarch64, task_id: 82, task_name: DASH_FFT, resource_name: fft2, ref_start_time: 2089982040509099, ref_stop_time: 2089982040593249, actual_exe_time: 84150, task_app_start_time:2089980969193987, task_sched_time:2089982040498839
app_id: 0, app_name: SAR_api-aarch64, task_id: 83, task_name: DASH_ZIP, resource_name: zip1, ref_start_time: 2089982044613640, ref_stop_time: 2089982044741410, actual_exe_time: 127770, task_app_start_time:2089980969193987, task_sched_time:2089982044603230
app_id: 0, app_name: SAR_api-aarch64, task_id: 84, task_name: DASH_FFT, resource_name: cpu1, ref_start_time: 2089982048399101, ref_stop_time: 2089982048510071, actual_exe_time: 110970, task_app_start_time:2089980969193987, task_sched_time:2089982048385511
app_id: 0, app_name: SAR_api-aarch64, task_id: 85, task_name: DASH_FFT, resource_name: cpu2, ref_start_time: 2089982049103951, ref_stop_time: 2089982049196171, actual_exe_time: 92220, task_app_start_time:2089980969193987, task_sched_time:2089982049098191
app_id: 0, app_name: SAR_api-aarch64, task_id: 86, task_name: DASH_ZIP, resource_name: cpu3, ref_start_time: 2089982052796321, ref_stop_time: 2089982052874681, actual_exe_time: 78360, task_app_start_time:2089980969193987, task_sched_time:2089982052788731
app_id: 0, app_name: SAR_api-aarch64, task_id: 87, task_name: DASH_FFT, resource_name: fft1, ref_start_time: 2089982053437331, ref_stop_time: 2089982053556971, actual_exe_time: 119640, task_app_start_time:2089980969193987, task_sched_time:2089982053428991
app_id: 0, app_name: SAR_api-aarch64, task_id: 88, task_name: DASH_FFT, resource_name: fft2, ref_start_time: 2089982054379482, ref_stop_time: 2089982054464022, actual_exe_time: 84540, task_app_start_time:2089980969193987, task_sched_time:2089982054369942
app_id: 0, app_name: SAR_api-aarch64, task_id: 89, task_name: DASH_ZIP, resource_name: zip1, ref_start_time: 2089982055340562, ref_stop_time: 2089982055464942, actual_exe_time: 124380, task_app_start_time:2089980969193987, task_sched_time:2089982055332972
app_id: 0, app_name: SAR_api-aarch64, task_id: 90, task_name: DASH_FFT, resource_name: cpu1, ref_start_time: 2089982055718922, ref_stop_time: 2089982055825032, actual_exe_time: 106110, task_app_start_time:2089980969193987, task_sched_time:2089982055703832
app_id: 0, app_name: SAR_api-aarch64, task_id: 91, task_name: DASH_FFT, resource_name: cpu2, ref_start_time: 2089982056661492, ref_stop_time: 2089982057012282, actual_exe_time: 350790, task_app_start_time:2089980969193987, task_sched_time:2089982056657622
app_id: 0, app_name: SAR_api-aarch64, task_id: 92, task_name: DASH_ZIP, resource_name: cpu3, ref_start_time: 2089982057677802, ref_stop_time: 2089982057753612, actual_exe_time: 75810, task_app_start_time:2089980969193987, task_sched_time:2089982057670842
app_id: 0, app_name: SAR_api-aarch64, task_id: 93, task_name: DASH_FFT, resource_name: fft1, ref_start_time: 2089982058332102, ref_stop_time: 2089982058452582, actual_exe_time: 120480, task_app_start_time:2089980969193987, task_sched_time:2089982058313052
app_id: 0, app_name: SAR_api-aarch64, task_id: 94, task_name: DASH_FFT, resource_name: fft2, ref_start_time: 2089982064750153, ref_stop_time: 2089982064835533, actual_exe_time: 85380, task_app_start_time:2089980969193987, task_sched_time:2089982064744573
app_id: 0, app_name: SAR_api-aarch64, task_id: 95, task_name: DASH_ZIP, resource_name: zip1, ref_start_time: 2089982065610493, ref_stop_time: 2089982065728393, actual_exe_time: 117900, task_app_start_time:2089980969193987, task_sched_time:2089982065602273
app_id: 0, app_name: SAR_api-aarch64, task_id: 96, task_name: DASH_FFT, resource_name: cpu1, ref_start_time: 2089982066418814, ref_stop_time: 2089982066522824, actual_exe_time: 104010, task_app_start_time:2089980969193987, task_sched_time:2089982066382124
app_id: 0, app_name: SAR_api-aarch64, task_id: 97, task_name: DASH_FFT, resource_name: cpu2, ref_start_time: 2089982066781454, ref_stop_time: 2089982066871154, actual_exe_time: 89700, task_app_start_time:2089980969193987, task_sched_time:2089982066777674
app_id: 0, app_name: SAR_api-aarch64, task_id: 98, task_name: DASH_ZIP, resource_name: cpu3, ref_start_time: 2089982069226064, ref_stop_time: 2089982069302234, actual_exe_time: 76170, task_app_start_time:2089980969193987, task_sched_time:2089982069221114
app_id: 0, app_name: SAR_api-aarch64, task_id: 99, task_name: DASH_FFT, resource_name: fft1, ref_start_time: 2089982069929534, ref_stop_time: 2089982070046534, actual_exe_time: 117000, task_app_start_time:2089980969193987, task_sched_time:2089982069863654
app_id: 0, app_name: SAR_api-aarch64, task_id: 100, task_name: DASH_FFT, resource_name: fft2, ref_start_time: 2089982070988924, ref_stop_time: 2089982071059334, actual_exe_time: 70410, task_app_start_time:2089980969193987, task_sched_time:2089982070985084
app_id: 0, app_name: SAR_api-aarch64, task_id: 101, task_name: DASH_ZIP, resource_name: zip1, ref_start_time: 2089982075033315, ref_stop_time: 2089982075159735, actual_exe_time: 126420, task_app_start_time:2089980969193987, task_sched_time:2089982075026055
app_id: 0, app_name: SAR_api-aarch64, task_id: 102, task_name: DASH_FFT, resource_name: cpu1, ref_start_time: 2089982076300035, ref_stop_time: 2089982076409865, actual_exe_time: 109830, task_app_start_time:2089980969193987, task_sched_time:2089982076277055
app_id: 0, app_name: SAR_api-aarch64, task_id: 103, task_name: DASH_FFT, resource_name: cpu2, ref_start_time: 2089982080350516, ref_stop_time: 2089982080454556, actual_exe_time: 104040, task_app_start_time:2089980969193987, task_sched_time:2089982077137425
app_id: 0, app_name: SAR_api-aarch64, task_id: 104, task_name: DASH_ZIP, resource_name: cpu3, ref_start_time: 2089982081142186, ref_stop_time: 2089982081216676, actual_exe_time: 74490, task_app_start_time:2089980969193987, task_sched_time:2089982081138346
app_id: 0, app_name: SAR_api-aarch64, task_id: 105, task_name: DASH_FFT, resource_name: fft1, ref_start_time: 2089982081954766, ref_stop_time: 2089982082072726, actual_exe_time: 117960, task_app_start_time:2089980969193987, task_sched_time:2089982081944266
app_id: 0, app_name: SAR_api-aarch64, task_id: 106, task_name: DASH_FFT, resource_name: fft2, ref_start_time: 2089982082632526, ref_stop_time: 2089982082700476, actual_exe_time: 67950, task_app_start_time:2089980969193987, task_sched_time:2089982082628146
app_id: 0, app_name: SAR_api-aarch64, task_id: 107, task_name: DASH_ZIP, resource_name: zip1, ref_start_time: 2089982083365696, ref_stop_time: 2089982083484766, actual_exe_time: 119070, task_app_start_time:2089980969193987, task_sched_time:2089982083357956
app_id: 0, app_name: SAR_api-aarch64, task_id: 108, task_name: DASH_FFT, resource_name: cpu1, ref_start_time: 2089982084121096, ref_stop_time: 2089982084225286, actual_exe_time: 104190, task_app_start_time:2089980969193987, task_sched_time:2089982084071026
app_id: 0, app_name: SAR_api-aarch64, task_id: 109, task_name: DASH_FFT, resource_name: cpu2, ref_start_time: 2089982085562177, ref_stop_time: 2089982085659917, actual_exe_time: 97740, task_app_start_time:2089980969193987, task_sched_time:2089982085045787
app_id: 0, app_name: SAR_api-aarch64, task_id: 110, task_name: DASH_ZIP, resource_name: cpu3, ref_start_time: 2089982092389878, ref_stop_time: 2089982092469258, actual_exe_time: 79380, task_app_start_time:2089980969193987, task_sched_time:2089982092381358
app_id: 0, app_name: SAR_api-aarch64, task_id: 111, task_name: DASH_FFT, resource_name: fft1, ref_start_time: 2089982093329508, ref_stop_time: 2089982093448788, actual_exe_time: 119280, task_app_start_time:2089980969193987, task_sched_time:2089982093317208
app_id: 0, app_name: SAR_api-aarch64, task_id: 112, task_name: DASH_FFT, resource_name: fft2, ref_start_time: 2089982094030278, ref_stop_time: 2089982094105308, actual_exe_time: 75030, task_app_start_time:2089980969193987, task_sched_time:2089982094020588
app_id: 0, app_name: SAR_api-aarch64, task_id: 113, task_name: DASH_ZIP, resource_name: zip1, ref_start_time: 2089982096612918, ref_stop_time: 2089982096731058, actual_exe_time: 118140, task_app_start_time:2089980969193987, task_sched_time:2089982096604548
app_id: 0, app_name: SAR_api-aarch64, task_id: 114, task_name: DASH_FFT, resource_name: cpu1, ref_start_time: 2089982100377199, ref_stop_time: 2089982100490569, actual_exe_time: 113370, task_app_start_time:2089980969193987, task_sched_time:2089982100353349
app_id: 0, app_name: SAR_api-aarch64, task_id: 115, task_name: DASH_FFT, resource_name: cpu2, ref_start_time: 2089982101100949, ref_stop_time: 2089982101193799, actual_exe_time: 92850, task_app_start_time:2089980969193987, task_sched_time:2089982101095639
app_id: 0, app_name: SAR_api-aarch64, task_id: 116, task_name: DASH_ZIP, resource_name: cpu3, ref_start_time: 2089982102642169, ref_stop_time: 2089982102716419, actual_exe_time: 74250, task_app_start_time:2089980969193987, task_sched_time:2089982102632779
app_id: 0, app_name: SAR_api-aarch64, task_id: 117, task_name: DASH_FFT, resource_name: fft1, ref_start_time: 2089982103697660, ref_stop_time: 2089982103816940, actual_exe_time: 119280, task_app_start_time:2089980969193987, task_sched_time:2089982103694450
app_id: 0, app_name: SAR_api-aarch64, task_id: 118, task_name: DASH_FFT, resource_name: fft2, ref_start_time: 2089982108498200, ref_stop_time: 2089982108579260, actual_exe_time: 81060, task_app_start_time:2089980969193987, task_sched_time:2089982108490070
app_id: 0, app_name: SAR_api-aarch64, task_id: 119, task_name: DASH_ZIP, resource_name: zip1, ref_start_time: 2089982112553031, ref_stop_time: 2089982112674981, actual_exe_time: 121950, task_app_start_time:2089980969193987, task_sched_time:2089982112542051
app_id: 0, app_name: SAR_api-aarch64, task_id: 120, task_name: DASH_FFT, resource_name: cpu1, ref_start_time: 2089982113500761, ref_stop_time: 2089982113620611, actual_exe_time: 119850, task_app_start_time:2089980969193987, task_sched_time:2089982113425911
app_id: 0, app_name: SAR_api-aarch64, task_id: 121, task_name: DASH_FFT, resource_name: cpu2, ref_start_time: 2089982116844022, ref_stop_time: 2089982116937292, actual_exe_time: 93270, task_app_start_time:2089980969193987, task_sched_time:2089982116834872
app_id: 0, app_name: SAR_api-aarch64, task_id: 122, task_name: DASH_ZIP, resource_name: cpu3, ref_start_time: 2089982118883392, ref_stop_time: 2089982118958662, actual_exe_time: 75270, task_app_start_time:2089980969193987, task_sched_time:2089982118876432
app_id: 0, app_name: SAR_api-aarch64, task_id: 123, task_name: DASH_FFT, resource_name: fft1, ref_start_time: 2089982119815612, ref_stop_time: 2089982119937352, actual_exe_time: 121740, task_app_start_time:2089980969193987, task_sched_time:2089982119803102
app_id: 0, app_name: SAR_api-aarch64, task_id: 124, task_name: DASH_FFT, resource_name: fft2, ref_start_time: 2089982124826303, ref_stop_time: 2089982124907573, actual_exe_time: 81270, task_app_start_time:2089980969193987, task_sched_time:2089982124818383
app_id: 0, app_name: SAR_api-aarch64, task_id: 125, task_name: DASH_ZIP, resource_name: zip1, ref_start_time: 2089982125707493, ref_stop_time: 2089982125826803, actual_exe_time: 119310, task_app_start_time:2089980969193987, task_sched_time:2089982125704313
app_id: 0, app_name: SAR_api-aarch64, task_id: 126, task_name: DASH_FFT, resource_name: cpu1, ref_start_time: 2089982132732954, ref_stop_time: 2089982132847224, actual_exe_time: 114270, task_app_start_time:2089980969193987, task_sched_time:2089982132716304
app_id: 0, app_name: SAR_api-aarch64, task_id: 127, task_name: DASH_FFT, resource_name: cpu2, ref_start_time: 2089982133533384, ref_stop_time: 2089982133624254, actual_exe_time: 90870, task_app_start_time:2089980969193987, task_sched_time:2089982133526244
app_id: 0, app_name: SAR_api-aarch64, task_id: 128, task_name: DASH_ZIP, resource_name: cpu3, ref_start_time: 2089982134299824, ref_stop_time: 2089982134374974, actual_exe_time: 75150, task_app_start_time:2089980969193987, task_sched_time:2089982134295594
app_id: 0, app_name: SAR_api-aarch64, task_id: 129, task_name: DASH_FFT, resource_name: fft1, ref_start_time: 2089982136527655, ref_stop_time: 2089982136650895, actual_exe_time: 123240, task_app_start_time:2089980969193987, task_sched_time:2089982136523935
app_id: 0, app_name: SAR_api-aarch64, task_id: 130, task_name: DASH_FFT, resource_name: fft2, ref_start_time: 2089982140458495, ref_stop_time: 2089982140535505, actual_exe_time: 77010, task_app_start_time:2089980969193987, task_sched_time:2089982140450845
app_id: 0, app_name: SAR_api-aarch64, task_id: 131, task_name: DASH_ZIP, resource_name: zip1, ref_start_time: 2089982144304796, ref_stop_time: 2089982144432986, actual_exe_time: 128190, task_app_start_time:2089980969193987, task_sched_time:2089982141883856
app_id: 0, app_name: SAR_api-aarch64, task_id: 132, task_name: DASH_FFT, resource_name: cpu1, ref_start_time: 2089982148413627, ref_stop_time: 2089982148526307, actual_exe_time: 112680, task_app_start_time:2089980969193987, task_sched_time:2089982148404147
app_id: 0, app_name: SAR_api-aarch64, task_id: 133, task_name: DASH_FFT, resource_name: cpu2, ref_start_time: 2089982151555617, ref_stop_time: 2089982151648737, actual_exe_time: 93120, task_app_start_time:2089980969193987, task_sched_time:2089982151548507
app_id: 0, app_name: SAR_api-aarch64, task_id: 134, task_name: DASH_ZIP, resource_name: cpu3, ref_start_time: 2089982152479947, ref_stop_time: 2089982152557227, actual_exe_time: 77280, task_app_start_time:2089980969193987, task_sched_time:2089982152437767
app_id: 0, app_name: SAR_api-aarch64, task_id: 135, task_name: DASH_FFT, resource_name: fft1, ref_start_time: 2089982157361368, ref_stop_time: 2089982157484068, actual_exe_time: 122700, task_app_start_time:2089980969193987, task_sched_time:2089982157331548
app_id: 0, app_name: SAR_api-aarch64, task_id: 136, task_name: DASH_FFT, resource_name: fft2, ref_start_time: 2089982164299079, ref_stop_time: 2089982164379269, actual_exe_time: 80190, task_app_start_time:2089980969193987, task_sched_time:2089982164293559
app_id: 0, app_name: SAR_api-aarch64, task_id: 137, task_name: DASH_ZIP, resource_name: zip1, ref_start_time: 2089982166780380, ref_stop_time: 2089982166905750, actual_exe_time: 125370, task_app_start_time:2089980969193987, task_sched_time:2089982166774920
app_id: 0, app_name: SAR_api-aarch64, task_id: 138, task_name: DASH_FFT, resource_name: cpu1, ref_start_time: 2089982172497601, ref_stop_time: 2089982172609951, actual_exe_time: 112350, task_app_start_time:2089980969193987, task_sched_time:2089982172470631
app_id: 0, app_name: SAR_api-aarch64, task_id: 139, task_name: DASH_FFT, resource_name: cpu2, ref_start_time: 2089982176548651, ref_stop_time: 2089982176642341, actual_exe_time: 93690, task_app_start_time:2089980969193987, task_sched_time:2089982176540491
app_id: 0, app_name: SAR_api-aarch64, task_id: 140, task_name: DASH_ZIP, resource_name: cpu3, ref_start_time: 2089982180781562, ref_stop_time: 2089982180859382, actual_exe_time: 77820, task_app_start_time:2089980969193987, task_sched_time:2089982180773492
app_id: 0, app_name: SAR_api-aarch64, task_id: 141, task_name: DASH_FFT, resource_name: fft1, ref_start_time: 2089982181825502, ref_stop_time: 2089982181946372, actual_exe_time: 120870, task_app_start_time:2089980969193987, task_sched_time:2089982181822262
app_id: 0, app_name: SAR_api-aarch64, task_id: 142, task_name: DASH_FFT, resource_name: fft2, ref_start_time: 2089982182514422, ref_stop_time: 2089982182832872, actual_exe_time: 318450, task_app_start_time:2089980969193987, task_sched_time:2089982182511062
app_id: 0, app_name: SAR_api-aarch64, task_id: 143, task_name: DASH_ZIP, resource_name: zip1, ref_start_time: 2089982188301423, ref_stop_time: 2089982188435433, actual_exe_time: 134010, task_app_start_time:2089980969193987, task_sched_time:2089982183508742
app_id: 0, app_name: SAR_api-aarch64, task_id: 144, task_name: DASH_FFT, resource_name: cpu1, ref_start_time: 2089982192841534, ref_stop_time: 2089982192953674, actual_exe_time: 112140, task_app_start_time:2089980969193987, task_sched_time:2089982192824854
app_id: 0, app_name: SAR_api-aarch64, task_id: 145, task_name: DASH_FFT, resource_name: cpu2, ref_start_time: 2089982196278154, ref_stop_time: 2089982196392094, actual_exe_time: 113940, task_app_start_time:2089980969193987, task_sched_time:2089982196273564
app_id: 0, app_name: SAR_api-aarch64, task_id: 146, task_name: DASH_ZIP, resource_name: cpu3, ref_start_time: 2089982197162195, ref_stop_time: 2089982197239295, actual_exe_time: 77100, task_app_start_time:2089980969193987, task_sched_time:2089982197156135
app_id: 0, app_name: SAR_api-aarch64, task_id: 147, task_name: DASH_FFT, resource_name: fft1, ref_start_time: 2089982197890385, ref_stop_time: 2089982198013865, actual_exe_time: 123480, task_app_start_time:2089980969193987, task_sched_time:2089982197852795
app_id: 0, app_name: SAR_api-aarch64, task_id: 148, task_name: DASH_FFT, resource_name: fft2, ref_start_time: 2089982200296415, ref_stop_time: 2089982200380415, actual_exe_time: 84000, task_app_start_time:2089980969193987, task_sched_time:2089982198630725
app_id: 0, app_name: SAR_api-aarch64, task_id: 149, task_name: DASH_ZIP, resource_name: zip1, ref_start_time: 2089982201272315, ref_stop_time: 2089982201394535, actual_exe_time: 122220, task_app_start_time:2089980969193987, task_sched_time:2089982201267635
app_id: 0, app_name: SAR_api-aarch64, task_id: 150, task_name: DASH_FFT, resource_name: cpu1, ref_start_time: 2089982204696156, ref_stop_time: 2089982204809346, actual_exe_time: 113190, task_app_start_time:2089980969193987, task_sched_time:2089982204643476
app_id: 0, app_name: SAR_api-aarch64, task_id: 151, task_name: DASH_FFT, resource_name: cpu2, ref_start_time: 2089982208446996, ref_stop_time: 2089982208548966, actual_exe_time: 101970, task_app_start_time:2089980969193987, task_sched_time:2089982208437096
app_id: 0, app_name: SAR_api-aarch64, task_id: 152, task_name: DASH_ZIP, resource_name: cpu3, ref_start_time: 2089982211365457, ref_stop_time: 2089982211440787, actual_exe_time: 75330, task_app_start_time:2089980969193987, task_sched_time:2089982211355587
app_id: 0, app_name: SAR_api-aarch64, task_id: 153, task_name: DASH_FFT, resource_name: fft1, ref_start_time: 2089982216725558, ref_stop_time: 2089982216860768, actual_exe_time: 135210, task_app_start_time:2089980969193987, task_sched_time:2089982216710438
app_id: 0, app_name: SAR_api-aarch64, task_id: 154, task_name: DASH_FFT, resource_name: fft2, ref_start_time: 2089982220350878, ref_stop_time: 2089982220425368, actual_exe_time: 74490, task_app_start_time:2089980969193987, task_sched_time:2089982220344338
app_id: 0, app_name: SAR_api-aarch64, task_id: 155, task_name: DASH_ZIP, resource_name: zip1, ref_start_time: 2089982224497269, ref_stop_time: 2089982224620869, actual_exe_time: 123600, task_app_start_time:2089980969193987, task_sched_time:2089982224458419
app_id: 0, app_name: SAR_api-aarch64, task_id: 156, task_name: DASH_FFT, resource_name: cpu1, ref_start_time: 2089982225363339, ref_stop_time: 2089982225473739, actual_exe_time: 110400, task_app_start_time:2089980969193987, task_sched_time:2089982225327339
app_id: 0, app_name: SAR_api-aarch64, task_id: 157, task_name: DASH_FFT, resource_name: cpu2, ref_start_time: 2089982226726719, ref_stop_time: 2089982226823289, actual_exe_time: 96570, task_app_start_time:2089980969193987, task_sched_time:2089982226723179
app_id: 0, app_name: SAR_api-aarch64, task_id: 158, task_name: DASH_ZIP, resource_name: cpu3, ref_start_time: 2089982232794100, ref_stop_time: 2089982232879480, actual_exe_time: 85380, task_app_start_time:2089980969193987, task_sched_time:2089982232783360
app_id: 0, app_name: SAR_api-aarch64, task_id: 159, task_name: DASH_FFT, resource_name: fft1, ref_start_time: 2089982236334941, ref_stop_time: 2089982236459141, actual_exe_time: 124200, task_app_start_time:2089980969193987, task_sched_time:2089982236326091
app_id: 0, app_name: SAR_api-aarch64, task_id: 160, task_name: DASH_FFT, resource_name: fft2, ref_start_time: 2089982240242142, ref_stop_time: 2089982240359652, actual_exe_time: 117510, task_app_start_time:2089980969193987, task_sched_time:2089982240235871
app_id: 0, app_name: SAR_api-aarch64, task_id: 161, task_name: DASH_ZIP, resource_name: zip1, ref_start_time: 2089982244646712, ref_stop_time: 2089982244773312, actual_exe_time: 126600, task_app_start_time:2089980969193987, task_sched_time:2089982244637682
app_id: 0, app_name: SAR_api-aarch64, task_id: 162, task_name: DASH_FFT, resource_name: cpu1, ref_start_time: 2089982252409573, ref_stop_time: 2089982252532153, actual_exe_time: 122580, task_app_start_time:2089980969193987, task_sched_time:2089982252398443
app_id: 0, app_name: SAR_api-aarch64, task_id: 163, task_name: DASH_FFT, resource_name: cpu2, ref_start_time: 2089982252990944, ref_stop_time: 2089982253503104, actual_exe_time: 512160, task_app_start_time:2089980969193987, task_sched_time:2089982252985934
app_id: 0, app_name: SAR_api-aarch64, task_id: 164, task_name: DASH_ZIP, resource_name: cpu3, ref_start_time: 2089982260398005, ref_stop_time: 2089982260490495, actual_exe_time: 92490, task_app_start_time:2089980969193987, task_sched_time:2089982260392305
app_id: 0, app_name: SAR_api-aarch64, task_id: 165, task_name: DASH_FFT, resource_name: fft1, ref_start_time: 2089982264294735, ref_stop_time: 2089982264425955, actual_exe_time: 131220, task_app_start_time:2089980969193987, task_sched_time:2089982264289275
app_id: 0, app_name: SAR_api-aarch64, task_id: 166, task_name: DASH_FFT, resource_name: fft2, ref_start_time: 2089982265087695, ref_stop_time: 2089982265156456, actual_exe_time: 68761, task_app_start_time:2089980969193987, task_sched_time:2089982265078545
app_id: 0, app_name: SAR_api-aarch64, task_id: 167, task_name: DASH_ZIP, resource_name: zip1, ref_start_time: 2089982267952786, ref_stop_time: 2089982268078876, actual_exe_time: 126090, task_app_start_time:2089980969193987, task_sched_time:2089982267943936
app_id: 0, app_name: SAR_api-aarch64, task_id: 168, task_name: DASH_FFT, resource_name: cpu1, ref_start_time: 2089982273030617, ref_stop_time: 2089982273141557, actual_exe_time: 110940, task_app_start_time:2089980969193987, task_sched_time:2089982273008087
app_id: 0, app_name: SAR_api-aarch64, task_id: 169, task_name: DASH_FFT, resource_name: cpu2, ref_start_time: 2089982276331067, ref_stop_time: 2089982276559277, actual_exe_time: 228210, task_app_start_time:2089980969193987, task_sched_time:2089982276307577
app_id: 0, app_name: SAR_api-aarch64, task_id: 170, task_name: DASH_ZIP, resource_name: cpu3, ref_start_time: 2089982280370598, ref_stop_time: 2089982280454598, actual_exe_time: 84000, task_app_start_time:2089980969193987, task_sched_time:2089982280366758
app_id: 0, app_name: SAR_api-aarch64, task_id: 171, task_name: DASH_FFT, resource_name: fft1, ref_start_time: 2089982281078808, ref_stop_time: 2089982281200308, actual_exe_time: 121500, task_app_start_time:2089980969193987, task_sched_time:2089982281075868
app_id: 0, app_name: SAR_api-aarch64, task_id: 172, task_name: DASH_FFT, resource_name: fft2, ref_start_time: 2089982282845118, ref_stop_time: 2089982282915858, actual_exe_time: 70740, task_app_start_time:2089980969193987, task_sched_time:2089982282839238
app_id: 0, app_name: SAR_api-aarch64, task_id: 173, task_name: DASH_ZIP, resource_name: zip1, ref_start_time: 2089982288800179, ref_stop_time: 2089982288931069, actual_exe_time: 130890, task_app_start_time:2089980969193987, task_sched_time:2089982288792169
app_id: 0, app_name: SAR_api-aarch64, task_id: 174, task_name: DASH_FFT, resource_name: cpu1, ref_start_time: 2089982292360640, ref_stop_time: 2089982292472480, actual_exe_time: 111840, task_app_start_time:2089980969193987, task_sched_time:2089982292354250
app_id: 0, app_name: SAR_api-aarch64, task_id: 175, task_name: DASH_FFT, resource_name: cpu2, ref_start_time: 2089982296011970, ref_stop_time: 2089982296106380, actual_exe_time: 94410, task_app_start_time:2089980969193987, task_sched_time:2089982296003690
app_id: 0, app_name: SAR_api-aarch64, task_id: 176, task_name: DASH_ZIP, resource_name: cpu3, ref_start_time: 2089982297174771, ref_stop_time: 2089982297257181, actual_exe_time: 82410, task_app_start_time:2089980969193987, task_sched_time:2089982297171111
app_id: 0, app_name: SAR_api-aarch64, task_id: 177, task_name: DASH_FFT, resource_name: fft1, ref_start_time: 2089982300455241, ref_stop_time: 2089982300576471, actual_exe_time: 121230, task_app_start_time:2089980969193987, task_sched_time:2089982300370791
app_id: 0, app_name: SAR_api-aarch64, task_id: 178, task_name: DASH_FFT, resource_name: fft2, ref_start_time: 2089982304393792, ref_stop_time: 2089982304470652, actual_exe_time: 76860, task_app_start_time:2089980969193987, task_sched_time:2089982304386112
app_id: 0, app_name: SAR_api-aarch64, task_id: 179, task_name: DASH_ZIP, resource_name: zip1, ref_start_time: 2089982308342002, ref_stop_time: 2089982308463652, actual_exe_time: 121650, task_app_start_time:2089980969193987, task_sched_time:2089982308333932
app_id: 0, app_name: SAR_api-aarch64, task_id: 180, task_name: DASH_FFT, resource_name: cpu1, ref_start_time: 2089982311055743, ref_stop_time: 2089982311163053, actual_exe_time: 107310, task_app_start_time:2089980969193987, task_sched_time:2089982311039603
app_id: 0, app_name: SAR_api-aarch64, task_id: 181, task_name: DASH_FFT, resource_name: cpu2, ref_start_time: 2089982312093593, ref_stop_time: 2089982312185453, actual_exe_time: 91860, task_app_start_time:2089980969193987, task_sched_time:2089982312086663
app_id: 0, app_name: SAR_api-aarch64, task_id: 182, task_name: DASH_ZIP, resource_name: cpu3, ref_start_time: 2089982317106714, ref_stop_time: 2089982317189724, actual_exe_time: 83010, task_app_start_time:2089980969193987, task_sched_time:2089982317099034
app_id: 0, app_name: SAR_api-aarch64, task_id: 183, task_name: DASH_FFT, resource_name: fft1, ref_start_time: 2089982320388384, ref_stop_time: 2089982320508324, actual_exe_time: 119940, task_app_start_time:2089980969193987, task_sched_time:2089982320378514
app_id: 0, app_name: SAR_api-aarch64, task_id: 184, task_name: DASH_FFT, resource_name: fft2, ref_start_time: 2089982324340195, ref_stop_time: 2089982324415705, actual_exe_time: 75510, task_app_start_time:2089980969193987, task_sched_time:2089982324336625
app_id: 0, app_name: SAR_api-aarch64, task_id: 185, task_name: DASH_ZIP, resource_name: zip1, ref_start_time: 2089982326158015, ref_stop_time: 2089982326677165, actual_exe_time: 519150, task_app_start_time:2089980969193987, task_sched_time:2089982326154415
app_id: 0, app_name: SAR_api-aarch64, task_id: 186, task_name: DASH_FFT, resource_name: cpu1, ref_start_time: 2089982330144836, ref_stop_time: 2089982330257366, actual_exe_time: 112530, task_app_start_time:2089980969193987, task_sched_time:2089982330139586
app_id: 0, app_name: SAR_api-aarch64, task_id: 187, task_name: DASH_FFT, resource_name: cpu2, ref_start_time: 2089982330692096, ref_stop_time: 2089982331019096, actual_exe_time: 327000, task_app_start_time:2089980969193987, task_sched_time:2089982330685376
app_id: 0, app_name: SAR_api-aarch64, task_id: 188, task_name: DASH_ZIP, resource_name: cpu3, ref_start_time: 2089982332299826, ref_stop_time: 2089982332378276, actual_exe_time: 78450, task_app_start_time:2089980969193987, task_sched_time:2089982331792496
app_id: 0, app_name: SAR_api-aarch64, task_id: 189, task_name: DASH_FFT, resource_name: fft1, ref_start_time: 2089982336344037, ref_stop_time: 2089982336468627, actual_exe_time: 124590, task_app_start_time:2089980969193987, task_sched_time:2089982336336957
app_id: 0, app_name: SAR_api-aarch64, task_id: 190, task_name: DASH_FFT, resource_name: fft2, ref_start_time: 2089982339405927, ref_stop_time: 2089982339478107, actual_exe_time: 72180, task_app_start_time:2089980969193987, task_sched_time:2089982339397677
app_id: 0, app_name: SAR_api-aarch64, task_id: 191, task_name: DASH_ZIP, resource_name: zip1, ref_start_time: 2089982340414708, ref_stop_time: 2089982340542298, actual_exe_time: 127590, task_app_start_time:2089980969193987, task_sched_time:2089982340407928
app_id: 0, app_name: SAR_api-aarch64, task_id: 192, task_name: DASH_FFT, resource_name: cpu1, ref_start_time: 2089982344581618, ref_stop_time: 2089982344690848, actual_exe_time: 109230, task_app_start_time:2089980969193987, task_sched_time:2089982344548708
app_id: 0, app_name: SAR_api-aarch64, task_id: 193, task_name: DASH_FFT, resource_name: cpu2, ref_start_time: 2089982345384778, ref_stop_time: 2089982345496168, actual_exe_time: 111390, task_app_start_time:2089980969193987, task_sched_time:2089982345378598
app_id: 0, app_name: SAR_api-aarch64, task_id: 194, task_name: DASH_ZIP, resource_name: cpu3, ref_start_time: 2089982348310889, ref_stop_time: 2089982348387779, actual_exe_time: 76890, task_app_start_time:2089980969193987, task_sched_time:2089982346198409
app_id: 0, app_name: SAR_api-aarch64, task_id: 195, task_name: DASH_FFT, resource_name: fft1, ref_start_time: 2089982352354320, ref_stop_time: 2089982352472460, actual_exe_time: 118140, task_app_start_time:2089980969193987, task_sched_time:2089982352344030
app_id: 0, app_name: SAR_api-aarch64, task_id: 196, task_name: DASH_FFT, resource_name: fft2, ref_start_time: 2089982353436210, ref_stop_time: 2089982353508510, actual_exe_time: 72300, task_app_start_time:2089980969193987, task_sched_time:2089982353427120
app_id: 0, app_name: SAR_api-aarch64, task_id: 197, task_name: DASH_ZIP, resource_name: zip1, ref_start_time: 2089982356641020, ref_stop_time: 2089982356765550, actual_exe_time: 124530, task_app_start_time:2089980969193987, task_sched_time:2089982356630970
app_id: 0, app_name: SAR_api-aarch64, task_id: 198, task_name: DASH_FFT, resource_name: cpu1, ref_start_time: 2089982358137750, ref_stop_time: 2089982358247970, actual_exe_time: 110220, task_app_start_time:2089980969193987, task_sched_time:2089982358101060
app_id: 0, app_name: SAR_api-aarch64, task_id: 199, task_name: DASH_FFT, resource_name: cpu2, ref_start_time: 2089982360302581, ref_stop_time: 2089982360408181, actual_exe_time: 105600, task_app_start_time:2089980969193987, task_sched_time:2089982358942591
app_id: 0, app_name: SAR_api-aarch64, task_id: 200, task_name: DASH_ZIP, resource_name: cpu3, ref_start_time: 2089982364354831, ref_stop_time: 2089982364429681, actual_exe_time: 74850, task_app_start_time:2089980969193987, task_sched_time:2089982364344961
app_id: 0, app_name: SAR_api-aarch64, task_id: 201, task_name: DASH_FFT, resource_name: fft1, ref_start_time: 2089982366751112, ref_stop_time: 2089982366868112, actual_exe_time: 117000, task_app_start_time:2089980969193987, task_sched_time:2089982366734582
app_id: 0, app_name: SAR_api-aarch64, task_id: 202, task_name: DASH_FFT, resource_name: fft2, ref_start_time: 2089982367793012, ref_stop_time: 2089982367866152, actual_exe_time: 73140, task_app_start_time:2089980969193987, task_sched_time:2089982367788902
app_id: 0, app_name: SAR_api-aarch64, task_id: 203, task_name: DASH_ZIP, resource_name: zip1, ref_start_time: 2089982372677253, ref_stop_time: 2089982372803523, actual_exe_time: 126270, task_app_start_time:2089980969193987, task_sched_time:2089982372670803
app_id: 0, app_name: SAR_api-aarch64, task_id: 204, task_name: DASH_FFT, resource_name: cpu1, ref_start_time: 2089982376425573, ref_stop_time: 2089982376546503, actual_exe_time: 120930, task_app_start_time:2089980969193987, task_sched_time:2089982376414833
app_id: 0, app_name: SAR_api-aarch64, task_id: 205, task_name: DASH_FFT, resource_name: cpu2, ref_start_time: 2089982381069754, ref_stop_time: 2089982381169024, actual_exe_time: 99270, task_app_start_time:2089980969193987, task_sched_time:2089982381060784
app_id: 0, app_name: SAR_api-aarch64, task_id: 206, task_name: DASH_ZIP, resource_name: cpu3, ref_start_time: 2089982383391575, ref_stop_time: 2089982383469785, actual_exe_time: 78210, task_app_start_time:2089980969193987, task_sched_time:2089982383387345
app_id: 0, app_name: SAR_api-aarch64, task_id: 207, task_name: DASH_FFT, resource_name: fft1, ref_start_time: 2089982388670255, ref_stop_time: 2089982388792865, actual_exe_time: 122610, task_app_start_time:2089980969193987, task_sched_time:2089982388658795
app_id: 0, app_name: SAR_api-aarch64, task_id: 208, task_name: DASH_FFT, resource_name: fft2, ref_start_time: 2089982392615466, ref_stop_time: 2089982392694006, actual_exe_time: 78540, task_app_start_time:2089980969193987, task_sched_time:2089982392604816
app_id: 0, app_name: SAR_api-aarch64, task_id: 209, task_name: DASH_ZIP, resource_name: zip1, ref_start_time: 2089982396492187, ref_stop_time: 2089982396612217, actual_exe_time: 120030, task_app_start_time:2089980969193987, task_sched_time:2089982396483307
app_id: 0, app_name: SAR_api-aarch64, task_id: 210, task_name: DASH_FFT, resource_name: cpu1, ref_start_time: 2089982397956097, ref_stop_time: 2089982398066257, actual_exe_time: 110160, task_app_start_time:2089980969193987, task_sched_time:2089982397951357
app_id: 0, app_name: SAR_api-aarch64, task_id: 211, task_name: DASH_FFT, resource_name: cpu2, ref_start_time: 2089982404787908, ref_stop_time: 2089982404898908, actual_exe_time: 111000, task_app_start_time:2089980969193987, task_sched_time:2089982404781968
app_id: 0, app_name: SAR_api-aarch64, task_id: 212, task_name: DASH_ZIP, resource_name: cpu3, ref_start_time: 2089982405769658, ref_stop_time: 2089982405844748, actual_exe_time: 75090, task_app_start_time:2089980969193987, task_sched_time:2089982405762398
app_id: 0, app_name: SAR_api-aarch64, task_id: 213, task_name: DASH_FFT, resource_name: fft1, ref_start_time: 2089982408431949, ref_stop_time: 2089982408551679, actual_exe_time: 119730, task_app_start_time:2089980969193987, task_sched_time:2089982408425679
app_id: 0, app_name: SAR_api-aarch64, task_id: 214, task_name: DASH_FFT, resource_name: fft2, ref_start_time: 2089982411353349, ref_stop_time: 2089982411426399, actual_exe_time: 73050, task_app_start_time:2089980969193987, task_sched_time:2089982411343899
app_id: 0, app_name: SAR_api-aarch64, task_id: 215, task_name: DASH_ZIP, resource_name: zip1, ref_start_time: 2089982412722789, ref_stop_time: 2089982412844949, actual_exe_time: 122160, task_app_start_time:2089980969193987, task_sched_time:2089982412719309
app_id: 0, app_name: SAR_api-aarch64, task_id: 216, task_name: DASH_FFT, resource_name: cpu1, ref_start_time: 2089982413620179, ref_stop_time: 2089982413733129, actual_exe_time: 112950, task_app_start_time:2089980969193987, task_sched_time:2089982413566869
app_id: 0, app_name: SAR_api-aarch64, task_id: 217, task_name: DASH_FFT, resource_name: cpu2, ref_start_time: 2089982415657480, ref_stop_time: 2089982415761040, actual_exe_time: 103560, task_app_start_time:2089980969193987, task_sched_time:2089982414646120
app_id: 0, app_name: SAR_api-aarch64, task_id: 218, task_name: DASH_ZIP, resource_name: cpu3, ref_start_time: 2089982420629531, ref_stop_time: 2089982420708221, actual_exe_time: 78690, task_app_start_time:2089980969193987, task_sched_time:2089982420623801
app_id: 0, app_name: SAR_api-aarch64, task_id: 219, task_name: DASH_FFT, resource_name: fft1, ref_start_time: 2089982426124601, ref_stop_time: 2089982426246551, actual_exe_time: 121950, task_app_start_time:2089980969193987, task_sched_time:2089982426115061
app_id: 0, app_name: SAR_api-aarch64, task_id: 220, task_name: DASH_FFT, resource_name: fft2, ref_start_time: 2089982426981072, ref_stop_time: 2089982427055592, actual_exe_time: 74520, task_app_start_time:2089980969193987, task_sched_time:2089982426972792
app_id: 0, app_name: SAR_api-aarch64, task_id: 221, task_name: DASH_ZIP, resource_name: zip1, ref_start_time: 2089982430993512, ref_stop_time: 2089982431125152, actual_exe_time: 131640, task_app_start_time:2089980969193987, task_sched_time:2089982430987422
app_id: 0, app_name: SAR_api-aarch64, task_id: 222, task_name: DASH_FFT, resource_name: cpu1, ref_start_time: 2089982433033093, ref_stop_time: 2089982433150093, actual_exe_time: 117000, task_app_start_time:2089980969193987, task_sched_time:2089982433020973
app_id: 0, app_name: SAR_api-aarch64, task_id: 223, task_name: DASH_FFT, resource_name: cpu2, ref_start_time: 2089982433500553, ref_stop_time: 2089982433596373, actual_exe_time: 95820, task_app_start_time:2089980969193987, task_sched_time:2089982433494223
app_id: 0, app_name: SAR_api-aarch64, task_id: 224, task_name: DASH_ZIP, resource_name: cpu3, ref_start_time: 2089982434153833, ref_stop_time: 2089982434229223, actual_exe_time: 75390, task_app_start_time:2089980969193987, task_sched_time:2089982434149843
app_id: 0, app_name: SAR_api-aarch64, task_id: 225, task_name: DASH_FFT, resource_name: fft1, ref_start_time: 2089982436310023, ref_stop_time: 2089982436433113, actual_exe_time: 123090, task_app_start_time:2089980969193987, task_sched_time:2089982434684983
app_id: 0, app_name: SAR_api-aarch64, task_id: 226, task_name: DASH_FFT, resource_name: fft2, ref_start_time: 2089982436989133, ref_stop_time: 2089982437059483, actual_exe_time: 70350, task_app_start_time:2089980969193987, task_sched_time:2089982436981003
app_id: 0, app_name: SAR_api-aarch64, task_id: 227, task_name: DASH_ZIP, resource_name: zip1, ref_start_time: 2089982437779723, ref_stop_time: 2089982437899783, actual_exe_time: 120060, task_app_start_time:2089980969193987, task_sched_time:2089982437770903
app_id: 0, app_name: SAR_api-aarch64, task_id: 228, task_name: DASH_FFT, resource_name: cpu1, ref_start_time: 2089982440285384, ref_stop_time: 2089982440393594, actual_exe_time: 108210, task_app_start_time:2089980969193987, task_sched_time:2089982438747043
app_id: 0, app_name: SAR_api-aarch64, task_id: 229, task_name: DASH_FFT, resource_name: cpu2, ref_start_time: 2089982440860634, ref_stop_time: 2089982440957024, actual_exe_time: 96390, task_app_start_time:2089980969193987, task_sched_time:2089982440855804
app_id: 0, app_name: SAR_api-aarch64, task_id: 230, task_name: DASH_ZIP, resource_name: cpu3, ref_start_time: 2089982441568154, ref_stop_time: 2089982441642014, actual_exe_time: 73860, task_app_start_time:2089980969193987, task_sched_time:2089982441564494
app_id: 0, app_name: SAR_api-aarch64, task_id: 231, task_name: DASH_FFT, resource_name: fft1, ref_start_time: 2089982442304954, ref_stop_time: 2089982442416194, actual_exe_time: 111240, task_app_start_time:2089980969193987, task_sched_time:2089982442301534
app_id: 0, app_name: SAR_api-aarch64, task_id: 232, task_name: DASH_FFT, resource_name: fft2, ref_start_time: 2089982443421554, ref_stop_time: 2089982443513984, actual_exe_time: 92430, task_app_start_time:2089980969193987, task_sched_time:2089982443413124
app_id: 0, app_name: SAR_api-aarch64, task_id: 233, task_name: DASH_ZIP, resource_name: zip1, ref_start_time: 2089982444113654, ref_stop_time: 2089982444234014, actual_exe_time: 120360, task_app_start_time:2089980969193987, task_sched_time:2089982444109754
app_id: 0, app_name: SAR_api-aarch64, task_id: 234, task_name: DASH_FFT, resource_name: cpu1, ref_start_time: 2089982448825185, ref_stop_time: 2089982448938195, actual_exe_time: 113010, task_app_start_time:2089980969193987, task_sched_time:2089982448810215
app_id: 0, app_name: SAR_api-aarch64, task_id: 235, task_name: DASH_FFT, resource_name: cpu2, ref_start_time: 2089982449636025, ref_stop_time: 2089982449740245, actual_exe_time: 104220, task_app_start_time:2089980969193987, task_sched_time:2089982449631645
app_id: 0, app_name: SAR_api-aarch64, task_id: 236, task_name: DASH_ZIP, resource_name: cpu3, ref_start_time: 2089982452304766, ref_stop_time: 2089982452383126, actual_exe_time: 78360, task_app_start_time:2089980969193987, task_sched_time:2089982450444675
app_id: 0, app_name: SAR_api-aarch64, task_id: 237, task_name: DASH_FFT, resource_name: fft1, ref_start_time: 2089982452938306, ref_stop_time: 2089982453051406, actual_exe_time: 113100, task_app_start_time:2089980969193987, task_sched_time:2089982452925676
app_id: 0, app_name: SAR_api-aarch64, task_id: 238, task_name: DASH_FFT, resource_name: fft2, ref_start_time: 2089982453638716, ref_stop_time: 2089982453709816, actual_exe_time: 71100, task_app_start_time:2089980969193987, task_sched_time:2089982453633796
app_id: 0, app_name: SAR_api-aarch64, task_id: 239, task_name: DASH_ZIP, resource_name: zip1, ref_start_time: 2089982454167826, ref_stop_time: 2089982454286146, actual_exe_time: 118320, task_app_start_time:2089980969193987, task_sched_time:2089982454162576
app_id: 0, app_name: SAR_api-aarch64, task_id: 240, task_name: DASH_FFT, resource_name: cpu1, ref_start_time: 2089982454719556, ref_stop_time: 2089982454812766, actual_exe_time: 93210, task_app_start_time:2089980969193987, task_sched_time:2089982454715746
app_id: 0, app_name: SAR_api-aarch64, task_id: 241, task_name: DASH_FFT, resource_name: cpu2, ref_start_time: 2089982455198206, ref_stop_time: 2089982455290636, actual_exe_time: 92430, task_app_start_time:2089980969193987, task_sched_time:2089982455191966
app_id: 0, app_name: SAR_api-aarch64, task_id: 242, task_name: DASH_ZIP, resource_name: cpu3, ref_start_time: 2089982458031047, ref_stop_time: 2089982458111357, actual_exe_time: 80310, task_app_start_time:2089980969193987, task_sched_time:2089982455756716
app_id: 0, app_name: SAR_api-aarch64, task_id: 243, task_name: DASH_FFT, resource_name: fft1, ref_start_time: 2089982458910527, ref_stop_time: 2089982459022487, actual_exe_time: 111960, task_app_start_time:2089980969193987, task_sched_time:2089982458905877
app_id: 0, app_name: SAR_api-aarch64, task_id: 244, task_name: DASH_FFT, resource_name: fft2, ref_start_time: 2089982459732137, ref_stop_time: 2089982459803597, actual_exe_time: 71460, task_app_start_time:2089980969193987, task_sched_time:2089982459722987
app_id: 0, app_name: SAR_api-aarch64, task_id: 245, task_name: DASH_ZIP, resource_name: zip1, ref_start_time: 2089982460619507, ref_stop_time: 2089982460738697, actual_exe_time: 119190, task_app_start_time:2089980969193987, task_sched_time:2089982460613327
app_id: 0, app_name: SAR_api-aarch64, task_id: 246, task_name: DASH_FFT, resource_name: cpu1, ref_start_time: 2089982465322398, ref_stop_time: 2089982465432588, actual_exe_time: 110190, task_app_start_time:2089980969193987, task_sched_time:2089982465310338
app_id: 0, app_name: SAR_api-aarch64, task_id: 247, task_name: DASH_FFT, resource_name: cpu2, ref_start_time: 2089982468504288, ref_stop_time: 2089982468610548, actual_exe_time: 106260, task_app_start_time:2089980969193987, task_sched_time:2089982468493488
app_id: 0, app_name: SAR_api-aarch64, task_id: 248, task_name: DASH_ZIP, resource_name: cpu3, ref_start_time: 2089982469418148, ref_stop_time: 2089982469494108, actual_exe_time: 75960, task_app_start_time:2089980969193987, task_sched_time:2089982469412178
app_id: 0, app_name: SAR_api-aarch64, task_id: 249, task_name: DASH_FFT, resource_name: fft1, ref_start_time: 2089982470005038, ref_stop_time: 2089982470115408, actual_exe_time: 110370, task_app_start_time:2089980969193987, task_sched_time:2089982470001648
app_id: 0, app_name: SAR_api-aarch64, task_id: 250, task_name: DASH_FFT, resource_name: fft2, ref_start_time: 2089982470577619, ref_stop_time: 2089982470648719, actual_exe_time: 71100, task_app_start_time:2089980969193987, task_sched_time:2089982470569939
app_id: 0, app_name: SAR_api-aarch64, task_id: 251, task_name: DASH_ZIP, resource_name: zip1, ref_start_time: 2089982476382410, ref_stop_time: 2089982476504720, actual_exe_time: 122310, task_app_start_time:2089980969193987, task_sched_time:2089982476374790
app_id: 0, app_name: SAR_api-aarch64, task_id: 252, task_name: DASH_FFT, resource_name: cpu1, ref_start_time: 2089982476987570, ref_stop_time: 2089982477091010, actual_exe_time: 103440, task_app_start_time:2089980969193987, task_sched_time:2089982476981210
app_id: 0, app_name: SAR_api-aarch64, task_id: 253, task_name: DASH_FFT, resource_name: cpu2, ref_start_time: 2089982477797390, ref_stop_time: 2089982477902180, actual_exe_time: 104790, task_app_start_time:2089980969193987, task_sched_time:2089982477786500
app_id: 0, app_name: SAR_api-aarch64, task_id: 254, task_name: DASH_ZIP, resource_name: cpu3, ref_start_time: 2089982484327041, ref_stop_time: 2089982484410591, actual_exe_time: 83550, task_app_start_time:2089980969193987, task_sched_time:2089982481828790
app_id: 0, app_name: SAR_api-aarch64, task_id: 255, task_name: DASH_FFT, resource_name: fft1, ref_start_time: 2089982485087181, ref_stop_time: 2089982485203161, actual_exe_time: 115980, task_app_start_time:2089980969193987, task_sched_time:2089982485075541
app_id: 0, app_name: SAR_api-aarch64, task_id: 256, task_name: DASH_FFT, resource_name: fft2, ref_start_time: 2089982485942121, ref_stop_time: 2089982486017511, actual_exe_time: 75390, task_app_start_time:2089980969193987, task_sched_time:2089982485938401
app_id: 0, app_name: SAR_api-aarch64, task_id: 257, task_name: DASH_ZIP, resource_name: zip1, ref_start_time: 2089982488295201, ref_stop_time: 2089982488416851, actual_exe_time: 121650, task_app_start_time:2089980969193987, task_sched_time:2089982486780561
app_id: 0, app_name: SAR_api-aarch64, task_id: 258, task_name: DASH_FFT, resource_name: cpu1, ref_start_time: 2089982489219442, ref_stop_time: 2089982489319552, actual_exe_time: 100110, task_app_start_time:2089980969193987, task_sched_time:2089982489214102
app_id: 0, app_name: SAR_api-aarch64, task_id: 259, task_name: DASH_FFT, resource_name: cpu2, ref_start_time: 2089982490005862, ref_stop_time: 2089982490102132, actual_exe_time: 96270, task_app_start_time:2089980969193987, task_sched_time:2089982489996502
app_id: 0, app_name: SAR_api-aarch64, task_id: 260, task_name: DASH_ZIP, resource_name: cpu3, ref_start_time: 2089982492282262, ref_stop_time: 2089982492359152, actual_exe_time: 76890, task_app_start_time:2089980969193987, task_sched_time:2089982490659532
app_id: 0, app_name: SAR_api-aarch64, task_id: 261, task_name: DASH_FFT, resource_name: fft1, ref_start_time: 2089982492994222, ref_stop_time: 2089982493107232, actual_exe_time: 113010, task_app_start_time:2089980969193987, task_sched_time:2089982492985192
app_id: 0, app_name: SAR_api-aarch64, task_id: 262, task_name: DASH_FFT, resource_name: fft2, ref_start_time: 2089982493484392, ref_stop_time: 2089982493557412, actual_exe_time: 73020, task_app_start_time:2089980969193987, task_sched_time:2089982493480792
app_id: 0, app_name: SAR_api-aarch64, task_id: 263, task_name: DASH_ZIP, resource_name: zip1, ref_start_time: 2089982494658832, ref_stop_time: 2089982494784112, actual_exe_time: 125280, task_app_start_time:2089980969193987, task_sched_time:2089982494161882
app_id: 0, app_name: SAR_api-aarch64, task_id: 264, task_name: DASH_FFT, resource_name: cpu1, ref_start_time: 2089982495412373, ref_stop_time: 2089982495508253, actual_exe_time: 95880, task_app_start_time:2089980969193987, task_sched_time:2089982495402653
app_id: 0, app_name: SAR_api-aarch64, task_id: 265, task_name: DASH_FFT, resource_name: cpu2, ref_start_time: 2089982496228013, ref_stop_time: 2089982496352453, actual_exe_time: 124440, task_app_start_time:2089980969193987, task_sched_time:2089982496223183
app_id: 0, app_name: SAR_api-aarch64, task_id: 266, task_name: DASH_ZIP, resource_name: cpu3, ref_start_time: 2089982500322683, ref_stop_time: 2089982500407073, actual_exe_time: 84390, task_app_start_time:2089980969193987, task_sched_time:2089982496968053
app_id: 0, app_name: SAR_api-aarch64, task_id: 267, task_name: DASH_FFT, resource_name: fft1, ref_start_time: 2089982501073523, ref_stop_time: 2089982501185453, actual_exe_time: 111930, task_app_start_time:2089980969193987, task_sched_time:2089982501062513
app_id: 0, app_name: SAR_api-aarch64, task_id: 268, task_name: DASH_FFT, resource_name: fft2, ref_start_time: 2089982501705234, ref_stop_time: 2089982501783324, actual_exe_time: 78090, task_app_start_time:2089980969193987, task_sched_time:2089982501696174
app_id: 0, app_name: SAR_api-aarch64, task_id: 269, task_name: DASH_ZIP, resource_name: zip1, ref_start_time: 2089982504305334, ref_stop_time: 2089982504426714, actual_exe_time: 121380, task_app_start_time:2089980969193987, task_sched_time:2089982502221774
app_id: 0, app_name: SAR_api-aarch64, task_id: 270, task_name: DASH_FFT, resource_name: cpu1, ref_start_time: 2089982504947784, ref_stop_time: 2089982505046874, actual_exe_time: 99090, task_app_start_time:2089980969193987, task_sched_time:2089982504936774
app_id: 0, app_name: SAR_api-aarch64, task_id: 271, task_name: DASH_FFT, resource_name: cpu2, ref_start_time: 2089982505442124, ref_stop_time: 2089982505537104, actual_exe_time: 94980, task_app_start_time:2089980969193987, task_sched_time:2089982505435314
app_id: 0, app_name: SAR_api-aarch64, task_id: 272, task_name: DASH_ZIP, resource_name: cpu3, ref_start_time: 2089982508314955, ref_stop_time: 2089982508392565, actual_exe_time: 77610, task_app_start_time:2089980969193987, task_sched_time:2089982505677384
app_id: 0, app_name: SAR_api-aarch64, task_id: 273, task_name: DASH_FFT, resource_name: fft1, ref_start_time: 2089982509103145, ref_stop_time: 2089982509224945, actual_exe_time: 121800, task_app_start_time:2089980969193987, task_sched_time:2089982509090965
app_id: 0, app_name: SAR_api-aarch64, task_id: 274, task_name: DASH_FFT, resource_name: fft2, ref_start_time: 2089982509606845, ref_stop_time: 2089982509677405, actual_exe_time: 70560, task_app_start_time:2089980969193987, task_sched_time:2089982509601145
app_id: 0, app_name: SAR_api-aarch64, task_id: 275, task_name: DASH_ZIP, resource_name: zip1, ref_start_time: 2089982511149865, ref_stop_time: 2089982511273555, actual_exe_time: 123690, task_app_start_time:2089980969193987, task_sched_time:2089982510124915
app_id: 0, app_name: SAR_api-aarch64, task_id: 276, task_name: DASH_FFT, resource_name: cpu1, ref_start_time: 2089982511764205, ref_stop_time: 2089982511861285, actual_exe_time: 97080, task_app_start_time:2089980969193987, task_sched_time:2089982511761445
app_id: 0, app_name: SAR_api-aarch64, task_id: 277, task_name: DASH_FFT, resource_name: cpu2, ref_start_time: 2089982512238475, ref_stop_time: 2089982512355715, actual_exe_time: 117240, task_app_start_time:2089980969193987, task_sched_time:2089982512235205
app_id: 0, app_name: SAR_api-aarch64, task_id: 278, task_name: DASH_ZIP, resource_name: cpu3, ref_start_time: 2089982513056485, ref_stop_time: 2089982513130735, actual_exe_time: 74250, task_app_start_time:2089980969193987, task_sched_time:2089982513052405
app_id: 0, app_name: SAR_api-aarch64, task_id: 279, task_name: DASH_FFT, resource_name: fft1, ref_start_time: 2089982513603325, ref_stop_time: 2089982513711746, actual_exe_time: 108421, task_app_start_time:2089980969193987, task_sched_time:2089982513593545
app_id: 0, app_name: SAR_api-aarch64, task_id: 280, task_name: DASH_FFT, resource_name: fft2, ref_start_time: 2089982514228466, ref_stop_time: 2089982514300346, actual_exe_time: 71880, task_app_start_time:2089980969193987, task_sched_time:2089982514225676
app_id: 0, app_name: SAR_api-aarch64, task_id: 281, task_name: DASH_ZIP, resource_name: zip1, ref_start_time: 2089982514930226, ref_stop_time: 2089982515048456, actual_exe_time: 118230, task_app_start_time:2089980969193987, task_sched_time:2089982514923896
app_id: 0, app_name: SAR_api-aarch64, task_id: 282, task_name: DASH_FFT, resource_name: cpu1, ref_start_time: 2089982519003446, ref_stop_time: 2089982519110276, actual_exe_time: 106830, task_app_start_time:2089980969193987, task_sched_time:2089982518990666
app_id: 0, app_name: SAR_api-aarch64, task_id: 283, task_name: DASH_FFT, resource_name: cpu2, ref_start_time: 2089982525252327, ref_stop_time: 2089982525363387, actual_exe_time: 111060, task_app_start_time:2089980969193987, task_sched_time:2089982525247287
app_id: 0, app_name: SAR_api-aarch64, task_id: 284, task_name: DASH_ZIP, resource_name: cpu3, ref_start_time: 2089982525982287, ref_stop_time: 2089982526059117, actual_exe_time: 76830, task_app_start_time:2089980969193987, task_sched_time:2089982525973887
app_id: 0, app_name: SAR_api-aarch64, task_id: 285, task_name: DASH_FFT, resource_name: fft1, ref_start_time: 2089982526473568, ref_stop_time: 2089982526585678, actual_exe_time: 112110, task_app_start_time:2089980969193987, task_sched_time:2089982526464088
app_id: 0, app_name: SAR_api-aarch64, task_id: 286, task_name: DASH_FFT, resource_name: fft2, ref_start_time: 2089982527134708, ref_stop_time: 2089982527204518, actual_exe_time: 69810, task_app_start_time:2089980969193987, task_sched_time:2089982527129878
app_id: 0, app_name: SAR_api-aarch64, task_id: 287, task_name: DASH_ZIP, resource_name: zip1, ref_start_time: 2089982527773648, ref_stop_time: 2089982527891818, actual_exe_time: 118170, task_app_start_time:2089980969193987, task_sched_time:2089982527769568
app_id: 0, app_name: SAR_api-aarch64, task_id: 288, task_name: DASH_FFT, resource_name: cpu1, ref_start_time: 2089982528531598, ref_stop_time: 2089982528624178, actual_exe_time: 92580, task_app_start_time:2089980969193987, task_sched_time:2089982528523588
app_id: 0, app_name: SAR_api-aarch64, task_id: 289, task_name: DASH_FFT, resource_name: cpu2, ref_start_time: 2089982531886378, ref_stop_time: 2089982531990118, actual_exe_time: 103740, task_app_start_time:2089980969193987, task_sched_time:2089982529276948
app_id: 0, app_name: SAR_api-aarch64, task_id: 290, task_name: DASH_ZIP, resource_name: cpu3, ref_start_time: 2089982541039440, ref_stop_time: 2089982541121610, actual_exe_time: 82170, task_app_start_time:2089980969193987, task_sched_time:2089982541029270
app_id: 0, app_name: SAR_api-aarch64, task_id: 291, task_name: DASH_FFT, resource_name: fft1, ref_start_time: 2089982541949430, ref_stop_time: 2089982542063520, actual_exe_time: 114090, task_app_start_time:2089980969193987, task_sched_time:2089982541940340
app_id: 0, app_name: SAR_api-aarch64, task_id: 292, task_name: DASH_FFT, resource_name: fft2, ref_start_time: 2089982545921851, ref_stop_time: 2089982546004651, actual_exe_time: 82800, task_app_start_time:2089980969193987, task_sched_time:2089982545916721
app_id: 0, app_name: SAR_api-aarch64, task_id: 293, task_name: DASH_ZIP, resource_name: zip1, ref_start_time: 2089982546766921, ref_stop_time: 2089982546889111, actual_exe_time: 122190, task_app_start_time:2089980969193987, task_sched_time:2089982546757711
app_id: 0, app_name: SAR_api-aarch64, task_id: 294, task_name: DASH_FFT, resource_name: cpu1, ref_start_time: 2089982547831171, ref_stop_time: 2089982547929511, actual_exe_time: 98340, task_app_start_time:2089980969193987, task_sched_time:2089982547825801
app_id: 0, app_name: SAR_api-aarch64, task_id: 295, task_name: DASH_FFT, resource_name: cpu2, ref_start_time: 2089982549086071, ref_stop_time: 2089982549184861, actual_exe_time: 98790, task_app_start_time:2089980969193987, task_sched_time:2089982549082291
app_id: 0, app_name: SAR_api-aarch64, task_id: 296, task_name: DASH_ZIP, resource_name: cpu3, ref_start_time: 2089982549964501, ref_stop_time: 2089982550039861, actual_exe_time: 75360, task_app_start_time:2089980969193987, task_sched_time:2089982549955891
app_id: 0, app_name: SAR_api-aarch64, task_id: 297, task_name: DASH_FFT, resource_name: fft1, ref_start_time: 2089982550847791, ref_stop_time: 2089982550962452, actual_exe_time: 114661, task_app_start_time:2089980969193987, task_sched_time:2089982550834291
app_id: 0, app_name: SAR_api-aarch64, task_id: 298, task_name: DASH_FFT, resource_name: fft2, ref_start_time: 2089982551502812, ref_stop_time: 2089982551577452, actual_exe_time: 74640, task_app_start_time:2089980969193987, task_sched_time:2089982551495162
app_id: 0, app_name: SAR_api-aarch64, task_id: 299, task_name: DASH_ZIP, resource_name: zip1, ref_start_time: 2089982552345572, ref_stop_time: 2089982552466892, actual_exe_time: 121320, task_app_start_time:2089980969193987, task_sched_time:2089982552338702
app_id: 0, app_name: SAR_api-aarch64, task_id: 300, task_name: DASH_FFT, resource_name: cpu1, ref_start_time: 2089982553288322, ref_stop_time: 2089982553386452, actual_exe_time: 98130, task_app_start_time:2089980969193987, task_sched_time:2089982553276922
app_id: 0, app_name: SAR_api-aarch64, task_id: 301, task_name: DASH_FFT, resource_name: cpu2, ref_start_time: 2089982553911182, ref_stop_time: 2089982554007842, actual_exe_time: 96660, task_app_start_time:2089980969193987, task_sched_time:2089982553907222
app_id: 0, app_name: SAR_api-aarch64, task_id: 302, task_name: DASH_ZIP, resource_name: cpu3, ref_start_time: 2089982556304222, ref_stop_time: 2089982556385942, actual_exe_time: 81720, task_app_start_time:2089980969193987, task_sched_time:2089982554597552
app_id: 0, app_name: SAR_api-aarch64, task_id: 303, task_name: DASH_FFT, resource_name: fft1, ref_start_time: 2089982557095262, ref_stop_time: 2089982557204643, actual_exe_time: 109381, task_app_start_time:2089980969193987, task_sched_time:2089982557081132
app_id: 0, app_name: SAR_api-aarch64, task_id: 304, task_name: DASH_FFT, resource_name: fft2, ref_start_time: 2089982557854533, ref_stop_time: 2089982557927103, actual_exe_time: 72570, task_app_start_time:2089980969193987, task_sched_time:2089982557846703
app_id: 0, app_name: SAR_api-aarch64, task_id: 305, task_name: DASH_ZIP, resource_name: zip1, ref_start_time: 2089982560312733, ref_stop_time: 2089982560434683, actual_exe_time: 121950, task_app_start_time:2089980969193987, task_sched_time:2089982558664713
app_id: 0, app_name: SAR_api-aarch64, task_id: 306, task_name: DASH_FFT, resource_name: cpu1, ref_start_time: 2089982561099423, ref_stop_time: 2089982561196653, actual_exe_time: 97230, task_app_start_time:2089980969193987, task_sched_time:2089982561086523
app_id: 0, app_name: SAR_api-aarch64, task_id: 307, task_name: DASH_FFT, resource_name: cpu2, ref_start_time: 2089982561342243, ref_stop_time: 2089982561437793, actual_exe_time: 95550, task_app_start_time:2089980969193987, task_sched_time:2089982561336603
app_id: 0, app_name: SAR_api-aarch64, task_id: 308, task_name: DASH_ZIP, resource_name: cpu3, ref_start_time: 2089982564280804, ref_stop_time: 2089982564358864, actual_exe_time: 78060, task_app_start_time:2089980969193987, task_sched_time:2089982562309023
app_id: 0, app_name: SAR_api-aarch64, task_id: 309, task_name: DASH_FFT, resource_name: fft1, ref_start_time: 2089982564928144, ref_stop_time: 2089982565040134, actual_exe_time: 111990, task_app_start_time:2089980969193987, task_sched_time:2089982564921664
app_id: 0, app_name: SAR_api-aarch64, task_id: 310, task_name: DASH_FFT, resource_name: fft2, ref_start_time: 2089982565526584, ref_stop_time: 2089982565599574, actual_exe_time: 72990, task_app_start_time:2089980969193987, task_sched_time:2089982565519144
app_id: 0, app_name: SAR_api-aarch64, task_id: 311, task_name: DASH_ZIP, resource_name: zip1, ref_start_time: 2089982568030474, ref_stop_time: 2089982568150714, actual_exe_time: 120240, task_app_start_time:2089980969193987, task_sched_time:2089982566217514
app_id: 0, app_name: SAR_api-aarch64, task_id: 312, task_name: DASH_FFT, resource_name: cpu1, ref_start_time: 2089982569461234, ref_stop_time: 2089982569571844, actual_exe_time: 110610, task_app_start_time:2089980969193987, task_sched_time:2089982569406094
app_id: 0, app_name: SAR_api-aarch64, task_id: 313, task_name: DASH_FFT, resource_name: cpu2, ref_start_time: 2089982573451175, ref_stop_time: 2089982573553565, actual_exe_time: 102390, task_app_start_time:2089980969193987, task_sched_time:2089982573446225
app_id: 0, app_name: SAR_api-aarch64, task_id: 314, task_name: DASH_ZIP, resource_name: cpu3, ref_start_time: 2089982574918175, ref_stop_time: 2089982574996175, actual_exe_time: 78000, task_app_start_time:2089980969193987, task_sched_time:2089982574910915
app_id: 0, app_name: SAR_api-aarch64, task_id: 315, task_name: DASH_FFT, resource_name: fft1, ref_start_time: 2089982580317786, ref_stop_time: 2089982580442916, actual_exe_time: 125130, task_app_start_time:2089980969193987, task_sched_time:2089982575680595
app_id: 0, app_name: SAR_api-aarch64, task_id: 316, task_name: DASH_FFT, resource_name: fft2, ref_start_time: 2089982581216166, ref_stop_time: 2089982581289576, actual_exe_time: 73410, task_app_start_time:2089980969193987, task_sched_time:2089982581212896
app_id: 0, app_name: SAR_api-aarch64, task_id: 317, task_name: DASH_ZIP, resource_name: zip1, ref_start_time: 2089982581946126, ref_stop_time: 2089982582067117, actual_exe_time: 120991, task_app_start_time:2089980969193987, task_sched_time:2089982581941386
app_id: 0, app_name: SAR_api-aarch64, task_id: 318, task_name: DASH_FFT, resource_name: cpu1, ref_start_time: 2089982582944557, ref_stop_time: 2089982583042147, actual_exe_time: 97590, task_app_start_time:2089980969193987, task_sched_time:2089982582933427
app_id: 0, app_name: SAR_api-aarch64, task_id: 319, task_name: DASH_FFT, resource_name: cpu2, ref_start_time: 2089982583538677, ref_stop_time: 2089982583630357, actual_exe_time: 91680, task_app_start_time:2089980969193987, task_sched_time:2089982583529167
app_id: 0, app_name: SAR_api-aarch64, task_id: 320, task_name: DASH_ZIP, resource_name: cpu3, ref_start_time: 2089982583956517, ref_stop_time: 2089982584030167, actual_exe_time: 73650, task_app_start_time:2089980969193987, task_sched_time:2089982583952497
app_id: 0, app_name: SAR_api-aarch64, task_id: 321, task_name: DASH_FFT, resource_name: fft1, ref_start_time: 2089982584791567, ref_stop_time: 2089982584897767, actual_exe_time: 106200, task_app_start_time:2089980969193987, task_sched_time:2089982584788627
app_id: 0, app_name: SAR_api-aarch64, task_id: 322, task_name: DASH_FFT, resource_name: fft2, ref_start_time: 2089982585292957, ref_stop_time: 2089982585362407, actual_exe_time: 69450, task_app_start_time:2089980969193987, task_sched_time:2089982585288157
app_id: 0, app_name: SAR_api-aarch64, task_id: 323, task_name: DASH_ZIP, resource_name: zip1, ref_start_time: 2089982586012417, ref_stop_time: 2089982586129987, actual_exe_time: 117570, task_app_start_time:2089980969193987, task_sched_time:2089982586009237
app_id: 0, app_name: SAR_api-aarch64, task_id: 324, task_name: DASH_FFT, resource_name: cpu1, ref_start_time: 2089982588566948, ref_stop_time: 2089982588669158, actual_exe_time: 102210, task_app_start_time:2089980969193987, task_sched_time:2089982586877647
app_id: 0, app_name: SAR_api-aarch64, task_id: 325, task_name: DASH_FFT, resource_name: cpu2, ref_start_time: 2089982589920278, ref_stop_time: 2089982590020388, actual_exe_time: 100110, task_app_start_time:2089980969193987, task_sched_time:2089982589916618
app_id: 0, app_name: SAR_api-aarch64, task_id: 326, task_name: DASH_ZIP, resource_name: cpu3, ref_start_time: 2089982590721518, ref_stop_time: 2089982590794898, actual_exe_time: 73380, task_app_start_time:2089980969193987, task_sched_time:2089982590715908
app_id: 0, app_name: SAR_api-aarch64, task_id: 327, task_name: DASH_FFT, resource_name: fft1, ref_start_time: 2089982591507758, ref_stop_time: 2089982591616628, actual_exe_time: 108870, task_app_start_time:2089980969193987, task_sched_time:2089982591504758
app_id: 0, app_name: SAR_api-aarch64, task_id: 328, task_name: DASH_FFT, resource_name: fft2, ref_start_time: 2089982595156389, ref_stop_time: 2089982595240209, actual_exe_time: 83820, task_app_start_time:2089980969193987, task_sched_time:2089982592426598
app_id: 0, app_name: SAR_api-aarch64, task_id: 329, task_name: DASH_ZIP, resource_name: zip1, ref_start_time: 2089982600903520, ref_stop_time: 2089982601026250, actual_exe_time: 122730, task_app_start_time:2089980969193987, task_sched_time:2089982600897040
app_id: 0, app_name: SAR_api-aarch64, task_id: 330, task_name: DASH_FFT, resource_name: cpu1, ref_start_time: 2089982601918300, ref_stop_time: 2089982602022670, actual_exe_time: 104370, task_app_start_time:2089980969193987, task_sched_time:2089982601909690
app_id: 0, app_name: SAR_api-aarch64, task_id: 331, task_name: DASH_FFT, resource_name: cpu2, ref_start_time: 2089982605311900, ref_stop_time: 2089982605415400, actual_exe_time: 103500, task_app_start_time:2089980969193987, task_sched_time:2089982605303560
app_id: 0, app_name: SAR_api-aarch64, task_id: 332, task_name: DASH_ZIP, resource_name: cpu3, ref_start_time: 2089982606168460, ref_stop_time: 2089982606243790, actual_exe_time: 75330, task_app_start_time:2089980969193987, task_sched_time:2089982606159580
app_id: 0, app_name: SAR_api-aarch64, task_id: 333, task_name: DASH_FFT, resource_name: fft1, ref_start_time: 2089982607554101, ref_stop_time: 2089982607668311, actual_exe_time: 114210, task_app_start_time:2089980969193987, task_sched_time:2089982607540961
app_id: 0, app_name: SAR_api-aarch64, task_id: 334, task_name: DASH_FFT, resource_name: fft2, ref_start_time: 2089982608283371, ref_stop_time: 2089982608356991, actual_exe_time: 73620, task_app_start_time:2089980969193987, task_sched_time:2089982608276201
app_id: 0, app_name: SAR_api-aarch64, task_id: 335, task_name: DASH_ZIP, resource_name: zip1, ref_start_time: 2089982612455351, ref_stop_time: 2089982612584411, actual_exe_time: 129060, task_app_start_time:2089980969193987, task_sched_time:2089982612449051
app_id: 0, app_name: SAR_api-aarch64, task_id: 336, task_name: DASH_FFT, resource_name: cpu1, ref_start_time: 2089982613098942, ref_stop_time: 2089982613204572, actual_exe_time: 105630, task_app_start_time:2089980969193987, task_sched_time:2089982613086102
app_id: 0, app_name: SAR_api-aarch64, task_id: 337, task_name: DASH_FFT, resource_name: cpu2, ref_start_time: 2089982613768182, ref_stop_time: 2089982613864122, actual_exe_time: 95940, task_app_start_time:2089980969193987, task_sched_time:2089982613758792
app_id: 0, app_name: SAR_api-aarch64, task_id: 338, task_name: DASH_ZIP, resource_name: cpu3, ref_start_time: 2089982621042163, ref_stop_time: 2089982621120253, actual_exe_time: 78090, task_app_start_time:2089980969193987, task_sched_time:2089982621034393
app_id: 0, app_name: SAR_api-aarch64, task_id: 339, task_name: DASH_FFT, resource_name: fft1, ref_start_time: 2089982621753523, ref_stop_time: 2089982621870943, actual_exe_time: 117420, task_app_start_time:2089980969193987, task_sched_time:2089982621741823
app_id: 0, app_name: SAR_api-aarch64, task_id: 340, task_name: DASH_FFT, resource_name: fft2, ref_start_time: 2089982622328983, ref_stop_time: 2089982622404823, actual_exe_time: 75840, task_app_start_time:2089980969193987, task_sched_time:2089982622322623
app_id: 0, app_name: SAR_api-aarch64, task_id: 341, task_name: DASH_ZIP, resource_name: zip1, ref_start_time: 2089982622782703, ref_stop_time: 2089982622900003, actual_exe_time: 117300, task_app_start_time:2089980969193987, task_sched_time:2089982622779223
app_id: 0, app_name: SAR_api-aarch64, task_id: 342, task_name: DASH_FFT, resource_name: cpu1, ref_start_time: 2089982623806483, ref_stop_time: 2089982623905213, actual_exe_time: 98730, task_app_start_time:2089980969193987, task_sched_time:2089982623793613
app_id: 0, app_name: SAR_api-aarch64, task_id: 343, task_name: DASH_FFT, resource_name: cpu2, ref_start_time: 2089982626173244, ref_stop_time: 2089982626276114, actual_exe_time: 102870, task_app_start_time:2089980969193987, task_sched_time:2089982624785743
app_id: 0, app_name: SAR_api-aarch64, task_id: 344, task_name: DASH_ZIP, resource_name: cpu3, ref_start_time: 2089982630347084, ref_stop_time: 2089982630429734, actual_exe_time: 82650, task_app_start_time:2089980969193987, task_sched_time:2089982627590264
app_id: 0, app_name: SAR_api-aarch64, task_id: 345, task_name: DASH_FFT, resource_name: fft1, ref_start_time: 2089982636959295, ref_stop_time: 2089982637083585, actual_exe_time: 124290, task_app_start_time:2089980969193987, task_sched_time:2089982636949125
app_id: 0, app_name: SAR_api-aarch64, task_id: 346, task_name: DASH_FFT, resource_name: fft2, ref_start_time: 2089982637565565, ref_stop_time: 2089982637639515, actual_exe_time: 73950, task_app_start_time:2089980969193987, task_sched_time:2089982637560915
app_id: 0, app_name: SAR_api-aarch64, task_id: 347, task_name: DASH_ZIP, resource_name: zip1, ref_start_time: 2089982638438536, ref_stop_time: 2089982638558986, actual_exe_time: 120450, task_app_start_time:2089980969193987, task_sched_time:2089982638434276
app_id: 0, app_name: SAR_api-aarch64, task_id: 348, task_name: DASH_FFT, resource_name: cpu1, ref_start_time: 2089982641342386, ref_stop_time: 2089982641444506, actual_exe_time: 102120, task_app_start_time:2089980969193987, task_sched_time:2089982641329396
app_id: 0, app_name: SAR_api-aarch64, task_id: 349, task_name: DASH_FFT, resource_name: cpu2, ref_start_time: 2089982642309406, ref_stop_time: 2089982642408166, actual_exe_time: 98760, task_app_start_time:2089980969193987, task_sched_time:2089982642302866
app_id: 0, app_name: SAR_api-aarch64, task_id: 350, task_name: DASH_ZIP, resource_name: cpu3, ref_start_time: 2089982642969706, ref_stop_time: 2089982643044526, actual_exe_time: 74820, task_app_start_time:2089980969193987, task_sched_time:2089982642963556
app_id: 0, app_name: SAR_api-aarch64, task_id: 351, task_name: DASH_FFT, resource_name: fft1, ref_start_time: 2089982643615756, ref_stop_time: 2089982643725106, actual_exe_time: 109350, task_app_start_time:2089980969193987, task_sched_time:2089982643606696
app_id: 0, app_name: SAR_api-aarch64, task_id: 352, task_name: DASH_FFT, resource_name: fft2, ref_start_time: 2089982644333267, ref_stop_time: 2089982644405957, actual_exe_time: 72690, task_app_start_time:2089980969193987, task_sched_time:2089982644329277
app_id: 0, app_name: SAR_api-aarch64, task_id: 353, task_name: DASH_ZIP, resource_name: zip1, ref_start_time: 2089982645072947, ref_stop_time: 2089982645194477, actual_exe_time: 121530, task_app_start_time:2089980969193987, task_sched_time:2089982645063767
app_id: 0, app_name: SAR_api-aarch64, task_id: 354, task_name: DASH_FFT, resource_name: cpu1, ref_start_time: 2089982648315827, ref_stop_time: 2089982648425597, actual_exe_time: 109770, task_app_start_time:2089980969193987, task_sched_time:2089982645932057
app_id: 0, app_name: SAR_api-aarch64, task_id: 355, task_name: DASH_FFT, resource_name: cpu2, ref_start_time: 2089982649810847, ref_stop_time: 2089982649915817, actual_exe_time: 104970, task_app_start_time:2089980969193987, task_sched_time:2089982649803977
app_id: 0, app_name: SAR_api-aarch64, task_id: 356, task_name: DASH_ZIP, resource_name: cpu3, ref_start_time: 2089982652316088, ref_stop_time: 2089982652396488, actual_exe_time: 80400, task_app_start_time:2089980969193987, task_sched_time:2089982650679078
app_id: 0, app_name: SAR_api-aarch64, task_id: 357, task_name: DASH_FFT, resource_name: fft1, ref_start_time: 2089982652896228, ref_stop_time: 2089982653029188, actual_exe_time: 132960, task_app_start_time:2089980969193987, task_sched_time:2089982652882398
app_id: 0, app_name: SAR_api-aarch64, task_id: 358, task_name: DASH_FFT, resource_name: fft2, ref_start_time: 2089982653738568, ref_stop_time: 2089982653811048, actual_exe_time: 72480, task_app_start_time:2089980969193987, task_sched_time:2089982653729118
app_id: 0, app_name: SAR_api-aarch64, task_id: 359, task_name: DASH_ZIP, resource_name: zip1, ref_start_time: 2089982656293308, ref_stop_time: 2089982656414478, actual_exe_time: 121170, task_app_start_time:2089980969193987, task_sched_time:2089982654573558
app_id: 0, app_name: SAR_api-aarch64, task_id: 360, task_name: DASH_FFT, resource_name: cpu1, ref_start_time: 2089982657195679, ref_stop_time: 2089982657297319, actual_exe_time: 101640, task_app_start_time:2089980969193987, task_sched_time:2089982657181969
app_id: 0, app_name: SAR_api-aarch64, task_id: 361, task_name: DASH_FFT, resource_name: cpu2, ref_start_time: 2089982657987049, ref_stop_time: 2089982658082089, actual_exe_time: 95040, task_app_start_time:2089980969193987, task_sched_time:2089982657977989
app_id: 0, app_name: SAR_api-aarch64, task_id: 362, task_name: DASH_ZIP, resource_name: cpu3, ref_start_time: 2089982659935189, ref_stop_time: 2089982660011869, actual_exe_time: 76680, task_app_start_time:2089980969193987, task_sched_time:2089982658678369
app_id: 0, app_name: SAR_api-aarch64, task_id: 363, task_name: DASH_FFT, resource_name: fft1, ref_start_time: 2089982661234309, ref_stop_time: 2089982661349839, actual_exe_time: 115530, task_app_start_time:2089980969193987, task_sched_time:2089982661226179
app_id: 0, app_name: SAR_api-aarch64, task_id: 364, task_name: DASH_FFT, resource_name: fft2, ref_start_time: 2089982661838989, ref_stop_time: 2089982661911049, actual_exe_time: 72060, task_app_start_time:2089980969193987, task_sched_time:2089982661834489
app_id: 0, app_name: SAR_api-aarch64, task_id: 365, task_name: DASH_ZIP, resource_name: zip1, ref_start_time: 2089982662395999, ref_stop_time: 2089982662515399, actual_exe_time: 119400, task_app_start_time:2089980969193987, task_sched_time:2089982662393149
app_id: 0, app_name: SAR_api-aarch64, task_id: 366, task_name: DASH_FFT, resource_name: cpu1, ref_start_time: 2089982668309960, ref_stop_time: 2089982668428730, actual_exe_time: 118770, task_app_start_time:2089980969193987, task_sched_time:2089982663428930
app_id: 0, app_name: SAR_api-aarch64, task_id: 367, task_name: DASH_FFT, resource_name: cpu2, ref_start_time: 2089982669029631, ref_stop_time: 2089982669125901, actual_exe_time: 96270, task_app_start_time:2089980969193987, task_sched_time:2089982669024291
app_id: 0, app_name: SAR_api-aarch64, task_id: 368, task_name: DASH_ZIP, resource_name: cpu3, ref_start_time: 2089982669593391, ref_stop_time: 2089982669669231, actual_exe_time: 75840, task_app_start_time:2089980969193987, task_sched_time:2089982669583731
app_id: 0, app_name: SAR_api-aarch64, task_id: 369, task_name: DASH_FFT, resource_name: fft1, ref_start_time: 2089982670099761, ref_stop_time: 2089982670210191, actual_exe_time: 110430, task_app_start_time:2089980969193987, task_sched_time:2089982670089891
app_id: 0, app_name: SAR_api-aarch64, task_id: 370, task_name: DASH_FFT, resource_name: fft2, ref_start_time: 2089982670589991, ref_stop_time: 2089982670661001, actual_exe_time: 71010, task_app_start_time:2089980969193987, task_sched_time:2089982670583421
app_id: 0, app_name: SAR_api-aarch64, task_id: 371, task_name: DASH_ZIP, resource_name: zip1, ref_start_time: 2089982671062971, ref_stop_time: 2089982671179761, actual_exe_time: 116790, task_app_start_time:2089980969193987, task_sched_time:2089982671055951
app_id: 0, app_name: SAR_api-aarch64, task_id: 372, task_name: DASH_FFT, resource_name: cpu1, ref_start_time: 2089982671589891, ref_stop_time: 2089982671681721, actual_exe_time: 91830, task_app_start_time:2089980969193987, task_sched_time:2089982671581311
app_id: 0, app_name: SAR_api-aarch64, task_id: 373, task_name: DASH_FFT, resource_name: cpu2, ref_start_time: 2089982672011061, ref_stop_time: 2089982672101121, actual_exe_time: 90060, task_app_start_time:2089980969193987, task_sched_time:2089982672001131
app_id: 0, app_name: SAR_api-aarch64, task_id: 374, task_name: DASH_ZIP, resource_name: cpu3, ref_start_time: 2089982672304731, ref_stop_time: 2089982672377301, actual_exe_time: 72570, task_app_start_time:2089980969193987, task_sched_time:2089982672273561
app_id: 0, app_name: SAR_api-aarch64, task_id: 375, task_name: DASH_FFT, resource_name: fft1, ref_start_time: 2089982672894351, ref_stop_time: 2089982672999051, actual_exe_time: 104700, task_app_start_time:2089980969193987, task_sched_time:2089982672888381
app_id: 0, app_name: SAR_api-aarch64, task_id: 376, task_name: DASH_FFT, resource_name: fft2, ref_start_time: 2089982673326021, ref_stop_time: 2089982673395141, actual_exe_time: 69120, task_app_start_time:2089980969193987, task_sched_time:2089982673317651
app_id: 0, app_name: SAR_api-aarch64, task_id: 377, task_name: DASH_ZIP, resource_name: zip1, ref_start_time: 2089982673783821, ref_stop_time: 2089982673901001, actual_exe_time: 117180, task_app_start_time:2089980969193987, task_sched_time:2089982673778661
app_id: 0, app_name: SAR_api-aarch64, task_id: 378, task_name: DASH_FFT, resource_name: cpu1, ref_start_time: 2089982676313812, ref_stop_time: 2089982676416472, actual_exe_time: 102660, task_app_start_time:2089980969193987, task_sched_time:2089982674273031
app_id: 0, app_name: SAR_api-aarch64, task_id: 379, task_name: DASH_FFT, resource_name: cpu2, ref_start_time: 2089982677025472, ref_stop_time: 2089982677118172, actual_exe_time: 92700, task_app_start_time:2089980969193987, task_sched_time:2089982677015032
app_id: 0, app_name: SAR_api-aarch64, task_id: 380, task_name: DASH_ZIP, resource_name: cpu3, ref_start_time: 2089982678079102, ref_stop_time: 2089982678153682, actual_exe_time: 74580, task_app_start_time:2089980969193987, task_sched_time:2089982677973772
app_id: 0, app_name: SAR_api-aarch64, task_id: 381, task_name: DASH_FFT, resource_name: fft1, ref_start_time: 2089982678747892, ref_stop_time: 2089982678856072, actual_exe_time: 108180, task_app_start_time:2089980969193987, task_sched_time:2089982678684442
app_id: 0, app_name: SAR_api-aarch64, task_id: 382, task_name: DASH_FFT, resource_name: fft2, ref_start_time: 2089982679540792, ref_stop_time: 2089982679614052, actual_exe_time: 73260, task_app_start_time:2089980969193987, task_sched_time:2089982679446442
app_id: 0, app_name: SAR_api-aarch64, task_id: 383, task_name: DASH_ZIP, resource_name: zip1, ref_start_time: 2089982680128372, ref_stop_time: 2089982680248102, actual_exe_time: 119730, task_app_start_time:2089980969193987, task_sched_time:2089982680082562
app_id: 0, app_name: SAR_api-aarch64, task_id: 384, task_name: DASH_FFT, resource_name: cpu1, ref_start_time: 2089982682199213, ref_stop_time: 2089982682302083, actual_exe_time: 102870, task_app_start_time:2089980969193987, task_sched_time:2089982681288292
app_id: 0, app_name: SAR_api-aarch64, task_id: 385, task_name: DASH_FFT, resource_name: cpu2, ref_start_time: 2089982686526623, ref_stop_time: 2089982686634503, actual_exe_time: 107880, task_app_start_time:2089980969193987, task_sched_time:2089982686517323
app_id: 0, app_name: SAR_api-aarch64, task_id: 386, task_name: DASH_ZIP, resource_name: cpu3, ref_start_time: 2089982687206123, ref_stop_time: 2089982687282503, actual_exe_time: 76380, task_app_start_time:2089980969193987, task_sched_time:2089982687202253
app_id: 0, app_name: SAR_api-aarch64, task_id: 387, task_name: DASH_FFT, resource_name: fft1, ref_start_time: 2089982687680394, ref_stop_time: 2089982687795984, actual_exe_time: 115590, task_app_start_time:2089980969193987, task_sched_time:2089982687641394
app_id: 0, app_name: SAR_api-aarch64, task_id: 388, task_name: DASH_FFT, resource_name: fft2, ref_start_time: 2089982688232154, ref_stop_time: 2089982688306944, actual_exe_time: 74790, task_app_start_time:2089980969193987, task_sched_time:2089982688227114
app_id: 0, app_name: SAR_api-aarch64, task_id: 389, task_name: DASH_ZIP, resource_name: zip1, ref_start_time: 2089982688793844, ref_stop_time: 2089982688911084, actual_exe_time: 117240, task_app_start_time:2089980969193987, task_sched_time:2089982688788804
app_id: 0, app_name: SAR_api-aarch64, task_id: 390, task_name: DASH_FFT, resource_name: cpu1, ref_start_time: 2089982689374974, ref_stop_time: 2089982689475324, actual_exe_time: 100350, task_app_start_time:2089980969193987, task_sched_time:2089982689366214
app_id: 0, app_name: SAR_api-aarch64, task_id: 391, task_name: DASH_FFT, resource_name: cpu2, ref_start_time: 2089982689798604, ref_stop_time: 2089982689890164, actual_exe_time: 91560, task_app_start_time:2089980969193987, task_sched_time:2089982689792544
app_id: 0, app_name: SAR_api-aarch64, task_id: 392, task_name: DASH_ZIP, resource_name: cpu3, ref_start_time: 2089982690263604, ref_stop_time: 2089982690336414, actual_exe_time: 72810, task_app_start_time:2089980969193987, task_sched_time:2089982690254424
app_id: 0, app_name: SAR_api-aarch64, task_id: 393, task_name: DASH_FFT, resource_name: fft1, ref_start_time: 2089982696292465, ref_stop_time: 2089982696423175, actual_exe_time: 130710, task_app_start_time:2089980969193987, task_sched_time:2089982690792864
app_id: 0, app_name: SAR_api-aarch64, task_id: 394, task_name: DASH_FFT, resource_name: fft2, ref_start_time: 2089982696982945, ref_stop_time: 2089982697055275, actual_exe_time: 72330, task_app_start_time:2089980969193987, task_sched_time:2089982696977665
app_id: 0, app_name: SAR_api-aarch64, task_id: 395, task_name: DASH_ZIP, resource_name: zip1, ref_start_time: 2089982697612795, ref_stop_time: 2089982697731535, actual_exe_time: 118740, task_app_start_time:2089980969193987, task_sched_time:2089982697604815
app_id: 0, app_name: SAR_api-aarch64, task_id: 396, task_name: DASH_FFT, resource_name: cpu1, ref_start_time: 2089982698068735, ref_stop_time: 2089982698166055, actual_exe_time: 97320, task_app_start_time:2089980969193987, task_sched_time:2089982698064595
app_id: 0, app_name: SAR_api-aarch64, task_id: 397, task_name: DASH_FFT, resource_name: cpu2, ref_start_time: 2089982698652805, ref_stop_time: 2089982698745415, actual_exe_time: 92610, task_app_start_time:2089980969193987, task_sched_time:2089982698644105
app_id: 0, app_name: SAR_api-aarch64, task_id: 398, task_name: DASH_ZIP, resource_name: cpu3, ref_start_time: 2089982699184435, ref_stop_time: 2089982699257215, actual_exe_time: 72780, task_app_start_time:2089980969193987, task_sched_time:2089982699179905
app_id: 0, app_name: SAR_api-aarch64, task_id: 399, task_name: DASH_FFT, resource_name: fft1, ref_start_time: 2089982699409945, ref_stop_time: 2089982699514525, actual_exe_time: 104580, task_app_start_time:2089980969193987, task_sched_time:2089982699401485
app_id: 0, app_name: SAR_api-aarch64, task_id: 400, task_name: DASH_FFT, resource_name: fft2, ref_start_time: 2089982700045105, ref_stop_time: 2089982700113206, actual_exe_time: 68101, task_app_start_time:2089980969193987, task_sched_time:2089982700038175
app_id: 0, app_name: SAR_api-aarch64, task_id: 401, task_name: DASH_ZIP, resource_name: zip1, ref_start_time: 2089982700506776, ref_stop_time: 2089982700624466, actual_exe_time: 117690, task_app_start_time:2089980969193987, task_sched_time:2089982700497836
app_id: 0, app_name: SAR_api-aarch64, task_id: 402, task_name: DASH_FFT, resource_name: cpu1, ref_start_time: 2089982701017406, ref_stop_time: 2089982701110256, actual_exe_time: 92850, task_app_start_time:2089980969193987, task_sched_time:2089982701008796
app_id: 0, app_name: SAR_api-aarch64, task_id: 403, task_name: DASH_FFT, resource_name: cpu2, ref_start_time: 2089982701590976, ref_stop_time: 2089982701682056, actual_exe_time: 91080, task_app_start_time:2089980969193987, task_sched_time:2089982701581496
app_id: 0, app_name: SAR_api-aarch64, task_id: 404, task_name: DASH_ZIP, resource_name: cpu3, ref_start_time: 2089982702144476, ref_stop_time: 2089982702216866, actual_exe_time: 72390, task_app_start_time:2089980969193987, task_sched_time:2089982702138716
app_id: 0, app_name: SAR_api-aarch64, task_id: 405, task_name: DASH_FFT, resource_name: fft1, ref_start_time: 2089982702567476, ref_stop_time: 2089982702671576, actual_exe_time: 104100, task_app_start_time:2089980969193987, task_sched_time:2089982702558356
app_id: 0, app_name: SAR_api-aarch64, task_id: 406, task_name: DASH_FFT, resource_name: fft2, ref_start_time: 2089982702993086, ref_stop_time: 2089982703164236, actual_exe_time: 171150, task_app_start_time:2089980969193987, task_sched_time:2089982702989036
app_id: 0, app_name: SAR_api-aarch64, task_id: 407, task_name: DASH_ZIP, resource_name: zip1, ref_start_time: 2089982703564976, ref_stop_time: 2089982703680956, actual_exe_time: 115980, task_app_start_time:2089980969193987, task_sched_time:2089982703561466
app_id: 0, app_name: SAR_api-aarch64, task_id: 408, task_name: DASH_FFT, resource_name: cpu1, ref_start_time: 2089982704814506, ref_stop_time: 2089982704913116, actual_exe_time: 98610, task_app_start_time:2089980969193987, task_sched_time:2089982704173376
app_id: 0, app_name: SAR_api-aarch64, task_id: 409, task_name: DASH_FFT, resource_name: cpu2, ref_start_time: 2089982705654956, ref_stop_time: 2089982705881936, actual_exe_time: 226980, task_app_start_time:2089980969193987, task_sched_time:2089982705650966
app_id: 0, app_name: SAR_api-aarch64, task_id: 410, task_name: DASH_ZIP, resource_name: cpu3, ref_start_time: 2089982706780047, ref_stop_time: 2089982706854927, actual_exe_time: 74880, task_app_start_time:2089980969193987, task_sched_time:2089982706776477
app_id: 0, app_name: SAR_api-aarch64, task_id: 411, task_name: DASH_FFT, resource_name: fft1, ref_start_time: 2089982710745867, ref_stop_time: 2089982710862357, actual_exe_time: 116490, task_app_start_time:2089980969193987, task_sched_time:2089982710738067
app_id: 0, app_name: SAR_api-aarch64, task_id: 412, task_name: DASH_FFT, resource_name: fft2, ref_start_time: 2089982711291087, ref_stop_time: 2089982711371217, actual_exe_time: 80130, task_app_start_time:2089980969193987, task_sched_time:2089982711286947
app_id: 0, app_name: SAR_api-aarch64, task_id: 413, task_name: DASH_ZIP, resource_name: zip1, ref_start_time: 2089982716318248, ref_stop_time: 2089982716443048, actual_exe_time: 124800, task_app_start_time:2089980969193987, task_sched_time:2089982712214217
app_id: 0, app_name: SAR_api-aarch64, task_id: 414, task_name: DASH_FFT, resource_name: cpu1, ref_start_time: 2089982717281878, ref_stop_time: 2089982717389008, actual_exe_time: 107130, task_app_start_time:2089980969193987, task_sched_time:2089982717278128
app_id: 0, app_name: SAR_api-aarch64, task_id: 415, task_name: DASH_FFT, resource_name: cpu2, ref_start_time: 2089982718065238, ref_stop_time: 2089982718159978, actual_exe_time: 94740, task_app_start_time:2089980969193987, task_sched_time:2089982718062388
app_id: 0, app_name: SAR_api-aarch64, task_id: 416, task_name: DASH_ZIP, resource_name: cpu3, ref_start_time: 2089982720311249, ref_stop_time: 2089982720388319, actual_exe_time: 77070, task_app_start_time:2089980969193987, task_sched_time:2089982718743389
app_id: 0, app_name: SAR_api-aarch64, task_id: 417, task_name: DASH_FFT, resource_name: fft1, ref_start_time: 2089982720882029, ref_stop_time: 2089982720993449, actual_exe_time: 111420, task_app_start_time:2089980969193987, task_sched_time:2089982720875429
app_id: 0, app_name: SAR_api-aarch64, task_id: 418, task_name: DASH_FFT, resource_name: fft2, ref_start_time: 2089982721370669, ref_stop_time: 2089982721443029, actual_exe_time: 72360, task_app_start_time:2089980969193987, task_sched_time:2089982721364729
app_id: 0, app_name: SAR_api-aarch64, task_id: 419, task_name: DASH_ZIP, resource_name: zip1, ref_start_time: 2089982722352209, ref_stop_time: 2089982722471339, actual_exe_time: 119130, task_app_start_time:2089980969193987, task_sched_time:2089982722054759
app_id: 0, app_name: SAR_api-aarch64, task_id: 420, task_name: DASH_FFT, resource_name: cpu1, ref_start_time: 2089982723840839, ref_stop_time: 2089982723943439, actual_exe_time: 102600, task_app_start_time:2089980969193987, task_sched_time:2089982723835619
app_id: 0, app_name: SAR_api-aarch64, task_id: 421, task_name: DASH_FFT, resource_name: cpu2, ref_start_time: 2089982727035930, ref_stop_time: 2089982727145520, actual_exe_time: 109590, task_app_start_time:2089980969193987, task_sched_time:2089982724480979
app_id: 0, app_name: SAR_api-aarch64, task_id: 422, task_name: DASH_ZIP, resource_name: cpu3, ref_start_time: 2089982733008001, ref_stop_time: 2089982733085821, actual_exe_time: 77820, task_app_start_time:2089980969193987, task_sched_time:2089982732992341
app_id: 0, app_name: SAR_api-aarch64, task_id: 423, task_name: DASH_FFT, resource_name: fft1, ref_start_time: 2089982733574221, ref_stop_time: 2089982733691671, actual_exe_time: 117450, task_app_start_time:2089980969193987, task_sched_time:2089982733561651
app_id: 0, app_name: SAR_api-aarch64, task_id: 424, task_name: DASH_FFT, resource_name: fft2, ref_start_time: 2089982734431471, ref_stop_time: 2089982734504821, actual_exe_time: 73350, task_app_start_time:2089980969193987, task_sched_time:2089982734424751
app_id: 0, app_name: SAR_api-aarch64, task_id: 425, task_name: DASH_ZIP, resource_name: zip1, ref_start_time: 2089982735240481, ref_stop_time: 2089982735361441, actual_exe_time: 120960, task_app_start_time:2089980969193987, task_sched_time:2089982735231031
app_id: 0, app_name: SAR_api-aarch64, task_id: 426, task_name: DASH_FFT, resource_name: cpu1, ref_start_time: 2089982736191241, ref_stop_time: 2089982736692871, actual_exe_time: 501630, task_app_start_time:2089980969193987, task_sched_time:2089982736187881
app_id: 0, app_name: SAR_api-aarch64, task_id: 427, task_name: DASH_FFT, resource_name: cpu2, ref_start_time: 2089982739490312, ref_stop_time: 2089982739590422, actual_exe_time: 100110, task_app_start_time:2089980969193987, task_sched_time:2089982739484882
app_id: 0, app_name: SAR_api-aarch64, task_id: 428, task_name: DASH_ZIP, resource_name: cpu3, ref_start_time: 2089982740385842, ref_stop_time: 2089982740461682, actual_exe_time: 75840, task_app_start_time:2089980969193987, task_sched_time:2089982740379092
app_id: 0, app_name: SAR_api-aarch64, task_id: 429, task_name: DASH_FFT, resource_name: fft1, ref_start_time: 2089982741252812, ref_stop_time: 2089982741362162, actual_exe_time: 109350, task_app_start_time:2089980969193987, task_sched_time:2089982741234332
app_id: 0, app_name: SAR_api-aarch64, task_id: 430, task_name: DASH_FFT, resource_name: fft2, ref_start_time: 2089982742036052, ref_stop_time: 2089982742108142, actual_exe_time: 72090, task_app_start_time:2089980969193987, task_sched_time:2089982742031462
app_id: 0, app_name: SAR_api-aarch64, task_id: 431, task_name: DASH_ZIP, resource_name: zip1, ref_start_time: 2089982742827092, ref_stop_time: 2089982742946822, actual_exe_time: 119730, task_app_start_time:2089980969193987, task_sched_time:2089982742818872
app_id: 0, app_name: SAR_api-aarch64, task_id: 432, task_name: DASH_FFT, resource_name: cpu1, ref_start_time: 2089982743759133, ref_stop_time: 2089982743853483, actual_exe_time: 94350, task_app_start_time:2089980969193987, task_sched_time:2089982743751573
app_id: 0, app_name: SAR_api-aarch64, task_id: 433, task_name: DASH_FFT, resource_name: cpu2, ref_start_time: 2089982752676124, ref_stop_time: 2089982752789224, actual_exe_time: 113100, task_app_start_time:2089980969193987, task_sched_time:2089982752667934
app_id: 0, app_name: SAR_api-aarch64, task_id: 434, task_name: DASH_ZIP, resource_name: cpu3, ref_start_time: 2089982753555754, ref_stop_time: 2089982753632614, actual_exe_time: 76860, task_app_start_time:2089980969193987, task_sched_time:2089982753549994
app_id: 0, app_name: SAR_api-aarch64, task_id: 435, task_name: DASH_FFT, resource_name: fft1, ref_start_time: 2089982754232314, ref_stop_time: 2089982754343764, actual_exe_time: 111450, task_app_start_time:2089980969193987, task_sched_time:2089982754219054
app_id: 0, app_name: SAR_api-aarch64, task_id: 436, task_name: DASH_FFT, resource_name: fft2, ref_start_time: 2089982755000584, ref_stop_time: 2089982755072944, actual_exe_time: 72360, task_app_start_time:2089980969193987, task_sched_time:2089982754991614
app_id: 0, app_name: SAR_api-aarch64, task_id: 437, task_name: DASH_ZIP, resource_name: zip1, ref_start_time: 2089982758575925, ref_stop_time: 2089982758695655, actual_exe_time: 119730, task_app_start_time:2089980969193987, task_sched_time:2089982758570525
app_id: 0, app_name: SAR_api-aarch64, task_id: 438, task_name: DASH_FFT, resource_name: cpu1, ref_start_time: 2089982759510095, ref_stop_time: 2089982759608495, actual_exe_time: 98400, task_app_start_time:2089980969193987, task_sched_time:2089982759499985
app_id: 0, app_name: SAR_api-aarch64, task_id: 439, task_name: DASH_FFT, resource_name: cpu2, ref_start_time: 2089982760212935, ref_stop_time: 2089982760323005, actual_exe_time: 110070, task_app_start_time:2089980969193987, task_sched_time:2089982760204925
app_id: 0, app_name: SAR_api-aarch64, task_id: 440, task_name: DASH_ZIP, resource_name: cpu3, ref_start_time: 2089982760728965, ref_stop_time: 2089982761241995, actual_exe_time: 513030, task_app_start_time:2089980969193987, task_sched_time:2089982760720655
app_id: 0, app_name: SAR_api-aarch64, task_id: 441, task_name: DASH_FFT, resource_name: fft1, ref_start_time: 2089982762017495, ref_stop_time: 2089982762129875, actual_exe_time: 112380, task_app_start_time:2089980969193987, task_sched_time:2089982762009485
app_id: 0, app_name: SAR_api-aarch64, task_id: 442, task_name: DASH_FFT, resource_name: fft2, ref_start_time: 2089982762675876, ref_stop_time: 2089982762756396, actual_exe_time: 80520, task_app_start_time:2089980969193987, task_sched_time:2089982762672756
app_id: 0, app_name: SAR_api-aarch64, task_id: 443, task_name: DASH_ZIP, resource_name: zip1, ref_start_time: 2089982764506836, ref_stop_time: 2089982764627616, actual_exe_time: 120780, task_app_start_time:2089980969193987, task_sched_time:2089982763278696
app_id: 0, app_name: SAR_api-aarch64, task_id: 444, task_name: DASH_FFT, resource_name: cpu1, ref_start_time: 2089982765402696, ref_stop_time: 2089982765502326, actual_exe_time: 99630, task_app_start_time:2089980969193987, task_sched_time:2089982765399786
app_id: 0, app_name: SAR_api-aarch64, task_id: 445, task_name: DASH_FFT, resource_name: cpu2, ref_start_time: 2089982766093236, ref_stop_time: 2089982766195326, actual_exe_time: 102090, task_app_start_time:2089980969193987, task_sched_time:2089982766088586
app_id: 0, app_name: SAR_api-aarch64, task_id: 446, task_name: DASH_ZIP, resource_name: cpu3, ref_start_time: 2089982766978506, ref_stop_time: 2089982767054676, actual_exe_time: 76170, task_app_start_time:2089980969193987, task_sched_time:2089982766973916
app_id: 0, app_name: SAR_api-aarch64, task_id: 447, task_name: DASH_FFT, resource_name: fft1, ref_start_time: 2089982767651706, ref_stop_time: 2089982767759436, actual_exe_time: 107730, task_app_start_time:2089980969193987, task_sched_time:2089982767641716
app_id: 0, app_name: SAR_api-aarch64, task_id: 448, task_name: DASH_FFT, resource_name: fft2, ref_start_time: 2089982772706107, ref_stop_time: 2089982772790227, actual_exe_time: 84120, task_app_start_time:2089980969193987, task_sched_time:2089982772699897
app_id: 0, app_name: SAR_api-aarch64, task_id: 449, task_name: DASH_ZIP, resource_name: zip1, ref_start_time: 2089982773494717, ref_stop_time: 2089982773615707, actual_exe_time: 120990, task_app_start_time:2089980969193987, task_sched_time:2089982773486767
app_id: 0, app_name: SAR_api-aarch64, task_id: 450, task_name: DASH_FFT, resource_name: cpu1, ref_start_time: 2089982776876798, ref_stop_time: 2089982776990048, actual_exe_time: 113250, task_app_start_time:2089980969193987, task_sched_time:2089982776864168
app_id: 0, app_name: SAR_api-aarch64, task_id: 451, task_name: DASH_FFT, resource_name: cpu2, ref_start_time: 2089982778825358, ref_stop_time: 2089982778928258, actual_exe_time: 102900, task_app_start_time:2089980969193987, task_sched_time:2089982778820528
app_id: 0, app_name: SAR_api-aarch64, task_id: 452, task_name: DASH_ZIP, resource_name: cpu3, ref_start_time: 2089982780307208, ref_stop_time: 2089982780469538, actual_exe_time: 162330, task_app_start_time:2089980969193987, task_sched_time:2089982779809328
app_id: 0, app_name: SAR_api-aarch64, task_id: 453, task_name: DASH_FFT, resource_name: fft1, ref_start_time: 2089982780917379, ref_stop_time: 2089982781034469, actual_exe_time: 117090, task_app_start_time:2089980969193987, task_sched_time:2089982780904719
app_id: 0, app_name: SAR_api-aarch64, task_id: 454, task_name: DASH_FFT, resource_name: fft2, ref_start_time: 2089982781664799, ref_stop_time: 2089982781746249, actual_exe_time: 81450, task_app_start_time:2089980969193987, task_sched_time:2089982781659159
app_id: 0, app_name: SAR_api-aarch64, task_id: 455, task_name: DASH_ZIP, resource_name: zip1, ref_start_time: 2089982783134859, ref_stop_time: 2089982783255789, actual_exe_time: 120930, task_app_start_time:2089980969193987, task_sched_time:2089982782426529
app_id: 0, app_name: SAR_api-aarch64, task_id: 456, task_name: DASH_FFT, resource_name: cpu1, ref_start_time: 2089982788592760, ref_stop_time: 2089982788694610, actual_exe_time: 101850, task_app_start_time:2089980969193987, task_sched_time:2089982788580070
app_id: 0, app_name: SAR_api-aarch64, task_id: 457, task_name: DASH_FFT, resource_name: cpu2, ref_start_time: 2089982789380410, ref_stop_time: 2089982789478810, actual_exe_time: 98400, task_app_start_time:2089980969193987, task_sched_time:2089982789374260
app_id: 0, app_name: SAR_api-aarch64, task_id: 458, task_name: DASH_ZIP, resource_name: cpu3, ref_start_time: 2089982792672850, ref_stop_time: 2089982792749410, actual_exe_time: 76560, task_app_start_time:2089980969193987, task_sched_time:2089982792665140
app_id: 0, app_name: SAR_api-aarch64, task_id: 459, task_name: DASH_FFT, resource_name: fft1, ref_start_time: 2089982794228591, ref_stop_time: 2089982794341451, actual_exe_time: 112860, task_app_start_time:2089980969193987, task_sched_time:2089982794223941
app_id: 0, app_name: SAR_api-aarch64, task_id: 460, task_name: DASH_FFT, resource_name: fft2, ref_start_time: 2089982795055151, ref_stop_time: 2089982795133181, actual_exe_time: 78030, task_app_start_time:2089980969193987, task_sched_time:2089982795050441
app_id: 0, app_name: SAR_api-aarch64, task_id: 461, task_name: DASH_ZIP, resource_name: zip1, ref_start_time: 2089982795818081, ref_stop_time: 2089982795939011, actual_exe_time: 120930, task_app_start_time:2089980969193987, task_sched_time:2089982795809591
app_id: 0, app_name: SAR_api-aarch64, task_id: 462, task_name: DASH_FFT, resource_name: cpu1, ref_start_time: 2089982796990031, ref_stop_time: 2089982797091071, actual_exe_time: 101040, task_app_start_time:2089980969193987, task_sched_time:2089982796983791
app_id: 0, app_name: SAR_api-aarch64, task_id: 463, task_name: DASH_FFT, resource_name: cpu2, ref_start_time: 2089982797676461, ref_stop_time: 2089982797780921, actual_exe_time: 104460, task_app_start_time:2089980969193987, task_sched_time:2089982797667401
app_id: 0, app_name: SAR_api-aarch64, task_id: 464, task_name: DASH_ZIP, resource_name: cpu3, ref_start_time: 2089982800314662, ref_stop_time: 2089982800396472, actual_exe_time: 81810, task_app_start_time:2089980969193987, task_sched_time:2089982798449471
app_id: 0, app_name: SAR_api-aarch64, task_id: 465, task_name: DASH_FFT, resource_name: fft1, ref_start_time: 2089982801135672, ref_stop_time: 2089982801248412, actual_exe_time: 112740, task_app_start_time:2089980969193987, task_sched_time:2089982801124512
app_id: 0, app_name: SAR_api-aarch64, task_id: 466, task_name: DASH_FFT, resource_name: fft2, ref_start_time: 2089982801818472, ref_stop_time: 2089982801894702, actual_exe_time: 76230, task_app_start_time:2089980969193987, task_sched_time:2089982801813462
app_id: 0, app_name: SAR_api-aarch64, task_id: 467, task_name: DASH_ZIP, resource_name: zip1, ref_start_time: 2089982804313902, ref_stop_time: 2089982804436452, actual_exe_time: 122550, task_app_start_time:2089980969193987, task_sched_time:2089982802787142
app_id: 0, app_name: SAR_api-aarch64, task_id: 468, task_name: DASH_FFT, resource_name: cpu1, ref_start_time: 2089982805185942, ref_stop_time: 2089982805287642, actual_exe_time: 101700, task_app_start_time:2089980969193987, task_sched_time:2089982805182762
app_id: 0, app_name: SAR_api-aarch64, task_id: 469, task_name: DASH_FFT, resource_name: cpu2, ref_start_time: 2089982806048023, ref_stop_time: 2089982806144893, actual_exe_time: 96870, task_app_start_time:2089980969193987, task_sched_time:2089982806042263
app_id: 0, app_name: SAR_api-aarch64, task_id: 470, task_name: DASH_ZIP, resource_name: cpu3, ref_start_time: 2089982808329073, ref_stop_time: 2089982808408483, actual_exe_time: 79410, task_app_start_time:2089980969193987, task_sched_time:2089982806824843
app_id: 0, app_name: SAR_api-aarch64, task_id: 471, task_name: DASH_FFT, resource_name: fft1, ref_start_time: 2089982808829803, ref_stop_time: 2089982808940323, actual_exe_time: 110520, task_app_start_time:2089980969193987, task_sched_time:2089982808825663
app_id: 0, app_name: SAR_api-aarch64, task_id: 472, task_name: DASH_FFT, resource_name: fft2, ref_start_time: 2089982809545273, ref_stop_time: 2089982809627413, actual_exe_time: 82140, task_app_start_time:2089980969193987, task_sched_time:2089982809541973
app_id: 0, app_name: SAR_api-aarch64, task_id: 473, task_name: DASH_ZIP, resource_name: zip1, ref_start_time: 2089982814092554, ref_stop_time: 2089982814219574, actual_exe_time: 127020, task_app_start_time:2089980969193987, task_sched_time:2089982814083524
app_id: 0, app_name: SAR_api-aarch64, task_id: 474, task_name: DASH_FFT, resource_name: cpu1, ref_start_time: 2089982814723064, ref_stop_time: 2089982814821674, actual_exe_time: 98610, task_app_start_time:2089980969193987, task_sched_time:2089982814712564
app_id: 0, app_name: SAR_api-aarch64, task_id: 475, task_name: DASH_FFT, resource_name: cpu2, ref_start_time: 2089982815123954, ref_stop_time: 2089982815223674, actual_exe_time: 99720, task_app_start_time:2089980969193987, task_sched_time:2089982815118674
app_id: 0, app_name: SAR_api-aarch64, task_id: 476, task_name: DASH_ZIP, resource_name: cpu3, ref_start_time: 2089982816005984, ref_stop_time: 2089982816081794, actual_exe_time: 75810, task_app_start_time:2089980969193987, task_sched_time:2089982815997224
app_id: 0, app_name: SAR_api-aarch64, task_id: 477, task_name: DASH_FFT, resource_name: fft1, ref_start_time: 2089982820312005, ref_stop_time: 2089982820448265, actual_exe_time: 136260, task_app_start_time:2089980969193987, task_sched_time:2089982816825134
app_id: 0, app_name: SAR_api-aarch64, task_id: 478, task_name: DASH_FFT, resource_name: fft2, ref_start_time: 2089982821058615, ref_stop_time: 2089982821130915, actual_exe_time: 72300, task_app_start_time:2089980969193987, task_sched_time:2089982821049465
app_id: 0, app_name: SAR_api-aarch64, task_id: 479, task_name: DASH_ZIP, resource_name: zip1, ref_start_time: 2089982821901795, ref_stop_time: 2089982822021735, actual_exe_time: 119940, task_app_start_time:2089980969193987, task_sched_time:2089982821898645
app_id: 0, app_name: SAR_api-aarch64, task_id: 480, task_name: DASH_FFT, resource_name: cpu1, ref_start_time: 2089982822843555, ref_stop_time: 2089982822941745, actual_exe_time: 98190, task_app_start_time:2089980969193987, task_sched_time:2089982822837855
app_id: 0, app_name: SAR_api-aarch64, task_id: 481, task_name: DASH_FFT, resource_name: cpu2, ref_start_time: 2089982823718175, ref_stop_time: 2089982823811685, actual_exe_time: 93510, task_app_start_time:2089980969193987, task_sched_time:2089982823710855
app_id: 0, app_name: SAR_api-aarch64, task_id: 482, task_name: DASH_ZIP, resource_name: cpu3, ref_start_time: 2089982824588386, ref_stop_time: 2089982824662096, actual_exe_time: 73710, task_app_start_time:2089980969193987, task_sched_time:2089982824583886
app_id: 0, app_name: SAR_api-aarch64, task_id: 483, task_name: DASH_FFT, resource_name: fft1, ref_start_time: 2089982826623106, ref_stop_time: 2089982826741096, actual_exe_time: 117990, task_app_start_time:2089980969193987, task_sched_time:2089982825350746
app_id: 0, app_name: SAR_api-aarch64, task_id: 484, task_name: DASH_FFT, resource_name: fft2, ref_start_time: 2089982827286916, ref_stop_time: 2089982827654026, actual_exe_time: 367110, task_app_start_time:2089980969193987, task_sched_time:2089982827218126
app_id: 0, app_name: SAR_api-aarch64, task_id: 485, task_name: DASH_ZIP, resource_name: zip1, ref_start_time: 2089982828396496, ref_stop_time: 2089982828514756, actual_exe_time: 118260, task_app_start_time:2089980969193987, task_sched_time:2089982828390766
app_id: 0, app_name: SAR_api-aarch64, task_id: 486, task_name: DASH_FFT, resource_name: cpu1, ref_start_time: 2089982829452316, ref_stop_time: 2089982829552636, actual_exe_time: 100320, task_app_start_time:2089980969193987, task_sched_time:2089982829448146
app_id: 0, app_name: SAR_api-aarch64, task_id: 487, task_name: DASH_FFT, resource_name: cpu2, ref_start_time: 2089982832846667, ref_stop_time: 2089982832952897, actual_exe_time: 106230, task_app_start_time:2089980969193987, task_sched_time:2089982832837097
app_id: 0, app_name: SAR_api-aarch64, task_id: 488, task_name: DASH_ZIP, resource_name: cpu3, ref_start_time: 2089982833587817, ref_stop_time: 2089982833661617, actual_exe_time: 73800, task_app_start_time:2089980969193987, task_sched_time:2089982833584157
app_id: 0, app_name: SAR_api-aarch64, task_id: 489, task_name: DASH_FFT, resource_name: fft1, ref_start_time: 2089982834162737, ref_stop_time: 2089982834273497, actual_exe_time: 110760, task_app_start_time:2089980969193987, task_sched_time:2089982834159347
app_id: 0, app_name: SAR_api-aarch64, task_id: 490, task_name: DASH_FFT, resource_name: fft2, ref_start_time: 2089982836308127, ref_stop_time: 2089982836397647, actual_exe_time: 89520, task_app_start_time:2089980969193987, task_sched_time:2089982834782507
app_id: 0, app_name: SAR_api-aarch64, task_id: 491, task_name: DASH_ZIP, resource_name: zip1, ref_start_time: 2089982837325308, ref_stop_time: 2089982837445578, actual_exe_time: 120270, task_app_start_time:2089980969193987, task_sched_time:2089982837319038
app_id: 0, app_name: SAR_api-aarch64, task_id: 492, task_name: DASH_FFT, resource_name: cpu1, ref_start_time: 2089982838210518, ref_stop_time: 2089982838308498, actual_exe_time: 97980, task_app_start_time:2089980969193987, task_sched_time:2089982838206408
app_id: 0, app_name: SAR_api-aarch64, task_id: 493, task_name: DASH_FFT, resource_name: cpu2, ref_start_time: 2089982844299259, ref_stop_time: 2089982844409869, actual_exe_time: 110610, task_app_start_time:2089980969193987, task_sched_time:2089982838974768
app_id: 0, app_name: SAR_api-aarch64, task_id: 494, task_name: DASH_ZIP, resource_name: cpu3, ref_start_time: 2089982845039779, ref_stop_time: 2089982845114809, actual_exe_time: 75030, task_app_start_time:2089980969193987, task_sched_time:2089982845033419
app_id: 0, app_name: SAR_api-aarch64, task_id: 495, task_name: DASH_FFT, resource_name: fft1, ref_start_time: 2089982845508169, ref_stop_time: 2089982845622109, actual_exe_time: 113940, task_app_start_time:2089980969193987, task_sched_time:2089982845498899
app_id: 0, app_name: SAR_api-aarch64, task_id: 496, task_name: DASH_FFT, resource_name: fft2, ref_start_time: 2089982846052219, ref_stop_time: 2089982846122929, actual_exe_time: 70710, task_app_start_time:2089980969193987, task_sched_time:2089982846047239
app_id: 0, app_name: SAR_api-aarch64, task_id: 497, task_name: DASH_ZIP, resource_name: zip1, ref_start_time: 2089982846756229, ref_stop_time: 2089982846875089, actual_exe_time: 118860, task_app_start_time:2089980969193987, task_sched_time:2089982846752899
app_id: 0, app_name: SAR_api-aarch64, task_id: 498, task_name: DASH_FFT, resource_name: cpu1, ref_start_time: 2089982847554499, ref_stop_time: 2089982847647589, actual_exe_time: 93090, task_app_start_time:2089980969193987, task_sched_time:2089982847540729
app_id: 0, app_name: SAR_api-aarch64, task_id: 499, task_name: DASH_FFT, resource_name: cpu2, ref_start_time: 2089982848157229, ref_stop_time: 2089982848248939, actual_exe_time: 91710, task_app_start_time:2089980969193987, task_sched_time:2089982848149279
app_id: 0, app_name: SAR_api-aarch64, task_id: 500, task_name: DASH_ZIP, resource_name: cpu3, ref_start_time: 2089982849554510, ref_stop_time: 2089982849629900, actual_exe_time: 75390, task_app_start_time:2089980969193987, task_sched_time:2089982849544700
app_id: 0, app_name: SAR_api-aarch64, task_id: 501, task_name: DASH_FFT, resource_name: fft1, ref_start_time: 2089982850205390, ref_stop_time: 2089982850315580, actual_exe_time: 110190, task_app_start_time:2089980969193987, task_sched_time:2089982850201400
app_id: 0, app_name: SAR_api-aarch64, task_id: 502, task_name: DASH_FFT, resource_name: fft2, ref_start_time: 2089982850873520, ref_stop_time: 2089982850951280, actual_exe_time: 77760, task_app_start_time:2089980969193987, task_sched_time:2089982850862300
app_id: 0, app_name: SAR_api-aarch64, task_id: 503, task_name: DASH_ZIP, resource_name: zip1, ref_start_time: 2089982852325250, ref_stop_time: 2089982852450080, actual_exe_time: 124830, task_app_start_time:2089980969193987, task_sched_time:2089982851564930
app_id: 0, app_name: SAR_api-aarch64, task_id: 504, task_name: DASH_FFT, resource_name: cpu1, ref_start_time: 2089982852983360, ref_stop_time: 2089982853082690, actual_exe_time: 99330, task_app_start_time:2089980969193987, task_sched_time:2089982852974660
app_id: 0, app_name: SAR_api-aarch64, task_id: 505, task_name: DASH_FFT, resource_name: cpu2, ref_start_time: 2089982853483670, ref_stop_time: 2089982853919720, actual_exe_time: 436050, task_app_start_time:2089980969193987, task_sched_time:2089982853476200
app_id: 0, app_name: SAR_api-aarch64, task_id: 506, task_name: DASH_ZIP, resource_name: cpu3, ref_start_time: 2089982854426180, ref_stop_time: 2089982854502950, actual_exe_time: 76770, task_app_start_time:2089980969193987, task_sched_time:2089982854421290
app_id: 0, app_name: SAR_api-aarch64, task_id: 507, task_name: DASH_FFT, resource_name: fft1, ref_start_time: 2089982861086931, ref_stop_time: 2089982861205101, actual_exe_time: 118170, task_app_start_time:2089980969193987, task_sched_time:2089982861078831
app_id: 0, app_name: SAR_api-aarch64, task_id: 508, task_name: DASH_FFT, resource_name: fft2, ref_start_time: 2089982861776572, ref_stop_time: 2089982861854722, actual_exe_time: 78150, task_app_start_time:2089980969193987, task_sched_time:2089982861766882
app_id: 0, app_name: SAR_api-aarch64, task_id: 509, task_name: DASH_ZIP, resource_name: zip1, ref_start_time: 2089982862781392, ref_stop_time: 2089982862901752, actual_exe_time: 120360, task_app_start_time:2089980969193987, task_sched_time:2089982862774792
app_id: 0, app_name: SAR_api-aarch64, task_id: 510, task_name: DASH_FFT, resource_name: cpu1, ref_start_time: 2089982863809642, ref_stop_time: 2089982863905432, actual_exe_time: 95790, task_app_start_time:2089980969193987, task_sched_time:2089982863805682
app_id: 0, app_name: SAR_api-aarch64, task_id: 511, task_name: DASH_FFT, resource_name: cpu2, ref_start_time: 2089982866388772, ref_stop_time: 2089982866491372, actual_exe_time: 102600, task_app_start_time:2089980969193987, task_sched_time:2089982866384542
app_id: 0, app_name: SAR_api-aarch64, task_id: 512, task_name: DASH_ZIP, resource_name: cpu3, ref_start_time: 2089982870784493, ref_stop_time: 2089982870868163, actual_exe_time: 83670, task_app_start_time:2089980969193987, task_sched_time:2089982867717082
app_id: 0, app_name: SAR_api-aarch64, task_id: 513, task_name: DASH_FFT, resource_name: fft1, ref_start_time: 2089982876830124, ref_stop_time: 2089982876950784, actual_exe_time: 120660, task_app_start_time:2089980969193987, task_sched_time:2089982876821394
app_id: 0, app_name: SAR_api-aarch64, task_id: 514, task_name: DASH_FFT, resource_name: fft2, ref_start_time: 2089982880478035, ref_stop_time: 2089982880560025, actual_exe_time: 81990, task_app_start_time:2089980969193987, task_sched_time:2089982880283665
app_id: 0, app_name: SAR_api-aarch64, task_id: 515, task_name: DASH_ZIP, resource_name: zip1, ref_start_time: 2089982881342515, ref_stop_time: 2089982881463895, actual_exe_time: 121380, task_app_start_time:2089980969193987, task_sched_time:2089982881337685
app_id: 0, app_name: SAR_api-aarch64, task_id: 516, task_name: DASH_FFT, resource_name: cpu1, ref_start_time: 2089982882133525, ref_stop_time: 2089982882233815, actual_exe_time: 100290, task_app_start_time:2089980969193987, task_sched_time:2089982882129295
app_id: 0, app_name: SAR_api-aarch64, task_id: 517, task_name: DASH_FFT, resource_name: cpu2, ref_start_time: 2089982882636685, ref_stop_time: 2089982882734575, actual_exe_time: 97890, task_app_start_time:2089980969193987, task_sched_time:2089982882630805
app_id: 0, app_name: SAR_api-aarch64, task_id: 518, task_name: DASH_ZIP, resource_name: cpu3, ref_start_time: 2089982884315215, ref_stop_time: 2089982884395345, actual_exe_time: 80130, task_app_start_time:2089980969193987, task_sched_time:2089982883271845
app_id: 0, app_name: SAR_api-aarch64, task_id: 519, task_name: DASH_FFT, resource_name: fft1, ref_start_time: 2089982884888005, ref_stop_time: 2089982884999005, actual_exe_time: 111000, task_app_start_time:2089980969193987, task_sched_time:2089982884879095
app_id: 0, app_name: SAR_api-aarch64, task_id: 520, task_name: DASH_FFT, resource_name: fft2, ref_start_time: 2089982885539005, ref_stop_time: 2089982885614455, actual_exe_time: 75450, task_app_start_time:2089980969193987, task_sched_time:2089982885534055
app_id: 0, app_name: SAR_api-aarch64, task_id: 521, task_name: DASH_ZIP, resource_name: zip1, ref_start_time: 2089982888301646, ref_stop_time: 2089982888426686, actual_exe_time: 125040, task_app_start_time:2089980969193987, task_sched_time:2089982886340695
app_id: 0, app_name: SAR_api-aarch64, task_id: 522, task_name: DASH_FFT, resource_name: cpu1, ref_start_time: 2089982889346936, ref_stop_time: 2089982889445936, actual_exe_time: 99000, task_app_start_time:2089980969193987, task_sched_time:2089982889341176
app_id: 0, app_name: SAR_api-aarch64, task_id: 523, task_name: DASH_FFT, resource_name: cpu2, ref_start_time: 2089982890028596, ref_stop_time: 2089982890125286, actual_exe_time: 96690, task_app_start_time:2089980969193987, task_sched_time:2089982890024786
app_id: 0, app_name: SAR_api-aarch64, task_id: 524, task_name: DASH_ZIP, resource_name: cpu3, ref_start_time: 2089982892310666, ref_stop_time: 2089982892387586, actual_exe_time: 76920, task_app_start_time:2089980969193987, task_sched_time:2089982890836586
app_id: 0, app_name: SAR_api-aarch64, task_id: 525, task_name: DASH_FFT, resource_name: fft1, ref_start_time: 2089982892916667, ref_stop_time: 2089982893039007, actual_exe_time: 122340, task_app_start_time:2089980969193987, task_sched_time:2089982892904547
app_id: 0, app_name: SAR_api-aarch64, task_id: 526, task_name: DASH_FFT, resource_name: fft2, ref_start_time: 2089982893701677, ref_stop_time: 2089982893775657, actual_exe_time: 73980, task_app_start_time:2089980969193987, task_sched_time:2089982893692737
app_id: 0, app_name: SAR_api-aarch64, task_id: 527, task_name: DASH_ZIP, resource_name: zip1, ref_start_time: 2089982896347917, ref_stop_time: 2089982896470377, actual_exe_time: 122460, task_app_start_time:2089980969193987, task_sched_time:2089982894503067
app_id: 0, app_name: SAR_api-aarch64, task_id: 528, task_name: DASH_FFT, resource_name: cpu1, ref_start_time: 2089982897199617, ref_stop_time: 2089982897298557, actual_exe_time: 98940, task_app_start_time:2089980969193987, task_sched_time:2089982897188547
app_id: 0, app_name: SAR_api-aarch64, task_id: 529, task_name: DASH_FFT, resource_name: cpu2, ref_start_time: 2089982897714447, ref_stop_time: 2089982897809247, actual_exe_time: 94800, task_app_start_time:2089980969193987, task_sched_time:2089982897705147
app_id: 0, app_name: SAR_api-aarch64, task_id: 530, task_name: DASH_ZIP, resource_name: cpu3, ref_start_time: 2089982898482747, ref_stop_time: 2089982898559517, actual_exe_time: 76770, task_app_start_time:2089980969193987, task_sched_time:2089982898275567
app_id: 0, app_name: SAR_api-aarch64, task_id: 531, task_name: DASH_FFT, resource_name: fft1, ref_start_time: 2089982899090728, ref_stop_time: 2089982899522278, actual_exe_time: 431550, task_app_start_time:2089980969193987, task_sched_time:2089982899082748
app_id: 0, app_name: SAR_api-aarch64, task_id: 532, task_name: DASH_FFT, resource_name: fft2, ref_start_time: 2089982899943508, ref_stop_time: 2089982900019978, actual_exe_time: 76470, task_app_start_time:2089980969193987, task_sched_time:2089982899938048
app_id: 0, app_name: SAR_api-aarch64, task_id: 533, task_name: DASH_ZIP, resource_name: zip1, ref_start_time: 2089982900747268, ref_stop_time: 2089982900866098, actual_exe_time: 118830, task_app_start_time:2089980969193987, task_sched_time:2089982900737668
app_id: 0, app_name: SAR_api-aarch64, task_id: 534, task_name: DASH_FFT, resource_name: cpu1, ref_start_time: 2089982901634458, ref_stop_time: 2089982901731748, actual_exe_time: 97290, task_app_start_time:2089980969193987, task_sched_time:2089982901554088
app_id: 0, app_name: SAR_api-aarch64, task_id: 535, task_name: DASH_FFT, resource_name: cpu2, ref_start_time: 2089982903695158, ref_stop_time: 2089982903800098, actual_exe_time: 104940, task_app_start_time:2089980969193987, task_sched_time:2089982903689218
app_id: 0, app_name: SAR_api-aarch64, task_id: 536, task_name: DASH_ZIP, resource_name: cpu3, ref_start_time: 2089982904715398, ref_stop_time: 2089982904791178, actual_exe_time: 75780, task_app_start_time:2089980969193987, task_sched_time:2089982904707898
app_id: 0, app_name: SAR_api-aarch64, task_id: 537, task_name: DASH_FFT, resource_name: fft1, ref_start_time: 2089982913017330, ref_stop_time: 2089982913141530, actual_exe_time: 124200, task_app_start_time:2089980969193987, task_sched_time:2089982913006290
app_id: 0, app_name: SAR_api-aarch64, task_id: 538, task_name: DASH_FFT, resource_name: fft2, ref_start_time: 2089982913863450, ref_stop_time: 2089982913939590, actual_exe_time: 76140, task_app_start_time:2089980969193987, task_sched_time:2089982913853610
app_id: 0, app_name: SAR_api-aarch64, task_id: 539, task_name: DASH_ZIP, resource_name: zip1, ref_start_time: 2089982917594701, ref_stop_time: 2089982917718421, actual_exe_time: 123720, task_app_start_time:2089980969193987, task_sched_time:2089982917589661
app_id: 0, app_name: SAR_api-aarch64, task_id: 540, task_name: DASH_FFT, resource_name: cpu1, ref_start_time: 2089982918257101, ref_stop_time: 2089982918358021, actual_exe_time: 100920, task_app_start_time:2089980969193987, task_sched_time:2089982918244081
app_id: 0, app_name: SAR_api-aarch64, task_id: 541, task_name: DASH_FFT, resource_name: cpu2, ref_start_time: 2089982919391821, ref_stop_time: 2089982919498561, actual_exe_time: 106740, task_app_start_time:2089980969193987, task_sched_time:2089982919386991
app_id: 0, app_name: SAR_api-aarch64, task_id: 542, task_name: DASH_ZIP, resource_name: cpu3, ref_start_time: 2089982920498191, ref_stop_time: 2089982920576671, actual_exe_time: 78480, task_app_start_time:2089980969193987, task_sched_time:2089982920490961
app_id: 0, app_name: SAR_api-aarch64, task_id: 543, task_name: DASH_FFT, resource_name: fft1, ref_start_time: 2089982921121471, ref_stop_time: 2089982921234571, actual_exe_time: 113100, task_app_start_time:2089980969193987, task_sched_time:2089982921110581
app_id: 0, app_name: SAR_api-aarch64, task_id: 544, task_name: DASH_FFT, resource_name: fft2, ref_start_time: 2089982921692941, ref_stop_time: 2089982921768601, actual_exe_time: 75660, task_app_start_time:2089980969193987, task_sched_time:2089982921689941
app_id: 0, app_name: SAR_api-aarch64, task_id: 545, task_name: DASH_ZIP, resource_name: zip1, ref_start_time: 2089982923087551, ref_stop_time: 2089982923209231, actual_exe_time: 121680, task_app_start_time:2089980969193987, task_sched_time:2089982922437271
app_id: 0, app_name: SAR_api-aarch64, task_id: 546, task_name: DASH_FFT, resource_name: cpu1, ref_start_time: 2089982928827152, ref_stop_time: 2089982928935482, actual_exe_time: 108330, task_app_start_time:2089980969193987, task_sched_time:2089982928815212
app_id: 0, app_name: SAR_api-aarch64, task_id: 547, task_name: DASH_FFT, resource_name: cpu2, ref_start_time: 2089982932301333, ref_stop_time: 2089982932402553, actual_exe_time: 101220, task_app_start_time:2089980969193987, task_sched_time:2089982932288253
app_id: 0, app_name: SAR_api-aarch64, task_id: 548, task_name: DASH_ZIP, resource_name: cpu3, ref_start_time: 2089982933069813, ref_stop_time: 2089982933145293, actual_exe_time: 75480, task_app_start_time:2089980969193987, task_sched_time:2089982933062553
app_id: 0, app_name: SAR_api-aarch64, task_id: 549, task_name: DASH_FFT, resource_name: fft1, ref_start_time: 2089982936548584, ref_stop_time: 2089982936665704, actual_exe_time: 117120, task_app_start_time:2089980969193987, task_sched_time:2089982936541714
app_id: 0, app_name: SAR_api-aarch64, task_id: 550, task_name: DASH_FFT, resource_name: fft2, ref_start_time: 2089982938614654, ref_stop_time: 2089982938694424, actual_exe_time: 79770, task_app_start_time:2089980969193987, task_sched_time:2089982938607544
app_id: 0, app_name: SAR_api-aarch64, task_id: 551, task_name: DASH_ZIP, resource_name: zip1, ref_start_time: 2089982940300804, ref_stop_time: 2089982940423654, actual_exe_time: 122850, task_app_start_time:2089980969193987, task_sched_time:2089982939459424
app_id: 0, app_name: SAR_api-aarch64, task_id: 552, task_name: DASH_FFT, resource_name: cpu1, ref_start_time: 2089982941269324, ref_stop_time: 2089982941372824, actual_exe_time: 103500, task_app_start_time:2089980969193987, task_sched_time:2089982941257504
app_id: 0, app_name: SAR_api-aarch64, task_id: 553, task_name: DASH_FFT, resource_name: cpu2, ref_start_time: 2089982942067174, ref_stop_time: 2089982942167494, actual_exe_time: 100320, task_app_start_time:2089980969193987, task_sched_time:2089982942058024
app_id: 0, app_name: SAR_api-aarch64, task_id: 554, task_name: DASH_ZIP, resource_name: cpu3, ref_start_time: 2089982944312705, ref_stop_time: 2089982944390675, actual_exe_time: 77970, task_app_start_time:2089980969193987, task_sched_time:2089982942725315
app_id: 0, app_name: SAR_api-aarch64, task_id: 555, task_name: DASH_FFT, resource_name: fft1, ref_start_time: 2089982944947715, ref_stop_time: 2089982945059885, actual_exe_time: 112170, task_app_start_time:2089980969193987, task_sched_time:2089982944938145
app_id: 0, app_name: SAR_api-aarch64, task_id: 556, task_name: DASH_FFT, resource_name: fft2, ref_start_time: 2089982945685925, ref_stop_time: 2089982945759695, actual_exe_time: 73770, task_app_start_time:2089980969193987, task_sched_time:2089982945679325
app_id: 0, app_name: SAR_api-aarch64, task_id: 557, task_name: DASH_ZIP, resource_name: zip1, ref_start_time: 2089982948346955, ref_stop_time: 2089982948471155, actual_exe_time: 124200, task_app_start_time:2089980969193987, task_sched_time:2089982946581665
app_id: 0, app_name: SAR_api-aarch64, task_id: 558, task_name: DASH_FFT, resource_name: cpu1, ref_start_time: 2089982949374576, ref_stop_time: 2089982949475406, actual_exe_time: 100830, task_app_start_time:2089980969193987, task_sched_time:2089982949363596
app_id: 0, app_name: SAR_api-aarch64, task_id: 559, task_name: DASH_FFT, resource_name: cpu2, ref_start_time: 2089982950529006, ref_stop_time: 2089982950630856, actual_exe_time: 101850, task_app_start_time:2089980969193987, task_sched_time:2089982950523396
app_id: 0, app_name: SAR_api-aarch64, task_id: 560, task_name: DASH_ZIP, resource_name: cpu3, ref_start_time: 2089982952338306, ref_stop_time: 2089982952417626, actual_exe_time: 79320, task_app_start_time:2089980969193987, task_sched_time:2089982951171666
app_id: 0, app_name: SAR_api-aarch64, task_id: 561, task_name: DASH_FFT, resource_name: fft1, ref_start_time: 2089982953127666, ref_stop_time: 2089982953243466, actual_exe_time: 115800, task_app_start_time:2089980969193987, task_sched_time:2089982953115306
app_id: 0, app_name: SAR_api-aarch64, task_id: 562, task_name: DASH_FFT, resource_name: fft2, ref_start_time: 2089982956380807, ref_stop_time: 2089982956465527, actual_exe_time: 84720, task_app_start_time:2089980969193987, task_sched_time:2089982956353327
app_id: 0, app_name: SAR_api-aarch64, task_id: 563, task_name: DASH_ZIP, resource_name: zip1, ref_start_time: 2089982960487177, ref_stop_time: 2089982960611737, actual_exe_time: 124560, task_app_start_time:2089980969193987, task_sched_time:2089982960481867
app_id: 0, app_name: SAR_api-aarch64, task_id: 564, task_name: DASH_FFT, resource_name: cpu1, ref_start_time: 2089982963940808, ref_stop_time: 2089982964058678, actual_exe_time: 117870, task_app_start_time:2089980969193987, task_sched_time:2089982963928808
app_id: 0, app_name: SAR_api-aarch64, task_id: 565, task_name: DASH_FFT, resource_name: cpu2, ref_start_time: 2089982965119268, ref_stop_time: 2089982965223728, actual_exe_time: 104460, task_app_start_time:2089980969193987, task_sched_time:2089982965045168
app_id: 0, app_name: SAR_api-aarch64, task_id: 566, task_name: DASH_ZIP, resource_name: cpu3, ref_start_time: 2089982968171259, ref_stop_time: 2089982968402679, actual_exe_time: 231420, task_app_start_time:2089980969193987, task_sched_time:2089982965840018
app_id: 0, app_name: SAR_api-aarch64, task_id: 567, task_name: DASH_FFT, resource_name: fft1, ref_start_time: 2089982972548829, ref_stop_time: 2089982972665379, actual_exe_time: 116550, task_app_start_time:2089980969193987, task_sched_time:2089982972542859
app_id: 0, app_name: SAR_api-aarch64, task_id: 568, task_name: DASH_FFT, resource_name: fft2, ref_start_time: 2089982976536670, ref_stop_time: 2089982976621150, actual_exe_time: 84480, task_app_start_time:2089980969193987, task_sched_time:2089982976531300
app_id: 0, app_name: SAR_api-aarch64, task_id: 569, task_name: DASH_ZIP, resource_name: zip1, ref_start_time: 2089982978881830, ref_stop_time: 2089982979006030, actual_exe_time: 124200, task_app_start_time:2089980969193987, task_sched_time:2089982978871990
app_id: 0, app_name: SAR_api-aarch64, task_id: 570, task_name: DASH_FFT, resource_name: cpu1, ref_start_time: 2089982979901291, ref_stop_time: 2089982980005091, actual_exe_time: 103800, task_app_start_time:2089980969193987, task_sched_time:2089982979891541
app_id: 0, app_name: SAR_api-aarch64, task_id: 571, task_name: DASH_FFT, resource_name: cpu2, ref_start_time: 2089982980620781, ref_stop_time: 2089982980719091, actual_exe_time: 98310, task_app_start_time:2089980969193987, task_sched_time:2089982980617811
app_id: 0, app_name: SAR_api-aarch64, task_id: 572, task_name: DASH_ZIP, resource_name: cpu3, ref_start_time: 2089982984642311, ref_stop_time: 2089982984722261, actual_exe_time: 79950, task_app_start_time:2089980969193987, task_sched_time:2089982984635381
app_id: 0, app_name: SAR_api-aarch64, task_id: 573, task_name: DASH_FFT, resource_name: fft1, ref_start_time: 2089982988331772, ref_stop_time: 2089982988457772, actual_exe_time: 126000, task_app_start_time:2089980969193987, task_sched_time:2089982985523291
app_id: 0, app_name: SAR_api-aarch64, task_id: 574, task_name: DASH_FFT, resource_name: fft2, ref_start_time: 2089982989082852, ref_stop_time: 2089982989159832, actual_exe_time: 76980, task_app_start_time:2089980969193987, task_sched_time:2089982989078472
app_id: 0, app_name: SAR_api-aarch64, task_id: 575, task_name: DASH_ZIP, resource_name: zip1, ref_start_time: 2089982989886102, ref_stop_time: 2089982990006192, actual_exe_time: 120090, task_app_start_time:2089980969193987, task_sched_time:2089982989882862
app_id: 0, app_name: SAR_api-aarch64, task_id: 576, task_name: DASH_FFT, resource_name: cpu1, ref_start_time: 2089982994314763, ref_stop_time: 2089982994422343, actual_exe_time: 107580, task_app_start_time:2089980969193987, task_sched_time:2089982990868482
app_id: 0, app_name: SAR_api-aarch64, task_id: 577, task_name: DASH_FFT, resource_name: cpu2, ref_start_time: 2089982995338033, ref_stop_time: 2089982995436973, actual_exe_time: 98940, task_app_start_time:2089980969193987, task_sched_time:2089982995332783
app_id: 0, app_name: SAR_api-aarch64, task_id: 578, task_name: DASH_ZIP, resource_name: cpu3, ref_start_time: 2089983004900565, ref_stop_time: 2089983004980155, actual_exe_time: 79590, task_app_start_time:2089980969193987, task_sched_time:2089983004893245
app_id: 0, app_name: SAR_api-aarch64, task_id: 579, task_name: DASH_FFT, resource_name: fft1, ref_start_time: 2089983005743595, ref_stop_time: 2089983005865665, actual_exe_time: 122070, task_app_start_time:2089980969193987, task_sched_time:2089983005732915
app_id: 0, app_name: SAR_api-aarch64, task_id: 580, task_name: DASH_FFT, resource_name: fft2, ref_start_time: 2089983006408725, ref_stop_time: 2089983006484205, actual_exe_time: 75480, task_app_start_time:2089980969193987, task_sched_time:2089983006400265
app_id: 0, app_name: SAR_api-aarch64, task_id: 581, task_name: DASH_ZIP, resource_name: zip1, ref_start_time: 2089983009683405, ref_stop_time: 2089983009808235, actual_exe_time: 124830, task_app_start_time:2089980969193987, task_sched_time:2089983009677495
app_id: 0, app_name: SAR_api-aarch64, task_id: 582, task_name: DASH_FFT, resource_name: cpu1, ref_start_time: 2089983011005866, ref_stop_time: 2089983011106936, actual_exe_time: 101070, task_app_start_time:2089980969193987, task_sched_time:2089983010999956
app_id: 0, app_name: SAR_api-aarch64, task_id: 583, task_name: DASH_FFT, resource_name: cpu2, ref_start_time: 2089983011776176, ref_stop_time: 2089983011875266, actual_exe_time: 99090, task_app_start_time:2089980969193987, task_sched_time:2089983011767086
app_id: 0, app_name: SAR_api-aarch64, task_id: 584, task_name: DASH_ZIP, resource_name: cpu3, ref_start_time: 2089983016312026, ref_stop_time: 2089983016395936, actual_exe_time: 83910, task_app_start_time:2089980969193987, task_sched_time:2089983015775206
app_id: 0, app_name: SAR_api-aarch64, task_id: 585, task_name: DASH_FFT, resource_name: fft1, ref_start_time: 2089983017123347, ref_stop_time: 2089983017242867, actual_exe_time: 119520, task_app_start_time:2089980969193987, task_sched_time:2089983017117647
app_id: 0, app_name: SAR_api-aarch64, task_id: 586, task_name: DASH_FFT, resource_name: fft2, ref_start_time: 2089983017616847, ref_stop_time: 2089983017695267, actual_exe_time: 78420, task_app_start_time:2089980969193987, task_sched_time:2089983017610187
app_id: 0, app_name: SAR_api-aarch64, task_id: 587, task_name: DASH_ZIP, resource_name: zip1, ref_start_time: 2089983020302147, ref_stop_time: 2089983020540017, actual_exe_time: 237870, task_app_start_time:2089980969193987, task_sched_time:2089983018300067
app_id: 0, app_name: SAR_api-aarch64, task_id: 588, task_name: DASH_FFT, resource_name: cpu1, ref_start_time: 2089983021336697, ref_stop_time: 2089983021437797, actual_exe_time: 101100, task_app_start_time:2089980969193987, task_sched_time:2089983021329617
app_id: 0, app_name: SAR_api-aarch64, task_id: 589, task_name: DASH_FFT, resource_name: cpu2, ref_start_time: 2089983022215907, ref_stop_time: 2089983022313017, actual_exe_time: 97110, task_app_start_time:2089980969193987, task_sched_time:2089983022208527
app_id: 0, app_name: SAR_api-aarch64, task_id: 590, task_name: DASH_ZIP, resource_name: cpu3, ref_start_time: 2089983024302828, ref_stop_time: 2089983024380138, actual_exe_time: 77310, task_app_start_time:2089980969193987, task_sched_time:2089983023014687
app_id: 0, app_name: SAR_api-aarch64, task_id: 591, task_name: DASH_FFT, resource_name: fft1, ref_start_time: 2089983024957098, ref_stop_time: 2089983025067138, actual_exe_time: 110040, task_app_start_time:2089980969193987, task_sched_time:2089983024948038
app_id: 0, app_name: SAR_api-aarch64, task_id: 592, task_name: DASH_FFT, resource_name: fft2, ref_start_time: 2089983025697558, ref_stop_time: 2089983025768148, actual_exe_time: 70590, task_app_start_time:2089980969193987, task_sched_time:2089983025692368
app_id: 0, app_name: SAR_api-aarch64, task_id: 593, task_name: DASH_ZIP, resource_name: zip1, ref_start_time: 2089983026633618, ref_stop_time: 2089983026755778, actual_exe_time: 122160, task_app_start_time:2089980969193987, task_sched_time:2089983026473538
app_id: 0, app_name: SAR_api-aarch64, task_id: 594, task_name: DASH_FFT, resource_name: cpu1, ref_start_time: 2089983027728918, ref_stop_time: 2089983027827798, actual_exe_time: 98880, task_app_start_time:2089980969193987, task_sched_time:2089983027719288
app_id: 0, app_name: SAR_api-aarch64, task_id: 595, task_name: DASH_FFT, resource_name: cpu2, ref_start_time: 2089983028667108, ref_stop_time: 2089983028767308, actual_exe_time: 100200, task_app_start_time:2089980969193987, task_sched_time:2089983028659698
app_id: 0, app_name: SAR_api-aarch64, task_id: 596, task_name: DASH_ZIP, resource_name: cpu3, ref_start_time: 2089983029376458, ref_stop_time: 2089983029451309, actual_exe_time: 74851, task_app_start_time:2089980969193987, task_sched_time:2089983029369858
app_id: 0, app_name: SAR_api-aarch64, task_id: 597, task_name: DASH_FFT, resource_name: fft1, ref_start_time: 2089983030034809, ref_stop_time: 2089983030147639, actual_exe_time: 112830, task_app_start_time:2089980969193987, task_sched_time:2089983030027129
app_id: 0, app_name: SAR_api-aarch64, task_id: 598, task_name: DASH_FFT, resource_name: fft2, ref_start_time: 2089983030681369, ref_stop_time: 2089983030754869, actual_exe_time: 73500, task_app_start_time:2089980969193987, task_sched_time:2089983030674019
app_id: 0, app_name: SAR_api-aarch64, task_id: 599, task_name: DASH_ZIP, resource_name: zip1, ref_start_time: 2089983032326389, ref_stop_time: 2089983032448909, actual_exe_time: 122520, task_app_start_time:2089980969193987, task_sched_time:2089983031411149
app_id: 0, app_name: SAR_api-aarch64, task_id: 600, task_name: DASH_FFT, resource_name: cpu1, ref_start_time: 2089983033149679, ref_stop_time: 2089983033246789, actual_exe_time: 97110, task_app_start_time:2089980969193987, task_sched_time:2089983033138879
app_id: 0, app_name: SAR_api-aarch64, task_id: 601, task_name: DASH_FFT, resource_name: cpu2, ref_start_time: 2089983033779139, ref_stop_time: 2089983033873579, actual_exe_time: 94440, task_app_start_time:2089980969193987, task_sched_time:2089983033769509
app_id: 0, app_name: SAR_api-aarch64, task_id: 602, task_name: DASH_ZIP, resource_name: cpu3, ref_start_time: 2089983036956470, ref_stop_time: 2089983037038970, actual_exe_time: 82500, task_app_start_time:2089980969193987, task_sched_time:2089983036947530
app_id: 0, app_name: SAR_api-aarch64, task_id: 603, task_name: DASH_FFT, resource_name: fft1, ref_start_time: 2089983037357570, ref_stop_time: 2089983037471570, actual_exe_time: 114000, task_app_start_time:2089980969193987, task_sched_time:2089983037343470
app_id: 0, app_name: SAR_api-aarch64, task_id: 604, task_name: DASH_FFT, resource_name: fft2, ref_start_time: 2089983040762720, ref_stop_time: 2089983040842640, actual_exe_time: 79920, task_app_start_time:2089980969193987, task_sched_time:2089983040756240
app_id: 0, app_name: SAR_api-aarch64, task_id: 605, task_name: DASH_ZIP, resource_name: zip1, ref_start_time: 2089983041447440, ref_stop_time: 2089983041565340, actual_exe_time: 117900, task_app_start_time:2089980969193987, task_sched_time:2089983041443780
app_id: 0, app_name: SAR_api-aarch64, task_id: 606, task_name: DASH_FFT, resource_name: cpu1, ref_start_time: 2089983044867051, ref_stop_time: 2089983044969621, actual_exe_time: 102570, task_app_start_time:2089980969193987, task_sched_time:2089983044854601
app_id: 0, app_name: SAR_api-aarch64, task_id: 607, task_name: DASH_FFT, resource_name: cpu2, ref_start_time: 2089983047175671, ref_stop_time: 2089983047284901, actual_exe_time: 109230, task_app_start_time:2089980969193987, task_sched_time:2089983046975331
app_id: 0, app_name: SAR_api-aarch64, task_id: 608, task_name: DASH_ZIP, resource_name: cpu3, ref_start_time: 2089983048550122, ref_stop_time: 2089983048628242, actual_exe_time: 78120, task_app_start_time:2089980969193987, task_sched_time:2089983048026891
app_id: 0, app_name: SAR_api-aarch64, task_id: 609, task_name: DASH_FFT, resource_name: fft1, ref_start_time: 2089983049111572, ref_stop_time: 2089983049223082, actual_exe_time: 111510, task_app_start_time:2089980969193987, task_sched_time:2089983049105392
app_id: 0, app_name: SAR_api-aarch64, task_id: 610, task_name: DASH_FFT, resource_name: fft2, ref_start_time: 2089983049882422, ref_stop_time: 2089983049966332, actual_exe_time: 83910, task_app_start_time:2089980969193987, task_sched_time:2089983049879122
app_id: 0, app_name: SAR_api-aarch64, task_id: 611, task_name: DASH_ZIP, resource_name: zip1, ref_start_time: 2089983052369242, ref_stop_time: 2089983052496322, actual_exe_time: 127080, task_app_start_time:2089980969193987, task_sched_time:2089983050522172
app_id: 0, app_name: SAR_api-aarch64, task_id: 612, task_name: DASH_FFT, resource_name: cpu1, ref_start_time: 2089983053318322, ref_stop_time: 2089983053419332, actual_exe_time: 101010, task_app_start_time:2089980969193987, task_sched_time:2089983053310162
app_id: 0, app_name: SAR_api-aarch64, task_id: 613, task_name: DASH_FFT, resource_name: cpu2, ref_start_time: 2089983054198222, ref_stop_time: 2089983054296893, actual_exe_time: 98671, task_app_start_time:2089980969193987, task_sched_time:2089983054191652
app_id: 0, app_name: SAR_api-aarch64, task_id: 614, task_name: DASH_ZIP, resource_name: cpu3, ref_start_time: 2089983056290573, ref_stop_time: 2089983056369323, actual_exe_time: 78750, task_app_start_time:2089980969193987, task_sched_time:2089983055027033
app_id: 0, app_name: SAR_api-aarch64, task_id: 615, task_name: DASH_FFT, resource_name: fft1, ref_start_time: 2089983056954833, ref_stop_time: 2089983057065653, actual_exe_time: 110820, task_app_start_time:2089980969193987, task_sched_time:2089983056942293
app_id: 0, app_name: SAR_api-aarch64, task_id: 616, task_name: DASH_FFT, resource_name: fft2, ref_start_time: 2089983057624163, ref_stop_time: 2089983057697873, actual_exe_time: 73710, task_app_start_time:2089980969193987, task_sched_time:2089983057619873
app_id: 0, app_name: SAR_api-aarch64, task_id: 617, task_name: DASH_ZIP, resource_name: zip1, ref_start_time: 2089983060321013, ref_stop_time: 2089983060442363, actual_exe_time: 121350, task_app_start_time:2089980969193987, task_sched_time:2089983058291603
app_id: 0, app_name: SAR_api-aarch64, task_id: 618, task_name: DASH_FFT, resource_name: cpu1, ref_start_time: 2089983061207934, ref_stop_time: 2089983061319714, actual_exe_time: 111780, task_app_start_time:2089980969193987, task_sched_time:2089983061201484
app_id: 0, app_name: SAR_api-aarch64, task_id: 619, task_name: DASH_FFT, resource_name: cpu2, ref_start_time: 2089983061863404, ref_stop_time: 2089983061958714, actual_exe_time: 95310, task_app_start_time:2089980969193987, task_sched_time:2089983061855364
app_id: 0, app_name: SAR_api-aarch64, task_id: 620, task_name: DASH_ZIP, resource_name: cpu3, ref_start_time: 2089983063613004, ref_stop_time: 2089983063689984, actual_exe_time: 76980, task_app_start_time:2089980969193987, task_sched_time:2089983062654474
app_id: 0, app_name: SAR_api-aarch64, task_id: 621, task_name: DASH_FFT, resource_name: fft1, ref_start_time: 2089983064162244, ref_stop_time: 2089983064774874, actual_exe_time: 612630, task_app_start_time:2089980969193987, task_sched_time:2089983064154354
app_id: 0, app_name: SAR_api-aarch64, task_id: 622, task_name: DASH_FFT, resource_name: fft2, ref_start_time: 2089983065541674, ref_stop_time: 2089983065617424, actual_exe_time: 75750, task_app_start_time:2089980969193987, task_sched_time:2089983065535044
app_id: 0, app_name: SAR_api-aarch64, task_id: 623, task_name: DASH_ZIP, resource_name: zip1, ref_start_time: 2089983068316975, ref_stop_time: 2089983068441505, actual_exe_time: 124530, task_app_start_time:2089980969193987, task_sched_time:2089983066269954
app_id: 0, app_name: SAR_api-aarch64, task_id: 624, task_name: DASH_FFT, resource_name: cpu1, ref_start_time: 2089983069422865, ref_stop_time: 2089983069523605, actual_exe_time: 100740, task_app_start_time:2089980969193987, task_sched_time:2089983069414105
app_id: 0, app_name: SAR_api-aarch64, task_id: 625, task_name: DASH_FFT, resource_name: cpu2, ref_start_time: 2089983070356765, ref_stop_time: 2089983070458585, actual_exe_time: 101820, task_app_start_time:2089980969193987, task_sched_time:2089983070351335
app_id: 0, app_name: SAR_api-aarch64, task_id: 626, task_name: DASH_ZIP, resource_name: cpu3, ref_start_time: 2089983072315675, ref_stop_time: 2089983072396495, actual_exe_time: 80820, task_app_start_time:2089980969193987, task_sched_time:2089983071179335
app_id: 0, app_name: SAR_api-aarch64, task_id: 627, task_name: DASH_FFT, resource_name: fft1, ref_start_time: 2089983072961186, ref_stop_time: 2089983073072516, actual_exe_time: 111330, task_app_start_time:2089980969193987, task_sched_time:2089983072955996
app_id: 0, app_name: SAR_api-aarch64, task_id: 628, task_name: DASH_FFT, resource_name: fft2, ref_start_time: 2089983073711606, ref_stop_time: 2089983073785766, actual_exe_time: 74160, task_app_start_time:2089980969193987, task_sched_time:2089983073700566
app_id: 0, app_name: SAR_api-aarch64, task_id: 629, task_name: DASH_ZIP, resource_name: zip1, ref_start_time: 2089983076407106, ref_stop_time: 2089983076531786, actual_exe_time: 124680, task_app_start_time:2089980969193987, task_sched_time:2089983074557126
app_id: 0, app_name: SAR_api-aarch64, task_id: 630, task_name: DASH_FFT, resource_name: cpu1, ref_start_time: 2089983077152516, ref_stop_time: 2089983077254216, actual_exe_time: 101700, task_app_start_time:2089980969193987, task_sched_time:2089983077144566
app_id: 0, app_name: SAR_api-aarch64, task_id: 631, task_name: DASH_FFT, resource_name: cpu2, ref_start_time: 2089983077859076, ref_stop_time: 2089983077954326, actual_exe_time: 95250, task_app_start_time:2089980969193987, task_sched_time:2089983077850106
app_id: 0, app_name: SAR_api-aarch64, task_id: 632, task_name: DASH_ZIP, resource_name: cpu3, ref_start_time: 2089983080309057, ref_stop_time: 2089983080387057, actual_exe_time: 78000, task_app_start_time:2089980969193987, task_sched_time:2089983078564976
app_id: 0, app_name: SAR_api-aarch64, task_id: 633, task_name: DASH_FFT, resource_name: fft1, ref_start_time: 2089983080626427, ref_stop_time: 2089983080738147, actual_exe_time: 111720, task_app_start_time:2089980969193987, task_sched_time:2089983080620967
app_id: 0, app_name: SAR_api-aarch64, task_id: 634, task_name: DASH_FFT, resource_name: fft2, ref_start_time: 2089983081549437, ref_stop_time: 2089983081625757, actual_exe_time: 76320, task_app_start_time:2089980969193987, task_sched_time:2089983081543707
app_id: 0, app_name: SAR_api-aarch64, task_id: 635, task_name: DASH_ZIP, resource_name: zip1, ref_start_time: 2089983082404887, ref_stop_time: 2089983082524827, actual_exe_time: 119940, task_app_start_time:2089980969193987, task_sched_time:2089983082396907
app_id: 0, app_name: SAR_api-aarch64, task_id: 636, task_name: DASH_FFT, resource_name: cpu1, ref_start_time: 2089983088566798, ref_stop_time: 2089983088674468, actual_exe_time: 107670, task_app_start_time:2089980969193987, task_sched_time:2089983088556748
app_id: 0, app_name: SAR_api-aarch64, task_id: 637, task_name: DASH_FFT, resource_name: cpu2, ref_start_time: 2089983089428548, ref_stop_time: 2089983089521638, actual_exe_time: 93090, task_app_start_time:2089980969193987, task_sched_time:2089983089422848
app_id: 0, app_name: SAR_api-aarch64, task_id: 638, task_name: DASH_ZIP, resource_name: cpu3, ref_start_time: 2089983090171048, ref_stop_time: 2089983090247188, actual_exe_time: 76140, task_app_start_time:2089980969193987, task_sched_time:2089983090167928
app_id: 0, app_name: SAR_api-aarch64, task_id: 639, task_name: DASH_FFT, resource_name: fft1, ref_start_time: 2089983090823308, ref_stop_time: 2089983090930348, actual_exe_time: 107040, task_app_start_time:2089980969193987, task_sched_time:2089983090809808
app_id: 0, app_name: SAR_api-aarch64, task_id: 640, task_name: DASH_FFT, resource_name: fft2, ref_start_time: 2089983091528818, ref_stop_time: 2089983091598359, actual_exe_time: 69541, task_app_start_time:2089980969193987, task_sched_time:2089983091519038
app_id: 0, app_name: SAR_api-aarch64, task_id: 641, task_name: DASH_ZIP, resource_name: zip1, ref_start_time: 2089983096574969, ref_stop_time: 2089983096699019, actual_exe_time: 124050, task_app_start_time:2089980969193987, task_sched_time:2089983096569809
app_id: 0, app_name: SAR_api-aarch64, task_id: 642, task_name: DASH_FFT, resource_name: cpu1, ref_start_time: 2089983097384069, ref_stop_time: 2089983097483819, actual_exe_time: 99750, task_app_start_time:2089980969193987, task_sched_time:2089983097372369
app_id: 0, app_name: SAR_api-aarch64, task_id: 643, task_name: DASH_FFT, resource_name: cpu2, ref_start_time: 2089983098060960, ref_stop_time: 2089983098155070, actual_exe_time: 94110, task_app_start_time:2089980969193987, task_sched_time:2089983098051390
app_id: 0, app_name: SAR_api-aarch64, task_id: 644, task_name: DASH_ZIP, resource_name: cpu3, ref_start_time: 2089983098743970, ref_stop_time: 2089983098817020, actual_exe_time: 73050, task_app_start_time:2089980969193987, task_sched_time:2089983098738360
app_id: 0, app_name: SAR_api-aarch64, task_id: 645, task_name: DASH_FFT, resource_name: fft1, ref_start_time: 2089983099238790, ref_stop_time: 2089983099347420, actual_exe_time: 108630, task_app_start_time:2089980969193987, task_sched_time:2089983099227300
app_id: 0, app_name: SAR_api-aarch64, task_id: 646, task_name: DASH_FFT, resource_name: fft2, ref_start_time: 2089983102204170, ref_stop_time: 2089983102286850, actual_exe_time: 82680, task_app_start_time:2089980969193987, task_sched_time:2089983102200480
app_id: 0, app_name: SAR_api-aarch64, task_id: 647, task_name: DASH_ZIP, resource_name: zip1, ref_start_time: 2089983103147310, ref_stop_time: 2089983103274300, actual_exe_time: 126990, task_app_start_time:2089980969193987, task_sched_time:2089983103139750
app_id: 0, app_name: SAR_api-aarch64, task_id: 648, task_name: DASH_FFT, resource_name: cpu1, ref_start_time: 2089983112923172, ref_stop_time: 2089983113031562, actual_exe_time: 108390, task_app_start_time:2089980969193987, task_sched_time:2089983112909192
app_id: 0, app_name: SAR_api-aarch64, task_id: 649, task_name: DASH_FFT, resource_name: cpu2, ref_start_time: 2089983113560042, ref_stop_time: 2089983113658772, actual_exe_time: 98730, task_app_start_time:2089980969193987, task_sched_time:2089983113551102
app_id: 0, app_name: SAR_api-aarch64, task_id: 650, task_name: DASH_ZIP, resource_name: cpu3, ref_start_time: 2089983114609202, ref_stop_time: 2089983114685462, actual_exe_time: 76260, task_app_start_time:2089980969193987, task_sched_time:2089983114599602
app_id: 0, app_name: SAR_api-aarch64, task_id: 651, task_name: DASH_FFT, resource_name: fft1, ref_start_time: 2089983115312732, ref_stop_time: 2089983115422562, actual_exe_time: 109830, task_app_start_time:2089980969193987, task_sched_time:2089983115309282
app_id: 0, app_name: SAR_api-aarch64, task_id: 652, task_name: DASH_FFT, resource_name: fft2, ref_start_time: 2089983116021572, ref_stop_time: 2089983116093332, actual_exe_time: 71760, task_app_start_time:2089980969193987, task_sched_time:2089983116012692
app_id: 0, app_name: SAR_api-aarch64, task_id: 653, task_name: DASH_ZIP, resource_name: zip1, ref_start_time: 2089983116672063, ref_stop_time: 2089983116792273, actual_exe_time: 120210, task_app_start_time:2089980969193987, task_sched_time:2089983116668163
app_id: 0, app_name: SAR_api-aarch64, task_id: 654, task_name: DASH_FFT, resource_name: cpu1, ref_start_time: 2089983119903243, ref_stop_time: 2089983119998283, actual_exe_time: 95040, task_app_start_time:2089980969193987, task_sched_time:2089983119890733
app_id: 0, app_name: SAR_api-aarch64, task_id: 655, task_name: DASH_FFT, resource_name: cpu2, ref_start_time: 2089983120593273, ref_stop_time: 2089983120875093, actual_exe_time: 281820, task_app_start_time:2089980969193987, task_sched_time:2089983120586613
app_id: 0, app_name: SAR_api-aarch64, task_id: 656, task_name: DASH_ZIP, resource_name: cpu3, ref_start_time: 2089983121238753, ref_stop_time: 2089983121311983, actual_exe_time: 73230, task_app_start_time:2089980969193987, task_sched_time:2089983121230983
app_id: 0, app_name: SAR_api-aarch64, task_id: 657, task_name: DASH_FFT, resource_name: fft1, ref_start_time: 2089983122227913, ref_stop_time: 2089983122338613, actual_exe_time: 110700, task_app_start_time:2089980969193987, task_sched_time:2089983122216933
app_id: 0, app_name: SAR_api-aarch64, task_id: 658, task_name: DASH_FFT, resource_name: fft2, ref_start_time: 2089983122916024, ref_stop_time: 2089983122988324, actual_exe_time: 72300, task_app_start_time:2089980969193987, task_sched_time:2089983122907864
app_id: 0, app_name: SAR_api-aarch64, task_id: 659, task_name: DASH_ZIP, resource_name: zip1, ref_start_time: 2089983123578784, ref_stop_time: 2089983123697044, actual_exe_time: 118260, task_app_start_time:2089980969193987, task_sched_time:2089983123575484
app_id: 0, app_name: SAR_api-aarch64, task_id: 660, task_name: DASH_FFT, resource_name: cpu1, ref_start_time: 2089983124987524, ref_stop_time: 2089983125088114, actual_exe_time: 100590, task_app_start_time:2089980969193987, task_sched_time:2089983124976634
app_id: 0, app_name: SAR_api-aarch64, task_id: 661, task_name: DASH_FFT, resource_name: cpu2, ref_start_time: 2089983127850844, ref_stop_time: 2089983127957194, actual_exe_time: 106350, task_app_start_time:2089980969193987, task_sched_time:2089983125758614
app_id: 0, app_name: SAR_api-aarch64, task_id: 662, task_name: DASH_ZIP, resource_name: cpu3, ref_start_time: 2089983128764764, ref_stop_time: 2089983128840875, actual_exe_time: 76111, task_app_start_time:2089980969193987, task_sched_time:2089983128757654
app_id: 0, app_name: SAR_api-aarch64, task_id: 663, task_name: DASH_FFT, resource_name: fft1, ref_start_time: 2089983132313165, ref_stop_time: 2089983132436585, actual_exe_time: 123420, task_app_start_time:2089980969193987, task_sched_time:2089983129588055
app_id: 0, app_name: SAR_api-aarch64, task_id: 664, task_name: DASH_FFT, resource_name: fft2, ref_start_time: 2089983133113445, ref_stop_time: 2089983133187725, actual_exe_time: 74280, task_app_start_time:2089980969193987, task_sched_time:2089983133107025
app_id: 0, app_name: SAR_api-aarch64, task_id: 665, task_name: DASH_ZIP, resource_name: zip1, ref_start_time: 2089983133878625, ref_stop_time: 2089983134001655, actual_exe_time: 123030, task_app_start_time:2089980969193987, task_sched_time:2089983133874545
app_id: 0, app_name: SAR_api-aarch64, task_id: 666, task_name: DASH_FFT, resource_name: cpu1, ref_start_time: 2089983139244486, ref_stop_time: 2089983139354856, actual_exe_time: 110370, task_app_start_time:2089980969193987, task_sched_time:2089983134432725
app_id: 0, app_name: SAR_api-aarch64, task_id: 667, task_name: DASH_FFT, resource_name: cpu2, ref_start_time: 2089983140015546, ref_stop_time: 2089983140111666, actual_exe_time: 96120, task_app_start_time:2089980969193987, task_sched_time:2089983140007926
app_id: 0, app_name: SAR_api-aarch64, task_id: 668, task_name: DASH_ZIP, resource_name: cpu3, ref_start_time: 2089983141592827, ref_stop_time: 2089983141669177, actual_exe_time: 76350, task_app_start_time:2089980969193987, task_sched_time:2089983141582837
app_id: 0, app_name: SAR_api-aarch64, task_id: 669, task_name: DASH_FFT, resource_name: fft1, ref_start_time: 2089983144715827, ref_stop_time: 2089983144832887, actual_exe_time: 117060, task_app_start_time:2089980969193987, task_sched_time:2089983144704607
app_id: 0, app_name: SAR_api-aarch64, task_id: 670, task_name: DASH_FFT, resource_name: fft2, ref_start_time: 2089983145449507, ref_stop_time: 2089983145526817, actual_exe_time: 77310, task_app_start_time:2089980969193987, task_sched_time:2089983145441167
app_id: 0, app_name: SAR_api-aarch64, task_id: 671, task_name: DASH_ZIP, resource_name: zip1, ref_start_time: 2089983145972077, ref_stop_time: 2089983146089497, actual_exe_time: 117420, task_app_start_time:2089980969193987, task_sched_time:2089983145967937
app_id: 0, app_name: SAR_api-aarch64, task_id: 672, task_name: DASH_FFT, resource_name: cpu1, ref_start_time: 2089983147071367, ref_stop_time: 2089983147168867, actual_exe_time: 97500, task_app_start_time:2089980969193987, task_sched_time:2089983147064557
app_id: 0, app_name: SAR_api-aarch64, task_id: 673, task_name: DASH_FFT, resource_name: cpu2, ref_start_time: 2089983148494928, ref_stop_time: 2089983148895758, actual_exe_time: 400830, task_app_start_time:2089980969193987, task_sched_time:2089983148485688
app_id: 0, app_name: SAR_api-aarch64, task_id: 674, task_name: DASH_ZIP, resource_name: cpu3, ref_start_time: 2089983149426098, ref_stop_time: 2089983149500378, actual_exe_time: 74280, task_app_start_time:2089980969193987, task_sched_time:2089983149423068
app_id: 0, app_name: SAR_api-aarch64, task_id: 675, task_name: DASH_FFT, resource_name: fft1, ref_start_time: 2089983152784688, ref_stop_time: 2089983152900818, actual_exe_time: 116130, task_app_start_time:2089980969193987, task_sched_time:2089983152777368
app_id: 0, app_name: SAR_api-aarch64, task_id: 676, task_name: DASH_FFT, resource_name: fft2, ref_start_time: 2089983153537988, ref_stop_time: 2089983153610918, actual_exe_time: 72930, task_app_start_time:2089980969193987, task_sched_time:2089983153533368
app_id: 0, app_name: SAR_api-aarch64, task_id: 677, task_name: DASH_ZIP, resource_name: zip1, ref_start_time: 2089983154327919, ref_stop_time: 2089983154454369, actual_exe_time: 126450, task_app_start_time:2089980969193987, task_sched_time:2089983154323329
app_id: 0, app_name: SAR_api-aarch64, task_id: 678, task_name: DASH_FFT, resource_name: cpu1, ref_start_time: 2089983155323799, ref_stop_time: 2089983155421719, actual_exe_time: 97920, task_app_start_time:2089980969193987, task_sched_time:2089983155316779
app_id: 0, app_name: SAR_api-aarch64, task_id: 679, task_name: DASH_FFT, resource_name: cpu2, ref_start_time: 2089983157951439, ref_stop_time: 2089983158047829, actual_exe_time: 96390, task_app_start_time:2089980969193987, task_sched_time:2089983155819759
app_id: 0, app_name: SAR_api-aarch64, task_id: 680, task_name: DASH_ZIP, resource_name: cpu3, ref_start_time: 2089983158714699, ref_stop_time: 2089983158791919, actual_exe_time: 77220, task_app_start_time:2089980969193987, task_sched_time:2089983158711459
app_id: 0, app_name: SAR_api-aarch64, task_id: 681, task_name: DASH_FFT, resource_name: fft1, ref_start_time: 2089983159467759, ref_stop_time: 2089983159577139, actual_exe_time: 109380, task_app_start_time:2089980969193987, task_sched_time:2089983159460019
app_id: 0, app_name: SAR_api-aarch64, task_id: 682, task_name: DASH_FFT, resource_name: fft2, ref_start_time: 2089983160290240, ref_stop_time: 2089983160362510, actual_exe_time: 72270, task_app_start_time:2089980969193987, task_sched_time:2089983160237410
app_id: 0, app_name: SAR_api-aarch64, task_id: 683, task_name: DASH_ZIP, resource_name: zip1, ref_start_time: 2089983161091900, ref_stop_time: 2089983161215080, actual_exe_time: 123180, task_app_start_time:2089980969193987, task_sched_time:2089983161058240
app_id: 0, app_name: SAR_api-aarch64, task_id: 684, task_name: DASH_FFT, resource_name: cpu1, ref_start_time: 2089983164848860, ref_stop_time: 2089983164955600, actual_exe_time: 106740, task_app_start_time:2089980969193987, task_sched_time:2089983164838570
app_id: 0, app_name: SAR_api-aarch64, task_id: 685, task_name: DASH_FFT, resource_name: cpu2, ref_start_time: 2089983165777270, ref_stop_time: 2089983165872370, actual_exe_time: 95100, task_app_start_time:2089980969193987, task_sched_time:2089983165770790
app_id: 0, app_name: SAR_api-aarch64, task_id: 686, task_name: DASH_ZIP, resource_name: cpu3, ref_start_time: 2089983166768381, ref_stop_time: 2089983166847041, actual_exe_time: 78660, task_app_start_time:2089980969193987, task_sched_time:2089983166761511
app_id: 0, app_name: SAR_api-aarch64, task_id: 687, task_name: DASH_FFT, resource_name: fft1, ref_start_time: 2089983169109821, ref_stop_time: 2089983169223641, actual_exe_time: 113820, task_app_start_time:2089980969193987, task_sched_time:2089983169095811
app_id: 0, app_name: SAR_api-aarch64, task_id: 688, task_name: DASH_FFT, resource_name: fft2, ref_start_time: 2089983172906052, ref_stop_time: 2089983172977872, actual_exe_time: 71820, task_app_start_time:2089980969193987, task_sched_time:2089983172896542
app_id: 0, app_name: SAR_api-aarch64, task_id: 689, task_name: DASH_ZIP, resource_name: zip1, ref_start_time: 2089983173706272, ref_stop_time: 2089983173968112, actual_exe_time: 261840, task_app_start_time:2089980969193987, task_sched_time:2089983173701712
app_id: 0, app_name: SAR_api-aarch64, task_id: 690, task_name: DASH_FFT, resource_name: cpu1, ref_start_time: 2089983178393442, ref_stop_time: 2089983178495652, actual_exe_time: 102210, task_app_start_time:2089980969193987, task_sched_time:2089983178381262
app_id: 0, app_name: SAR_api-aarch64, task_id: 691, task_name: DASH_FFT, resource_name: cpu2, ref_start_time: 2089983181718553, ref_stop_time: 2089983181826163, actual_exe_time: 107610, task_app_start_time:2089980969193987, task_sched_time:2089983179428953
app_id: 0, app_name: SAR_api-aarch64, task_id: 692, task_name: DASH_ZIP, resource_name: cpu3, ref_start_time: 2089983188884114, ref_stop_time: 2089983188971264, actual_exe_time: 87150, task_app_start_time:2089980969193987, task_sched_time:2089983188877154
app_id: 0, app_name: SAR_api-aarch64, task_id: 693, task_name: DASH_FFT, resource_name: fft1, ref_start_time: 2089983189634414, ref_stop_time: 2089983189751624, actual_exe_time: 117210, task_app_start_time:2089980969193987, task_sched_time:2089983189631444
app_id: 0, app_name: SAR_api-aarch64, task_id: 694, task_name: DASH_FFT, resource_name: fft2, ref_start_time: 2089983190420504, ref_stop_time: 2089983190491724, actual_exe_time: 71220, task_app_start_time:2089980969193987, task_sched_time:2089983190411324
app_id: 0, app_name: SAR_api-aarch64, task_id: 695, task_name: DASH_ZIP, resource_name: zip1, ref_start_time: 2089983191148875, ref_stop_time: 2089983191271005, actual_exe_time: 122130, task_app_start_time:2089980969193987, task_sched_time:2089983191140805
app_id: 0, app_name: SAR_api-aarch64, task_id: 696, task_name: DASH_FFT, resource_name: cpu1, ref_start_time: 2089983194070725, ref_stop_time: 2089983194173805, actual_exe_time: 103080, task_app_start_time:2089980969193987, task_sched_time:2089983194063645
app_id: 0, app_name: SAR_api-aarch64, task_id: 697, task_name: DASH_FFT, resource_name: cpu2, ref_start_time: 2089983194724785, ref_stop_time: 2089983194819075, actual_exe_time: 94290, task_app_start_time:2089980969193987, task_sched_time:2089983194719745
app_id: 0, app_name: SAR_api-aarch64, task_id: 698, task_name: DASH_ZIP, resource_name: cpu3, ref_start_time: 2089983195591845, ref_stop_time: 2089983195670355, actual_exe_time: 78510, task_app_start_time:2089980969193987, task_sched_time:2089983195588995
app_id: 0, app_name: SAR_api-aarch64, task_id: 699, task_name: DASH_FFT, resource_name: fft1, ref_start_time: 2089983195790865, ref_stop_time: 2089983195903245, actual_exe_time: 112380, task_app_start_time:2089980969193987, task_sched_time:2089983195777905
app_id: 0, app_name: SAR_api-aarch64, task_id: 700, task_name: DASH_FFT, resource_name: fft2, ref_start_time: 2089983204323497, ref_stop_time: 2089983204404287, actual_exe_time: 80790, task_app_start_time:2089980969193987, task_sched_time:2089983196878875
app_id: 0, app_name: SAR_api-aarch64, task_id: 701, task_name: DASH_ZIP, resource_name: zip1, ref_start_time: 2089983205237387, ref_stop_time: 2089983205361077, actual_exe_time: 123690, task_app_start_time:2089980969193987, task_sched_time:2089983205229017
app_id: 0, app_name: SAR_api-aarch64, task_id: 702, task_name: DASH_FFT, resource_name: cpu1, ref_start_time: 2089983206160697, ref_stop_time: 2089983206260147, actual_exe_time: 99450, task_app_start_time:2089980969193987, task_sched_time:2089983206154997
app_id: 0, app_name: SAR_api-aarch64, task_id: 703, task_name: DASH_FFT, resource_name: cpu2, ref_start_time: 2089983206777887, ref_stop_time: 2089983206868037, actual_exe_time: 90150, task_app_start_time:2089980969193987, task_sched_time:2089983206774737
app_id: 0, app_name: SAR_api-aarch64, task_id: 704, task_name: DASH_ZIP, resource_name: cpu3, ref_start_time: 2089983209565757, ref_stop_time: 2089983209648258, actual_exe_time: 82501, task_app_start_time:2089980969193987, task_sched_time:2089983209555587
app_id: 0, app_name: SAR_api-aarch64, task_id: 705, task_name: DASH_FFT, resource_name: fft1, ref_start_time: 2089983210327128, ref_stop_time: 2089983210440168, actual_exe_time: 113040, task_app_start_time:2089980969193987, task_sched_time:2089983210321548
app_id: 0, app_name: SAR_api-aarch64, task_id: 706, task_name: DASH_FFT, resource_name: fft2, ref_start_time: 2089983211041278, ref_stop_time: 2089983211112528, actual_exe_time: 71250, task_app_start_time:2089980969193987, task_sched_time:2089983211035308
app_id: 0, app_name: SAR_api-aarch64, task_id: 707, task_name: DASH_ZIP, resource_name: zip1, ref_start_time: 2089983216750369, ref_stop_time: 2089983216880329, actual_exe_time: 129960, task_app_start_time:2089980969193987, task_sched_time:2089983216739059
app_id: 0, app_name: SAR_api-aarch64, task_id: 708, task_name: DASH_FFT, resource_name: cpu1, ref_start_time: 2089983217569609, ref_stop_time: 2089983217680879, actual_exe_time: 111270, task_app_start_time:2089980969193987, task_sched_time:2089983217564329
app_id: 0, app_name: SAR_api-aarch64, task_id: 709, task_name: DASH_FFT, resource_name: cpu2, ref_start_time: 2089983224431840, ref_stop_time: 2089983224541100, actual_exe_time: 109260, task_app_start_time:2089980969193987, task_sched_time:2089983224427010
app_id: 0, app_name: SAR_api-aarch64, task_id: 710, task_name: DASH_ZIP, resource_name: cpu3, ref_start_time: 2089983225401560, ref_stop_time: 2089983225479770, actual_exe_time: 78210, task_app_start_time:2089980969193987, task_sched_time:2089983225393880
app_id: 0, app_name: SAR_api-aarch64, task_id: 711, task_name: DASH_FFT, resource_name: fft1, ref_start_time: 2089983227182540, ref_stop_time: 2089983227302060, actual_exe_time: 119520, task_app_start_time:2089980969193987, task_sched_time:2089983227169970
app_id: 0, app_name: SAR_api-aarch64, task_id: 712, task_name: DASH_FFT, resource_name: fft2, ref_start_time: 2089983227805700, ref_stop_time: 2089983227878300, actual_exe_time: 72600, task_app_start_time:2089980969193987, task_sched_time:2089983227796370
app_id: 0, app_name: SAR_api-aarch64, task_id: 713, task_name: DASH_ZIP, resource_name: zip1, ref_start_time: 2089983228410441, ref_stop_time: 2089983228533711, actual_exe_time: 123270, task_app_start_time:2089980969193987, task_sched_time:2089983228407171
app_id: 0, app_name: SAR_api-aarch64, task_id: 714, task_name: DASH_FFT, resource_name: cpu1, ref_start_time: 2089983229450421, ref_stop_time: 2089983229546391, actual_exe_time: 95970, task_app_start_time:2089980969193987, task_sched_time:2089983229440071
app_id: 0, app_name: SAR_api-aarch64, task_id: 715, task_name: DASH_FFT, resource_name: cpu2, ref_start_time: 2089983232345751, ref_stop_time: 2089983232456331, actual_exe_time: 110580, task_app_start_time:2089980969193987, task_sched_time:2089983230190251
app_id: 0, app_name: SAR_api-aarch64, task_id: 716, task_name: DASH_ZIP, resource_name: cpu3, ref_start_time: 2089983236341602, ref_stop_time: 2089983236425572, actual_exe_time: 83970, task_app_start_time:2089980969193987, task_sched_time:2089983236330922
app_id: 0, app_name: SAR_api-aarch64, task_id: 717, task_name: DASH_FFT, resource_name: fft1, ref_start_time: 2089983236928672, ref_stop_time: 2089983237297672, actual_exe_time: 369000, task_app_start_time:2089980969193987, task_sched_time:2089983236915412
app_id: 0, app_name: SAR_api-aarch64, task_id: 718, task_name: DASH_FFT, resource_name: fft2, ref_start_time: 2089983240457992, ref_stop_time: 2089983240538302, actual_exe_time: 80310, task_app_start_time:2089980969193987, task_sched_time:2089983240452412
app_id: 0, app_name: SAR_api-aarch64, task_id: 719, task_name: DASH_ZIP, resource_name: zip1, ref_start_time: 2089983243139723, ref_stop_time: 2089983243264043, actual_exe_time: 124320, task_app_start_time:2089980969193987, task_sched_time:2089983243130603
app_id: 0, app_name: SAR_api-aarch64, task_id: 720, task_name: DASH_FFT, resource_name: cpu1, ref_start_time: 2089983244923703, ref_stop_time: 2089983245036053, actual_exe_time: 112350, task_app_start_time:2089980969193987, task_sched_time:2089983244911733
app_id: 0, app_name: SAR_api-aarch64, task_id: 721, task_name: DASH_FFT, resource_name: cpu2, ref_start_time: 2089983247678964, ref_stop_time: 2089983247784474, actual_exe_time: 105510, task_app_start_time:2089980969193987, task_sched_time:2089983245491213
app_id: 0, app_name: SAR_api-aarch64, task_id: 722, task_name: DASH_ZIP, resource_name: cpu3, ref_start_time: 2089983252565244, ref_stop_time: 2089983252650564, actual_exe_time: 85320, task_app_start_time:2089980969193987, task_sched_time:2089983252557024
app_id: 0, app_name: SAR_api-aarch64, task_id: 723, task_name: DASH_FFT, resource_name: fft1, ref_start_time: 2089983256299435, ref_stop_time: 2089983256427985, actual_exe_time: 128550, task_app_start_time:2089980969193987, task_sched_time:2089983256290015
app_id: 0, app_name: SAR_api-aarch64, task_id: 724, task_name: DASH_FFT, resource_name: fft2, ref_start_time: 2089983256828995, ref_stop_time: 2089983256899615, actual_exe_time: 70620, task_app_start_time:2089980969193987, task_sched_time:2089983256821555
app_id: 0, app_name: SAR_api-aarch64, task_id: 725, task_name: DASH_ZIP, resource_name: zip1, ref_start_time: 2089983257963715, ref_stop_time: 2089983258089505, actual_exe_time: 125790, task_app_start_time:2089980969193987, task_sched_time:2089983257960265
app_id: 0, app_name: SAR_api-aarch64, task_id: 726, task_name: DASH_FFT, resource_name: cpu1, ref_start_time: 2089983258529095, ref_stop_time: 2089983258634215, actual_exe_time: 105120, task_app_start_time:2089980969193987, task_sched_time:2089983258439785
app_id: 0, app_name: SAR_api-aarch64, task_id: 727, task_name: DASH_FFT, resource_name: cpu2, ref_start_time: 2089983261966046, ref_stop_time: 2089983262075336, actual_exe_time: 109290, task_app_start_time:2089980969193987, task_sched_time:2089983259198305
app_id: 0, app_name: SAR_api-aarch64, task_id: 728, task_name: DASH_ZIP, resource_name: cpu3, ref_start_time: 2089983264836356, ref_stop_time: 2089983264918646, actual_exe_time: 82290, task_app_start_time:2089980969193987, task_sched_time:2089983264828946
app_id: 0, app_name: SAR_api-aarch64, task_id: 729, task_name: DASH_FFT, resource_name: fft1, ref_start_time: 2089983268488737, ref_stop_time: 2089983268608557, actual_exe_time: 119820, task_app_start_time:2089980969193987, task_sched_time:2089983268479047
app_id: 0, app_name: SAR_api-aarch64, task_id: 730, task_name: DASH_FFT, resource_name: fft2, ref_start_time: 2089983268986557, ref_stop_time: 2089983269053787, actual_exe_time: 67230, task_app_start_time:2089980969193987, task_sched_time:2089983268982447
app_id: 0, app_name: SAR_api-aarch64, task_id: 731, task_name: DASH_ZIP, resource_name: zip1, ref_start_time: 2089983272150598, ref_stop_time: 2089983272435088, actual_exe_time: 284490, task_app_start_time:2089980969193987, task_sched_time:2089983272143908
app_id: 0, app_name: SAR_api-aarch64, task_id: 732, task_name: DASH_FFT, resource_name: cpu1, ref_start_time: 2089983276596868, ref_stop_time: 2089983276707928, actual_exe_time: 111060, task_app_start_time:2089980969193987, task_sched_time:2089983276584928
app_id: 0, app_name: SAR_api-aarch64, task_id: 733, task_name: DASH_FFT, resource_name: cpu2, ref_start_time: 2089983277312608, ref_stop_time: 2089983277405518, actual_exe_time: 92910, task_app_start_time:2089980969193987, task_sched_time:2089983277303638
app_id: 0, app_name: SAR_api-aarch64, task_id: 734, task_name: DASH_ZIP, resource_name: cpu3, ref_start_time: 2089983280362379, ref_stop_time: 2089983280443979, actual_exe_time: 81600, task_app_start_time:2089980969193987, task_sched_time:2089983280355359
app_id: 0, app_name: SAR_api-aarch64, task_id: 735, task_name: DASH_FFT, resource_name: fft1, ref_start_time: 2089983280884709, ref_stop_time: 2089983281001259, actual_exe_time: 116550, task_app_start_time:2089980969193987, task_sched_time:2089983280839049
app_id: 0, app_name: SAR_api-aarch64, task_id: 736, task_name: DASH_FFT, resource_name: fft2, ref_start_time: 2089983284422850, ref_stop_time: 2089983284496080, actual_exe_time: 73230, task_app_start_time:2089980969193987, task_sched_time:2089983284414600
app_id: 0, app_name: SAR_api-aarch64, task_id: 737, task_name: DASH_ZIP, resource_name: zip1, ref_start_time: 2089983287112200, ref_stop_time: 2089983287235410, actual_exe_time: 123210, task_app_start_time:2089980969193987, task_sched_time:2089983287104490
app_id: 0, app_name: SAR_api-aarch64, task_id: 738, task_name: DASH_FFT, resource_name: cpu1, ref_start_time: 2089983288418670, ref_stop_time: 2089983288524870, actual_exe_time: 106200, task_app_start_time:2089980969193987, task_sched_time:2089983288339230
app_id: 0, app_name: SAR_api-aarch64, task_id: 739, task_name: DASH_FFT, resource_name: cpu2, ref_start_time: 2089983291637791, ref_stop_time: 2089983291745401, actual_exe_time: 107610, task_app_start_time:2089980969193987, task_sched_time:2089983288946400
app_id: 0, app_name: SAR_api-aarch64, task_id: 740, task_name: DASH_ZIP, resource_name: cpu3, ref_start_time: 2089983297171922, ref_stop_time: 2089983297255262, actual_exe_time: 83340, task_app_start_time:2089980969193987, task_sched_time:2089983297163402
app_id: 0, app_name: SAR_api-aarch64, task_id: 741, task_name: DASH_FFT, resource_name: fft1, ref_start_time: 2089983297597862, ref_stop_time: 2089983297715042, actual_exe_time: 117180, task_app_start_time:2089980969193987, task_sched_time:2089983297587182
app_id: 0, app_name: SAR_api-aarch64, task_id: 742, task_name: DASH_FFT, resource_name: fft2, ref_start_time: 2089983300474502, ref_stop_time: 2089983300546892, actual_exe_time: 72390, task_app_start_time:2089980969193987, task_sched_time:2089983300471292
app_id: 0, app_name: SAR_api-aarch64, task_id: 743, task_name: DASH_ZIP, resource_name: zip1, ref_start_time: 2089983302125312, ref_stop_time: 2089983302252842, actual_exe_time: 127530, task_app_start_time:2089980969193987, task_sched_time:2089983302121292
app_id: 0, app_name: SAR_api-aarch64, task_id: 744, task_name: DASH_FFT, resource_name: cpu1, ref_start_time: 2089983303074633, ref_stop_time: 2089983303182903, actual_exe_time: 108270, task_app_start_time:2089980969193987, task_sched_time:2089983303067283
app_id: 0, app_name: SAR_api-aarch64, task_id: 745, task_name: DASH_FFT, resource_name: cpu2, ref_start_time: 2089983303451553, ref_stop_time: 2089983303540473, actual_exe_time: 88920, task_app_start_time:2089980969193987, task_sched_time:2089983303444083
app_id: 0, app_name: SAR_api-aarch64, task_id: 746, task_name: DASH_ZIP, resource_name: cpu3, ref_start_time: 2089983308892863, ref_stop_time: 2089983308980763, actual_exe_time: 87900, task_app_start_time:2089980969193987, task_sched_time:2089983308888093
app_id: 0, app_name: SAR_api-aarch64, task_id: 747, task_name: DASH_FFT, resource_name: fft1, ref_start_time: 2089983309391014, ref_stop_time: 2089983309511014, actual_exe_time: 120000, task_app_start_time:2089980969193987, task_sched_time:2089983309385314
app_id: 0, app_name: SAR_api-aarch64, task_id: 748, task_name: DASH_FFT, resource_name: fft2, ref_start_time: 2089983312471594, ref_stop_time: 2089983312546594, actual_exe_time: 75000, task_app_start_time:2089980969193987, task_sched_time:2089983312466374
app_id: 0, app_name: SAR_api-aarch64, task_id: 749, task_name: DASH_ZIP, resource_name: zip1, ref_start_time: 2089983316343185, ref_stop_time: 2089983316466215, actual_exe_time: 123030, task_app_start_time:2089980969193987, task_sched_time:2089983316335265
app_id: 0, app_name: SAR_api-aarch64, task_id: 750, task_name: DASH_FFT, resource_name: cpu1, ref_start_time: 2089983316855405, ref_stop_time: 2089983316962565, actual_exe_time: 107160, task_app_start_time:2089980969193987, task_sched_time:2089983316852375
app_id: 0, app_name: SAR_api-aarch64, task_id: 751, task_name: DASH_FFT, resource_name: cpu2, ref_start_time: 2089983317692915, ref_stop_time: 2089983317805595, actual_exe_time: 112680, task_app_start_time:2089980969193987, task_sched_time:2089983317685595
app_id: 0, app_name: SAR_api-aarch64, task_id: 752, task_name: DASH_ZIP, resource_name: cpu3, ref_start_time: 2089983318895435, ref_stop_time: 2089983318977905, actual_exe_time: 82470, task_app_start_time:2089980969193987, task_sched_time:2089983318887065
app_id: 0, app_name: SAR_api-aarch64, task_id: 753, task_name: DASH_FFT, resource_name: fft1, ref_start_time: 2089983319348255, ref_stop_time: 2089983319479955, actual_exe_time: 131700, task_app_start_time:2089980969193987, task_sched_time:2089983319344295
app_id: 0, app_name: SAR_api-aarch64, task_id: 754, task_name: DASH_FFT, resource_name: fft2, ref_start_time: 2089983321994346, ref_stop_time: 2089983322076666, actual_exe_time: 82320, task_app_start_time:2089980969193987, task_sched_time:2089983319816705
app_id: 0, app_name: SAR_api-aarch64, task_id: 755, task_name: DASH_ZIP, resource_name: zip1, ref_start_time: 2089983328869057, ref_stop_time: 2089983328999677, actual_exe_time: 130620, task_app_start_time:2089980969193987, task_sched_time:2089983328858257
app_id: 0, app_name: SAR_api-aarch64, task_id: 756, task_name: DASH_FFT, resource_name: cpu1, ref_start_time: 2089983329715777, ref_stop_time: 2089983329828727, actual_exe_time: 112950, task_app_start_time:2089980969193987, task_sched_time:2089983329510637
app_id: 0, app_name: SAR_api-aarch64, task_id: 757, task_name: DASH_FFT, resource_name: cpu2, ref_start_time: 2089983331909317, ref_stop_time: 2089983332006307, actual_exe_time: 96990, task_app_start_time:2089980969193987, task_sched_time:2089983331901097
app_id: 0, app_name: SAR_api-aarch64, task_id: 758, task_name: DASH_ZIP, resource_name: cpu3, ref_start_time: 2089983332724897, ref_stop_time: 2089983332804487, actual_exe_time: 79590, task_app_start_time:2089980969193987, task_sched_time:2089983332719767
app_id: 0, app_name: SAR_api-aarch64, task_id: 759, task_name: DASH_FFT, resource_name: fft1, ref_start_time: 2089983336504958, ref_stop_time: 2089983336629728, actual_exe_time: 124770, task_app_start_time:2089980969193987, task_sched_time:2089983336487498
app_id: 0, app_name: SAR_api-aarch64, task_id: 760, task_name: DASH_FFT, resource_name: fft2, ref_start_time: 2089983337035298, ref_stop_time: 2089983337103668, actual_exe_time: 68370, task_app_start_time:2089980969193987, task_sched_time:2089983337025848
app_id: 0, app_name: SAR_api-aarch64, task_id: 761, task_name: DASH_ZIP, resource_name: zip1, ref_start_time: 2089983340455599, ref_stop_time: 2089983340585469, actual_exe_time: 129870, task_app_start_time:2089980969193987, task_sched_time:2089983340449359
app_id: 0, app_name: SAR_api-aarch64, task_id: 762, task_name: DASH_FFT, resource_name: cpu1, ref_start_time: 2089983344597129, ref_stop_time: 2089983344705309, actual_exe_time: 108180, task_app_start_time:2089980969193987, task_sched_time:2089983344576669
app_id: 0, app_name: SAR_api-aarch64, task_id: 763, task_name: DASH_FFT, resource_name: cpu2, ref_start_time: 2089983346613160, ref_stop_time: 2089983346706250, actual_exe_time: 93090, task_app_start_time:2089980969193987, task_sched_time:2089983346603440
app_id: 0, app_name: SAR_api-aarch64, task_id: 764, task_name: DASH_ZIP, resource_name: cpu3, ref_start_time: 2089983347902560, ref_stop_time: 2089983347984610, actual_exe_time: 82050, task_app_start_time:2089980969193987, task_sched_time:2089983347894400
app_id: 0, app_name: SAR_api-aarch64, task_id: 765, task_name: DASH_FFT, resource_name: fft1, ref_start_time: 2089983349056150, ref_stop_time: 2089983349180680, actual_exe_time: 124530, task_app_start_time:2089980969193987, task_sched_time:2089983349046580
app_id: 0, app_name: SAR_api-aarch64, task_id: 766, task_name: DASH_FFT, resource_name: fft2, ref_start_time: 2089983351492870, ref_stop_time: 2089983351572220, actual_exe_time: 79350, task_app_start_time:2089980969193987, task_sched_time:2089983349557900
app_id: 0, app_name: SAR_api-aarch64, task_id: 767, task_name: DASH_ZIP, resource_name: zip1, ref_start_time: 2089983356373511, ref_stop_time: 2089983356503291, actual_exe_time: 129780, task_app_start_time:2089980969193987, task_sched_time:2089983356363431
app_id: 0, app_name: SAR_api-aarch64, task_id: 768, task_name: DASH_FFT, resource_name: cpu1, ref_start_time: 2089983360150722, ref_stop_time: 2089983360278492, actual_exe_time: 127770, task_app_start_time:2089980969193987, task_sched_time:2089983360138872
app_id: 0, app_name: SAR_api-aarch64, task_id: 769, task_name: DASH_FFT, resource_name: cpu2, ref_start_time: 2089983394643047, ref_stop_time: 2089983394697647, actual_exe_time: 54600, task_app_start_time:2089980969193987, task_sched_time:2089983394636837
app_id: 0, app_name: SAR_api-aarch64, task_id: 770, task_name: DASH_FFT, resource_name: cpu3, ref_start_time: 2089983396778358, ref_stop_time: 2089983396849608, actual_exe_time: 71250, task_app_start_time:2089980969193987, task_sched_time:2089983396773648
app_id: 0, app_name: SAR_api-aarch64, task_id: 771, task_name: DASH_FFT, resource_name: fft1, ref_start_time: 2089983400339598, ref_stop_time: 2089983400383338, actual_exe_time: 43740, task_app_start_time:2089980969193987, task_sched_time:2089983400328768
app_id: 0, app_name: SAR_api-aarch64, task_id: 772, task_name: DASH_FFT, resource_name: fft2, ref_start_time: 2089983400788068, ref_stop_time: 2089983400842668, actual_exe_time: 54600, task_app_start_time:2089980969193987, task_sched_time:2089983400779698
app_id: 0, app_name: SAR_api-aarch64, task_id: 773, task_name: DASH_FFT, resource_name: cpu1, ref_start_time: 2089983404085609, ref_stop_time: 2089983404133609, actual_exe_time: 48000, task_app_start_time:2089980969193987, task_sched_time:2089983404081799
app_id: 0, app_name: SAR_api-aarch64, task_id: 774, task_name: DASH_FFT, resource_name: cpu2, ref_start_time: 2089983404540079, ref_stop_time: 2089983404590779, actual_exe_time: 50700, task_app_start_time:2089980969193987, task_sched_time:2089983404530449
app_id: 0, app_name: SAR_api-aarch64, task_id: 775, task_name: DASH_FFT, resource_name: cpu3, ref_start_time: 2089983405270549, ref_stop_time: 2089983405316809, actual_exe_time: 46260, task_app_start_time:2089980969193987, task_sched_time:2089983405265269
app_id: 0, app_name: SAR_api-aarch64, task_id: 776, task_name: DASH_FFT, resource_name: fft1, ref_start_time: 2089983408404019, ref_stop_time: 2089983408468250, actual_exe_time: 64231, task_app_start_time:2089980969193987, task_sched_time:2089983408397209
app_id: 0, app_name: SAR_api-aarch64, task_id: 777, task_name: DASH_FFT, resource_name: fft2, ref_start_time: 2089983408901810, ref_stop_time: 2089983408940720, actual_exe_time: 38910, task_app_start_time:2089980969193987, task_sched_time:2089983408897070
app_id: 0, app_name: SAR_api-aarch64, task_id: 778, task_name: DASH_FFT, resource_name: cpu1, ref_start_time: 2089983412507210, ref_stop_time: 2089983412571470, actual_exe_time: 64260, task_app_start_time:2089980969193987, task_sched_time:2089983412498570
app_id: 0, app_name: SAR_api-aarch64, task_id: 779, task_name: DASH_FFT, resource_name: cpu2, ref_start_time: 2089983416335331, ref_stop_time: 2089983416384651, actual_exe_time: 49320, task_app_start_time:2089980969193987, task_sched_time:2089983416332121
app_id: 0, app_name: SAR_api-aarch64, task_id: 780, task_name: DASH_FFT, resource_name: cpu3, ref_start_time: 2089983416798081, ref_stop_time: 2089983416854541, actual_exe_time: 56460, task_app_start_time:2089980969193987, task_sched_time:2089983416789861
app_id: 0, app_name: SAR_api-aarch64, task_id: 781, task_name: DASH_FFT, resource_name: fft1, ref_start_time: 2089983418907771, ref_stop_time: 2089983418950131, actual_exe_time: 42360, task_app_start_time:2089980969193987, task_sched_time:2089983418900511
app_id: 0, app_name: SAR_api-aarch64, task_id: 782, task_name: DASH_FFT, resource_name: fft2, ref_start_time: 2089983419707931, ref_stop_time: 2089983419758361, actual_exe_time: 50430, task_app_start_time:2089980969193987, task_sched_time:2089983419701661
app_id: 0, app_name: SAR_api-aarch64, task_id: 783, task_name: DASH_FFT, resource_name: cpu1, ref_start_time: 2089983423425652, ref_stop_time: 2089983423480342, actual_exe_time: 54690, task_app_start_time:2089980969193987, task_sched_time:2089983423404562
app_id: 0, app_name: SAR_api-aarch64, task_id: 784, task_name: DASH_FFT, resource_name: cpu2, ref_start_time: 2089983428296633, ref_stop_time: 2089983428367403, actual_exe_time: 70770, task_app_start_time:2089980969193987, task_sched_time:2089983423935412
app_id: 0, app_name: SAR_api-aarch64, task_id: 785, task_name: DASH_FFT, resource_name: cpu3, ref_start_time: 2089983428935243, ref_stop_time: 2089983428980693, actual_exe_time: 45450, task_app_start_time:2089980969193987, task_sched_time:2089983428928703
app_id: 0, app_name: SAR_api-aarch64, task_id: 786, task_name: DASH_FFT, resource_name: fft1, ref_start_time: 2089983432208063, ref_stop_time: 2089983432286003, actual_exe_time: 77940, task_app_start_time:2089980969193987, task_sched_time:2089983432199783
app_id: 0, app_name: SAR_api-aarch64, task_id: 787, task_name: DASH_FFT, resource_name: fft2, ref_start_time: 2089983433079593, ref_stop_time: 2089983433120033, actual_exe_time: 40440, task_app_start_time:2089980969193987, task_sched_time:2089983433074823
app_id: 0, app_name: SAR_api-aarch64, task_id: 788, task_name: DASH_FFT, resource_name: cpu1, ref_start_time: 2089983433636304, ref_stop_time: 2089983433694114, actual_exe_time: 57810, task_app_start_time:2089980969193987, task_sched_time:2089983433620914
app_id: 0, app_name: SAR_api-aarch64, task_id: 789, task_name: DASH_FFT, resource_name: cpu2, ref_start_time: 2089983436786964, ref_stop_time: 2089983436839194, actual_exe_time: 52230, task_app_start_time:2089980969193987, task_sched_time:2089983436777064
app_id: 0, app_name: SAR_api-aarch64, task_id: 790, task_name: DASH_FFT, resource_name: cpu3, ref_start_time: 2089983440374245, ref_stop_time: 2089983440440125, actual_exe_time: 65880, task_app_start_time:2089980969193987, task_sched_time:2089983440363415
app_id: 0, app_name: SAR_api-aarch64, task_id: 791, task_name: DASH_FFT, resource_name: fft1, ref_start_time: 2089983444593475, ref_stop_time: 2089983444638475, actual_exe_time: 45000, task_app_start_time:2089980969193987, task_sched_time:2089983444584625
app_id: 0, app_name: SAR_api-aarch64, task_id: 792, task_name: DASH_FFT, resource_name: fft2, ref_start_time: 2089983446725366, ref_stop_time: 2089983446779426, actual_exe_time: 54060, task_app_start_time:2089980969193987, task_sched_time:2089983446715406
app_id: 0, app_name: SAR_api-aarch64, task_id: 793, task_name: DASH_FFT, resource_name: cpu1, ref_start_time: 2089983447805306, ref_stop_time: 2089983447854236, actual_exe_time: 48930, task_app_start_time:2089980969193987, task_sched_time:2089983447789766
app_id: 0, app_name: SAR_api-aarch64, task_id: 794, task_name: DASH_FFT, resource_name: cpu2, ref_start_time: 2089983452831087, ref_stop_time: 2089983452893967, actual_exe_time: 62880, task_app_start_time:2089980969193987, task_sched_time:2089983452826077
app_id: 0, app_name: SAR_api-aarch64, task_id: 795, task_name: DASH_FFT, resource_name: cpu3, ref_start_time: 2089983456327497, ref_stop_time: 2089983456378377, actual_exe_time: 50880, task_app_start_time:2089980969193987, task_sched_time:2089983456323267
app_id: 0, app_name: SAR_api-aarch64, task_id: 796, task_name: DASH_FFT, resource_name: fft1, ref_start_time: 2089983459954558, ref_stop_time: 2089983460013688, actual_exe_time: 59130, task_app_start_time:2089980969193987, task_sched_time:2089983459945168
app_id: 0, app_name: SAR_api-aarch64, task_id: 797, task_name: DASH_FFT, resource_name: fft2, ref_start_time: 2089983460832478, ref_stop_time: 2089983460872948, actual_exe_time: 40470, task_app_start_time:2089980969193987, task_sched_time:2089983460825338
app_id: 0, app_name: SAR_api-aarch64, task_id: 798, task_name: DASH_FFT, resource_name: cpu1, ref_start_time: 2089983464775409, ref_stop_time: 2089983464838529, actual_exe_time: 63120, task_app_start_time:2089980969193987, task_sched_time:2089983464711749
app_id: 0, app_name: SAR_api-aarch64, task_id: 799, task_name: DASH_FFT, resource_name: cpu2, ref_start_time: 2089983468435949, ref_stop_time: 2089983468490159, actual_exe_time: 54210, task_app_start_time:2089980969193987, task_sched_time:2089983468429259
app_id: 0, app_name: SAR_api-aarch64, task_id: 800, task_name: DASH_FFT, resource_name: cpu3, ref_start_time: 2089983472343690, ref_stop_time: 2089983472408850, actual_exe_time: 65160, task_app_start_time:2089980969193987, task_sched_time:2089983472338500
app_id: 0, app_name: SAR_api-aarch64, task_id: 801, task_name: DASH_FFT, resource_name: fft1, ref_start_time: 2089983474572030, ref_stop_time: 2089983474615920, actual_exe_time: 43890, task_app_start_time:2089980969193987, task_sched_time:2089983474562700
app_id: 0, app_name: SAR_api-aarch64, task_id: 802, task_name: DASH_FFT, resource_name: fft2, ref_start_time: 2089983480601071, ref_stop_time: 2089983480664521, actual_exe_time: 63450, task_app_start_time:2089980969193987, task_sched_time:2089983480595521
app_id: 0, app_name: SAR_api-aarch64, task_id: 803, task_name: DASH_FFT, resource_name: cpu1, ref_start_time: 2089983481218291, ref_stop_time: 2089983481265811, actual_exe_time: 47520, task_app_start_time:2089980969193987, task_sched_time:2089983481207791
app_id: 0, app_name: SAR_api-aarch64, task_id: 804, task_name: DASH_FFT, resource_name: cpu2, ref_start_time: 2089983484670392, ref_stop_time: 2089983484746712, actual_exe_time: 76320, task_app_start_time:2089980969193987, task_sched_time:2089983484666282
app_id: 0, app_name: SAR_api-aarch64, task_id: 805, task_name: DASH_FFT, resource_name: cpu3, ref_start_time: 2089983487349692, ref_stop_time: 2089983487398442, actual_exe_time: 48750, task_app_start_time:2089980969193987, task_sched_time:2089983487342822
app_id: 0, app_name: SAR_api-aarch64, task_id: 806, task_name: DASH_FFT, resource_name: fft1, ref_start_time: 2089983488336002, ref_stop_time: 2089983488394322, actual_exe_time: 58320, task_app_start_time:2089980969193987, task_sched_time:2089983488320282
app_id: 0, app_name: SAR_api-aarch64, task_id: 807, task_name: DASH_FFT, resource_name: fft2, ref_start_time: 2089983493071833, ref_stop_time: 2089983493121393, actual_exe_time: 49560, task_app_start_time:2089980969193987, task_sched_time:2089983493062353
app_id: 0, app_name: SAR_api-aarch64, task_id: 808, task_name: DASH_FFT, resource_name: cpu1, ref_start_time: 2089983496523514, ref_stop_time: 2089983496586784, actual_exe_time: 63270, task_app_start_time:2089980969193987, task_sched_time:2089983496456374
app_id: 0, app_name: SAR_api-aarch64, task_id: 809, task_name: DASH_FFT, resource_name: cpu2, ref_start_time: 2089983500309214, ref_stop_time: 2089983500500554, actual_exe_time: 191340, task_app_start_time:2089980969193987, task_sched_time:2089983500300604
app_id: 0, app_name: SAR_api-aarch64, task_id: 810, task_name: DASH_FFT, resource_name: cpu3, ref_start_time: 2089983502228945, ref_stop_time: 2089983502290715, actual_exe_time: 61770, task_app_start_time:2089980969193987, task_sched_time:2089983502225465
app_id: 0, app_name: SAR_api-aarch64, task_id: 811, task_name: DASH_FFT, resource_name: fft1, ref_start_time: 2089983508723166, ref_stop_time: 2089983508770746, actual_exe_time: 47580, task_app_start_time:2089980969193987, task_sched_time:2089983508707296
app_id: 0, app_name: SAR_api-aarch64, task_id: 812, task_name: DASH_FFT, resource_name: fft2, ref_start_time: 2089983512307116, ref_stop_time: 2089983512367656, actual_exe_time: 60540, task_app_start_time:2089980969193987, task_sched_time:2089983512300516
app_id: 0, app_name: SAR_api-aarch64, task_id: 813, task_name: DASH_FFT, resource_name: cpu1, ref_start_time: 2089983515067627, ref_stop_time: 2089983515116797, actual_exe_time: 49170, task_app_start_time:2089980969193987, task_sched_time:2089983514994037
app_id: 0, app_name: SAR_api-aarch64, task_id: 814, task_name: DASH_FFT, resource_name: cpu2, ref_start_time: 2089983515914077, ref_stop_time: 2089983515966547, actual_exe_time: 52470, task_app_start_time:2089980969193987, task_sched_time:2089983515908887
app_id: 0, app_name: SAR_api-aarch64, task_id: 815, task_name: DASH_FFT, resource_name: cpu3, ref_start_time: 2089983520748788, ref_stop_time: 2089983520807798, actual_exe_time: 59010, task_app_start_time:2089980969193987, task_sched_time:2089983520739818
app_id: 0, app_name: SAR_api-aarch64, task_id: 816, task_name: DASH_FFT, resource_name: fft1, ref_start_time: 2089983521396488, ref_stop_time: 2089983521456068, actual_exe_time: 59580, task_app_start_time:2089980969193987, task_sched_time:2089983521255998
app_id: 0, app_name: SAR_api-aarch64, task_id: 817, task_name: DASH_FFT, resource_name: fft2, ref_start_time: 2089983524687638, ref_stop_time: 2089983524728378, actual_exe_time: 40740, task_app_start_time:2089980969193987, task_sched_time:2089983524681008
app_id: 0, app_name: SAR_api-aarch64, task_id: 818, task_name: DASH_FFT, resource_name: cpu1, ref_start_time: 2089983528464939, ref_stop_time: 2089983528534539, actual_exe_time: 69600, task_app_start_time:2089980969193987, task_sched_time:2089983528453089
app_id: 0, app_name: SAR_api-aarch64, task_id: 819, task_name: DASH_FFT, resource_name: cpu2, ref_start_time: 2089983529792529, ref_stop_time: 2089983529836899, actual_exe_time: 44370, task_app_start_time:2089980969193987, task_sched_time:2089983529789379
app_id: 0, app_name: SAR_api-aarch64, task_id: 820, task_name: DASH_FFT, resource_name: cpu3, ref_start_time: 2089983532681619, ref_stop_time: 2089983532747260, actual_exe_time: 65641, task_app_start_time:2089980969193987, task_sched_time:2089983532674089
app_id: 0, app_name: SAR_api-aarch64, task_id: 821, task_name: DASH_FFT, resource_name: fft1, ref_start_time: 2089983536554110, ref_stop_time: 2089983536599140, actual_exe_time: 45030, task_app_start_time:2089980969193987, task_sched_time:2089983536369730
app_id: 0, app_name: SAR_api-aarch64, task_id: 822, task_name: DASH_FFT, resource_name: fft2, ref_start_time: 2089983540341491, ref_stop_time: 2089983540400561, actual_exe_time: 59070, task_app_start_time:2089980969193987, task_sched_time:2089983540335581
app_id: 0, app_name: SAR_api-aarch64, task_id: 823, task_name: DASH_FFT, resource_name: cpu1, ref_start_time: 2089983543675661, ref_stop_time: 2089983543738901, actual_exe_time: 63240, task_app_start_time:2089980969193987, task_sched_time:2089983543665551
app_id: 0, app_name: SAR_api-aarch64, task_id: 824, task_name: DASH_FFT, resource_name: cpu2, ref_start_time: 2089983544647241, ref_stop_time: 2089983544708261, actual_exe_time: 61020, task_app_start_time:2089980969193987, task_sched_time:2089983544641361
app_id: 0, app_name: SAR_api-aarch64, task_id: 825, task_name: DASH_FFT, resource_name: cpu3, ref_start_time: 2089983548795432, ref_stop_time: 2089983548844842, actual_exe_time: 49410, task_app_start_time:2089980969193987, task_sched_time:2089983548791052
app_id: 0, app_name: SAR_api-aarch64, task_id: 826, task_name: DASH_FFT, resource_name: fft1, ref_start_time: 2089983552349623, ref_stop_time: 2089983552409203, actual_exe_time: 59580, task_app_start_time:2089980969193987, task_sched_time:2089983552342153
app_id: 0, app_name: SAR_api-aarch64, task_id: 827, task_name: DASH_FFT, resource_name: fft2, ref_start_time: 2089983556335633, ref_stop_time: 2089983556378293, actual_exe_time: 42660, task_app_start_time:2089980969193987, task_sched_time:2089983556328643
app_id: 0, app_name: SAR_api-aarch64, task_id: 828, task_name: DASH_FFT, resource_name: cpu1, ref_start_time: 2089983557520663, ref_stop_time: 2089983557581354, actual_exe_time: 60691, task_app_start_time:2089980969193987, task_sched_time:2089983557496843
app_id: 0, app_name: SAR_api-aarch64, task_id: 829, task_name: DASH_FFT, resource_name: cpu2, ref_start_time: 2089983560726404, ref_stop_time: 2089983560776534, actual_exe_time: 50130, task_app_start_time:2089980969193987, task_sched_time:2089983560718064
app_id: 0, app_name: SAR_api-aarch64, task_id: 830, task_name: DASH_FFT, resource_name: cpu3, ref_start_time: 2089983564342635, ref_stop_time: 2089983564555935, actual_exe_time: 213300, task_app_start_time:2089980969193987, task_sched_time:2089983564326855
app_id: 0, app_name: SAR_api-aarch64, task_id: 831, task_name: DASH_FFT, resource_name: fft1, ref_start_time: 2089983568338245, ref_stop_time: 2089983568382855, actual_exe_time: 44610, task_app_start_time:2089980969193987, task_sched_time:2089983568327715
app_id: 0, app_name: SAR_api-aarch64, task_id: 832, task_name: DASH_FFT, resource_name: fft2, ref_start_time: 2089983570850686, ref_stop_time: 2089983570906246, actual_exe_time: 55560, task_app_start_time:2089980969193987, task_sched_time:2089983570841446
app_id: 0, app_name: SAR_api-aarch64, task_id: 833, task_name: DASH_FFT, resource_name: cpu1, ref_start_time: 2089983571456866, ref_stop_time: 2089983571504086, actual_exe_time: 47220, task_app_start_time:2089980969193987, task_sched_time:2089983571426386
app_id: 0, app_name: SAR_api-aarch64, task_id: 834, task_name: DASH_FFT, resource_name: cpu2, ref_start_time: 2089983576860617, ref_stop_time: 2089983576924607, actual_exe_time: 63990, task_app_start_time:2089980969193987, task_sched_time:2089983576851647
app_id: 0, app_name: SAR_api-aarch64, task_id: 835, task_name: DASH_FFT, resource_name: cpu3, ref_start_time: 2089983580720237, ref_stop_time: 2089983580768567, actual_exe_time: 48330, task_app_start_time:2089980969193987, task_sched_time:2089983580715287
app_id: 0, app_name: SAR_api-aarch64, task_id: 836, task_name: DASH_FFT, resource_name: fft1, ref_start_time: 2089983583614758, ref_stop_time: 2089983583670558, actual_exe_time: 55800, task_app_start_time:2089980969193987, task_sched_time:2089983583602938
app_id: 0, app_name: SAR_api-aarch64, task_id: 837, task_name: DASH_FFT, resource_name: fft2, ref_start_time: 2089983584836508, ref_stop_time: 2089983584876918, actual_exe_time: 40410, task_app_start_time:2089980969193987, task_sched_time:2089983584833688
app_id: 0, app_name: SAR_api-aarch64, task_id: 838, task_name: DASH_FFT, resource_name: cpu1, ref_start_time: 2089983588528098, ref_stop_time: 2089983588592898, actual_exe_time: 64800, task_app_start_time:2089980969193987, task_sched_time:2089983588518528
app_id: 0, app_name: SAR_api-aarch64, task_id: 839, task_name: DASH_FFT, resource_name: cpu2, ref_start_time: 2089983592371669, ref_stop_time: 2089983592425249, actual_exe_time: 53580, task_app_start_time:2089980969193987, task_sched_time:2089983592364169
app_id: 0, app_name: SAR_api-aarch64, task_id: 840, task_name: DASH_FFT, resource_name: cpu3, ref_start_time: 2089983596352310, ref_stop_time: 2089983596420470, actual_exe_time: 68160, task_app_start_time:2089980969193987, task_sched_time:2089983596344600
app_id: 0, app_name: SAR_api-aarch64, task_id: 841, task_name: DASH_FFT, resource_name: fft1, ref_start_time: 2089983598019830, ref_stop_time: 2089983598073230, actual_exe_time: 53400, task_app_start_time:2089980969193987, task_sched_time:2089983598013080
app_id: 0, app_name: SAR_api-aarch64, task_id: 842, task_name: DASH_FFT, resource_name: fft2, ref_start_time: 2089983598696960, ref_stop_time: 2089983598753150, actual_exe_time: 56190, task_app_start_time:2089980969193987, task_sched_time:2089983598624570
app_id: 0, app_name: SAR_api-aarch64, task_id: 843, task_name: DASH_FFT, resource_name: cpu1, ref_start_time: 2089983604636391, ref_stop_time: 2089983604691141, actual_exe_time: 54750, task_app_start_time:2089980969193987, task_sched_time:2089983604619381
app_id: 0, app_name: SAR_api-aarch64, task_id: 844, task_name: DASH_FFT, resource_name: cpu2, ref_start_time: 2089983605152691, ref_stop_time: 2089983605203481, actual_exe_time: 50790, task_app_start_time:2089980969193987, task_sched_time:2089983605146391
app_id: 0, app_name: SAR_api-aarch64, task_id: 845, task_name: DASH_FFT, resource_name: cpu3, ref_start_time: 2089983608324352, ref_stop_time: 2089983608372262, actual_exe_time: 47910, task_app_start_time:2089980969193987, task_sched_time:2089983608320872
app_id: 0, app_name: SAR_api-aarch64, task_id: 846, task_name: DASH_FFT, resource_name: fft1, ref_start_time: 2089983611449212, ref_stop_time: 2089983611506392, actual_exe_time: 57180, task_app_start_time:2089980969193987, task_sched_time:2089983611439822
app_id: 0, app_name: SAR_api-aarch64, task_id: 847, task_name: DASH_FFT, resource_name: fft2, ref_start_time: 2089983612700572, ref_stop_time: 2089983612743592, actual_exe_time: 43020, task_app_start_time:2089980969193987, task_sched_time:2089983612562422
app_id: 0, app_name: SAR_api-aarch64, task_id: 848, task_name: DASH_FFT, resource_name: cpu1, ref_start_time: 2089983616084753, ref_stop_time: 2089983616149673, actual_exe_time: 64920, task_app_start_time:2089980969193987, task_sched_time:2089983616079923
app_id: 0, app_name: SAR_api-aarch64, task_id: 849, task_name: DASH_FFT, resource_name: cpu2, ref_start_time: 2089983620878724, ref_stop_time: 2089983620928194, actual_exe_time: 49470, task_app_start_time:2089980969193987, task_sched_time:2089983620873054
app_id: 0, app_name: SAR_api-aarch64, task_id: 850, task_name: DASH_FFT, resource_name: cpu3, ref_start_time: 2089983624335894, ref_stop_time: 2089983624408614, actual_exe_time: 72720, task_app_start_time:2089980969193987, task_sched_time:2089983624329564
app_id: 0, app_name: SAR_api-aarch64, task_id: 851, task_name: DASH_FFT, resource_name: fft1, ref_start_time: 2089983625430414, ref_stop_time: 2089983625473794, actual_exe_time: 43380, task_app_start_time:2089980969193987, task_sched_time:2089983625423304
app_id: 0, app_name: SAR_api-aarch64, task_id: 852, task_name: DASH_FFT, resource_name: fft2, ref_start_time: 2089983626249985, ref_stop_time: 2089983626301885, actual_exe_time: 51900, task_app_start_time:2089980969193987, task_sched_time:2089983626089575
app_id: 0, app_name: SAR_api-aarch64, task_id: 853, task_name: DASH_FFT, resource_name: cpu1, ref_start_time: 2089983628972245, ref_stop_time: 2089983629022765, actual_exe_time: 50520, task_app_start_time:2089980969193987, task_sched_time:2089983628783215
app_id: 0, app_name: SAR_api-aarch64, task_id: 854, task_name: DASH_FFT, resource_name: cpu2, ref_start_time: 2089983632839006, ref_stop_time: 2089983632895496, actual_exe_time: 56490, task_app_start_time:2089980969193987, task_sched_time:2089983632830126
app_id: 0, app_name: SAR_api-aarch64, task_id: 855, task_name: DASH_FFT, resource_name: cpu3, ref_start_time: 2089983636851986, ref_stop_time: 2089983636902116, actual_exe_time: 50130, task_app_start_time:2089980969193987, task_sched_time:2089983636846886
app_id: 0, app_name: SAR_api-aarch64, task_id: 856, task_name: DASH_FFT, resource_name: fft1, ref_start_time: 2089983639334817, ref_stop_time: 2089983639402467, actual_exe_time: 67650, task_app_start_time:2089980969193987, task_sched_time:2089983639326357
app_id: 0, app_name: SAR_api-aarch64, task_id: 857, task_name: DASH_FFT, resource_name: fft2, ref_start_time: 2089983643004717, ref_stop_time: 2089983643054127, actual_exe_time: 49410, task_app_start_time:2089980969193987, task_sched_time:2089983639935717
app_id: 0, app_name: SAR_api-aarch64, task_id: 858, task_name: DASH_FFT, resource_name: cpu1, ref_start_time: 2089983644918478, ref_stop_time: 2089983644986548, actual_exe_time: 68070, task_app_start_time:2089980969193987, task_sched_time:2089983644672508
app_id: 0, app_name: SAR_api-aarch64, task_id: 859, task_name: DASH_FFT, resource_name: cpu2, ref_start_time: 2089983648715578, ref_stop_time: 2089983648762528, actual_exe_time: 46950, task_app_start_time:2089980969193987, task_sched_time:2089983648708888
app_id: 0, app_name: SAR_api-aarch64, task_id: 860, task_name: DASH_FFT, resource_name: cpu3, ref_start_time: 2089983651887419, ref_stop_time: 2089983651954709, actual_exe_time: 67290, task_app_start_time:2089980969193987, task_sched_time:2089983651878329
app_id: 0, app_name: SAR_api-aarch64, task_id: 861, task_name: DASH_FFT, resource_name: fft1, ref_start_time: 2089983652650949, ref_stop_time: 2089983652694329, actual_exe_time: 43380, task_app_start_time:2089980969193987, task_sched_time:2089983652637299
app_id: 0, app_name: SAR_api-aarch64, task_id: 862, task_name: DASH_FFT, resource_name: fft2, ref_start_time: 2089983656538649, ref_stop_time: 2089983656601589, actual_exe_time: 62940, task_app_start_time:2089980969193987, task_sched_time:2089983656530519
app_id: 0, app_name: SAR_api-aarch64, task_id: 863, task_name: DASH_FFT, resource_name: cpu1, ref_start_time: 2089983664737801, ref_stop_time: 2089983664793991, actual_exe_time: 56190, task_app_start_time:2089980969193987, task_sched_time:2089983664638351
app_id: 0, app_name: SAR_api-aarch64, task_id: 864, task_name: DASH_FFT, resource_name: cpu2, ref_start_time: 2089983665871621, ref_stop_time: 2089983665927721, actual_exe_time: 56100, task_app_start_time:2089980969193987, task_sched_time:2089983665866041
app_id: 0, app_name: SAR_api-aarch64, task_id: 865, task_name: DASH_FFT, resource_name: cpu3, ref_start_time: 2089983672388222, ref_stop_time: 2089983672445492, actual_exe_time: 57270, task_app_start_time:2089980969193987, task_sched_time:2089983672381472
app_id: 0, app_name: SAR_api-aarch64, task_id: 866, task_name: DASH_FFT, resource_name: fft1, ref_start_time: 2089983678876353, ref_stop_time: 2089983678946583, actual_exe_time: 70230, task_app_start_time:2089980969193987, task_sched_time:2089983678866423
app_id: 0, app_name: SAR_api-aarch64, task_id: 867, task_name: DASH_FFT, resource_name: fft2, ref_start_time: 2089983679966193, ref_stop_time: 2089983680006663, actual_exe_time: 40470, task_app_start_time:2089980969193987, task_sched_time:2089983679959893
app_id: 0, app_name: SAR_api-aarch64, task_id: 868, task_name: DASH_FFT, resource_name: cpu1, ref_start_time: 2089983684627954, ref_stop_time: 2089983684696984, actual_exe_time: 69030, task_app_start_time:2089980969193987, task_sched_time:2089983684518214
app_id: 0, app_name: SAR_api-aarch64, task_id: 869, task_name: DASH_FFT, resource_name: cpu2, ref_start_time: 2089983692230405, ref_stop_time: 2089983692480905, actual_exe_time: 250500, task_app_start_time:2089980969193987, task_sched_time:2089983692220235
app_id: 0, app_name: SAR_api-aarch64, task_id: 870, task_name: DASH_FFT, resource_name: cpu3, ref_start_time: 2089983693559405, ref_stop_time: 2089983693615835, actual_exe_time: 56430, task_app_start_time:2089980969193987, task_sched_time:2089983693551515
app_id: 0, app_name: SAR_api-aarch64, task_id: 871, task_name: DASH_FFT, resource_name: fft1, ref_start_time: 2089983696432506, ref_stop_time: 2089983696480296, actual_exe_time: 47790, task_app_start_time:2089980969193987, task_sched_time:2089983696424256
app_id: 0, app_name: SAR_api-aarch64, task_id: 872, task_name: DASH_FFT, resource_name: fft2, ref_start_time: 2089983700392656, ref_stop_time: 2089983700453526, actual_exe_time: 60870, task_app_start_time:2089980969193987, task_sched_time:2089983700382876
app_id: 0, app_name: SAR_api-aarch64, task_id: 873, task_name: DASH_FFT, resource_name: cpu1, ref_start_time: 2089983701508027, ref_stop_time: 2089983701557347, actual_exe_time: 49320, task_app_start_time:2089980969193987, task_sched_time:2089983701500137
app_id: 0, app_name: SAR_api-aarch64, task_id: 874, task_name: DASH_FFT, resource_name: cpu2, ref_start_time: 2089983702140127, ref_stop_time: 2089983702191787, actual_exe_time: 51660, task_app_start_time:2089980969193987, task_sched_time:2089983702132687
app_id: 0, app_name: SAR_api-aarch64, task_id: 875, task_name: DASH_FFT, resource_name: cpu3, ref_start_time: 2089983704304837, ref_stop_time: 2089983704350377, actual_exe_time: 45540, task_app_start_time:2089980969193987, task_sched_time:2089983703043247
app_id: 0, app_name: SAR_api-aarch64, task_id: 876, task_name: DASH_FFT, resource_name: fft1, ref_start_time: 2089983704966217, ref_stop_time: 2089983705024387, actual_exe_time: 58170, task_app_start_time:2089980969193987, task_sched_time:2089983704955837
app_id: 0, app_name: SAR_api-aarch64, task_id: 877, task_name: DASH_FFT, resource_name: fft2, ref_start_time: 2089983705495867, ref_stop_time: 2089983705933837, actual_exe_time: 437970, task_app_start_time:2089980969193987, task_sched_time:2089983705492957
app_id: 0, app_name: SAR_api-aarch64, task_id: 878, task_name: DASH_FFT, resource_name: cpu1, ref_start_time: 2089983706661397, ref_stop_time: 2089983706721128, actual_exe_time: 59731, task_app_start_time:2089980969193987, task_sched_time:2089983706637187
app_id: 0, app_name: SAR_api-aarch64, task_id: 879, task_name: DASH_FFT, resource_name: cpu2, ref_start_time: 2089983707538148, ref_stop_time: 2089983707580868, actual_exe_time: 42720, task_app_start_time:2089980969193987, task_sched_time:2089983707533408
app_id: 0, app_name: SAR_api-aarch64, task_id: 880, task_name: DASH_FFT, resource_name: cpu3, ref_start_time: 2089983711595738, ref_stop_time: 2089983711664078, actual_exe_time: 68340, task_app_start_time:2089980969193987, task_sched_time:2089983711587458
app_id: 0, app_name: SAR_api-aarch64, task_id: 881, task_name: DASH_FFT, resource_name: fft1, ref_start_time: 2089983712795438, ref_stop_time: 2089983712845148, actual_exe_time: 49710, task_app_start_time:2089980969193987, task_sched_time:2089983712730428
app_id: 0, app_name: SAR_api-aarch64, task_id: 882, task_name: DASH_FFT, resource_name: fft2, ref_start_time: 2089983716305559, ref_stop_time: 2089983716362289, actual_exe_time: 56730, task_app_start_time:2089980969193987, task_sched_time:2089983713412629
app_id: 0, app_name: SAR_api-aarch64, task_id: 883, task_name: DASH_FFT, resource_name: cpu1, ref_start_time: 2089983717113429, ref_stop_time: 2089983717162119, actual_exe_time: 48690, task_app_start_time:2089980969193987, task_sched_time:2089983717108599
app_id: 0, app_name: SAR_api-aarch64, task_id: 884, task_name: DASH_FFT, resource_name: cpu2, ref_start_time: 2089983717588809, ref_stop_time: 2089983717972389, actual_exe_time: 383580, task_app_start_time:2089980969193987, task_sched_time:2089983717584129
app_id: 0, app_name: SAR_api-aarch64, task_id: 885, task_name: DASH_FFT, resource_name: cpu3, ref_start_time: 2089983721635840, ref_stop_time: 2089983721681800, actual_exe_time: 45960, task_app_start_time:2089980969193987, task_sched_time:2089983721630050
app_id: 0, app_name: SAR_api-aarch64, task_id: 886, task_name: DASH_FFT, resource_name: fft1, ref_start_time: 2089983722539140, ref_stop_time: 2089983722598480, actual_exe_time: 59340, task_app_start_time:2089980969193987, task_sched_time:2089983722534550
app_id: 0, app_name: SAR_api-aarch64, task_id: 887, task_name: DASH_FFT, resource_name: fft2, ref_start_time: 2089983726405961, ref_stop_time: 2089983726453451, actual_exe_time: 47490, task_app_start_time:2089980969193987, task_sched_time:2089983726400621
app_id: 0, app_name: SAR_api-aarch64, task_id: 888, task_name: DASH_FFT, resource_name: cpu1, ref_start_time: 2089983727504981, ref_stop_time: 2089983727580611, actual_exe_time: 75630, task_app_start_time:2089980969193987, task_sched_time:2089983727492561
app_id: 0, app_name: SAR_api-aarch64, task_id: 889, task_name: DASH_FFT, resource_name: cpu2, ref_start_time: 2089983732351362, ref_stop_time: 2089983732403262, actual_exe_time: 51900, task_app_start_time:2089980969193987, task_sched_time:2089983727816501
app_id: 0, app_name: SAR_api-aarch64, task_id: 890, task_name: DASH_FFT, resource_name: cpu3, ref_start_time: 2089983735546392, ref_stop_time: 2089983735606032, actual_exe_time: 59640, task_app_start_time:2089980969193987, task_sched_time:2089983735539492
app_id: 0, app_name: SAR_api-aarch64, task_id: 891, task_name: DASH_FFT, resource_name: fft1, ref_start_time: 2089983736696382, ref_stop_time: 2089983736741232, actual_exe_time: 44850, task_app_start_time:2089980969193987, task_sched_time:2089983736689422
app_id: 0, app_name: SAR_api-aarch64, task_id: 892, task_name: DASH_FFT, resource_name: fft2, ref_start_time: 2089983740378493, ref_stop_time: 2089983740439813, actual_exe_time: 61320, task_app_start_time:2089980969193987, task_sched_time:2089983740369673
app_id: 0, app_name: SAR_api-aarch64, task_id: 893, task_name: DASH_FFT, resource_name: cpu1, ref_start_time: 2089983740754513, ref_stop_time: 2089983740803383, actual_exe_time: 48870, task_app_start_time:2089980969193987, task_sched_time:2089983740746233
app_id: 0, app_name: SAR_api-aarch64, task_id: 894, task_name: DASH_FFT, resource_name: cpu2, ref_start_time: 2089983741811743, ref_stop_time: 2089983741861813, actual_exe_time: 50070, task_app_start_time:2089980969193987, task_sched_time:2089983741807903
app_id: 0, app_name: SAR_api-aarch64, task_id: 895, task_name: DASH_FFT, resource_name: cpu3, ref_start_time: 2089983748387534, ref_stop_time: 2089983748439824, actual_exe_time: 52290, task_app_start_time:2089980969193987, task_sched_time:2089983748376704
app_id: 0, app_name: SAR_api-aarch64, task_id: 896, task_name: DASH_FFT, resource_name: fft1, ref_start_time: 2089983749312974, ref_stop_time: 2089983749372524, actual_exe_time: 59550, task_app_start_time:2089980969193987, task_sched_time:2089983749304844
app_id: 0, app_name: SAR_api-aarch64, task_id: 897, task_name: DASH_FFT, resource_name: fft2, ref_start_time: 2089983750019924, ref_stop_time: 2089983750057904, actual_exe_time: 37980, task_app_start_time:2089980969193987, task_sched_time:2089983750013504
app_id: 0, app_name: SAR_api-aarch64, task_id: 898, task_name: DASH_FFT, resource_name: cpu1, ref_start_time: 2089983752761955, ref_stop_time: 2089983752820635, actual_exe_time: 58680, task_app_start_time:2089980969193987, task_sched_time:2089983752752865
app_id: 0, app_name: SAR_api-aarch64, task_id: 899, task_name: DASH_FFT, resource_name: cpu2, ref_start_time: 2089983756695256, ref_stop_time: 2089983756747366, actual_exe_time: 52110, task_app_start_time:2089980969193987, task_sched_time:2089983756689376
app_id: 0, app_name: SAR_api-aarch64, task_id: 900, task_name: DASH_FFT, resource_name: cpu3, ref_start_time: 2089983760372356, ref_stop_time: 2089983760431696, actual_exe_time: 59340, task_app_start_time:2089980969193987, task_sched_time:2089983760364826
app_id: 0, app_name: SAR_api-aarch64, task_id: 901, task_name: DASH_FFT, resource_name: fft1, ref_start_time: 2089983764338957, ref_stop_time: 2089983764384167, actual_exe_time: 45210, task_app_start_time:2089980969193987, task_sched_time:2089983764328757
app_id: 0, app_name: SAR_api-aarch64, task_id: 902, task_name: DASH_FFT, resource_name: fft2, ref_start_time: 2089983765027127, ref_stop_time: 2089983765081097, actual_exe_time: 53970, task_app_start_time:2089980969193987, task_sched_time:2089983765022837
app_id: 0, app_name: SAR_api-aarch64, task_id: 903, task_name: DASH_FFT, resource_name: cpu1, ref_start_time: 2089983768574147, ref_stop_time: 2089983768629707, actual_exe_time: 55560, task_app_start_time:2089980969193987, task_sched_time:2089983768567757
app_id: 0, app_name: SAR_api-aarch64, task_id: 904, task_name: DASH_FFT, resource_name: cpu2, ref_start_time: 2089983769576418, ref_stop_time: 2089983769631948, actual_exe_time: 55530, task_app_start_time:2089980969193987, task_sched_time:2089983769569278
app_id: 0, app_name: SAR_api-aarch64, task_id: 905, task_name: DASH_FFT, resource_name: cpu3, ref_start_time: 2089983770259218, ref_stop_time: 2089983773980598, actual_exe_time: 3721380, task_app_start_time:2089980969193987, task_sched_time:2089983770213528
app_id: 0, app_name: SAR_api-aarch64, task_id: 906, task_name: DASH_FFT, resource_name: fft1, ref_start_time: 2089983774942248, ref_stop_time: 2089983775002998, actual_exe_time: 60750, task_app_start_time:2089980969193987, task_sched_time:2089983774930218
app_id: 0, app_name: SAR_api-aarch64, task_id: 907, task_name: DASH_FFT, resource_name: fft2, ref_start_time: 2089983775319889, ref_stop_time: 2089983775359849, actual_exe_time: 39960, task_app_start_time:2089980969193987, task_sched_time:2089983775307229
app_id: 0, app_name: SAR_api-aarch64, task_id: 908, task_name: DASH_FFT, resource_name: cpu1, ref_start_time: 2089983776664789, ref_stop_time: 2089983776723979, actual_exe_time: 59190, task_app_start_time:2089980969193987, task_sched_time:2089983776661099
app_id: 0, app_name: SAR_api-aarch64, task_id: 909, task_name: DASH_FFT, resource_name: cpu2, ref_start_time: 2089983777003969, ref_stop_time: 2089983777046419, actual_exe_time: 42450, task_app_start_time:2089980969193987, task_sched_time:2089983776998449
app_id: 0, app_name: SAR_api-aarch64, task_id: 910, task_name: DASH_FFT, resource_name: cpu3, ref_start_time: 2089983780293799, ref_stop_time: 2089983780358419, actual_exe_time: 64620, task_app_start_time:2089980969193987, task_sched_time:2089983777971169
app_id: 0, app_name: SAR_api-aarch64, task_id: 911, task_name: DASH_FFT, resource_name: fft1, ref_start_time: 2089983781071639, ref_stop_time: 2089983781114779, actual_exe_time: 43140, task_app_start_time:2089980969193987, task_sched_time:2089983780994539
app_id: 0, app_name: SAR_api-aarch64, task_id: 912, task_name: DASH_FFT, resource_name: fft2, ref_start_time: 2089983781739800, ref_stop_time: 2089983781787440, actual_exe_time: 47640, task_app_start_time:2089980969193987, task_sched_time:2089983781732660
app_id: 0, app_name: SAR_api-aarch64, task_id: 913, task_name: DASH_FFT, resource_name: cpu1, ref_start_time: 2089983782475160, ref_stop_time: 2089983782522230, actual_exe_time: 47070, task_app_start_time:2089980969193987, task_sched_time:2089983782456380
app_id: 0, app_name: SAR_api-aarch64, task_id: 914, task_name: DASH_FFT, resource_name: cpu2, ref_start_time: 2089983782831680, ref_stop_time: 2089983782880160, actual_exe_time: 48480, task_app_start_time:2089980969193987, task_sched_time:2089983782826670
app_id: 0, app_name: SAR_api-aarch64, task_id: 915, task_name: DASH_FFT, resource_name: cpu3, ref_start_time: 2089983783965530, ref_stop_time: 2089983784012240, actual_exe_time: 46710, task_app_start_time:2089980969193987, task_sched_time:2089983783956830
app_id: 0, app_name: SAR_api-aarch64, task_id: 916, task_name: DASH_FFT, resource_name: fft1, ref_start_time: 2089983784951270, ref_stop_time: 2089983785011510, actual_exe_time: 60240, task_app_start_time:2089980969193987, task_sched_time:2089983784940440
app_id: 0, app_name: SAR_api-aarch64, task_id: 917, task_name: DASH_FFT, resource_name: fft2, ref_start_time: 2089983789417911, ref_stop_time: 2089983789461921, actual_exe_time: 44010, task_app_start_time:2089980969193987, task_sched_time:2089983789408671
app_id: 0, app_name: SAR_api-aarch64, task_id: 918, task_name: DASH_FFT, resource_name: cpu1, ref_start_time: 2089983796508892, ref_stop_time: 2089983796589112, actual_exe_time: 80220, task_app_start_time:2089980969193987, task_sched_time:2089983796502622
app_id: 0, app_name: SAR_api-aarch64, task_id: 919, task_name: DASH_FFT, resource_name: cpu2, ref_start_time: 2089983796825932, ref_stop_time: 2089983796868262, actual_exe_time: 42330, task_app_start_time:2089980969193987, task_sched_time:2089983796817652
app_id: 0, app_name: SAR_api-aarch64, task_id: 920, task_name: DASH_FFT, resource_name: cpu3, ref_start_time: 2089983799517052, ref_stop_time: 2089983799573602, actual_exe_time: 56550, task_app_start_time:2089980969193987, task_sched_time:2089983799512012
app_id: 0, app_name: SAR_api-aarch64, task_id: 921, task_name: DASH_FFT, resource_name: fft1, ref_start_time: 2089983800752363, ref_stop_time: 2089983800796853, actual_exe_time: 44490, task_app_start_time:2089980969193987, task_sched_time:2089983800745193
app_id: 0, app_name: SAR_api-aarch64, task_id: 922, task_name: DASH_FFT, resource_name: fft2, ref_start_time: 2089983804599983, ref_stop_time: 2089983804658663, actual_exe_time: 58680, task_app_start_time:2089980969193987, task_sched_time:2089983804593713
app_id: 0, app_name: SAR_api-aarch64, task_id: 923, task_name: DASH_FFT, resource_name: cpu1, ref_start_time: 2089983808750694, ref_stop_time: 2089983808806074, actual_exe_time: 55380, task_app_start_time:2089980969193987, task_sched_time:2089983808742954
app_id: 0, app_name: SAR_api-aarch64, task_id: 924, task_name: DASH_FFT, resource_name: cpu2, ref_start_time: 2089983812453715, ref_stop_time: 2089983812512815, actual_exe_time: 59100, task_app_start_time:2089980969193987, task_sched_time:2089983812443335
app_id: 0, app_name: SAR_api-aarch64, task_id: 925, task_name: DASH_FFT, resource_name: cpu3, ref_start_time: 2089983812988195, ref_stop_time: 2089983813029655, actual_exe_time: 41460, task_app_start_time:2089980969193987, task_sched_time:2089983812980935
app_id: 0, app_name: SAR_api-aarch64, task_id: 926, task_name: DASH_FFT, resource_name: fft1, ref_start_time: 2089983815746455, ref_stop_time: 2089983815801055, actual_exe_time: 54600, task_app_start_time:2089980969193987, task_sched_time:2089983815707905
app_id: 0, app_name: SAR_api-aarch64, task_id: 927, task_name: DASH_FFT, resource_name: fft2, ref_start_time: 2089983816780495, ref_stop_time: 2089983816819435, actual_exe_time: 38940, task_app_start_time:2089980969193987, task_sched_time:2089983816772965
app_id: 0, app_name: SAR_api-aarch64, task_id: 928, task_name: DASH_FFT, resource_name: cpu1, ref_start_time: 2089983821018896, ref_stop_time: 2089983821084506, actual_exe_time: 65610, task_app_start_time:2089980969193987, task_sched_time:2089983820978306
app_id: 0, app_name: SAR_api-aarch64, task_id: 929, task_name: DASH_FFT, resource_name: cpu2, ref_start_time: 2089983824321656, ref_stop_time: 2089983824375566, actual_exe_time: 53910, task_app_start_time:2089980969193987, task_sched_time:2089983821952976
app_id: 0, app_name: SAR_api-aarch64, task_id: 930, task_name: DASH_FFT, resource_name: cpu3, ref_start_time: 2089983828344357, ref_stop_time: 2089983828402557, actual_exe_time: 58200, task_app_start_time:2089980969193987, task_sched_time:2089983828338177
app_id: 0, app_name: SAR_api-aarch64, task_id: 931, task_name: DASH_FFT, resource_name: fft1, ref_start_time: 2089983829206737, ref_stop_time: 2089983829250117, actual_exe_time: 43380, task_app_start_time:2089980969193987, task_sched_time:2089983829188167
app_id: 0, app_name: SAR_api-aarch64, task_id: 932, task_name: DASH_FFT, resource_name: fft2, ref_start_time: 2089983831553068, ref_stop_time: 2089983831604788, actual_exe_time: 51720, task_app_start_time:2089980969193987, task_sched_time:2089983831546498
app_id: 0, app_name: SAR_api-aarch64, task_id: 933, task_name: DASH_FFT, resource_name: cpu1, ref_start_time: 2089983833506908, ref_stop_time: 2089983833556258, actual_exe_time: 49350, task_app_start_time:2089980969193987, task_sched_time:2089983833470068
app_id: 0, app_name: SAR_api-aarch64, task_id: 934, task_name: DASH_FFT, resource_name: cpu2, ref_start_time: 2089983836316228, ref_stop_time: 2089983836378928, actual_exe_time: 62700, task_app_start_time:2089980969193987, task_sched_time:2089983834259878
app_id: 0, app_name: SAR_api-aarch64, task_id: 935, task_name: DASH_FFT, resource_name: cpu3, ref_start_time: 2089983839541739, ref_stop_time: 2089983839589289, actual_exe_time: 47550, task_app_start_time:2089980969193987, task_sched_time:2089983839534839
app_id: 0, app_name: SAR_api-aarch64, task_id: 936, task_name: DASH_FFT, resource_name: fft1, ref_start_time: 2089983844606730, ref_stop_time: 2089983844665530, actual_exe_time: 58800, task_app_start_time:2089980969193987, task_sched_time:2089983844601450
app_id: 0, app_name: SAR_api-aarch64, task_id: 937, task_name: DASH_FFT, resource_name: fft2, ref_start_time: 2089983845418500, ref_stop_time: 2089983845464580, actual_exe_time: 46080, task_app_start_time:2089980969193987, task_sched_time:2089983845415020
app_id: 0, app_name: SAR_api-aarch64, task_id: 938, task_name: DASH_FFT, resource_name: cpu1, ref_start_time: 2089983848446190, ref_stop_time: 2089983848507480, actual_exe_time: 61290, task_app_start_time:2089980969193987, task_sched_time:2089983848439260
app_id: 0, app_name: SAR_api-aarch64, task_id: 939, task_name: DASH_FFT, resource_name: cpu2, ref_start_time: 2089983849604850, ref_stop_time: 2089983849649431, actual_exe_time: 44581, task_app_start_time:2089980969193987, task_sched_time:2089983849601670
app_id: 0, app_name: SAR_api-aarch64, task_id: 940, task_name: DASH_FFT, resource_name: cpu3, ref_start_time: 2089983852695811, ref_stop_time: 2089983852752481, actual_exe_time: 56670, task_app_start_time:2089980969193987, task_sched_time:2089983852687261
app_id: 0, app_name: SAR_api-aarch64, task_id: 941, task_name: DASH_FFT, resource_name: fft1, ref_start_time: 2089983856833232, ref_stop_time: 2089983856879282, actual_exe_time: 46050, task_app_start_time:2089980969193987, task_sched_time:2089983856783882
app_id: 0, app_name: SAR_api-aarch64, task_id: 942, task_name: DASH_FFT, resource_name: fft2, ref_start_time: 2089983862858643, ref_stop_time: 2089983862926683, actual_exe_time: 68040, task_app_start_time:2089980969193987, task_sched_time:2089983862853273
app_id: 0, app_name: SAR_api-aarch64, task_id: 943, task_name: DASH_FFT, resource_name: cpu1, ref_start_time: 2089983863262713, ref_stop_time: 2089983863311343, actual_exe_time: 48630, task_app_start_time:2089980969193987, task_sched_time:2089983863214653
app_id: 0, app_name: SAR_api-aarch64, task_id: 944, task_name: DASH_FFT, resource_name: cpu2, ref_start_time: 2089983864932753, ref_stop_time: 2089983865014803, actual_exe_time: 82050, task_app_start_time:2089980969193987, task_sched_time:2089983864922793
app_id: 0, app_name: SAR_api-aarch64, task_id: 945, task_name: DASH_FFT, resource_name: cpu3, ref_start_time: 2089983868400094, ref_stop_time: 2089983868448844, actual_exe_time: 48750, task_app_start_time:2089980969193987, task_sched_time:2089983868392924
app_id: 0, app_name: SAR_api-aarch64, task_id: 946, task_name: DASH_FFT, resource_name: fft1, ref_start_time: 2089983872645724, ref_stop_time: 2089983872704164, actual_exe_time: 58440, task_app_start_time:2089980969193987, task_sched_time:2089983872619894
app_id: 0, app_name: SAR_api-aarch64, task_id: 947, task_name: DASH_FFT, resource_name: fft2, ref_start_time: 2089983876945895, ref_stop_time: 2089983876987385, actual_exe_time: 41490, task_app_start_time:2089980969193987, task_sched_time:2089983876936985
app_id: 0, app_name: SAR_api-aarch64, task_id: 948, task_name: DASH_FFT, resource_name: cpu1, ref_start_time: 2089983879194275, ref_stop_time: 2089983879261745, actual_exe_time: 67470, task_app_start_time:2089980969193987, task_sched_time:2089983879190075
app_id: 0, app_name: SAR_api-aarch64, task_id: 949, task_name: DASH_FFT, resource_name: cpu2, ref_start_time: 2089983884624306, ref_stop_time: 2089983884679386, actual_exe_time: 55080, task_app_start_time:2089980969193987, task_sched_time:2089983884614286
app_id: 0, app_name: SAR_api-aarch64, task_id: 950, task_name: DASH_FFT, resource_name: cpu3, ref_start_time: 2089983888366207, ref_stop_time: 2089983888429507, actual_exe_time: 63300, task_app_start_time:2089980969193987, task_sched_time:2089983888352887
app_id: 0, app_name: SAR_api-aarch64, task_id: 951, task_name: DASH_FFT, resource_name: fft1, ref_start_time: 2089983892797567, ref_stop_time: 2089983892847217, actual_exe_time: 49650, task_app_start_time:2089980969193987, task_sched_time:2089983892790787
app_id: 0, app_name: SAR_api-aarch64, task_id: 952, task_name: DASH_FFT, resource_name: fft2, ref_start_time: 2089983896797678, ref_stop_time: 2089983896855038, actual_exe_time: 57360, task_app_start_time:2089980969193987, task_sched_time:2089983896653798
app_id: 0, app_name: SAR_api-aarch64, task_id: 953, task_name: DASH_FFT, resource_name: cpu1, ref_start_time: 2089983897686188, ref_stop_time: 2089983897738778, actual_exe_time: 52590, task_app_start_time:2089980969193987, task_sched_time:2089983897681298
app_id: 0, app_name: SAR_api-aarch64, task_id: 954, task_name: DASH_FFT, resource_name: cpu2, ref_start_time: 2089983900306749, ref_stop_time: 2089983900369539, actual_exe_time: 62790, task_app_start_time:2089980969193987, task_sched_time:2089983898458748
app_id: 0, app_name: SAR_api-aarch64, task_id: 955, task_name: DASH_FFT, resource_name: cpu3, ref_start_time: 2089983904358009, ref_stop_time: 2089983904405229, actual_exe_time: 47220, task_app_start_time:2089980969193987, task_sched_time:2089983904350869
app_id: 0, app_name: SAR_api-aarch64, task_id: 956, task_name: DASH_FFT, resource_name: fft1, ref_start_time: 2089983904606889, ref_stop_time: 2089983904664099, actual_exe_time: 57210, task_app_start_time:2089980969193987, task_sched_time:2089983904601969
app_id: 0, app_name: SAR_api-aarch64, task_id: 957, task_name: DASH_FFT, resource_name: fft2, ref_start_time: 2089983907150740, ref_stop_time: 2089983907193130, actual_exe_time: 42390, task_app_start_time:2089980969193987, task_sched_time:2089983907146810
app_id: 0, app_name: SAR_api-aarch64, task_id: 958, task_name: DASH_FFT, resource_name: cpu1, ref_start_time: 2089983912545611, ref_stop_time: 2089983912620491, actual_exe_time: 74880, task_app_start_time:2089980969193987, task_sched_time:2089983912536221
app_id: 0, app_name: SAR_api-aarch64, task_id: 959, task_name: DASH_FFT, resource_name: cpu2, ref_start_time: 2089983916564021, ref_stop_time: 2089983916611211, actual_exe_time: 47190, task_app_start_time:2089980969193987, task_sched_time:2089983916560091
app_id: 0, app_name: SAR_api-aarch64, task_id: 960, task_name: DASH_FFT, resource_name: cpu3, ref_start_time: 2089983920742812, ref_stop_time: 2089983920802362, actual_exe_time: 59550, task_app_start_time:2089980969193987, task_sched_time:2089983920738252
app_id: 0, app_name: SAR_api-aarch64, task_id: 961, task_name: DASH_FFT, resource_name: fft1, ref_start_time: 2089983922273832, ref_stop_time: 2089983922508132, actual_exe_time: 234300, task_app_start_time:2089980969193987, task_sched_time:2089983922229702
app_id: 0, app_name: SAR_api-aarch64, task_id: 962, task_name: DASH_FFT, resource_name: fft2, ref_start_time: 2089983924552453, ref_stop_time: 2089983924609303, actual_exe_time: 56850, task_app_start_time:2089980969193987, task_sched_time:2089983924543093
app_id: 0, app_name: SAR_api-aarch64, task_id: 963, task_name: DASH_FFT, resource_name: cpu1, ref_start_time: 2089983926569863, ref_stop_time: 2089983926623563, actual_exe_time: 53700, task_app_start_time:2089980969193987, task_sched_time:2089983926561523
app_id: 0, app_name: SAR_api-aarch64, task_id: 964, task_name: DASH_FFT, resource_name: cpu2, ref_start_time: 2089983928421133, ref_stop_time: 2089983928485813, actual_exe_time: 64680, task_app_start_time:2089980969193987, task_sched_time:2089983927228633
app_id: 0, app_name: SAR_api-aarch64, task_id: 965, task_name: DASH_FFT, resource_name: cpu3, ref_start_time: 2089983928703313, ref_stop_time: 2089983928744653, actual_exe_time: 41340, task_app_start_time:2089980969193987, task_sched_time:2089983928697103
app_id: 0, app_name: SAR_api-aarch64, task_id: 966, task_name: DASH_FFT, resource_name: fft1, ref_start_time: 2089983929725323, ref_stop_time: 2089983929788413, actual_exe_time: 63090, task_app_start_time:2089980969193987, task_sched_time:2089983929715093
app_id: 0, app_name: SAR_api-aarch64, task_id: 967, task_name: DASH_FFT, resource_name: fft2, ref_start_time: 2089983932293594, ref_stop_time: 2089983932338984, actual_exe_time: 45390, task_app_start_time:2089980969193987, task_sched_time:2089983930394834
app_id: 0, app_name: SAR_api-aarch64, task_id: 968, task_name: DASH_FFT, resource_name: cpu1, ref_start_time: 2089983933095914, ref_stop_time: 2089983933155134, actual_exe_time: 59220, task_app_start_time:2089980969193987, task_sched_time:2089983933081814
app_id: 0, app_name: SAR_api-aarch64, task_id: 969, task_name: DASH_FFT, resource_name: cpu2, ref_start_time: 2089983935755294, ref_stop_time: 2089983935803204, actual_exe_time: 47910, task_app_start_time:2089980969193987, task_sched_time:2089983933833644
app_id: 0, app_name: SAR_api-aarch64, task_id: 970, task_name: DASH_FFT, resource_name: cpu3, ref_start_time: 2089983939909095, ref_stop_time: 2089983939974555, actual_exe_time: 65460, task_app_start_time:2089980969193987, task_sched_time:2089983936824075
app_id: 0, app_name: SAR_api-aarch64, task_id: 971, task_name: DASH_FFT, resource_name: fft1, ref_start_time: 2089983944607366, ref_stop_time: 2089983944657886, actual_exe_time: 50520, task_app_start_time:2089980969193987, task_sched_time:2089983944601486
app_id: 0, app_name: SAR_api-aarch64, task_id: 972, task_name: DASH_FFT, resource_name: fft2, ref_start_time: 2089983948447606, ref_stop_time: 2089983948504396, actual_exe_time: 56790, task_app_start_time:2089980969193987, task_sched_time:2089983948439086
app_id: 0, app_name: SAR_api-aarch64, task_id: 973, task_name: DASH_FFT, resource_name: cpu1, ref_start_time: 2089983950687257, ref_stop_time: 2089983950744677, actual_exe_time: 57420, task_app_start_time:2089980969193987, task_sched_time:2089983950677927
app_id: 0, app_name: SAR_api-aarch64, task_id: 974, task_name: DASH_FFT, resource_name: cpu2, ref_start_time: 2089983951693637, ref_stop_time: 2089983951747937, actual_exe_time: 54300, task_app_start_time:2089980969193987, task_sched_time:2089983951684457
app_id: 0, app_name: SAR_api-aarch64, task_id: 975, task_name: DASH_FFT, resource_name: cpu3, ref_start_time: 2089983956417798, ref_stop_time: 2089983956472338, actual_exe_time: 54540, task_app_start_time:2089980969193987, task_sched_time:2089983956410478
app_id: 0, app_name: SAR_api-aarch64, task_id: 976, task_name: DASH_FFT, resource_name: fft1, ref_start_time: 2089983957250748, ref_stop_time: 2089983957306278, actual_exe_time: 55530, task_app_start_time:2089980969193987, task_sched_time:2089983957238538
app_id: 0, app_name: SAR_api-aarch64, task_id: 977, task_name: DASH_FFT, resource_name: fft2, ref_start_time: 2089983960528698, ref_stop_time: 2089983960572108, actual_exe_time: 43410, task_app_start_time:2089980969193987, task_sched_time:2089983960518738
app_id: 0, app_name: SAR_api-aarch64, task_id: 978, task_name: DASH_FFT, resource_name: cpu1, ref_start_time: 2089983964494429, ref_stop_time: 2089983964568409, actual_exe_time: 73980, task_app_start_time:2089980969193987, task_sched_time:2089983964489749
app_id: 0, app_name: SAR_api-aarch64, task_id: 979, task_name: DASH_FFT, resource_name: cpu2, ref_start_time: 2089983964895439, ref_stop_time: 2089983964937649, actual_exe_time: 42210, task_app_start_time:2089980969193987, task_sched_time:2089983964890819
app_id: 0, app_name: SAR_api-aarch64, task_id: 980, task_name: DASH_FFT, resource_name: cpu3, ref_start_time: 2089983967459839, ref_stop_time: 2089983967513989, actual_exe_time: 54150, task_app_start_time:2089980969193987, task_sched_time:2089983967452189
app_id: 0, app_name: SAR_api-aarch64, task_id: 981, task_name: DASH_FFT, resource_name: fft1, ref_start_time: 2089983968706820, ref_stop_time: 2089983968754520, actual_exe_time: 47700, task_app_start_time:2089980969193987, task_sched_time:2089983968618200
app_id: 0, app_name: SAR_api-aarch64, task_id: 982, task_name: DASH_FFT, resource_name: fft2, ref_start_time: 2089983972399430, ref_stop_time: 2089983972457930, actual_exe_time: 58500, task_app_start_time:2089980969193987, task_sched_time:2089983972394210
app_id: 0, app_name: SAR_api-aarch64, task_id: 983, task_name: DASH_FFT, resource_name: cpu1, ref_start_time: 2089983976729871, ref_stop_time: 2089983976783601, actual_exe_time: 53730, task_app_start_time:2089980969193987, task_sched_time:2089983976722761
app_id: 0, app_name: SAR_api-aarch64, task_id: 984, task_name: DASH_FFT, resource_name: cpu2, ref_start_time: 2089983980344692, ref_stop_time: 2089983980401182, actual_exe_time: 56490, task_app_start_time:2089980969193987, task_sched_time:2089983980336982
app_id: 0, app_name: SAR_api-aarch64, task_id: 985, task_name: DASH_FFT, resource_name: cpu3, ref_start_time: 2089983981091422, ref_stop_time: 2089983981133062, actual_exe_time: 41640, task_app_start_time:2089980969193987, task_sched_time:2089983981087732
app_id: 0, app_name: SAR_api-aarch64, task_id: 986, task_name: DASH_FFT, resource_name: fft1, ref_start_time: 2089983983974932, ref_stop_time: 2089983984028122, actual_exe_time: 53190, task_app_start_time:2089980969193987, task_sched_time:2089983983956752
app_id: 0, app_name: SAR_api-aarch64, task_id: 987, task_name: DASH_FFT, resource_name: fft2, ref_start_time: 2089983984902532, ref_stop_time: 2089983984943212, actual_exe_time: 40680, task_app_start_time:2089980969193987, task_sched_time:2089983984896832
app_id: 0, app_name: SAR_api-aarch64, task_id: 988, task_name: DASH_FFT, resource_name: cpu1, ref_start_time: 2089983988832143, ref_stop_time: 2089983988897423, actual_exe_time: 65280, task_app_start_time:2089980969193987, task_sched_time:2089983988814023
app_id: 0, app_name: SAR_api-aarch64, task_id: 989, task_name: DASH_FFT, resource_name: cpu2, ref_start_time: 2089983996398984, ref_stop_time: 2089983996453524, actual_exe_time: 54540, task_app_start_time:2089980969193987, task_sched_time:2089983996389384
app_id: 0, app_name: SAR_api-aarch64, task_id: 990, task_name: DASH_FFT, resource_name: cpu3, ref_start_time: 2089983999467955, ref_stop_time: 2089983999520275, actual_exe_time: 52320, task_app_start_time:2089980969193987, task_sched_time:2089983999462645
app_id: 0, app_name: SAR_api-aarch64, task_id: 991, task_name: DASH_FFT, resource_name: fft1, ref_start_time: 2089984000138965, ref_stop_time: 2089984000189815, actual_exe_time: 50850, task_app_start_time:2089980969193987, task_sched_time:2089984000133145
app_id: 0, app_name: SAR_api-aarch64, task_id: 992, task_name: DASH_FFT, resource_name: fft2, ref_start_time: 2089984004750415, ref_stop_time: 2089984004806635, actual_exe_time: 56220, task_app_start_time:2089980969193987, task_sched_time:2089984004742375
app_id: 0, app_name: SAR_api-aarch64, task_id: 993, task_name: DASH_FFT, resource_name: cpu1, ref_start_time: 2089984012665617, ref_stop_time: 2089984012722647, actual_exe_time: 57030, task_app_start_time:2089980969193987, task_sched_time:2089984012656437
app_id: 0, app_name: SAR_api-aarch64, task_id: 994, task_name: DASH_FFT, resource_name: cpu2, ref_start_time: 2089984014169607, ref_stop_time: 2089984014225737, actual_exe_time: 56130, task_app_start_time:2089980969193987, task_sched_time:2089984014164867
app_id: 0, app_name: SAR_api-aarch64, task_id: 995, task_name: DASH_FFT, resource_name: cpu3, ref_start_time: 2089984020425298, ref_stop_time: 2089984020481578, actual_exe_time: 56280, task_app_start_time:2089980969193987, task_sched_time:2089984020414858
app_id: 0, app_name: SAR_api-aarch64, task_id: 996, task_name: DASH_FFT, resource_name: fft1, ref_start_time: 2089984020717318, ref_stop_time: 2089984020774618, actual_exe_time: 57300, task_app_start_time:2089980969193987, task_sched_time:2089984020712278
app_id: 0, app_name: SAR_api-aarch64, task_id: 997, task_name: DASH_FFT, resource_name: fft2, ref_start_time: 2089984027357609, ref_stop_time: 2089984027405939, actual_exe_time: 48330, task_app_start_time:2089980969193987, task_sched_time:2089984027347079
app_id: 0, app_name: SAR_api-aarch64, task_id: 998, task_name: DASH_FFT, resource_name: cpu1, ref_start_time: 2089984032838280, ref_stop_time: 2089984032908450, actual_exe_time: 70170, task_app_start_time:2089980969193987, task_sched_time:2089984032833300
app_id: 0, app_name: SAR_api-aarch64, task_id: 999, task_name: DASH_FFT, resource_name: cpu2, ref_start_time: 2089984036356591, ref_stop_time: 2089984036402851, actual_exe_time: 46260, task_app_start_time:2089980969193987, task_sched_time:2089984036351611
app_id: 0, app_name: SAR_api-aarch64, task_id: 1000, task_name: DASH_FFT, resource_name: cpu3, ref_start_time: 2089984040353701, ref_stop_time: 2089984040422911, actual_exe_time: 69210, task_app_start_time:2089980969193987, task_sched_time:2089984040345301
app_id: 0, app_name: SAR_api-aarch64, task_id: 1001, task_name: DASH_FFT, resource_name: fft1, ref_start_time: 2089984041608481, ref_stop_time: 2089984041655221, actual_exe_time: 46740, task_app_start_time:2089980969193987, task_sched_time:2089984041603261
app_id: 0, app_name: SAR_api-aarch64, task_id: 1002, task_name: DASH_FFT, resource_name: fft2, ref_start_time: 2089984044602242, ref_stop_time: 2089984044657922, actual_exe_time: 55680, task_app_start_time:2089980969193987, task_sched_time:2089984044592252
app_id: 0, app_name: SAR_api-aarch64, task_id: 1003, task_name: DASH_FFT, resource_name: cpu1, ref_start_time: 2089984052648273, ref_stop_time: 2089984052703233, actual_exe_time: 54960, task_app_start_time:2089980969193987, task_sched_time:2089984052637953
app_id: 0, app_name: SAR_api-aarch64, task_id: 1004, task_name: DASH_FFT, resource_name: cpu2, ref_start_time: 2089984055533614, ref_stop_time: 2089984055590764, actual_exe_time: 57150, task_app_start_time:2089980969193987, task_sched_time:2089984055528814
app_id: 0, app_name: SAR_api-aarch64, task_id: 1005, task_name: DASH_FFT, resource_name: cpu3, ref_start_time: 2089984060485654, ref_stop_time: 2089984060541904, actual_exe_time: 56250, task_app_start_time:2089980969193987, task_sched_time:2089984060476984
app_id: 0, app_name: SAR_api-aarch64, task_id: 1006, task_name: DASH_FFT, resource_name: fft1, ref_start_time: 2089984064345215, ref_stop_time: 2089984064405335, actual_exe_time: 60120, task_app_start_time:2089980969193987, task_sched_time:2089984064340355
app_id: 0, app_name: SAR_api-aarch64, task_id: 1007, task_name: DASH_FFT, resource_name: fft2, ref_start_time: 2089984068899816, ref_stop_time: 2089984068944156, actual_exe_time: 44340, task_app_start_time:2089980969193987, task_sched_time:2089984068891986
app_id: 0, app_name: SAR_api-aarch64, task_id: 1008, task_name: DASH_FFT, resource_name: cpu1, ref_start_time: 2089984069463726, ref_stop_time: 2089984069528976, actual_exe_time: 65250, task_app_start_time:2089980969193987, task_sched_time:2089984069459406
app_id: 0, app_name: SAR_api-aarch64, task_id: 1009, task_name: DASH_FFT, resource_name: cpu2, ref_start_time: 2089984076433087, ref_stop_time: 2089984076486607, actual_exe_time: 53520, task_app_start_time:2089980969193987, task_sched_time:2089984076425227
app_id: 0, app_name: SAR_api-aarch64, task_id: 1010, task_name: DASH_FFT, resource_name: cpu3, ref_start_time: 2089984082997028, ref_stop_time: 2089984083058708, actual_exe_time: 61680, task_app_start_time:2089980969193987, task_sched_time:2089984082806888
app_id: 0, app_name: SAR_api-aarch64, task_id: 1011, task_name: DASH_FFT, resource_name: fft1, ref_start_time: 2089984088360489, ref_stop_time: 2089984088412149, actual_exe_time: 51660, task_app_start_time:2089980969193987, task_sched_time:2089984088350979
app_id: 0, app_name: SAR_api-aarch64, task_id: 1012, task_name: DASH_FFT, resource_name: fft2, ref_start_time: 2089984092519930, ref_stop_time: 2089984092573810, actual_exe_time: 53880, task_app_start_time:2089980969193987, task_sched_time:2089984092510210
app_id: 0, app_name: SAR_api-aarch64, task_id: 1013, task_name: DASH_FFT, resource_name: cpu1, ref_start_time: 2089984096215420, ref_stop_time: 2089984096285440, actual_exe_time: 70020, task_app_start_time:2089980969193987, task_sched_time:2089984096198710
app_id: 0, app_name: SAR_api-aarch64, task_id: 1014, task_name: DASH_FFT, resource_name: cpu2, ref_start_time: 2089984100426131, ref_stop_time: 2089984100486671, actual_exe_time: 60540, task_app_start_time:2089980969193987, task_sched_time:2089984100416771
app_id: 0, app_name: SAR_api-aarch64, task_id: 1015, task_name: DASH_FFT, resource_name: cpu3, ref_start_time: 2089984108336142, ref_stop_time: 2089984108395122, actual_exe_time: 58980, task_app_start_time:2089980969193987, task_sched_time:2089984108326902
app_id: 0, app_name: SAR_api-aarch64, task_id: 1016, task_name: DASH_FFT, resource_name: fft1, ref_start_time: 2089984110068402, ref_stop_time: 2089984110129092, actual_exe_time: 60690, task_app_start_time:2089980969193987, task_sched_time:2089984110063062
app_id: 0, app_name: SAR_api-aarch64, task_id: 1017, task_name: DASH_FFT, resource_name: fft2, ref_start_time: 2089984110355052, ref_stop_time: 2089984110392732, actual_exe_time: 37680, task_app_start_time:2089980969193987, task_sched_time:2089984110350762
app_id: 0, app_name: SAR_api-aarch64, task_id: 1018, task_name: DASH_FFT, resource_name: cpu1, ref_start_time: 2089984116729363, ref_stop_time: 2089984116803943, actual_exe_time: 74580, task_app_start_time:2089980969193987, task_sched_time:2089984116720933
app_id: 0, app_name: SAR_api-aarch64, task_id: 1019, task_name: DASH_FFT, resource_name: cpu2, ref_start_time: 2089984120349434, ref_stop_time: 2089984120395874, actual_exe_time: 46440, task_app_start_time:2089980969193987, task_sched_time:2089984120339624
app_id: 0, app_name: SAR_api-aarch64, task_id: 1020, task_name: DASH_FFT, resource_name: cpu3, ref_start_time: 2089984123932425, ref_stop_time: 2089984124001875, actual_exe_time: 69450, task_app_start_time:2089980969193987, task_sched_time:2089984123784435
app_id: 0, app_name: SAR_api-aarch64, task_id: 1021, task_name: DASH_FFT, resource_name: fft1, ref_start_time: 2089984128700835, ref_stop_time: 2089984128752735, actual_exe_time: 51900, task_app_start_time:2089980969193987, task_sched_time:2089984128689825
app_id: 0, app_name: SAR_api-aarch64, task_id: 1022, task_name: DASH_FFT, resource_name: fft2, ref_start_time: 2089984132364766, ref_stop_time: 2089984132415946, actual_exe_time: 51180, task_app_start_time:2089980969193987, task_sched_time:2089984132357956
app_id: 0, app_name: SAR_api-aarch64, task_id: 1023, task_name: DASH_FFT, resource_name: cpu1, ref_start_time: 2089984137452887, ref_stop_time: 2089984137510907, actual_exe_time: 58020, task_app_start_time:2089980969193987, task_sched_time:2089984137447547
app_id: 0, app_name: SAR_api-aarch64, task_id: 1024, task_name: DASH_FFT, resource_name: cpu2, ref_start_time: 2089984137744367, ref_stop_time: 2089984137795067, actual_exe_time: 50700, task_app_start_time:2089980969193987, task_sched_time:2089984137736297
app_id: 0, app_name: SAR_api-aarch64, task_id: 1025, task_name: DASH_FFT, resource_name: cpu3, ref_start_time: 2089984144416788, ref_stop_time: 2089984144473728, actual_exe_time: 56940, task_app_start_time:2089980969193987, task_sched_time:2089984144405568
app_id: 0, app_name: SAR_api-aarch64, task_id: 1026, task_name: DASH_FFT, resource_name: fft1, ref_start_time: 2089984150822989, ref_stop_time: 2089984150894149, actual_exe_time: 71160, task_app_start_time:2089980969193987, task_sched_time:2089984150816089
app_id: 0, app_name: SAR_api-aarch64, task_id: 1027, task_name: DASH_FFT, resource_name: fft2, ref_start_time: 2089984152666999, ref_stop_time: 2089984152709749, actual_exe_time: 42750, task_app_start_time:2089980969193987, task_sched_time:2089984152657369
app_id: 0, app_name: SAR_api-aarch64, task_id: 1028, task_name: DASH_FFT, resource_name: cpu1, ref_start_time: 2089984156518280, ref_stop_time: 2089984156584760, actual_exe_time: 66480, task_app_start_time:2089980969193987, task_sched_time:2089984156510510
app_id: 0, app_name: SAR_api-aarch64, task_id: 1029, task_name: DASH_FFT, resource_name: cpu2, ref_start_time: 2089984164438581, ref_stop_time: 2089984164489551, actual_exe_time: 50970, task_app_start_time:2089980969193987, task_sched_time:2089984164429971
app_id: 0, app_name: SAR_api-aarch64, task_id: 1030, task_name: DASH_FFT, resource_name: cpu3, ref_start_time: 2089984165542731, ref_stop_time: 2089984165604711, actual_exe_time: 61980, task_app_start_time:2089980969193987, task_sched_time:2089984165382261
app_id: 0, app_name: SAR_api-aarch64, task_id: 1031, task_name: DASH_FFT, resource_name: fft1, ref_start_time: 2089984172624262, ref_stop_time: 2089984172676492, actual_exe_time: 52230, task_app_start_time:2089980969193987, task_sched_time:2089984172610792
app_id: 0, app_name: SAR_api-aarch64, task_id: 1032, task_name: DASH_FFT, resource_name: fft2, ref_start_time: 2089984176356053, ref_stop_time: 2089984176412813, actual_exe_time: 56760, task_app_start_time:2089980969193987, task_sched_time:2089984176347773
app_id: 0, app_name: SAR_api-aarch64, task_id: 1033, task_name: DASH_FFT, resource_name: cpu1, ref_start_time: 2089984178834173, ref_stop_time: 2089984178886463, actual_exe_time: 52290, task_app_start_time:2089980969193987, task_sched_time:2089984178830513
app_id: 0, app_name: SAR_api-aarch64, task_id: 1034, task_name: DASH_FFT, resource_name: cpu2, ref_start_time: 2089984180352954, ref_stop_time: 2089984180408724, actual_exe_time: 55770, task_app_start_time:2089980969193987, task_sched_time:2089984180346924
app_id: 0, app_name: SAR_api-aarch64, task_id: 1035, task_name: DASH_FFT, resource_name: cpu3, ref_start_time: 2089984184750564, ref_stop_time: 2089984184804354, actual_exe_time: 53790, task_app_start_time:2089980969193987, task_sched_time:2089984184741534
app_id: 0, app_name: SAR_api-aarch64, task_id: 1036, task_name: DASH_FFT, resource_name: fft1, ref_start_time: 2089984188362895, ref_stop_time: 2089984188420375, actual_exe_time: 57480, task_app_start_time:2089980969193987, task_sched_time:2089984188352095
app_id: 0, app_name: SAR_api-aarch64, task_id: 1037, task_name: DASH_FFT, resource_name: fft2, ref_start_time: 2089984192771426, ref_stop_time: 2089984192814776, actual_exe_time: 43350, task_app_start_time:2089980969193987, task_sched_time:2089984192762396
app_id: 0, app_name: SAR_api-aarch64, task_id: 1038, task_name: DASH_FFT, resource_name: cpu1, ref_start_time: 2089984198014767, ref_stop_time: 2089984198090667, actual_exe_time: 75900, task_app_start_time:2089980969193987, task_sched_time:2089984196846386
app_id: 0, app_name: SAR_api-aarch64, task_id: 1039, task_name: DASH_FFT, resource_name: cpu2, ref_start_time: 2089984212715399, ref_stop_time: 2089984212776479, actual_exe_time: 61080, task_app_start_time:2089980969193987, task_sched_time:2089984208770218
app_id: 0, app_name: SAR_api-aarch64, task_id: 1040, task_name: DASH_FFT, resource_name: cpu3, ref_start_time: 2089984216417940, ref_stop_time: 2089984216486220, actual_exe_time: 68280, task_app_start_time:2089980969193987, task_sched_time:2089984216411340
app_id: 0, app_name: SAR_api-aarch64, task_id: 1041, task_name: DASH_FFT, resource_name: fft1, ref_start_time: 2089984221940550, ref_stop_time: 2089984221987200, actual_exe_time: 46650, task_app_start_time:2089980969193987, task_sched_time:2089984221812630
app_id: 0, app_name: SAR_api-aarch64, task_id: 1042, task_name: DASH_FFT, resource_name: fft2, ref_start_time: 2089984224348411, ref_stop_time: 2089984224410601, actual_exe_time: 62190, task_app_start_time:2089980969193987, task_sched_time:2089984224339321
app_id: 0, app_name: SAR_api-aarch64, task_id: 1043, task_name: DASH_FFT, resource_name: cpu1, ref_start_time: 2089984232545012, ref_stop_time: 2089984232601622, actual_exe_time: 56610, task_app_start_time:2089980969193987, task_sched_time:2089984232531002
app_id: 0, app_name: SAR_api-aarch64, task_id: 1044, task_name: DASH_FFT, resource_name: cpu2, ref_start_time: 2089984235193803, ref_stop_time: 2089984235252333, actual_exe_time: 58530, task_app_start_time:2089980969193987, task_sched_time:2089984235184893
app_id: 0, app_name: SAR_api-aarch64, task_id: 1045, task_name: DASH_FFT, resource_name: cpu3, ref_start_time: 2089984236346613, ref_stop_time: 2089984236395663, actual_exe_time: 49050, task_app_start_time:2089980969193987, task_sched_time:2089984236338033
app_id: 0, app_name: SAR_api-aarch64, task_id: 1046, task_name: DASH_FFT, resource_name: fft1, ref_start_time: 2089984244446074, ref_stop_time: 2089984244517054, actual_exe_time: 70980, task_app_start_time:2089980969193987, task_sched_time:2089984244440884
app_id: 0, app_name: SAR_api-aarch64, task_id: 1047, task_name: DASH_FFT, resource_name: fft2, ref_start_time: 2089984248351535, ref_stop_time: 2089984248393265, actual_exe_time: 41730, task_app_start_time:2089980969193987, task_sched_time:2089984248341005
app_id: 0, app_name: SAR_api-aarch64, task_id: 1048, task_name: DASH_FFT, resource_name: cpu1, ref_start_time: 2089984249326475, ref_stop_time: 2089984249387795, actual_exe_time: 61320, task_app_start_time:2089980969193987, task_sched_time:2089984249322185
app_id: 0, app_name: SAR_api-aarch64, task_id: 1049, task_name: DASH_FFT, resource_name: cpu2, ref_start_time: 2089984256345396, ref_stop_time: 2089984256402426, actual_exe_time: 57030, task_app_start_time:2089980969193987, task_sched_time:2089984256336876
app_id: 0, app_name: SAR_api-aarch64, task_id: 1050, task_name: DASH_FFT, resource_name: cpu3, ref_start_time: 2089984260354177, ref_stop_time: 2089984260421857, actual_exe_time: 67680, task_app_start_time:2089980969193987, task_sched_time:2089984260349137
app_id: 0, app_name: SAR_api-aarch64, task_id: 1051, task_name: DASH_FFT, resource_name: fft1, ref_start_time: 2089984262669427, ref_stop_time: 2089984262716767, actual_exe_time: 47340, task_app_start_time:2089980969193987, task_sched_time:2089984262665197
app_id: 0, app_name: SAR_api-aarch64, task_id: 1052, task_name: DASH_FFT, resource_name: fft2, ref_start_time: 2089984264622277, ref_stop_time: 2089984264682367, actual_exe_time: 60090, task_app_start_time:2089980969193987, task_sched_time:2089984264612647
app_id: 0, app_name: SAR_api-aarch64, task_id: 1053, task_name: DASH_FFT, resource_name: cpu1, ref_start_time: 2089984268527348, ref_stop_time: 2089984268584078, actual_exe_time: 56730, task_app_start_time:2089980969193987, task_sched_time:2089984268521858
app_id: 0, app_name: SAR_api-aarch64, task_id: 1054, task_name: DASH_FFT, resource_name: cpu2, ref_start_time: 2089984276317899, ref_stop_time: 2089984276379519, actual_exe_time: 61620, task_app_start_time:2089980969193987, task_sched_time:2089984276313639
app_id: 0, app_name: SAR_api-aarch64, task_id: 1055, task_name: DASH_FFT, resource_name: cpu3, ref_start_time: 2089984280411130, ref_stop_time: 2089984280465100, actual_exe_time: 53970, task_app_start_time:2089980969193987, task_sched_time:2089984280399400
app_id: 0, app_name: SAR_api-aarch64, task_id: 1056, task_name: DASH_FFT, resource_name: fft1, ref_start_time: 2089984284547020, ref_stop_time: 2089984284607501, actual_exe_time: 60481, task_app_start_time:2089980969193987, task_sched_time:2089984284537510
app_id: 0, app_name: SAR_api-aarch64, task_id: 1057, task_name: DASH_FFT, resource_name: fft2, ref_start_time: 2089984288365151, ref_stop_time: 2089984288408021, actual_exe_time: 42870, task_app_start_time:2089980969193987, task_sched_time:2089984288357831
app_id: 0, app_name: SAR_api-aarch64, task_id: 1058, task_name: DASH_FFT, resource_name: cpu1, ref_start_time: 2089984290637141, ref_stop_time: 2089984290699421, actual_exe_time: 62280, task_app_start_time:2089980969193987, task_sched_time:2089984290620311
app_id: 0, app_name: SAR_api-aarch64, task_id: 1059, task_name: DASH_FFT, resource_name: cpu2, ref_start_time: 2089984296468272, ref_stop_time: 2089984296520292, actual_exe_time: 52020, task_app_start_time:2089980969193987, task_sched_time:2089984296463502
app_id: 0, app_name: SAR_api-aarch64, task_id: 1060, task_name: DASH_FFT, resource_name: cpu3, ref_start_time: 2089984303314184, ref_stop_time: 2089984303379944, actual_exe_time: 65760, task_app_start_time:2089980969193987, task_sched_time:2089984303219954
app_id: 0, app_name: SAR_api-aarch64, task_id: 1061, task_name: DASH_FFT, resource_name: fft1, ref_start_time: 2089984303969774, ref_stop_time: 2089984304014084, actual_exe_time: 44310, task_app_start_time:2089980969193987, task_sched_time:2089984303881184
app_id: 0, app_name: SAR_api-aarch64, task_id: 1062, task_name: DASH_FFT, resource_name: fft2, ref_start_time: 2089984308480304, ref_stop_time: 2089984308534454, actual_exe_time: 54150, task_app_start_time:2089980969193987, task_sched_time:2089984308447664
app_id: 0, app_name: SAR_api-aarch64, task_id: 1063, task_name: DASH_FFT, resource_name: cpu1, ref_start_time: 2089984316504256, ref_stop_time: 2089984316559156, actual_exe_time: 54900, task_app_start_time:2089980969193987, task_sched_time:2089984316460126
app_id: 0, app_name: SAR_api-aarch64, task_id: 1064, task_name: DASH_FFT, resource_name: cpu2, ref_start_time: 2089984316771136, ref_stop_time: 2089984316821566, actual_exe_time: 50430, task_app_start_time:2089980969193987, task_sched_time:2089984316762136
app_id: 0, app_name: SAR_api-aarch64, task_id: 1065, task_name: DASH_FFT, resource_name: cpu3, ref_start_time: 2089984320490026, ref_stop_time: 2089984320543276, actual_exe_time: 53250, task_app_start_time:2089980969193987, task_sched_time:2089984320481236
app_id: 0, app_name: SAR_api-aarch64, task_id: 1066, task_name: DASH_FFT, resource_name: fft1, ref_start_time: 2089984324593907, ref_stop_time: 2089984324655107, actual_exe_time: 61200, task_app_start_time:2089980969193987, task_sched_time:2089984324586827
app_id: 0, app_name: SAR_api-aarch64, task_id: 1067, task_name: DASH_FFT, resource_name: fft2, ref_start_time: 2089984328797448, ref_stop_time: 2089984328839208, actual_exe_time: 41760, task_app_start_time:2089980969193987, task_sched_time:2089984328791718
app_id: 0, app_name: SAR_api-aarch64, task_id: 1068, task_name: DASH_FFT, resource_name: cpu1, ref_start_time: 2089984331623988, ref_stop_time: 2089984331687618, actual_exe_time: 63630, task_app_start_time:2089980969193987, task_sched_time:2089984331606228
app_id: 0, app_name: SAR_api-aarch64, task_id: 1069, task_name: DASH_FFT, resource_name: cpu2, ref_start_time: 2089984336616889, ref_stop_time: 2089984336667259, actual_exe_time: 50370, task_app_start_time:2089980969193987, task_sched_time:2089984336608639
app_id: 0, app_name: SAR_api-aarch64, task_id: 1070, task_name: DASH_FFT, resource_name: cpu3, ref_start_time: 2089984340354139, ref_stop_time: 2089984340419359, actual_exe_time: 65220, task_app_start_time:2089980969193987, task_sched_time:2089984340345799
app_id: 0, app_name: SAR_api-aarch64, task_id: 1071, task_name: DASH_FFT, resource_name: fft1, ref_start_time: 2089984344946420, ref_stop_time: 2089984345211470, actual_exe_time: 265050, task_app_start_time:2089980969193987, task_sched_time:2089984344882250
app_id: 0, app_name: SAR_api-aarch64, task_id: 1072, task_name: DASH_FFT, resource_name: fft2, ref_start_time: 2089984346635450, ref_stop_time: 2089984346686510, actual_exe_time: 51060, task_app_start_time:2089980969193987, task_sched_time:2089984346630830
app_id: 0, app_name: SAR_api-aarch64, task_id: 1073, task_name: DASH_FFT, resource_name: cpu1, ref_start_time: 2089984351024691, ref_stop_time: 2089984351079651, actual_exe_time: 54960, task_app_start_time:2089980969193987, task_sched_time:2089984350983381
app_id: 0, app_name: SAR_api-aarch64, task_id: 1074, task_name: DASH_FFT, resource_name: cpu2, ref_start_time: 2089984351442471, ref_stop_time: 2089984351494281, actual_exe_time: 51810, task_app_start_time:2089980969193987, task_sched_time:2089984351432991
app_id: 0, app_name: SAR_api-aarch64, task_id: 1075, task_name: DASH_FFT, resource_name: cpu3, ref_start_time: 2089984356309312, ref_stop_time: 2089984356361182, actual_exe_time: 51870, task_app_start_time:2089980969193987, task_sched_time:2089984352703581
app_id: 0, app_name: SAR_api-aarch64, task_id: 1076, task_name: DASH_FFT, resource_name: fft1, ref_start_time: 2089984359144343, ref_stop_time: 2089984359201463, actual_exe_time: 57120, task_app_start_time:2089980969193987, task_sched_time:2089984359134802
app_id: 0, app_name: SAR_api-aarch64, task_id: 1077, task_name: DASH_FFT, resource_name: fft2, ref_start_time: 2089984359835933, ref_stop_time: 2089984359875233, actual_exe_time: 39300, task_app_start_time:2089980969193987, task_sched_time:2089984359829153
app_id: 0, app_name: SAR_api-aarch64, task_id: 1078, task_name: DASH_FFT, resource_name: cpu1, ref_start_time: 2089984360752283, ref_stop_time: 2089984360812073, actual_exe_time: 59790, task_app_start_time:2089980969193987, task_sched_time:2089984360737493
app_id: 0, app_name: SAR_api-aarch64, task_id: 1079, task_name: DASH_FFT, resource_name: cpu2, ref_start_time: 2089984364315083, ref_stop_time: 2089984364372623, actual_exe_time: 57540, task_app_start_time:2089980969193987, task_sched_time:2089984361413363
app_id: 0, app_name: SAR_api-aarch64, task_id: 1080, task_name: DASH_FFT, resource_name: cpu3, ref_start_time: 2089984365520964, ref_stop_time: 2089984365583334, actual_exe_time: 62370, task_app_start_time:2089980969193987, task_sched_time:2089984365514214
app_id: 0, app_name: SAR_api-aarch64, task_id: 1081, task_name: DASH_FFT, resource_name: fft1, ref_start_time: 2089984366272614, ref_stop_time: 2089984366318844, actual_exe_time: 46230, task_app_start_time:2089980969193987, task_sched_time:2089984366262564
app_id: 0, app_name: SAR_api-aarch64, task_id: 1082, task_name: DASH_FFT, resource_name: fft2, ref_start_time: 2089984368295874, ref_stop_time: 2089984368352124, actual_exe_time: 56250, task_app_start_time:2089980969193987, task_sched_time:2089984366942784
app_id: 0, app_name: SAR_api-aarch64, task_id: 1083, task_name: DASH_FFT, resource_name: cpu1, ref_start_time: 2089984372511565, ref_stop_time: 2089984372565295, actual_exe_time: 53730, task_app_start_time:2089980969193987, task_sched_time:2089984372433385
app_id: 0, app_name: SAR_api-aarch64, task_id: 1084, task_name: DASH_FFT, resource_name: cpu2, ref_start_time: 2089984374165465, ref_stop_time: 2089984374220695, actual_exe_time: 55230, task_app_start_time:2089980969193987, task_sched_time:2089984374154245
app_id: 0, app_name: SAR_api-aarch64, task_id: 1085, task_name: DASH_FFT, resource_name: cpu3, ref_start_time: 2089984380731956, ref_stop_time: 2089984380788926, actual_exe_time: 56970, task_app_start_time:2089980969193987, task_sched_time:2089984380720736
app_id: 0, app_name: SAR_api-aarch64, task_id: 1086, task_name: DASH_FFT, resource_name: fft1, ref_start_time: 2089984381223776, ref_stop_time: 2089984381279726, actual_exe_time: 55950, task_app_start_time:2089980969193987, task_sched_time:2089984381205536
app_id: 0, app_name: SAR_api-aarch64, task_id: 1087, task_name: DASH_FFT, resource_name: fft2, ref_start_time: 2089984384456307, ref_stop_time: 2089984384496867, actual_exe_time: 40560, task_app_start_time:2089980969193987, task_sched_time:2089984384449617
app_id: 0, app_name: SAR_api-aarch64, task_id: 1088, task_name: DASH_FFT, resource_name: cpu1, ref_start_time: 2089984388351957, ref_stop_time: 2089984388416007, actual_exe_time: 64050, task_app_start_time:2089980969193987, task_sched_time:2089984388347937
app_id: 0, app_name: SAR_api-aarch64, task_id: 1089, task_name: DASH_FFT, resource_name: cpu2, ref_start_time: 2089984392427518, ref_stop_time: 2089984392480168, actual_exe_time: 52650, task_app_start_time:2089980969193987, task_sched_time:2089984392419208
app_id: 0, app_name: SAR_api-aarch64, task_id: 1090, task_name: DASH_FFT, resource_name: cpu3, ref_start_time: 2089984396570699, ref_stop_time: 2089984396641049, actual_exe_time: 70350, task_app_start_time:2089980969193987, task_sched_time:2089984396560349
app_id: 0, app_name: SAR_api-aarch64, task_id: 1091, task_name: DASH_FFT, resource_name: fft1, ref_start_time: 2089984400345329, ref_stop_time: 2089984400390479, actual_exe_time: 45150, task_app_start_time:2089980969193987, task_sched_time:2089984400339149
app_id: 0, app_name: SAR_api-aarch64, task_id: 1092, task_name: DASH_FFT, resource_name: fft2, ref_start_time: 2089984400766619, ref_stop_time: 2089984400817379, actual_exe_time: 50760, task_app_start_time:2089980969193987, task_sched_time:2089984400756959
app_id: 0, app_name: SAR_api-aarch64, task_id: 1093, task_name: DASH_FFT, resource_name: cpu1, ref_start_time: 2089984402840880, ref_stop_time: 2089984402892630, actual_exe_time: 51750, task_app_start_time:2089980969193987, task_sched_time:2089984402829750
app_id: 0, app_name: SAR_api-aarch64, task_id: 1094, task_name: DASH_FFT, resource_name: cpu2, ref_start_time: 2089984406255960, ref_stop_time: 2089984406322410, actual_exe_time: 66450, task_app_start_time:2089980969193987, task_sched_time:2089984403587760
app_id: 0, app_name: SAR_api-aarch64, task_id: 1095, task_name: DASH_FFT, resource_name: cpu3, ref_start_time: 2089984412567481, ref_stop_time: 2089984412622171, actual_exe_time: 54690, task_app_start_time:2089980969193987, task_sched_time:2089984412560971
app_id: 0, app_name: SAR_api-aarch64, task_id: 1096, task_name: DASH_FFT, resource_name: fft1, ref_start_time: 2089984415942272, ref_stop_time: 2089984416004252, actual_exe_time: 61980, task_app_start_time:2089980969193987, task_sched_time:2089984415930242
app_id: 0, app_name: SAR_api-aarch64, task_id: 1097, task_name: DASH_FFT, resource_name: fft2, ref_start_time: 2089984416727132, ref_stop_time: 2089984416768472, actual_exe_time: 41340, task_app_start_time:2089980969193987, task_sched_time:2089984416718702
app_id: 0, app_name: SAR_api-aarch64, task_id: 1098, task_name: DASH_FFT, resource_name: cpu1, ref_start_time: 2089984417658572, ref_stop_time: 2089984417718092, actual_exe_time: 59520, task_app_start_time:2089980969193987, task_sched_time:2089984417648912
app_id: 0, app_name: SAR_api-aarch64, task_id: 1099, task_name: DASH_FFT, resource_name: cpu2, ref_start_time: 2089984424354423, ref_stop_time: 2089984424410973, actual_exe_time: 56550, task_app_start_time:2089980969193987, task_sched_time:2089984421681483
app_id: 0, app_name: SAR_api-aarch64, task_id: 1100, task_name: DASH_FFT, resource_name: cpu3, ref_start_time: 2089984425023153, ref_stop_time: 2089984425078803, actual_exe_time: 55650, task_app_start_time:2089980969193987, task_sched_time:2089984425018203
app_id: 0, app_name: SAR_api-aarch64, task_id: 1101, task_name: DASH_FFT, resource_name: fft1, ref_start_time: 2089984425921083, ref_stop_time: 2089984425967553, actual_exe_time: 46470, task_app_start_time:2089980969193987, task_sched_time:2089984425913733
app_id: 0, app_name: SAR_api-aarch64, task_id: 1102, task_name: DASH_FFT, resource_name: fft2, ref_start_time: 2089984428280884, ref_stop_time: 2089984428339714, actual_exe_time: 58830, task_app_start_time:2089980969193987, task_sched_time:2089984426518473
app_id: 0, app_name: SAR_api-aarch64, task_id: 1103, task_name: DASH_FFT, resource_name: cpu1, ref_start_time: 2089984429073334, ref_stop_time: 2089984429120674, actual_exe_time: 47340, task_app_start_time:2089980969193987, task_sched_time:2089984429068204
app_id: 0, app_name: SAR_api-aarch64, task_id: 1104, task_name: DASH_FFT, resource_name: cpu2, ref_start_time: 2089984430789754, ref_stop_time: 2089984430846274, actual_exe_time: 56520, task_app_start_time:2089980969193987, task_sched_time:2089984429865394
app_id: 0, app_name: SAR_api-aarch64, task_id: 1105, task_name: DASH_FFT, resource_name: cpu3, ref_start_time: 2089984432789134, ref_stop_time: 2089984432840914, actual_exe_time: 51780, task_app_start_time:2089980969193987, task_sched_time:2089984432783044
app_id: 0, app_name: SAR_api-aarch64, task_id: 1106, task_name: DASH_FFT, resource_name: fft1, ref_start_time: 2089984436810755, ref_stop_time: 2089984436880565, actual_exe_time: 69810, task_app_start_time:2089980969193987, task_sched_time:2089984436795335
app_id: 0, app_name: SAR_api-aarch64, task_id: 1107, task_name: DASH_FFT, resource_name: fft2, ref_start_time: 2089984437263365, ref_stop_time: 2089984437302065, actual_exe_time: 38700, task_app_start_time:2089980969193987, task_sched_time:2089984437256525
app_id: 0, app_name: SAR_api-aarch64, task_id: 1108, task_name: DASH_FFT, resource_name: cpu1, ref_start_time: 2089984440560666, ref_stop_time: 2089984440622346, actual_exe_time: 61680, task_app_start_time:2089980969193987, task_sched_time:2089984440548786
app_id: 0, app_name: SAR_api-aarch64, task_id: 1109, task_name: DASH_FFT, resource_name: cpu2, ref_start_time: 2089984444478546, ref_stop_time: 2089984444523786, actual_exe_time: 45240, task_app_start_time:2089980969193987, task_sched_time:2089984444472426
app_id: 0, app_name: SAR_api-aarch64, task_id: 1110, task_name: DASH_FFT, resource_name: cpu3, ref_start_time: 2089984445478296, ref_stop_time: 2089984445536826, actual_exe_time: 58530, task_app_start_time:2089980969193987, task_sched_time:2089984445474576
app_id: 0, app_name: SAR_api-aarch64, task_id: 1111, task_name: DASH_FFT, resource_name: fft1, ref_start_time: 2089984447708977, ref_stop_time: 2089984447754367, actual_exe_time: 45390, task_app_start_time:2089980969193987, task_sched_time:2089984447694157
app_id: 0, app_name: SAR_api-aarch64, task_id: 1112, task_name: DASH_FFT, resource_name: fft2, ref_start_time: 2089984448440497, ref_stop_time: 2089984448490657, actual_exe_time: 50160, task_app_start_time:2089980969193987, task_sched_time:2089984448429667
app_id: 0, app_name: SAR_api-aarch64, task_id: 1113, task_name: DASH_FFT, resource_name: cpu1, ref_start_time: 2089984452815188, ref_stop_time: 2089984452872548, actual_exe_time: 57360, task_app_start_time:2089980969193987, task_sched_time:2089984452749638
app_id: 0, app_name: SAR_api-aarch64, task_id: 1114, task_name: DASH_FFT, resource_name: cpu2, ref_start_time: 2089984453620748, ref_stop_time: 2089984453681408, actual_exe_time: 60660, task_app_start_time:2089980969193987, task_sched_time:2089984453612948
app_id: 0, app_name: SAR_api-aarch64, task_id: 1115, task_name: DASH_FFT, resource_name: cpu3, ref_start_time: 2089984456312648, ref_stop_time: 2089984456361428, actual_exe_time: 48780, task_app_start_time:2089980969193987, task_sched_time:2089984454298928
app_id: 0, app_name: SAR_api-aarch64, task_id: 1116, task_name: DASH_FFT, resource_name: fft1, ref_start_time: 2089984457060608, ref_stop_time: 2089984457119858, actual_exe_time: 59250, task_app_start_time:2089980969193987, task_sched_time:2089984457000518
app_id: 0, app_name: SAR_api-aarch64, task_id: 1117, task_name: DASH_FFT, resource_name: fft2, ref_start_time: 2089984457903458, ref_stop_time: 2089984457942068, actual_exe_time: 38610, task_app_start_time:2089980969193987, task_sched_time:2089984457900758
app_id: 0, app_name: SAR_api-aarch64, task_id: 1118, task_name: DASH_FFT, resource_name: cpu1, ref_start_time: 2089984458662159, ref_stop_time: 2089984458718649, actual_exe_time: 56490, task_app_start_time:2089980969193987, task_sched_time:2089984458651629
app_id: 0, app_name: SAR_api-aarch64, task_id: 1119, task_name: DASH_FFT, resource_name: cpu2, ref_start_time: 2089984459357469, ref_stop_time: 2089984459401269, actual_exe_time: 43800, task_app_start_time:2089980969193987, task_sched_time:2089984459350869
app_id: 0, app_name: SAR_api-aarch64, task_id: 1120, task_name: DASH_FFT, resource_name: cpu3, ref_start_time: 2089984460316269, ref_stop_time: 2089984460377859, actual_exe_time: 61590, task_app_start_time:2089980969193987, task_sched_time:2089984459994249
app_id: 0, app_name: SAR_api-aarch64, task_id: 1121, task_name: DASH_FFT, resource_name: fft1, ref_start_time: 2089984460945279, ref_stop_time: 2089984460986889, actual_exe_time: 41610, task_app_start_time:2089980969193987, task_sched_time:2089984460895539
app_id: 0, app_name: SAR_api-aarch64, task_id: 1122, task_name: DASH_FFT, resource_name: fft2, ref_start_time: 2089984461772529, ref_stop_time: 2089984461826199, actual_exe_time: 53670, task_app_start_time:2089980969193987, task_sched_time:2089984461769199
app_id: 0, app_name: SAR_api-aarch64, task_id: 1123, task_name: DASH_FFT, resource_name: cpu1, ref_start_time: 2089984462872599, ref_stop_time: 2089984462919009, actual_exe_time: 46410, task_app_start_time:2089980969193987, task_sched_time:2089984462867409
app_id: 0, app_name: SAR_api-aarch64, task_id: 1124, task_name: DASH_FFT, resource_name: cpu2, ref_start_time: 2089984466423910, ref_stop_time: 2089984466491230, actual_exe_time: 67320, task_app_start_time:2089980969193987, task_sched_time:2089984463589929
app_id: 0, app_name: SAR_api-aarch64, task_id: 1125, task_name: DASH_FFT, resource_name: cpu3, ref_start_time: 2089984472660221, ref_stop_time: 2089984472714881, actual_exe_time: 54660, task_app_start_time:2089980969193987, task_sched_time:2089984472650891
app_id: 0, app_name: SAR_api-aarch64, task_id: 1126, task_name: DASH_FFT, resource_name: fft1, ref_start_time: 2089984473654451, ref_stop_time: 2089984473710881, actual_exe_time: 56430, task_app_start_time:2089980969193987, task_sched_time:2089984473642361
app_id: 0, app_name: SAR_api-aarch64, task_id: 1127, task_name: DASH_FFT, resource_name: fft2, ref_start_time: 2089984473884911, ref_stop_time: 2089984473923581, actual_exe_time: 38670, task_app_start_time:2089980969193987, task_sched_time:2089984473879511
app_id: 0, app_name: SAR_api-aarch64, task_id: 1128, task_name: DASH_FFT, resource_name: cpu1, ref_start_time: 2089984476886531, ref_stop_time: 2089984476946321, actual_exe_time: 59790, task_app_start_time:2089980969193987, task_sched_time:2089984476881881
app_id: 0, app_name: SAR_api-aarch64, task_id: 1129, task_name: DASH_FFT, resource_name: cpu2, ref_start_time: 2089984477873082, ref_stop_time: 2089984477915712, actual_exe_time: 42630, task_app_start_time:2089980969193987, task_sched_time:2089984477868192
app_id: 0, app_name: SAR_api-aarch64, task_id: 1130, task_name: DASH_FFT, resource_name: cpu3, ref_start_time: 2089984478619182, ref_stop_time: 2089984478675402, actual_exe_time: 56220, task_app_start_time:2089980969193987, task_sched_time:2089984478611772
app_id: 0, app_name: SAR_api-aarch64, task_id: 1131, task_name: DASH_FFT, resource_name: fft1, ref_start_time: 2089984479260252, ref_stop_time: 2089984479302732, actual_exe_time: 42480, task_app_start_time:2089980969193987, task_sched_time:2089984479247442
app_id: 0, app_name: SAR_api-aarch64, task_id: 1132, task_name: DASH_FFT, resource_name: fft2, ref_start_time: 2089984488362763, ref_stop_time: 2089984488425223, actual_exe_time: 62460, task_app_start_time:2089980969193987, task_sched_time:2089984483191032
app_id: 0, app_name: SAR_api-aarch64, task_id: 1133, task_name: DASH_FFT, resource_name: cpu1, ref_start_time: 2089984488967773, ref_stop_time: 2089984489018263, actual_exe_time: 50490, task_app_start_time:2089980969193987, task_sched_time:2089984488914493
app_id: 0, app_name: SAR_api-aarch64, task_id: 1134, task_name: DASH_FFT, resource_name: cpu2, ref_start_time: 2089984490165134, ref_stop_time: 2089984490216014, actual_exe_time: 50880, task_app_start_time:2089980969193987, task_sched_time:2089984490157934
app_id: 0, app_name: SAR_api-aarch64, task_id: 1135, task_name: DASH_FFT, resource_name: cpu3, ref_start_time: 2089984490838634, ref_stop_time: 2089984490881324, actual_exe_time: 42690, task_app_start_time:2089980969193987, task_sched_time:2089984490833264
app_id: 0, app_name: SAR_api-aarch64, task_id: 1136, task_name: DASH_FFT, resource_name: fft1, ref_start_time: 2089984491530764, ref_stop_time: 2089984491584404, actual_exe_time: 53640, task_app_start_time:2089980969193987, task_sched_time:2089984491493264
app_id: 0, app_name: SAR_api-aarch64, task_id: 1137, task_name: DASH_FFT, resource_name: fft2, ref_start_time: 2089984493285764, ref_stop_time: 2089984493327854, actual_exe_time: 42090, task_app_start_time:2089980969193987, task_sched_time:2089984492081444
app_id: 0, app_name: SAR_api-aarch64, task_id: 1138, task_name: DASH_FFT, resource_name: cpu1, ref_start_time: 2089984497063755, ref_stop_time: 2089984497137315, actual_exe_time: 73560, task_app_start_time:2089980969193987, task_sched_time:2089984497050315
app_id: 0, app_name: SAR_api-aarch64, task_id: 1139, task_name: DASH_FFT, resource_name: cpu2, ref_start_time: 2089984499102765, ref_stop_time: 2089984499149745, actual_exe_time: 46980, task_app_start_time:2089980969193987, task_sched_time:2089984499097905
app_id: 0, app_name: SAR_api-aarch64, task_id: 1140, task_name: DASH_FFT, resource_name: cpu3, ref_start_time: 2089984500320225, ref_stop_time: 2089984500391025, actual_exe_time: 70800, task_app_start_time:2089980969193987, task_sched_time:2089984499813015
app_id: 0, app_name: SAR_api-aarch64, task_id: 1141, task_name: DASH_FFT, resource_name: fft1, ref_start_time: 2089984500781895, ref_stop_time: 2089984500826265, actual_exe_time: 44370, task_app_start_time:2089980969193987, task_sched_time:2089984500752375
app_id: 0, app_name: SAR_api-aarch64, task_id: 1142, task_name: DASH_FFT, resource_name: fft2, ref_start_time: 2089984501760465, ref_stop_time: 2089984501811345, actual_exe_time: 50880, task_app_start_time:2089980969193987, task_sched_time:2089984501756955
app_id: 0, app_name: SAR_api-aarch64, task_id: 1143, task_name: DASH_FFT, resource_name: cpu1, ref_start_time: 2089984502538366, ref_stop_time: 2089984502585286, actual_exe_time: 46920, task_app_start_time:2089980969193987, task_sched_time:2089984502531226
app_id: 0, app_name: SAR_api-aarch64, task_id: 1144, task_name: DASH_FFT, resource_name: cpu2, ref_start_time: 2089984503218886, ref_stop_time: 2089984503269436, actual_exe_time: 50550, task_app_start_time:2089980969193987, task_sched_time:2089984503212976
app_id: 0, app_name: SAR_api-aarch64, task_id: 1145, task_name: DASH_FFT, resource_name: cpu3, ref_start_time: 2089984504303776, ref_stop_time: 2089984504348926, actual_exe_time: 45150, task_app_start_time:2089980969193987, task_sched_time:2089984503880986
app_id: 0, app_name: SAR_api-aarch64, task_id: 1146, task_name: DASH_FFT, resource_name: fft1, ref_start_time: 2089984505022336, ref_stop_time: 2089984505075886, actual_exe_time: 53550, task_app_start_time:2089980969193987, task_sched_time:2089984505012616
app_id: 0, app_name: SAR_api-aarch64, task_id: 1147, task_name: DASH_FFT, resource_name: fft2, ref_start_time: 2089984505632476, ref_stop_time: 2089984505670396, actual_exe_time: 37920, task_app_start_time:2089980969193987, task_sched_time:2089984505628486
app_id: 0, app_name: SAR_api-aarch64, task_id: 1148, task_name: DASH_FFT, resource_name: cpu1, ref_start_time: 2089984506501876, ref_stop_time: 2089984506557256, actual_exe_time: 55380, task_app_start_time:2089980969193987, task_sched_time:2089984506443046
app_id: 0, app_name: SAR_api-aarch64, task_id: 1149, task_name: DASH_FFT, resource_name: cpu2, ref_start_time: 2089984507169226, ref_stop_time: 2089984507211406, actual_exe_time: 42180, task_app_start_time:2089980969193987, task_sched_time:2089984507160496
app_id: 0, app_name: SAR_api-aarch64, task_id: 1150, task_name: DASH_FFT, resource_name: cpu3, ref_start_time: 2089984508320477, ref_stop_time: 2089984508379937, actual_exe_time: 59460, task_app_start_time:2089980969193987, task_sched_time:2089984508041746
app_id: 0, app_name: SAR_api-aarch64, task_id: 1151, task_name: DASH_FFT, resource_name: fft1, ref_start_time: 2089984508979607, ref_stop_time: 2089984509021037, actual_exe_time: 41430, task_app_start_time:2089980969193987, task_sched_time:2089984508976787
app_id: 0, app_name: SAR_api-aarch64, task_id: 1152, task_name: DASH_FFT, resource_name: fft2, ref_start_time: 2089984509621967, ref_stop_time: 2089984509669847, actual_exe_time: 47880, task_app_start_time:2089980969193987, task_sched_time:2089984509600607
app_id: 0, app_name: SAR_api-aarch64, task_id: 1153, task_name: DASH_FFT, resource_name: cpu1, ref_start_time: 2089984510751947, ref_stop_time: 2089984510800427, actual_exe_time: 48480, task_app_start_time:2089980969193987, task_sched_time:2089984510736647
app_id: 0, app_name: SAR_api-aarch64, task_id: 1154, task_name: DASH_FFT, resource_name: cpu2, ref_start_time: 2089984516699778, ref_stop_time: 2089984516768298, actual_exe_time: 68520, task_app_start_time:2089980969193987, task_sched_time:2089984516690958
app_id: 0, app_name: SAR_api-aarch64, task_id: 1155, task_name: DASH_FFT, resource_name: cpu3, ref_start_time: 2089984516992368, ref_stop_time: 2089984517035958, actual_exe_time: 43590, task_app_start_time:2089980969193987, task_sched_time:2089984516983758
app_id: 0, app_name: SAR_api-aarch64, task_id: 1156, task_name: DASH_FFT, resource_name: fft1, ref_start_time: 2089984518066698, ref_stop_time: 2089984518120608, actual_exe_time: 53910, task_app_start_time:2089980969193987, task_sched_time:2089984518061898
app_id: 0, app_name: SAR_api-aarch64, task_id: 1157, task_name: DASH_FFT, resource_name: fft2, ref_start_time: 2089984524471249, ref_stop_time: 2089984524517719, actual_exe_time: 46470, task_app_start_time:2089980969193987, task_sched_time:2089984524463959
app_id: 0, app_name: SAR_api-aarch64, task_id: 1158, task_name: DASH_FFT, resource_name: cpu1, ref_start_time: 2089984525374249, ref_stop_time: 2089984525438089, actual_exe_time: 63840, task_app_start_time:2089980969193987, task_sched_time:2089984525360209
app_id: 0, app_name: SAR_api-aarch64, task_id: 1159, task_name: DASH_FFT, resource_name: cpu2, ref_start_time: 2089984526056059, ref_stop_time: 2089984526097009, actual_exe_time: 40950, task_app_start_time:2089980969193987, task_sched_time:2089984526049249
app_id: 0, app_name: SAR_api-aarch64, task_id: 1160, task_name: DASH_FFT, resource_name: cpu3, ref_start_time: 2089984526687529, ref_stop_time: 2089984526742069, actual_exe_time: 54540, task_app_start_time:2089980969193987, task_sched_time:2089984526681889
app_id: 0, app_name: SAR_api-aarch64, task_id: 1161, task_name: DASH_FFT, resource_name: fft1, ref_start_time: 2089984527620380, ref_stop_time: 2089984527665230, actual_exe_time: 44850, task_app_start_time:2089980969193987, task_sched_time:2089984527589930
app_id: 0, app_name: SAR_api-aarch64, task_id: 1162, task_name: DASH_FFT, resource_name: fft2, ref_start_time: 2089984532440450, ref_stop_time: 2089984532495230, actual_exe_time: 54780, task_app_start_time:2089980969193987, task_sched_time:2089984532430610
app_id: 0, app_name: SAR_api-aarch64, task_id: 1163, task_name: DASH_FFT, resource_name: cpu1, ref_start_time: 2089984533485921, ref_stop_time: 2089984533535721, actual_exe_time: 49800, task_app_start_time:2089980969193987, task_sched_time:2089984533476621
app_id: 0, app_name: SAR_api-aarch64, task_id: 1164, task_name: DASH_FFT, resource_name: cpu2, ref_start_time: 2089984536655001, ref_stop_time: 2089984536710651, actual_exe_time: 55650, task_app_start_time:2089980969193987, task_sched_time:2089984536645281
app_id: 0, app_name: SAR_api-aarch64, task_id: 1165, task_name: DASH_FFT, resource_name: cpu3, ref_start_time: 2089984537384811, ref_stop_time: 2089984537427021, actual_exe_time: 42210, task_app_start_time:2089980969193987, task_sched_time:2089984537376651
app_id: 0, app_name: SAR_api-aarch64, task_id: 1166, task_name: DASH_FFT, resource_name: fft1, ref_start_time: 2089984540460292, ref_stop_time: 2089984540517832, actual_exe_time: 57540, task_app_start_time:2089980969193987, task_sched_time:2089984540449342
app_id: 0, app_name: SAR_api-aarch64, task_id: 1167, task_name: DASH_FFT, resource_name: fft2, ref_start_time: 2089984541159592, ref_stop_time: 2089984541199042, actual_exe_time: 39450, task_app_start_time:2089980969193987, task_sched_time:2089984541155722
app_id: 0, app_name: SAR_api-aarch64, task_id: 1168, task_name: DASH_FFT, resource_name: cpu1, ref_start_time: 2089984544631192, ref_stop_time: 2089984544690172, actual_exe_time: 58980, task_app_start_time:2089980969193987, task_sched_time:2089984544620782
app_id: 0, app_name: SAR_api-aarch64, task_id: 1169, task_name: DASH_FFT, resource_name: cpu2, ref_start_time: 2089984545080142, ref_stop_time: 2089984545121392, actual_exe_time: 41250, task_app_start_time:2089980969193987, task_sched_time:2089984545070572
app_id: 0, app_name: SAR_api-aarch64, task_id: 1170, task_name: DASH_FFT, resource_name: cpu3, ref_start_time: 2089984546083733, ref_stop_time: 2089984546136803, actual_exe_time: 53070, task_app_start_time:2089980969193987, task_sched_time:2089984546080583
app_id: 0, app_name: SAR_api-aarch64, task_id: 1171, task_name: DASH_FFT, resource_name: fft1, ref_start_time: 2089984552342784, ref_stop_time: 2089984552393724, actual_exe_time: 50940, task_app_start_time:2089980969193987, task_sched_time:2089984552335254
app_id: 0, app_name: SAR_api-aarch64, task_id: 1172, task_name: DASH_FFT, resource_name: fft2, ref_start_time: 2089984553395274, ref_stop_time: 2089984553442884, actual_exe_time: 47610, task_app_start_time:2089980969193987, task_sched_time:2089984553387534
app_id: 0, app_name: SAR_api-aarch64, task_id: 1173, task_name: DASH_FFT, resource_name: cpu1, ref_start_time: 2089984554218444, ref_stop_time: 2089984554477524, actual_exe_time: 259080, task_app_start_time:2089980969193987, task_sched_time:2089984554210104
app_id: 0, app_name: SAR_api-aarch64, task_id: 1174, task_name: DASH_FFT, resource_name: cpu2, ref_start_time: 2089984560819885, ref_stop_time: 2089984560885375, actual_exe_time: 65490, task_app_start_time:2089980969193987, task_sched_time:2089984560814575
app_id: 0, app_name: SAR_api-aarch64, task_id: 1175, task_name: DASH_FFT, resource_name: cpu3, ref_start_time: 2089984561627935, ref_stop_time: 2089984561671015, actual_exe_time: 43080, task_app_start_time:2089980969193987, task_sched_time:2089984561620945
app_id: 0, app_name: SAR_api-aarch64, task_id: 1176, task_name: DASH_FFT, resource_name: fft1, ref_start_time: 2089984562295015, ref_stop_time: 2089984562353305, actual_exe_time: 58290, task_app_start_time:2089980969193987, task_sched_time:2089984562250405
app_id: 0, app_name: SAR_api-aarch64, task_id: 1177, task_name: DASH_FFT, resource_name: fft2, ref_start_time: 2089984562949675, ref_stop_time: 2089984562987445, actual_exe_time: 37770, task_app_start_time:2089980969193987, task_sched_time:2089984562944095
app_id: 0, app_name: SAR_api-aarch64, task_id: 1178, task_name: DASH_FFT, resource_name: cpu1, ref_start_time: 2089984564472926, ref_stop_time: 2089984564529866, actual_exe_time: 56940, task_app_start_time:2089980969193987, task_sched_time:2089984564463476
app_id: 0, app_name: SAR_api-aarch64, task_id: 1179, task_name: DASH_FFT, resource_name: cpu2, ref_start_time: 2089984564709926, ref_stop_time: 2089984564750486, actual_exe_time: 40560, task_app_start_time:2089980969193987, task_sched_time:2089984564706056
app_id: 0, app_name: SAR_api-aarch64, task_id: 1180, task_name: DASH_FFT, resource_name: cpu3, ref_start_time: 2089984568662066, ref_stop_time: 2089984568720236, actual_exe_time: 58170, task_app_start_time:2089980969193987, task_sched_time:2089984568657026
app_id: 0, app_name: SAR_api-aarch64, task_id: 1181, task_name: DASH_FFT, resource_name: fft1, ref_start_time: 2089984572507437, ref_stop_time: 2089984572556097, actual_exe_time: 48660, task_app_start_time:2089980969193987, task_sched_time:2089984572371687
app_id: 0, app_name: SAR_api-aarch64, task_id: 1182, task_name: DASH_FFT, resource_name: fft2, ref_start_time: 2089984573269137, ref_stop_time: 2089984573316597, actual_exe_time: 47460, task_app_start_time:2089980969193987, task_sched_time:2089984573261787
app_id: 0, app_name: SAR_api-aarch64, task_id: 1183, task_name: DASH_FFT, resource_name: cpu1, ref_start_time: 2089984576986138, ref_stop_time: 2089984577037588, actual_exe_time: 51450, task_app_start_time:2089980969193987, task_sched_time:2089984576977408
app_id: 0, app_name: SAR_api-aarch64, task_id: 1184, task_name: DASH_FFT, resource_name: cpu2, ref_start_time: 2089984577518368, ref_stop_time: 2089984577570148, actual_exe_time: 51780, task_app_start_time:2089980969193987, task_sched_time:2089984577510088
app_id: 0, app_name: SAR_api-aarch64, task_id: 1185, task_name: DASH_FFT, resource_name: cpu3, ref_start_time: 2089984580456028, ref_stop_time: 2089984580499738, actual_exe_time: 43710, task_app_start_time:2089980969193987, task_sched_time:2089984580450538
app_id: 0, app_name: SAR_api-aarch64, task_id: 1186, task_name: DASH_FFT, resource_name: fft1, ref_start_time: 2089984580773098, ref_stop_time: 2089984580829348, actual_exe_time: 56250, task_app_start_time:2089980969193987, task_sched_time:2089984580769588
app_id: 0, app_name: SAR_api-aarch64, task_id: 1187, task_name: DASH_FFT, resource_name: fft2, ref_start_time: 2089984582833678, ref_stop_time: 2089984582873639, actual_exe_time: 39961, task_app_start_time:2089980969193987, task_sched_time:2089984582826658
app_id: 0, app_name: SAR_api-aarch64, task_id: 1188, task_name: DASH_FFT, resource_name: cpu1, ref_start_time: 2089984588698589, ref_stop_time: 2089984588763929, actual_exe_time: 65340, task_app_start_time:2089980969193987, task_sched_time:2089984588690789
app_id: 0, app_name: SAR_api-aarch64, task_id: 1189, task_name: DASH_FFT, resource_name: cpu2, ref_start_time: 2089984589598380, ref_stop_time: 2089984589640620, actual_exe_time: 42240, task_app_start_time:2089980969193987, task_sched_time:2089984589594930
app_id: 0, app_name: SAR_api-aarch64, task_id: 1190, task_name: DASH_FFT, resource_name: cpu3, ref_start_time: 2089984596366981, ref_stop_time: 2089984596424521, actual_exe_time: 57540, task_app_start_time:2089980969193987, task_sched_time:2089984596357021
app_id: 0, app_name: SAR_api-aarch64, task_id: 1191, task_name: DASH_FFT, resource_name: fft1, ref_start_time: 2089984596879531, ref_stop_time: 2089984596924471, actual_exe_time: 44940, task_app_start_time:2089980969193987, task_sched_time:2089984596869901
app_id: 0, app_name: SAR_api-aarch64, task_id: 1192, task_name: DASH_FFT, resource_name: fft2, ref_start_time: 2089984597883931, ref_stop_time: 2089984597929741, actual_exe_time: 45810, task_app_start_time:2089980969193987, task_sched_time:2089984597877211
app_id: 0, app_name: SAR_api-aarch64, task_id: 1193, task_name: DASH_FFT, resource_name: cpu1, ref_start_time: 2089984599274341, ref_stop_time: 2089984599321111, actual_exe_time: 46770, task_app_start_time:2089980969193987, task_sched_time:2089984599266181
app_id: 0, app_name: SAR_api-aarch64, task_id: 1194, task_name: DASH_FFT, resource_name: cpu2, ref_start_time: 2089984604392492, ref_stop_time: 2089984604456002, actual_exe_time: 63510, task_app_start_time:2089980969193987, task_sched_time:2089984604383432
app_id: 0, app_name: SAR_api-aarch64, task_id: 1195, task_name: DASH_FFT, resource_name: cpu3, ref_start_time: 2089984608344273, ref_stop_time: 2089984608392123, actual_exe_time: 47850, task_app_start_time:2089980969193987, task_sched_time:2089984608337073
app_id: 0, app_name: SAR_api-aarch64, task_id: 1196, task_name: DASH_FFT, resource_name: fft1, ref_start_time: 2089984609127693, ref_stop_time: 2089984609183823, actual_exe_time: 56130, task_app_start_time:2089980969193987, task_sched_time:2089984609102583
app_id: 0, app_name: SAR_api-aarch64, task_id: 1197, task_name: DASH_FFT, resource_name: fft2, ref_start_time: 2089984612560263, ref_stop_time: 2089984612602683, actual_exe_time: 42420, task_app_start_time:2089980969193987, task_sched_time:2089984612556183
app_id: 0, app_name: SAR_api-aarch64, task_id: 1198, task_name: DASH_FFT, resource_name: cpu1, ref_start_time: 2089984613641403, ref_stop_time: 2089984613702573, actual_exe_time: 61170, task_app_start_time:2089980969193987, task_sched_time:2089984613615963
app_id: 0, app_name: SAR_api-aarch64, task_id: 1199, task_name: DASH_FFT, resource_name: cpu2, ref_start_time: 2089984615253274, ref_stop_time: 2089984615296414, actual_exe_time: 43140, task_app_start_time:2089980969193987, task_sched_time:2089984615246374
app_id: 0, app_name: SAR_api-aarch64, task_id: 1200, task_name: DASH_FFT, resource_name: cpu3, ref_start_time: 2089984624370275, ref_stop_time: 2089984624446115, actual_exe_time: 75840, task_app_start_time:2089980969193987, task_sched_time:2089984624360615
app_id: 0, app_name: SAR_api-aarch64, task_id: 1201, task_name: DASH_FFT, resource_name: fft1, ref_start_time: 2089984628006216, ref_stop_time: 2089984628053106, actual_exe_time: 46890, task_app_start_time:2089980969193987, task_sched_time:2089984627936166
app_id: 0, app_name: SAR_api-aarch64, task_id: 1202, task_name: DASH_FFT, resource_name: fft2, ref_start_time: 2089984636305207, ref_stop_time: 2089984636368987, actual_exe_time: 63780, task_app_start_time:2089980969193987, task_sched_time:2089984632271586
app_id: 0, app_name: SAR_api-aarch64, task_id: 1203, task_name: DASH_FFT, resource_name: cpu1, ref_start_time: 2089984637300067, ref_stop_time: 2089984637350017, actual_exe_time: 49950, task_app_start_time:2089980969193987, task_sched_time:2089984637295207
app_id: 0, app_name: SAR_api-aarch64, task_id: 1204, task_name: DASH_FFT, resource_name: cpu2, ref_start_time: 2089984640305528, ref_stop_time: 2089984640370058, actual_exe_time: 64530, task_app_start_time:2089980969193987, task_sched_time:2089984638172647
app_id: 0, app_name: SAR_api-aarch64, task_id: 1205, task_name: DASH_FFT, resource_name: cpu3, ref_start_time: 2089984640825698, ref_stop_time: 2089984640869678, actual_exe_time: 43980, task_app_start_time:2089980969193987, task_sched_time:2089984640796088
app_id: 0, app_name: SAR_api-aarch64, task_id: 1206, task_name: DASH_FFT, resource_name: fft1, ref_start_time: 2089984641550768, ref_stop_time: 2089984641605218, actual_exe_time: 54450, task_app_start_time:2089980969193987, task_sched_time:2089984641465418
app_id: 0, app_name: SAR_api-aarch64, task_id: 1207, task_name: DASH_FFT, resource_name: fft2, ref_start_time: 2089984642434748, ref_stop_time: 2089984642476748, actual_exe_time: 42000, task_app_start_time:2089980969193987, task_sched_time:2089984642428598
app_id: 0, app_name: SAR_api-aarch64, task_id: 1208, task_name: DASH_FFT, resource_name: cpu1, ref_start_time: 2089984665826952, ref_stop_time: 2089984665895982, actual_exe_time: 69030, task_app_start_time:2089980969193987, task_sched_time:2089984665818642
app_id: 0, app_name: SAR_api-aarch64, task_id: 1209, task_name: DASH_FFT, resource_name: cpu2, ref_start_time: 2089984666828592, ref_stop_time: 2089984666874342, actual_exe_time: 45750, task_app_start_time:2089980969193987, task_sched_time:2089984666824302
app_id: 0, app_name: SAR_api-aarch64, task_id: 1210, task_name: DASH_FFT, resource_name: cpu3, ref_start_time: 2089984672689333, ref_stop_time: 2089984672762143, actual_exe_time: 72810, task_app_start_time:2089980969193987, task_sched_time:2089984672679973
app_id: 0, app_name: SAR_api-aarch64, task_id: 1211, task_name: DASH_FFT, resource_name: fft1, ref_start_time: 2089984676339014, ref_stop_time: 2089984676385574, actual_exe_time: 46560, task_app_start_time:2089980969193987, task_sched_time:2089984676322934
app_id: 0, app_name: SAR_api-aarch64, task_id: 1212, task_name: DASH_FFT, resource_name: fft2, ref_start_time: 2089984679852404, ref_stop_time: 2089984679907034, actual_exe_time: 54630, task_app_start_time:2089980969193987, task_sched_time:2089984679848864
app_id: 0, app_name: SAR_api-aarch64, task_id: 1213, task_name: DASH_FFT, resource_name: cpu1, ref_start_time: 2089984681136014, ref_stop_time: 2089984681186924, actual_exe_time: 50910, task_app_start_time:2089980969193987, task_sched_time:2089984681126744
app_id: 0, app_name: SAR_api-aarch64, task_id: 1214, task_name: DASH_FFT, resource_name: cpu2, ref_start_time: 2089984681663954, ref_stop_time: 2089984681714564, actual_exe_time: 50610, task_app_start_time:2089980969193987, task_sched_time:2089984681654984
app_id: 0, app_name: SAR_api-aarch64, task_id: 1215, task_name: DASH_FFT, resource_name: cpu3, ref_start_time: 2089984684643495, ref_stop_time: 2089984684696685, actual_exe_time: 53190, task_app_start_time:2089980969193987, task_sched_time:2089984684637465
app_id: 0, app_name: SAR_api-aarch64, task_id: 1216, task_name: DASH_FFT, resource_name: fft1, ref_start_time: 2089984688482326, ref_stop_time: 2089984688542506, actual_exe_time: 60180, task_app_start_time:2089980969193987, task_sched_time:2089984688375795
app_id: 0, app_name: SAR_api-aarch64, task_id: 1217, task_name: DASH_FFT, resource_name: fft2, ref_start_time: 2089984692502836, ref_stop_time: 2089984692544026, actual_exe_time: 41190, task_app_start_time:2089980969193987, task_sched_time:2089984692495936
app_id: 0, app_name: SAR_api-aarch64, task_id: 1218, task_name: DASH_FFT, resource_name: cpu1, ref_start_time: 2089984696227727, ref_stop_time: 2089984696311757, actual_exe_time: 84030, task_app_start_time:2089980969193987, task_sched_time:2089984696212247
app_id: 0, app_name: SAR_api-aarch64, task_id: 1219, task_name: DASH_FFT, resource_name: cpu2, ref_start_time: 2089984700016967, ref_stop_time: 2089984700069467, actual_exe_time: 52500, task_app_start_time:2089980969193987, task_sched_time:2089984700010637
app_id: 0, app_name: SAR_api-aarch64, task_id: 1220, task_name: DASH_FFT, resource_name: cpu3, ref_start_time: 2089984704303188, ref_stop_time: 2089984704372218, actual_exe_time: 69030, task_app_start_time:2089980969193987, task_sched_time:2089984700670367
app_id: 0, app_name: SAR_api-aarch64, task_id: 1221, task_name: DASH_FFT, resource_name: fft1, ref_start_time: 2089984705376048, ref_stop_time: 2089984705420898, actual_exe_time: 44850, task_app_start_time:2089980969193987, task_sched_time:2089984705370018
app_id: 0, app_name: SAR_api-aarch64, task_id: 1222, task_name: DASH_FFT, resource_name: fft2, ref_start_time: 2089984706168588, ref_stop_time: 2089984706215058, actual_exe_time: 46470, task_app_start_time:2089980969193987, task_sched_time:2089984706164088
app_id: 0, app_name: SAR_api-aarch64, task_id: 1223, task_name: DASH_FFT, resource_name: cpu1, ref_start_time: 2089984707168759, ref_stop_time: 2089984707217059, actual_exe_time: 48300, task_app_start_time:2089980969193987, task_sched_time:2089984707142419
app_id: 0, app_name: SAR_api-aarch64, task_id: 1224, task_name: DASH_FFT, resource_name: cpu2, ref_start_time: 2089984707808119, ref_stop_time: 2089984707857559, actual_exe_time: 49440, task_app_start_time:2089980969193987, task_sched_time:2089984707805209
app_id: 0, app_name: SAR_api-aarch64, task_id: 1225, task_name: DASH_FFT, resource_name: cpu3, ref_start_time: 2089984708311069, ref_stop_time: 2089984708354389, actual_exe_time: 43320, task_app_start_time:2089980969193987, task_sched_time:2089984708303269
app_id: 0, app_name: SAR_api-aarch64, task_id: 1226, task_name: DASH_FFT, resource_name: fft1, ref_start_time: 2089984709335539, ref_stop_time: 2089984709396019, actual_exe_time: 60480, task_app_start_time:2089980969193987, task_sched_time:2089984709319849
app_id: 0, app_name: SAR_api-aarch64, task_id: 1227, task_name: DASH_FFT, resource_name: fft2, ref_start_time: 2089984710013569, ref_stop_time: 2089984710051219, actual_exe_time: 37650, task_app_start_time:2089980969193987, task_sched_time:2089984710006909
app_id: 0, app_name: SAR_api-aarch64, task_id: 1228, task_name: DASH_FFT, resource_name: cpu1, ref_start_time: 2089984710909069, ref_stop_time: 2089984710963849, actual_exe_time: 54780, task_app_start_time:2089980969193987, task_sched_time:2089984710849579
app_id: 0, app_name: SAR_api-aarch64, task_id: 1229, task_name: DASH_FFT, resource_name: cpu2, ref_start_time: 2089984711271199, ref_stop_time: 2089984711312839, actual_exe_time: 41640, task_app_start_time:2089980969193987, task_sched_time:2089984711263129
app_id: 0, app_name: SAR_api-aarch64, task_id: 1230, task_name: DASH_FFT, resource_name: cpu3, ref_start_time: 2089984712658009, ref_stop_time: 2089984712717079, actual_exe_time: 59070, task_app_start_time:2089980969193987, task_sched_time:2089984712654589
app_id: 0, app_name: SAR_api-aarch64, task_id: 1231, task_name: DASH_FFT, resource_name: fft1, ref_start_time: 2089984717115800, ref_stop_time: 2089984717162660, actual_exe_time: 46860, task_app_start_time:2089980969193987, task_sched_time:2089984717103710
app_id: 0, app_name: SAR_api-aarch64, task_id: 1232, task_name: DASH_FFT, resource_name: fft2, ref_start_time: 2089984720492061, ref_stop_time: 2089984720542101, actual_exe_time: 50040, task_app_start_time:2089980969193987, task_sched_time:2089984720487141
app_id: 0, app_name: SAR_api-aarch64, task_id: 1233, task_name: DASH_FFT, resource_name: cpu1, ref_start_time: 2089984724656061, ref_stop_time: 2089984724709641, actual_exe_time: 53580, task_app_start_time:2089980969193987, task_sched_time:2089984724647511
app_id: 0, app_name: SAR_api-aarch64, task_id: 1234, task_name: DASH_FFT, resource_name: cpu2, ref_start_time: 2089984725018281, ref_stop_time: 2089984725071651, actual_exe_time: 53370, task_app_start_time:2089980969193987, task_sched_time:2089984725010751
app_id: 0, app_name: SAR_api-aarch64, task_id: 1235, task_name: DASH_FFT, resource_name: cpu3, ref_start_time: 2089984727373492, ref_stop_time: 2089984727416872, actual_exe_time: 43380, task_app_start_time:2089980969193987, task_sched_time:2089984727366352
app_id: 0, app_name: SAR_api-aarch64, task_id: 1236, task_name: DASH_FFT, resource_name: fft1, ref_start_time: 2089984728319632, ref_stop_time: 2089984728376032, actual_exe_time: 56400, task_app_start_time:2089980969193987, task_sched_time:2089984728315822
app_id: 0, app_name: SAR_api-aarch64, task_id: 1237, task_name: DASH_FFT, resource_name: fft2, ref_start_time: 2089984732442923, ref_stop_time: 2089984732488073, actual_exe_time: 45150, task_app_start_time:2089980969193987, task_sched_time:2089984732431973
app_id: 0, app_name: SAR_api-aarch64, task_id: 1238, task_name: DASH_FFT, resource_name: cpu1, ref_start_time: 2089984732997953, ref_stop_time: 2089984733067223, actual_exe_time: 69270, task_app_start_time:2089980969193987, task_sched_time:2089984732994353
app_id: 0, app_name: SAR_api-aarch64, task_id: 1239, task_name: DASH_FFT, resource_name: cpu2, ref_start_time: 2089984736550103, ref_stop_time: 2089984736597563, actual_exe_time: 47460, task_app_start_time:2089980969193987, task_sched_time:2089984736544733
app_id: 0, app_name: SAR_api-aarch64, task_id: 1240, task_name: DASH_FFT, resource_name: cpu3, ref_start_time: 2089984740741704, ref_stop_time: 2089984740807224, actual_exe_time: 65520, task_app_start_time:2089980969193987, task_sched_time:2089984740735914
app_id: 0, app_name: SAR_api-aarch64, task_id: 1241, task_name: DASH_FFT, resource_name: fft1, ref_start_time: 2089984741526564, ref_stop_time: 2089984741569674, actual_exe_time: 43110, task_app_start_time:2089980969193987, task_sched_time:2089984741507664
app_id: 0, app_name: SAR_api-aarch64, task_id: 1242, task_name: DASH_FFT, resource_name: fft2, ref_start_time: 2089984744293704, ref_stop_time: 2089984744341614, actual_exe_time: 47910, task_app_start_time:2089980969193987, task_sched_time:2089984744287524
app_id: 0, app_name: SAR_api-aarch64, task_id: 1243, task_name: DASH_FFT, resource_name: cpu1, ref_start_time: 2089984745966805, ref_stop_time: 2089984746021195, actual_exe_time: 54390, task_app_start_time:2089980969193987, task_sched_time:2089984745945925
app_id: 0, app_name: SAR_api-aarch64, task_id: 1244, task_name: DASH_FFT, resource_name: cpu2, ref_start_time: 2089984746972435, ref_stop_time: 2089984747023315, actual_exe_time: 50880, task_app_start_time:2089980969193987, task_sched_time:2089984746965685
app_id: 0, app_name: SAR_api-aarch64, task_id: 1245, task_name: DASH_FFT, resource_name: cpu3, ref_start_time: 2089984748335905, ref_stop_time: 2089984748383665, actual_exe_time: 47760, task_app_start_time:2089980969193987, task_sched_time:2089984747658265
app_id: 0, app_name: SAR_api-aarch64, task_id: 1246, task_name: DASH_FFT, resource_name: fft1, ref_start_time: 2089984752624106, ref_stop_time: 2089984752685186, actual_exe_time: 61080, task_app_start_time:2089980969193987, task_sched_time:2089984752534376
app_id: 0, app_name: SAR_api-aarch64, task_id: 1247, task_name: DASH_FFT, resource_name: fft2, ref_start_time: 2089984752907786, ref_stop_time: 2089984752946336, actual_exe_time: 38550, task_app_start_time:2089980969193987, task_sched_time:2089984752899146
app_id: 0, app_name: SAR_api-aarch64, task_id: 1248, task_name: DASH_FFT, resource_name: cpu1, ref_start_time: 2089984756649566, ref_stop_time: 2089984756713136, actual_exe_time: 63570, task_app_start_time:2089980969193987, task_sched_time:2089984756639816
app_id: 0, app_name: SAR_api-aarch64, task_id: 1249, task_name: DASH_FFT, resource_name: cpu2, ref_start_time: 2089984760505827, ref_stop_time: 2089984760553647, actual_exe_time: 47820, task_app_start_time:2089980969193987, task_sched_time:2089984760499707
app_id: 0, app_name: SAR_api-aarch64, task_id: 1250, task_name: DASH_FFT, resource_name: cpu3, ref_start_time: 2089984761207677, ref_stop_time: 2089984761263987, actual_exe_time: 56310, task_app_start_time:2089980969193987, task_sched_time:2089984761201857
app_id: 0, app_name: SAR_api-aarch64, task_id: 1251, task_name: DASH_FFT, resource_name: fft1, ref_start_time: 2089984762209167, ref_stop_time: 2089984762254407, actual_exe_time: 45240, task_app_start_time:2089980969193987, task_sched_time:2089984762198847
app_id: 0, app_name: SAR_api-aarch64, task_id: 1252, task_name: DASH_FFT, resource_name: fft2, ref_start_time: 2089984768297008, ref_stop_time: 2089984768361298, actual_exe_time: 64290, task_app_start_time:2089980969193987, task_sched_time:2089984763174148
app_id: 0, app_name: SAR_api-aarch64, task_id: 1253, task_name: DASH_FFT, resource_name: cpu1, ref_start_time: 2089984769857159, ref_stop_time: 2089984769911399, actual_exe_time: 54240, task_app_start_time:2089980969193987, task_sched_time:2089984769808019
app_id: 0, app_name: SAR_api-aarch64, task_id: 1254, task_name: DASH_FFT, resource_name: cpu2, ref_start_time: 2089984772286529, ref_stop_time: 2089984772347549, actual_exe_time: 61020, task_app_start_time:2089980969193987, task_sched_time:2089984770536839
app_id: 0, app_name: SAR_api-aarch64, task_id: 1255, task_name: DASH_FFT, resource_name: cpu3, ref_start_time: 2089984772919019, ref_stop_time: 2089984772961409, actual_exe_time: 42390, task_app_start_time:2089980969193987, task_sched_time:2089984772915929
app_id: 0, app_name: SAR_api-aarch64, task_id: 1256, task_name: DASH_FFT, resource_name: fft1, ref_start_time: 2089984773543919, ref_stop_time: 2089984773599329, actual_exe_time: 55410, task_app_start_time:2089980969193987, task_sched_time:2089984773527539
app_id: 0, app_name: SAR_api-aarch64, task_id: 1257, task_name: DASH_FFT, resource_name: fft2, ref_start_time: 2089984775727290, ref_stop_time: 2089984775768810, actual_exe_time: 41520, task_app_start_time:2089980969193987, task_sched_time:2089984774164769
app_id: 0, app_name: SAR_api-aarch64, task_id: 1258, task_name: DASH_FFT, resource_name: cpu1, ref_start_time: 2089984777053290, ref_stop_time: 2089984777117460, actual_exe_time: 64170, task_app_start_time:2089980969193987, task_sched_time:2089984777044260
app_id: 0, app_name: SAR_api-aarch64, task_id: 1259, task_name: DASH_FFT, resource_name: cpu2, ref_start_time: 2089984777327430, ref_stop_time: 2089984777372070, actual_exe_time: 44640, task_app_start_time:2089980969193987, task_sched_time:2089984777321190
app_id: 0, app_name: SAR_api-aarch64, task_id: 1260, task_name: DASH_FFT, resource_name: cpu3, ref_start_time: 2089984780322660, ref_stop_time: 2089984780386170, actual_exe_time: 63510, task_app_start_time:2089980969193987, task_sched_time:2089984778394140
app_id: 0, app_name: SAR_api-aarch64, task_id: 1261, task_name: DASH_FFT, resource_name: fft1, ref_start_time: 2089984781184980, ref_stop_time: 2089984781229740, actual_exe_time: 44760, task_app_start_time:2089980969193987, task_sched_time:2089984781122010
app_id: 0, app_name: SAR_api-aarch64, task_id: 1262, task_name: DASH_FFT, resource_name: fft2, ref_start_time: 2089984784506251, ref_stop_time: 2089984784569191, actual_exe_time: 62940, task_app_start_time:2089980969193987, task_sched_time:2089984784497071
app_id: 0, app_name: SAR_api-aarch64, task_id: 1263, task_name: DASH_FFT, resource_name: cpu1, ref_start_time: 2089984788571402, ref_stop_time: 2089984788622012, actual_exe_time: 50610, task_app_start_time:2089980969193987, task_sched_time:2089984788559192
app_id: 0, app_name: SAR_api-aarch64, task_id: 1264, task_name: DASH_FFT, resource_name: cpu2, ref_start_time: 2089984789264912, ref_stop_time: 2089984789318522, actual_exe_time: 53610, task_app_start_time:2089980969193987, task_sched_time:2089984789260652
app_id: 0, app_name: SAR_api-aarch64, task_id: 1265, task_name: DASH_FFT, resource_name: cpu3, ref_start_time: 2089984792497832, ref_stop_time: 2089984792542562, actual_exe_time: 44730, task_app_start_time:2089980969193987, task_sched_time:2089984792437682
app_id: 0, app_name: SAR_api-aarch64, task_id: 1266, task_name: DASH_FFT, resource_name: fft1, ref_start_time: 2089984793325622, ref_stop_time: 2089984793382802, actual_exe_time: 57180, task_app_start_time:2089980969193987, task_sched_time:2089984793320852
app_id: 0, app_name: SAR_api-aarch64, task_id: 1267, task_name: DASH_FFT, resource_name: fft2, ref_start_time: 2089984793649382, ref_stop_time: 2089984793687782, actual_exe_time: 38400, task_app_start_time:2089980969193987, task_sched_time:2089984793639542
app_id: 0, app_name: SAR_api-aarch64, task_id: 1268, task_name: DASH_FFT, resource_name: cpu1, ref_start_time: 2089984797879533, ref_stop_time: 2089984797946793, actual_exe_time: 67260, task_app_start_time:2089980969193987, task_sched_time:2089984797863513
app_id: 0, app_name: SAR_api-aarch64, task_id: 1269, task_name: DASH_FFT, resource_name: cpu2, ref_start_time: 2089984798617353, ref_stop_time: 2089984798972703, actual_exe_time: 355350, task_app_start_time:2089980969193987, task_sched_time:2089984798612373
app_id: 0, app_name: SAR_api-aarch64, task_id: 1270, task_name: DASH_FFT, resource_name: cpu3, ref_start_time: 2089984800321054, ref_stop_time: 2089984800382434, actual_exe_time: 61380, task_app_start_time:2089980969193987, task_sched_time:2089984799558843
app_id: 0, app_name: SAR_api-aarch64, task_id: 1271, task_name: DASH_FFT, resource_name: fft1, ref_start_time: 2089984800773904, ref_stop_time: 2089984800817644, actual_exe_time: 43740, task_app_start_time:2089980969193987, task_sched_time:2089984800764994
app_id: 0, app_name: SAR_api-aarch64, task_id: 1272, task_name: DASH_FFT, resource_name: fft2, ref_start_time: 2089984804524144, ref_stop_time: 2089984804578114, actual_exe_time: 53970, task_app_start_time:2089980969193987, task_sched_time:2089984804431834
app_id: 0, app_name: SAR_api-aarch64, task_id: 1273, task_name: DASH_FFT, resource_name: cpu1, ref_start_time: 2089984808103595, ref_stop_time: 2089984808164135, actual_exe_time: 60540, task_app_start_time:2089980969193987, task_sched_time:2089984808098555
app_id: 0, app_name: SAR_api-aarch64, task_id: 1274, task_name: DASH_FFT, resource_name: cpu2, ref_start_time: 2089984809008365, ref_stop_time: 2089984809059035, actual_exe_time: 50670, task_app_start_time:2089980969193987, task_sched_time:2089984809000565
app_id: 0, app_name: SAR_api-aarch64, task_id: 1275, task_name: DASH_FFT, resource_name: cpu3, ref_start_time: 2089984809670825, ref_stop_time: 2089984809714505, actual_exe_time: 43680, task_app_start_time:2089980969193987, task_sched_time:2089984809664015
app_id: 0, app_name: SAR_api-aarch64, task_id: 1276, task_name: DASH_FFT, resource_name: fft1, ref_start_time: 2089984816774556, ref_stop_time: 2089984816835066, actual_exe_time: 60510, task_app_start_time:2089980969193987, task_sched_time:2089984816722986
app_id: 0, app_name: SAR_api-aarch64, task_id: 1277, task_name: DASH_FFT, resource_name: fft2, ref_start_time: 2089984817648156, ref_stop_time: 2089984817688356, actual_exe_time: 40200, task_app_start_time:2089980969193987, task_sched_time:2089984817639486
app_id: 0, app_name: SAR_api-aarch64, task_id: 1278, task_name: DASH_FFT, resource_name: cpu1, ref_start_time: 2089984820544297, ref_stop_time: 2089984820602887, actual_exe_time: 58590, task_app_start_time:2089980969193987, task_sched_time:2089984820532027
app_id: 0, app_name: SAR_api-aarch64, task_id: 1279, task_name: DASH_FFT, resource_name: cpu2, ref_start_time: 2089984824493257, ref_stop_time: 2089984824541737, actual_exe_time: 48480, task_app_start_time:2089980969193987, task_sched_time:2089984824487587
app_id: 0, app_name: SAR_api-aarch64, task_id: 1280, task_name: DASH_FFT, resource_name: cpu3, ref_start_time: 2089984825335418, ref_stop_time: 2089984825392658, actual_exe_time: 57240, task_app_start_time:2089980969193987, task_sched_time:2089984825140717
app_id: 0, app_name: SAR_api-aarch64, task_id: 1281, task_name: DASH_ZIP, resource_name: zip1, ref_start_time: 2089984825700248, ref_stop_time: 2089984825832578, actual_exe_time: 132330, task_app_start_time:2089980969193987, task_sched_time:2089984825675858
app_id: 0, app_name: SAR_api-aarch64, task_id: 1282, task_name: DASH_FFT, resource_name: cpu1, ref_start_time: 2089984826691208, ref_stop_time: 2089984826740228, actual_exe_time: 49020, task_app_start_time:2089980969193987, task_sched_time:2089984826679088
app_id: 0, app_name: SAR_api-aarch64, task_id: 1283, task_name: DASH_ZIP, resource_name: cpu2, ref_start_time: 2089984839737490, ref_stop_time: 2089984839821610, actual_exe_time: 84120, task_app_start_time:2089980969193987, task_sched_time:2089984839727800
app_id: 0, app_name: SAR_api-aarch64, task_id: 1284, task_name: DASH_FFT, resource_name: cpu3, ref_start_time: 2089984844563351, ref_stop_time: 2089984844636431, actual_exe_time: 73080, task_app_start_time:2089980969193987, task_sched_time:2089984844553991
app_id: 0, app_name: SAR_api-aarch64, task_id: 1285, task_name: DASH_ZIP, resource_name: zip1, ref_start_time: 2089984848727681, ref_stop_time: 2089984848850171, actual_exe_time: 122490, task_app_start_time:2089980969193987, task_sched_time:2089984848720751
app_id: 0, app_name: SAR_api-aarch64, task_id: 1286, task_name: DASH_FFT, resource_name: cpu1, ref_start_time: 2089984852618622, ref_stop_time: 2089984852673192, actual_exe_time: 54570, task_app_start_time:2089980969193987, task_sched_time:2089984852609142
app_id: 0, app_name: SAR_api-aarch64, task_id: 1287, task_name: DASH_ZIP, resource_name: cpu2, ref_start_time: 2089984855139672, ref_stop_time: 2089984855474172, actual_exe_time: 334500, task_app_start_time:2089980969193987, task_sched_time:2089984855134632
app_id: 0, app_name: SAR_api-aarch64, task_id: 1288, task_name: DASH_FFT, resource_name: cpu3, ref_start_time: 2089984864313794, ref_stop_time: 2089984864393234, actual_exe_time: 79440, task_app_start_time:2089980969193987, task_sched_time:2089984864304224
app_id: 0, app_name: SAR_api-aarch64, task_id: 1289, task_name: DASH_ZIP, resource_name: zip1, ref_start_time: 2089984868680955, ref_stop_time: 2089984868804525, actual_exe_time: 123570, task_app_start_time:2089980969193987, task_sched_time:2089984868505424
app_id: 0, app_name: SAR_api-aarch64, task_id: 1290, task_name: DASH_FFT, resource_name: cpu1, ref_start_time: 2089984869085715, ref_stop_time: 2089984869138455, actual_exe_time: 52740, task_app_start_time:2089980969193987, task_sched_time:2089984869048485
app_id: 0, app_name: SAR_api-aarch64, task_id: 1291, task_name: DASH_ZIP, resource_name: cpu2, ref_start_time: 2089984872687575, ref_stop_time: 2089984872767135, actual_exe_time: 79560, task_app_start_time:2089980969193987, task_sched_time:2089984872680795
app_id: 0, app_name: SAR_api-aarch64, task_id: 1292, task_name: DASH_FFT, resource_name: cpu3, ref_start_time: 2089984880325966, ref_stop_time: 2089984880405016, actual_exe_time: 79050, task_app_start_time:2089980969193987, task_sched_time:2089984880319486
app_id: 0, app_name: SAR_api-aarch64, task_id: 1293, task_name: DASH_ZIP, resource_name: zip1, ref_start_time: 2089984882476157, ref_stop_time: 2089984882624417, actual_exe_time: 148260, task_app_start_time:2089980969193987, task_sched_time:2089984882393597
app_id: 0, app_name: SAR_api-aarch64, task_id: 1294, task_name: DASH_FFT, resource_name: cpu1, ref_start_time: 2089984888326698, ref_stop_time: 2089984888391198, actual_exe_time: 64500, task_app_start_time:2089980969193987, task_sched_time:2089984888311128
app_id: 0, app_name: SAR_api-aarch64, task_id: 1295, task_name: DASH_ZIP, resource_name: cpu2, ref_start_time: 2089984895343879, ref_stop_time: 2089984895423829, actual_exe_time: 79950, task_app_start_time:2089980969193987, task_sched_time:2089984895338089
app_id: 0, app_name: SAR_api-aarch64, task_id: 1296, task_name: DASH_FFT, resource_name: cpu3, ref_start_time: 2089984895977539, ref_stop_time: 2089984896143739, actual_exe_time: 166200, task_app_start_time:2089980969193987, task_sched_time:2089984895827929
app_id: 0, app_name: SAR_api-aarch64, task_id: 1297, task_name: DASH_ZIP, resource_name: zip1, ref_start_time: 2089984904524120, ref_stop_time: 2089984904649520, actual_exe_time: 125400, task_app_start_time:2089980969193987, task_sched_time:2089984904518630
app_id: 0, app_name: SAR_api-aarch64, task_id: 1298, task_name: DASH_FFT, resource_name: cpu1, ref_start_time: 2089984908724421, ref_stop_time: 2089984908780671, actual_exe_time: 56250, task_app_start_time:2089980969193987, task_sched_time:2089984908675941
app_id: 0, app_name: SAR_api-aarch64, task_id: 1299, task_name: DASH_ZIP, resource_name: cpu2, ref_start_time: 2089984910071991, ref_stop_time: 2089984910408081, actual_exe_time: 336090, task_app_start_time:2089980969193987, task_sched_time:2089984910064701
app_id: 0, app_name: SAR_api-aarch64, task_id: 1300, task_name: DASH_FFT, resource_name: cpu3, ref_start_time: 2089984920395533, ref_stop_time: 2089984920477073, actual_exe_time: 81540, task_app_start_time:2089980969193987, task_sched_time:2089984920389863
app_id: 0, app_name: SAR_api-aarch64, task_id: 1301, task_name: DASH_ZIP, resource_name: zip1, ref_start_time: 2089984922904073, ref_stop_time: 2089984923027583, actual_exe_time: 123510, task_app_start_time:2089980969193987, task_sched_time:2089984922802853
app_id: 0, app_name: SAR_api-aarch64, task_id: 1302, task_name: DASH_FFT, resource_name: cpu1, ref_start_time: 2089984923292753, ref_stop_time: 2089984923345223, actual_exe_time: 52470, task_app_start_time:2089980969193987, task_sched_time:2089984923260863
app_id: 0, app_name: SAR_api-aarch64, task_id: 1303, task_name: DASH_ZIP, resource_name: cpu2, ref_start_time: 2089984935480225, ref_stop_time: 2089984935562065, actual_exe_time: 81840, task_app_start_time:2089980969193987, task_sched_time:2089984935472635
app_id: 0, app_name: SAR_api-aarch64, task_id: 1304, task_name: DASH_FFT, resource_name: cpu3, ref_start_time: 2089984936181115, ref_stop_time: 2089984936295925, actual_exe_time: 114810, task_app_start_time:2089980969193987, task_sched_time:2089984936033815
app_id: 0, app_name: SAR_api-aarch64, task_id: 1305, task_name: DASH_ZIP, resource_name: zip1, ref_start_time: 2089984940501956, ref_stop_time: 2089984940627926, actual_exe_time: 125970, task_app_start_time:2089980969193987, task_sched_time:2089984940496196
app_id: 0, app_name: SAR_api-aarch64, task_id: 1306, task_name: DASH_FFT, resource_name: cpu1, ref_start_time: 2089984944738797, ref_stop_time: 2089984944793487, actual_exe_time: 54690, task_app_start_time:2089980969193987, task_sched_time:2089984944651707
app_id: 0, app_name: SAR_api-aarch64, task_id: 1307, task_name: DASH_ZIP, resource_name: cpu2, ref_start_time: 2089984949948058, ref_stop_time: 2089984950026958, actual_exe_time: 78900, task_app_start_time:2089980969193987, task_sched_time:2089984949942148
app_id: 0, app_name: SAR_api-aarch64, task_id: 1308, task_name: DASH_FFT, resource_name: cpu3, ref_start_time: 2089984956603349, ref_stop_time: 2089984956682129, actual_exe_time: 78780, task_app_start_time:2089980969193987, task_sched_time:2089984956593689
app_id: 0, app_name: SAR_api-aarch64, task_id: 1309, task_name: DASH_ZIP, resource_name: zip1, ref_start_time: 2089984960967719, ref_stop_time: 2089984961091079, actual_exe_time: 123360, task_app_start_time:2089980969193987, task_sched_time:2089984960960369
app_id: 0, app_name: SAR_api-aarch64, task_id: 1310, task_name: DASH_FFT, resource_name: cpu1, ref_start_time: 2089984963895270, ref_stop_time: 2089984963950200, actual_exe_time: 54930, task_app_start_time:2089980969193987, task_sched_time:2089984963814090
app_id: 0, app_name: SAR_api-aarch64, task_id: 1311, task_name: DASH_ZIP, resource_name: cpu2, ref_start_time: 2089984964974220, ref_stop_time: 2089984965051800, actual_exe_time: 77580, task_app_start_time:2089980969193987, task_sched_time:2089984964966930
app_id: 0, app_name: SAR_api-aarch64, task_id: 1312, task_name: DASH_FFT, resource_name: cpu3, ref_start_time: 2089984967456300, ref_stop_time: 2089984967525630, actual_exe_time: 69330, task_app_start_time:2089980969193987, task_sched_time:2089984965650870
app_id: 0, app_name: SAR_api-aarch64, task_id: 1313, task_name: DASH_ZIP, resource_name: zip1, ref_start_time: 2089984976483662, ref_stop_time: 2089984976786812, actual_exe_time: 303150, task_app_start_time:2089980969193987, task_sched_time:2089984976474092
app_id: 0, app_name: SAR_api-aarch64, task_id: 1314, task_name: DASH_FFT, resource_name: cpu1, ref_start_time: 2089984978276402, ref_stop_time: 2089984978331632, actual_exe_time: 55230, task_app_start_time:2089980969193987, task_sched_time:2089984978255102
app_id: 0, app_name: SAR_api-aarch64, task_id: 1315, task_name: DASH_ZIP, resource_name: cpu2, ref_start_time: 2089984984913963, ref_stop_time: 2089984984997543, actual_exe_time: 83580, task_app_start_time:2089980969193987, task_sched_time:2089984984903343
app_id: 0, app_name: SAR_api-aarch64, task_id: 1316, task_name: DASH_FFT, resource_name: cpu3, ref_start_time: 2089984988532624, ref_stop_time: 2089984988605434, actual_exe_time: 72810, task_app_start_time:2089980969193987, task_sched_time:2089984988523234
app_id: 0, app_name: SAR_api-aarch64, task_id: 1317, task_name: DASH_ZIP, resource_name: zip1, ref_start_time: 2089984991514894, ref_stop_time: 2089984991638014, actual_exe_time: 123120, task_app_start_time:2089980969193987, task_sched_time:2089984991507724
app_id: 0, app_name: SAR_api-aarch64, task_id: 1318, task_name: DASH_FFT, resource_name: cpu1, ref_start_time: 2089984992937224, ref_stop_time: 2089984992998425, actual_exe_time: 61201, task_app_start_time:2089980969193987, task_sched_time:2089984992929454
app_id: 0, app_name: SAR_api-aarch64, task_id: 1319, task_name: DASH_ZIP, resource_name: cpu2, ref_start_time: 2089984996603345, ref_stop_time: 2089984996685095, actual_exe_time: 81750, task_app_start_time:2089980969193987, task_sched_time:2089984996595185
app_id: 0, app_name: SAR_api-aarch64, task_id: 1320, task_name: DASH_FFT, resource_name: cpu3, ref_start_time: 2089985000854856, ref_stop_time: 2089985000926946, actual_exe_time: 72090, task_app_start_time:2089980969193987, task_sched_time:2089985000849276
app_id: 0, app_name: SAR_api-aarch64, task_id: 1321, task_name: DASH_ZIP, resource_name: zip1, ref_start_time: 2089985007191547, ref_stop_time: 2089985007320787, actual_exe_time: 129240, task_app_start_time:2089980969193987, task_sched_time:2089985007184647
app_id: 0, app_name: SAR_api-aarch64, task_id: 1322, task_name: DASH_FFT, resource_name: cpu1, ref_start_time: 2089985012450188, ref_stop_time: 2089985012509648, actual_exe_time: 59460, task_app_start_time:2089980969193987, task_sched_time:2089985012441908
app_id: 0, app_name: SAR_api-aarch64, task_id: 1323, task_name: DASH_ZIP, resource_name: cpu2, ref_start_time: 2089985019797099, ref_stop_time: 2089985019883199, actual_exe_time: 86100, task_app_start_time:2089980969193987, task_sched_time:2089985019789479
app_id: 0, app_name: SAR_api-aarch64, task_id: 1324, task_name: DASH_FFT, resource_name: cpu3, ref_start_time: 2089985020583699, ref_stop_time: 2089985020648619, actual_exe_time: 64920, task_app_start_time:2089980969193987, task_sched_time:2089985020573829
app_id: 0, app_name: SAR_api-aarch64, task_id: 1325, task_name: DASH_ZIP, resource_name: zip1, ref_start_time: 2089985024522430, ref_stop_time: 2089985024646780, actual_exe_time: 124350, task_app_start_time:2089980969193987, task_sched_time:2089985024516040
app_id: 0, app_name: SAR_api-aarch64, task_id: 1326, task_name: DASH_FFT, resource_name: cpu1, ref_start_time: 2089985032524091, ref_stop_time: 2089985032881601, actual_exe_time: 357510, task_app_start_time:2089980969193987, task_sched_time:2089985032518301
app_id: 0, app_name: SAR_api-aarch64, task_id: 1327, task_name: DASH_ZIP, resource_name: cpu2, ref_start_time: 2089985034835831, ref_stop_time: 2089985034914611, actual_exe_time: 78780, task_app_start_time:2089980969193987, task_sched_time:2089985034829291
app_id: 0, app_name: SAR_api-aarch64, task_id: 1328, task_name: DASH_FFT, resource_name: cpu3, ref_start_time: 2089985040443252, ref_stop_time: 2089985040535442, actual_exe_time: 92190, task_app_start_time:2089980969193987, task_sched_time:2089985040434222
app_id: 0, app_name: SAR_api-aarch64, task_id: 1329, task_name: DASH_ZIP, resource_name: zip1, ref_start_time: 2089985047127643, ref_stop_time: 2089985047249593, actual_exe_time: 121950, task_app_start_time:2089980969193987, task_sched_time:2089985047123953
app_id: 0, app_name: SAR_api-aarch64, task_id: 1330, task_name: DASH_FFT, resource_name: cpu1, ref_start_time: 2089985048684703, ref_stop_time: 2089985048738433, actual_exe_time: 53730, task_app_start_time:2089980969193987, task_sched_time:2089985048672283
app_id: 0, app_name: SAR_api-aarch64, task_id: 1331, task_name: DASH_ZIP, resource_name: cpu2, ref_start_time: 2089985056453055, ref_stop_time: 2089985056536335, actual_exe_time: 83280, task_app_start_time:2089980969193987, task_sched_time:2089985056443815
app_id: 0, app_name: SAR_api-aarch64, task_id: 1332, task_name: DASH_FFT, resource_name: cpu3, ref_start_time: 2089985060681405, ref_stop_time: 2089985060747855, actual_exe_time: 66450, task_app_start_time:2089980969193987, task_sched_time:2089985060673995
app_id: 0, app_name: SAR_api-aarch64, task_id: 1333, task_name: DASH_ZIP, resource_name: zip1, ref_start_time: 2089985062784376, ref_stop_time: 2089985062927836, actual_exe_time: 143460, task_app_start_time:2089980969193987, task_sched_time:2089985062672386
app_id: 0, app_name: SAR_api-aarch64, task_id: 1334, task_name: DASH_FFT, resource_name: cpu1, ref_start_time: 2089985072496667, ref_stop_time: 2089985072554507, actual_exe_time: 57840, task_app_start_time:2089980969193987, task_sched_time:2089985072479627
app_id: 0, app_name: SAR_api-aarch64, task_id: 1335, task_name: DASH_ZIP, resource_name: cpu2, ref_start_time: 2089985075391908, ref_stop_time: 2089985075470598, actual_exe_time: 78690, task_app_start_time:2089980969193987, task_sched_time:2089985075385218
app_id: 0, app_name: SAR_api-aarch64, task_id: 1336, task_name: DASH_FFT, resource_name: cpu3, ref_start_time: 2089985075764958, ref_stop_time: 2089985075831708, actual_exe_time: 66750, task_app_start_time:2089980969193987, task_sched_time:2089985075706368
app_id: 0, app_name: SAR_api-aarch64, task_id: 1337, task_name: DASH_ZIP, resource_name: zip1, ref_start_time: 2089985080616079, ref_stop_time: 2089985080742229, actual_exe_time: 126150, task_app_start_time:2089980969193987, task_sched_time:2089985080610319
app_id: 0, app_name: SAR_api-aarch64, task_id: 1338, task_name: DASH_FFT, resource_name: cpu1, ref_start_time: 2089985081642259, ref_stop_time: 2089985081694279, actual_exe_time: 52020, task_app_start_time:2089980969193987, task_sched_time:2089985081550369
app_id: 0, app_name: SAR_api-aarch64, task_id: 1339, task_name: DASH_ZIP, resource_name: cpu2, ref_start_time: 2089985084313249, ref_stop_time: 2089985084389419, actual_exe_time: 76170, task_app_start_time:2089980969193987, task_sched_time:2089985082518769
app_id: 0, app_name: SAR_api-aarch64, task_id: 1340, task_name: DASH_FFT, resource_name: cpu3, ref_start_time: 2089985084734689, ref_stop_time: 2089985085015819, actual_exe_time: 281130, task_app_start_time:2089980969193987, task_sched_time:2089985084726199
app_id: 0, app_name: SAR_api-aarch64, task_id: 1341, task_name: DASH_ZIP, resource_name: zip1, ref_start_time: 2089985088448720, ref_stop_time: 2089985088567550, actual_exe_time: 118830, task_app_start_time:2089980969193987, task_sched_time:2089985088440740
app_id: 0, app_name: SAR_api-aarch64, task_id: 1342, task_name: DASH_FFT, resource_name: cpu1, ref_start_time: 2089985089607920, ref_stop_time: 2089985089660780, actual_exe_time: 52860, task_app_start_time:2089980969193987, task_sched_time:2089985089602010
app_id: 0, app_name: SAR_api-aarch64, task_id: 1343, task_name: DASH_ZIP, resource_name: cpu2, ref_start_time: 2089985092294450, ref_stop_time: 2089985092374731, actual_exe_time: 80281, task_app_start_time:2089980969193987, task_sched_time:2089985090740180
app_id: 0, app_name: SAR_api-aarch64, task_id: 1344, task_name: DASH_FFT, resource_name: cpu3, ref_start_time: 2089985096417141, ref_stop_time: 2089985096489921, actual_exe_time: 72780, task_app_start_time:2089980969193987, task_sched_time:2089985096406161
app_id: 0, app_name: SAR_api-aarch64, task_id: 1345, task_name: DASH_ZIP, resource_name: zip1, ref_start_time: 2089985100625722, ref_stop_time: 2089985100746982, actual_exe_time: 121260, task_app_start_time:2089980969193987, task_sched_time:2089985100615972
app_id: 0, app_name: SAR_api-aarch64, task_id: 1346, task_name: DASH_FFT, resource_name: cpu1, ref_start_time: 2089985103933102, ref_stop_time: 2089985103987462, actual_exe_time: 54360, task_app_start_time:2089980969193987, task_sched_time:2089985103892032
app_id: 0, app_name: SAR_api-aarch64, task_id: 1347, task_name: DASH_ZIP, resource_name: cpu2, ref_start_time: 2089985108776663, ref_stop_time: 2089985108858863, actual_exe_time: 82200, task_app_start_time:2089980969193987, task_sched_time:2089985108768743
app_id: 0, app_name: SAR_api-aarch64, task_id: 1348, task_name: DASH_FFT, resource_name: cpu3, ref_start_time: 2089985112461174, ref_stop_time: 2089985112526994, actual_exe_time: 65820, task_app_start_time:2089980969193987, task_sched_time:2089985112453044
app_id: 0, app_name: SAR_api-aarch64, task_id: 1349, task_name: DASH_ZIP, resource_name: zip1, ref_start_time: 2089985118140355, ref_stop_time: 2089985118262965, actual_exe_time: 122610, task_app_start_time:2089980969193987, task_sched_time:2089985118131055
app_id: 0, app_name: SAR_api-aarch64, task_id: 1350, task_name: DASH_FFT, resource_name: cpu1, ref_start_time: 2089985118453585, ref_stop_time: 2089985118792735, actual_exe_time: 339150, task_app_start_time:2089980969193987, task_sched_time:2089985118450105
app_id: 0, app_name: SAR_api-aarch64, task_id: 1351, task_name: DASH_ZIP, resource_name: cpu2, ref_start_time: 2089985119544205, ref_stop_time: 2089985119619925, actual_exe_time: 75720, task_app_start_time:2089980969193987, task_sched_time:2089985119540725
app_id: 0, app_name: SAR_api-aarch64, task_id: 1352, task_name: DASH_FFT, resource_name: cpu3, ref_start_time: 2089985128436746, ref_stop_time: 2089985128506856, actual_exe_time: 70110, task_app_start_time:2089980969193987, task_sched_time:2089985128428136
app_id: 0, app_name: SAR_api-aarch64, task_id: 1353, task_name: DASH_ZIP, resource_name: zip1, ref_start_time: 2089985131797677, ref_stop_time: 2089985131920017, actual_exe_time: 122340, task_app_start_time:2089980969193987, task_sched_time:2089985131791437
app_id: 0, app_name: SAR_api-aarch64, task_id: 1354, task_name: DASH_FFT, resource_name: cpu1, ref_start_time: 2089985140502568, ref_stop_time: 2089985140561848, actual_exe_time: 59280, task_app_start_time:2089980969193987, task_sched_time:2089985140488798
app_id: 0, app_name: SAR_api-aarch64, task_id: 1355, task_name: DASH_ZIP, resource_name: cpu2, ref_start_time: 2089985145750739, ref_stop_time: 2089985145839719, actual_exe_time: 88980, task_app_start_time:2089980969193987, task_sched_time:2089985145612589
app_id: 0, app_name: SAR_api-aarch64, task_id: 1356, task_name: DASH_FFT, resource_name: cpu3, ref_start_time: 2089985152444040, ref_stop_time: 2089985152527860, actual_exe_time: 83820, task_app_start_time:2089980969193987, task_sched_time:2089985152438070
app_id: 0, app_name: SAR_api-aarch64, task_id: 1357, task_name: DASH_ZIP, resource_name: zip1, ref_start_time: 2089985158733331, ref_stop_time: 2089985158858071, actual_exe_time: 124740, task_app_start_time:2089980969193987, task_sched_time:2089985158728831
app_id: 0, app_name: SAR_api-aarch64, task_id: 1358, task_name: DASH_FFT, resource_name: cpu1, ref_start_time: 2089985164804402, ref_stop_time: 2089985164863532, actual_exe_time: 59130, task_app_start_time:2089980969193987, task_sched_time:2089985164788232
app_id: 0, app_name: SAR_api-aarch64, task_id: 1359, task_name: DASH_ZIP, resource_name: cpu2, ref_start_time: 2089985172136823, ref_stop_time: 2089985172566843, actual_exe_time: 430020, task_app_start_time:2089980969193987, task_sched_time:2089985171968373
app_id: 0, app_name: SAR_api-aarch64, task_id: 1360, task_name: DASH_FFT, resource_name: cpu3, ref_start_time: 2089985173426944, ref_stop_time: 2089985173493904, actual_exe_time: 66960, task_app_start_time:2089980969193987, task_sched_time:2089985173419834
app_id: 0, app_name: SAR_api-aarch64, task_id: 1361, task_name: DASH_ZIP, resource_name: zip1, ref_start_time: 2089985174613414, ref_stop_time: 2089985174738994, actual_exe_time: 125580, task_app_start_time:2089980969193987, task_sched_time:2089985174608194
app_id: 0, app_name: SAR_api-aarch64, task_id: 1362, task_name: DASH_FFT, resource_name: cpu1, ref_start_time: 2089985175543624, ref_stop_time: 2089985175596634, actual_exe_time: 53010, task_app_start_time:2089980969193987, task_sched_time:2089985175538674
app_id: 0, app_name: SAR_api-aarch64, task_id: 1363, task_name: DASH_ZIP, resource_name: cpu2, ref_start_time: 2089985176029204, ref_stop_time: 2089985176106274, actual_exe_time: 77070, task_app_start_time:2089980969193987, task_sched_time:2089985176020684
app_id: 0, app_name: SAR_api-aarch64, task_id: 1364, task_name: DASH_FFT, resource_name: cpu3, ref_start_time: 2089985180309065, ref_stop_time: 2089985180382175, actual_exe_time: 73110, task_app_start_time:2089980969193987, task_sched_time:2089985177203014
app_id: 0, app_name: SAR_api-aarch64, task_id: 1365, task_name: DASH_ZIP, resource_name: zip1, ref_start_time: 2089985180881525, ref_stop_time: 2089985181001615, actual_exe_time: 120090, task_app_start_time:2089980969193987, task_sched_time:2089985180872465
app_id: 0, app_name: SAR_api-aarch64, task_id: 1366, task_name: DASH_FFT, resource_name: cpu1, ref_start_time: 2089985182140505, ref_stop_time: 2089985182190785, actual_exe_time: 50280, task_app_start_time:2089980969193987, task_sched_time:2089985182132795
app_id: 0, app_name: SAR_api-aarch64, task_id: 1367, task_name: DASH_ZIP, resource_name: cpu2, ref_start_time: 2089985182985035, ref_stop_time: 2089985183061805, actual_exe_time: 76770, task_app_start_time:2089980969193987, task_sched_time:2089985182980085
app_id: 0, app_name: SAR_api-aarch64, task_id: 1368, task_name: DASH_FFT, resource_name: cpu3, ref_start_time: 2089985184296215, ref_stop_time: 2089985184363475, actual_exe_time: 67260, task_app_start_time:2089980969193987, task_sched_time:2089985183626195
app_id: 0, app_name: SAR_api-aarch64, task_id: 1369, task_name: DASH_ZIP, resource_name: zip1, ref_start_time: 2089985185972256, ref_stop_time: 2089985186095106, actual_exe_time: 122850, task_app_start_time:2089980969193987, task_sched_time:2089985185964066
app_id: 0, app_name: SAR_api-aarch64, task_id: 1370, task_name: DASH_FFT, resource_name: cpu1, ref_start_time: 2089985192718537, ref_stop_time: 2089985192778177, actual_exe_time: 59640, task_app_start_time:2089980969193987, task_sched_time:2089985192710947
app_id: 0, app_name: SAR_api-aarch64, task_id: 1371, task_name: DASH_ZIP, resource_name: cpu2, ref_start_time: 2089985193251757, ref_stop_time: 2089985193328257, actual_exe_time: 76500, task_app_start_time:2089980969193987, task_sched_time:2089985193246327
app_id: 0, app_name: SAR_api-aarch64, task_id: 1372, task_name: DASH_FFT, resource_name: cpu3, ref_start_time: 2089985199809218, ref_stop_time: 2089985199876058, actual_exe_time: 66840, task_app_start_time:2089980969193987, task_sched_time:2089985199803308
app_id: 0, app_name: SAR_api-aarch64, task_id: 1373, task_name: DASH_ZIP, resource_name: zip1, ref_start_time: 2089985204309969, ref_stop_time: 2089985204434739, actual_exe_time: 124770, task_app_start_time:2089980969193987, task_sched_time:2089985204069488
app_id: 0, app_name: SAR_api-aarch64, task_id: 1374, task_name: DASH_FFT, resource_name: cpu1, ref_start_time: 2089985205206609, ref_stop_time: 2089985205262349, actual_exe_time: 55740, task_app_start_time:2089980969193987, task_sched_time:2089985205151889
app_id: 0, app_name: SAR_api-aarch64, task_id: 1375, task_name: DASH_ZIP, resource_name: cpu2, ref_start_time: 2089985206066229, ref_stop_time: 2089985206389899, actual_exe_time: 323670, task_app_start_time:2089980969193987, task_sched_time:2089985206061429
app_id: 0, app_name: SAR_api-aarch64, task_id: 1376, task_name: DASH_FFT, resource_name: cpu3, ref_start_time: 2089985208514259, ref_stop_time: 2089985208585989, actual_exe_time: 71730, task_app_start_time:2089980969193987, task_sched_time:2089985206702349
app_id: 0, app_name: SAR_api-aarch64, task_id: 1377, task_name: DASH_ZIP, resource_name: zip1, ref_start_time: 2089985212449480, ref_stop_time: 2089985212570140, actual_exe_time: 120660, task_app_start_time:2089980969193987, task_sched_time:2089985212440900
app_id: 0, app_name: SAR_api-aarch64, task_id: 1378, task_name: DASH_FFT, resource_name: cpu1, ref_start_time: 2089985214221280, ref_stop_time: 2089985214272370, actual_exe_time: 51090, task_app_start_time:2089980969193987, task_sched_time:2089985214195270
app_id: 0, app_name: SAR_api-aarch64, task_id: 1379, task_name: DASH_ZIP, resource_name: cpu2, ref_start_time: 2089985220571921, ref_stop_time: 2089985220652951, actual_exe_time: 81030, task_app_start_time:2089980969193987, task_sched_time:2089985220559441
app_id: 0, app_name: SAR_api-aarch64, task_id: 1380, task_name: DASH_FFT, resource_name: cpu3, ref_start_time: 2089985221337281, ref_stop_time: 2089985221398091, actual_exe_time: 60810, task_app_start_time:2089980969193987, task_sched_time:2089985221326721
app_id: 0, app_name: SAR_api-aarch64, task_id: 1381, task_name: DASH_ZIP, resource_name: zip1, ref_start_time: 2089985228167982, ref_stop_time: 2089985228294462, actual_exe_time: 126480, task_app_start_time:2089980969193987, task_sched_time:2089985228157722
app_id: 0, app_name: SAR_api-aarch64, task_id: 1382, task_name: DASH_FFT, resource_name: cpu1, ref_start_time: 2089985229277263, ref_stop_time: 2089985229331593, actual_exe_time: 54330, task_app_start_time:2089980969193987, task_sched_time:2089985229262233
app_id: 0, app_name: SAR_api-aarch64, task_id: 1383, task_name: DASH_ZIP, resource_name: cpu2, ref_start_time: 2089985230161843, ref_stop_time: 2089985230240533, actual_exe_time: 78690, task_app_start_time:2089980969193987, task_sched_time:2089985230158153
app_id: 0, app_name: SAR_api-aarch64, task_id: 1384, task_name: DASH_FFT, resource_name: cpu3, ref_start_time: 2089985232302733, ref_stop_time: 2089985232371403, actual_exe_time: 68670, task_app_start_time:2089980969193987, task_sched_time:2089985230815573
app_id: 0, app_name: SAR_api-aarch64, task_id: 1385, task_name: DASH_ZIP, resource_name: zip1, ref_start_time: 2089985236551034, ref_stop_time: 2089985236675504, actual_exe_time: 124470, task_app_start_time:2089980969193987, task_sched_time:2089985236506424
app_id: 0, app_name: SAR_api-aarch64, task_id: 1386, task_name: DASH_FFT, resource_name: cpu1, ref_start_time: 2089985240491654, ref_stop_time: 2089985240814784, actual_exe_time: 323130, task_app_start_time:2089980969193987, task_sched_time:2089985240483014
app_id: 0, app_name: SAR_api-aarch64, task_id: 1387, task_name: DASH_ZIP, resource_name: cpu2, ref_start_time: 2089985243064365, ref_stop_time: 2089985243141795, actual_exe_time: 77430, task_app_start_time:2089980969193987, task_sched_time:2089985242947965
app_id: 0, app_name: SAR_api-aarch64, task_id: 1388, task_name: DASH_FFT, resource_name: cpu3, ref_start_time: 2089985248602726, ref_stop_time: 2089985248675596, actual_exe_time: 72870, task_app_start_time:2089980969193987, task_sched_time:2089985248596636
app_id: 0, app_name: SAR_api-aarch64, task_id: 1389, task_name: DASH_ZIP, resource_name: zip1, ref_start_time: 2089985256120067, ref_stop_time: 2089985256245137, actual_exe_time: 125070, task_app_start_time:2089980969193987, task_sched_time:2089985256111787
app_id: 0, app_name: SAR_api-aarch64, task_id: 1390, task_name: DASH_FFT, resource_name: cpu1, ref_start_time: 2089985260825658, ref_stop_time: 2089985260882928, actual_exe_time: 57270, task_app_start_time:2089980969193987, task_sched_time:2089985260813898
app_id: 0, app_name: SAR_api-aarch64, task_id: 1391, task_name: DASH_ZIP, resource_name: cpu2, ref_start_time: 2089985261187518, ref_stop_time: 2089985261270588, actual_exe_time: 83070, task_app_start_time:2089980969193987, task_sched_time:2089985261127698
app_id: 0, app_name: SAR_api-aarch64, task_id: 1392, task_name: DASH_FFT, resource_name: cpu3, ref_start_time: 2089985268486009, ref_stop_time: 2089985268553329, actual_exe_time: 67320, task_app_start_time:2089980969193987, task_sched_time:2089985268475779
app_id: 0, app_name: SAR_api-aarch64, task_id: 1393, task_name: DASH_ZIP, resource_name: zip1, ref_start_time: 2089985270321649, ref_stop_time: 2089985270442879, actual_exe_time: 121230, task_app_start_time:2089980969193987, task_sched_time:2089985270312949
app_id: 0, app_name: SAR_api-aarch64, task_id: 1394, task_name: DASH_FFT, resource_name: cpu1, ref_start_time: 2089985272507869, ref_stop_time: 2089985272564179, actual_exe_time: 56310, task_app_start_time:2089980969193987, task_sched_time:2089985272498719
app_id: 0, app_name: SAR_api-aarch64, task_id: 1395, task_name: DASH_ZIP, resource_name: cpu2, ref_start_time: 2089985273206240, ref_stop_time: 2089985273483410, actual_exe_time: 277170, task_app_start_time:2089980969193987, task_sched_time:2089985273193250
app_id: 0, app_name: SAR_api-aarch64, task_id: 1396, task_name: DASH_FFT, resource_name: cpu3, ref_start_time: 2089985274306130, ref_stop_time: 2089985274371500, actual_exe_time: 65370, task_app_start_time:2089980969193987, task_sched_time:2089985274065500
app_id: 0, app_name: SAR_api-aarch64, task_id: 1397, task_name: DASH_ZIP, resource_name: zip1, ref_start_time: 2089985280786161, ref_stop_time: 2089985280910361, actual_exe_time: 124200, task_app_start_time:2089980969193987, task_sched_time:2089985280777941
app_id: 0, app_name: SAR_api-aarch64, task_id: 1398, task_name: DASH_FFT, resource_name: cpu1, ref_start_time: 2089985283595001, ref_stop_time: 2089985283650441, actual_exe_time: 55440, task_app_start_time:2089980969193987, task_sched_time:2089985283538511
app_id: 0, app_name: SAR_api-aarch64, task_id: 1399, task_name: DASH_ZIP, resource_name: cpu2, ref_start_time: 2089985292601963, ref_stop_time: 2089985292683833, actual_exe_time: 81870, task_app_start_time:2089980969193987, task_sched_time:2089985292595273
app_id: 0, app_name: SAR_api-aarch64, task_id: 1400, task_name: DASH_FFT, resource_name: cpu3, ref_start_time: 2089985296334353, ref_stop_time: 2089985296398283, actual_exe_time: 63930, task_app_start_time:2089980969193987, task_sched_time:2089985296327153
app_id: 0, app_name: SAR_api-aarch64, task_id: 1401, task_name: DASH_ZIP, resource_name: zip1, ref_start_time: 2089985297336533, ref_stop_time: 2089985297458304, actual_exe_time: 121771, task_app_start_time:2089980969193987, task_sched_time:2089985297328283
app_id: 0, app_name: SAR_api-aarch64, task_id: 1402, task_name: DASH_FFT, resource_name: cpu1, ref_start_time: 2089985300727164, ref_stop_time: 2089985300784974, actual_exe_time: 57810, task_app_start_time:2089980969193987, task_sched_time:2089985300719544
app_id: 0, app_name: SAR_api-aarch64, task_id: 1403, task_name: DASH_ZIP, resource_name: cpu2, ref_start_time: 2089985308640505, ref_stop_time: 2089985309287035, actual_exe_time: 646530, task_app_start_time:2089980969193987, task_sched_time:2089985308632915
app_id: 0, app_name: SAR_api-aarch64, task_id: 1404, task_name: DASH_FFT, resource_name: cpu3, ref_start_time: 2089985311524616, ref_stop_time: 2089985311590736, actual_exe_time: 66120, task_app_start_time:2089980969193987, task_sched_time:2089985311516186
app_id: 0, app_name: SAR_api-aarch64, task_id: 1405, task_name: DASH_ZIP, resource_name: zip1, ref_start_time: 2089985320482077, ref_stop_time: 2089985320608047, actual_exe_time: 125970, task_app_start_time:2089980969193987, task_sched_time:2089985320471217
app_id: 0, app_name: SAR_api-aarch64, task_id: 1406, task_name: DASH_FFT, resource_name: cpu1, ref_start_time: 2089985324621388, ref_stop_time: 2089985324677158, actual_exe_time: 55770, task_app_start_time:2089980969193987, task_sched_time:2089985324615958
app_id: 0, app_name: SAR_api-aarch64, task_id: 1407, task_name: DASH_ZIP, resource_name: cpu2, ref_start_time: 2089985325753348, ref_stop_time: 2089985325840228, actual_exe_time: 86880, task_app_start_time:2089980969193987, task_sched_time:2089985325746718
app_id: 0, app_name: SAR_api-aarch64, task_id: 1408, task_name: DASH_FFT, resource_name: cpu3, ref_start_time: 2089985332632619, ref_stop_time: 2089985332703269, actual_exe_time: 70650, task_app_start_time:2089980969193987, task_sched_time:2089985332623259
app_id: 0, app_name: SAR_api-aarch64, task_id: 1409, task_name: DASH_ZIP, resource_name: zip1, ref_start_time: 2089985344598451, ref_stop_time: 2089985344720671, actual_exe_time: 122220, task_app_start_time:2089980969193987, task_sched_time:2089985344588191
app_id: 0, app_name: SAR_api-aarch64, task_id: 1410, task_name: DASH_FFT, resource_name: cpu1, ref_start_time: 2089985345000361, ref_stop_time: 2089985345051571, actual_exe_time: 51210, task_app_start_time:2089980969193987, task_sched_time:2089985344991721
app_id: 0, app_name: SAR_api-aarch64, task_id: 1411, task_name: DASH_ZIP, resource_name: cpu2, ref_start_time: 2089985352219172, ref_stop_time: 2089985352577522, actual_exe_time: 358350, task_app_start_time:2089980969193987, task_sched_time:2089985352208762
app_id: 0, app_name: SAR_api-aarch64, task_id: 1412, task_name: DASH_FFT, resource_name: cpu3, ref_start_time: 2089985356381433, ref_stop_time: 2089985356445813, actual_exe_time: 64380, task_app_start_time:2089980969193987, task_sched_time:2089985356370903
app_id: 0, app_name: SAR_api-aarch64, task_id: 1413, task_name: DASH_ZIP, resource_name: zip1, ref_start_time: 2089985357291303, ref_stop_time: 2089985357410403, actual_exe_time: 119100, task_app_start_time:2089980969193987, task_sched_time:2089985357282903
app_id: 0, app_name: SAR_api-aarch64, task_id: 1414, task_name: DASH_FFT, resource_name: cpu1, ref_start_time: 2089985358086183, ref_stop_time: 2089985358294323, actual_exe_time: 208140, task_app_start_time:2089980969193987, task_sched_time:2089985358081953
app_id: 0, app_name: SAR_api-aarch64, task_id: 1415, task_name: DASH_ZIP, resource_name: cpu2, ref_start_time: 2089985364911664, ref_stop_time: 2089985364992364, actual_exe_time: 80700, task_app_start_time:2089980969193987, task_sched_time:2089985364906744
app_id: 0, app_name: SAR_api-aarch64, task_id: 1416, task_name: DASH_FFT, resource_name: cpu3, ref_start_time: 2089985367600205, ref_stop_time: 2089985367677545, actual_exe_time: 77340, task_app_start_time:2089980969193987, task_sched_time:2089985367595915
app_id: 0, app_name: SAR_api-aarch64, task_id: 1417, task_name: DASH_ZIP, resource_name: zip1, ref_start_time: 2089985368815655, ref_stop_time: 2089985369223865, actual_exe_time: 408210, task_app_start_time:2089980969193987, task_sched_time:2089985368812295
app_id: 0, app_name: SAR_api-aarch64, task_id: 1418, task_name: DASH_FFT, resource_name: cpu1, ref_start_time: 2089985372940416, ref_stop_time: 2089985372994896, actual_exe_time: 54480, task_app_start_time:2089980969193987, task_sched_time:2089985372926886
app_id: 0, app_name: SAR_api-aarch64, task_id: 1419, task_name: DASH_ZIP, resource_name: cpu2, ref_start_time: 2089985376300266, ref_stop_time: 2089985376379946, actual_exe_time: 79680, task_app_start_time:2089980969193987, task_sched_time:2089985373628376
app_id: 0, app_name: SAR_api-aarch64, task_id: 1420, task_name: DASH_FFT, resource_name: cpu3, ref_start_time: 2089985377039526, ref_stop_time: 2089985377101686, actual_exe_time: 62160, task_app_start_time:2089980969193987, task_sched_time:2089985377029866
app_id: 0, app_name: SAR_api-aarch64, task_id: 1421, task_name: DASH_ZIP, resource_name: zip1, ref_start_time: 2089985377977746, ref_stop_time: 2089985378097986, actual_exe_time: 120240, task_app_start_time:2089980969193987, task_sched_time:2089985377970276
app_id: 0, app_name: SAR_api-aarch64, task_id: 1422, task_name: DASH_FFT, resource_name: cpu1, ref_start_time: 2089985378514597, ref_stop_time: 2089985378848617, actual_exe_time: 334020, task_app_start_time:2089980969193987, task_sched_time:2089985378510697
app_id: 0, app_name: SAR_api-aarch64, task_id: 1423, task_name: DASH_ZIP, resource_name: cpu2, ref_start_time: 2089985380319667, ref_stop_time: 2089985380395807, actual_exe_time: 76140, task_app_start_time:2089980969193987, task_sched_time:2089985379326487
app_id: 0, app_name: SAR_api-aarch64, task_id: 1424, task_name: DASH_FFT, resource_name: cpu3, ref_start_time: 2089985380892247, ref_stop_time: 2089985380948467, actual_exe_time: 56220, task_app_start_time:2089980969193987, task_sched_time:2089985380886337
app_id: 0, app_name: SAR_api-aarch64, task_id: 1425, task_name: DASH_ZIP, resource_name: zip1, ref_start_time: 2089985381596857, ref_stop_time: 2089985381715417, actual_exe_time: 118560, task_app_start_time:2089980969193987, task_sched_time:2089985381587767
app_id: 0, app_name: SAR_api-aarch64, task_id: 1426, task_name: DASH_FFT, resource_name: cpu1, ref_start_time: 2089985382243117, ref_stop_time: 2089985382291747, actual_exe_time: 48630, task_app_start_time:2089980969193987, task_sched_time:2089985382239727
app_id: 0, app_name: SAR_api-aarch64, task_id: 1427, task_name: DASH_ZIP, resource_name: cpu2, ref_start_time: 2089985383335717, ref_stop_time: 2089985383411197, actual_exe_time: 75480, task_app_start_time:2089980969193987, task_sched_time:2089985383327857
app_id: 0, app_name: SAR_api-aarch64, task_id: 1428, task_name: DASH_FFT, resource_name: cpu3, ref_start_time: 2089985392333679, ref_stop_time: 2089985392408439, actual_exe_time: 74760, task_app_start_time:2089980969193987, task_sched_time:2089985387062558
app_id: 0, app_name: SAR_api-aarch64, task_id: 1429, task_name: DASH_ZIP, resource_name: zip1, ref_start_time: 2089985393856089, ref_stop_time: 2089985393976749, actual_exe_time: 120660, task_app_start_time:2089980969193987, task_sched_time:2089985393848139
app_id: 0, app_name: SAR_api-aarch64, task_id: 1430, task_name: DASH_FFT, resource_name: cpu1, ref_start_time: 2089985394596189, ref_stop_time: 2089985394644249, actual_exe_time: 48060, task_app_start_time:2089980969193987, task_sched_time:2089985394589409
app_id: 0, app_name: SAR_api-aarch64, task_id: 1431, task_name: DASH_ZIP, resource_name: cpu2, ref_start_time: 2089985395425419, ref_stop_time: 2089985395501469, actual_exe_time: 76050, task_app_start_time:2089980969193987, task_sched_time:2089985395422029
app_id: 0, app_name: SAR_api-aarch64, task_id: 1432, task_name: DASH_FFT, resource_name: cpu3, ref_start_time: 2089985397486870, ref_stop_time: 2089985397551700, actual_exe_time: 64830, task_app_start_time:2089980969193987, task_sched_time:2089985395993349
app_id: 0, app_name: SAR_api-aarch64, task_id: 1433, task_name: DASH_ZIP, resource_name: zip1, ref_start_time: 2089985400889860, ref_stop_time: 2089985401014330, actual_exe_time: 124470, task_app_start_time:2089980969193987, task_sched_time:2089985400883710
app_id: 0, app_name: SAR_api-aarch64, task_id: 1434, task_name: DASH_FFT, resource_name: cpu1, ref_start_time: 2089985404825561, ref_stop_time: 2089985404883341, actual_exe_time: 57780, task_app_start_time:2089980969193987, task_sched_time:2089985404817761
app_id: 0, app_name: SAR_api-aarch64, task_id: 1435, task_name: DASH_ZIP, resource_name: cpu2, ref_start_time: 2089985408737291, ref_stop_time: 2089985408814421, actual_exe_time: 77130, task_app_start_time:2089980969193987, task_sched_time:2089985408731591
app_id: 0, app_name: SAR_api-aarch64, task_id: 1436, task_name: DASH_FFT, resource_name: cpu3, ref_start_time: 2089985409426962, ref_stop_time: 2089985409491672, actual_exe_time: 64710, task_app_start_time:2089980969193987, task_sched_time:2089985409418922
app_id: 0, app_name: SAR_api-aarch64, task_id: 1437, task_name: DASH_ZIP, resource_name: zip1, ref_start_time: 2089985412626192, ref_stop_time: 2089985412747062, actual_exe_time: 120870, task_app_start_time:2089980969193987, task_sched_time:2089985412619322
app_id: 0, app_name: SAR_api-aarch64, task_id: 1438, task_name: DASH_FFT, resource_name: cpu1, ref_start_time: 2089985413340282, ref_stop_time: 2089985413390442, actual_exe_time: 50160, task_app_start_time:2089980969193987, task_sched_time:2089985413306112
app_id: 0, app_name: SAR_api-aarch64, task_id: 1439, task_name: DASH_ZIP, resource_name: cpu2, ref_start_time: 2089985415140702, ref_stop_time: 2089985415216092, actual_exe_time: 75390, task_app_start_time:2089980969193987, task_sched_time:2089985415132692
app_id: 0, app_name: SAR_api-aarch64, task_id: 1440, task_name: DASH_FFT, resource_name: cpu3, ref_start_time: 2089985420549553, ref_stop_time: 2089985420618043, actual_exe_time: 68490, task_app_start_time:2089980969193987, task_sched_time:2089985420544573
app_id: 0, app_name: SAR_api-aarch64, task_id: 1441, task_name: DASH_ZIP, resource_name: zip1, ref_start_time: 2089985421743674, ref_stop_time: 2089985421863254, actual_exe_time: 119580, task_app_start_time:2089980969193987, task_sched_time:2089985421737464
app_id: 0, app_name: SAR_api-aarch64, task_id: 1442, task_name: DASH_FFT, resource_name: cpu1, ref_start_time: 2089985423317624, ref_stop_time: 2089985423368474, actual_exe_time: 50850, task_app_start_time:2089980969193987, task_sched_time:2089985423280424
app_id: 0, app_name: SAR_api-aarch64, task_id: 1443, task_name: DASH_ZIP, resource_name: cpu2, ref_start_time: 2089985424496354, ref_stop_time: 2089985424570094, actual_exe_time: 73740, task_app_start_time:2089980969193987, task_sched_time:2089985424492784
app_id: 0, app_name: SAR_api-aarch64, task_id: 1444, task_name: DASH_FFT, resource_name: cpu3, ref_start_time: 2089985428656965, ref_stop_time: 2089985428720595, actual_exe_time: 63630, task_app_start_time:2089980969193987, task_sched_time:2089985428649795
app_id: 0, app_name: SAR_api-aarch64, task_id: 1445, task_name: DASH_ZIP, resource_name: zip1, ref_start_time: 2089985431806245, ref_stop_time: 2089985431927235, actual_exe_time: 120990, task_app_start_time:2089980969193987, task_sched_time:2089985431783745
app_id: 0, app_name: SAR_api-aarch64, task_id: 1446, task_name: DASH_FFT, resource_name: cpu1, ref_start_time: 2089985433166865, ref_stop_time: 2089985433219275, actual_exe_time: 52410, task_app_start_time:2089980969193987, task_sched_time:2089985433129995
app_id: 0, app_name: SAR_api-aarch64, task_id: 1447, task_name: DASH_ZIP, resource_name: cpu2, ref_start_time: 2089985436595656, ref_stop_time: 2089985436675816, actual_exe_time: 80160, task_app_start_time:2089980969193987, task_sched_time:2089985436590286
app_id: 0, app_name: SAR_api-aarch64, task_id: 1448, task_name: DASH_FFT, resource_name: cpu3, ref_start_time: 2089985440408987, ref_stop_time: 2089985440474237, actual_exe_time: 65250, task_app_start_time:2089980969193987, task_sched_time:2089985440400317
app_id: 0, app_name: SAR_api-aarch64, task_id: 1449, task_name: DASH_ZIP, resource_name: zip1, ref_start_time: 2089985444701837, ref_stop_time: 2089985444821417, actual_exe_time: 119580, task_app_start_time:2089980969193987, task_sched_time:2089985444696587
app_id: 0, app_name: SAR_api-aarch64, task_id: 1450, task_name: DASH_FFT, resource_name: cpu1, ref_start_time: 2089985445153187, ref_stop_time: 2089985445204127, actual_exe_time: 50940, task_app_start_time:2089980969193987, task_sched_time:2089985445140617
app_id: 0, app_name: SAR_api-aarch64, task_id: 1451, task_name: DASH_ZIP, resource_name: cpu2, ref_start_time: 2089985448454388, ref_stop_time: 2089985448528548, actual_exe_time: 74160, task_app_start_time:2089980969193987, task_sched_time:2089985448449618
app_id: 0, app_name: SAR_api-aarch64, task_id: 1452, task_name: DASH_FFT, resource_name: cpu3, ref_start_time: 2089985449806938, ref_stop_time: 2089985449865768, actual_exe_time: 58830, task_app_start_time:2089980969193987, task_sched_time:2089985449799138
app_id: 0, app_name: SAR_api-aarch64, task_id: 1453, task_name: DASH_ZIP, resource_name: zip1, ref_start_time: 2089985452659188, ref_stop_time: 2089985452780599, actual_exe_time: 121411, task_app_start_time:2089980969193987, task_sched_time:2089985452654478
app_id: 0, app_name: SAR_api-aarch64, task_id: 1454, task_name: DASH_FFT, resource_name: cpu1, ref_start_time: 2089985457084579, ref_stop_time: 2089985457141489, actual_exe_time: 56910, task_app_start_time:2089980969193987, task_sched_time:2089985457076269
app_id: 0, app_name: SAR_api-aarch64, task_id: 1455, task_name: DASH_ZIP, resource_name: cpu2, ref_start_time: 2089985457500649, ref_stop_time: 2089985457576639, actual_exe_time: 75990, task_app_start_time:2089980969193987, task_sched_time:2089985457495579
app_id: 0, app_name: SAR_api-aarch64, task_id: 1456, task_name: DASH_FFT, resource_name: cpu3, ref_start_time: 2089985460919570, ref_stop_time: 2089985460979840, actual_exe_time: 60270, task_app_start_time:2089980969193987, task_sched_time:2089985460911950
app_id: 0, app_name: SAR_api-aarch64, task_id: 1457, task_name: DASH_ZIP, resource_name: zip1, ref_start_time: 2089985464825000, ref_stop_time: 2089985464945210, actual_exe_time: 120210, task_app_start_time:2089980969193987, task_sched_time:2089985464818700
app_id: 0, app_name: SAR_api-aarch64, task_id: 1458, task_name: DASH_FFT, resource_name: cpu1, ref_start_time: 2089985465609621, ref_stop_time: 2089985465659721, actual_exe_time: 50100, task_app_start_time:2089980969193987, task_sched_time:2089985465600171
app_id: 0, app_name: SAR_api-aarch64, task_id: 1459, task_name: DASH_ZIP, resource_name: cpu2, ref_start_time: 2089985467510781, ref_stop_time: 2089985467587731, actual_exe_time: 76950, task_app_start_time:2089980969193987, task_sched_time:2089985467369421
app_id: 0, app_name: SAR_api-aarch64, task_id: 1460, task_name: DASH_FFT, resource_name: cpu3, ref_start_time: 2089985471256971, ref_stop_time: 2089985471320931, actual_exe_time: 63960, task_app_start_time:2089980969193987, task_sched_time:2089985471247701
app_id: 0, app_name: SAR_api-aarch64, task_id: 1461, task_name: DASH_ZIP, resource_name: zip1, ref_start_time: 2089985476299912, ref_stop_time: 2089985476427082, actual_exe_time: 127170, task_app_start_time:2089980969193987, task_sched_time:2089985471948982
app_id: 0, app_name: SAR_api-aarch64, task_id: 1462, task_name: DASH_FFT, resource_name: cpu1, ref_start_time: 2089985477265642, ref_stop_time: 2089985477319072, actual_exe_time: 53430, task_app_start_time:2089980969193987, task_sched_time:2089985477180562
app_id: 0, app_name: SAR_api-aarch64, task_id: 1463, task_name: DASH_ZIP, resource_name: cpu2, ref_start_time: 2089985478639403, ref_stop_time: 2089985478714763, actual_exe_time: 75360, task_app_start_time:2089980969193987, task_sched_time:2089985478631393
app_id: 0, app_name: SAR_api-aarch64, task_id: 1464, task_name: DASH_FFT, resource_name: cpu3, ref_start_time: 2089985480295703, ref_stop_time: 2089985480369743, actual_exe_time: 74040, task_app_start_time:2089980969193987, task_sched_time:2089985479346983
app_id: 0, app_name: SAR_api-aarch64, task_id: 1465, task_name: DASH_ZIP, resource_name: zip1, ref_start_time: 2089985481557353, ref_stop_time: 2089985481677203, actual_exe_time: 119850, task_app_start_time:2089980969193987, task_sched_time:2089985481328693
app_id: 0, app_name: SAR_api-aarch64, task_id: 1466, task_name: DASH_FFT, resource_name: cpu1, ref_start_time: 2089985482544593, ref_stop_time: 2089985482598563, actual_exe_time: 53970, task_app_start_time:2089980969193987, task_sched_time:2089985482497973
app_id: 0, app_name: SAR_api-aarch64, task_id: 1467, task_name: DASH_ZIP, resource_name: cpu2, ref_start_time: 2089985485631654, ref_stop_time: 2089985485712864, actual_exe_time: 81210, task_app_start_time:2089980969193987, task_sched_time:2089985482884613
app_id: 0, app_name: SAR_api-aarch64, task_id: 1468, task_name: DASH_FFT, resource_name: cpu3, ref_start_time: 2089985488469894, ref_stop_time: 2089985488539554, actual_exe_time: 69660, task_app_start_time:2089980969193987, task_sched_time:2089985488458644
app_id: 0, app_name: SAR_api-aarch64, task_id: 1469, task_name: DASH_ZIP, resource_name: zip1, ref_start_time: 2089985492583165, ref_stop_time: 2089985492704005, actual_exe_time: 120840, task_app_start_time:2089980969193987, task_sched_time:2089985492578665
app_id: 0, app_name: SAR_api-aarch64, task_id: 1470, task_name: DASH_FFT, resource_name: cpu1, ref_start_time: 2089985495876535, ref_stop_time: 2089985495929455, actual_exe_time: 52920, task_app_start_time:2089980969193987, task_sched_time:2089985495851665
app_id: 0, app_name: SAR_api-aarch64, task_id: 1471, task_name: DASH_ZIP, resource_name: cpu2, ref_start_time: 2089985497197856, ref_stop_time: 2089985497273426, actual_exe_time: 75570, task_app_start_time:2089980969193987, task_sched_time:2089985497192546
app_id: 0, app_name: SAR_api-aarch64, task_id: 1472, task_name: DASH_FFT, resource_name: cpu3, ref_start_time: 2089985497718056, ref_stop_time: 2089985497776376, actual_exe_time: 58320, task_app_start_time:2089980969193987, task_sched_time:2089985497710046
app_id: 0, app_name: SAR_api-aarch64, task_id: 1473, task_name: DASH_ZIP, resource_name: zip1, ref_start_time: 2089985498991466, ref_stop_time: 2089985499111436, actual_exe_time: 119970, task_app_start_time:2089980969193987, task_sched_time:2089985498983336
app_id: 0, app_name: SAR_api-aarch64, task_id: 1474, task_name: DASH_FFT, resource_name: cpu1, ref_start_time: 2089985499749806, ref_stop_time: 2089985499801076, actual_exe_time: 51270, task_app_start_time:2089980969193987, task_sched_time:2089985499745456
app_id: 0, app_name: SAR_api-aarch64, task_id: 1475, task_name: DASH_ZIP, resource_name: cpu2, ref_start_time: 2089985502358636, ref_stop_time: 2089985502440116, actual_exe_time: 81480, task_app_start_time:2089980969193987, task_sched_time:2089985500161346
app_id: 0, app_name: SAR_api-aarch64, task_id: 1476, task_name: DASH_FFT, resource_name: cpu3, ref_start_time: 2089985504594717, ref_stop_time: 2089985504664257, actual_exe_time: 69540, task_app_start_time:2089980969193987, task_sched_time:2089985504586437
app_id: 0, app_name: SAR_api-aarch64, task_id: 1477, task_name: DASH_ZIP, resource_name: zip1, ref_start_time: 2089985508689747, ref_stop_time: 2089985508811038, actual_exe_time: 121291, task_app_start_time:2089980969193987, task_sched_time:2089985508684377
app_id: 0, app_name: SAR_api-aarch64, task_id: 1478, task_name: DASH_FFT, resource_name: cpu1, ref_start_time: 2089985512629798, ref_stop_time: 2089985512683618, actual_exe_time: 53820, task_app_start_time:2089980969193987, task_sched_time:2089985512626258
app_id: 0, app_name: SAR_api-aarch64, task_id: 1479, task_name: DASH_ZIP, resource_name: cpu2, ref_start_time: 2089985514003678, ref_stop_time: 2089985514079788, actual_exe_time: 76110, task_app_start_time:2089980969193987, task_sched_time:2089985513995308
app_id: 0, app_name: SAR_api-aarch64, task_id: 1480, task_name: DASH_FFT, resource_name: cpu3, ref_start_time: 2089985514636528, ref_stop_time: 2089985514946819, actual_exe_time: 310291, task_app_start_time:2089980969193987, task_sched_time:2089985514632418
app_id: 0, app_name: SAR_api-aarch64, task_id: 1481, task_name: DASH_ZIP, resource_name: zip1, ref_start_time: 2089985515696069, ref_stop_time: 2089985515817059, actual_exe_time: 120990, task_app_start_time:2089980969193987, task_sched_time:2089985515690999
app_id: 0, app_name: SAR_api-aarch64, task_id: 1482, task_name: DASH_FFT, resource_name: cpu1, ref_start_time: 2089985516688649, ref_stop_time: 2089985516740339, actual_exe_time: 51690, task_app_start_time:2089980969193987, task_sched_time:2089985516653249
app_id: 0, app_name: SAR_api-aarch64, task_id: 1483, task_name: DASH_ZIP, resource_name: cpu2, ref_start_time: 2089985520293059, ref_stop_time: 2089985520376849, actual_exe_time: 83790, task_app_start_time:2089980969193987, task_sched_time:2089985517694099
app_id: 0, app_name: SAR_api-aarch64, task_id: 1484, task_name: DASH_FFT, resource_name: cpu3, ref_start_time: 2089985521207790, ref_stop_time: 2089985521267970, actual_exe_time: 60180, task_app_start_time:2089980969193987, task_sched_time:2089985521202060
app_id: 0, app_name: SAR_api-aarch64, task_id: 1485, task_name: DASH_ZIP, resource_name: zip1, ref_start_time: 2089985522200370, ref_stop_time: 2089985522321660, actual_exe_time: 121290, task_app_start_time:2089980969193987, task_sched_time:2089985522196170
app_id: 0, app_name: SAR_api-aarch64, task_id: 1486, task_name: DASH_FFT, resource_name: cpu1, ref_start_time: 2089985523064400, ref_stop_time: 2089985523116990, actual_exe_time: 52590, task_app_start_time:2089980969193987, task_sched_time:2089985523006140
app_id: 0, app_name: SAR_api-aarch64, task_id: 1487, task_name: DASH_ZIP, resource_name: cpu2, ref_start_time: 2089985528301081, ref_stop_time: 2089985528380221, actual_exe_time: 79140, task_app_start_time:2089980969193987, task_sched_time:2089985524028540
app_id: 0, app_name: SAR_api-aarch64, task_id: 1488, task_name: DASH_FFT, resource_name: cpu3, ref_start_time: 2089985528605611, ref_stop_time: 2089985528663661, actual_exe_time: 58050, task_app_start_time:2089980969193987, task_sched_time:2089985528598891
app_id: 0, app_name: SAR_api-aarch64, task_id: 1489, task_name: DASH_ZIP, resource_name: zip1, ref_start_time: 2089985530040451, ref_stop_time: 2089985530165551, actual_exe_time: 125100, task_app_start_time:2089980969193987, task_sched_time:2089985530037421
app_id: 0, app_name: SAR_api-aarch64, task_id: 1490, task_name: DASH_FFT, resource_name: cpu1, ref_start_time: 2089985530961811, ref_stop_time: 2089985531013441, actual_exe_time: 51630, task_app_start_time:2089980969193987, task_sched_time:2089985530925421
app_id: 0, app_name: SAR_api-aarch64, task_id: 1491, task_name: DASH_ZIP, resource_name: cpu2, ref_start_time: 2089985535020782, ref_stop_time: 2089985535101422, actual_exe_time: 80640, task_app_start_time:2089980969193987, task_sched_time:2089985535009802
app_id: 0, app_name: SAR_api-aarch64, task_id: 1492, task_name: DASH_FFT, resource_name: cpu3, ref_start_time: 2089985540292623, ref_stop_time: 2089985540366753, actual_exe_time: 74130, task_app_start_time:2089980969193987, task_sched_time:2089985535787852
app_id: 0, app_name: SAR_api-aarch64, task_id: 1493, task_name: DASH_ZIP, resource_name: zip1, ref_start_time: 2089985541600803, ref_stop_time: 2089985541720353, actual_exe_time: 119550, task_app_start_time:2089980969193987, task_sched_time:2089985541595643
app_id: 0, app_name: SAR_api-aarch64, task_id: 1494, task_name: DASH_FFT, resource_name: cpu1, ref_start_time: 2089985542550093, ref_stop_time: 2089985542598153, actual_exe_time: 48060, task_app_start_time:2089980969193987, task_sched_time:2089985542540643
app_id: 0, app_name: SAR_api-aarch64, task_id: 1495, task_name: DASH_ZIP, resource_name: cpu2, ref_start_time: 2089985543383553, ref_stop_time: 2089985543457713, actual_exe_time: 74160, task_app_start_time:2089980969193987, task_sched_time:2089985543376623
app_id: 0, app_name: SAR_api-aarch64, task_id: 1496, task_name: DASH_FFT, resource_name: cpu3, ref_start_time: 2089985545258073, ref_stop_time: 2089985545320473, actual_exe_time: 62400, task_app_start_time:2089980969193987, task_sched_time:2089985544011243
app_id: 0, app_name: SAR_api-aarch64, task_id: 1497, task_name: DASH_ZIP, resource_name: zip1, ref_start_time: 2089985546554074, ref_stop_time: 2089985546676864, actual_exe_time: 122790, task_app_start_time:2089980969193987, task_sched_time:2089985546547534
app_id: 0, app_name: SAR_api-aarch64, task_id: 1498, task_name: DASH_FFT, resource_name: cpu1, ref_start_time: 2089985547460104, ref_stop_time: 2089985547513054, actual_exe_time: 52950, task_app_start_time:2089980969193987, task_sched_time:2089985547446874
app_id: 0, app_name: SAR_api-aarch64, task_id: 1499, task_name: DASH_ZIP, resource_name: cpu2, ref_start_time: 2089985549617794, ref_stop_time: 2089985549696214, actual_exe_time: 78420, task_app_start_time:2089980969193987, task_sched_time:2089985548452024
app_id: 0, app_name: SAR_api-aarch64, task_id: 1500, task_name: DASH_FFT, resource_name: cpu3, ref_start_time: 2089985552724235, ref_stop_time: 2089985552788855, actual_exe_time: 64620, task_app_start_time:2089980969193987, task_sched_time:2089985552719615
app_id: 0, app_name: SAR_api-aarch64, task_id: 1501, task_name: DASH_ZIP, resource_name: zip1, ref_start_time: 2089985556578845, ref_stop_time: 2089985556701065, actual_exe_time: 122220, task_app_start_time:2089980969193987, task_sched_time:2089985556569725
app_id: 0, app_name: SAR_api-aarch64, task_id: 1502, task_name: DASH_FFT, resource_name: cpu1, ref_start_time: 2089985559601256, ref_stop_time: 2089985559654536, actual_exe_time: 53280, task_app_start_time:2089980969193987, task_sched_time:2089985559590156
app_id: 0, app_name: SAR_api-aarch64, task_id: 1503, task_name: DASH_ZIP, resource_name: cpu2, ref_start_time: 2089985560739996, ref_stop_time: 2089985560816106, actual_exe_time: 76110, task_app_start_time:2089980969193987, task_sched_time:2089985560734836
app_id: 0, app_name: SAR_api-aarch64, task_id: 1504, task_name: DASH_FFT, resource_name: cpu3, ref_start_time: 2089985561497496, ref_stop_time: 2089985561557016, actual_exe_time: 59520, task_app_start_time:2089980969193987, task_sched_time:2089985561494826
app_id: 0, app_name: SAR_api-aarch64, task_id: 1505, task_name: DASH_ZIP, resource_name: zip1, ref_start_time: 2089985562568496, ref_stop_time: 2089985562689036, actual_exe_time: 120540, task_app_start_time:2089980969193987, task_sched_time:2089985562559916
app_id: 0, app_name: SAR_api-aarch64, task_id: 1506, task_name: DASH_FFT, resource_name: cpu1, ref_start_time: 2089985569222527, ref_stop_time: 2089985569277457, actual_exe_time: 54930, task_app_start_time:2089980969193987, task_sched_time:2089985569187367
app_id: 0, app_name: SAR_api-aarch64, task_id: 1507, task_name: DASH_ZIP, resource_name: cpu2, ref_start_time: 2089985570136327, ref_stop_time: 2089985570213967, actual_exe_time: 77640, task_app_start_time:2089980969193987, task_sched_time:2089985570131677
app_id: 0, app_name: SAR_api-aarch64, task_id: 1508, task_name: DASH_FFT, resource_name: cpu3, ref_start_time: 2089985572581448, ref_stop_time: 2089985572648468, actual_exe_time: 67020, task_app_start_time:2089980969193987, task_sched_time:2089985572574848
app_id: 0, app_name: SAR_api-aarch64, task_id: 1509, task_name: DASH_ZIP, resource_name: zip1, ref_start_time: 2089985576585998, ref_stop_time: 2089985576707438, actual_exe_time: 121440, task_app_start_time:2089980969193987, task_sched_time:2089985576576938
app_id: 0, app_name: SAR_api-aarch64, task_id: 1510, task_name: DASH_FFT, resource_name: cpu1, ref_start_time: 2089985578435829, ref_stop_time: 2089985578487099, actual_exe_time: 51270, task_app_start_time:2089980969193987, task_sched_time:2089985578430939
app_id: 0, app_name: SAR_api-aarch64, task_id: 1511, task_name: DASH_ZIP, resource_name: cpu2, ref_start_time: 2089985579760959, ref_stop_time: 2089985579837249, actual_exe_time: 76290, task_app_start_time:2089980969193987, task_sched_time:2089985579611739
app_id: 0, app_name: SAR_api-aarch64, task_id: 1512, task_name: DASH_FFT, resource_name: cpu3, ref_start_time: 2089985584705350, ref_stop_time: 2089985584773750, actual_exe_time: 68400, task_app_start_time:2089980969193987, task_sched_time:2089985584695240
app_id: 0, app_name: SAR_api-aarch64, task_id: 1513, task_name: DASH_ZIP, resource_name: zip1, ref_start_time: 2089985588790570, ref_stop_time: 2089985588912430, actual_exe_time: 121860, task_app_start_time:2089980969193987, task_sched_time:2089985588784600
app_id: 0, app_name: SAR_api-aarch64, task_id: 1514, task_name: DASH_FFT, resource_name: cpu1, ref_start_time: 2089985592521281, ref_stop_time: 2089985592575161, actual_exe_time: 53880, task_app_start_time:2089980969193987, task_sched_time:2089985592517411
app_id: 0, app_name: SAR_api-aarch64, task_id: 1515, task_name: DASH_ZIP, resource_name: cpu2, ref_start_time: 2089985593411411, ref_stop_time: 2089985593485421, actual_exe_time: 74010, task_app_start_time:2089980969193987, task_sched_time:2089985593408381
app_id: 0, app_name: SAR_api-aarch64, task_id: 1516, task_name: DASH_FFT, resource_name: cpu3, ref_start_time: 2089985594693881, ref_stop_time: 2089985594749291, actual_exe_time: 55410, task_app_start_time:2089980969193987, task_sched_time:2089985594684971
app_id: 0, app_name: SAR_api-aarch64, task_id: 1517, task_name: DASH_ZIP, resource_name: zip1, ref_start_time: 2089985600815832, ref_stop_time: 2089985600943842, actual_exe_time: 128010, task_app_start_time:2089980969193987, task_sched_time:2089985600808062
app_id: 0, app_name: SAR_api-aarch64, task_id: 1518, task_name: DASH_FFT, resource_name: cpu1, ref_start_time: 2089985604324513, ref_stop_time: 2089985604384453, actual_exe_time: 59940, task_app_start_time:2089980969193987, task_sched_time:2089985604314043
app_id: 0, app_name: SAR_api-aarch64, task_id: 1519, task_name: DASH_ZIP, resource_name: cpu2, ref_start_time: 2089985605481163, ref_stop_time: 2089985605556583, actual_exe_time: 75420, task_app_start_time:2089980969193987, task_sched_time:2089985605475193
app_id: 0, app_name: SAR_api-aarch64, task_id: 1520, task_name: DASH_FFT, resource_name: cpu3, ref_start_time: 2089985608693354, ref_stop_time: 2089985608755304, actual_exe_time: 61950, task_app_start_time:2089980969193987, task_sched_time:2089985608689184
app_id: 0, app_name: SAR_api-aarch64, task_id: 1521, task_name: DASH_ZIP, resource_name: zip1, ref_start_time: 2089985612109484, ref_stop_time: 2089985612229694, actual_exe_time: 120210, task_app_start_time:2089980969193987, task_sched_time:2089985612099974
app_id: 0, app_name: SAR_api-aarch64, task_id: 1522, task_name: DASH_FFT, resource_name: cpu1, ref_start_time: 2089985613276064, ref_stop_time: 2089985613331024, actual_exe_time: 54960, task_app_start_time:2089980969193987, task_sched_time:2089985613223564
app_id: 0, app_name: SAR_api-aarch64, task_id: 1523, task_name: DASH_ZIP, resource_name: cpu2, ref_start_time: 2089985616328025, ref_stop_time: 2089985616410225, actual_exe_time: 82200, task_app_start_time:2089980969193987, task_sched_time:2089985613946894
app_id: 0, app_name: SAR_api-aarch64, task_id: 1524, task_name: DASH_FFT, resource_name: cpu3, ref_start_time: 2089985616806975, ref_stop_time: 2089985616864875, actual_exe_time: 57900, task_app_start_time:2089980969193987, task_sched_time:2089985616802805
app_id: 0, app_name: SAR_api-aarch64, task_id: 1525, task_name: DASH_ZIP, resource_name: zip1, ref_start_time: 2089985618384315, ref_stop_time: 2089985618506475, actual_exe_time: 122160, task_app_start_time:2089980969193987, task_sched_time:2089985618375465
app_id: 0, app_name: SAR_api-aarch64, task_id: 1526, task_name: DASH_FFT, resource_name: cpu1, ref_start_time: 2089985619128105, ref_stop_time: 2089985619180005, actual_exe_time: 51900, task_app_start_time:2089980969193987, task_sched_time:2089985619124325
app_id: 0, app_name: SAR_api-aarch64, task_id: 1527, task_name: DASH_ZIP, resource_name: cpu2, ref_start_time: 2089985624302716, ref_stop_time: 2089985624382096, actual_exe_time: 79380, task_app_start_time:2089980969193987, task_sched_time:2089985619998075
app_id: 0, app_name: SAR_api-aarch64, task_id: 1528, task_name: DASH_FFT, resource_name: cpu3, ref_start_time: 2089985624905506, ref_stop_time: 2089985624969736, actual_exe_time: 64230, task_app_start_time:2089980969193987, task_sched_time:2089985624897946
app_id: 0, app_name: SAR_api-aarch64, task_id: 1529, task_name: DASH_ZIP, resource_name: zip1, ref_start_time: 2089985626316016, ref_stop_time: 2089985626434606, actual_exe_time: 118590, task_app_start_time:2089980969193987, task_sched_time:2089985626310646
app_id: 0, app_name: SAR_api-aarch64, task_id: 1530, task_name: DASH_FFT, resource_name: cpu1, ref_start_time: 2089985627091367, ref_stop_time: 2089985627139367, actual_exe_time: 48000, task_app_start_time:2089980969193987, task_sched_time:2089985627049067
app_id: 0, app_name: SAR_api-aarch64, task_id: 1531, task_name: DASH_ZIP, resource_name: cpu2, ref_start_time: 2089985628593467, ref_stop_time: 2089985628668797, actual_exe_time: 75330, task_app_start_time:2089980969193987, task_sched_time:2089985627913847
app_id: 0, app_name: SAR_api-aarch64, task_id: 1532, task_name: DASH_FFT, resource_name: cpu3, ref_start_time: 2089985632669567, ref_stop_time: 2089985632731997, actual_exe_time: 62430, task_app_start_time:2089980969193987, task_sched_time:2089985632659307
app_id: 0, app_name: SAR_api-aarch64, task_id: 1533, task_name: DASH_ZIP, resource_name: zip1, ref_start_time: 2089985636766818, ref_stop_time: 2089985636887958, actual_exe_time: 121140, task_app_start_time:2089980969193987, task_sched_time:2089985636743778
app_id: 0, app_name: SAR_api-aarch64, task_id: 1534, task_name: DASH_FFT, resource_name: cpu1, ref_start_time: 2089985637168038, ref_stop_time: 2089985637220808, actual_exe_time: 52770, task_app_start_time:2089980969193987, task_sched_time:2089985637148208
app_id: 0, app_name: SAR_api-aarch64, task_id: 1535, task_name: DASH_ZIP, resource_name: cpu2, ref_start_time: 2089985640452769, ref_stop_time: 2089985640528489, actual_exe_time: 75720, task_app_start_time:2089980969193987, task_sched_time:2089985640444819
app_id: 0, app_name: SAR_api-aarch64, task_id: 1536, task_name: DASH_FFT, resource_name: cpu3, ref_start_time: 2089985641137369, ref_stop_time: 2089985641195599, actual_exe_time: 58230, task_app_start_time:2089980969193987, task_sched_time:2089985641128459
app_id: 0, app_name: SAR_api-aarch64, task_id: 1537, task_name: DASH_ZIP, resource_name: zip1, ref_start_time: 2089985644556109, ref_stop_time: 2089985644676949, actual_exe_time: 120840, task_app_start_time:2089980969193987, task_sched_time:2089985644551909
app_id: 0, app_name: SAR_api-aarch64, task_id: 1538, task_name: DASH_FFT, resource_name: cpu1, ref_start_time: 2089985645893480, ref_stop_time: 2089985645943250, actual_exe_time: 49770, task_app_start_time:2089980969193987, task_sched_time:2089985645859700
app_id: 0, app_name: SAR_api-aarch64, task_id: 1539, task_name: DASH_ZIP, resource_name: cpu2, ref_start_time: 2089985647210570, ref_stop_time: 2089985647285870, actual_exe_time: 75300, task_app_start_time:2089980969193987, task_sched_time:2089985647206070
app_id: 0, app_name: SAR_api-aarch64, task_id: 1540, task_name: DASH_FFT, resource_name: cpu3, ref_start_time: 2089985648155330, ref_stop_time: 2089985648214010, actual_exe_time: 58680, task_app_start_time:2089980969193987, task_sched_time:2089985648148100
app_id: 0, app_name: SAR_api-aarch64, task_id: 1541, task_name: DASH_ZIP, resource_name: zip1, ref_start_time: 2089985651853431, ref_stop_time: 2089985651982131, actual_exe_time: 128700, task_app_start_time:2089980969193987, task_sched_time:2089985651843081
app_id: 0, app_name: SAR_api-aarch64, task_id: 1542, task_name: DASH_FFT, resource_name: cpu1, ref_start_time: 2089985652624041, ref_stop_time: 2089985652684581, actual_exe_time: 60540, task_app_start_time:2089980969193987, task_sched_time:2089985652596351
app_id: 0, app_name: SAR_api-aarch64, task_id: 1543, task_name: DASH_ZIP, resource_name: cpu2, ref_start_time: 2089985656296371, ref_stop_time: 2089985656376261, actual_exe_time: 79890, task_app_start_time:2089980969193987, task_sched_time:2089985653893251
app_id: 0, app_name: SAR_api-aarch64, task_id: 1544, task_name: DASH_FFT, resource_name: cpu3, ref_start_time: 2089985657000441, ref_stop_time: 2089985657083361, actual_exe_time: 82920, task_app_start_time:2089980969193987, task_sched_time:2089985656995581
app_id: 0, app_name: SAR_api-aarch64, task_id: 1545, task_name: DASH_ZIP, resource_name: zip1, ref_start_time: 2089985658045432, ref_stop_time: 2089985658165942, actual_exe_time: 120510, task_app_start_time:2089980969193987, task_sched_time:2089985658040992
app_id: 0, app_name: SAR_api-aarch64, task_id: 1546, task_name: DASH_FFT, resource_name: cpu1, ref_start_time: 2089985658779532, ref_stop_time: 2089985658828972, actual_exe_time: 49440, task_app_start_time:2089980969193987, task_sched_time:2089985658767652
app_id: 0, app_name: SAR_api-aarch64, task_id: 1547, task_name: DASH_ZIP, resource_name: cpu2, ref_start_time: 2089985660360682, ref_stop_time: 2089985660436942, actual_exe_time: 76260, task_app_start_time:2089980969193987, task_sched_time:2089985659565682
app_id: 0, app_name: SAR_api-aarch64, task_id: 1548, task_name: DASH_FFT, resource_name: cpu3, ref_start_time: 2089985660934402, ref_stop_time: 2089985660990742, actual_exe_time: 56340, task_app_start_time:2089980969193987, task_sched_time:2089985660926962
app_id: 0, app_name: SAR_api-aarch64, task_id: 1549, task_name: DASH_ZIP, resource_name: zip1, ref_start_time: 2089985661314772, ref_stop_time: 2089985661435162, actual_exe_time: 120390, task_app_start_time:2089980969193987, task_sched_time:2089985661305592
app_id: 0, app_name: SAR_api-aarch64, task_id: 1550, task_name: DASH_FFT, resource_name: cpu1, ref_start_time: 2089985662706052, ref_stop_time: 2089985662763622, actual_exe_time: 57570, task_app_start_time:2089980969193987, task_sched_time:2089985662689762
app_id: 0, app_name: SAR_api-aarch64, task_id: 1551, task_name: DASH_ZIP, resource_name: cpu2, ref_start_time: 2089985664394543, ref_stop_time: 2089985664472693, actual_exe_time: 78150, task_app_start_time:2089980969193987, task_sched_time:2089985664388903
app_id: 0, app_name: SAR_api-aarch64, task_id: 1552, task_name: DASH_FFT, resource_name: cpu3, ref_start_time: 2089985672294684, ref_stop_time: 2089985672369444, actual_exe_time: 74760, task_app_start_time:2089980969193987, task_sched_time:2089985667049003
app_id: 0, app_name: SAR_api-aarch64, task_id: 1553, task_name: DASH_ZIP, resource_name: zip1, ref_start_time: 2089985673630974, ref_stop_time: 2089985673752594, actual_exe_time: 121620, task_app_start_time:2089980969193987, task_sched_time:2089985673627404
app_id: 0, app_name: SAR_api-aarch64, task_id: 1554, task_name: DASH_FFT, resource_name: cpu1, ref_start_time: 2089985674414574, ref_stop_time: 2089985674464254, actual_exe_time: 49680, task_app_start_time:2089980969193987, task_sched_time:2089985674349114
app_id: 0, app_name: SAR_api-aarch64, task_id: 1555, task_name: DASH_ZIP, resource_name: cpu2, ref_start_time: 2089985675213864, ref_stop_time: 2089985675288174, actual_exe_time: 74310, task_app_start_time:2089980969193987, task_sched_time:2089985675205524
app_id: 0, app_name: SAR_api-aarch64, task_id: 1556, task_name: DASH_FFT, resource_name: cpu3, ref_start_time: 2089985676978735, ref_stop_time: 2089985677039755, actual_exe_time: 61020, task_app_start_time:2089980969193987, task_sched_time:2089985675792444
app_id: 0, app_name: SAR_api-aarch64, task_id: 1557, task_name: DASH_ZIP, resource_name: zip1, ref_start_time: 2089985677378605, ref_stop_time: 2089985677500225, actual_exe_time: 121620, task_app_start_time:2089980969193987, task_sched_time:2089985677369035
app_id: 0, app_name: SAR_api-aarch64, task_id: 1558, task_name: DASH_FFT, resource_name: cpu1, ref_start_time: 2089985682192285, ref_stop_time: 2089985682255585, actual_exe_time: 63300, task_app_start_time:2089980969193987, task_sched_time:2089985682183495
app_id: 0, app_name: SAR_api-aarch64, task_id: 1559, task_name: DASH_ZIP, resource_name: cpu2, ref_start_time: 2089985684299876, ref_stop_time: 2089985684377876, actual_exe_time: 78000, task_app_start_time:2089980969193987, task_sched_time:2089985683229746
app_id: 0, app_name: SAR_api-aarch64, task_id: 1560, task_name: DASH_FFT, resource_name: cpu3, ref_start_time: 2089985685018346, ref_stop_time: 2089985685077806, actual_exe_time: 59460, task_app_start_time:2089980969193987, task_sched_time:2089985685015046
app_id: 0, app_name: SAR_api-aarch64, task_id: 1561, task_name: DASH_ZIP, resource_name: zip1, ref_start_time: 2089985686079746, ref_stop_time: 2089985686201426, actual_exe_time: 121680, task_app_start_time:2089980969193987, task_sched_time:2089985686073776
app_id: 0, app_name: SAR_api-aarch64, task_id: 1562, task_name: DASH_FFT, resource_name: cpu1, ref_start_time: 2089985686870576, ref_stop_time: 2089985686921786, actual_exe_time: 51210, task_app_start_time:2089980969193987, task_sched_time:2089985686816456
app_id: 0, app_name: SAR_api-aarch64, task_id: 1563, task_name: DASH_ZIP, resource_name: cpu2, ref_start_time: 2089985688284896, ref_stop_time: 2089985688360526, actual_exe_time: 75630, task_app_start_time:2089980969193987, task_sched_time:2089985687691016
app_id: 0, app_name: SAR_api-aarch64, task_id: 1564, task_name: DASH_FFT, resource_name: cpu3, ref_start_time: 2089985688527656, ref_stop_time: 2089985688586636, actual_exe_time: 58980, task_app_start_time:2089980969193987, task_sched_time:2089985688518236
app_id: 0, app_name: SAR_api-aarch64, task_id: 1565, task_name: DASH_ZIP, resource_name: zip1, ref_start_time: 2089985689769507, ref_stop_time: 2089985689889207, actual_exe_time: 119700, task_app_start_time:2089980969193987, task_sched_time:2089985689764947
app_id: 0, app_name: SAR_api-aarch64, task_id: 1566, task_name: DASH_FFT, resource_name: cpu1, ref_start_time: 2089985690593967, ref_stop_time: 2089985690643617, actual_exe_time: 49650, task_app_start_time:2089980969193987, task_sched_time:2089985690543837
app_id: 0, app_name: SAR_api-aarch64, task_id: 1567, task_name: DASH_ZIP, resource_name: cpu2, ref_start_time: 2089985692304507, ref_stop_time: 2089985692382837, actual_exe_time: 78330, task_app_start_time:2089980969193987, task_sched_time:2089985691430727
app_id: 0, app_name: SAR_api-aarch64, task_id: 1568, task_name: DASH_FFT, resource_name: cpu3, ref_start_time: 2089985692976327, ref_stop_time: 2089985693035697, actual_exe_time: 59370, task_app_start_time:2089980969193987, task_sched_time:2089985692968797
app_id: 0, app_name: SAR_api-aarch64, task_id: 1569, task_name: DASH_ZIP, resource_name: zip1, ref_start_time: 2089985694231857, ref_stop_time: 2089985694353987, actual_exe_time: 122130, task_app_start_time:2089980969193987, task_sched_time:2089985694225617
app_id: 0, app_name: SAR_api-aarch64, task_id: 1570, task_name: DASH_FFT, resource_name: cpu1, ref_start_time: 2089985696556018, ref_stop_time: 2089985696609778, actual_exe_time: 53760, task_app_start_time:2089980969193987, task_sched_time:2089985696495328
app_id: 0, app_name: SAR_api-aarch64, task_id: 1571, task_name: DASH_ZIP, resource_name: cpu2, ref_start_time: 2089985700605808, ref_stop_time: 2089985700687018, actual_exe_time: 81210, task_app_start_time:2089980969193987, task_sched_time:2089985700597858
app_id: 0, app_name: SAR_api-aarch64, task_id: 1572, task_name: DASH_FFT, resource_name: cpu3, ref_start_time: 2089985701338889, ref_stop_time: 2089985701398619, actual_exe_time: 59730, task_app_start_time:2089980969193987, task_sched_time:2089985701332589
app_id: 0, app_name: SAR_api-aarch64, task_id: 1573, task_name: DASH_ZIP, resource_name: zip1, ref_start_time: 2089985708796230, ref_stop_time: 2089985708918390, actual_exe_time: 122160, task_app_start_time:2089980969193987, task_sched_time:2089985708789240
app_id: 0, app_name: SAR_api-aarch64, task_id: 1574, task_name: DASH_FFT, resource_name: cpu1, ref_start_time: 2089985709603290, ref_stop_time: 2089985709654110, actual_exe_time: 50820, task_app_start_time:2089980969193987, task_sched_time:2089985709592580
app_id: 0, app_name: SAR_api-aarch64, task_id: 1575, task_name: DASH_ZIP, resource_name: cpu2, ref_start_time: 2089985711219180, ref_stop_time: 2089985711293340, actual_exe_time: 74160, task_app_start_time:2089980969193987, task_sched_time:2089985711213300
app_id: 0, app_name: SAR_api-aarch64, task_id: 1576, task_name: DASH_FFT, resource_name: cpu3, ref_start_time: 2089985712097640, ref_stop_time: 2089985712159950, actual_exe_time: 62310, task_app_start_time:2089980969193987, task_sched_time:2089985712092090
app_id: 0, app_name: SAR_api-aarch64, task_id: 1577, task_name: DASH_ZIP, resource_name: zip1, ref_start_time: 2089985716807611, ref_stop_time: 2089985716931601, actual_exe_time: 123990, task_app_start_time:2089980969193987, task_sched_time:2089985716799421
app_id: 0, app_name: SAR_api-aarch64, task_id: 1578, task_name: DASH_FFT, resource_name: cpu1, ref_start_time: 2089985720500102, ref_stop_time: 2089985720557582, actual_exe_time: 57480, task_app_start_time:2089980969193987, task_sched_time:2089985720446402
app_id: 0, app_name: SAR_api-aarch64, task_id: 1579, task_name: DASH_ZIP, resource_name: cpu2, ref_start_time: 2089985724471202, ref_stop_time: 2089985724548782, actual_exe_time: 77580, task_app_start_time:2089980969193987, task_sched_time:2089985724462982
app_id: 0, app_name: SAR_api-aarch64, task_id: 1580, task_name: DASH_FFT, resource_name: cpu3, ref_start_time: 2089985725185982, ref_stop_time: 2089985725254382, actual_exe_time: 68400, task_app_start_time:2089980969193987, task_sched_time:2089985725177702
app_id: 0, app_name: SAR_api-aarch64, task_id: 1581, task_name: DASH_ZIP, resource_name: zip1, ref_start_time: 2089985728077263, ref_stop_time: 2089985728195943, actual_exe_time: 118680, task_app_start_time:2089980969193987, task_sched_time:2089985728068773
app_id: 0, app_name: SAR_api-aarch64, task_id: 1582, task_name: DASH_FFT, resource_name: cpu1, ref_start_time: 2089985729711903, ref_stop_time: 2089985729765453, actual_exe_time: 53550, task_app_start_time:2089980969193987, task_sched_time:2089985729676923
app_id: 0, app_name: SAR_api-aarch64, task_id: 1583, task_name: DASH_ZIP, resource_name: cpu2, ref_start_time: 2089985732670504, ref_stop_time: 2089985732749644, actual_exe_time: 79140, task_app_start_time:2089980969193987, task_sched_time:2089985732665374
app_id: 0, app_name: SAR_api-aarch64, task_id: 1584, task_name: DASH_FFT, resource_name: cpu3, ref_start_time: 2089985740295905, ref_stop_time: 2089985740373905, actual_exe_time: 78000, task_app_start_time:2089980969193987, task_sched_time:2089985734417434
app_id: 0, app_name: SAR_api-aarch64, task_id: 1585, task_name: DASH_ZIP, resource_name: zip1, ref_start_time: 2089985741581465, ref_stop_time: 2089985741702035, actual_exe_time: 120570, task_app_start_time:2089980969193987, task_sched_time:2089985741574565
app_id: 0, app_name: SAR_api-aarch64, task_id: 1586, task_name: DASH_FFT, resource_name: cpu1, ref_start_time: 2089985742361285, ref_stop_time: 2089985742409495, actual_exe_time: 48210, task_app_start_time:2089980969193987, task_sched_time:2089985742355435
app_id: 0, app_name: SAR_api-aarch64, task_id: 1587, task_name: DASH_ZIP, resource_name: cpu2, ref_start_time: 2089985743182415, ref_stop_time: 2089985743256155, actual_exe_time: 73740, task_app_start_time:2089980969193987, task_sched_time:2089985743176715
app_id: 0, app_name: SAR_api-aarch64, task_id: 1588, task_name: DASH_FFT, resource_name: cpu3, ref_start_time: 2089985745034616, ref_stop_time: 2089985745096746, actual_exe_time: 62130, task_app_start_time:2089980969193987, task_sched_time:2089985743766935
app_id: 0, app_name: SAR_api-aarch64, task_id: 1589, task_name: DASH_ZIP, resource_name: zip1, ref_start_time: 2089985746334516, ref_stop_time: 2089985746454456, actual_exe_time: 119940, task_app_start_time:2089980969193987, task_sched_time:2089985746328096
app_id: 0, app_name: SAR_api-aarch64, task_id: 1590, task_name: DASH_FFT, resource_name: cpu1, ref_start_time: 2089985752700817, ref_stop_time: 2089985752757907, actual_exe_time: 57090, task_app_start_time:2089980969193987, task_sched_time:2089985752634847
app_id: 0, app_name: SAR_api-aarch64, task_id: 1591, task_name: DASH_ZIP, resource_name: cpu2, ref_start_time: 2089985756501217, ref_stop_time: 2089985756851677, actual_exe_time: 350460, task_app_start_time:2089980969193987, task_sched_time:2089985756497167
app_id: 0, app_name: SAR_api-aarch64, task_id: 1592, task_name: DASH_FFT, resource_name: cpu3, ref_start_time: 2089985757048867, ref_stop_time: 2089985757113367, actual_exe_time: 64500, task_app_start_time:2089980969193987, task_sched_time:2089985757043947
app_id: 0, app_name: SAR_api-aarch64, task_id: 1593, task_name: DASH_ZIP, resource_name: zip1, ref_start_time: 2089985760539788, ref_stop_time: 2089985760659488, actual_exe_time: 119700, task_app_start_time:2089980969193987, task_sched_time:2089985760535948
app_id: 0, app_name: SAR_api-aarch64, task_id: 1594, task_name: DASH_FFT, resource_name: cpu1, ref_start_time: 2089985761312408, ref_stop_time: 2089985761362508, actual_exe_time: 50100, task_app_start_time:2089980969193987, task_sched_time:2089985761302538
app_id: 0, app_name: SAR_api-aarch64, task_id: 1595, task_name: DASH_ZIP, resource_name: cpu2, ref_start_time: 2089985762872078, ref_stop_time: 2089985762947078, actual_exe_time: 75000, task_app_start_time:2089980969193987, task_sched_time:2089985762862658
app_id: 0, app_name: SAR_api-aarch64, task_id: 1596, task_name: DASH_FFT, resource_name: cpu3, ref_start_time: 2089985763336418, ref_stop_time: 2089985763396958, actual_exe_time: 60540, task_app_start_time:2089980969193987, task_sched_time:2089985763332218
app_id: 0, app_name: SAR_api-aarch64, task_id: 1597, task_name: DASH_ZIP, resource_name: zip1, ref_start_time: 2089985768734409, ref_stop_time: 2089985768859209, actual_exe_time: 124800, task_app_start_time:2089980969193987, task_sched_time:2089985768726039
app_id: 0, app_name: SAR_api-aarch64, task_id: 1598, task_name: DASH_FFT, resource_name: cpu1, ref_start_time: 2089985769670559, ref_stop_time: 2089985769724980, actual_exe_time: 54421, task_app_start_time:2089980969193987, task_sched_time:2089985769603689
app_id: 0, app_name: SAR_api-aarch64, task_id: 1599, task_name: DASH_ZIP, resource_name: cpu2, ref_start_time: 2089985772623550, ref_stop_time: 2089985772698760, actual_exe_time: 75210, task_app_start_time:2089980969193987, task_sched_time:2089985772619890
app_id: 0, app_name: SAR_api-aarch64, task_id: 1600, task_name: DASH_FFT, resource_name: cpu3, ref_start_time: 2089985772886320, ref_stop_time: 2089985772948630, actual_exe_time: 62310, task_app_start_time:2089980969193987, task_sched_time:2089985772879060
app_id: 0, app_name: SAR_api-aarch64, task_id: 1601, task_name: DASH_ZIP, resource_name: zip1, ref_start_time: 2089985777133361, ref_stop_time: 2089985777253121, actual_exe_time: 119760, task_app_start_time:2089980969193987, task_sched_time:2089985777128321
app_id: 0, app_name: SAR_api-aarch64, task_id: 1602, task_name: DASH_FFT, resource_name: cpu1, ref_start_time: 2089985779732801, ref_stop_time: 2089985779784701, actual_exe_time: 51900, task_app_start_time:2089980969193987, task_sched_time:2089985779655071
app_id: 0, app_name: SAR_api-aarch64, task_id: 1603, task_name: DASH_ZIP, resource_name: cpu2, ref_start_time: 2089985781080821, ref_stop_time: 2089985781156691, actual_exe_time: 75870, task_app_start_time:2089980969193987, task_sched_time:2089985781075061
app_id: 0, app_name: SAR_api-aarch64, task_id: 1604, task_name: DASH_FFT, resource_name: cpu3, ref_start_time: 2089985784427712, ref_stop_time: 2089985784496382, actual_exe_time: 68670, task_app_start_time:2089980969193987, task_sched_time:2089985784419312
app_id: 0, app_name: SAR_api-aarch64, task_id: 1605, task_name: DASH_ZIP, resource_name: zip1, ref_start_time: 2089985788913223, ref_stop_time: 2089985789034393, actual_exe_time: 121170, task_app_start_time:2089980969193987, task_sched_time:2089985788902153
app_id: 0, app_name: SAR_api-aarch64, task_id: 1606, task_name: DASH_FFT, resource_name: cpu1, ref_start_time: 2089985792444253, ref_stop_time: 2089985792498853, actual_exe_time: 54600, task_app_start_time:2089980969193987, task_sched_time:2089985792423193
app_id: 0, app_name: SAR_api-aarch64, task_id: 1607, task_name: DASH_ZIP, resource_name: cpu2, ref_start_time: 2089985795833324, ref_stop_time: 2089985795909314, actual_exe_time: 75990, task_app_start_time:2089980969193987, task_sched_time:2089985795823724
app_id: 0, app_name: SAR_api-aarch64, task_id: 1608, task_name: DASH_FFT, resource_name: cpu3, ref_start_time: 2089985800718254, ref_stop_time: 2089985800786535, actual_exe_time: 68281, task_app_start_time:2089980969193987, task_sched_time:2089985800709884
app_id: 0, app_name: SAR_api-aarch64, task_id: 1609, task_name: DASH_ZIP, resource_name: zip1, ref_start_time: 2089985808304146, ref_stop_time: 2089985808590166, actual_exe_time: 286020, task_app_start_time:2089980969193987, task_sched_time:2089985808295566
app_id: 0, app_name: SAR_api-aarch64, task_id: 1610, task_name: DASH_FFT, resource_name: cpu1, ref_start_time: 2089985809889436, ref_stop_time: 2089985809951716, actual_exe_time: 62280, task_app_start_time:2089980969193987, task_sched_time:2089985809862376
app_id: 0, app_name: SAR_api-aarch64, task_id: 1611, task_name: DASH_ZIP, resource_name: cpu2, ref_start_time: 2089985816457547, ref_stop_time: 2089985816536867, actual_exe_time: 79320, task_app_start_time:2089980969193987, task_sched_time:2089985816446927
app_id: 0, app_name: SAR_api-aarch64, task_id: 1612, task_name: DASH_FFT, resource_name: cpu3, ref_start_time: 2089985816707207, ref_stop_time: 2089985816767897, actual_exe_time: 60690, task_app_start_time:2089980969193987, task_sched_time:2089985816699497
app_id: 0, app_name: SAR_api-aarch64, task_id: 1613, task_name: DASH_ZIP, resource_name: zip1, ref_start_time: 2089985823601088, ref_stop_time: 2089985823730628, actual_exe_time: 129540, task_app_start_time:2089980969193987, task_sched_time:2089985823594758
app_id: 0, app_name: SAR_api-aarch64, task_id: 1614, task_name: DASH_FFT, resource_name: cpu1, ref_start_time: 2089985832339820, ref_stop_time: 2089985832400720, actual_exe_time: 60900, task_app_start_time:2089980969193987, task_sched_time:2089985832294520
app_id: 0, app_name: SAR_api-aarch64, task_id: 1615, task_name: DASH_ZIP, resource_name: cpu2, ref_start_time: 2089985835990550, ref_stop_time: 2089985836068250, actual_exe_time: 77700, task_app_start_time:2089980969193987, task_sched_time:2089985835986680
app_id: 0, app_name: SAR_api-aarch64, task_id: 1616, task_name: DASH_FFT, resource_name: cpu3, ref_start_time: 2089985837291230, ref_stop_time: 2089985837356780, actual_exe_time: 65550, task_app_start_time:2089980969193987, task_sched_time:2089985837282350
app_id: 0, app_name: SAR_api-aarch64, task_id: 1617, task_name: DASH_ZIP, resource_name: zip1, ref_start_time: 2089985844331782, ref_stop_time: 2089985844459642, actual_exe_time: 127860, task_app_start_time:2089980969193987, task_sched_time:2089985844309462
app_id: 0, app_name: SAR_api-aarch64, task_id: 1618, task_name: DASH_FFT, resource_name: cpu1, ref_start_time: 2089985848313532, ref_stop_time: 2089985848368762, actual_exe_time: 55230, task_app_start_time:2089980969193987, task_sched_time:2089985848285812
app_id: 0, app_name: SAR_api-aarch64, task_id: 1619, task_name: DASH_ZIP, resource_name: cpu2, ref_start_time: 2089985848604172, ref_stop_time: 2089985848679892, actual_exe_time: 75720, task_app_start_time:2089980969193987, task_sched_time:2089985848599582
app_id: 0, app_name: SAR_api-aarch64, task_id: 1620, task_name: DASH_FFT, resource_name: cpu3, ref_start_time: 2089985851254373, ref_stop_time: 2089985851333003, actual_exe_time: 78630, task_app_start_time:2089980969193987, task_sched_time:2089985851247623
app_id: 0, app_name: SAR_api-aarch64, task_id: 1621, task_name: DASH_ZIP, resource_name: zip1, ref_start_time: 2089985860442054, ref_stop_time: 2089985860567454, actual_exe_time: 125400, task_app_start_time:2089980969193987, task_sched_time:2089985860424114
app_id: 0, app_name: SAR_api-aarch64, task_id: 1622, task_name: DASH_FFT, resource_name: cpu1, ref_start_time: 2089985863555515, ref_stop_time: 2089985863610205, actual_exe_time: 54690, task_app_start_time:2089980969193987, task_sched_time:2089985863540965
app_id: 0, app_name: SAR_api-aarch64, task_id: 1623, task_name: DASH_ZIP, resource_name: cpu2, ref_start_time: 2089985865020535, ref_stop_time: 2089985865097515, actual_exe_time: 76980, task_app_start_time:2089980969193987, task_sched_time:2089985865013485
app_id: 0, app_name: SAR_api-aarch64, task_id: 1624, task_name: DASH_FFT, resource_name: cpu3, ref_start_time: 2089985876312717, ref_stop_time: 2089985876392157, actual_exe_time: 79440, task_app_start_time:2089980969193987, task_sched_time:2089985876304227
app_id: 0, app_name: SAR_api-aarch64, task_id: 1625, task_name: DASH_ZIP, resource_name: zip1, ref_start_time: 2089985878139147, ref_stop_time: 2089985878264877, actual_exe_time: 125730, task_app_start_time:2089980969193987, task_sched_time:2089985878132427
app_id: 0, app_name: SAR_api-aarch64, task_id: 1626, task_name: DASH_FFT, resource_name: cpu1, ref_start_time: 2089985884334028, ref_stop_time: 2089985884517088, actual_exe_time: 183060, task_app_start_time:2089980969193987, task_sched_time:2089985884319118
app_id: 0, app_name: SAR_api-aarch64, task_id: 1627, task_name: DASH_ZIP, resource_name: cpu2, ref_start_time: 2089985890752859, ref_stop_time: 2089985890833829, actual_exe_time: 80970, task_app_start_time:2089980969193987, task_sched_time:2089985890742749
app_id: 0, app_name: SAR_api-aarch64, task_id: 1628, task_name: DASH_FFT, resource_name: cpu3, ref_start_time: 2089985891755879, ref_stop_time: 2089985891820019, actual_exe_time: 64140, task_app_start_time:2089980969193987, task_sched_time:2089985891748649
app_id: 0, app_name: SAR_api-aarch64, task_id: 1629, task_name: DASH_ZIP, resource_name: zip1, ref_start_time: 2089985896532870, ref_stop_time: 2089985896657760, actual_exe_time: 124890, task_app_start_time:2089980969193987, task_sched_time:2089985896520150
app_id: 0, app_name: SAR_api-aarch64, task_id: 1630, task_name: DASH_FFT, resource_name: cpu1, ref_start_time: 2089985900743971, ref_stop_time: 2089985900799591, actual_exe_time: 55620, task_app_start_time:2089980969193987, task_sched_time:2089985900736741
app_id: 0, app_name: SAR_api-aarch64, task_id: 1631, task_name: DASH_ZIP, resource_name: cpu2, ref_start_time: 2089985905414971, ref_stop_time: 2089985905493031, actual_exe_time: 78060, task_app_start_time:2089980969193987, task_sched_time:2089985905409691
app_id: 0, app_name: SAR_api-aarch64, task_id: 1632, task_name: DASH_FFT, resource_name: cpu3, ref_start_time: 2089985912454082, ref_stop_time: 2089985912522692, actual_exe_time: 68610, task_app_start_time:2089980969193987, task_sched_time:2089985912441872
app_id: 0, app_name: SAR_api-aarch64, task_id: 1633, task_name: DASH_ZIP, resource_name: zip1, ref_start_time: 2089985918740553, ref_stop_time: 2089985918869584, actual_exe_time: 129031, task_app_start_time:2089980969193987, task_sched_time:2089985918733083
app_id: 0, app_name: SAR_api-aarch64, task_id: 1634, task_name: DASH_FFT, resource_name: cpu1, ref_start_time: 2089985924350194, ref_stop_time: 2089985924410944, actual_exe_time: 60750, task_app_start_time:2089980969193987, task_sched_time:2089985924309184
app_id: 0, app_name: SAR_api-aarch64, task_id: 1635, task_name: DASH_ZIP, resource_name: cpu2, ref_start_time: 2089985928546355, ref_stop_time: 2089985928624325, actual_exe_time: 77970, task_app_start_time:2089980969193987, task_sched_time:2089985928521275
app_id: 0, app_name: SAR_api-aarch64, task_id: 1636, task_name: DASH_FFT, resource_name: cpu3, ref_start_time: 2089985931651686, ref_stop_time: 2089985931714806, actual_exe_time: 63120, task_app_start_time:2089980969193987, task_sched_time:2089985931643226
app_id: 0, app_name: SAR_api-aarch64, task_id: 1637, task_name: DASH_ZIP, resource_name: zip1, ref_start_time: 2089985933104286, ref_stop_time: 2089985933230826, actual_exe_time: 126540, task_app_start_time:2089980969193987, task_sched_time:2089985933091866
app_id: 0, app_name: SAR_api-aarch64, task_id: 1638, task_name: DASH_FFT, resource_name: cpu1, ref_start_time: 2089985940830967, ref_stop_time: 2089985940892557, actual_exe_time: 61590, task_app_start_time:2089980969193987, task_sched_time:2089985940816087
app_id: 0, app_name: SAR_api-aarch64, task_id: 1639, task_name: DASH_ZIP, resource_name: cpu2, ref_start_time: 2089985945530318, ref_stop_time: 2089985945608948, actual_exe_time: 78630, task_app_start_time:2089980969193987, task_sched_time:2089985945522968
app_id: 0, app_name: SAR_api-aarch64, task_id: 1640, task_name: DASH_FFT, resource_name: cpu3, ref_start_time: 2089985945886148, ref_stop_time: 2089985945948968, actual_exe_time: 62820, task_app_start_time:2089980969193987, task_sched_time:2089985945876128
app_id: 0, app_name: SAR_api-aarch64, task_id: 1641, task_name: DASH_ZIP, resource_name: zip1, ref_start_time: 2089985950376849, ref_stop_time: 2089985950505189, actual_exe_time: 128340, task_app_start_time:2089980969193987, task_sched_time:2089985950345589
app_id: 0, app_name: SAR_api-aarch64, task_id: 1642, task_name: DASH_FFT, resource_name: cpu1, ref_start_time: 2089985951128949, ref_stop_time: 2089985951541689, actual_exe_time: 412740, task_app_start_time:2089980969193987, task_sched_time:2089985951119859
app_id: 0, app_name: SAR_api-aarch64, task_id: 1643, task_name: DASH_ZIP, resource_name: cpu2, ref_start_time: 2089985956289550, ref_stop_time: 2089985956370310, actual_exe_time: 80760, task_app_start_time:2089980969193987, task_sched_time:2089985952120899
app_id: 0, app_name: SAR_api-aarch64, task_id: 1644, task_name: DASH_FFT, resource_name: cpu3, ref_start_time: 2089985958607620, ref_stop_time: 2089985958670500, actual_exe_time: 62880, task_app_start_time:2089980969193987, task_sched_time:2089985958553110
app_id: 0, app_name: SAR_api-aarch64, task_id: 1645, task_name: DASH_ZIP, resource_name: zip1, ref_start_time: 2089985962780561, ref_stop_time: 2089985962906021, actual_exe_time: 125460, task_app_start_time:2089980969193987, task_sched_time:2089985962773571
app_id: 0, app_name: SAR_api-aarch64, task_id: 1646, task_name: DASH_FFT, resource_name: cpu1, ref_start_time: 2089985963815591, ref_stop_time: 2089985963869171, actual_exe_time: 53580, task_app_start_time:2089980969193987, task_sched_time:2089985963812051
app_id: 0, app_name: SAR_api-aarch64, task_id: 1647, task_name: DASH_ZIP, resource_name: cpu2, ref_start_time: 2089985968298131, ref_stop_time: 2089985968380751, actual_exe_time: 82620, task_app_start_time:2089980969193987, task_sched_time:2089985965066441
app_id: 0, app_name: SAR_api-aarch64, task_id: 1648, task_name: DASH_FFT, resource_name: cpu3, ref_start_time: 2089985969029022, ref_stop_time: 2089985969092592, actual_exe_time: 63570, task_app_start_time:2089980969193987, task_sched_time:2089985968979252
app_id: 0, app_name: SAR_api-aarch64, task_id: 1649, task_name: DASH_ZIP, resource_name: zip1, ref_start_time: 2089985972427212, ref_stop_time: 2089985972547272, actual_exe_time: 120060, task_app_start_time:2089980969193987, task_sched_time:2089985972424332
app_id: 0, app_name: SAR_api-aarch64, task_id: 1650, task_name: DASH_FFT, resource_name: cpu1, ref_start_time: 2089985974498502, ref_stop_time: 2089985974554152, actual_exe_time: 55650, task_app_start_time:2089980969193987, task_sched_time:2089985974489622
app_id: 0, app_name: SAR_api-aarch64, task_id: 1651, task_name: DASH_ZIP, resource_name: cpu2, ref_start_time: 2089985980451913, ref_stop_time: 2089985980533693, actual_exe_time: 81780, task_app_start_time:2089980969193987, task_sched_time:2089985980441833
app_id: 0, app_name: SAR_api-aarch64, task_id: 1652, task_name: DASH_FFT, resource_name: cpu3, ref_start_time: 2089985984304214, ref_stop_time: 2089985984619664, actual_exe_time: 315450, task_app_start_time:2089980969193987, task_sched_time:2089985984295334
app_id: 0, app_name: SAR_api-aarch64, task_id: 1653, task_name: DASH_ZIP, resource_name: zip1, ref_start_time: 2089985988109265, ref_stop_time: 2089985988235985, actual_exe_time: 126720, task_app_start_time:2089980969193987, task_sched_time:2089985988078695
app_id: 0, app_name: SAR_api-aarch64, task_id: 1654, task_name: DASH_FFT, resource_name: cpu1, ref_start_time: 2089985992493885, ref_stop_time: 2089985992553975, actual_exe_time: 60090, task_app_start_time:2089980969193987, task_sched_time:2089985992486295
app_id: 0, app_name: SAR_api-aarch64, task_id: 1655, task_name: DASH_ZIP, resource_name: cpu2, ref_start_time: 2089985996899506, ref_stop_time: 2089985996979366, actual_exe_time: 79860, task_app_start_time:2089980969193987, task_sched_time:2089985996891286
app_id: 0, app_name: SAR_api-aarch64, task_id: 1656, task_name: DASH_FFT, resource_name: cpu3, ref_start_time: 2089986000723757, ref_stop_time: 2089986000787117, actual_exe_time: 63360, task_app_start_time:2089980969193987, task_sched_time:2089986000711067
app_id: 0, app_name: SAR_api-aarch64, task_id: 1657, task_name: DASH_ZIP, resource_name: zip1, ref_start_time: 2089986002078437, ref_stop_time: 2089986002464417, actual_exe_time: 385980, task_app_start_time:2089980969193987, task_sched_time:2089986002072257
app_id: 0, app_name: SAR_api-aarch64, task_id: 1658, task_name: DASH_FFT, resource_name: cpu1, ref_start_time: 2089986012511749, ref_stop_time: 2089986012569109, actual_exe_time: 57360, task_app_start_time:2089980969193987, task_sched_time:2089986012501369
app_id: 0, app_name: SAR_api-aarch64, task_id: 1659, task_name: DASH_ZIP, resource_name: cpu2, ref_start_time: 2089986014853159, ref_stop_time: 2089986014931369, actual_exe_time: 78210, task_app_start_time:2089980969193987, task_sched_time:2089986014843349
app_id: 0, app_name: SAR_api-aarch64, task_id: 1660, task_name: DASH_FFT, resource_name: cpu3, ref_start_time: 2089986020496850, ref_stop_time: 2089986020564290, actual_exe_time: 67440, task_app_start_time:2089980969193987, task_sched_time:2089986020442100
app_id: 0, app_name: SAR_api-aarch64, task_id: 1661, task_name: DASH_ZIP, resource_name: zip1, ref_start_time: 2089986027961241, ref_stop_time: 2089986028084991, actual_exe_time: 123750, task_app_start_time:2089980969193987, task_sched_time:2089986027951341
app_id: 0, app_name: SAR_api-aarch64, task_id: 1662, task_name: DASH_FFT, resource_name: cpu1, ref_start_time: 2089986029207291, ref_stop_time: 2089986029782001, actual_exe_time: 574710, task_app_start_time:2089980969193987, task_sched_time:2089986029193401
app_id: 0, app_name: SAR_api-aarch64, task_id: 1663, task_name: DASH_ZIP, resource_name: cpu2, ref_start_time: 2089986033106422, ref_stop_time: 2089986033184812, actual_exe_time: 78390, task_app_start_time:2089980969193987, task_sched_time:2089986033099162
app_id: 0, app_name: SAR_api-aarch64, task_id: 1664, task_name: DASH_FFT, resource_name: cpu3, ref_start_time: 2089986040484083, ref_stop_time: 2089986040558363, actual_exe_time: 74280, task_app_start_time:2089980969193987, task_sched_time:2089986040475833
app_id: 0, app_name: SAR_api-aarch64, task_id: 1665, task_name: DASH_ZIP, resource_name: zip1, ref_start_time: 2089986040908043, ref_stop_time: 2089986041028493, actual_exe_time: 120450, task_app_start_time:2089980969193987, task_sched_time:2089986040899043
app_id: 0, app_name: SAR_api-aarch64, task_id: 1666, task_name: DASH_FFT, resource_name: cpu1, ref_start_time: 2089986044203214, ref_stop_time: 2089986044274344, actual_exe_time: 71130, task_app_start_time:2089980969193987, task_sched_time:2089986044188184
app_id: 0, app_name: SAR_api-aarch64, task_id: 1667, task_name: DASH_ZIP, resource_name: cpu2, ref_start_time: 2089986047742824, ref_stop_time: 2089986047822924, actual_exe_time: 80100, task_app_start_time:2089980969193987, task_sched_time:2089986047737514
app_id: 0, app_name: SAR_api-aarch64, task_id: 1668, task_name: DASH_FFT, resource_name: cpu3, ref_start_time: 2089986052334295, ref_stop_time: 2089986052410015, actual_exe_time: 75720, task_app_start_time:2089980969193987, task_sched_time:2089986048001004
app_id: 0, app_name: SAR_api-aarch64, task_id: 1669, task_name: DASH_ZIP, resource_name: zip1, ref_start_time: 2089986056439736, ref_stop_time: 2089986056561116, actual_exe_time: 121380, task_app_start_time:2089980969193987, task_sched_time:2089986056432386
app_id: 0, app_name: SAR_api-aarch64, task_id: 1670, task_name: DASH_FFT, resource_name: cpu1, ref_start_time: 2089986057585676, ref_stop_time: 2089986057644986, actual_exe_time: 59310, task_app_start_time:2089980969193987, task_sched_time:2089986057577816
app_id: 0, app_name: SAR_api-aarch64, task_id: 1671, task_name: DASH_ZIP, resource_name: cpu2, ref_start_time: 2089986060389926, ref_stop_time: 2089986060469876, actual_exe_time: 79950, task_app_start_time:2089980969193987, task_sched_time:2089986060381646
app_id: 0, app_name: SAR_api-aarch64, task_id: 1672, task_name: DASH_FFT, resource_name: cpu3, ref_start_time: 2089986064685897, ref_stop_time: 2089986064752767, actual_exe_time: 66870, task_app_start_time:2089980969193987, task_sched_time:2089986064588427
app_id: 0, app_name: SAR_api-aarch64, task_id: 1673, task_name: DASH_ZIP, resource_name: zip1, ref_start_time: 2089986071561928, ref_stop_time: 2089986072080598, actual_exe_time: 518670, task_app_start_time:2089980969193987, task_sched_time:2089986071556438
app_id: 0, app_name: SAR_api-aarch64, task_id: 1674, task_name: DASH_FFT, resource_name: cpu1, ref_start_time: 2089986076461049, ref_stop_time: 2089986076518559, actual_exe_time: 57510, task_app_start_time:2089980969193987, task_sched_time:2089986076456579
app_id: 0, app_name: SAR_api-aarch64, task_id: 1675, task_name: DASH_ZIP, resource_name: cpu2, ref_start_time: 2089986084176900, ref_stop_time: 2089986084530390, actual_exe_time: 353490, task_app_start_time:2089980969193987, task_sched_time:2089986084166700
app_id: 0, app_name: SAR_api-aarch64, task_id: 1676, task_name: DASH_FFT, resource_name: cpu3, ref_start_time: 2089986088688031, ref_stop_time: 2089986088758021, actual_exe_time: 69990, task_app_start_time:2089980969193987, task_sched_time:2089986088611981
app_id: 0, app_name: SAR_api-aarch64, task_id: 1677, task_name: DASH_ZIP, resource_name: zip1, ref_start_time: 2089986092511441, ref_stop_time: 2089986092642121, actual_exe_time: 130680, task_app_start_time:2089980969193987, task_sched_time:2089986092462181
app_id: 0, app_name: SAR_api-aarch64, task_id: 1678, task_name: DASH_FFT, resource_name: cpu1, ref_start_time: 2089986098596342, ref_stop_time: 2089986098651992, actual_exe_time: 55650, task_app_start_time:2089980969193987, task_sched_time:2089986098591812
app_id: 0, app_name: SAR_api-aarch64, task_id: 1679, task_name: DASH_ZIP, resource_name: cpu2, ref_start_time: 2089986099902243, ref_stop_time: 2089986099978593, actual_exe_time: 76350, task_app_start_time:2089980969193987, task_sched_time:2089986099892883
app_id: 0, app_name: SAR_api-aarch64, task_id: 1680, task_name: DASH_FFT, resource_name: cpu3, ref_start_time: 2089986104367473, ref_stop_time: 2089986104438393, actual_exe_time: 70920, task_app_start_time:2089980969193987, task_sched_time:2089986104359223
app_id: 0, app_name: SAR_api-aarch64, task_id: 1681, task_name: DASH_ZIP, resource_name: zip1, ref_start_time: 2089986104794073, ref_stop_time: 2089986104916203, actual_exe_time: 122130, task_app_start_time:2089980969193987, task_sched_time:2089986104790023
app_id: 0, app_name: SAR_api-aarch64, task_id: 1682, task_name: DASH_FFT, resource_name: cpu1, ref_start_time: 2089986112659115, ref_stop_time: 2089986112718005, actual_exe_time: 58890, task_app_start_time:2089980969193987, task_sched_time:2089986112650955
app_id: 0, app_name: SAR_api-aarch64, task_id: 1683, task_name: DASH_ZIP, resource_name: cpu2, ref_start_time: 2089986114612055, ref_stop_time: 2089986114839695, actual_exe_time: 227640, task_app_start_time:2089980969193987, task_sched_time:2089986114607015
app_id: 0, app_name: SAR_api-aarch64, task_id: 1684, task_name: DASH_FFT, resource_name: cpu3, ref_start_time: 2089986120735026, ref_stop_time: 2089986120805586, actual_exe_time: 70560, task_app_start_time:2089980969193987, task_sched_time:2089986120729866
app_id: 0, app_name: SAR_api-aarch64, task_id: 1685, task_name: DASH_ZIP, resource_name: zip1, ref_start_time: 2089986124443117, ref_stop_time: 2089986124936917, actual_exe_time: 493800, task_app_start_time:2089980969193987, task_sched_time:2089986124404057
app_id: 0, app_name: SAR_api-aarch64, task_id: 1686, task_name: DASH_FFT, resource_name: cpu1, ref_start_time: 2089986128373987, ref_stop_time: 2089986128425827, actual_exe_time: 51840, task_app_start_time:2089980969193987, task_sched_time:2089986128363817
app_id: 0, app_name: SAR_api-aarch64, task_id: 1687, task_name: DASH_ZIP, resource_name: cpu2, ref_start_time: 2089986129271977, ref_stop_time: 2089986129349347, actual_exe_time: 77370, task_app_start_time:2089980969193987, task_sched_time:2089986129267447
app_id: 0, app_name: SAR_api-aarch64, task_id: 1688, task_name: DASH_FFT, resource_name: cpu3, ref_start_time: 2089986132717418, ref_stop_time: 2089986132789148, actual_exe_time: 71730, task_app_start_time:2089980969193987, task_sched_time:2089986132632458
app_id: 0, app_name: SAR_api-aarch64, task_id: 1689, task_name: DASH_ZIP, resource_name: zip1, ref_start_time: 2089986136508549, ref_stop_time: 2089986136635149, actual_exe_time: 126600, task_app_start_time:2089980969193987, task_sched_time:2089986136496609
app_id: 0, app_name: SAR_api-aarch64, task_id: 1690, task_name: DASH_FFT, resource_name: cpu1, ref_start_time: 2089986140392259, ref_stop_time: 2089986140444339, actual_exe_time: 52080, task_app_start_time:2089980969193987, task_sched_time:2089986140384669
app_id: 0, app_name: SAR_api-aarch64, task_id: 1691, task_name: DASH_ZIP, resource_name: cpu2, ref_start_time: 2089986143189280, ref_stop_time: 2089986143267220, actual_exe_time: 77940, task_app_start_time:2089980969193987, task_sched_time:2089986143184090
app_id: 0, app_name: SAR_api-aarch64, task_id: 1692, task_name: DASH_FFT, resource_name: cpu3, ref_start_time: 2089986143996700, ref_stop_time: 2089986144065730, actual_exe_time: 69030, task_app_start_time:2089980969193987, task_sched_time:2089986143988660
app_id: 0, app_name: SAR_api-aarch64, task_id: 1693, task_name: DASH_ZIP, resource_name: zip1, ref_start_time: 2089986148926151, ref_stop_time: 2089986149054191, actual_exe_time: 128040, task_app_start_time:2089980969193987, task_sched_time:2089986148920121
app_id: 0, app_name: SAR_api-aarch64, task_id: 1694, task_name: DASH_FFT, resource_name: cpu1, ref_start_time: 2089986156438572, ref_stop_time: 2089986156492842, actual_exe_time: 54270, task_app_start_time:2089980969193987, task_sched_time:2089986156433712
app_id: 0, app_name: SAR_api-aarch64, task_id: 1695, task_name: DASH_ZIP, resource_name: cpu2, ref_start_time: 2089986157730132, ref_stop_time: 2089986157806842, actual_exe_time: 76710, task_app_start_time:2089980969193987, task_sched_time:2089986157720232
app_id: 0, app_name: SAR_api-aarch64, task_id: 1696, task_name: DASH_FFT, resource_name: cpu3, ref_start_time: 2089986160765922, ref_stop_time: 2089986160840052, actual_exe_time: 74130, task_app_start_time:2089980969193987, task_sched_time:2089986160760492
app_id: 0, app_name: SAR_api-aarch64, task_id: 1697, task_name: DASH_ZIP, resource_name: zip1, ref_start_time: 2089986168515584, ref_stop_time: 2089986168644644, actual_exe_time: 129060, task_app_start_time:2089980969193987, task_sched_time:2089986168504004
app_id: 0, app_name: SAR_api-aarch64, task_id: 1698, task_name: DASH_FFT, resource_name: cpu1, ref_start_time: 2089986171370564, ref_stop_time: 2089986171422824, actual_exe_time: 52260, task_app_start_time:2089980969193987, task_sched_time:2089986171364594
app_id: 0, app_name: SAR_api-aarch64, task_id: 1699, task_name: DASH_ZIP, resource_name: cpu2, ref_start_time: 2089986176463605, ref_stop_time: 2089986176543885, actual_exe_time: 80280, task_app_start_time:2089980969193987, task_sched_time:2089986176457065
app_id: 0, app_name: SAR_api-aarch64, task_id: 1700, task_name: DASH_FFT, resource_name: cpu3, ref_start_time: 2089986180343116, ref_stop_time: 2089986180416376, actual_exe_time: 73260, task_app_start_time:2089980969193987, task_sched_time:2089986180339426
app_id: 0, app_name: SAR_api-aarch64, task_id: 1701, task_name: DASH_ZIP, resource_name: zip1, ref_start_time: 2089986184847316, ref_stop_time: 2089986184975146, actual_exe_time: 127830, task_app_start_time:2089980969193987, task_sched_time:2089986184839546
app_id: 0, app_name: SAR_api-aarch64, task_id: 1702, task_name: DASH_FFT, resource_name: cpu1, ref_start_time: 2089986188505907, ref_stop_time: 2089986188566447, actual_exe_time: 60540, task_app_start_time:2089980969193987, task_sched_time:2089986188492017
app_id: 0, app_name: SAR_api-aarch64, task_id: 1703, task_name: DASH_ZIP, resource_name: cpu2, ref_start_time: 2089986196313528, ref_stop_time: 2089986196394858, actual_exe_time: 81330, task_app_start_time:2089980969193987, task_sched_time:2089986196308218
app_id: 0, app_name: SAR_api-aarch64, task_id: 1704, task_name: DASH_FFT, resource_name: cpu3, ref_start_time: 2089986198134588, ref_stop_time: 2089986198204068, actual_exe_time: 69480, task_app_start_time:2089980969193987, task_sched_time:2089986198125528
app_id: 0, app_name: SAR_api-aarch64, task_id: 1705, task_name: DASH_ZIP, resource_name: zip1, ref_start_time: 2089986199293549, ref_stop_time: 2089986199421979, actual_exe_time: 128430, task_app_start_time:2089980969193987, task_sched_time:2089986199286709
app_id: 0, app_name: SAR_api-aarch64, task_id: 1706, task_name: DASH_FFT, resource_name: cpu1, ref_start_time: 2089986204622089, ref_stop_time: 2089986204679690, actual_exe_time: 57601, task_app_start_time:2089980969193987, task_sched_time:2089986204606159
app_id: 0, app_name: SAR_api-aarch64, task_id: 1707, task_name: DASH_ZIP, resource_name: cpu2, ref_start_time: 2089986211455611, ref_stop_time: 2089986211736891, actual_exe_time: 281280, task_app_start_time:2089980969193987, task_sched_time:2089986211438661
app_id: 0, app_name: SAR_api-aarch64, task_id: 1708, task_name: DASH_FFT, resource_name: cpu3, ref_start_time: 2089986212611451, ref_stop_time: 2089986212681711, actual_exe_time: 70260, task_app_start_time:2089980969193987, task_sched_time:2089986212603741
app_id: 0, app_name: SAR_api-aarch64, task_id: 1709, task_name: DASH_ZIP, resource_name: zip1, ref_start_time: 2089986216593531, ref_stop_time: 2089986216724571, actual_exe_time: 131040, task_app_start_time:2089980969193987, task_sched_time:2089986216580601
app_id: 0, app_name: SAR_api-aarch64, task_id: 1710, task_name: DASH_FFT, resource_name: cpu1, ref_start_time: 2089986217306092, ref_stop_time: 2089986217358562, actual_exe_time: 52470, task_app_start_time:2089980969193987, task_sched_time:2089986217115862
app_id: 0, app_name: SAR_api-aarch64, task_id: 1711, task_name: DASH_ZIP, resource_name: cpu2, ref_start_time: 2089986220293702, ref_stop_time: 2089986220372242, actual_exe_time: 78540, task_app_start_time:2089980969193987, task_sched_time:2089986217999272
app_id: 0, app_name: SAR_api-aarch64, task_id: 1712, task_name: DASH_FFT, resource_name: cpu3, ref_start_time: 2089986220688232, ref_stop_time: 2089986220756182, actual_exe_time: 67950, task_app_start_time:2089980969193987, task_sched_time:2089986220684302
app_id: 0, app_name: SAR_api-aarch64, task_id: 1713, task_name: DASH_ZIP, resource_name: zip1, ref_start_time: 2089986224447683, ref_stop_time: 2089986224572003, actual_exe_time: 124320, task_app_start_time:2089980969193987, task_sched_time:2089986224441743
app_id: 0, app_name: SAR_api-aarch64, task_id: 1714, task_name: DASH_FFT, resource_name: cpu1, ref_start_time: 2089986226270033, ref_stop_time: 2089986226573453, actual_exe_time: 303420, task_app_start_time:2089980969193987, task_sched_time:2089986226253113
app_id: 0, app_name: SAR_api-aarch64, task_id: 1715, task_name: DASH_ZIP, resource_name: cpu2, ref_start_time: 2089986229046533, ref_stop_time: 2089986229124323, actual_exe_time: 77790, task_app_start_time:2089980969193987, task_sched_time:2089986229040623
app_id: 0, app_name: SAR_api-aarch64, task_id: 1716, task_name: DASH_FFT, resource_name: cpu3, ref_start_time: 2089986236303595, ref_stop_time: 2089986236387145, actual_exe_time: 83550, task_app_start_time:2089980969193987, task_sched_time:2089986236291955
app_id: 0, app_name: SAR_api-aarch64, task_id: 1717, task_name: DASH_ZIP, resource_name: zip1, ref_start_time: 2089986239659575, ref_stop_time: 2089986239789685, actual_exe_time: 130110, task_app_start_time:2089980969193987, task_sched_time:2089986239653335
app_id: 0, app_name: SAR_api-aarch64, task_id: 1718, task_name: DASH_FFT, resource_name: cpu1, ref_start_time: 2089986244506556, ref_stop_time: 2089986244561876, actual_exe_time: 55320, task_app_start_time:2089980969193987, task_sched_time:2089986244496446
app_id: 0, app_name: SAR_api-aarch64, task_id: 1719, task_name: DASH_ZIP, resource_name: cpu2, ref_start_time: 2089986248312747, ref_stop_time: 2089986252759827, actual_exe_time: 4447080, task_app_start_time:2089980969193987, task_sched_time:2089986248306057
app_id: 0, app_name: SAR_api-aarch64, task_id: 1720, task_name: DASH_FFT, resource_name: cpu3, ref_start_time: 2089986253919297, ref_stop_time: 2089986253991117, actual_exe_time: 71820, task_app_start_time:2089980969193987, task_sched_time:2089986253914737
app_id: 0, app_name: SAR_api-aarch64, task_id: 1721, task_name: DASH_ZIP, resource_name: zip1, ref_start_time: 2089986260547558, ref_stop_time: 2089986260676199, actual_exe_time: 128641, task_app_start_time:2089980969193987, task_sched_time:2089986260542488
app_id: 0, app_name: SAR_api-aarch64, task_id: 1722, task_name: DASH_FFT, resource_name: cpu1, ref_start_time: 2089986264297259, ref_stop_time: 2089986264351049, actual_exe_time: 53790, task_app_start_time:2089980969193987, task_sched_time:2089986264287539
app_id: 0, app_name: SAR_api-aarch64, task_id: 1723, task_name: DASH_ZIP, resource_name: cpu2, ref_start_time: 2089986267090020, ref_stop_time: 2089986267167990, actual_exe_time: 77970, task_app_start_time:2089980969193987, task_sched_time:2089986267080870
app_id: 0, app_name: SAR_api-aarch64, task_id: 1724, task_name: DASH_FFT, resource_name: cpu3, ref_start_time: 2089986267561440, ref_stop_time: 2089986267630320, actual_exe_time: 68880, task_app_start_time:2089980969193987, task_sched_time:2089986267543110
app_id: 0, app_name: SAR_api-aarch64, task_id: 1725, task_name: DASH_ZIP, resource_name: zip1, ref_start_time: 2089986272542370, ref_stop_time: 2089986272670440, actual_exe_time: 128070, task_app_start_time:2089980969193987, task_sched_time:2089986272534870
app_id: 0, app_name: SAR_api-aarch64, task_id: 1726, task_name: DASH_FFT, resource_name: cpu1, ref_start_time: 2089986276395121, ref_stop_time: 2089986276447591, actual_exe_time: 52470, task_app_start_time:2089980969193987, task_sched_time:2089986276388431
app_id: 0, app_name: SAR_api-aarch64, task_id: 1727, task_name: DASH_ZIP, resource_name: cpu2, ref_start_time: 2089986280269442, ref_stop_time: 2089986280347622, actual_exe_time: 78180, task_app_start_time:2089980969193987, task_sched_time:2089986280247212
app_id: 0, app_name: SAR_api-aarch64, task_id: 1728, task_name: DASH_FFT, resource_name: cpu3, ref_start_time: 2089986281535742, ref_stop_time: 2089986281605762, actual_exe_time: 70020, task_app_start_time:2089980969193987, task_sched_time:2089986281494582
app_id: 0, app_name: SAR_api-aarch64, task_id: 1729, task_name: DASH_ZIP, resource_name: zip1, ref_start_time: 2089986282390652, ref_stop_time: 2089986282516142, actual_exe_time: 125490, task_app_start_time:2089980969193987, task_sched_time:2089986282386332
app_id: 0, app_name: SAR_api-aarch64, task_id: 1730, task_name: DASH_FFT, resource_name: cpu1, ref_start_time: 2089986283075132, ref_stop_time: 2089986283126072, actual_exe_time: 50940, task_app_start_time:2089980969193987, task_sched_time:2089986283070182
app_id: 0, app_name: SAR_api-aarch64, task_id: 1731, task_name: DASH_ZIP, resource_name: cpu2, ref_start_time: 2089986284306122, ref_stop_time: 2089986284383732, actual_exe_time: 77610, task_app_start_time:2089980969193987, task_sched_time:2089986283637752
app_id: 0, app_name: SAR_api-aarch64, task_id: 1732, task_name: DASH_FFT, resource_name: cpu3, ref_start_time: 2089986284833822, ref_stop_time: 2089986284901262, actual_exe_time: 67440, task_app_start_time:2089980969193987, task_sched_time:2089986284824072
app_id: 0, app_name: SAR_api-aarch64, task_id: 1733, task_name: DASH_ZIP, resource_name: zip1, ref_start_time: 2089986288510383, ref_stop_time: 2089986288639203, actual_exe_time: 128820, task_app_start_time:2089980969193987, task_sched_time:2089986288505583
app_id: 0, app_name: SAR_api-aarch64, task_id: 1734, task_name: DASH_FFT, resource_name: cpu1, ref_start_time: 2089986292387734, ref_stop_time: 2089986292438584, actual_exe_time: 50850, task_app_start_time:2089980969193987, task_sched_time:2089986292383114
app_id: 0, app_name: SAR_api-aarch64, task_id: 1735, task_name: DASH_ZIP, resource_name: cpu2, ref_start_time: 2089986295447554, ref_stop_time: 2089986295526784, actual_exe_time: 79230, task_app_start_time:2089980969193987, task_sched_time:2089986295441764
app_id: 0, app_name: SAR_api-aarch64, task_id: 1736, task_name: DASH_FFT, resource_name: cpu3, ref_start_time: 2089986300754015, ref_stop_time: 2089986300828175, actual_exe_time: 74160, task_app_start_time:2089980969193987, task_sched_time:2089986300661105
app_id: 0, app_name: SAR_api-aarch64, task_id: 1737, task_name: DASH_ZIP, resource_name: zip1, ref_start_time: 2089986304444586, ref_stop_time: 2089986304571636, actual_exe_time: 127050, task_app_start_time:2089980969193987, task_sched_time:2089986304438946
app_id: 0, app_name: SAR_api-aarch64, task_id: 1738, task_name: DASH_FFT, resource_name: cpu1, ref_start_time: 2089986308389436, ref_stop_time: 2089986308441096, actual_exe_time: 51660, task_app_start_time:2089980969193987, task_sched_time:2089986308370776
app_id: 0, app_name: SAR_api-aarch64, task_id: 1739, task_name: DASH_ZIP, resource_name: cpu2, ref_start_time: 2089986308676326, ref_stop_time: 2089986308752376, actual_exe_time: 76050, task_app_start_time:2089980969193987, task_sched_time:2089986308669336
app_id: 0, app_name: SAR_api-aarch64, task_id: 1740, task_name: DASH_FFT, resource_name: cpu3, ref_start_time: 2089986310037936, ref_stop_time: 2089986310361367, actual_exe_time: 323431, task_app_start_time:2089980969193987, task_sched_time:2089986310034306
app_id: 0, app_name: SAR_api-aarch64, task_id: 1741, task_name: DASH_ZIP, resource_name: zip1, ref_start_time: 2089986316561828, ref_stop_time: 2089986316690078, actual_exe_time: 128250, task_app_start_time:2089980969193987, task_sched_time:2089986316531768
app_id: 0, app_name: SAR_api-aarch64, task_id: 1742, task_name: DASH_FFT, resource_name: cpu1, ref_start_time: 2089986320593648, ref_stop_time: 2089986320645368, actual_exe_time: 51720, task_app_start_time:2089980969193987, task_sched_time:2089986320584288
app_id: 0, app_name: SAR_api-aarch64, task_id: 1743, task_name: DASH_ZIP, resource_name: cpu2, ref_start_time: 2089986323851679, ref_stop_time: 2089986323929829, actual_exe_time: 78150, task_app_start_time:2089980969193987, task_sched_time:2089986323846189
app_id: 0, app_name: SAR_api-aarch64, task_id: 1744, task_name: DASH_FFT, resource_name: cpu3, ref_start_time: 2089986328726169, ref_stop_time: 2089986328800479, actual_exe_time: 74310, task_app_start_time:2089980969193987, task_sched_time:2089986328718759
app_id: 0, app_name: SAR_api-aarch64, task_id: 1745, task_name: DASH_ZIP, resource_name: zip1, ref_start_time: 2089986336351301, ref_stop_time: 2089986336476761, actual_exe_time: 125460, task_app_start_time:2089980969193987, task_sched_time:2089986336346111
app_id: 0, app_name: SAR_api-aarch64, task_id: 1746, task_name: DASH_FFT, resource_name: cpu1, ref_start_time: 2089986337635751, ref_stop_time: 2089986337688581, actual_exe_time: 52830, task_app_start_time:2089980969193987, task_sched_time:2089986337586581
app_id: 0, app_name: SAR_api-aarch64, task_id: 1747, task_name: DASH_ZIP, resource_name: cpu2, ref_start_time: 2089986340783051, ref_stop_time: 2089986340863931, actual_exe_time: 80880, task_app_start_time:2089980969193987, task_sched_time:2089986340776781
app_id: 0, app_name: SAR_api-aarch64, task_id: 1748, task_name: DASH_FFT, resource_name: cpu3, ref_start_time: 2089986344333852, ref_stop_time: 2089986344685122, actual_exe_time: 351270, task_app_start_time:2089980969193987, task_sched_time:2089986344324462
app_id: 0, app_name: SAR_api-aarch64, task_id: 1749, task_name: DASH_ZIP, resource_name: zip1, ref_start_time: 2089986348551943, ref_stop_time: 2089986348676863, actual_exe_time: 124920, task_app_start_time:2089980969193987, task_sched_time:2089986348485853
app_id: 0, app_name: SAR_api-aarch64, task_id: 1750, task_name: DASH_FFT, resource_name: cpu1, ref_start_time: 2089986351126243, ref_stop_time: 2089986351177093, actual_exe_time: 50850, task_app_start_time:2089980969193987, task_sched_time:2089986351113763
app_id: 0, app_name: SAR_api-aarch64, task_id: 1751, task_name: DASH_ZIP, resource_name: cpu2, ref_start_time: 2089986352209873, ref_stop_time: 2089986352298433, actual_exe_time: 88560, task_app_start_time:2089980969193987, task_sched_time:2089986352204923
app_id: 0, app_name: SAR_api-aarch64, task_id: 1752, task_name: DASH_FFT, resource_name: cpu3, ref_start_time: 2089986360321815, ref_stop_time: 2089986360404255, actual_exe_time: 82440, task_app_start_time:2089980969193987, task_sched_time:2089986360311795
app_id: 0, app_name: SAR_api-aarch64, task_id: 1753, task_name: DASH_ZIP, resource_name: zip1, ref_start_time: 2089986364450925, ref_stop_time: 2089986364577435, actual_exe_time: 126510, task_app_start_time:2089980969193987, task_sched_time:2089986364446125
app_id: 0, app_name: SAR_api-aarch64, task_id: 1754, task_name: DASH_FFT, resource_name: cpu1, ref_start_time: 2089986365472485, ref_stop_time: 2089986365522165, actual_exe_time: 49680, task_app_start_time:2089980969193987, task_sched_time:2089986365461745
app_id: 0, app_name: SAR_api-aarch64, task_id: 1755, task_name: DASH_ZIP, resource_name: cpu2, ref_start_time: 2089986372425557, ref_stop_time: 2089986372505867, actual_exe_time: 80310, task_app_start_time:2089980969193987, task_sched_time:2089986369583746
app_id: 0, app_name: SAR_api-aarch64, task_id: 1756, task_name: DASH_FFT, resource_name: cpu3, ref_start_time: 2089986377018107, ref_stop_time: 2089986377104987, actual_exe_time: 86880, task_app_start_time:2089980969193987, task_sched_time:2089986376955617
app_id: 0, app_name: SAR_api-aarch64, task_id: 1757, task_name: DASH_ZIP, resource_name: zip1, ref_start_time: 2089986380017298, ref_stop_time: 2089986380141708, actual_exe_time: 124410, task_app_start_time:2089980969193987, task_sched_time:2089986380011478
app_id: 0, app_name: SAR_api-aarch64, task_id: 1758, task_name: DASH_FFT, resource_name: cpu1, ref_start_time: 2089986384476498, ref_stop_time: 2089986384530858, actual_exe_time: 54360, task_app_start_time:2089980969193987, task_sched_time:2089986384468308
app_id: 0, app_name: SAR_api-aarch64, task_id: 1759, task_name: DASH_ZIP, resource_name: cpu2, ref_start_time: 2089986388448409, ref_stop_time: 2089986388710639, actual_exe_time: 262230, task_app_start_time:2089980969193987, task_sched_time:2089986388422699
app_id: 0, app_name: SAR_api-aarch64, task_id: 1760, task_name: DASH_FFT, resource_name: cpu3, ref_start_time: 2089986392336530, ref_stop_time: 2089986392410780, actual_exe_time: 74250, task_app_start_time:2089980969193987, task_sched_time:2089986392324380
app_id: 0, app_name: SAR_api-aarch64, task_id: 1761, task_name: DASH_ZIP, resource_name: zip1, ref_start_time: 2089986394604530, ref_stop_time: 2089986394733620, actual_exe_time: 129090, task_app_start_time:2089980969193987, task_sched_time:2089986394590310
app_id: 0, app_name: SAR_api-aarch64, task_id: 1762, task_name: DASH_FFT, resource_name: cpu1, ref_start_time: 2089986398096231, ref_stop_time: 2089986398149871, actual_exe_time: 53640, task_app_start_time:2089980969193987, task_sched_time:2089986398086601
app_id: 0, app_name: SAR_api-aarch64, task_id: 1763, task_name: DASH_ZIP, resource_name: cpu2, ref_start_time: 2089986400321751, ref_stop_time: 2089986400400741, actual_exe_time: 78990, task_app_start_time:2089980969193987, task_sched_time:2089986398877101
app_id: 0, app_name: SAR_api-aarch64, task_id: 1764, task_name: DASH_FFT, resource_name: cpu3, ref_start_time: 2089986400913021, ref_stop_time: 2089986400981601, actual_exe_time: 68580, task_app_start_time:2089980969193987, task_sched_time:2089986400909331
app_id: 0, app_name: SAR_api-aarch64, task_id: 1765, task_name: DASH_ZIP, resource_name: zip1, ref_start_time: 2089986401727761, ref_stop_time: 2089986401854931, actual_exe_time: 127170, task_app_start_time:2089980969193987, task_sched_time:2089986401723891
app_id: 0, app_name: SAR_api-aarch64, task_id: 1766, task_name: DASH_FFT, resource_name: cpu1, ref_start_time: 2089986402377621, ref_stop_time: 2089986402423971, actual_exe_time: 46350, task_app_start_time:2089980969193987, task_sched_time:2089986402373031
app_id: 0, app_name: SAR_api-aarch64, task_id: 1767, task_name: DASH_ZIP, resource_name: cpu2, ref_start_time: 2089986404299032, ref_stop_time: 2089986404374902, actual_exe_time: 75870, task_app_start_time:2089980969193987, task_sched_time:2089986403053101
app_id: 0, app_name: SAR_api-aarch64, task_id: 1768, task_name: DASH_FFT, resource_name: cpu3, ref_start_time: 2089986404829702, ref_stop_time: 2089986404895522, actual_exe_time: 65820, task_app_start_time:2089980969193987, task_sched_time:2089986404818242
app_id: 0, app_name: SAR_api-aarch64, task_id: 1769, task_name: DASH_ZIP, resource_name: zip1, ref_start_time: 2089986405769662, ref_stop_time: 2089986405892362, actual_exe_time: 122700, task_app_start_time:2089980969193987, task_sched_time:2089986405715452
app_id: 0, app_name: SAR_api-aarch64, task_id: 1770, task_name: DASH_FFT, resource_name: cpu1, ref_start_time: 2089986406414452, ref_stop_time: 2089986406481142, actual_exe_time: 66690, task_app_start_time:2089980969193987, task_sched_time:2089986406410252
app_id: 0, app_name: SAR_api-aarch64, task_id: 1771, task_name: DASH_ZIP, resource_name: cpu2, ref_start_time: 2089986407609832, ref_stop_time: 2089986407687682, actual_exe_time: 77850, task_app_start_time:2089980969193987, task_sched_time:2089986407110752
app_id: 0, app_name: SAR_api-aarch64, task_id: 1772, task_name: DASH_FFT, resource_name: cpu3, ref_start_time: 2089986408544992, ref_stop_time: 2089986408617892, actual_exe_time: 72900, task_app_start_time:2089980969193987, task_sched_time:2089986408535572
app_id: 0, app_name: SAR_api-aarch64, task_id: 1773, task_name: DASH_ZIP, resource_name: zip1, ref_start_time: 2089986416319734, ref_stop_time: 2089986416756174, actual_exe_time: 436440, task_app_start_time:2089980969193987, task_sched_time:2089986412917943
app_id: 0, app_name: SAR_api-aarch64, task_id: 1774, task_name: DASH_FFT, resource_name: cpu1, ref_start_time: 2089986420629384, ref_stop_time: 2089986420680774, actual_exe_time: 51390, task_app_start_time:2089980969193987, task_sched_time:2089986420624674
app_id: 0, app_name: SAR_api-aarch64, task_id: 1775, task_name: DASH_ZIP, resource_name: cpu2, ref_start_time: 2089986422213385, ref_stop_time: 2089986422290815, actual_exe_time: 77430, task_app_start_time:2089980969193987, task_sched_time:2089986422206935
app_id: 0, app_name: SAR_api-aarch64, task_id: 1776, task_name: DASH_FFT, resource_name: cpu3, ref_start_time: 2089986424458645, ref_stop_time: 2089986424534395, actual_exe_time: 75750, task_app_start_time:2089980969193987, task_sched_time:2089986424369605
app_id: 0, app_name: SAR_api-aarch64, task_id: 1777, task_name: DASH_ZIP, resource_name: zip1, ref_start_time: 2089986432516346, ref_stop_time: 2089986432646216, actual_exe_time: 129870, task_app_start_time:2089980969193987, task_sched_time:2089986432503206
app_id: 0, app_name: SAR_api-aarch64, task_id: 1778, task_name: DASH_FFT, resource_name: cpu1, ref_start_time: 2089986436028567, ref_stop_time: 2089986436080887, actual_exe_time: 52320, task_app_start_time:2089980969193987, task_sched_time:2089986436020317
app_id: 0, app_name: SAR_api-aarch64, task_id: 1779, task_name: DASH_ZIP, resource_name: cpu2, ref_start_time: 2089986440537837, ref_stop_time: 2089986440619827, actual_exe_time: 81990, task_app_start_time:2089980969193987, task_sched_time:2089986440526227
app_id: 0, app_name: SAR_api-aarch64, task_id: 1780, task_name: DASH_FFT, resource_name: cpu3, ref_start_time: 2089986444433188, ref_stop_time: 2089986444507948, actual_exe_time: 74760, task_app_start_time:2089980969193987, task_sched_time:2089986444351918
app_id: 0, app_name: SAR_api-aarch64, task_id: 1781, task_name: DASH_ZIP, resource_name: zip1, ref_start_time: 2089986449773069, ref_stop_time: 2089986449903599, actual_exe_time: 130530, task_app_start_time:2089980969193987, task_sched_time:2089986449767159
app_id: 0, app_name: SAR_api-aarch64, task_id: 1782, task_name: DASH_FFT, resource_name: cpu1, ref_start_time: 2089986456646910, ref_stop_time: 2089986456709100, actual_exe_time: 62190, task_app_start_time:2089980969193987, task_sched_time:2089986456637700
app_id: 0, app_name: SAR_api-aarch64, task_id: 1783, task_name: DASH_ZIP, resource_name: cpu2, ref_start_time: 2089986460343271, ref_stop_time: 2089986460421991, actual_exe_time: 78720, task_app_start_time:2089980969193987, task_sched_time:2089986460336131
app_id: 0, app_name: SAR_api-aarch64, task_id: 1784, task_name: DASH_FFT, resource_name: cpu3, ref_start_time: 2089986462483261, ref_stop_time: 2089986463185411, actual_exe_time: 702150, task_app_start_time:2089980969193987, task_sched_time:2089986462455391
app_id: 0, app_name: SAR_api-aarch64, task_id: 1785, task_name: DASH_ZIP, resource_name: zip1, ref_start_time: 2089986467345332, ref_stop_time: 2089986467476102, actual_exe_time: 130770, task_app_start_time:2089980969193987, task_sched_time:2089986467337052
app_id: 0, app_name: SAR_api-aarch64, task_id: 1786, task_name: DASH_FFT, resource_name: cpu1, ref_start_time: 2089986468122482, ref_stop_time: 2089986468174832, actual_exe_time: 52350, task_app_start_time:2089980969193987, task_sched_time:2089986468117262
app_id: 0, app_name: SAR_api-aarch64, task_id: 1787, task_name: DASH_ZIP, resource_name: cpu2, ref_start_time: 2089986472294673, ref_stop_time: 2089986472373993, actual_exe_time: 79320, task_app_start_time:2089980969193987, task_sched_time:2089986469117072
app_id: 0, app_name: SAR_api-aarch64, task_id: 1788, task_name: DASH_FFT, resource_name: cpu3, ref_start_time: 2089986472923443, ref_stop_time: 2089986472990793, actual_exe_time: 67350, task_app_start_time:2089980969193987, task_sched_time:2089986472919633
app_id: 0, app_name: SAR_api-aarch64, task_id: 1789, task_name: DASH_ZIP, resource_name: zip1, ref_start_time: 2089986476310863, ref_stop_time: 2089986476434793, actual_exe_time: 123930, task_app_start_time:2089980969193987, task_sched_time:2089986476301593
app_id: 0, app_name: SAR_api-aarch64, task_id: 1790, task_name: DASH_FFT, resource_name: cpu1, ref_start_time: 2089986477097913, ref_stop_time: 2089986477146423, actual_exe_time: 48510, task_app_start_time:2089980969193987, task_sched_time:2089986477078713
app_id: 0, app_name: SAR_api-aarch64, task_id: 1791, task_name: DASH_ZIP, resource_name: cpu2, ref_start_time: 2089986480779814, ref_stop_time: 2089986480857604, actual_exe_time: 77790, task_app_start_time:2089980969193987, task_sched_time:2089986480770514
app_id: 0, app_name: SAR_api-aarch64, task_id: 1792, task_name: DASH_FFT, resource_name: cpu3, ref_start_time: 2089986488323855, ref_stop_time: 2089986488408965, actual_exe_time: 85110, task_app_start_time:2089980969193987, task_sched_time:2089986488315065
app_id: 0, app_name: SAR_api-aarch64, task_id: 1793, task_name: DASH_ZIP, resource_name: zip1, ref_start_time: 2089986490935176, ref_stop_time: 2089986491059796, actual_exe_time: 124620, task_app_start_time:2089980969193987, task_sched_time:2089986490924166
app_id: 0, app_name: SAR_api-aarch64, task_id: 1794, task_name: DASH_FFT, resource_name: cpu1, ref_start_time: 2089986496478546, ref_stop_time: 2089986496533596, actual_exe_time: 55050, task_app_start_time:2089980969193987, task_sched_time:2089986496472636
app_id: 0, app_name: SAR_api-aarch64, task_id: 1795, task_name: DASH_ZIP, resource_name: cpu2, ref_start_time: 2089986500334147, ref_stop_time: 2089986500413647, actual_exe_time: 79500, task_app_start_time:2089980969193987, task_sched_time:2089986500329017
app_id: 0, app_name: SAR_api-aarch64, task_id: 1796, task_name: DASH_FFT, resource_name: cpu3, ref_start_time: 2089986503697718, ref_stop_time: 2089986503765668, actual_exe_time: 67950, task_app_start_time:2089980969193987, task_sched_time:2089986503687338
app_id: 0, app_name: SAR_api-aarch64, task_id: 1797, task_name: DASH_ZIP, resource_name: zip1, ref_start_time: 2089986505116178, ref_stop_time: 2089986505250128, actual_exe_time: 133950, task_app_start_time:2089980969193987, task_sched_time:2089986505106038
app_id: 0, app_name: SAR_api-aarch64, task_id: 1798, task_name: DASH_FFT, resource_name: cpu1, ref_start_time: 2089986512520389, ref_stop_time: 2089986512580239, actual_exe_time: 59850, task_app_start_time:2089980969193987, task_sched_time:2089986512505989
app_id: 0, app_name: SAR_api-aarch64, task_id: 1799, task_name: DASH_ZIP, resource_name: cpu2, ref_start_time: 2089986517402590, ref_stop_time: 2089986517482690, actual_exe_time: 80100, task_app_start_time:2089980969193987, task_sched_time:2089986517397160
app_id: 0, app_name: SAR_api-aarch64, task_id: 1800, task_name: DASH_FFT, resource_name: cpu3, ref_start_time: 2089986521736271, ref_stop_time: 2089986521812021, actual_exe_time: 75750, task_app_start_time:2089980969193987, task_sched_time:2089986521661001
app_id: 0, app_name: SAR_api-aarch64, task_id: 1801, task_name: DASH_ZIP, resource_name: zip1, ref_start_time: 2089986522603541, ref_stop_time: 2089986523014451, actual_exe_time: 410910, task_app_start_time:2089980969193987, task_sched_time:2089986522526021
app_id: 0, app_name: SAR_api-aarch64, task_id: 1802, task_name: DASH_FFT, resource_name: cpu1, ref_start_time: 2089986523287001, ref_stop_time: 2089986523708381, actual_exe_time: 421380, task_app_start_time:2089980969193987, task_sched_time:2089986523270981
app_id: 0, app_name: SAR_api-aarch64, task_id: 1803, task_name: DASH_ZIP, resource_name: cpu2, ref_start_time: 2089986524352961, ref_stop_time: 2089986524429971, actual_exe_time: 77010, task_app_start_time:2089980969193987, task_sched_time:2089986524346091
app_id: 0, app_name: SAR_api-aarch64, task_id: 1804, task_name: DASH_FFT, resource_name: cpu3, ref_start_time: 2089986524757181, ref_stop_time: 2089986524820211, actual_exe_time: 63030, task_app_start_time:2089980969193987, task_sched_time:2089986524752381
app_id: 0, app_name: SAR_api-aarch64, task_id: 1805, task_name: DASH_ZIP, resource_name: zip1, ref_start_time: 2089986525477061, ref_stop_time: 2089986525996511, actual_exe_time: 519450, task_app_start_time:2089980969193987, task_sched_time:2089986525465541
app_id: 0, app_name: SAR_api-aarch64, task_id: 1806, task_name: DASH_FFT, resource_name: cpu1, ref_start_time: 2089986526343551, ref_stop_time: 2089986526394251, actual_exe_time: 50700, task_app_start_time:2089980969193987, task_sched_time:2089986526331101
app_id: 0, app_name: SAR_api-aarch64, task_id: 1807, task_name: DASH_ZIP, resource_name: cpu2, ref_start_time: 2089986528301532, ref_stop_time: 2089986528379052, actual_exe_time: 77520, task_app_start_time:2089980969193987, task_sched_time:2089986526840921
app_id: 0, app_name: SAR_api-aarch64, task_id: 1808, task_name: DASH_FFT, resource_name: cpu3, ref_start_time: 2089986528611672, ref_stop_time: 2089986528696002, actual_exe_time: 84330, task_app_start_time:2089980969193987, task_sched_time:2089986528537992
app_id: 0, app_name: SAR_api-aarch64, task_id: 1809, task_name: DASH_ZIP, resource_name: zip1, ref_start_time: 2089986531583172, ref_stop_time: 2089986531705932, actual_exe_time: 122760, task_app_start_time:2089980969193987, task_sched_time:2089986531573482
app_id: 0, app_name: SAR_api-aarch64, task_id: 1810, task_name: DASH_FFT, resource_name: cpu1, ref_start_time: 2089986536608653, ref_stop_time: 2089986536663643, actual_exe_time: 54990, task_app_start_time:2089980969193987, task_sched_time:2089986532454912
app_id: 0, app_name: SAR_api-aarch64, task_id: 1811, task_name: DASH_ZIP, resource_name: cpu2, ref_start_time: 2089986544459054, ref_stop_time: 2089986544538344, actual_exe_time: 79290, task_app_start_time:2089980969193987, task_sched_time:2089986544453774
app_id: 0, app_name: SAR_api-aarch64, task_id: 1812, task_name: DASH_FFT, resource_name: cpu3, ref_start_time: 2089986545732404, ref_stop_time: 2089986545802424, actual_exe_time: 70020, task_app_start_time:2089980969193987, task_sched_time:2089986545716264
app_id: 0, app_name: SAR_api-aarch64, task_id: 1813, task_name: DASH_ZIP, resource_name: zip1, ref_start_time: 2089986552722736, ref_stop_time: 2089986552850836, actual_exe_time: 128100, task_app_start_time:2089980969193987, task_sched_time:2089986552714126
app_id: 0, app_name: SAR_api-aarch64, task_id: 1814, task_name: DASH_FFT, resource_name: cpu1, ref_start_time: 2089986553218336, ref_stop_time: 2089986553267956, actual_exe_time: 49620, task_app_start_time:2089980969193987, task_sched_time:2089986553214796
app_id: 0, app_name: SAR_api-aarch64, task_id: 1815, task_name: DASH_ZIP, resource_name: cpu2, ref_start_time: 2089986558235836, ref_stop_time: 2089986558314766, actual_exe_time: 78930, task_app_start_time:2089980969193987, task_sched_time:2089986558230346
app_id: 0, app_name: SAR_api-aarch64, task_id: 1816, task_name: DASH_FFT, resource_name: cpu3, ref_start_time: 2089986559044877, ref_stop_time: 2089986559114207, actual_exe_time: 69330, task_app_start_time:2089980969193987, task_sched_time:2089986559037917
app_id: 0, app_name: SAR_api-aarch64, task_id: 1817, task_name: DASH_ZIP, resource_name: zip1, ref_start_time: 2089986564744007, ref_stop_time: 2089986564873337, actual_exe_time: 129330, task_app_start_time:2089980969193987, task_sched_time:2089986564736867
app_id: 0, app_name: SAR_api-aarch64, task_id: 1818, task_name: DASH_FFT, resource_name: cpu1, ref_start_time: 2089986571428279, ref_stop_time: 2089986571482879, actual_exe_time: 54600, task_app_start_time:2089980969193987, task_sched_time:2089986571418409
app_id: 0, app_name: SAR_api-aarch64, task_id: 1819, task_name: DASH_ZIP, resource_name: cpu2, ref_start_time: 2089986572570229, ref_stop_time: 2089986572647299, actual_exe_time: 77070, task_app_start_time:2089980969193987, task_sched_time:2089986572564559
app_id: 0, app_name: SAR_api-aarch64, task_id: 1820, task_name: DASH_FFT, resource_name: cpu3, ref_start_time: 2089986576627039, ref_stop_time: 2089986576699039, actual_exe_time: 72000, task_app_start_time:2089980969193987, task_sched_time:2089986576620349
app_id: 0, app_name: SAR_api-aarch64, task_id: 1821, task_name: DASH_ZIP, resource_name: zip1, ref_start_time: 2089986580532680, ref_stop_time: 2089986580664680, actual_exe_time: 132000, task_app_start_time:2089980969193987, task_sched_time:2089986580522210
app_id: 0, app_name: SAR_api-aarch64, task_id: 1822, task_name: DASH_FFT, resource_name: cpu1, ref_start_time: 2089986586115291, ref_stop_time: 2089986586168991, actual_exe_time: 53700, task_app_start_time:2089980969193987, task_sched_time:2089986586104191
app_id: 0, app_name: SAR_api-aarch64, task_id: 1823, task_name: DASH_ZIP, resource_name: cpu2, ref_start_time: 2089986592305102, ref_stop_time: 2089986592387062, actual_exe_time: 81960, task_app_start_time:2089980969193987, task_sched_time:2089986589661831
app_id: 0, app_name: SAR_api-aarch64, task_id: 1824, task_name: DASH_FFT, resource_name: cpu3, ref_start_time: 2089986596336503, ref_stop_time: 2089986596412193, actual_exe_time: 75690, task_app_start_time:2089980969193987, task_sched_time:2089986596331643
app_id: 0, app_name: SAR_api-aarch64, task_id: 1825, task_name: DASH_ZIP, resource_name: zip1, ref_start_time: 2089986599314873, ref_stop_time: 2089986599444053, actual_exe_time: 129180, task_app_start_time:2089980969193987, task_sched_time:2089986599285533
app_id: 0, app_name: SAR_api-aarch64, task_id: 1826, task_name: DASH_FFT, resource_name: cpu1, ref_start_time: 2089986604323194, ref_stop_time: 2089986604382954, actual_exe_time: 59760, task_app_start_time:2089980969193987, task_sched_time:2089986604311134
app_id: 0, app_name: SAR_api-aarch64, task_id: 1827, task_name: DASH_ZIP, resource_name: cpu2, ref_start_time: 2089986608335904, ref_stop_time: 2089986608415734, actual_exe_time: 79830, task_app_start_time:2089980969193987, task_sched_time:2089986608330234
app_id: 0, app_name: SAR_api-aarch64, task_id: 1828, task_name: DASH_FFT, resource_name: cpu3, ref_start_time: 2089986612247785, ref_stop_time: 2089986612333435, actual_exe_time: 85650, task_app_start_time:2089980969193987, task_sched_time:2089986612188985
app_id: 0, app_name: SAR_api-aarch64, task_id: 1829, task_name: DASH_ZIP, resource_name: zip1, ref_start_time: 2089986613839945, ref_stop_time: 2089986613969665, actual_exe_time: 129720, task_app_start_time:2089980969193987, task_sched_time:2089986613828845
app_id: 0, app_name: SAR_api-aarch64, task_id: 1830, task_name: DASH_FFT, resource_name: cpu1, ref_start_time: 2089986620513866, ref_stop_time: 2089986620576266, actual_exe_time: 62400, task_app_start_time:2089980969193987, task_sched_time:2089986620504266
app_id: 0, app_name: SAR_api-aarch64, task_id: 1831, task_name: DASH_ZIP, resource_name: cpu2, ref_start_time: 2089986626285267, ref_stop_time: 2089986626560997, actual_exe_time: 275730, task_app_start_time:2089980969193987, task_sched_time:2089986626275637
app_id: 0, app_name: SAR_api-aarch64, task_id: 1832, task_name: DASH_FFT, resource_name: cpu3, ref_start_time: 2089986627281478, ref_stop_time: 2089986627352998, actual_exe_time: 71520, task_app_start_time:2089980969193987, task_sched_time:2089986627277458
app_id: 0, app_name: SAR_api-aarch64, task_id: 1833, task_name: DASH_ZIP, resource_name: zip1, ref_start_time: 2089986631236708, ref_stop_time: 2089986631679628, actual_exe_time: 442920, task_app_start_time:2089980969193987, task_sched_time:2089986631190418
app_id: 0, app_name: SAR_api-aarch64, task_id: 1834, task_name: DASH_FFT, resource_name: cpu1, ref_start_time: 2089986632148078, ref_stop_time: 2089986632200788, actual_exe_time: 52710, task_app_start_time:2089980969193987, task_sched_time:2089986632136528
app_id: 0, app_name: SAR_api-aarch64, task_id: 1835, task_name: DASH_ZIP, resource_name: cpu2, ref_start_time: 2089986636292789, ref_stop_time: 2089986636372529, actual_exe_time: 79740, task_app_start_time:2089980969193987, task_sched_time:2089986632914908
app_id: 0, app_name: SAR_api-aarch64, task_id: 1836, task_name: DASH_FFT, resource_name: cpu3, ref_start_time: 2089986636917569, ref_stop_time: 2089986636988459, actual_exe_time: 70890, task_app_start_time:2089980969193987, task_sched_time:2089986636911839
app_id: 0, app_name: SAR_api-aarch64, task_id: 1837, task_name: DASH_ZIP, resource_name: zip1, ref_start_time: 2089986637562449, ref_stop_time: 2089986638130979, actual_exe_time: 568530, task_app_start_time:2089980969193987, task_sched_time:2089986637548109
app_id: 0, app_name: SAR_api-aarch64, task_id: 1838, task_name: DASH_FFT, resource_name: cpu1, ref_start_time: 2089986638171809, ref_stop_time: 2089986638222629, actual_exe_time: 50820, task_app_start_time:2089980969193987, task_sched_time:2089986638164669
app_id: 0, app_name: SAR_api-aarch64, task_id: 1839, task_name: DASH_ZIP, resource_name: cpu2, ref_start_time: 2089986640597310, ref_stop_time: 2089986640674050, actual_exe_time: 76740, task_app_start_time:2089980969193987, task_sched_time:2089986638948749
app_id: 0, app_name: SAR_api-aarch64, task_id: 1840, task_name: DASH_FFT, resource_name: cpu3, ref_start_time: 2089986641210990, ref_stop_time: 2089986641277830, actual_exe_time: 66840, task_app_start_time:2089980969193987, task_sched_time:2089986641204270
app_id: 0, app_name: SAR_api-aarch64, task_id: 1841, task_name: DASH_ZIP, resource_name: zip1, ref_start_time: 2089986644521550, ref_stop_time: 2089986644650250, actual_exe_time: 128700, task_app_start_time:2089980969193987, task_sched_time:2089986644515370
app_id: 0, app_name: SAR_api-aarch64, task_id: 1842, task_name: DASH_FFT, resource_name: cpu1, ref_start_time: 2089986648713541, ref_stop_time: 2089986648765291, actual_exe_time: 51750, task_app_start_time:2089980969193987, task_sched_time:2089986648694791
app_id: 0, app_name: SAR_api-aarch64, task_id: 1843, task_name: DASH_ZIP, resource_name: cpu2, ref_start_time: 2089986652298182, ref_stop_time: 2089986652553632, actual_exe_time: 255450, task_app_start_time:2089980969193987, task_sched_time:2089986652291102
app_id: 0, app_name: SAR_api-aarch64, task_id: 1844, task_name: DASH_FFT, resource_name: cpu3, ref_start_time: 2089986655155052, ref_stop_time: 2089986655223662, actual_exe_time: 68610, task_app_start_time:2089980969193987, task_sched_time:2089986655146592
app_id: 0, app_name: SAR_api-aarch64, task_id: 1845, task_name: DASH_ZIP, resource_name: zip1, ref_start_time: 2089986655753552, ref_stop_time: 2089986656000842, actual_exe_time: 247290, task_app_start_time:2089980969193987, task_sched_time:2089986655711792
app_id: 0, app_name: SAR_api-aarch64, task_id: 1846, task_name: DASH_FFT, resource_name: cpu1, ref_start_time: 2089986660811103, ref_stop_time: 2089986660865853, actual_exe_time: 54750, task_app_start_time:2089980969193987, task_sched_time:2089986660788363
app_id: 0, app_name: SAR_api-aarch64, task_id: 1847, task_name: DASH_ZIP, resource_name: cpu2, ref_start_time: 2089986664339253, ref_stop_time: 2089986664417493, actual_exe_time: 78240, task_app_start_time:2089980969193987, task_sched_time:2089986664331963
app_id: 0, app_name: SAR_api-aarch64, task_id: 1848, task_name: DASH_FFT, resource_name: cpu3, ref_start_time: 2089986668329344, ref_stop_time: 2089986668406774, actual_exe_time: 77430, task_app_start_time:2089980969193987, task_sched_time:2089986668324724
app_id: 0, app_name: SAR_api-aarch64, task_id: 1849, task_name: DASH_ZIP, resource_name: zip1, ref_start_time: 2089986668766204, ref_stop_time: 2089986668890134, actual_exe_time: 123930, task_app_start_time:2089980969193987, task_sched_time:2089986668755974
app_id: 0, app_name: SAR_api-aarch64, task_id: 1850, task_name: DASH_FFT, resource_name: cpu1, ref_start_time: 2089986670370664, ref_stop_time: 2089986670416924, actual_exe_time: 46260, task_app_start_time:2089980969193987, task_sched_time:2089986670357584
app_id: 0, app_name: SAR_api-aarch64, task_id: 1851, task_name: DASH_ZIP, resource_name: cpu2, ref_start_time: 2089986671255755, ref_stop_time: 2089986671332795, actual_exe_time: 77040, task_app_start_time:2089980969193987, task_sched_time:2089986671246335
app_id: 0, app_name: SAR_api-aarch64, task_id: 1852, task_name: DASH_FFT, resource_name: cpu3, ref_start_time: 2089986672744625, ref_stop_time: 2089986672814195, actual_exe_time: 69570, task_app_start_time:2089980969193987, task_sched_time:2089986672737485
app_id: 0, app_name: SAR_api-aarch64, task_id: 1853, task_name: DASH_ZIP, resource_name: zip1, ref_start_time: 2089986680529446, ref_stop_time: 2089986680657336, actual_exe_time: 127890, task_app_start_time:2089980969193987, task_sched_time:2089986680516096
app_id: 0, app_name: SAR_api-aarch64, task_id: 1854, task_name: DASH_FFT, resource_name: cpu1, ref_start_time: 2089986684192597, ref_stop_time: 2089986684243627, actual_exe_time: 51030, task_app_start_time:2089980969193987, task_sched_time:2089986684158517
app_id: 0, app_name: SAR_api-aarch64, task_id: 1855, task_name: DASH_ZIP, resource_name: cpu2, ref_start_time: 2089986685610667, ref_stop_time: 2089986685687557, actual_exe_time: 76890, task_app_start_time:2089980969193987, task_sched_time:2089986685607127
app_id: 0, app_name: SAR_api-aarch64, task_id: 1856, task_name: DASH_FFT, resource_name: cpu3, ref_start_time: 2089986688744857, ref_stop_time: 2089986688815867, actual_exe_time: 71010, task_app_start_time:2089980969193987, task_sched_time:2089986688646217
app_id: 0, app_name: SAR_api-aarch64, task_id: 1857, task_name: DASH_ZIP, resource_name: zip1, ref_start_time: 2089986696514199, ref_stop_time: 2089986696641939, actual_exe_time: 127740, task_app_start_time:2089980969193987, task_sched_time:2089986696501449
app_id: 0, app_name: SAR_api-aarch64, task_id: 1858, task_name: DASH_FFT, resource_name: cpu1, ref_start_time: 2089986699560759, ref_stop_time: 2089986699612449, actual_exe_time: 51690, task_app_start_time:2089980969193987, task_sched_time:2089986699554069
app_id: 0, app_name: SAR_api-aarch64, task_id: 1859, task_name: DASH_ZIP, resource_name: cpu2, ref_start_time: 2089986703185630, ref_stop_time: 2089986703267950, actual_exe_time: 82320, task_app_start_time:2089980969193987, task_sched_time:2089986700139909
app_id: 0, app_name: SAR_api-aarch64, task_id: 1860, task_name: DASH_FFT, resource_name: cpu3, ref_start_time: 2089986708412501, ref_stop_time: 2089986708486901, actual_exe_time: 74400, task_app_start_time:2089980969193987, task_sched_time:2089986708405241
app_id: 0, app_name: SAR_api-aarch64, task_id: 1861, task_name: DASH_ZIP, resource_name: zip1, ref_start_time: 2089986712236601, ref_stop_time: 2089986712380301, actual_exe_time: 143700, task_app_start_time:2089980969193987, task_sched_time:2089986712229131
app_id: 0, app_name: SAR_api-aarch64, task_id: 1862, task_name: DASH_FFT, resource_name: cpu1, ref_start_time: 2089986720325832, ref_stop_time: 2089986720383313, actual_exe_time: 57481, task_app_start_time:2089980969193987, task_sched_time:2089986720302462
app_id: 0, app_name: SAR_api-aarch64, task_id: 1863, task_name: DASH_ZIP, resource_name: cpu2, ref_start_time: 2089986724339953, ref_stop_time: 2089986724418433, actual_exe_time: 78480, task_app_start_time:2089980969193987, task_sched_time:2089986724329513
app_id: 0, app_name: SAR_api-aarch64, task_id: 1864, task_name: DASH_FFT, resource_name: cpu3, ref_start_time: 2089986726053523, ref_stop_time: 2089986726130953, actual_exe_time: 77430, task_app_start_time:2089980969193987, task_sched_time:2089986726037503
app_id: 0, app_name: SAR_api-aarch64, task_id: 1865, task_name: DASH_ZIP, resource_name: zip1, ref_start_time: 2089986726769624, ref_stop_time: 2089986726892534, actual_exe_time: 122910, task_app_start_time:2089980969193987, task_sched_time:2089986726765904
app_id: 0, app_name: SAR_api-aarch64, task_id: 1866, task_name: DASH_FFT, resource_name: cpu1, ref_start_time: 2089986732507994, ref_stop_time: 2089986732562624, actual_exe_time: 54630, task_app_start_time:2089980969193987, task_sched_time:2089986732475834
app_id: 0, app_name: SAR_api-aarch64, task_id: 1867, task_name: DASH_ZIP, resource_name: cpu2, ref_start_time: 2089986736347665, ref_stop_time: 2089986736425545, actual_exe_time: 77880, task_app_start_time:2089980969193987, task_sched_time:2089986736342115
app_id: 0, app_name: SAR_api-aarch64, task_id: 1868, task_name: DASH_FFT, resource_name: cpu3, ref_start_time: 2089986739606356, ref_stop_time: 2089986739674186, actual_exe_time: 67830, task_app_start_time:2089980969193987, task_sched_time:2089986739599486
app_id: 0, app_name: SAR_api-aarch64, task_id: 1869, task_name: DASH_ZIP, resource_name: zip1, ref_start_time: 2089986740978136, ref_stop_time: 2089986741106746, actual_exe_time: 128610, task_app_start_time:2089980969193987, task_sched_time:2089986740973936
app_id: 0, app_name: SAR_api-aarch64, task_id: 1870, task_name: DASH_FFT, resource_name: cpu1, ref_start_time: 2089986744547446, ref_stop_time: 2089986744601386, actual_exe_time: 53940, task_app_start_time:2089980969193987, task_sched_time:2089986744536466
app_id: 0, app_name: SAR_api-aarch64, task_id: 1871, task_name: DASH_ZIP, resource_name: cpu2, ref_start_time: 2089986748323727, ref_stop_time: 2089986748405117, actual_exe_time: 81390, task_app_start_time:2089980969193987, task_sched_time:2089986745125366
app_id: 0, app_name: SAR_api-aarch64, task_id: 1872, task_name: DASH_FFT, resource_name: cpu3, ref_start_time: 2089986748711867, ref_stop_time: 2089986748781017, actual_exe_time: 69150, task_app_start_time:2089980969193987, task_sched_time:2089986748646617
app_id: 0, app_name: SAR_api-aarch64, task_id: 1873, task_name: DASH_ZIP, resource_name: zip1, ref_start_time: 2089986749582077, ref_stop_time: 2089986750110137, actual_exe_time: 528060, task_app_start_time:2089980969193987, task_sched_time:2089986749575327
app_id: 0, app_name: SAR_api-aarch64, task_id: 1874, task_name: DASH_FFT, resource_name: cpu1, ref_start_time: 2089986750431647, ref_stop_time: 2089986750477967, actual_exe_time: 46320, task_app_start_time:2089980969193987, task_sched_time:2089986750428827
app_id: 0, app_name: SAR_api-aarch64, task_id: 1875, task_name: DASH_ZIP, resource_name: cpu2, ref_start_time: 2089986752284418, ref_stop_time: 2089986752361518, actual_exe_time: 77100, task_app_start_time:2089980969193987, task_sched_time:2089986751098397
app_id: 0, app_name: SAR_api-aarch64, task_id: 1876, task_name: DASH_FFT, resource_name: cpu3, ref_start_time: 2089986752833658, ref_stop_time: 2089986752901338, actual_exe_time: 67680, task_app_start_time:2089980969193987, task_sched_time:2089986752830958
app_id: 0, app_name: SAR_api-aarch64, task_id: 1877, task_name: DASH_ZIP, resource_name: zip1, ref_start_time: 2089986753730268, ref_stop_time: 2089986753854378, actual_exe_time: 124110, task_app_start_time:2089980969193987, task_sched_time:2089986753680318
app_id: 0, app_name: SAR_api-aarch64, task_id: 1878, task_name: DASH_FFT, resource_name: cpu1, ref_start_time: 2089986754484918, ref_stop_time: 2089986754533158, actual_exe_time: 48240, task_app_start_time:2089980969193987, task_sched_time:2089986754400618
app_id: 0, app_name: SAR_api-aarch64, task_id: 1879, task_name: DASH_ZIP, resource_name: cpu2, ref_start_time: 2089986755201678, ref_stop_time: 2089986755278628, actual_exe_time: 76950, task_app_start_time:2089980969193987, task_sched_time:2089986755057708
app_id: 0, app_name: SAR_api-aarch64, task_id: 1880, task_name: DASH_FFT, resource_name: cpu3, ref_start_time: 2089986756344948, ref_stop_time: 2089986756411638, actual_exe_time: 66690, task_app_start_time:2089980969193987, task_sched_time:2089986756339218
app_id: 0, app_name: SAR_api-aarch64, task_id: 1881, task_name: DASH_ZIP, resource_name: zip1, ref_start_time: 2089986761003409, ref_stop_time: 2089986761130759, actual_exe_time: 127350, task_app_start_time:2089980969193987, task_sched_time:2089986760939539
app_id: 0, app_name: SAR_api-aarch64, task_id: 1882, task_name: DASH_FFT, resource_name: cpu1, ref_start_time: 2089986768304180, ref_stop_time: 2089986768359140, actual_exe_time: 54960, task_app_start_time:2089980969193987, task_sched_time:2089986768296560
app_id: 0, app_name: SAR_api-aarch64, task_id: 1883, task_name: DASH_ZIP, resource_name: cpu2, ref_start_time: 2089986769613200, ref_stop_time: 2089986769690180, actual_exe_time: 76980, task_app_start_time:2089980969193987, task_sched_time:2089986769608310
app_id: 0, app_name: SAR_api-aarch64, task_id: 1884, task_name: DASH_FFT, resource_name: cpu3, ref_start_time: 2089986772510661, ref_stop_time: 2089986772583381, actual_exe_time: 72720, task_app_start_time:2089980969193987, task_sched_time:2089986772502561
app_id: 0, app_name: SAR_api-aarch64, task_id: 1885, task_name: DASH_ZIP, resource_name: zip1, ref_start_time: 2089986780562242, ref_stop_time: 2089986781064742, actual_exe_time: 502500, task_app_start_time:2089980969193987, task_sched_time:2089986780486042
app_id: 0, app_name: SAR_api-aarch64, task_id: 1886, task_name: DASH_FFT, resource_name: cpu1, ref_start_time: 2089986783171253, ref_stop_time: 2089986783223333, actual_exe_time: 52080, task_app_start_time:2089980969193987, task_sched_time:2089986783144043
app_id: 0, app_name: SAR_api-aarch64, task_id: 1887, task_name: DASH_ZIP, resource_name: cpu2, ref_start_time: 2089986783903103, ref_stop_time: 2089986783981883, actual_exe_time: 78780, task_app_start_time:2089980969193987, task_sched_time:2089986783752053
app_id: 0, app_name: SAR_api-aarch64, task_id: 1888, task_name: DASH_FFT, resource_name: cpu3, ref_start_time: 2089986788676013, ref_stop_time: 2089986788746124, actual_exe_time: 70111, task_app_start_time:2089980969193987, task_sched_time:2089986788590453
app_id: 0, app_name: SAR_api-aarch64, task_id: 1889, task_name: DASH_ZIP, resource_name: zip1, ref_start_time: 2089986792468344, ref_stop_time: 2089986792591404, actual_exe_time: 123060, task_app_start_time:2089980969193987, task_sched_time:2089986792455444
app_id: 0, app_name: SAR_api-aarch64, task_id: 1890, task_name: DASH_FFT, resource_name: cpu1, ref_start_time: 2089986796622355, ref_stop_time: 2089986796671375, actual_exe_time: 49020, task_app_start_time:2089980969193987, task_sched_time:2089986796610865
app_id: 0, app_name: SAR_api-aarch64, task_id: 1891, task_name: DASH_ZIP, resource_name: cpu2, ref_start_time: 2089986797473935, ref_stop_time: 2089986797553735, actual_exe_time: 79800, task_app_start_time:2089980969193987, task_sched_time:2089986797464275
app_id: 0, app_name: SAR_api-aarch64, task_id: 1892, task_name: DASH_FFT, resource_name: cpu3, ref_start_time: 2089986800746065, ref_stop_time: 2089986800812845, actual_exe_time: 66780, task_app_start_time:2089980969193987, task_sched_time:2089986800735955
app_id: 0, app_name: SAR_api-aarch64, task_id: 1893, task_name: DASH_ZIP, resource_name: zip1, ref_start_time: 2089986808530017, ref_stop_time: 2089986808654577, actual_exe_time: 124560, task_app_start_time:2089980969193987, task_sched_time:2089986808517357
app_id: 0, app_name: SAR_api-aarch64, task_id: 1894, task_name: DASH_FFT, resource_name: cpu1, ref_start_time: 2089986810998597, ref_stop_time: 2089986811050317, actual_exe_time: 51720, task_app_start_time:2089980969193987, task_sched_time:2089986810987377
app_id: 0, app_name: SAR_api-aarch64, task_id: 1895, task_name: DASH_ZIP, resource_name: cpu2, ref_start_time: 2089986816472308, ref_stop_time: 2089986816560958, actual_exe_time: 88650, task_app_start_time:2089980969193987, task_sched_time:2089986816461058
app_id: 0, app_name: SAR_api-aarch64, task_id: 1896, task_name: DASH_FFT, resource_name: cpu3, ref_start_time: 2089986816988248, ref_stop_time: 2089986817052928, actual_exe_time: 64680, task_app_start_time:2089980969193987, task_sched_time:2089986816978258
app_id: 0, app_name: SAR_api-aarch64, task_id: 1897, task_name: DASH_ZIP, resource_name: zip1, ref_start_time: 2089986824065519, ref_stop_time: 2089986824187409, actual_exe_time: 121890, task_app_start_time:2089980969193987, task_sched_time:2089986824056789
app_id: 0, app_name: SAR_api-aarch64, task_id: 1898, task_name: DASH_FFT, resource_name: cpu1, ref_start_time: 2089986824958229, ref_stop_time: 2089986825009919, actual_exe_time: 51690, task_app_start_time:2089980969193987, task_sched_time:2089986824944189
app_id: 0, app_name: SAR_api-aarch64, task_id: 1899, task_name: DASH_ZIP, resource_name: cpu2, ref_start_time: 2089986828387770, ref_stop_time: 2089986828471800, actual_exe_time: 84030, task_app_start_time:2089980969193987, task_sched_time:2089986828381800
app_id: 0, app_name: SAR_api-aarch64, task_id: 1900, task_name: DASH_FFT, resource_name: cpu3, ref_start_time: 2089986832394661, ref_stop_time: 2089986832462701, actual_exe_time: 68040, task_app_start_time:2089980969193987, task_sched_time:2089986832388451
app_id: 0, app_name: SAR_api-aarch64, task_id: 1901, task_name: DASH_ZIP, resource_name: zip1, ref_start_time: 2089986836709441, ref_stop_time: 2089986836831001, actual_exe_time: 121560, task_app_start_time:2089980969193987, task_sched_time:2089986836696121
app_id: 0, app_name: SAR_api-aarch64, task_id: 1902, task_name: DASH_FFT, resource_name: cpu1, ref_start_time: 2089986839301082, ref_stop_time: 2089986839352382, actual_exe_time: 51300, task_app_start_time:2089980969193987, task_sched_time:2089986839266882
app_id: 0, app_name: SAR_api-aarch64, task_id: 1903, task_name: DASH_ZIP, resource_name: cpu2, ref_start_time: 2089986839898352, ref_stop_time: 2089986840222982, actual_exe_time: 324630, task_app_start_time:2089980969193987, task_sched_time:2089986839893132
app_id: 0, app_name: SAR_api-aarch64, task_id: 1904, task_name: DASH_FFT, resource_name: cpu3, ref_start_time: 2089986844475902, ref_stop_time: 2089986844542472, actual_exe_time: 66570, task_app_start_time:2089980969193987, task_sched_time:2089986844466632
app_id: 0, app_name: SAR_api-aarch64, task_id: 1905, task_name: DASH_ZIP, resource_name: zip1, ref_start_time: 2089986852141264, ref_stop_time: 2089986852279954, actual_exe_time: 138690, task_app_start_time:2089980969193987, task_sched_time:2089986852132444
app_id: 0, app_name: SAR_api-aarch64, task_id: 1906, task_name: DASH_FFT, resource_name: cpu1, ref_start_time: 2089986852508914, ref_stop_time: 2089986852558924, actual_exe_time: 50010, task_app_start_time:2089980969193987, task_sched_time:2089986852501054
app_id: 0, app_name: SAR_api-aarch64, task_id: 1907, task_name: DASH_ZIP, resource_name: cpu2, ref_start_time: 2089986853362084, ref_stop_time: 2089986853441554, actual_exe_time: 79470, task_app_start_time:2089980969193987, task_sched_time:2089986853352784
app_id: 0, app_name: SAR_api-aarch64, task_id: 1908, task_name: DASH_FFT, resource_name: cpu3, ref_start_time: 2089986856443084, ref_stop_time: 2089986856510764, actual_exe_time: 67680, task_app_start_time:2089980969193987, task_sched_time:2089986856437624
app_id: 0, app_name: SAR_api-aarch64, task_id: 1909, task_name: DASH_ZIP, resource_name: zip1, ref_start_time: 2089986860800075, ref_stop_time: 2089986860923645, actual_exe_time: 123570, task_app_start_time:2089980969193987, task_sched_time:2089986860795005
app_id: 0, app_name: SAR_api-aarch64, task_id: 1910, task_name: DASH_FFT, resource_name: cpu1, ref_start_time: 2089986864448556, ref_stop_time: 2089986864499676, actual_exe_time: 51120, task_app_start_time:2089980969193987, task_sched_time:2089986864385406
app_id: 0, app_name: SAR_api-aarch64, task_id: 1911, task_name: DASH_ZIP, resource_name: cpu2, ref_start_time: 2089986866322806, ref_stop_time: 2089986866403176, actual_exe_time: 80370, task_app_start_time:2089980969193987, task_sched_time:2089986866312846
app_id: 0, app_name: SAR_api-aarch64, task_id: 1912, task_name: DASH_FFT, resource_name: cpu3, ref_start_time: 2089986867404546, ref_stop_time: 2089986867466916, actual_exe_time: 62370, task_app_start_time:2089980969193987, task_sched_time:2089986867396206
app_id: 0, app_name: SAR_api-aarch64, task_id: 1913, task_name: DASH_ZIP, resource_name: zip1, ref_start_time: 2089986872876367, ref_stop_time: 2089986873002967, actual_exe_time: 126600, task_app_start_time:2089980969193987, task_sched_time:2089986872820687
app_id: 0, app_name: SAR_api-aarch64, task_id: 1914, task_name: DASH_FFT, resource_name: cpu1, ref_start_time: 2089986879799558, ref_stop_time: 2089986879855208, actual_exe_time: 55650, task_app_start_time:2089980969193987, task_sched_time:2089986879793978
app_id: 0, app_name: SAR_api-aarch64, task_id: 1915, task_name: DASH_ZIP, resource_name: cpu2, ref_start_time: 2089986880880368, ref_stop_time: 2089986880961968, actual_exe_time: 81600, task_app_start_time:2089980969193987, task_sched_time:2089986880869868
app_id: 0, app_name: SAR_api-aarch64, task_id: 1916, task_name: DASH_FFT, resource_name: cpu3, ref_start_time: 2089986884744039, ref_stop_time: 2089986884809919, actual_exe_time: 65880, task_app_start_time:2089980969193987, task_sched_time:2089986884736179
app_id: 0, app_name: SAR_api-aarch64, task_id: 1917, task_name: DASH_ZIP, resource_name: zip1, ref_start_time: 2089986892373220, ref_stop_time: 2089986892497450, actual_exe_time: 124230, task_app_start_time:2089980969193987, task_sched_time:2089986892364040
app_id: 0, app_name: SAR_api-aarch64, task_id: 1918, task_name: DASH_FFT, resource_name: cpu1, ref_start_time: 2089986893893200, ref_stop_time: 2089986893949720, actual_exe_time: 56520, task_app_start_time:2089980969193987, task_sched_time:2089986893884620
app_id: 0, app_name: SAR_api-aarch64, task_id: 1919, task_name: DASH_ZIP, resource_name: cpu2, ref_start_time: 2089986894764401, ref_stop_time: 2089986894843721, actual_exe_time: 79320, task_app_start_time:2089980969193987, task_sched_time:2089986894754801
app_id: 0, app_name: SAR_api-aarch64, task_id: 1920, task_name: DASH_FFT, resource_name: cpu3, ref_start_time: 2089986900708272, ref_stop_time: 2089986900783572, actual_exe_time: 75300, task_app_start_time:2089980969193987, task_sched_time:2089986900697382
app_id: 0, app_name: SAR_api-aarch64, task_id: 1921, task_name: DASH_ZIP, resource_name: zip1, ref_start_time: 2089986904430642, ref_stop_time: 2089986904552022, actual_exe_time: 121380, task_app_start_time:2089980969193987, task_sched_time:2089986904425752
app_id: 0, app_name: SAR_api-aarch64, task_id: 1922, task_name: DASH_FFT, resource_name: cpu1, ref_start_time: 2089986908055123, ref_stop_time: 2089986908105943, actual_exe_time: 50820, task_app_start_time:2089980969193987, task_sched_time:2089986908048163
app_id: 0, app_name: SAR_api-aarch64, task_id: 1923, task_name: DASH_ZIP, resource_name: cpu2, ref_start_time: 2089986912714963, ref_stop_time: 2089986912799533, actual_exe_time: 84570, task_app_start_time:2089980969193987, task_sched_time:2089986911659623
app_id: 0, app_name: SAR_api-aarch64, task_id: 1924, task_name: DASH_FFT, resource_name: cpu3, ref_start_time: 2089986916564804, ref_stop_time: 2089986916629364, actual_exe_time: 64560, task_app_start_time:2089980969193987, task_sched_time:2089986916466794
app_id: 0, app_name: SAR_api-aarch64, task_id: 1925, task_name: DASH_ZIP, resource_name: zip1, ref_start_time: 2089986920520545, ref_stop_time: 2089986920642735, actual_exe_time: 122190, task_app_start_time:2089980969193987, task_sched_time:2089986920510165
app_id: 0, app_name: SAR_api-aarch64, task_id: 1926, task_name: DASH_FFT, resource_name: cpu1, ref_start_time: 2089986921963245, ref_stop_time: 2089986922041335, actual_exe_time: 78090, task_app_start_time:2089980969193987, task_sched_time:2089986921952895
app_id: 0, app_name: SAR_api-aarch64, task_id: 1927, task_name: DASH_ZIP, resource_name: cpu2, ref_start_time: 2089986928676556, ref_stop_time: 2089986928762746, actual_exe_time: 86190, task_app_start_time:2089980969193987, task_sched_time:2089986928668486
app_id: 0, app_name: SAR_api-aarch64, task_id: 1928, task_name: DASH_FFT, resource_name: cpu3, ref_start_time: 2089986929208546, ref_stop_time: 2089986929272896, actual_exe_time: 64350, task_app_start_time:2089980969193987, task_sched_time:2089986929203206
app_id: 0, app_name: SAR_api-aarch64, task_id: 1929, task_name: DASH_ZIP, resource_name: zip1, ref_start_time: 2089986932378077, ref_stop_time: 2089986932497657, actual_exe_time: 119580, task_app_start_time:2089980969193987, task_sched_time:2089986932372347
app_id: 0, app_name: SAR_api-aarch64, task_id: 1930, task_name: DASH_FFT, resource_name: cpu1, ref_start_time: 2089986935353897, ref_stop_time: 2089986935406637, actual_exe_time: 52740, task_app_start_time:2089980969193987, task_sched_time:2089986935248177
app_id: 0, app_name: SAR_api-aarch64, task_id: 1931, task_name: DASH_ZIP, resource_name: cpu2, ref_start_time: 2089986936425977, ref_stop_time: 2089986936507487, actual_exe_time: 81510, task_app_start_time:2089980969193987, task_sched_time:2089986936279397
app_id: 0, app_name: SAR_api-aarch64, task_id: 1932, task_name: DASH_FFT, resource_name: cpu3, ref_start_time: 2089986940709468, ref_stop_time: 2089986940777058, actual_exe_time: 67590, task_app_start_time:2089980969193987, task_sched_time:2089986940691708
app_id: 0, app_name: SAR_api-aarch64, task_id: 1933, task_name: DASH_ZIP, resource_name: zip1, ref_start_time: 2089986948495159, ref_stop_time: 2089986948619059, actual_exe_time: 123900, task_app_start_time:2089980969193987, task_sched_time:2089986948486819
app_id: 0, app_name: SAR_api-aarch64, task_id: 1934, task_name: DASH_FFT, resource_name: cpu1, ref_start_time: 2089986949910499, ref_stop_time: 2089986949962189, actual_exe_time: 51690, task_app_start_time:2089980969193987, task_sched_time:2089986949900389
app_id: 0, app_name: SAR_api-aarch64, task_id: 1935, task_name: DASH_ZIP, resource_name: cpu2, ref_start_time: 2089986952695760, ref_stop_time: 2089986952782280, actual_exe_time: 86520, task_app_start_time:2089980969193987, task_sched_time:2089986952685800
app_id: 0, app_name: SAR_api-aarch64, task_id: 1936, task_name: DASH_FFT, resource_name: cpu3, ref_start_time: 2089986956816531, ref_stop_time: 2089986956880731, actual_exe_time: 64200, task_app_start_time:2089980969193987, task_sched_time:2089986956792711
app_id: 0, app_name: SAR_api-aarch64, task_id: 1937, task_name: DASH_ZIP, resource_name: zip1, ref_start_time: 2089986962515211, ref_stop_time: 2089986962640191, actual_exe_time: 124980, task_app_start_time:2089980969193987, task_sched_time:2089986962501771
app_id: 0, app_name: SAR_api-aarch64, task_id: 1938, task_name: DASH_FFT, resource_name: cpu1, ref_start_time: 2089986963506412, ref_stop_time: 2089986963557502, actual_exe_time: 51090, task_app_start_time:2089980969193987, task_sched_time:2089986963502152
app_id: 0, app_name: SAR_api-aarch64, task_id: 1939, task_name: DASH_ZIP, resource_name: cpu2, ref_start_time: 2089986968538732, ref_stop_time: 2089986968874912, actual_exe_time: 336180, task_app_start_time:2089980969193987, task_sched_time:2089986968532342
app_id: 0, app_name: SAR_api-aarch64, task_id: 1940, task_name: DASH_FFT, resource_name: cpu3, ref_start_time: 2089986972708883, ref_stop_time: 2089986972774463, actual_exe_time: 65580, task_app_start_time:2089980969193987, task_sched_time:2089986972634093
app_id: 0, app_name: SAR_api-aarch64, task_id: 1941, task_name: DASH_ZIP, resource_name: zip1, ref_start_time: 2089986976442324, ref_stop_time: 2089986976563104, actual_exe_time: 120780, task_app_start_time:2089980969193987, task_sched_time:2089986976433384
app_id: 0, app_name: SAR_api-aarch64, task_id: 1942, task_name: DASH_FFT, resource_name: cpu1, ref_start_time: 2089986977556194, ref_stop_time: 2089986977606924, actual_exe_time: 50730, task_app_start_time:2089980969193987, task_sched_time:2089986977549774
app_id: 0, app_name: SAR_api-aarch64, task_id: 1943, task_name: DASH_ZIP, resource_name: cpu2, ref_start_time: 2089986980402474, ref_stop_time: 2089986980486714, actual_exe_time: 84240, task_app_start_time:2089980969193987, task_sched_time:2089986980394854
app_id: 0, app_name: SAR_api-aarch64, task_id: 1944, task_name: DASH_FFT, resource_name: cpu3, ref_start_time: 2089986984356475, ref_stop_time: 2089986984636825, actual_exe_time: 280350, task_app_start_time:2089980969193987, task_sched_time:2089986984346275
app_id: 0, app_name: SAR_api-aarch64, task_id: 1945, task_name: DASH_ZIP, resource_name: zip1, ref_start_time: 2089986990634966, ref_stop_time: 2089986990758056, actual_exe_time: 123090, task_app_start_time:2089980969193987, task_sched_time:2089986990612976
app_id: 0, app_name: SAR_api-aarch64, task_id: 1946, task_name: DASH_FFT, resource_name: cpu1, ref_start_time: 2089986991596256, ref_stop_time: 2089986991654216, actual_exe_time: 57960, task_app_start_time:2089980969193987, task_sched_time:2089986991589776
app_id: 0, app_name: SAR_api-aarch64, task_id: 1947, task_name: DASH_ZIP, resource_name: cpu2, ref_start_time: 2089986991907416, ref_stop_time: 2089986991987306, actual_exe_time: 79890, task_app_start_time:2089980969193987, task_sched_time:2089986991855396
app_id: 0, app_name: SAR_api-aarch64, task_id: 1948, task_name: DASH_FFT, resource_name: cpu3, ref_start_time: 2089986996816677, ref_stop_time: 2089986996883457, actual_exe_time: 66780, task_app_start_time:2089980969193987, task_sched_time:2089986996803117
app_id: 0, app_name: SAR_api-aarch64, task_id: 1949, task_name: DASH_ZIP, resource_name: zip1, ref_start_time: 2089987003955778, ref_stop_time: 2089987004079048, actual_exe_time: 123270, task_app_start_time:2089980969193987, task_sched_time:2089987003947258
app_id: 0, app_name: SAR_api-aarch64, task_id: 1950, task_name: DASH_FFT, resource_name: cpu1, ref_start_time: 2089987005459108, ref_stop_time: 2089987005512268, actual_exe_time: 53160, task_app_start_time:2089980969193987, task_sched_time:2089987005446778
app_id: 0, app_name: SAR_api-aarch64, task_id: 1951, task_name: DASH_ZIP, resource_name: cpu2, ref_start_time: 2089987012396489, ref_stop_time: 2089987012481390, actual_exe_time: 84901, task_app_start_time:2089980969193987, task_sched_time:2089987012388299
app_id: 0, app_name: SAR_api-aarch64, task_id: 1952, task_name: DASH_FFT, resource_name: cpu3, ref_start_time: 2089987016330780, ref_stop_time: 2089987016399330, actual_exe_time: 68550, task_app_start_time:2089980969193987, task_sched_time:2089987016320610
app_id: 0, app_name: SAR_api-aarch64, task_id: 1953, task_name: DASH_ZIP, resource_name: zip1, ref_start_time: 2089987018830501, ref_stop_time: 2089987018958001, actual_exe_time: 127500, task_app_start_time:2089980969193987, task_sched_time:2089987018824711
app_id: 0, app_name: SAR_api-aarch64, task_id: 1954, task_name: DASH_FFT, resource_name: cpu1, ref_start_time: 2089987024916602, ref_stop_time: 2089987024970872, actual_exe_time: 54270, task_app_start_time:2089980969193987, task_sched_time:2089987024843941
app_id: 0, app_name: SAR_api-aarch64, task_id: 1955, task_name: DASH_ZIP, resource_name: cpu2, ref_start_time: 2089987031255903, ref_stop_time: 2089987031338463, actual_exe_time: 82560, task_app_start_time:2089980969193987, task_sched_time:2089987031245553
app_id: 0, app_name: SAR_api-aarch64, task_id: 1956, task_name: DASH_FFT, resource_name: cpu3, ref_start_time: 2089987031557493, ref_stop_time: 2089987031618063, actual_exe_time: 60570, task_app_start_time:2089980969193987, task_sched_time:2089987031504813
app_id: 0, app_name: SAR_api-aarch64, task_id: 1957, task_name: DASH_ZIP, resource_name: zip1, ref_start_time: 2089987033068953, ref_stop_time: 2089987033196213, actual_exe_time: 127260, task_app_start_time:2089980969193987, task_sched_time:2089987033062413
app_id: 0, app_name: SAR_api-aarch64, task_id: 1958, task_name: DASH_FFT, resource_name: cpu1, ref_start_time: 2089987040935944, ref_stop_time: 2089987040996784, actual_exe_time: 60840, task_app_start_time:2089980969193987, task_sched_time:2089987040925264
app_id: 0, app_name: SAR_api-aarch64, task_id: 1959, task_name: DASH_ZIP, resource_name: cpu2, ref_start_time: 2089987044333565, ref_stop_time: 2089987044414055, actual_exe_time: 80490, task_app_start_time:2089980969193987, task_sched_time:2089987044327175
app_id: 0, app_name: SAR_api-aarch64, task_id: 1960, task_name: DASH_FFT, resource_name: cpu3, ref_start_time: 2089987046083915, ref_stop_time: 2089987046152945, actual_exe_time: 69030, task_app_start_time:2089980969193987, task_sched_time:2089987046079505
app_id: 0, app_name: SAR_api-aarch64, task_id: 1961, task_name: DASH_ZIP, resource_name: zip1, ref_start_time: 2089987052720306, ref_stop_time: 2089987052845916, actual_exe_time: 125610, task_app_start_time:2089980969193987, task_sched_time:2089987052709176
app_id: 0, app_name: SAR_api-aarch64, task_id: 1962, task_name: DASH_FFT, resource_name: cpu1, ref_start_time: 2089987056387387, ref_stop_time: 2089987056438927, actual_exe_time: 51540, task_app_start_time:2089980969193987, task_sched_time:2089987056378417
app_id: 0, app_name: SAR_api-aarch64, task_id: 1963, task_name: DASH_ZIP, resource_name: cpu2, ref_start_time: 2089987059436197, ref_stop_time: 2089987059517737, actual_exe_time: 81540, task_app_start_time:2089980969193987, task_sched_time:2089987059429987
app_id: 0, app_name: SAR_api-aarch64, task_id: 1964, task_name: DASH_FFT, resource_name: cpu3, ref_start_time: 2089987063370398, ref_stop_time: 2089987063439488, actual_exe_time: 69090, task_app_start_time:2089980969193987, task_sched_time:2089987063359658
app_id: 0, app_name: SAR_api-aarch64, task_id: 1965, task_name: DASH_ZIP, resource_name: zip1, ref_start_time: 2089987063846828, ref_stop_time: 2089987063970338, actual_exe_time: 123510, task_app_start_time:2089980969193987, task_sched_time:2089987063842388
app_id: 0, app_name: SAR_api-aarch64, task_id: 1966, task_name: DASH_FFT, resource_name: cpu1, ref_start_time: 2089987072300859, ref_stop_time: 2089987072352159, actual_exe_time: 51300, task_app_start_time:2089980969193987, task_sched_time:2089987072287479
app_id: 0, app_name: SAR_api-aarch64, task_id: 1967, task_name: DASH_ZIP, resource_name: cpu2, ref_start_time: 2089987073039369, ref_stop_time: 2089987073119709, actual_exe_time: 80340, task_app_start_time:2089980969193987, task_sched_time:2089987073034329
app_id: 0, app_name: SAR_api-aarch64, task_id: 1968, task_name: DASH_FFT, resource_name: cpu3, ref_start_time: 2089987076477280, ref_stop_time: 2089987076547630, actual_exe_time: 70350, task_app_start_time:2089980969193987, task_sched_time:2089987076400810
app_id: 0, app_name: SAR_api-aarch64, task_id: 1969, task_name: DASH_ZIP, resource_name: zip1, ref_start_time: 2089987084564501, ref_stop_time: 2089987084690741, actual_exe_time: 126240, task_app_start_time:2089980969193987, task_sched_time:2089987084558141
app_id: 0, app_name: SAR_api-aarch64, task_id: 1970, task_name: DASH_FFT, resource_name: cpu1, ref_start_time: 2089987084925041, ref_stop_time: 2089987084974511, actual_exe_time: 49470, task_app_start_time:2089980969193987, task_sched_time:2089987084914031
app_id: 0, app_name: SAR_api-aarch64, task_id: 1971, task_name: DASH_ZIP, resource_name: cpu2, ref_start_time: 2089987087130732, ref_stop_time: 2089987087210172, actual_exe_time: 79440, task_app_start_time:2089980969193987, task_sched_time:2089987087124072
app_id: 0, app_name: SAR_api-aarch64, task_id: 1972, task_name: DASH_FFT, resource_name: cpu3, ref_start_time: 2089987088398172, ref_stop_time: 2089987088466212, actual_exe_time: 68040, task_app_start_time:2089980969193987, task_sched_time:2089987088341142
app_id: 0, app_name: SAR_api-aarch64, task_id: 1973, task_name: DASH_ZIP, resource_name: zip1, ref_start_time: 2089987096539543, ref_stop_time: 2089987096664583, actual_exe_time: 125040, task_app_start_time:2089980969193987, task_sched_time:2089987096534773
app_id: 0, app_name: SAR_api-aarch64, task_id: 1974, task_name: DASH_FFT, resource_name: cpu1, ref_start_time: 2089987100167894, ref_stop_time: 2089987100219584, actual_exe_time: 51690, task_app_start_time:2089980969193987, task_sched_time:2089987100161744
app_id: 0, app_name: SAR_api-aarch64, task_id: 1975, task_name: DASH_ZIP, resource_name: cpu2, ref_start_time: 2089987101088834, ref_stop_time: 2089987101169804, actual_exe_time: 80970, task_app_start_time:2089980969193987, task_sched_time:2089987101082444
app_id: 0, app_name: SAR_api-aarch64, task_id: 1976, task_name: DASH_FFT, resource_name: cpu3, ref_start_time: 2089987104509284, ref_stop_time: 2089987104578554, actual_exe_time: 69270, task_app_start_time:2089980969193987, task_sched_time:2089987104394774
app_id: 0, app_name: SAR_api-aarch64, task_id: 1977, task_name: DASH_ZIP, resource_name: zip1, ref_start_time: 2089987108431695, ref_stop_time: 2089987108557725, actual_exe_time: 126030, task_app_start_time:2089980969193987, task_sched_time:2089987108425005
app_id: 0, app_name: SAR_api-aarch64, task_id: 1978, task_name: DASH_FFT, resource_name: cpu1, ref_start_time: 2089987112412846, ref_stop_time: 2089987112464056, actual_exe_time: 51210, task_app_start_time:2089980969193987, task_sched_time:2089987112401746
app_id: 0, app_name: SAR_api-aarch64, task_id: 1979, task_name: DASH_ZIP, resource_name: cpu2, ref_start_time: 2089987114626846, ref_stop_time: 2089987114707936, actual_exe_time: 81090, task_app_start_time:2089980969193987, task_sched_time:2089987114621146
app_id: 0, app_name: SAR_api-aarch64, task_id: 1980, task_name: DASH_FFT, resource_name: cpu3, ref_start_time: 2089987120472047, ref_stop_time: 2089987120551847, actual_exe_time: 79800, task_app_start_time:2089980969193987, task_sched_time:2089987120390537
app_id: 0, app_name: SAR_api-aarch64, task_id: 1981, task_name: DASH_ZIP, resource_name: zip1, ref_start_time: 2089987124495378, ref_stop_time: 2089987124622308, actual_exe_time: 126930, task_app_start_time:2089980969193987, task_sched_time:2089987124452868
app_id: 0, app_name: SAR_api-aarch64, task_id: 1982, task_name: DASH_FFT, resource_name: cpu1, ref_start_time: 2089987127448218, ref_stop_time: 2089987127499038, actual_exe_time: 50820, task_app_start_time:2089980969193987, task_sched_time:2089987127437928
app_id: 0, app_name: SAR_api-aarch64, task_id: 1983, task_name: DASH_ZIP, resource_name: cpu2, ref_start_time: 2089987128537668, ref_stop_time: 2089987128617138, actual_exe_time: 79470, task_app_start_time:2089980969193987, task_sched_time:2089987128527828
app_id: 0, app_name: SAR_api-aarch64, task_id: 1984, task_name: DASH_FFT, resource_name: cpu3, ref_start_time: 2089987132110969, ref_stop_time: 2089987132180359, actual_exe_time: 69390, task_app_start_time:2089980969193987, task_sched_time:2089987132103949
app_id: 0, app_name: SAR_api-aarch64, task_id: 1985, task_name: DASH_ZIP, resource_name: zip1, ref_start_time: 2089987136545329, ref_stop_time: 2089987136670999, actual_exe_time: 125670, task_app_start_time:2089980969193987, task_sched_time:2089987136497629
app_id: 0, app_name: SAR_api-aarch64, task_id: 1986, task_name: DASH_FFT, resource_name: cpu1, ref_start_time: 2089987140944530, ref_stop_time: 2089987140994450, actual_exe_time: 49920, task_app_start_time:2089980969193987, task_sched_time:2089987140931900
app_id: 0, app_name: SAR_api-aarch64, task_id: 1987, task_name: DASH_ZIP, resource_name: cpu2, ref_start_time: 2089987142799610, ref_stop_time: 2089987142880580, actual_exe_time: 80970, task_app_start_time:2089980969193987, task_sched_time:2089987142794060
app_id: 0, app_name: SAR_api-aarch64, task_id: 1988, task_name: DASH_FFT, resource_name: cpu3, ref_start_time: 2089987148400761, ref_stop_time: 2089987148474741, actual_exe_time: 73980, task_app_start_time:2089980969193987, task_sched_time:2089987148387531
app_id: 0, app_name: SAR_api-aarch64, task_id: 1989, task_name: DASH_ZIP, resource_name: zip1, ref_start_time: 2089987152586962, ref_stop_time: 2089987152709422, actual_exe_time: 122460, task_app_start_time:2089980969193987, task_sched_time:2089987152565092
app_id: 0, app_name: SAR_api-aarch64, task_id: 1990, task_name: DASH_FFT, resource_name: cpu1, ref_start_time: 2089987155638323, ref_stop_time: 2089987155688603, actual_exe_time: 50280, task_app_start_time:2089980969193987, task_sched_time:2089987155625033
app_id: 0, app_name: SAR_api-aarch64, task_id: 1991, task_name: DASH_ZIP, resource_name: cpu2, ref_start_time: 2089987156578643, ref_stop_time: 2089987156900843, actual_exe_time: 322200, task_app_start_time:2089980969193987, task_sched_time:2089987156574353
app_id: 0, app_name: SAR_api-aarch64, task_id: 1992, task_name: DASH_FFT, resource_name: cpu3, ref_start_time: 2089987160663203, ref_stop_time: 2089987160737033, actual_exe_time: 73830, task_app_start_time:2089980969193987, task_sched_time:2089987160658013
app_id: 0, app_name: SAR_api-aarch64, task_id: 1993, task_name: DASH_ZIP, resource_name: zip1, ref_start_time: 2089987168299585, ref_stop_time: 2089987168426815, actual_exe_time: 127230, task_app_start_time:2089980969193987, task_sched_time:2089987168289715
app_id: 0, app_name: SAR_api-aarch64, task_id: 1994, task_name: DASH_FFT, resource_name: cpu1, ref_start_time: 2089987168922055, ref_stop_time: 2089987168972665, actual_exe_time: 50610, task_app_start_time:2089980969193987, task_sched_time:2089987168916775
app_id: 0, app_name: SAR_api-aarch64, task_id: 1995, task_name: DASH_ZIP, resource_name: cpu2, ref_start_time: 2089987170398535, ref_stop_time: 2089987170478575, actual_exe_time: 80040, task_app_start_time:2089980969193987, task_sched_time:2089987170390705
app_id: 0, app_name: SAR_api-aarch64, task_id: 1996, task_name: DASH_FFT, resource_name: cpu3, ref_start_time: 2089987171126455, ref_stop_time: 2089987171192005, actual_exe_time: 65550, task_app_start_time:2089980969193987, task_sched_time:2089987171112535
app_id: 0, app_name: SAR_api-aarch64, task_id: 1997, task_name: DASH_ZIP, resource_name: zip1, ref_start_time: 2089987174731436, ref_stop_time: 2089987174860526, actual_exe_time: 129090, task_app_start_time:2089980969193987, task_sched_time:2089987174683646
app_id: 0, app_name: SAR_api-aarch64, task_id: 1998, task_name: DASH_FFT, resource_name: cpu1, ref_start_time: 2089987180778207, ref_stop_time: 2089987180831007, actual_exe_time: 52800, task_app_start_time:2089980969193987, task_sched_time:2089987180771487
app_id: 0, app_name: SAR_api-aarch64, task_id: 1999, task_name: DASH_ZIP, resource_name: cpu2, ref_start_time: 2089987183451717, ref_stop_time: 2089987183533017, actual_exe_time: 81300, task_app_start_time:2089980969193987, task_sched_time:2089987183442177
app_id: 0, app_name: SAR_api-aarch64, task_id: 2000, task_name: DASH_FFT, resource_name: cpu3, ref_start_time: 2089987183945007, ref_stop_time: 2089987184011277, actual_exe_time: 66270, task_app_start_time:2089980969193987, task_sched_time:2089987183941467
app_id: 0, app_name: SAR_api-aarch64, task_id: 2001, task_name: DASH_ZIP, resource_name: zip1, ref_start_time: 2089987188177078, ref_stop_time: 2089987188667818, actual_exe_time: 490740, task_app_start_time:2089980969193987, task_sched_time:2089987188170598
app_id: 0, app_name: SAR_api-aarch64, task_id: 2002, task_name: DASH_FFT, resource_name: cpu1, ref_start_time: 2089987192573398, ref_stop_time: 2089987192626498, actual_exe_time: 53100, task_app_start_time:2089980969193987, task_sched_time:2089987192563948
app_id: 0, app_name: SAR_api-aarch64, task_id: 2003, task_name: DASH_ZIP, resource_name: cpu2, ref_start_time: 2089987198212199, ref_stop_time: 2089987198295179, actual_exe_time: 82980, task_app_start_time:2089980969193987, task_sched_time:2089987198201009
app_id: 0, app_name: SAR_api-aarch64, task_id: 2004, task_name: DASH_FFT, resource_name: cpu3, ref_start_time: 2089987198725709, ref_stop_time: 2089987198794109, actual_exe_time: 68400, task_app_start_time:2089980969193987, task_sched_time:2089987198714699
app_id: 0, app_name: SAR_api-aarch64, task_id: 2005, task_name: DASH_ZIP, resource_name: zip1, ref_start_time: 2089987204577000, ref_stop_time: 2089987204702400, actual_exe_time: 125400, task_app_start_time:2089980969193987, task_sched_time:2089987204515830
app_id: 0, app_name: SAR_api-aarch64, task_id: 2006, task_name: DASH_FFT, resource_name: cpu1, ref_start_time: 2089987208416611, ref_stop_time: 2089987208469231, actual_exe_time: 52620, task_app_start_time:2089980969193987, task_sched_time:2089987208404491
app_id: 0, app_name: SAR_api-aarch64, task_id: 2007, task_name: DASH_ZIP, resource_name: cpu2, ref_start_time: 2089987212143992, ref_stop_time: 2089987212225502, actual_exe_time: 81510, task_app_start_time:2089980969193987, task_sched_time:2089987212135802
app_id: 0, app_name: SAR_api-aarch64, task_id: 2008, task_name: DASH_FFT, resource_name: cpu3, ref_start_time: 2089987216416232, ref_stop_time: 2089987216489882, actual_exe_time: 73650, task_app_start_time:2089980969193987, task_sched_time:2089987216397482
app_id: 0, app_name: SAR_api-aarch64, task_id: 2009, task_name: DASH_ZIP, resource_name: zip1, ref_start_time: 2089987216818322, ref_stop_time: 2089987216941112, actual_exe_time: 122790, task_app_start_time:2089980969193987, task_sched_time:2089987216814962
app_id: 0, app_name: SAR_api-aarch64, task_id: 2010, task_name: DASH_FFT, resource_name: cpu1, ref_start_time: 2089987224412134, ref_stop_time: 2089987224462954, actual_exe_time: 50820, task_app_start_time:2089980969193987, task_sched_time:2089987224408234
app_id: 0, app_name: SAR_api-aarch64, task_id: 2011, task_name: DASH_ZIP, resource_name: cpu2, ref_start_time: 2089987226142744, ref_stop_time: 2089987226224854, actual_exe_time: 82110, task_app_start_time:2089980969193987, task_sched_time:2089987226135964
app_id: 0, app_name: SAR_api-aarch64, task_id: 2012, task_name: DASH_FFT, resource_name: cpu3, ref_start_time: 2089987227010854, ref_stop_time: 2089987227076464, actual_exe_time: 65610, task_app_start_time:2089980969193987, task_sched_time:2089987226905614
app_id: 0, app_name: SAR_api-aarch64, task_id: 2013, task_name: DASH_ZIP, resource_name: zip1, ref_start_time: 2089987233102385, ref_stop_time: 2089987233226015, actual_exe_time: 123630, task_app_start_time:2089980969193987, task_sched_time:2089987233074455
app_id: 0, app_name: SAR_api-aarch64, task_id: 2014, task_name: DASH_FFT, resource_name: cpu1, ref_start_time: 2089987238798846, ref_stop_time: 2089987238852396, actual_exe_time: 53550, task_app_start_time:2089980969193987, task_sched_time:2089987238785526
app_id: 0, app_name: SAR_api-aarch64, task_id: 2015, task_name: DASH_ZIP, resource_name: cpu2, ref_start_time: 2089987239790736, ref_stop_time: 2089987239870986, actual_exe_time: 80250, task_app_start_time:2089980969193987, task_sched_time:2089987239786626
app_id: 0, app_name: SAR_api-aarch64, task_id: 2016, task_name: DASH_FFT, resource_name: cpu3, ref_start_time: 2089987240287146, ref_stop_time: 2089987240358426, actual_exe_time: 71280, task_app_start_time:2089980969193987, task_sched_time:2089987240223846
app_id: 0, app_name: SAR_api-aarch64, task_id: 2017, task_name: DASH_ZIP, resource_name: zip1, ref_start_time: 2089987248612808, ref_stop_time: 2089987248737878, actual_exe_time: 125070, task_app_start_time:2089980969193987, task_sched_time:2089987248476037
app_id: 0, app_name: SAR_api-aarch64, task_id: 2018, task_name: DASH_FFT, resource_name: cpu1, ref_start_time: 2089987253541388, ref_stop_time: 2089987253593798, actual_exe_time: 52410, task_app_start_time:2089980969193987, task_sched_time:2089987253535478
app_id: 0, app_name: SAR_api-aarch64, task_id: 2019, task_name: DASH_ZIP, resource_name: cpu2, ref_start_time: 2089987254161668, ref_stop_time: 2089987254241768, actual_exe_time: 80100, task_app_start_time:2089980969193987, task_sched_time:2089987254157678
app_id: 0, app_name: SAR_api-aarch64, task_id: 2020, task_name: DASH_FFT, resource_name: cpu3, ref_start_time: 2089987260538589, ref_stop_time: 2089987260608669, actual_exe_time: 70080, task_app_start_time:2089980969193987, task_sched_time:2089987260529529
app_id: 0, app_name: SAR_api-aarch64, task_id: 2021, task_name: DASH_ZIP, resource_name: zip1, ref_start_time: 2089987264480860, ref_stop_time: 2089987264603650, actual_exe_time: 122790, task_app_start_time:2089980969193987, task_sched_time:2089987264430370
app_id: 0, app_name: SAR_api-aarch64, task_id: 2022, task_name: DASH_FFT, resource_name: cpu1, ref_start_time: 2089987266963450, ref_stop_time: 2089987267013700, actual_exe_time: 50250, task_app_start_time:2089980969193987, task_sched_time:2089987266958020
app_id: 0, app_name: SAR_api-aarch64, task_id: 2023, task_name: DASH_ZIP, resource_name: cpu2, ref_start_time: 2089987267686751, ref_stop_time: 2089987267765891, actual_exe_time: 79140, task_app_start_time:2089980969193987, task_sched_time:2089987267677691
app_id: 0, app_name: SAR_api-aarch64, task_id: 2024, task_name: DASH_FFT, resource_name: cpu3, ref_start_time: 2089987276307762, ref_stop_time: 2089987276390712, actual_exe_time: 82950, task_app_start_time:2089980969193987, task_sched_time:2089987276302572
app_id: 0, app_name: SAR_api-aarch64, task_id: 2025, task_name: DASH_ZIP, resource_name: zip1, ref_start_time: 2089987279883193, ref_stop_time: 2089987280005203, actual_exe_time: 122010, task_app_start_time:2089980969193987, task_sched_time:2089987279773303
app_id: 0, app_name: SAR_api-aarch64, task_id: 2026, task_name: DASH_FFT, resource_name: cpu1, ref_start_time: 2089987281199773, ref_stop_time: 2089987281249513, actual_exe_time: 49740, task_app_start_time:2089980969193987, task_sched_time:2089987281189333
app_id: 0, app_name: SAR_api-aarch64, task_id: 2027, task_name: DASH_ZIP, resource_name: cpu2, ref_start_time: 2089987284381183, ref_stop_time: 2089987284463803, actual_exe_time: 82620, task_app_start_time:2089980969193987, task_sched_time:2089987284373263
app_id: 0, app_name: SAR_api-aarch64, task_id: 2028, task_name: DASH_FFT, resource_name: cpu3, ref_start_time: 2089987288490704, ref_stop_time: 2089987288561294, actual_exe_time: 70590, task_app_start_time:2089980969193987, task_sched_time:2089987288368274
app_id: 0, app_name: SAR_api-aarch64, task_id: 2029, task_name: DASH_ZIP, resource_name: zip1, ref_start_time: 2089987294341305, ref_stop_time: 2089987294464965, actual_exe_time: 123660, task_app_start_time:2089980969193987, task_sched_time:2089987294335695
app_id: 0, app_name: SAR_api-aarch64, task_id: 2030, task_name: DASH_FFT, resource_name: cpu1, ref_start_time: 2089987295342795, ref_stop_time: 2089987295391635, actual_exe_time: 48840, task_app_start_time:2089980969193987, task_sched_time:2089987295334245
app_id: 0, app_name: SAR_api-aarch64, task_id: 2031, task_name: DASH_ZIP, resource_name: cpu2, ref_start_time: 2089987300717566, ref_stop_time: 2089987300805316, actual_exe_time: 87750, task_app_start_time:2089980969193987, task_sched_time:2089987300710096
app_id: 0, app_name: SAR_api-aarch64, task_id: 2032, task_name: DASH_FFT, resource_name: cpu3, ref_start_time: 2089987301339016, ref_stop_time: 2089987301407896, actual_exe_time: 68880, task_app_start_time:2089980969193987, task_sched_time:2089987301224206
app_id: 0, app_name: SAR_api-aarch64, task_id: 2033, task_name: DASH_ZIP, resource_name: zip1, ref_start_time: 2089987308032437, ref_stop_time: 2089987308154357, actual_exe_time: 121920, task_app_start_time:2089980969193987, task_sched_time:2089987308024667
app_id: 0, app_name: SAR_api-aarch64, task_id: 2034, task_name: DASH_FFT, resource_name: cpu1, ref_start_time: 2089987309165357, ref_stop_time: 2089987309214587, actual_exe_time: 49230, task_app_start_time:2089980969193987, task_sched_time:2089987308992917
app_id: 0, app_name: SAR_api-aarch64, task_id: 2035, task_name: DASH_ZIP, resource_name: cpu2, ref_start_time: 2089987316391128, ref_stop_time: 2089987316476988, actual_exe_time: 85860, task_app_start_time:2089980969193987, task_sched_time:2089987316384408
app_id: 0, app_name: SAR_api-aarch64, task_id: 2036, task_name: DASH_FFT, resource_name: cpu3, ref_start_time: 2089987320413799, ref_stop_time: 2089987320485259, actual_exe_time: 71460, task_app_start_time:2089980969193987, task_sched_time:2089987320320199
app_id: 0, app_name: SAR_api-aarch64, task_id: 2037, task_name: DASH_ZIP, resource_name: zip1, ref_start_time: 2089987322885259, ref_stop_time: 2089987323011289, actual_exe_time: 126030, task_app_start_time:2089980969193987, task_sched_time:2089987322877039
app_id: 0, app_name: SAR_api-aarch64, task_id: 2038, task_name: DASH_FFT, resource_name: cpu1, ref_start_time: 2089987328739850, ref_stop_time: 2089987328789740, actual_exe_time: 49890, task_app_start_time:2089980969193987, task_sched_time:2089987328728540
app_id: 0, app_name: SAR_api-aarch64, task_id: 2039, task_name: DASH_ZIP, resource_name: cpu2, ref_start_time: 2089987332326831, ref_stop_time: 2089987332408581, actual_exe_time: 81750, task_app_start_time:2089980969193987, task_sched_time:2089987332323201
app_id: 0, app_name: SAR_api-aarch64, task_id: 2040, task_name: DASH_FFT, resource_name: cpu3, ref_start_time: 2089987335420971, ref_stop_time: 2089987335498311, actual_exe_time: 77340, task_app_start_time:2089980969193987, task_sched_time:2089987335315131
app_id: 0, app_name: SAR_api-aarch64, task_id: 2041, task_name: DASH_ZIP, resource_name: zip1, ref_start_time: 2089987336685532, ref_stop_time: 2089987336812102, actual_exe_time: 126570, task_app_start_time:2089980969193987, task_sched_time:2089987336677462
app_id: 0, app_name: SAR_api-aarch64, task_id: 2042, task_name: DASH_FFT, resource_name: cpu1, ref_start_time: 2089987340587782, ref_stop_time: 2089987340641092, actual_exe_time: 53310, task_app_start_time:2089980969193987, task_sched_time:2089987340578722
app_id: 0, app_name: SAR_api-aarch64, task_id: 2043, task_name: DASH_ZIP, resource_name: cpu2, ref_start_time: 2089987344893803, ref_stop_time: 2089987345071673, actual_exe_time: 177870, task_app_start_time:2089980969193987, task_sched_time:2089987344886063
app_id: 0, app_name: SAR_api-aarch64, task_id: 2044, task_name: DASH_FFT, resource_name: cpu3, ref_start_time: 2089987345428463, ref_stop_time: 2089987345496023, actual_exe_time: 67560, task_app_start_time:2089980969193987, task_sched_time:2089987345341883
app_id: 0, app_name: SAR_api-aarch64, task_id: 2045, task_name: DASH_ZIP, resource_name: zip1, ref_start_time: 2089987348505834, ref_stop_time: 2089987348625294, actual_exe_time: 119460, task_app_start_time:2089980969193987, task_sched_time:2089987348444844
app_id: 0, app_name: SAR_api-aarch64, task_id: 2046, task_name: DASH_FFT, resource_name: cpu1, ref_start_time: 2089987350320264, ref_stop_time: 2089987350365924, actual_exe_time: 45660, task_app_start_time:2089980969193987, task_sched_time:2089987350312644
app_id: 0, app_name: SAR_api-aarch64, task_id: 2047, task_name: DASH_ZIP, resource_name: cpu2, ref_start_time: 2089987351013834, ref_stop_time: 2089987351091744, actual_exe_time: 77910, task_app_start_time:2089980969193987, task_sched_time:2089987351009844
app_id: 0, app_name: SAR_api-aarch64, task_id: 2048, task_name: DASH_FFT, resource_name: cpu3, ref_start_time: 2089987356549615, ref_stop_time: 2089987356622695, actual_exe_time: 73080, task_app_start_time:2089980969193987, task_sched_time:2089987356432195
app_id: 0, app_name: SAR_api-aarch64, task_id: 2049, task_name: DASH_ZIP, resource_name: zip1, ref_start_time: 2089987363904506, ref_stop_time: 2089987364029936, actual_exe_time: 125430, task_app_start_time:2089980969193987, task_sched_time:2089987363854826
app_id: 0, app_name: SAR_api-aarch64, task_id: 2050, task_name: DASH_FFT, resource_name: cpu1, ref_start_time: 2089987365144316, ref_stop_time: 2089987365195916, actual_exe_time: 51600, task_app_start_time:2089980969193987, task_sched_time:2089987365136636
app_id: 0, app_name: SAR_api-aarch64, task_id: 2051, task_name: DASH_ZIP, resource_name: cpu2, ref_start_time: 2089987368631457, ref_stop_time: 2089987368714587, actual_exe_time: 83130, task_app_start_time:2089980969193987, task_sched_time:2089987368624197
app_id: 0, app_name: SAR_api-aarch64, task_id: 2052, task_name: DASH_FFT, resource_name: cpu3, ref_start_time: 2089987372335167, ref_stop_time: 2089987372581377, actual_exe_time: 246210, task_app_start_time:2089980969193987, task_sched_time:2089987372329767
app_id: 0, app_name: SAR_api-aarch64, task_id: 2053, task_name: DASH_ZIP, resource_name: zip1, ref_start_time: 2089987376497638, ref_stop_time: 2089987376620698, actual_exe_time: 123060, task_app_start_time:2089980969193987, task_sched_time:2089987376432148
app_id: 0, app_name: SAR_api-aarch64, task_id: 2054, task_name: DASH_FFT, resource_name: cpu1, ref_start_time: 2089987378831458, ref_stop_time: 2089987378880208, actual_exe_time: 48750, task_app_start_time:2089980969193987, task_sched_time:2089987378826328
app_id: 0, app_name: SAR_api-aarch64, task_id: 2055, task_name: DASH_ZIP, resource_name: cpu2, ref_start_time: 2089987388318450, ref_stop_time: 2089987388403860, actual_exe_time: 85410, task_app_start_time:2089980969193987, task_sched_time:2089987382742139
app_id: 0, app_name: SAR_api-aarch64, task_id: 2056, task_name: DASH_FFT, resource_name: cpu3, ref_start_time: 2089987388704910, ref_stop_time: 2089987388770490, actual_exe_time: 65580, task_app_start_time:2089980969193987, task_sched_time:2089987388646050
app_id: 0, app_name: SAR_api-aarch64, task_id: 2057, task_name: DASH_ZIP, resource_name: zip1, ref_start_time: 2089987391856651, ref_stop_time: 2089987391978331, actual_exe_time: 121680, task_app_start_time:2089980969193987, task_sched_time:2089987391824341
app_id: 0, app_name: SAR_api-aarch64, task_id: 2058, task_name: DASH_FFT, resource_name: cpu1, ref_start_time: 2089987396592781, ref_stop_time: 2089987396647801, actual_exe_time: 55020, task_app_start_time:2089980969193987, task_sched_time:2089987396579701
app_id: 0, app_name: SAR_api-aarch64, task_id: 2059, task_name: DASH_ZIP, resource_name: cpu2, ref_start_time: 2089987400353912, ref_stop_time: 2089987400435542, actual_exe_time: 81630, task_app_start_time:2089980969193987, task_sched_time:2089987400347462
app_id: 0, app_name: SAR_api-aarch64, task_id: 2060, task_name: DASH_FFT, resource_name: cpu3, ref_start_time: 2089987404727463, ref_stop_time: 2089987404802373, actual_exe_time: 74910, task_app_start_time:2089980969193987, task_sched_time:2089987404659693
app_id: 0, app_name: SAR_api-aarch64, task_id: 2061, task_name: DASH_ZIP, resource_name: zip1, ref_start_time: 2089987406510903, ref_stop_time: 2089987406639213, actual_exe_time: 128310, task_app_start_time:2089980969193987, task_sched_time:2089987406487863
app_id: 0, app_name: SAR_api-aarch64, task_id: 2062, task_name: DASH_FFT, resource_name: cpu1, ref_start_time: 2089987416311424, ref_stop_time: 2089987416370045, actual_exe_time: 58621, task_app_start_time:2089980969193987, task_sched_time:2089987410255354
app_id: 0, app_name: SAR_api-aarch64, task_id: 2063, task_name: DASH_ZIP, resource_name: cpu2, ref_start_time: 2089987418648005, ref_stop_time: 2089987418729425, actual_exe_time: 81420, task_app_start_time:2089980969193987, task_sched_time:2089987418641975
app_id: 0, app_name: SAR_api-aarch64, task_id: 2064, task_name: DASH_FFT, resource_name: cpu3, ref_start_time: 2089987419174355, ref_stop_time: 2089987419240865, actual_exe_time: 66510, task_app_start_time:2089980969193987, task_sched_time:2089987419158605
app_id: 0, app_name: SAR_api-aarch64, task_id: 2065, task_name: DASH_ZIP, resource_name: zip1, ref_start_time: 2089987422978836, ref_stop_time: 2089987423104836, actual_exe_time: 126000, task_app_start_time:2089980969193987, task_sched_time:2089987422924746
app_id: 0, app_name: SAR_api-aarch64, task_id: 2066, task_name: DASH_FFT, resource_name: cpu1, ref_start_time: 2089987431796497, ref_stop_time: 2089987431850017, actual_exe_time: 53520, task_app_start_time:2089980969193987, task_sched_time:2089987431790197
app_id: 0, app_name: SAR_api-aarch64, task_id: 2067, task_name: DASH_ZIP, resource_name: cpu2, ref_start_time: 2089987432446957, ref_stop_time: 2089987432526817, actual_exe_time: 79860, task_app_start_time:2089980969193987, task_sched_time:2089987432442667
app_id: 0, app_name: SAR_api-aarch64, task_id: 2068, task_name: DASH_FFT, resource_name: cpu3, ref_start_time: 2089987433068587, ref_stop_time: 2089987433135157, actual_exe_time: 66570, task_app_start_time:2089980969193987, task_sched_time:2089987433003877
app_id: 0, app_name: SAR_api-aarch64, task_id: 2069, task_name: DASH_ZIP, resource_name: zip1, ref_start_time: 2089987436564458, ref_stop_time: 2089987436688418, actual_exe_time: 123960, task_app_start_time:2089980969193987, task_sched_time:2089987436487598
app_id: 0, app_name: SAR_api-aarch64, task_id: 2070, task_name: DASH_FFT, resource_name: cpu1, ref_start_time: 2089987444315919, ref_stop_time: 2089987444373759, actual_exe_time: 57840, task_app_start_time:2089980969193987, task_sched_time:2089987444306889
app_id: 0, app_name: SAR_api-aarch64, task_id: 2071, task_name: DASH_ZIP, resource_name: cpu2, ref_start_time: 2089987446155099, ref_stop_time: 2089987446237659, actual_exe_time: 82560, task_app_start_time:2089980969193987, task_sched_time:2089987446149279
app_id: 0, app_name: SAR_api-aarch64, task_id: 2072, task_name: DASH_FFT, resource_name: cpu3, ref_start_time: 2089987446999539, ref_stop_time: 2089987447064639, actual_exe_time: 65100, task_app_start_time:2089980969193987, task_sched_time:2089987446989069
app_id: 0, app_name: SAR_api-aarch64, task_id: 2073, task_name: DASH_ZIP, resource_name: zip1, ref_start_time: 2089987452317940, ref_stop_time: 2089987452448530, actual_exe_time: 130590, task_app_start_time:2089980969193987, task_sched_time:2089987452308640
app_id: 0, app_name: SAR_api-aarch64, task_id: 2074, task_name: DASH_FFT, resource_name: cpu1, ref_start_time: 2089987456507171, ref_stop_time: 2089987456557481, actual_exe_time: 50310, task_app_start_time:2089980969193987, task_sched_time:2089987456503481
app_id: 0, app_name: SAR_api-aarch64, task_id: 2075, task_name: DASH_ZIP, resource_name: cpu2, ref_start_time: 2089987460035532, ref_stop_time: 2089987460116352, actual_exe_time: 80820, task_app_start_time:2089980969193987, task_sched_time:2089987460029562
app_id: 0, app_name: SAR_api-aarch64, task_id: 2076, task_name: DASH_FFT, resource_name: cpu3, ref_start_time: 2089987460991032, ref_stop_time: 2089987461060962, actual_exe_time: 69930, task_app_start_time:2089980969193987, task_sched_time:2089987460900492
app_id: 0, app_name: SAR_api-aarch64, task_id: 2077, task_name: DASH_ZIP, resource_name: zip1, ref_start_time: 2089987464516152, ref_stop_time: 2089987464640022, actual_exe_time: 123870, task_app_start_time:2089980969193987, task_sched_time:2089987464509102
app_id: 0, app_name: SAR_api-aarch64, task_id: 2078, task_name: DASH_FFT, resource_name: cpu1, ref_start_time: 2089987468781433, ref_stop_time: 2089987468834593, actual_exe_time: 53160, task_app_start_time:2089980969193987, task_sched_time:2089987468771533
app_id: 0, app_name: SAR_api-aarch64, task_id: 2079, task_name: DASH_ZIP, resource_name: cpu2, ref_start_time: 2089987474222174, ref_stop_time: 2089987474305064, actual_exe_time: 82890, task_app_start_time:2089980969193987, task_sched_time:2089987474213984
app_id: 0, app_name: SAR_api-aarch64, task_id: 2080, task_name: DASH_FFT, resource_name: cpu3, ref_start_time: 2089987475244694, ref_stop_time: 2089987475313874, actual_exe_time: 69180, task_app_start_time:2089980969193987, task_sched_time:2089987475198644
app_id: 0, app_name: SAR_api-aarch64, task_id: 2081, task_name: DASH_ZIP, resource_name: zip1, ref_start_time: 2089987480693325, ref_stop_time: 2089987480819595, actual_exe_time: 126270, task_app_start_time:2089980969193987, task_sched_time:2089987480686185
app_id: 0, app_name: SAR_api-aarch64, task_id: 2082, task_name: DASH_FFT, resource_name: cpu1, ref_start_time: 2089987484406065, ref_stop_time: 2089987484455805, actual_exe_time: 49740, task_app_start_time:2089980969193987, task_sched_time:2089987484391755
app_id: 0, app_name: SAR_api-aarch64, task_id: 2083, task_name: DASH_ZIP, resource_name: cpu2, ref_start_time: 2089987488064986, ref_stop_time: 2089987488147396, actual_exe_time: 82410, task_app_start_time:2089980969193987, task_sched_time:2089987488059196
app_id: 0, app_name: SAR_api-aarch64, task_id: 2084, task_name: DASH_FFT, resource_name: cpu3, ref_start_time: 2089987489268886, ref_stop_time: 2089987489335276, actual_exe_time: 66390, task_app_start_time:2089980969193987, task_sched_time:2089987489264776
app_id: 0, app_name: SAR_api-aarch64, task_id: 2085, task_name: DASH_ZIP, resource_name: zip1, ref_start_time: 2089987492773127, ref_stop_time: 2089987492897387, actual_exe_time: 124260, task_app_start_time:2089980969193987, task_sched_time:2089987492759087
app_id: 0, app_name: SAR_api-aarch64, task_id: 2086, task_name: DASH_FFT, resource_name: cpu1, ref_start_time: 2089987500573218, ref_stop_time: 2089987500629228, actual_exe_time: 56010, task_app_start_time:2089980969193987, task_sched_time:2089987500565298
app_id: 0, app_name: SAR_api-aarch64, task_id: 2087, task_name: DASH_ZIP, resource_name: cpu2, ref_start_time: 2089987502728478, ref_stop_time: 2089987502807678, actual_exe_time: 79200, task_app_start_time:2089980969193987, task_sched_time:2089987502722058
app_id: 0, app_name: SAR_api-aarch64, task_id: 2088, task_name: DASH_FFT, resource_name: cpu3, ref_start_time: 2089987503574689, ref_stop_time: 2089987503640929, actual_exe_time: 66240, task_app_start_time:2089980969193987, task_sched_time:2089987503569319
app_id: 0, app_name: SAR_api-aarch64, task_id: 2089, task_name: DASH_ZIP, resource_name: zip1, ref_start_time: 2089987508832429, ref_stop_time: 2089987508958999, actual_exe_time: 126570, task_app_start_time:2089980969193987, task_sched_time:2089987508823249
app_id: 0, app_name: SAR_api-aarch64, task_id: 2090, task_name: DASH_FFT, resource_name: cpu1, ref_start_time: 2089987512392380, ref_stop_time: 2089987512442930, actual_exe_time: 50550, task_app_start_time:2089980969193987, task_sched_time:2089987512385900
app_id: 0, app_name: SAR_api-aarch64, task_id: 2091, task_name: DASH_ZIP, resource_name: cpu2, ref_start_time: 2089987516326701, ref_stop_time: 2089987516409051, actual_exe_time: 82350, task_app_start_time:2089980969193987, task_sched_time:2089987516322171
app_id: 0, app_name: SAR_api-aarch64, task_id: 2092, task_name: DASH_FFT, resource_name: cpu3, ref_start_time: 2089987517451581, ref_stop_time: 2089987517525411, actual_exe_time: 73830, task_app_start_time:2089980969193987, task_sched_time:2089987517392601
app_id: 0, app_name: SAR_api-aarch64, task_id: 2093, task_name: DASH_ZIP, resource_name: zip1, ref_start_time: 2089987520763611, ref_stop_time: 2089987520888561, actual_exe_time: 124950, task_app_start_time:2089980969193987, task_sched_time:2089987520699141
app_id: 0, app_name: SAR_api-aarch64, task_id: 2094, task_name: DASH_FFT, resource_name: cpu1, ref_start_time: 2089987524518892, ref_stop_time: 2089987524570252, actual_exe_time: 51360, task_app_start_time:2089980969193987, task_sched_time:2089987524504702
app_id: 0, app_name: SAR_api-aarch64, task_id: 2095, task_name: DASH_ZIP, resource_name: cpu2, ref_start_time: 2089987528330663, ref_stop_time: 2089987528411993, actual_exe_time: 81330, task_app_start_time:2089980969193987, task_sched_time:2089987528320883
app_id: 0, app_name: SAR_api-aarch64, task_id: 2096, task_name: DASH_FFT, resource_name: cpu3, ref_start_time: 2089987531100833, ref_stop_time: 2089987531167583, actual_exe_time: 66750, task_app_start_time:2089980969193987, task_sched_time:2089987531096123
app_id: 0, app_name: SAR_api-aarch64, task_id: 2097, task_name: DASH_ZIP, resource_name: zip1, ref_start_time: 2089987532369203, ref_stop_time: 2089987532493343, actual_exe_time: 124140, task_app_start_time:2089980969193987, task_sched_time:2089987532361433
app_id: 0, app_name: SAR_api-aarch64, task_id: 2098, task_name: DASH_FFT, resource_name: cpu1, ref_start_time: 2089987536926894, ref_stop_time: 2089987536978344, actual_exe_time: 51450, task_app_start_time:2089980969193987, task_sched_time:2089987536918284
app_id: 0, app_name: SAR_api-aarch64, task_id: 2099, task_name: DASH_ZIP, resource_name: cpu2, ref_start_time: 2089987544389785, ref_stop_time: 2089987544473125, actual_exe_time: 83340, task_app_start_time:2089980969193987, task_sched_time:2089987544382945
app_id: 0, app_name: SAR_api-aarch64, task_id: 2100, task_name: DASH_FFT, resource_name: cpu3, ref_start_time: 2089987544645445, ref_stop_time: 2089987544724075, actual_exe_time: 78630, task_app_start_time:2089980969193987, task_sched_time:2089987544639655
app_id: 0, app_name: SAR_api-aarch64, task_id: 2101, task_name: DASH_ZIP, resource_name: zip1, ref_start_time: 2089987546367325, ref_stop_time: 2089987546539855, actual_exe_time: 172530, task_app_start_time:2089980969193987, task_sched_time:2089987546269825
app_id: 0, app_name: SAR_api-aarch64, task_id: 2102, task_name: DASH_FFT, resource_name: cpu1, ref_start_time: 2089987552896556, ref_stop_time: 2089987552948306, actual_exe_time: 51750, task_app_start_time:2089980969193987, task_sched_time:2089987552882696
app_id: 0, app_name: SAR_api-aarch64, task_id: 2103, task_name: DASH_ZIP, resource_name: cpu2, ref_start_time: 2089987558589117, ref_stop_time: 2089987558671827, actual_exe_time: 82710, task_app_start_time:2089980969193987, task_sched_time:2089987558579127
app_id: 0, app_name: SAR_api-aarch64, task_id: 2104, task_name: DASH_FFT, resource_name: cpu3, ref_start_time: 2089987559510418, ref_stop_time: 2089987559580768, actual_exe_time: 70350, task_app_start_time:2089980969193987, task_sched_time:2089987559458248
app_id: 0, app_name: SAR_api-aarch64, task_id: 2105, task_name: DASH_ZIP, resource_name: zip1, ref_start_time: 2089987564874088, ref_stop_time: 2089987564999578, actual_exe_time: 125490, task_app_start_time:2089980969193987, task_sched_time:2089987564864068
app_id: 0, app_name: SAR_api-aarch64, task_id: 2106, task_name: DASH_FFT, resource_name: cpu1, ref_start_time: 2089987568415499, ref_stop_time: 2089987568464939, actual_exe_time: 49440, task_app_start_time:2089980969193987, task_sched_time:2089987568408989
app_id: 0, app_name: SAR_api-aarch64, task_id: 2107, task_name: DASH_ZIP, resource_name: cpu2, ref_start_time: 2089987572336740, ref_stop_time: 2089987572417740, actual_exe_time: 81000, task_app_start_time:2089980969193987, task_sched_time:2089987572326360
app_id: 0, app_name: SAR_api-aarch64, task_id: 2108, task_name: DASH_FFT, resource_name: cpu3, ref_start_time: 2089987573524650, ref_stop_time: 2089987573594430, actual_exe_time: 69780, task_app_start_time:2089980969193987, task_sched_time:2089987573521710
app_id: 0, app_name: SAR_api-aarch64, task_id: 2109, task_name: DASH_ZIP, resource_name: zip1, ref_start_time: 2089987576645970, ref_stop_time: 2089987576769690, actual_exe_time: 123720, task_app_start_time:2089980969193987, task_sched_time:2089987576633280
app_id: 0, app_name: SAR_api-aarch64, task_id: 2110, task_name: DASH_FFT, resource_name: cpu1, ref_start_time: 2089987580891091, ref_stop_time: 2089987580944221, actual_exe_time: 53130, task_app_start_time:2089980969193987, task_sched_time:2089987580876541
app_id: 0, app_name: SAR_api-aarch64, task_id: 2111, task_name: DASH_ZIP, resource_name: cpu2, ref_start_time: 2089987584774742, ref_stop_time: 2089987584853732, actual_exe_time: 78990, task_app_start_time:2089980969193987, task_sched_time:2089987584763972
app_id: 0, app_name: SAR_api-aarch64, task_id: 2112, task_name: DASH_FFT, resource_name: cpu3, ref_start_time: 2089987586874382, ref_stop_time: 2089987586942782, actual_exe_time: 68400, task_app_start_time:2089980969193987, task_sched_time:2089987586871142
app_id: 0, app_name: SAR_api-aarch64, task_id: 2113, task_name: DASH_ZIP, resource_name: zip1, ref_start_time: 2089987587683512, ref_stop_time: 2089987587810772, actual_exe_time: 127260, task_app_start_time:2089980969193987, task_sched_time:2089987587582772
app_id: 0, app_name: SAR_api-aarch64, task_id: 2114, task_name: DASH_FFT, resource_name: cpu1, ref_start_time: 2089987591145183, ref_stop_time: 2089987591200383, actual_exe_time: 55200, task_app_start_time:2089980969193987, task_sched_time:2089987591139333
app_id: 0, app_name: SAR_api-aarch64, task_id: 2115, task_name: DASH_ZIP, resource_name: cpu2, ref_start_time: 2089987592133743, ref_stop_time: 2089987592215523, actual_exe_time: 81780, task_app_start_time:2089980969193987, task_sched_time:2089987592122943
app_id: 0, app_name: SAR_api-aarch64, task_id: 2116, task_name: DASH_FFT, resource_name: cpu3, ref_start_time: 2089987596293873, ref_stop_time: 2089987596367103, actual_exe_time: 73230, task_app_start_time:2089980969193987, task_sched_time:2089987593301883
app_id: 0, app_name: SAR_api-aarch64, task_id: 2117, task_name: DASH_ZIP, resource_name: zip1, ref_start_time: 2089987597393764, ref_stop_time: 2089987597514004, actual_exe_time: 120240, task_app_start_time:2089980969193987, task_sched_time:2089987597386324
app_id: 0, app_name: SAR_api-aarch64, task_id: 2118, task_name: DASH_FFT, resource_name: cpu1, ref_start_time: 2089987598403924, ref_stop_time: 2089987598448024, actual_exe_time: 44100, task_app_start_time:2089980969193987, task_sched_time:2089987598392434
app_id: 0, app_name: SAR_api-aarch64, task_id: 2119, task_name: DASH_ZIP, resource_name: cpu2, ref_start_time: 2089987599086604, ref_stop_time: 2089987599164334, actual_exe_time: 77730, task_app_start_time:2089980969193987, task_sched_time:2089987599079614
app_id: 0, app_name: SAR_api-aarch64, task_id: 2120, task_name: DASH_FFT, resource_name: cpu3, ref_start_time: 2089987600831254, ref_stop_time: 2089987600895244, actual_exe_time: 63990, task_app_start_time:2089980969193987, task_sched_time:2089987599783894
app_id: 0, app_name: SAR_api-aarch64, task_id: 2121, task_name: DASH_ZIP, resource_name: zip1, ref_start_time: 2089987602178164, ref_stop_time: 2089987602304284, actual_exe_time: 126120, task_app_start_time:2089980969193987, task_sched_time:2089987602171114
app_id: 0, app_name: SAR_api-aarch64, task_id: 2122, task_name: DASH_FFT, resource_name: cpu1, ref_start_time: 2089987604292925, ref_stop_time: 2089987604346625, actual_exe_time: 53700, task_app_start_time:2089980969193987, task_sched_time:2089987603170445
app_id: 0, app_name: SAR_api-aarch64, task_id: 2123, task_name: DASH_ZIP, resource_name: cpu2, ref_start_time: 2089987605031495, ref_stop_time: 2089987605110545, actual_exe_time: 79050, task_app_start_time:2089980969193987, task_sched_time:2089987605023485
app_id: 0, app_name: SAR_api-aarch64, task_id: 2124, task_name: DASH_FFT, resource_name: cpu3, ref_start_time: 2089987605534445, ref_stop_time: 2089987605588595, actual_exe_time: 54150, task_app_start_time:2089980969193987, task_sched_time:2089987605529285
app_id: 0, app_name: SAR_api-aarch64, task_id: 2125, task_name: DASH_ZIP, resource_name: zip1, ref_start_time: 2089987606746925, ref_stop_time: 2089987606866265, actual_exe_time: 119340, task_app_start_time:2089980969193987, task_sched_time:2089987606742365
app_id: 0, app_name: SAR_api-aarch64, task_id: 2126, task_name: DASH_FFT, resource_name: cpu1, ref_start_time: 2089987608721795, ref_stop_time: 2089987608772495, actual_exe_time: 50700, task_app_start_time:2089980969193987, task_sched_time:2089987608710095
app_id: 0, app_name: SAR_api-aarch64, task_id: 2127, task_name: DASH_ZIP, resource_name: cpu2, ref_start_time: 2089987612579676, ref_stop_time: 2089987612659446, actual_exe_time: 79770, task_app_start_time:2089980969193987, task_sched_time:2089987612570136
app_id: 0, app_name: SAR_api-aarch64, task_id: 2128, task_name: DASH_FFT, resource_name: cpu3, ref_start_time: 2089987613312876, ref_stop_time: 2089987613376116, actual_exe_time: 63240, task_app_start_time:2089980969193987, task_sched_time:2089987613309336
app_id: 0, app_name: SAR_api-aarch64, task_id: 2129, task_name: DASH_ZIP, resource_name: zip1, ref_start_time: 2089987614310706, ref_stop_time: 2089987614432866, actual_exe_time: 122160, task_app_start_time:2089980969193987, task_sched_time:2089987614301256
app_id: 0, app_name: SAR_api-aarch64, task_id: 2130, task_name: DASH_FFT, resource_name: cpu1, ref_start_time: 2089987619422767, ref_stop_time: 2089987619473917, actual_exe_time: 51150, task_app_start_time:2089980969193987, task_sched_time:2089987619334027
app_id: 0, app_name: SAR_api-aarch64, task_id: 2131, task_name: DASH_ZIP, resource_name: cpu2, ref_start_time: 2089987623568888, ref_stop_time: 2089987623649618, actual_exe_time: 80730, task_app_start_time:2089980969193987, task_sched_time:2089987623559948
app_id: 0, app_name: SAR_api-aarch64, task_id: 2132, task_name: DASH_FFT, resource_name: cpu3, ref_start_time: 2089987624438738, ref_stop_time: 2089987624505848, actual_exe_time: 67110, task_app_start_time:2089980969193987, task_sched_time:2089987624429528
app_id: 0, app_name: SAR_api-aarch64, task_id: 2133, task_name: DASH_ZIP, resource_name: zip1, ref_start_time: 2089987625639098, ref_stop_time: 2089987625762068, actual_exe_time: 122970, task_app_start_time:2089980969193987, task_sched_time:2089987625632738
app_id: 0, app_name: SAR_api-aarch64, task_id: 2134, task_name: DASH_FFT, resource_name: cpu1, ref_start_time: 2089987628864519, ref_stop_time: 2089987628915729, actual_exe_time: 51210, task_app_start_time:2089980969193987, task_sched_time:2089987628853479
app_id: 0, app_name: SAR_api-aarch64, task_id: 2135, task_name: DASH_ZIP, resource_name: cpu2, ref_start_time: 2089987629668909, ref_stop_time: 2089987629747059, actual_exe_time: 78150, task_app_start_time:2089980969193987, task_sched_time:2089987629665399
app_id: 0, app_name: SAR_api-aarch64, task_id: 2136, task_name: DASH_FFT, resource_name: cpu3, ref_start_time: 2089987632552119, ref_stop_time: 2089987632613829, actual_exe_time: 61710, task_app_start_time:2089980969193987, task_sched_time:2089987632545249
app_id: 0, app_name: SAR_api-aarch64, task_id: 2137, task_name: DASH_ZIP, resource_name: zip1, ref_start_time: 2089987633685219, ref_stop_time: 2089987633805159, actual_exe_time: 119940, task_app_start_time:2089980969193987, task_sched_time:2089987633679309
app_id: 0, app_name: SAR_api-aarch64, task_id: 2138, task_name: DASH_FFT, resource_name: cpu1, ref_start_time: 2089987637240430, ref_stop_time: 2089987637286000, actual_exe_time: 45570, task_app_start_time:2089980969193987, task_sched_time:2089987637227170
app_id: 0, app_name: SAR_api-aarch64, task_id: 2139, task_name: DASH_ZIP, resource_name: cpu2, ref_start_time: 2089987637995290, ref_stop_time: 2089987638072690, actual_exe_time: 77400, task_app_start_time:2089980969193987, task_sched_time:2089987637987940
app_id: 0, app_name: SAR_api-aarch64, task_id: 2140, task_name: DASH_FFT, resource_name: cpu3, ref_start_time: 2089987639156470, ref_stop_time: 2089987639211790, actual_exe_time: 55320, task_app_start_time:2089980969193987, task_sched_time:2089987639152840
app_id: 0, app_name: SAR_api-aarch64, task_id: 2141, task_name: DASH_ZIP, resource_name: zip1, ref_start_time: 2089987639906020, ref_stop_time: 2089987640024761, actual_exe_time: 118741, task_app_start_time:2089980969193987, task_sched_time:2089987639896690
app_id: 0, app_name: SAR_api-aarch64, task_id: 2142, task_name: DASH_FFT, resource_name: cpu1, ref_start_time: 2089987640611381, ref_stop_time: 2089987640654101, actual_exe_time: 42720, task_app_start_time:2089980969193987, task_sched_time:2089987640603911
app_id: 0, app_name: SAR_api-aarch64, task_id: 2143, task_name: DASH_ZIP, resource_name: cpu2, ref_start_time: 2089987641086851, ref_stop_time: 2089987641164491, actual_exe_time: 77640, task_app_start_time:2089980969193987, task_sched_time:2089987641083851
app_id: 0, app_name: SAR_api-aarch64, task_id: 2144, task_name: DASH_FFT, resource_name: cpu3, ref_start_time: 2089987644890041, ref_stop_time: 2089987644948751, actual_exe_time: 58710, task_app_start_time:2089980969193987, task_sched_time:2089987644886321
app_id: 0, app_name: SAR_api-aarch64, task_id: 2145, task_name: DASH_ZIP, resource_name: zip1, ref_start_time: 2089987645689631, ref_stop_time: 2089987645809331, actual_exe_time: 119700, task_app_start_time:2089980969193987, task_sched_time:2089987645682461
app_id: 0, app_name: SAR_api-aarch64, task_id: 2146, task_name: DASH_FFT, resource_name: cpu1, ref_start_time: 2089987652315402, ref_stop_time: 2089987652372252, actual_exe_time: 56850, task_app_start_time:2089980969193987, task_sched_time:2089987646398772
app_id: 0, app_name: SAR_api-aarch64, task_id: 2147, task_name: DASH_ZIP, resource_name: cpu2, ref_start_time: 2089987653103023, ref_stop_time: 2089987653182883, actual_exe_time: 79860, task_app_start_time:2089980969193987, task_sched_time:2089987653096753
app_id: 0, app_name: SAR_api-aarch64, task_id: 2148, task_name: DASH_FFT, resource_name: cpu3, ref_start_time: 2089987653579753, ref_stop_time: 2089987653634923, actual_exe_time: 55170, task_app_start_time:2089980969193987, task_sched_time:2089987653570933
app_id: 0, app_name: SAR_api-aarch64, task_id: 2149, task_name: DASH_ZIP, resource_name: zip1, ref_start_time: 2089987654092303, ref_stop_time: 2089987654210353, actual_exe_time: 118050, task_app_start_time:2089980969193987, task_sched_time:2089987654083543
app_id: 0, app_name: SAR_api-aarch64, task_id: 2150, task_name: DASH_FFT, resource_name: cpu1, ref_start_time: 2089987654774323, ref_stop_time: 2089987654816233, actual_exe_time: 41910, task_app_start_time:2089980969193987, task_sched_time:2089987654763103
app_id: 0, app_name: SAR_api-aarch64, task_id: 2151, task_name: DASH_ZIP, resource_name: cpu2, ref_start_time: 2089987655000583, ref_stop_time: 2089987655076093, actual_exe_time: 75510, task_app_start_time:2089980969193987, task_sched_time:2089987654996743
app_id: 0, app_name: SAR_api-aarch64, task_id: 2152, task_name: DASH_FFT, resource_name: cpu3, ref_start_time: 2089987655702463, ref_stop_time: 2089987655751543, actual_exe_time: 49080, task_app_start_time:2089980969193987, task_sched_time:2089987655698833
app_id: 0, app_name: SAR_api-aarch64, task_id: 2153, task_name: DASH_ZIP, resource_name: zip1, ref_start_time: 2089987656339723, ref_stop_time: 2089987656457083, actual_exe_time: 117360, task_app_start_time:2089980969193987, task_sched_time:2089987656331113
app_id: 0, app_name: SAR_api-aarch64, task_id: 2154, task_name: DASH_FFT, resource_name: cpu1, ref_start_time: 2089987656858873, ref_stop_time: 2089987656900813, actual_exe_time: 41940, task_app_start_time:2089980969193987, task_sched_time:2089987656850923
app_id: 0, app_name: SAR_api-aarch64, task_id: 2155, task_name: DASH_ZIP, resource_name: cpu2, ref_start_time: 2089987657560153, ref_stop_time: 2089987657636743, actual_exe_time: 76590, task_app_start_time:2089980969193987, task_sched_time:2089987657552293
app_id: 0, app_name: SAR_api-aarch64, task_id: 2156, task_name: DASH_FFT, resource_name: cpu3, ref_start_time: 2089987658198133, ref_stop_time: 2089987658248533, actual_exe_time: 50400, task_app_start_time:2089980969193987, task_sched_time:2089987658191593
app_id: 0, app_name: SAR_api-aarch64, task_id: 2157, task_name: DASH_ZIP, resource_name: zip1, ref_start_time: 2089987659399814, ref_stop_time: 2089987659520234, actual_exe_time: 120420, task_app_start_time:2089980969193987, task_sched_time:2089987659396214
app_id: 0, app_name: SAR_api-aarch64, task_id: 2158, task_name: DASH_FFT, resource_name: cpu1, ref_start_time: 2089987660723834, ref_stop_time: 2089987660772374, actual_exe_time: 48540, task_app_start_time:2089980969193987, task_sched_time:2089987660713094
app_id: 0, app_name: SAR_api-aarch64, task_id: 2159, task_name: DASH_ZIP, resource_name: cpu2, ref_start_time: 2089987661515414, ref_stop_time: 2089987661593654, actual_exe_time: 78240, task_app_start_time:2089980969193987, task_sched_time:2089987661509894
app_id: 0, app_name: SAR_api-aarch64, task_id: 2160, task_name: DASH_FFT, resource_name: cpu3, ref_start_time: 2089987664291104, ref_stop_time: 2089987664362324, actual_exe_time: 71220, task_app_start_time:2089980969193987, task_sched_time:2089987662415894
app_id: 0, app_name: SAR_api-aarch64, task_id: 2161, task_name: DASH_ZIP, resource_name: zip1, ref_start_time: 2089987665134495, ref_stop_time: 2089987665253835, actual_exe_time: 119340, task_app_start_time:2089980969193987, task_sched_time:2089987665131495
app_id: 0, app_name: SAR_api-aarch64, task_id: 2162, task_name: DASH_FFT, resource_name: cpu1, ref_start_time: 2089987665952865, ref_stop_time: 2089987665997895, actual_exe_time: 45030, task_app_start_time:2089980969193987, task_sched_time:2089987665945305
app_id: 0, app_name: SAR_api-aarch64, task_id: 2163, task_name: DASH_ZIP, resource_name: cpu2, ref_start_time: 2089987666800215, ref_stop_time: 2089987666878665, actual_exe_time: 78450, task_app_start_time:2089980969193987, task_sched_time:2089987666792265
app_id: 0, app_name: SAR_api-aarch64, task_id: 2164, task_name: DASH_FFT, resource_name: cpu3, ref_start_time: 2089987667359475, ref_stop_time: 2089987667416625, actual_exe_time: 57150, task_app_start_time:2089980969193987, task_sched_time:2089987667350685
app_id: 0, app_name: SAR_api-aarch64, task_id: 2165, task_name: DASH_ZIP, resource_name: zip1, ref_start_time: 2089987668581765, ref_stop_time: 2089987668706865, actual_exe_time: 125100, task_app_start_time:2089980969193987, task_sched_time:2089987668572195
app_id: 0, app_name: SAR_api-aarch64, task_id: 2166, task_name: DASH_FFT, resource_name: cpu1, ref_start_time: 2089987672508166, ref_stop_time: 2089987672562586, actual_exe_time: 54420, task_app_start_time:2089980969193987, task_sched_time:2089987669411415
app_id: 0, app_name: SAR_api-aarch64, task_id: 2167, task_name: DASH_ZIP, resource_name: cpu2, ref_start_time: 2089987673163996, ref_stop_time: 2089987673242086, actual_exe_time: 78090, task_app_start_time:2089980969193987, task_sched_time:2089987673155476
app_id: 0, app_name: SAR_api-aarch64, task_id: 2168, task_name: DASH_FFT, resource_name: cpu3, ref_start_time: 2089987673626926, ref_stop_time: 2089987673684976, actual_exe_time: 58050, task_app_start_time:2089980969193987, task_sched_time:2089987673619426
app_id: 0, app_name: SAR_api-aarch64, task_id: 2169, task_name: DASH_ZIP, resource_name: zip1, ref_start_time: 2089987674190356, ref_stop_time: 2089987674308166, actual_exe_time: 117810, task_app_start_time:2089980969193987, task_sched_time:2089987674182226
app_id: 0, app_name: SAR_api-aarch64, task_id: 2170, task_name: DASH_FFT, resource_name: cpu1, ref_start_time: 2089987674857796, ref_stop_time: 2089987674899316, actual_exe_time: 41520, task_app_start_time:2089980969193987, task_sched_time:2089987674852396
app_id: 0, app_name: SAR_api-aarch64, task_id: 2171, task_name: DASH_ZIP, resource_name: cpu2, ref_start_time: 2089987675518906, ref_stop_time: 2089987675594776, actual_exe_time: 75870, task_app_start_time:2089980969193987, task_sched_time:2089987675513446
app_id: 0, app_name: SAR_api-aarch64, task_id: 2172, task_name: DASH_FFT, resource_name: cpu3, ref_start_time: 2089987676066496, ref_stop_time: 2089987676116716, actual_exe_time: 50220, task_app_start_time:2089980969193987, task_sched_time:2089987676059686
app_id: 0, app_name: SAR_api-aarch64, task_id: 2173, task_name: DASH_ZIP, resource_name: zip1, ref_start_time: 2089987677033366, ref_stop_time: 2089987677150906, actual_exe_time: 117540, task_app_start_time:2089980969193987, task_sched_time:2089987677025596
app_id: 0, app_name: SAR_api-aarch64, task_id: 2174, task_name: DASH_FFT, resource_name: cpu1, ref_start_time: 2089987679171197, ref_stop_time: 2089987679220607, actual_exe_time: 49410, task_app_start_time:2089980969193987, task_sched_time:2089987677599707
app_id: 0, app_name: SAR_api-aarch64, task_id: 2175, task_name: DASH_ZIP, resource_name: cpu2, ref_start_time: 2089987680310447, ref_stop_time: 2089987680390487, actual_exe_time: 80040, task_app_start_time:2089980969193987, task_sched_time:2089987680300037
app_id: 0, app_name: SAR_api-aarch64, task_id: 2176, task_name: DASH_FFT, resource_name: cpu3, ref_start_time: 2089987684355348, ref_stop_time: 2089987684428488, actual_exe_time: 73140, task_app_start_time:2089980969193987, task_sched_time:2089987680970657
app_id: 0, app_name: SAR_api-aarch64, task_id: 2177, task_name: DASH_ZIP, resource_name: zip1, ref_start_time: 2089987685163098, ref_stop_time: 2089987685284208, actual_exe_time: 121110, task_app_start_time:2089980969193987, task_sched_time:2089987685158508
app_id: 0, app_name: SAR_api-aarch64, task_id: 2178, task_name: DASH_FFT, resource_name: cpu1, ref_start_time: 2089987685733308, ref_stop_time: 2089987685779628, actual_exe_time: 46320, task_app_start_time:2089980969193987, task_sched_time:2089987685723228
app_id: 0, app_name: SAR_api-aarch64, task_id: 2179, task_name: DASH_ZIP, resource_name: cpu2, ref_start_time: 2089987686314618, ref_stop_time: 2089987686391358, actual_exe_time: 76740, task_app_start_time:2089980969193987, task_sched_time:2089987686304988
app_id: 0, app_name: SAR_api-aarch64, task_id: 2180, task_name: DASH_FFT, resource_name: cpu3, ref_start_time: 2089987686767588, ref_stop_time: 2089987686819608, actual_exe_time: 52020, task_app_start_time:2089980969193987, task_sched_time:2089987686758438
app_id: 0, app_name: SAR_api-aarch64, task_id: 2181, task_name: DASH_ZIP, resource_name: zip1, ref_start_time: 2089987687105778, ref_stop_time: 2089987687222898, actual_exe_time: 117120, task_app_start_time:2089980969193987, task_sched_time:2089987687095068
app_id: 0, app_name: SAR_api-aarch64, task_id: 2182, task_name: DASH_FFT, resource_name: cpu1, ref_start_time: 2089987688411378, ref_stop_time: 2089987688456258, actual_exe_time: 44880, task_app_start_time:2089980969193987, task_sched_time:2089987688401418
app_id: 0, app_name: SAR_api-aarch64, task_id: 2183, task_name: DASH_ZIP, resource_name: cpu2, ref_start_time: 2089987689200738, ref_stop_time: 2089987689283148, actual_exe_time: 82410, task_app_start_time:2089980969193987, task_sched_time:2089987689191048
app_id: 0, app_name: SAR_api-aarch64, task_id: 2184, task_name: DASH_FFT, resource_name: cpu3, ref_start_time: 2089987692288549, ref_stop_time: 2089987692360399, actual_exe_time: 71850, task_app_start_time:2089980969193987, task_sched_time:2089987689927429
app_id: 0, app_name: SAR_api-aarch64, task_id: 2185, task_name: DASH_ZIP, resource_name: zip1, ref_start_time: 2089987692999099, ref_stop_time: 2089987693118649, actual_exe_time: 119550, task_app_start_time:2089980969193987, task_sched_time:2089987692993879
app_id: 0, app_name: SAR_api-aarch64, task_id: 2186, task_name: DASH_FFT, resource_name: cpu1, ref_start_time: 2089987693573509, ref_stop_time: 2089987693615869, actual_exe_time: 42360, task_app_start_time:2089980969193987, task_sched_time:2089987693569069
app_id: 0, app_name: SAR_api-aarch64, task_id: 2187, task_name: DASH_ZIP, resource_name: cpu2, ref_start_time: 2089987694186619, ref_stop_time: 2089987694264139, actual_exe_time: 77520, task_app_start_time:2089980969193987, task_sched_time:2089987694179449
app_id: 0, app_name: SAR_api-aarch64, task_id: 2188, task_name: DASH_FFT, resource_name: cpu3, ref_start_time: 2089987694638869, ref_stop_time: 2089987694690109, actual_exe_time: 51240, task_app_start_time:2089980969193987, task_sched_time:2089987694633499
app_id: 0, app_name: SAR_api-aarch64, task_id: 2189, task_name: DASH_ZIP, resource_name: zip1, ref_start_time: 2089987695277089, ref_stop_time: 2089987695393999, actual_exe_time: 116910, task_app_start_time:2089980969193987, task_sched_time:2089987695273969
app_id: 0, app_name: SAR_api-aarch64, task_id: 2190, task_name: DASH_FFT, resource_name: cpu1, ref_start_time: 2089987695883959, ref_stop_time: 2089987695925089, actual_exe_time: 41130, task_app_start_time:2089980969193987, task_sched_time:2089987695872379
app_id: 0, app_name: SAR_api-aarch64, task_id: 2191, task_name: DASH_ZIP, resource_name: cpu2, ref_start_time: 2089987696398280, ref_stop_time: 2089987696474540, actual_exe_time: 76260, task_app_start_time:2089980969193987, task_sched_time:2089987696391560
app_id: 0, app_name: SAR_api-aarch64, task_id: 2192, task_name: DASH_FFT, resource_name: cpu3, ref_start_time: 2089987697664430, ref_stop_time: 2089987697722480, actual_exe_time: 58050, task_app_start_time:2089980969193987, task_sched_time:2089987697098840
app_id: 0, app_name: SAR_api-aarch64, task_id: 2193, task_name: DASH_ZIP, resource_name: zip1, ref_start_time: 2089987698459400, ref_stop_time: 2089987698577240, actual_exe_time: 117840, task_app_start_time:2089980969193987, task_sched_time:2089987698449890
app_id: 0, app_name: SAR_api-aarch64, task_id: 2194, task_name: DASH_FFT, resource_name: cpu1, ref_start_time: 2089987699459720, ref_stop_time: 2089987699503070, actual_exe_time: 43350, task_app_start_time:2089980969193987, task_sched_time:2089987699454740
app_id: 0, app_name: SAR_api-aarch64, task_id: 2195, task_name: DASH_ZIP, resource_name: cpu2, ref_start_time: 2089987700058130, ref_stop_time: 2089987700136220, actual_exe_time: 78090, task_app_start_time:2089980969193987, task_sched_time:2089987700048470
app_id: 0, app_name: SAR_api-aarch64, task_id: 2196, task_name: DASH_FFT, resource_name: cpu3, ref_start_time: 2089987704296351, ref_stop_time: 2089987704371621, actual_exe_time: 75270, task_app_start_time:2089980969193987, task_sched_time:2089987700801230
app_id: 0, app_name: SAR_api-aarch64, task_id: 2197, task_name: DASH_ZIP, resource_name: zip1, ref_start_time: 2089987705247801, ref_stop_time: 2089987705367861, actual_exe_time: 120060, task_app_start_time:2089980969193987, task_sched_time:2089987705244231
app_id: 0, app_name: SAR_api-aarch64, task_id: 2198, task_name: DASH_FFT, resource_name: cpu1, ref_start_time: 2089987705884431, ref_stop_time: 2089987705930511, actual_exe_time: 46080, task_app_start_time:2089980969193987, task_sched_time:2089987705872581
app_id: 0, app_name: SAR_api-aarch64, task_id: 2199, task_name: DASH_ZIP, resource_name: cpu2, ref_start_time: 2089987706451821, ref_stop_time: 2089987706528111, actual_exe_time: 76290, task_app_start_time:2089980969193987, task_sched_time:2089987706441981
app_id: 0, app_name: SAR_api-aarch64, task_id: 2200, task_name: DASH_FFT, resource_name: cpu3, ref_start_time: 2089987712311722, ref_stop_time: 2089987712384202, actual_exe_time: 72480, task_app_start_time:2089980969193987, task_sched_time:2089987706900051
app_id: 0, app_name: SAR_api-aarch64, task_id: 2201, task_name: DASH_ZIP, resource_name: zip1, ref_start_time: 2089987713144852, ref_stop_time: 2089987713265032, actual_exe_time: 120180, task_app_start_time:2089980969193987, task_sched_time:2089987713135222
app_id: 0, app_name: SAR_api-aarch64, task_id: 2202, task_name: DASH_FFT, resource_name: cpu1, ref_start_time: 2089987713883932, ref_stop_time: 2089987713929022, actual_exe_time: 45090, task_app_start_time:2089980969193987, task_sched_time:2089987713873462
app_id: 0, app_name: SAR_api-aarch64, task_id: 2203, task_name: DASH_ZIP, resource_name: cpu2, ref_start_time: 2089987714310802, ref_stop_time: 2089987714388232, actual_exe_time: 77430, task_app_start_time:2089980969193987, task_sched_time:2089987714303002
app_id: 0, app_name: SAR_api-aarch64, task_id: 2204, task_name: DASH_FFT, resource_name: cpu3, ref_start_time: 2089987715155633, ref_stop_time: 2089987715208313, actual_exe_time: 52680, task_app_start_time:2089980969193987, task_sched_time:2089987715148913
app_id: 0, app_name: SAR_api-aarch64, task_id: 2205, task_name: DASH_ZIP, resource_name: zip1, ref_start_time: 2089987716715963, ref_stop_time: 2089987716836443, actual_exe_time: 120480, task_app_start_time:2089980969193987, task_sched_time:2089987715985823
app_id: 0, app_name: SAR_api-aarch64, task_id: 2206, task_name: DASH_FFT, resource_name: cpu1, ref_start_time: 2089987717676473, ref_stop_time: 2089987717720993, actual_exe_time: 44520, task_app_start_time:2089980969193987, task_sched_time:2089987717664053
app_id: 0, app_name: SAR_api-aarch64, task_id: 2207, task_name: DASH_ZIP, resource_name: cpu2, ref_start_time: 2089987718742643, ref_stop_time: 2089987718821813, actual_exe_time: 79170, task_app_start_time:2089980969193987, task_sched_time:2089987718736373
app_id: 0, app_name: SAR_api-aarch64, task_id: 2208, task_name: DASH_FFT, resource_name: cpu3, ref_start_time: 2089987721758964, ref_stop_time: 2089987721828504, actual_exe_time: 69540, task_app_start_time:2089980969193987, task_sched_time:2089987719412273
app_id: 0, app_name: SAR_api-aarch64, task_id: 2209, task_name: DASH_ZIP, resource_name: zip1, ref_start_time: 2089987729134585, ref_stop_time: 2089987729266015, actual_exe_time: 131430, task_app_start_time:2089980969193987, task_sched_time:2089987729127655
app_id: 0, app_name: SAR_api-aarch64, task_id: 2210, task_name: DASH_FFT, resource_name: cpu1, ref_start_time: 2089987730003955, ref_stop_time: 2089987730052075, actual_exe_time: 48120, task_app_start_time:2089980969193987, task_sched_time:2089987729997625
app_id: 0, app_name: SAR_api-aarch64, task_id: 2211, task_name: DASH_ZIP, resource_name: cpu2, ref_start_time: 2089987730763345, ref_stop_time: 2089987730840415, actual_exe_time: 77070, task_app_start_time:2089980969193987, task_sched_time:2089987730755635
app_id: 0, app_name: SAR_api-aarch64, task_id: 2212, task_name: DASH_FFT, resource_name: cpu3, ref_start_time: 2089987731418365, ref_stop_time: 2089987731476565, actual_exe_time: 58200, task_app_start_time:2089980969193987, task_sched_time:2089987731415185
app_id: 0, app_name: SAR_api-aarch64, task_id: 2213, task_name: DASH_ZIP, resource_name: zip1, ref_start_time: 2089987732477605, ref_stop_time: 2089987732595565, actual_exe_time: 117960, task_app_start_time:2089980969193987, task_sched_time:2089987732471245
app_id: 0, app_name: SAR_api-aarch64, task_id: 2214, task_name: DASH_FFT, resource_name: cpu1, ref_start_time: 2089987735489906, ref_stop_time: 2089987735534666, actual_exe_time: 44760, task_app_start_time:2089980969193987, task_sched_time:2089987735478296
app_id: 0, app_name: SAR_api-aarch64, task_id: 2215, task_name: DASH_ZIP, resource_name: cpu2, ref_start_time: 2089987736213686, ref_stop_time: 2089987736302576, actual_exe_time: 88890, task_app_start_time:2089980969193987, task_sched_time:2089987736203966
app_id: 0, app_name: SAR_api-aarch64, task_id: 2216, task_name: DASH_FFT, resource_name: cpu3, ref_start_time: 2089987736972026, ref_stop_time: 2089987737034396, actual_exe_time: 62370, task_app_start_time:2089980969193987, task_sched_time:2089987736868526
app_id: 0, app_name: SAR_api-aarch64, task_id: 2217, task_name: DASH_ZIP, resource_name: zip1, ref_start_time: 2089987740575897, ref_stop_time: 2089987740700157, actual_exe_time: 124260, task_app_start_time:2089980969193987, task_sched_time:2089987738033636
app_id: 0, app_name: SAR_api-aarch64, task_id: 2218, task_name: DASH_FFT, resource_name: cpu1, ref_start_time: 2089987741268537, ref_stop_time: 2089987741315637, actual_exe_time: 47100, task_app_start_time:2089980969193987, task_sched_time:2089987741255397
app_id: 0, app_name: SAR_api-aarch64, task_id: 2219, task_name: DASH_ZIP, resource_name: cpu2, ref_start_time: 2089987741849337, ref_stop_time: 2089987741925747, actual_exe_time: 76410, task_app_start_time:2089980969193987, task_sched_time:2089987741846217
app_id: 0, app_name: SAR_api-aarch64, task_id: 2220, task_name: DASH_FFT, resource_name: cpu3, ref_start_time: 2089987742567327, ref_stop_time: 2089987742630327, actual_exe_time: 63000, task_app_start_time:2089980969193987, task_sched_time:2089987742361557
app_id: 0, app_name: SAR_api-aarch64, task_id: 2221, task_name: DASH_ZIP, resource_name: zip1, ref_start_time: 2089987743243827, ref_stop_time: 2089987743363257, actual_exe_time: 119430, task_app_start_time:2089980969193987, task_sched_time:2089987743239447
app_id: 0, app_name: SAR_api-aarch64, task_id: 2222, task_name: DASH_FFT, resource_name: cpu1, ref_start_time: 2089987743810647, ref_stop_time: 2089987743852077, actual_exe_time: 41430, task_app_start_time:2089980969193987, task_sched_time:2089987743797267
app_id: 0, app_name: SAR_api-aarch64, task_id: 2223, task_name: DASH_ZIP, resource_name: cpu2, ref_start_time: 2089987744324637, ref_stop_time: 2089987744401677, actual_exe_time: 77040, task_app_start_time:2089980969193987, task_sched_time:2089987744315037
app_id: 0, app_name: SAR_api-aarch64, task_id: 2224, task_name: DASH_FFT, resource_name: cpu3, ref_start_time: 2089987748902218, ref_stop_time: 2089987748962788, actual_exe_time: 60570, task_app_start_time:2089980969193987, task_sched_time:2089987748894418
app_id: 0, app_name: SAR_api-aarch64, task_id: 2225, task_name: DASH_ZIP, resource_name: zip1, ref_start_time: 2089987750025238, ref_stop_time: 2089987750144368, actual_exe_time: 119130, task_app_start_time:2089980969193987, task_sched_time:2089987750018668
app_id: 0, app_name: SAR_api-aarch64, task_id: 2226, task_name: DASH_FFT, resource_name: cpu1, ref_start_time: 2089987751090328, ref_stop_time: 2089987751133018, actual_exe_time: 42690, task_app_start_time:2089980969193987, task_sched_time:2089987751081898
app_id: 0, app_name: SAR_api-aarch64, task_id: 2227, task_name: DASH_ZIP, resource_name: cpu2, ref_start_time: 2089987752750439, ref_stop_time: 2089987752833659, actual_exe_time: 83220, task_app_start_time:2089980969193987, task_sched_time:2089987752742129
app_id: 0, app_name: SAR_api-aarch64, task_id: 2228, task_name: DASH_FFT, resource_name: cpu3, ref_start_time: 2089987756450129, ref_stop_time: 2089987756508869, actual_exe_time: 58740, task_app_start_time:2089980969193987, task_sched_time:2089987756444309
app_id: 0, app_name: SAR_api-aarch64, task_id: 2229, task_name: DASH_ZIP, resource_name: zip1, ref_start_time: 2089987757673679, ref_stop_time: 2089987757792989, actual_exe_time: 119310, task_app_start_time:2089980969193987, task_sched_time:2089987757664049
app_id: 0, app_name: SAR_api-aarch64, task_id: 2230, task_name: DASH_FFT, resource_name: cpu1, ref_start_time: 2089987758934670, ref_stop_time: 2089987758978740, actual_exe_time: 44070, task_app_start_time:2089980969193987, task_sched_time:2089987758922700
app_id: 0, app_name: SAR_api-aarch64, task_id: 2231, task_name: DASH_ZIP, resource_name: cpu2, ref_start_time: 2089987759872530, ref_stop_time: 2089987759949600, actual_exe_time: 77070, task_app_start_time:2089980969193987, task_sched_time:2089987759869680
app_id: 0, app_name: SAR_api-aarch64, task_id: 2232, task_name: DASH_FFT, resource_name: cpu3, ref_start_time: 2089987764296751, ref_stop_time: 2089987764365121, actual_exe_time: 68370, task_app_start_time:2089980969193987, task_sched_time:2089987763777360
app_id: 0, app_name: SAR_api-aarch64, task_id: 2233, task_name: DASH_ZIP, resource_name: zip1, ref_start_time: 2089987768307121, ref_stop_time: 2089987768430571, actual_exe_time: 123450, task_app_start_time:2089980969193987, task_sched_time:2089987765453761
app_id: 0, app_name: SAR_api-aarch64, task_id: 2234, task_name: DASH_FFT, resource_name: cpu1, ref_start_time: 2089987769043921, ref_stop_time: 2089987769090961, actual_exe_time: 47040, task_app_start_time:2089980969193987, task_sched_time:2089987769038881
app_id: 0, app_name: SAR_api-aarch64, task_id: 2235, task_name: DASH_ZIP, resource_name: cpu2, ref_start_time: 2089987769738541, ref_stop_time: 2089987769815821, actual_exe_time: 77280, task_app_start_time:2089980969193987, task_sched_time:2089987769734581
app_id: 0, app_name: SAR_api-aarch64, task_id: 2236, task_name: DASH_FFT, resource_name: cpu3, ref_start_time: 2089987772313412, ref_stop_time: 2089987772385382, actual_exe_time: 71970, task_app_start_time:2089980969193987, task_sched_time:2089987770314841
app_id: 0, app_name: SAR_api-aarch64, task_id: 2237, task_name: DASH_ZIP, resource_name: zip1, ref_start_time: 2089987772724562, ref_stop_time: 2089987772845282, actual_exe_time: 120720, task_app_start_time:2089980969193987, task_sched_time:2089987772717092
app_id: 0, app_name: SAR_api-aarch64, task_id: 2238, task_name: DASH_FFT, resource_name: cpu1, ref_start_time: 2089987773722572, ref_stop_time: 2089987773765532, actual_exe_time: 42960, task_app_start_time:2089980969193987, task_sched_time:2089987773714322
app_id: 0, app_name: SAR_api-aarch64, task_id: 2239, task_name: DASH_ZIP, resource_name: cpu2, ref_start_time: 2089987774429552, ref_stop_time: 2089987774507792, actual_exe_time: 78240, task_app_start_time:2089980969193987, task_sched_time:2089987774426432
app_id: 0, app_name: SAR_api-aarch64, task_id: 2240, task_name: DASH_FFT, resource_name: cpu3, ref_start_time: 2089987780433303, ref_stop_time: 2089987780504763, actual_exe_time: 71460, task_app_start_time:2089980969193987, task_sched_time:2089987780421723
app_id: 0, app_name: SAR_api-aarch64, task_id: 2241, task_name: DASH_ZIP, resource_name: zip1, ref_start_time: 2089987780830203, ref_stop_time: 2089987780951763, actual_exe_time: 121560, task_app_start_time:2089980969193987, task_sched_time:2089987780826063
app_id: 0, app_name: SAR_api-aarch64, task_id: 2242, task_name: DASH_FFT, resource_name: cpu1, ref_start_time: 2089987781487923, ref_stop_time: 2089987781531153, actual_exe_time: 43230, task_app_start_time:2089980969193987, task_sched_time:2089987781477483
app_id: 0, app_name: SAR_api-aarch64, task_id: 2243, task_name: DASH_ZIP, resource_name: cpu2, ref_start_time: 2089987788849054, ref_stop_time: 2089987788932124, actual_exe_time: 83070, task_app_start_time:2089980969193987, task_sched_time:2089987788767424
app_id: 0, app_name: SAR_api-aarch64, task_id: 2244, task_name: DASH_FFT, resource_name: cpu3, ref_start_time: 2089987789494175, ref_stop_time: 2089987789556005, actual_exe_time: 61830, task_app_start_time:2089980969193987, task_sched_time:2089987789490155
app_id: 0, app_name: SAR_api-aarch64, task_id: 2245, task_name: DASH_ZIP, resource_name: zip1, ref_start_time: 2089987790340595, ref_stop_time: 2089987790459485, actual_exe_time: 118890, task_app_start_time:2089980969193987, task_sched_time:2089987790334505
app_id: 0, app_name: SAR_api-aarch64, task_id: 2246, task_name: DASH_FFT, resource_name: cpu1, ref_start_time: 2089987790995285, ref_stop_time: 2089987791038185, actual_exe_time: 42900, task_app_start_time:2089980969193987, task_sched_time:2089987790991745
app_id: 0, app_name: SAR_api-aarch64, task_id: 2247, task_name: DASH_ZIP, resource_name: cpu2, ref_start_time: 2089987792425925, ref_stop_time: 2089987792507735, actual_exe_time: 81810, task_app_start_time:2089980969193987, task_sched_time:2089987792421545
app_id: 0, app_name: SAR_api-aarch64, task_id: 2248, task_name: DASH_FFT, resource_name: cpu3, ref_start_time: 2089987792986445, ref_stop_time: 2089987793043865, actual_exe_time: 57420, task_app_start_time:2089980969193987, task_sched_time:2089987792983475
app_id: 0, app_name: SAR_api-aarch64, task_id: 2249, task_name: DASH_ZIP, resource_name: zip1, ref_start_time: 2089987794028915, ref_stop_time: 2089987794146995, actual_exe_time: 118080, task_app_start_time:2089980969193987, task_sched_time:2089987794025585
app_id: 0, app_name: SAR_api-aarch64, task_id: 2250, task_name: DASH_FFT, resource_name: cpu1, ref_start_time: 2089987794469225, ref_stop_time: 2089987794511675, actual_exe_time: 42450, task_app_start_time:2089980969193987, task_sched_time:2089987794460165
app_id: 0, app_name: SAR_api-aarch64, task_id: 2251, task_name: DASH_ZIP, resource_name: cpu2, ref_start_time: 2089987798580696, ref_stop_time: 2089987798665086, actual_exe_time: 84390, task_app_start_time:2089980969193987, task_sched_time:2089987798499546
app_id: 0, app_name: SAR_api-aarch64, task_id: 2252, task_name: DASH_FFT, resource_name: cpu3, ref_start_time: 2089987799271506, ref_stop_time: 2089987799339666, actual_exe_time: 68160, task_app_start_time:2089980969193987, task_sched_time:2089987799262116
app_id: 0, app_name: SAR_api-aarch64, task_id: 2253, task_name: DASH_ZIP, resource_name: zip1, ref_start_time: 2089987800232136, ref_stop_time: 2089987800361406, actual_exe_time: 129270, task_app_start_time:2089980969193987, task_sched_time:2089987800222446
app_id: 0, app_name: SAR_api-aarch64, task_id: 2254, task_name: DASH_FFT, resource_name: cpu1, ref_start_time: 2089987804332687, ref_stop_time: 2089987804386147, actual_exe_time: 53460, task_app_start_time:2089980969193987, task_sched_time:2089987800909866
app_id: 0, app_name: SAR_api-aarch64, task_id: 2255, task_name: DASH_ZIP, resource_name: cpu2, ref_start_time: 2089987805244507, ref_stop_time: 2089987805322507, actual_exe_time: 78000, task_app_start_time:2089980969193987, task_sched_time:2089987805234787
app_id: 0, app_name: SAR_api-aarch64, task_id: 2256, task_name: DASH_FFT, resource_name: cpu3, ref_start_time: 2089987805800527, ref_stop_time: 2089987805854827, actual_exe_time: 54300, task_app_start_time:2089980969193987, task_sched_time:2089987805793087
app_id: 0, app_name: SAR_api-aarch64, task_id: 2257, task_name: DASH_ZIP, resource_name: zip1, ref_start_time: 2089987806692697, ref_stop_time: 2089987806810717, actual_exe_time: 118020, task_app_start_time:2089980969193987, task_sched_time:2089987806685377
app_id: 0, app_name: SAR_api-aarch64, task_id: 2258, task_name: DASH_FFT, resource_name: cpu1, ref_start_time: 2089987807367487, ref_stop_time: 2089987807411527, actual_exe_time: 44040, task_app_start_time:2089980969193987, task_sched_time:2089987807357047
app_id: 0, app_name: SAR_api-aarch64, task_id: 2259, task_name: DASH_ZIP, resource_name: cpu2, ref_start_time: 2089987807965478, ref_stop_time: 2089987808041408, actual_exe_time: 75930, task_app_start_time:2089980969193987, task_sched_time:2089987807962268
app_id: 0, app_name: SAR_api-aarch64, task_id: 2260, task_name: DASH_FFT, resource_name: cpu3, ref_start_time: 2089987808528278, ref_stop_time: 2089987808579068, actual_exe_time: 50790, task_app_start_time:2089980969193987, task_sched_time:2089987808519428
app_id: 0, app_name: SAR_api-aarch64, task_id: 2261, task_name: DASH_ZIP, resource_name: zip1, ref_start_time: 2089987809364468, ref_stop_time: 2089987809482128, actual_exe_time: 117660, task_app_start_time:2089980969193987, task_sched_time:2089987809354718
app_id: 0, app_name: SAR_api-aarch64, task_id: 2262, task_name: DASH_FFT, resource_name: cpu1, ref_start_time: 2089987810532218, ref_stop_time: 2089987810578028, actual_exe_time: 45810, task_app_start_time:2089980969193987, task_sched_time:2089987809956278
app_id: 0, app_name: SAR_api-aarch64, task_id: 2263, task_name: DASH_ZIP, resource_name: cpu2, ref_start_time: 2089987810943818, ref_stop_time: 2089987811021008, actual_exe_time: 77190, task_app_start_time:2089980969193987, task_sched_time:2089987810941058
app_id: 0, app_name: SAR_api-aarch64, task_id: 2264, task_name: DASH_FFT, resource_name: cpu3, ref_start_time: 2089987811827198, ref_stop_time: 2089987811881348, actual_exe_time: 54150, task_app_start_time:2089980969193987, task_sched_time:2089987811819188
app_id: 0, app_name: SAR_api-aarch64, task_id: 2265, task_name: DASH_ZIP, resource_name: zip1, ref_start_time: 2089987812801748, ref_stop_time: 2089987812920728, actual_exe_time: 118980, task_app_start_time:2089980969193987, task_sched_time:2089987812793498
app_id: 0, app_name: SAR_api-aarch64, task_id: 2266, task_name: DASH_FFT, resource_name: cpu1, ref_start_time: 2089987816873979, ref_stop_time: 2089987816927169, actual_exe_time: 53190, task_app_start_time:2089980969193987, task_sched_time:2089987816864919
app_id: 0, app_name: SAR_api-aarch64, task_id: 2267, task_name: DASH_ZIP, resource_name: cpu2, ref_start_time: 2089987820603940, ref_stop_time: 2089987820687610, actual_exe_time: 83670, task_app_start_time:2089980969193987, task_sched_time:2089987820545920
app_id: 0, app_name: SAR_api-aarch64, task_id: 2268, task_name: DASH_FFT, resource_name: cpu3, ref_start_time: 2089987821343050, ref_stop_time: 2089987821403470, actual_exe_time: 60420, task_app_start_time:2089980969193987, task_sched_time:2089987821336540
app_id: 0, app_name: SAR_api-aarch64, task_id: 2269, task_name: DASH_ZIP, resource_name: zip1, ref_start_time: 2089987824324240, ref_stop_time: 2089987824443580, actual_exe_time: 119340, task_app_start_time:2089980969193987, task_sched_time:2089987824312540
app_id: 0, app_name: SAR_api-aarch64, task_id: 2270, task_name: DASH_FFT, resource_name: cpu1, ref_start_time: 2089987828436731, ref_stop_time: 2089987828485271, actual_exe_time: 48540, task_app_start_time:2089980969193987, task_sched_time:2089987828430041
app_id: 0, app_name: SAR_api-aarch64, task_id: 2271, task_name: DASH_ZIP, resource_name: cpu2, ref_start_time: 2089987829200231, ref_stop_time: 2089987829278141, actual_exe_time: 77910, task_app_start_time:2089980969193987, task_sched_time:2089987829192911
app_id: 0, app_name: SAR_api-aarch64, task_id: 2272, task_name: DASH_FFT, resource_name: cpu3, ref_start_time: 2089987829802931, ref_stop_time: 2089987829857591, actual_exe_time: 54660, task_app_start_time:2089980969193987, task_sched_time:2089987829797651
app_id: 0, app_name: SAR_api-aarch64, task_id: 2273, task_name: DASH_ZIP, resource_name: zip1, ref_start_time: 2089987831390471, ref_stop_time: 2089987831516201, actual_exe_time: 125730, task_app_start_time:2089980969193987, task_sched_time:2089987831383601
app_id: 0, app_name: SAR_api-aarch64, task_id: 2274, task_name: DASH_FFT, resource_name: cpu1, ref_start_time: 2089987836740132, ref_stop_time: 2089987836794552, actual_exe_time: 54420, task_app_start_time:2089980969193987, task_sched_time:2089987836725492
app_id: 0, app_name: SAR_api-aarch64, task_id: 2275, task_name: DASH_ZIP, resource_name: cpu2, ref_start_time: 2089987837614362, ref_stop_time: 2089987837698572, actual_exe_time: 84210, task_app_start_time:2089980969193987, task_sched_time:2089987837606952
app_id: 0, app_name: SAR_api-aarch64, task_id: 2276, task_name: DASH_FFT, resource_name: cpu3, ref_start_time: 2089987841118753, ref_stop_time: 2089987841178303, actual_exe_time: 59550, task_app_start_time:2089980969193987, task_sched_time:2089987841113293
app_id: 0, app_name: SAR_api-aarch64, task_id: 2277, task_name: DASH_ZIP, resource_name: zip1, ref_start_time: 2089987844750073, ref_stop_time: 2089987844869233, actual_exe_time: 119160, task_app_start_time:2089980969193987, task_sched_time:2089987844745003
app_id: 0, app_name: SAR_api-aarch64, task_id: 2278, task_name: DASH_FFT, resource_name: cpu1, ref_start_time: 2089987845067683, ref_stop_time: 2089987845112324, actual_exe_time: 44641, task_app_start_time:2089980969193987, task_sched_time:2089987845063273
app_id: 0, app_name: SAR_api-aarch64, task_id: 2279, task_name: DASH_ZIP, resource_name: cpu2, ref_start_time: 2089987847286544, ref_stop_time: 2089987847364634, actual_exe_time: 78090, task_app_start_time:2089980969193987, task_sched_time:2089987847279824
app_id: 0, app_name: SAR_api-aarch64, task_id: 2280, task_name: DASH_FFT, resource_name: cpu3, ref_start_time: 2089987848971524, ref_stop_time: 2089987849205314, actual_exe_time: 233790, task_app_start_time:2089980969193987, task_sched_time:2089987848965674
app_id: 0, app_name: SAR_api-aarch64, task_id: 2281, task_name: DASH_ZIP, resource_name: zip1, ref_start_time: 2089987853439155, ref_stop_time: 2089987853565875, actual_exe_time: 126720, task_app_start_time:2089980969193987, task_sched_time:2089987853428715
app_id: 0, app_name: SAR_api-aarch64, task_id: 2282, task_name: DASH_FFT, resource_name: cpu1, ref_start_time: 2089987856888405, ref_stop_time: 2089987856938685, actual_exe_time: 50280, task_app_start_time:2089980969193987, task_sched_time:2089987856880365
app_id: 0, app_name: SAR_api-aarch64, task_id: 2283, task_name: DASH_ZIP, resource_name: cpu2, ref_start_time: 2089987860614646, ref_stop_time: 2089987860694656, actual_exe_time: 80010, task_app_start_time:2089980969193987, task_sched_time:2089987860509796
app_id: 0, app_name: SAR_api-aarch64, task_id: 2284, task_name: DASH_FFT, resource_name: cpu3, ref_start_time: 2089987861182666, ref_stop_time: 2089987861251276, actual_exe_time: 68610, task_app_start_time:2089980969193987, task_sched_time:2089987861177146
app_id: 0, app_name: SAR_api-aarch64, task_id: 2285, task_name: DASH_ZIP, resource_name: zip1, ref_start_time: 2089987861577706, ref_stop_time: 2089987861695966, actual_exe_time: 118260, task_app_start_time:2089980969193987, task_sched_time:2089987861569246
app_id: 0, app_name: SAR_api-aarch64, task_id: 2286, task_name: DASH_FFT, resource_name: cpu1, ref_start_time: 2089987868509207, ref_stop_time: 2089987868565517, actual_exe_time: 56310, task_app_start_time:2089980969193987, task_sched_time:2089987868500177
app_id: 0, app_name: SAR_api-aarch64, task_id: 2287, task_name: DASH_ZIP, resource_name: cpu2, ref_start_time: 2089987869498727, ref_stop_time: 2089987869580477, actual_exe_time: 81750, task_app_start_time:2089980969193987, task_sched_time:2089987869491827
app_id: 0, app_name: SAR_api-aarch64, task_id: 2288, task_name: DASH_FFT, resource_name: cpu3, ref_start_time: 2089987872308048, ref_stop_time: 2089987872382238, actual_exe_time: 74190, task_app_start_time:2089980969193987, task_sched_time:2089987870260038
app_id: 0, app_name: SAR_api-aarch64, task_id: 2289, task_name: DASH_ZIP, resource_name: zip1, ref_start_time: 2089987872865718, ref_stop_time: 2089987872985598, actual_exe_time: 119880, task_app_start_time:2089980969193987, task_sched_time:2089987872862448
app_id: 0, app_name: SAR_api-aarch64, task_id: 2290, task_name: DASH_FFT, resource_name: cpu1, ref_start_time: 2089987874020688, ref_stop_time: 2089987874063468, actual_exe_time: 42780, task_app_start_time:2089980969193987, task_sched_time:2089987874015228
app_id: 0, app_name: SAR_api-aarch64, task_id: 2291, task_name: DASH_ZIP, resource_name: cpu2, ref_start_time: 2089987874645258, ref_stop_time: 2089987874724038, actual_exe_time: 78780, task_app_start_time:2089980969193987, task_sched_time:2089987874594168
app_id: 0, app_name: SAR_api-aarch64, task_id: 2292, task_name: DASH_FFT, resource_name: cpu3, ref_start_time: 2089987878078849, ref_stop_time: 2089987878144309, actual_exe_time: 65460, task_app_start_time:2089980969193987, task_sched_time:2089987875204218
app_id: 0, app_name: SAR_api-aarch64, task_id: 2293, task_name: DASH_ZIP, resource_name: zip1, ref_start_time: 2089987879126269, ref_stop_time: 2089987879246299, actual_exe_time: 120030, task_app_start_time:2089980969193987, task_sched_time:2089987879121769
app_id: 0, app_name: SAR_api-aarch64, task_id: 2294, task_name: DASH_FFT, resource_name: cpu1, ref_start_time: 2089987879919109, ref_stop_time: 2089987879963869, actual_exe_time: 44760, task_app_start_time:2089980969193987, task_sched_time:2089987879906599
app_id: 0, app_name: SAR_api-aarch64, task_id: 2295, task_name: DASH_ZIP, resource_name: cpu2, ref_start_time: 2089987888662851, ref_stop_time: 2089987888746611, actual_exe_time: 83760, task_app_start_time:2089980969193987, task_sched_time:2089987888586141
app_id: 0, app_name: SAR_api-aarch64, task_id: 2296, task_name: DASH_FFT, resource_name: cpu3, ref_start_time: 2089987889288621, ref_stop_time: 2089987889350331, actual_exe_time: 61710, task_app_start_time:2089980969193987, task_sched_time:2089987889282651
app_id: 0, app_name: SAR_api-aarch64, task_id: 2297, task_name: DASH_ZIP, resource_name: zip1, ref_start_time: 2089987892828201, ref_stop_time: 2089987892949011, actual_exe_time: 120810, task_app_start_time:2089980969193987, task_sched_time:2089987892823851
app_id: 0, app_name: SAR_api-aarch64, task_id: 2298, task_name: DASH_FFT, resource_name: cpu1, ref_start_time: 2089987894845342, ref_stop_time: 2089987894892382, actual_exe_time: 47040, task_app_start_time:2089980969193987, task_sched_time:2089987894842132
app_id: 0, app_name: SAR_api-aarch64, task_id: 2299, task_name: DASH_ZIP, resource_name: cpu2, ref_start_time: 2089987895797482, ref_stop_time: 2089987895881122, actual_exe_time: 83640, task_app_start_time:2089980969193987, task_sched_time:2089987895787612
app_id: 0, app_name: SAR_api-aarch64, task_id: 2300, task_name: DASH_FFT, resource_name: cpu3, ref_start_time: 2089987896414942, ref_stop_time: 2089987896479322, actual_exe_time: 64380, task_app_start_time:2089980969193987, task_sched_time:2089987896408042
app_id: 0, app_name: SAR_api-aarch64, task_id: 2301, task_name: DASH_ZIP, resource_name: zip1, ref_start_time: 2089987900409082, ref_stop_time: 2089987900540722, actual_exe_time: 131640, task_app_start_time:2089980969193987, task_sched_time:2089987897392762
app_id: 0, app_name: SAR_api-aarch64, task_id: 2302, task_name: DASH_FFT, resource_name: cpu1, ref_start_time: 2089987901409073, ref_stop_time: 2089987901457373, actual_exe_time: 48300, task_app_start_time:2089980969193987, task_sched_time:2089987901398093
app_id: 0, app_name: SAR_api-aarch64, task_id: 2303, task_name: DASH_ZIP, resource_name: cpu2, ref_start_time: 2089987902232093, ref_stop_time: 2089987902312463, actual_exe_time: 80370, task_app_start_time:2089980969193987, task_sched_time:2089987902223483
app_id: 0, app_name: SAR_api-aarch64, task_id: 2304, task_name: DASH_FFT, resource_name: cpu3, ref_start_time: 2089987904307013, ref_stop_time: 2089987904376163, actual_exe_time: 69150, task_app_start_time:2089980969193987, task_sched_time:2089987902829843
