app_id: 4, app_name: pulse_doppler_api-aarch64, task_id: 0, task_name: DASH_FFT, resource_name: cpu1, ref_start_time: 2113450791959255, ref_stop_time: 2113450792109675, actual_exe_time: 150420, task_app_start_time:2113450783440423, task_sched_time:2113450791944015
app_id: 4, app_name: pulse_doppler_api-aarch64, task_id: 1, task_name: DASH_FFT, resource_name: cpu2, ref_start_time: 2113450793577575, ref_stop_time: 2113450794121565, actual_exe_time: 543990, task_app_start_time:2113450783440423, task_sched_time:2113450793574245
app_id: 0, app_name: TX_api-aarch64, task_id: 0, task_name: DASH_FFT, resource_name: cpu3, ref_start_time: 2113450798953666, ref_stop_time: 2113450799511186, actual_exe_time: 557520, task_app_start_time:2113450791641525, task_sched_time:2113450798942266
app_id: 4, app_name: pulse_doppler_api-aarch64, task_id: 2, task_name: DASH_ZIP, resource_name: zip1, ref_start_time: 2113450799609856, ref_stop_time: 2113450799691066, actual_exe_time: 81210, task_app_start_time:2113450783440423, task_sched_time:2113450799481486
app_id: 0, app_name: TX_api-aarch64, task_id: 1, task_name: DASH_FFT, resource_name: cpu1, ref_start_time: 2113450800280536, ref_stop_time: 2113450800308016, actual_exe_time: 27480, task_app_start_time:2113450791641525, task_sched_time:2113450800276426
app_id: 4, app_name: pulse_doppler_api-aarch64, task_id: 3, task_name: DASH_FFT, resource_name: cpu2, ref_start_time: 2113450800435126, ref_stop_time: 2113450800886416, actual_exe_time: 451290, task_app_start_time:2113450783440423, task_sched_time:2113450800387396
app_id: 0, app_name: TX_api-aarch64, task_id: 2, task_name: DASH_FFT, resource_name: cpu3, ref_start_time: 2113450802930916, ref_stop_time: 2113450802958906, actual_exe_time: 27990, task_app_start_time:2113450791641525, task_sched_time:2113450802927616
app_id: 1, app_name: TX_api-aarch64, task_id: 0, task_name: DASH_FFT, resource_name: fft1, ref_start_time: 2113450806627067, ref_stop_time: 2113450806962287, actual_exe_time: 335220, task_app_start_time:2113450799136756, task_sched_time:2113450806601297
app_id: 4, app_name: pulse_doppler_api-aarch64, task_id: 4, task_name: DASH_FFT, resource_name: fft2, ref_start_time: 2113450806963787, ref_stop_time: 2113450807205107, actual_exe_time: 241320, task_app_start_time:2113450783440423, task_sched_time:2113450806738217
app_id: 1, app_name: TX_api-aarch64, task_id: 1, task_name: DASH_FFT, resource_name: cpu1, ref_start_time: 2113450808531977, ref_stop_time: 2113450808563897, actual_exe_time: 31920, task_app_start_time:2113450799136756, task_sched_time:2113450808519227
app_id: 0, app_name: TX_api-aarch64, task_id: 3, task_name: DASH_FFT, resource_name: cpu2, ref_start_time: 2113450814933618, ref_stop_time: 2113450814966918, actual_exe_time: 33300, task_app_start_time:2113450791641525, task_sched_time:2113450814925428
app_id: 4, app_name: pulse_doppler_api-aarch64, task_id: 5, task_name: DASH_FFT, resource_name: cpu3, ref_start_time: 2113450815185588, ref_stop_time: 2113450815211508, actual_exe_time: 25920, task_app_start_time:2113450783440423, task_sched_time:2113450815009698
app_id: 1, app_name: TX_api-aarch64, task_id: 2, task_name: DASH_FFT, resource_name: fft1, ref_start_time: 2113450818916089, ref_stop_time: 2113450819179609, actual_exe_time: 263520, task_app_start_time:2113450799136756, task_sched_time:2113450818912759
app_id: 2, app_name: TX_api-aarch64, task_id: 0, task_name: DASH_FFT, resource_name: fft2, ref_start_time: 2113450821721329, ref_stop_time: 2113450821764139, actual_exe_time: 42810, task_app_start_time:2113450811072858, task_sched_time:2113450821694059
app_id: 0, app_name: TX_api-aarch64, task_id: 4, task_name: DASH_FFT, resource_name: cpu1, ref_start_time: 2113450821859749, ref_stop_time: 2113450821888789, actual_exe_time: 29040, task_app_start_time:2113450791641525, task_sched_time:2113450821845919
app_id: 1, app_name: TX_api-aarch64, task_id: 3, task_name: DASH_FFT, resource_name: cpu2, ref_start_time: 2113450821999969, ref_stop_time: 2113450822025439, actual_exe_time: 25470, task_app_start_time:2113450799136756, task_sched_time:2113450821891429
app_id: 0, app_name: TX_api-aarch64, task_id: 5, task_name: DASH_FFT, resource_name: fft1, ref_start_time: 2113450822224219, ref_stop_time: 2113450822265319, actual_exe_time: 41100, task_app_start_time:2113450791641525, task_sched_time:2113450822179939
app_id: 4, app_name: pulse_doppler_api-aarch64, task_id: 6, task_name: DASH_ZIP, resource_name: cpu3, ref_start_time: 2113450822255539, ref_stop_time: 2113450822284909, actual_exe_time: 29370, task_app_start_time:2113450783440423, task_sched_time:2113450821936519
app_id: 3, app_name: TX_api-aarch64, task_id: 0, task_name: DASH_FFT, resource_name: fft2, ref_start_time: 2113450824116020, ref_stop_time: 2113450824261040, actual_exe_time: 145020, task_app_start_time:2113450819905819, task_sched_time:2113450824108610
app_id: 0, app_name: TX_api-aarch64, task_id: 6, task_name: DASH_FFT, resource_name: cpu1, ref_start_time: 2113450831093331, ref_stop_time: 2113450831125281, actual_exe_time: 31950, task_app_start_time:2113450791641525, task_sched_time:2113450831080191
app_id: 4, app_name: pulse_doppler_api-aarch64, task_id: 7, task_name: DASH_FFT, resource_name: cpu2, ref_start_time: 2113450831801031, ref_stop_time: 2113450832062031, actual_exe_time: 261000, task_app_start_time:2113450783440423, task_sched_time:2113450831749161
app_id: 3, app_name: TX_api-aarch64, task_id: 1, task_name: DASH_FFT, resource_name: cpu3, ref_start_time: 2113450832076701, ref_stop_time: 2113450832218481, actual_exe_time: 141780, task_app_start_time:2113450819905819, task_sched_time:2113450832071451
app_id: 1, app_name: TX_api-aarch64, task_id: 4, task_name: DASH_FFT, resource_name: fft1, ref_start_time: 2113450832219501, ref_stop_time: 2113450832462921, actual_exe_time: 243420, task_app_start_time:2113450799136756, task_sched_time:2113450832211551
app_id: 3, app_name: TX_api-aarch64, task_id: 2, task_name: DASH_FFT, resource_name: fft2, ref_start_time: 2113450834942841, ref_stop_time: 2113450834981181, actual_exe_time: 38340, task_app_start_time:2113450819905819, task_sched_time:2113450834938641
app_id: 0, app_name: TX_api-aarch64, task_id: 7, task_name: DASH_FFT, resource_name: cpu1, ref_start_time: 2113450835162952, ref_stop_time: 2113450835290032, actual_exe_time: 127080, task_app_start_time:2113450791641525, task_sched_time:2113450835157552
app_id: 1, app_name: TX_api-aarch64, task_id: 5, task_name: DASH_FFT, resource_name: cpu2, ref_start_time: 2113450836609432, ref_stop_time: 2113450836795432, actual_exe_time: 186000, task_app_start_time:2113450799136756, task_sched_time:2113450836600702
app_id: 2, app_name: TX_api-aarch64, task_id: 1, task_name: DASH_FFT, resource_name: cpu3, ref_start_time: 2113450839290442, ref_stop_time: 2113450839500382, actual_exe_time: 209940, task_app_start_time:2113450811072858, task_sched_time:2113450839279432
app_id: 4, app_name: pulse_doppler_api-aarch64, task_id: 8, task_name: DASH_FFT, resource_name: fft1, ref_start_time: 2113450839577842, ref_stop_time: 2113450843599763, actual_exe_time: 4021921, task_app_start_time:2113450783440423, task_sched_time:2113450839568722
app_id: 3, app_name: TX_api-aarch64, task_id: 3, task_name: DASH_FFT, resource_name: fft2, ref_start_time: 2113450843704193, ref_stop_time: 2113450843745083, actual_exe_time: 40890, task_app_start_time:2113450819905819, task_sched_time:2113450843566583
app_id: 1, app_name: TX_api-aarch64, task_id: 6, task_name: DASH_FFT, resource_name: cpu1, ref_start_time: 2113450843891573, ref_stop_time: 2113450843922383, actual_exe_time: 30810, task_app_start_time:2113450799136756, task_sched_time:2113450843878613
app_id: 0, app_name: TX_api-aarch64, task_id: 8, task_name: DASH_FFT, resource_name: cpu2, ref_start_time: 2113450846027933, ref_stop_time: 2113450851442814, actual_exe_time: 5414881, task_app_start_time:2113450791641525, task_sched_time:2113450846022023
app_id: 2, app_name: TX_api-aarch64, task_id: 2, task_name: DASH_FFT, resource_name: cpu3, ref_start_time: 2113450846279753, ref_stop_time: 2113450851286394, actual_exe_time: 5006641, task_app_start_time:2113450811072858, task_sched_time:2113450846273033
app_id: 4, app_name: pulse_doppler_api-aarch64, task_id: 9, task_name: DASH_FFT, resource_name: fft1, ref_start_time: 2113450855001325, ref_stop_time: 2113450855434705, actual_exe_time: 433380, task_app_start_time:2113450783440423, task_sched_time:2113450854994845
app_id: 3, app_name: TX_api-aarch64, task_id: 4, task_name: DASH_FFT, resource_name: fft2, ref_start_time: 2113450855643895, ref_stop_time: 2113450855681905, actual_exe_time: 38010, task_app_start_time:2113450819905819, task_sched_time:2113450855416165
app_id: 0, app_name: TX_api-aarch64, task_id: 9, task_name: DASH_FFT, resource_name: cpu1, ref_start_time: 2113450855845885, ref_stop_time: 2113450855873845, actual_exe_time: 27960, task_app_start_time:2113450791641525, task_sched_time:2113450855841835
app_id: 1, app_name: TX_api-aarch64, task_id: 7, task_name: DASH_FFT, resource_name: cpu2, ref_start_time: 2113450859716485, ref_stop_time: 2113450859746065, actual_exe_time: 29580, task_app_start_time:2113450799136756, task_sched_time:2113450859641245
app_id: 3, app_name: TX_api-aarch64, task_id: 5, task_name: DASH_FFT, resource_name: cpu3, ref_start_time: 2113450859858595, ref_stop_time: 2113450859951505, actual_exe_time: 92910, task_app_start_time:2113450819905819, task_sched_time:2113450859853645
app_id: 4, app_name: pulse_doppler_api-aarch64, task_id: 10, task_name: DASH_ZIP, resource_name: zip1, ref_start_time: 2113450860671476, ref_stop_time: 2113450860713806, actual_exe_time: 42330, task_app_start_time:2113450783440423, task_sched_time:2113450860221506
app_id: 2, app_name: TX_api-aarch64, task_id: 3, task_name: DASH_FFT, resource_name: cpu1, ref_start_time: 2113450863488176, ref_stop_time: 2113450863764716, actual_exe_time: 276540, task_app_start_time:2113450811072858, task_sched_time:2113450863484246
app_id: 1, app_name: TX_api-aarch64, task_id: 8, task_name: DASH_FFT, resource_name: cpu2, ref_start_time: 2113450863758296, ref_stop_time: 2113450863957646, actual_exe_time: 199350, task_app_start_time:2113450799136756, task_sched_time:2113450863755116
app_id: 4, app_name: pulse_doppler_api-aarch64, task_id: 11, task_name: DASH_FFT, resource_name: fft1, ref_start_time: 2113450865934406, ref_stop_time: 2113450866851147, actual_exe_time: 916741, task_app_start_time:2113450783440423, task_sched_time:2113450865883736
app_id: 3, app_name: TX_api-aarch64, task_id: 6, task_name: DASH_FFT, resource_name: cpu3, ref_start_time: 2113450866347777, ref_stop_time: 2113450866378047, actual_exe_time: 30270, task_app_start_time:2113450819905819, task_sched_time:2113450865695696
app_id: 1, app_name: TX_api-aarch64, task_id: 9, task_name: DASH_FFT, resource_name: fft2, ref_start_time: 2113450866655667, ref_stop_time: 2113450866693197, actual_exe_time: 37530, task_app_start_time:2113450799136756, task_sched_time:2113450866650027
app_id: 2, app_name: TX_api-aarch64, task_id: 4, task_name: DASH_FFT, resource_name: cpu1, ref_start_time: 2113450871427827, ref_stop_time: 2113450871458637, actual_exe_time: 30810, task_app_start_time:2113450811072858, task_sched_time:2113450871136257
app_id: 4, app_name: pulse_doppler_api-aarch64, task_id: 12, task_name: DASH_FFT, resource_name: cpu2, ref_start_time: 2113450879775329, ref_stop_time: 2113450879810639, actual_exe_time: 35310, task_app_start_time:2113450783440423, task_sched_time:2113450879769929
app_id: 3, app_name: TX_api-aarch64, task_id: 7, task_name: DASH_FFT, resource_name: cpu3, ref_start_time: 2113450880369419, ref_stop_time: 2113450880400019, actual_exe_time: 30600, task_app_start_time:2113450819905819, task_sched_time:2113450880361769
app_id: 4, app_name: pulse_doppler_api-aarch64, task_id: 13, task_name: DASH_FFT, resource_name: fft2, ref_start_time: 2113450883142049, ref_stop_time: 2113450883177119, actual_exe_time: 35070, task_app_start_time:2113450783440423, task_sched_time:2113450883053789
app_id: 2, app_name: TX_api-aarch64, task_id: 5, task_name: DASH_FFT, resource_name: fft1, ref_start_time: 2113450884900620, ref_stop_time: 2113450884942230, actual_exe_time: 41610, task_app_start_time:2113450811072858, task_sched_time:2113450882930759
app_id: 3, app_name: TX_api-aarch64, task_id: 8, task_name: DASH_FFT, resource_name: cpu1, ref_start_time: 2113450891276881, ref_stop_time: 2113450891309281, actual_exe_time: 32400, task_app_start_time:2113450819905819, task_sched_time:2113450891266381
app_id: 4, app_name: pulse_doppler_api-aarch64, task_id: 14, task_name: DASH_ZIP, resource_name: cpu2, ref_start_time: 2113450893599391, ref_stop_time: 2113450894107051, actual_exe_time: 507660, task_app_start_time:2113450783440423, task_sched_time:2113450893593061
app_id: 0, app_name: TX_api-aarch64, task_id: 10, task_name: DASH_FFT, resource_name: cpu3, ref_start_time: 2113450893837621, ref_stop_time: 2113450899391582, actual_exe_time: 5553961, task_app_start_time:2113450791641525, task_sched_time:2113450893831951
app_id: 4, app_name: pulse_doppler_api-aarch64, task_id: 15, task_name: DASH_FFT, resource_name: fft1, ref_start_time: 2113450899318922, ref_stop_time: 2113450899362902, actual_exe_time: 43980, task_app_start_time:2113450783440423, task_sched_time:2113450899301792
app_id: 1, app_name: TX_api-aarch64, task_id: 10, task_name: DASH_FFT, resource_name: fft2, ref_start_time: 2113450903052122, ref_stop_time: 2113450903092862, actual_exe_time: 40740, task_app_start_time:2113450799136756, task_sched_time:2113450902940852
app_id: 3, app_name: TX_api-aarch64, task_id: 9, task_name: DASH_FFT, resource_name: cpu1, ref_start_time: 2113450907139773, ref_stop_time: 2113450907361593, actual_exe_time: 221820, task_app_start_time:2113450819905819, task_sched_time:2113450907128463
app_id: 4, app_name: pulse_doppler_api-aarch64, task_id: 16, task_name: DASH_FFT, resource_name: cpu2, ref_start_time: 2113450907493503, ref_stop_time: 2113450911245634, actual_exe_time: 3752131, task_app_start_time:2113450783440423, task_sched_time:2113450907448713
app_id: 2, app_name: TX_api-aarch64, task_id: 6, task_name: DASH_FFT, resource_name: cpu3, ref_start_time: 2113450911760854, ref_stop_time: 2113450911947544, actual_exe_time: 186690, task_app_start_time:2113450811072858, task_sched_time:2113450911755694
app_id: 0, app_name: TX_api-aarch64, task_id: 11, task_name: DASH_FFT, resource_name: fft1, ref_start_time: 2113450915411344, ref_stop_time: 2113450915582644, actual_exe_time: 171300, task_app_start_time:2113450791641525, task_sched_time:2113450915400064
app_id: 4, app_name: pulse_doppler_api-aarch64, task_id: 17, task_name: DASH_FFT, resource_name: fft2, ref_start_time: 2113450915660284, ref_stop_time: 2113450915784334, actual_exe_time: 124050, task_app_start_time:2113450783440423, task_sched_time:2113450915648314
app_id: 2, app_name: TX_api-aarch64, task_id: 7, task_name: DASH_FFT, resource_name: cpu1, ref_start_time: 2113450919048155, ref_stop_time: 2113450919076445, actual_exe_time: 28290, task_app_start_time:2113450811072858, task_sched_time:2113450919038315
app_id: 1, app_name: TX_api-aarch64, task_id: 11, task_name: DASH_FFT, resource_name: cpu2, ref_start_time: 2113450920972085, ref_stop_time: 2113450921001785, actual_exe_time: 29700, task_app_start_time:2113450799136756, task_sched_time:2113450920961075
app_id: 0, app_name: TX_api-aarch64, task_id: 12, task_name: DASH_FFT, resource_name: cpu3, ref_start_time: 2113450921597255, ref_stop_time: 2113450927476686, actual_exe_time: 5879431, task_app_start_time:2113450791641525, task_sched_time:2113450921592845
app_id: 2, app_name: TX_api-aarch64, task_id: 8, task_name: DASH_FFT, resource_name: fft1, ref_start_time: 2113450927739666, ref_stop_time: 2113450927784606, actual_exe_time: 44940, task_app_start_time:2113450811072858, task_sched_time:2113450927724816
app_id: 1, app_name: TX_api-aarch64, task_id: 12, task_name: DASH_FFT, resource_name: fft2, ref_start_time: 2113450928250446, ref_stop_time: 2113450931082567, actual_exe_time: 2832121, task_app_start_time:2113450799136756, task_sched_time:2113450927931306
app_id: 0, app_name: TX_api-aarch64, task_id: 13, task_name: DASH_FFT, resource_name: cpu1, ref_start_time: 2113450931779887, ref_stop_time: 2113450931808627, actual_exe_time: 28740, task_app_start_time:2113450791641525, task_sched_time:2113450931765367
app_id: 4, app_name: pulse_doppler_api-aarch64, task_id: 18, task_name: DASH_ZIP, resource_name: cpu2, ref_start_time: 2113450931995947, ref_stop_time: 2113450932343017, actual_exe_time: 347070, task_app_start_time:2113450783440423, task_sched_time:2113450931887677
app_id: 2, app_name: TX_api-aarch64, task_id: 9, task_name: DASH_FFT, resource_name: cpu3, ref_start_time: 2113450934553387, ref_stop_time: 2113450934581528, actual_exe_time: 28141, task_app_start_time:2113450811072858, task_sched_time:2113450934458977
app_id: 3, app_name: TX_api-aarch64, task_id: 10, task_name: DASH_FFT, resource_name: fft1, ref_start_time: 2113450934657638, ref_stop_time: 2113450935304258, actual_exe_time: 646620, task_app_start_time:2113450819905819, task_sched_time:2113450934644258
app_id: 3, app_name: TX_api-aarch64, task_id: 11, task_name: DASH_FFT, resource_name: cpu1, ref_start_time: 2113450939285228, ref_stop_time: 2113450939317928, actual_exe_time: 32700, task_app_start_time:2113450819905819, task_sched_time:2113450939276768
app_id: 1, app_name: TX_api-aarch64, task_id: 13, task_name: DASH_FFT, resource_name: cpu2, ref_start_time: 2113450939712188, ref_stop_time: 2113450940151268, actual_exe_time: 439080, task_app_start_time:2113450799136756, task_sched_time:2113450939407838
app_id: 0, app_name: TX_api-aarch64, task_id: 14, task_name: DASH_FFT, resource_name: fft2, ref_start_time: 2113450939751908, ref_stop_time: 2113450939794778, actual_exe_time: 42870, task_app_start_time:2113450791641525, task_sched_time:2113450934789368
app_id: 4, app_name: pulse_doppler_api-aarch64, task_id: 19, task_name: DASH_FFT, resource_name: cpu3, ref_start_time: 2113450942966199, ref_stop_time: 2113450943017679, actual_exe_time: 51480, task_app_start_time:2113450783440423, task_sched_time:2113450942960259
app_id: 3, app_name: TX_api-aarch64, task_id: 12, task_name: DASH_FFT, resource_name: fft1, ref_start_time: 2113450943183969, ref_stop_time: 2113450947386730, actual_exe_time: 4202761, task_app_start_time:2113450819905819, task_sched_time:2113450943168039
app_id: 1, app_name: TX_api-aarch64, task_id: 14, task_name: DASH_FFT, resource_name: fft2, ref_start_time: 2113450947910170, ref_stop_time: 2113450947949950, actual_exe_time: 39780, task_app_start_time:2113450799136756, task_sched_time:2113450947304170
app_id: 4, app_name: pulse_doppler_api-aarch64, task_id: 20, task_name: DASH_FFT, resource_name: cpu1, ref_start_time: 2113450948790310, ref_stop_time: 2113450948818120, actual_exe_time: 27810, task_app_start_time:2113450783440423, task_sched_time:2113450948783140
app_id: 4, app_name: pulse_doppler_api-aarch64, task_id: 21, task_name: DASH_FFT, resource_name: cpu2, ref_start_time: 2113450955581441, ref_stop_time: 2113450955724271, actual_exe_time: 142830, task_app_start_time:2113450783440423, task_sched_time:2113450955476891
app_id: 1, app_name: TX_api-aarch64, task_id: 15, task_name: DASH_FFT, resource_name: cpu3, ref_start_time: 2113450955666881, ref_stop_time: 2113450955896891, actual_exe_time: 230010, task_app_start_time:2113450799136756, task_sched_time:2113450955662891
app_id: 1, app_name: TX_api-aarch64, task_id: 16, task_name: DASH_FFT, resource_name: fft1, ref_start_time: 2113450962311552, ref_stop_time: 2113450962360452, actual_exe_time: 48900, task_app_start_time:2113450799136756, task_sched_time:2113450962307352
app_id: 0, app_name: TX_api-aarch64, task_id: 15, task_name: DASH_FFT, resource_name: fft2, ref_start_time: 2113450962816122, ref_stop_time: 2113450963308212, actual_exe_time: 492090, task_app_start_time:2113450791641525, task_sched_time:2113450962481952
app_id: 4, app_name: pulse_doppler_api-aarch64, task_id: 22, task_name: DASH_ZIP, resource_name: zip1, ref_start_time: 2113450967182713, ref_stop_time: 2113450967229813, actual_exe_time: 47100, task_app_start_time:2113450783440423, task_sched_time:2113450967176563
app_id: 3, app_name: TX_api-aarch64, task_id: 13, task_name: DASH_FFT, resource_name: cpu1, ref_start_time: 2113450967415723, ref_stop_time: 2113450967536893, actual_exe_time: 121170, task_app_start_time:2113450819905819, task_sched_time:2113450967406033
app_id: 1, app_name: TX_api-aarch64, task_id: 17, task_name: DASH_FFT, resource_name: cpu2, ref_start_time: 2113450970933103, ref_stop_time: 2113450971170703, actual_exe_time: 237600, task_app_start_time:2113450799136756, task_sched_time:2113450970925753
app_id: 4, app_name: pulse_doppler_api-aarch64, task_id: 23, task_name: DASH_FFT, resource_name: cpu3, ref_start_time: 2113450971564093, ref_stop_time: 2113450975011304, actual_exe_time: 3447211, task_app_start_time:2113450783440423, task_sched_time:2113450971556083
app_id: 0, app_name: TX_api-aarch64, task_id: 16, task_name: DASH_FFT, resource_name: fft1, ref_start_time: 2113450971682143, ref_stop_time: 2113450975092484, actual_exe_time: 3410341, task_app_start_time:2113450791641525, task_sched_time:2113450971677193
app_id: 1, app_name: TX_api-aarch64, task_id: 18, task_name: DASH_FFT, resource_name: fft2, ref_start_time: 2113450976473864, ref_stop_time: 2113450976703784, actual_exe_time: 229920, task_app_start_time:2113450799136756, task_sched_time:2113450976416624
app_id: 2, app_name: TX_api-aarch64, task_id: 10, task_name: DASH_FFT, resource_name: cpu1, ref_start_time: 2113450983055115, ref_stop_time: 2113450983089795, actual_exe_time: 34680, task_app_start_time:2113450811072858, task_sched_time:2113450983043505
app_id: 0, app_name: TX_api-aarch64, task_id: 17, task_name: DASH_FFT, resource_name: cpu2, ref_start_time: 2113450983508535, ref_stop_time: 2113450983727175, actual_exe_time: 218640, task_app_start_time:2113450791641525, task_sched_time:2113450983225455
app_id: 4, app_name: pulse_doppler_api-aarch64, task_id: 24, task_name: DASH_FFT, resource_name: cpu3, ref_start_time: 2113450983922325, ref_stop_time: 2113450983984185, actual_exe_time: 61860, task_app_start_time:2113450783440423, task_sched_time:2113450983760385
app_id: 1, app_name: TX_api-aarch64, task_id: 19, task_name: DASH_FFT, resource_name: fft1, ref_start_time: 2113450987010736, ref_stop_time: 2113450990894807, actual_exe_time: 3884071, task_app_start_time:2113450799136756, task_sched_time:2113450986967746
app_id: 2, app_name: TX_api-aarch64, task_id: 11, task_name: DASH_FFT, resource_name: fft2, ref_start_time: 2113450987278036, ref_stop_time: 2113450990265676, actual_exe_time: 2987640, task_app_start_time:2113450811072858, task_sched_time:2113450987274136
app_id: 3, app_name: TX_api-aarch64, task_id: 14, task_name: DASH_FFT, resource_name: cpu2, ref_start_time: 2113450990729387, ref_stop_time: 2113450990760767, actual_exe_time: 31380, task_app_start_time:2113450819905819, task_sched_time:2113450990571137
app_id: 0, app_name: TX_api-aarch64, task_id: 18, task_name: DASH_FFT, resource_name: cpu3, ref_start_time: 2113450991224237, ref_stop_time: 2113450991254807, actual_exe_time: 30570, task_app_start_time:2113450791641525, task_sched_time:2113450991213857
app_id: 4, app_name: pulse_doppler_api-aarch64, task_id: 25, task_name: DASH_FFT, resource_name: cpu1, ref_start_time: 2113450992526507, ref_stop_time: 2113450992556147, actual_exe_time: 29640, task_app_start_time:2113450783440423, task_sched_time:2113450990375056
app_id: 3, app_name: TX_api-aarch64, task_id: 15, task_name: DASH_FFT, resource_name: fft1, ref_start_time: 2113450995240487, ref_stop_time: 2113450995781267, actual_exe_time: 540780, task_app_start_time:2113450819905819, task_sched_time:2113450995230467
app_id: 4, app_name: pulse_doppler_api-aarch64, task_id: 26, task_name: DASH_ZIP, resource_name: zip1, ref_start_time: 2113450999035458, ref_stop_time: 2113450999081718, actual_exe_time: 46260, task_app_start_time:2113450783440423, task_sched_time:2113450999028918
app_id: 3, app_name: TX_api-aarch64, task_id: 16, task_name: DASH_FFT, resource_name: cpu2, ref_start_time: 2113451003560569, ref_stop_time: 2113451003765739, actual_exe_time: 205170, task_app_start_time:2113450819905819, task_sched_time:2113451003555799
app_id: 4, app_name: pulse_doppler_api-aarch64, task_id: 27, task_name: DASH_FFT, resource_name: cpu3, ref_start_time: 2113451003802789, ref_stop_time: 2113451005687449, actual_exe_time: 1884660, task_app_start_time:2113450783440423, task_sched_time:2113451003799519
app_id: 4, app_name: pulse_doppler_api-aarch64, task_id: 28, task_name: DASH_FFT, resource_name: fft2, ref_start_time: 2113451005658829, ref_stop_time: 2113451005690089, actual_exe_time: 31260, task_app_start_time:2113450783440423, task_sched_time:2113451005652109
app_id: 0, app_name: TX_api-aarch64, task_id: 19, task_name: DASH_FFT, resource_name: fft1, ref_start_time: 2113451006273979, ref_stop_time: 2113451006316399, actual_exe_time: 42420, task_app_start_time:2113450791641525, task_sched_time:2113451004861489
app_id: 2, app_name: TX_api-aarch64, task_id: 12, task_name: DASH_FFT, resource_name: cpu1, ref_start_time: 2113451007309249, ref_stop_time: 2113451007340299, actual_exe_time: 31050, task_app_start_time:2113450811072858, task_sched_time:2113451003321739
app_id: 3, app_name: TX_api-aarch64, task_id: 17, task_name: DASH_FFT, resource_name: cpu1, ref_start_time: 2113451018610371, ref_stop_time: 2113451018644391, actual_exe_time: 34020, task_app_start_time:2113450819905819, task_sched_time:2113451018601491
app_id: 1, app_name: TX_api-aarch64, task_id: 20, task_name: DASH_FFT, resource_name: cpu2, ref_start_time: 2113451019185201, ref_stop_time: 2113451019451931, actual_exe_time: 266730, task_app_start_time:2113450799136756, task_sched_time:2113451019174221
app_id: 2, app_name: TX_api-aarch64, task_id: 13, task_name: DASH_FFT, resource_name: cpu3, ref_start_time: 2113451019506501, ref_stop_time: 2113451019534491, actual_exe_time: 27990, task_app_start_time:2113450811072858, task_sched_time:2113451019457031
app_id: 4, app_name: pulse_doppler_api-aarch64, task_id: 29, task_name: DASH_FFT, resource_name: fft1, ref_start_time: 2113451023701792, ref_stop_time: 2113451023733562, actual_exe_time: 31770, task_app_start_time:2113450783440423, task_sched_time:2113451023663542
app_id: 2, app_name: TX_api-aarch64, task_id: 14, task_name: DASH_FFT, resource_name: fft2, ref_start_time: 2113451026930392, ref_stop_time: 2113451027036472, actual_exe_time: 106080, task_app_start_time:2113450811072858, task_sched_time:2113451026922262
app_id: 1, app_name: TX_api-aarch64, task_id: 21, task_name: DASH_FFT, resource_name: cpu1, ref_start_time: 2113451033278003, ref_stop_time: 2113451033312503, actual_exe_time: 34500, task_app_start_time:2113450799136756, task_sched_time:2113451033264983
app_id: 0, app_name: TX_api-aarch64, task_id: 20, task_name: DASH_FFT, resource_name: cpu3, ref_start_time: 2113451034590474, ref_stop_time: 2113451034622964, actual_exe_time: 32490, task_app_start_time:2113450791641525, task_sched_time:2113451034584054
app_id: 2, app_name: TX_api-aarch64, task_id: 15, task_name: DASH_FFT, resource_name: fft1, ref_start_time: 2113451035019534, ref_stop_time: 2113451035067444, actual_exe_time: 47910, task_app_start_time:2113450811072858, task_sched_time:2113451035007624
app_id: 3, app_name: TX_api-aarch64, task_id: 18, task_name: DASH_FFT, resource_name: cpu1, ref_start_time: 2113451036467904, ref_stop_time: 2113451036497454, actual_exe_time: 29550, task_app_start_time:2113450819905819, task_sched_time:2113451036457974
app_id: 1, app_name: TX_api-aarch64, task_id: 22, task_name: DASH_FFT, resource_name: fft2, ref_start_time: 2113451036836274, ref_stop_time: 2113451036877614, actual_exe_time: 41340, task_app_start_time:2113450799136756, task_sched_time:2113451035392014
app_id: 4, app_name: pulse_doppler_api-aarch64, task_id: 30, task_name: DASH_ZIP, resource_name: cpu2, ref_start_time: 2113451036891204, ref_stop_time: 2113451036916014, actual_exe_time: 24810, task_app_start_time:2113450783440423, task_sched_time:2113451033723953
app_id: 2, app_name: TX_api-aarch64, task_id: 16, task_name: DASH_FFT, resource_name: cpu2, ref_start_time: 2113451037016664, ref_stop_time: 2113451037040814, actual_exe_time: 24150, task_app_start_time:2113450811072858, task_sched_time:2113451037009434
app_id: 0, app_name: TX_api-aarch64, task_id: 21, task_name: DASH_FFT, resource_name: cpu3, ref_start_time: 2113451042952705, ref_stop_time: 2113451042987835, actual_exe_time: 35130, task_app_start_time:2113450791641525, task_sched_time:2113451042942745
app_id: 2, app_name: TX_api-aarch64, task_id: 17, task_name: DASH_FFT, resource_name: fft1, ref_start_time: 2113451043759945, ref_stop_time: 2113451043853605, actual_exe_time: 93660, task_app_start_time:2113450811072858, task_sched_time:2113451043754185
app_id: 3, app_name: TX_api-aarch64, task_id: 19, task_name: DASH_FFT, resource_name: fft2, ref_start_time: 2113451044465905, ref_stop_time: 2113451047027156, actual_exe_time: 2561251, task_app_start_time:2113450819905819, task_sched_time:2113451044462395
app_id: 1, app_name: TX_api-aarch64, task_id: 23, task_name: DASH_FFT, resource_name: cpu1, ref_start_time: 2113451047306846, ref_stop_time: 2113451047598116, actual_exe_time: 291270, task_app_start_time:2113450799136756, task_sched_time:2113451047294156
app_id: 1, app_name: TX_api-aarch64, task_id: 24, task_name: DASH_FFT, resource_name: cpu2, ref_start_time: 2113451049472276, ref_stop_time: 2113451049496876, actual_exe_time: 24600, task_app_start_time:2113450799136756, task_sched_time:2113451049464776
app_id: 1, app_name: TX_api-aarch64, task_id: 25, task_name: DASH_FFT, resource_name: cpu3, ref_start_time: 2113451051088916, ref_stop_time: 2113451051115946, actual_exe_time: 27030, task_app_start_time:2113450799136756, task_sched_time:2113451051084836
app_id: 2, app_name: TX_api-aarch64, task_id: 18, task_name: DASH_FFT, resource_name: fft1, ref_start_time: 2113451055958307, ref_stop_time: 2113451055999077, actual_exe_time: 40770, task_app_start_time:2113450811072858, task_sched_time:2113451055919307
app_id: 4, app_name: pulse_doppler_api-aarch64, task_id: 31, task_name: DASH_FFT, resource_name: fft2, ref_start_time: 2113451059073598, ref_stop_time: 2113451059114638, actual_exe_time: 41040, task_app_start_time:2113450783440423, task_sched_time:2113451058925338
app_id: 0, app_name: TX_api-aarch64, task_id: 22, task_name: DASH_FFT, resource_name: cpu1, ref_start_time: 2113451059245018, ref_stop_time: 2113451059606128, actual_exe_time: 361110, task_app_start_time:2113450791641525, task_sched_time:2113451059234638
app_id: 4, app_name: pulse_doppler_api-aarch64, task_id: 32, task_name: DASH_FFT, resource_name: cpu2, ref_start_time: 2113451062946448, ref_stop_time: 2113451062974108, actual_exe_time: 27660, task_app_start_time:2113450783440423, task_sched_time:2113451062941678
app_id: 1, app_name: TX_api-aarch64, task_id: 26, task_name: DASH_FFT, resource_name: cpu3, ref_start_time: 2113451063098998, ref_stop_time: 2113451063276628, actual_exe_time: 177630, task_app_start_time:2113450799136756, task_sched_time:2113451063096328
app_id: 0, app_name: TX_api-aarch64, task_id: 23, task_name: DASH_FFT, resource_name: fft1, ref_start_time: 2113451063321088, ref_stop_time: 2113451065540549, actual_exe_time: 2219461, task_app_start_time:2113450791641525, task_sched_time:2113451063302638
app_id: 2, app_name: TX_api-aarch64, task_id: 19, task_name: DASH_FFT, resource_name: fft2, ref_start_time: 2113451064763728, ref_stop_time: 2113451065299649, actual_exe_time: 535921, task_app_start_time:2113450811072858, task_sched_time:2113451064709278
app_id: 4, app_name: pulse_doppler_api-aarch64, task_id: 33, task_name: DASH_FFT, resource_name: cpu1, ref_start_time: 2113451075212100, ref_stop_time: 2113451075244170, actual_exe_time: 32070, task_app_start_time:2113450783440423, task_sched_time:2113451075203370
app_id: 1, app_name: TX_api-aarch64, task_id: 27, task_name: DASH_FFT, resource_name: cpu2, ref_start_time: 2113451075412050, ref_stop_time: 2113451075437640, actual_exe_time: 25590, task_app_start_time:2113450799136756, task_sched_time:2113451075408750
app_id: 3, app_name: TX_api-aarch64, task_id: 20, task_name: DASH_FFT, resource_name: cpu3, ref_start_time: 2113451078202261, ref_stop_time: 2113451078378331, actual_exe_time: 176070, task_app_start_time:2113450819905819, task_sched_time:2113451078174481
app_id: 4, app_name: pulse_doppler_api-aarch64, task_id: 34, task_name: DASH_ZIP, resource_name: zip1, ref_start_time: 2113451079487881, ref_stop_time: 2113451079535071, actual_exe_time: 47190, task_app_start_time:2113450783440423, task_sched_time:2113451079483441
app_id: 1, app_name: TX_api-aarch64, task_id: 28, task_name: DASH_FFT, resource_name: cpu1, ref_start_time: 2113451079844761, ref_stop_time: 2113451080030671, actual_exe_time: 185910, task_app_start_time:2113450799136756, task_sched_time:2113451079839361
app_id: 1, app_name: TX_api-aarch64, task_id: 29, task_name: DASH_FFT, resource_name: cpu2, ref_start_time: 2113451082909471, ref_stop_time: 2113451082943491, actual_exe_time: 34020, task_app_start_time:2113450799136756, task_sched_time:2113451081060331
app_id: 3, app_name: TX_api-aarch64, task_id: 21, task_name: DASH_FFT, resource_name: cpu3, ref_start_time: 2113451091141923, ref_stop_time: 2113451091416903, actual_exe_time: 274980, task_app_start_time:2113450819905819, task_sched_time:2113451091136853
app_id: 0, app_name: TX_api-aarch64, task_id: 24, task_name: DASH_FFT, resource_name: fft1, ref_start_time: 2113451091387173, ref_stop_time: 2113451091428033, actual_exe_time: 40860, task_app_start_time:2113450791641525, task_sched_time:2113451091381023
app_id: 4, app_name: pulse_doppler_api-aarch64, task_id: 35, task_name: DASH_FFT, resource_name: fft2, ref_start_time: 2113451091668453, ref_stop_time: 2113451091707003, actual_exe_time: 38550, task_app_start_time:2113450783440423, task_sched_time:2113451091664823
app_id: 2, app_name: TX_api-aarch64, task_id: 20, task_name: DASH_FFT, resource_name: cpu1, ref_start_time: 2113451098631244, ref_stop_time: 2113451098665774, actual_exe_time: 34530, task_app_start_time:2113450811072858, task_sched_time:2113451098616064
app_id: 3, app_name: TX_api-aarch64, task_id: 22, task_name: DASH_FFT, resource_name: cpu3, ref_start_time: 2113451112367046, ref_stop_time: 2113451112577586, actual_exe_time: 210540, task_app_start_time:2113450819905819, task_sched_time:2113451112359546
app_id: 2, app_name: TX_api-aarch64, task_id: 21, task_name: DASH_FFT, resource_name: fft1, ref_start_time: 2113451113232456, ref_stop_time: 2113451113277486, actual_exe_time: 45030, task_app_start_time:2113450811072858, task_sched_time:2113451113224746
app_id: 3, app_name: TX_api-aarch64, task_id: 23, task_name: DASH_FFT, resource_name: cpu1, ref_start_time: 2113451114841717, ref_stop_time: 2113451114887137, actual_exe_time: 45420, task_app_start_time:2113450819905819, task_sched_time:2113451114836197
app_id: 0, app_name: TX_api-aarch64, task_id: 25, task_name: DASH_FFT, resource_name: cpu2, ref_start_time: 2113451114920707, ref_stop_time: 2113451114948967, actual_exe_time: 28260, task_app_start_time:2113450791641525, task_sched_time:2113451111924426
app_id: 4, app_name: pulse_doppler_api-aarch64, task_id: 36, task_name: DASH_FFT, resource_name: fft2, ref_start_time: 2113451114963127, ref_stop_time: 2113451114992857, actual_exe_time: 29730, task_app_start_time:2113450783440423, task_sched_time:2113451113624376
app_id: 1, app_name: TX_api-aarch64, task_id: 30, task_name: DASH_FFT, resource_name: cpu2, ref_start_time: 2113451115199347, ref_stop_time: 2113451115826287, actual_exe_time: 626940, task_app_start_time:2113450799136756, task_sched_time:2113451115194127
app_id: 2, app_name: TX_api-aarch64, task_id: 22, task_name: DASH_FFT, resource_name: cpu3, ref_start_time: 2113451115470757, ref_stop_time: 2113451116860177, actual_exe_time: 1389420, task_app_start_time:2113450811072858, task_sched_time:2113451115464367
app_id: 4, app_name: pulse_doppler_api-aarch64, task_id: 37, task_name: DASH_FFT, resource_name: fft1, ref_start_time: 2113451116571607, ref_stop_time: 2113451116600137, actual_exe_time: 28530, task_app_start_time:2113450783440423, task_sched_time:2113451116566897
app_id: 1, app_name: TX_api-aarch64, task_id: 31, task_name: DASH_FFT, resource_name: cpu1, ref_start_time: 2113451118429957, ref_stop_time: 2113451118458307, actual_exe_time: 28350, task_app_start_time:2113450799136756, task_sched_time:2113451118422487
app_id: 0, app_name: TX_api-aarch64, task_id: 26, task_name: DASH_FFT, resource_name: fft2, ref_start_time: 2113451118924297, ref_stop_time: 2113451118965877, actual_exe_time: 41580, task_app_start_time:2113450791641525, task_sched_time:2113451117636697
app_id: 4, app_name: pulse_doppler_api-aarch64, task_id: 38, task_name: DASH_ZIP, resource_name: cpu2, ref_start_time: 2113451118977967, ref_stop_time: 2113451119000497, actual_exe_time: 22530, task_app_start_time:2113450783440423, task_sched_time:2113451118637527
app_id: 1, app_name: TX_api-aarch64, task_id: 32, task_name: DASH_FFT, resource_name: cpu3, ref_start_time: 2113451121328078, ref_stop_time: 2113451121355378, actual_exe_time: 27300, task_app_start_time:2113450799136756, task_sched_time:2113451121322918
app_id: 2, app_name: TX_api-aarch64, task_id: 23, task_name: DASH_FFT, resource_name: fft1, ref_start_time: 2113451122371748, ref_stop_time: 2113451122921558, actual_exe_time: 549810, task_app_start_time:2113450811072858, task_sched_time:2113451122367668
app_id: 3, app_name: TX_api-aarch64, task_id: 24, task_name: DASH_FFT, resource_name: fft2, ref_start_time: 2113451122942198, ref_stop_time: 2113451122977868, actual_exe_time: 35670, task_app_start_time:2113450819905819, task_sched_time:2113451122933258
app_id: 1, app_name: TX_api-aarch64, task_id: 33, task_name: DASH_FFT, resource_name: cpu1, ref_start_time: 2113451127659009, ref_stop_time: 2113451127940409, actual_exe_time: 281400, task_app_start_time:2113450799136756, task_sched_time:2113451127654419
app_id: 4, app_name: pulse_doppler_api-aarch64, task_id: 39, task_name: DASH_FFT, resource_name: cpu2, ref_start_time: 2113451128035389, ref_stop_time: 2113451130975959, actual_exe_time: 2940570, task_app_start_time:2113450783440423, task_sched_time:2113451128029089
app_id: 2, app_name: TX_api-aarch64, task_id: 24, task_name: DASH_FFT, resource_name: cpu3, ref_start_time: 2113451134994280, ref_stop_time: 2113451135025240, actual_exe_time: 30960, task_app_start_time:2113450811072858, task_sched_time:2113451134986570
app_id: 4, app_name: pulse_doppler_api-aarch64, task_id: 40, task_name: DASH_FFT, resource_name: fft1, ref_start_time: 2113451135341140, ref_stop_time: 2113451135372190, actual_exe_time: 31050, task_app_start_time:2113450783440423, task_sched_time:2113451135263200
app_id: 0, app_name: TX_api-aarch64, task_id: 27, task_name: DASH_FFT, resource_name: fft2, ref_start_time: 2113451137089120, ref_stop_time: 2113451137177920, actual_exe_time: 88800, task_app_start_time:2113450791641525, task_sched_time:2113451137085070
app_id: 1, app_name: TX_api-aarch64, task_id: 34, task_name: DASH_FFT, resource_name: cpu1, ref_start_time: 2113451138748210, ref_stop_time: 2113451139129510, actual_exe_time: 381300, task_app_start_time:2113450799136756, task_sched_time:2113451138741580
app_id: 3, app_name: TX_api-aarch64, task_id: 25, task_name: DASH_FFT, resource_name: cpu2, ref_start_time: 2113451139031620, ref_stop_time: 2113451142960661, actual_exe_time: 3929041, task_app_start_time:2113450819905819, task_sched_time:2113451138959590
app_id: 2, app_name: TX_api-aarch64, task_id: 25, task_name: DASH_FFT, resource_name: cpu3, ref_start_time: 2113451140199551, ref_stop_time: 2113451140427641, actual_exe_time: 228090, task_app_start_time:2113450811072858, task_sched_time:2113451140194271
app_id: 0, app_name: TX_api-aarch64, task_id: 28, task_name: DASH_FFT, resource_name: fft1, ref_start_time: 2113451140703401, ref_stop_time: 2113451141118451, actual_exe_time: 415050, task_app_start_time:2113450791641525, task_sched_time:2113451140562191
app_id: 1, app_name: TX_api-aarch64, task_id: 35, task_name: DASH_FFT, resource_name: cpu1, ref_start_time: 2113451142076951, ref_stop_time: 2113451142107461, actual_exe_time: 30510, task_app_start_time:2113450799136756, task_sched_time:2113451142066661
app_id: 4, app_name: pulse_doppler_api-aarch64, task_id: 41, task_name: DASH_FFT, resource_name: fft2, ref_start_time: 2113451142908041, ref_stop_time: 2113451142942001, actual_exe_time: 33960, task_app_start_time:2113450783440423, task_sched_time:2113451141309521
app_id: 2, app_name: TX_api-aarch64, task_id: 26, task_name: DASH_FFT, resource_name: cpu2, ref_start_time: 2113451146976042, ref_stop_time: 2113451147007662, actual_exe_time: 31620, task_app_start_time:2113450811072858, task_sched_time:2113451146967042
app_id: 0, app_name: TX_api-aarch64, task_id: 29, task_name: DASH_FFT, resource_name: cpu3, ref_start_time: 2113451147617922, ref_stop_time: 2113451147645912, actual_exe_time: 27990, task_app_start_time:2113450791641525, task_sched_time:2113451147613452
app_id: 2, app_name: TX_api-aarch64, task_id: 27, task_name: DASH_FFT, resource_name: fft1, ref_start_time: 2113451151039602, ref_stop_time: 2113451151082292, actual_exe_time: 42690, task_app_start_time:2113450811072858, task_sched_time:2113451151033662
app_id: 4, app_name: pulse_doppler_api-aarch64, task_id: 42, task_name: DASH_ZIP, resource_name: zip1, ref_start_time: 2113451153012403, ref_stop_time: 2113451153752473, actual_exe_time: 740070, task_app_start_time:2113450783440423, task_sched_time:2113451153008443
app_id: 3, app_name: TX_api-aarch64, task_id: 26, task_name: DASH_FFT, resource_name: cpu1, ref_start_time: 2113451154196773, ref_stop_time: 2113451154226173, actual_exe_time: 29400, task_app_start_time:2113450819905819, task_sched_time:2113451154184563
app_id: 3, app_name: TX_api-aarch64, task_id: 27, task_name: DASH_FFT, resource_name: fft1, ref_start_time: 2113451155525623, ref_stop_time: 2113451155565973, actual_exe_time: 40350, task_app_start_time:2113450819905819, task_sched_time:2113451155519893
app_id: 2, app_name: TX_api-aarch64, task_id: 28, task_name: DASH_FFT, resource_name: cpu3, ref_start_time: 2113451156189973, ref_stop_time: 2113451156220153, actual_exe_time: 30180, task_app_start_time:2113450811072858, task_sched_time:2113451155067343
app_id: 1, app_name: TX_api-aarch64, task_id: 36, task_name: DASH_FFT, resource_name: cpu2, ref_start_time: 2113451157228933, ref_stop_time: 2113451157259863, actual_exe_time: 30930, task_app_start_time:2113450799136756, task_sched_time:2113451154498363
app_id: 3, app_name: TX_api-aarch64, task_id: 28, task_name: DASH_FFT, resource_name: fft2, ref_start_time: 2113451157273633, ref_stop_time: 2113451157312303, actual_exe_time: 38670, task_app_start_time:2113450819905819, task_sched_time:2113451156377413
app_id: 4, app_name: pulse_doppler_api-aarch64, task_id: 43, task_name: DASH_FFT, resource_name: cpu1, ref_start_time: 2113451163303694, ref_stop_time: 2113451163341794, actual_exe_time: 38100, task_app_start_time:2113450783440423, task_sched_time:2113451163130264
app_id: 2, app_name: TX_api-aarch64, task_id: 29, task_name: DASH_FFT, resource_name: cpu2, ref_start_time: 2113451163673624, ref_stop_time: 2113451164252264, actual_exe_time: 578640, task_app_start_time:2113450811072858, task_sched_time:2113451163667984
app_id: 3, app_name: TX_api-aarch64, task_id: 29, task_name: DASH_FFT, resource_name: cpu3, ref_start_time: 2113451167024805, ref_stop_time: 2113451167074725, actual_exe_time: 49920, task_app_start_time:2113450819905819, task_sched_time:2113451167020785
app_id: 4, app_name: pulse_doppler_api-aarch64, task_id: 44, task_name: DASH_FFT, resource_name: fft1, ref_start_time: 2113451171699226, ref_stop_time: 2113451171731356, actual_exe_time: 32130, task_app_start_time:2113450783440423, task_sched_time:2113451171688216
app_id: 1, app_name: TX_api-aarch64, task_id: 37, task_name: DASH_FFT, resource_name: fft2, ref_start_time: 2113451171800146, ref_stop_time: 2113451171837106, actual_exe_time: 36960, task_app_start_time:2113450799136756, task_sched_time:2113451171796906
app_id: 4, app_name: pulse_doppler_api-aarch64, task_id: 45, task_name: DASH_FFT, resource_name: cpu1, ref_start_time: 2113451172584106, ref_stop_time: 2113451172610566, actual_exe_time: 26460, task_app_start_time:2113450783440423, task_sched_time:2113451172570246
app_id: 4, app_name: pulse_doppler_api-aarch64, task_id: 46, task_name: DASH_ZIP, resource_name: cpu3, ref_start_time: 2113451173449246, ref_stop_time: 2113451173474896, actual_exe_time: 25650, task_app_start_time:2113450783440423, task_sched_time:2113451173440396
app_id: 4, app_name: pulse_doppler_api-aarch64, task_id: 47, task_name: DASH_FFT, resource_name: fft1, ref_start_time: 2113451173875696, ref_stop_time: 2113451173915986, actual_exe_time: 40290, task_app_start_time:2113450783440423, task_sched_time:2113451173865076
app_id: 1, app_name: TX_api-aarch64, task_id: 38, task_name: DASH_FFT, resource_name: cpu2, ref_start_time: 2113451174916216, ref_stop_time: 2113451174947716, actual_exe_time: 31500, task_app_start_time:2113450799136756, task_sched_time:2113451173019466
app_id: 4, app_name: pulse_doppler_api-aarch64, task_id: 48, task_name: DASH_FFT, resource_name: fft2, ref_start_time: 2113451174961096, ref_stop_time: 2113451174989446, actual_exe_time: 28350, task_app_start_time:2113450783440423, task_sched_time:2113451174653446
app_id: 4, app_name: pulse_doppler_api-aarch64, task_id: 49, task_name: DASH_FFT, resource_name: cpu2, ref_start_time: 2113451176365816, ref_stop_time: 2113451176392486, actual_exe_time: 26670, task_app_start_time:2113450783440423, task_sched_time:2113451175906276
app_id: 0, app_name: TX_api-aarch64, task_id: 30, task_name: DASH_FFT, resource_name: cpu1, ref_start_time: 2113451180665477, ref_stop_time: 2113451180699857, actual_exe_time: 34380, task_app_start_time:2113450791641525, task_sched_time:2113451175322596
app_id: 4, app_name: pulse_doppler_api-aarch64, task_id: 50, task_name: DASH_ZIP, resource_name: cpu3, ref_start_time: 2113451186262398, ref_stop_time: 2113451186300258, actual_exe_time: 37860, task_app_start_time:2113450783440423, task_sched_time:2113451186134298
app_id: 1, app_name: TX_api-aarch64, task_id: 39, task_name: DASH_FFT, resource_name: fft1, ref_start_time: 2113451186286368, ref_stop_time: 2113451186335538, actual_exe_time: 49170, task_app_start_time:2113450799136756, task_sched_time:2113451186272418
app_id: 0, app_name: TX_api-aarch64, task_id: 31, task_name: DASH_FFT, resource_name: fft2, ref_start_time: 2113451190940359, ref_stop_time: 2113451190988629, actual_exe_time: 48270, task_app_start_time:2113450791641525, task_sched_time:2113451186508518
app_id: 3, app_name: TX_api-aarch64, task_id: 30, task_name: DASH_FFT, resource_name: cpu2, ref_start_time: 2113451191003479, ref_stop_time: 2113451191034169, actual_exe_time: 30690, task_app_start_time:2113450819905819, task_sched_time:2113451188174748
app_id: 0, app_name: TX_api-aarch64, task_id: 32, task_name: DASH_FFT, resource_name: cpu3, ref_start_time: 2113451191960389, ref_stop_time: 2113451191987089, actual_exe_time: 26700, task_app_start_time:2113450791641525, task_sched_time:2113451191947369
app_id: 4, app_name: pulse_doppler_api-aarch64, task_id: 51, task_name: DASH_FFT, resource_name: cpu1, ref_start_time: 2113451192364429, ref_stop_time: 2113451192393979, actual_exe_time: 29550, task_app_start_time:2113450783440423, task_sched_time:2113451187769448
app_id: 3, app_name: TX_api-aarch64, task_id: 31, task_name: DASH_FFT, resource_name: fft1, ref_start_time: 2113451195058939, ref_stop_time: 2113451195097429, actual_exe_time: 38490, task_app_start_time:2113450819905819, task_sched_time:2113451195048679
app_id: 2, app_name: TX_api-aarch64, task_id: 30, task_name: DASH_FFT, resource_name: cpu1, ref_start_time: 2113451196429550, ref_stop_time: 2113451196516610, actual_exe_time: 87060, task_app_start_time:2113450811072858, task_sched_time:2113451196420910
app_id: 3, app_name: TX_api-aarch64, task_id: 32, task_name: DASH_FFT, resource_name: cpu3, ref_start_time: 2113451198165770, ref_stop_time: 2113451198193820, actual_exe_time: 28050, task_app_start_time:2113450819905819, task_sched_time:2113451198161360
app_id: 2, app_name: TX_api-aarch64, task_id: 31, task_name: DASH_FFT, resource_name: fft1, ref_start_time: 2113451198547670, ref_stop_time: 2113451198587870, actual_exe_time: 40200, task_app_start_time:2113450811072858, task_sched_time:2113451198462110
app_id: 4, app_name: pulse_doppler_api-aarch64, task_id: 52, task_name: DASH_FFT, resource_name: cpu2, ref_start_time: 2113451198912350, ref_stop_time: 2113451198938540, actual_exe_time: 26190, task_app_start_time:2113450783440423, task_sched_time:2113451197529230
app_id: 0, app_name: TX_api-aarch64, task_id: 33, task_name: DASH_FFT, resource_name: fft2, ref_start_time: 2113451198952220, ref_stop_time: 2113451198991100, actual_exe_time: 38880, task_app_start_time:2113450791641525, task_sched_time:2113451196033520
app_id: 3, app_name: TX_api-aarch64, task_id: 33, task_name: DASH_FFT, resource_name: fft2, ref_start_time: 2113451199010900, ref_stop_time: 2113451199045670, actual_exe_time: 34770, task_app_start_time:2113450819905819, task_sched_time:2113451198982610
app_id: 2, app_name: TX_api-aarch64, task_id: 32, task_name: DASH_FFT, resource_name: cpu1, ref_start_time: 2113451200721380, ref_stop_time: 2113451200752070, actual_exe_time: 30690, task_app_start_time:2113450811072858, task_sched_time:2113451200705690
app_id: 4, app_name: pulse_doppler_api-aarch64, task_id: 53, task_name: DASH_FFT, resource_name: cpu2, ref_start_time: 2113451201895881, ref_stop_time: 2113451202022841, actual_exe_time: 126960, task_app_start_time:2113450783440423, task_sched_time:2113451201888021
app_id: 3, app_name: TX_api-aarch64, task_id: 34, task_name: DASH_FFT, resource_name: cpu3, ref_start_time: 2113451214059442, ref_stop_time: 2113451214095952, actual_exe_time: 36510, task_app_start_time:2113450819905819, task_sched_time:2113451214050442
app_id: 0, app_name: TX_api-aarch64, task_id: 34, task_name: DASH_FFT, resource_name: fft1, ref_start_time: 2113451214474853, ref_stop_time: 2113451214516313, actual_exe_time: 41460, task_app_start_time:2113450791641525, task_sched_time:2113451214464653
app_id: 2, app_name: TX_api-aarch64, task_id: 33, task_name: DASH_FFT, resource_name: fft2, ref_start_time: 2113451215415233, ref_stop_time: 2113451215453723, actual_exe_time: 38490, task_app_start_time:2113450811072858, task_sched_time:2113451215406023
app_id: 1, app_name: TX_api-aarch64, task_id: 40, task_name: DASH_FFT, resource_name: cpu1, ref_start_time: 2113451219394313, ref_stop_time: 2113451219430373, actual_exe_time: 36060, task_app_start_time:2113450799136756, task_sched_time:2113451219379313
app_id: 4, app_name: pulse_doppler_api-aarch64, task_id: 54, task_name: DASH_ZIP, resource_name: cpu2, ref_start_time: 2113451219497093, ref_stop_time: 2113451219519893, actual_exe_time: 22800, task_app_start_time:2113450783440423, task_sched_time:2113451219490493
app_id: 3, app_name: TX_api-aarch64, task_id: 35, task_name: DASH_FFT, resource_name: cpu3, ref_start_time: 2113451223066794, ref_stop_time: 2113451223480644, actual_exe_time: 413850, task_app_start_time:2113450819905819, task_sched_time:2113451223059774
app_id: 2, app_name: TX_api-aarch64, task_id: 34, task_name: DASH_FFT, resource_name: fft1, ref_start_time: 2113451223694664, ref_stop_time: 2113451224350794, actual_exe_time: 656130, task_app_start_time:2113450811072858, task_sched_time:2113451223661514
app_id: 4, app_name: pulse_doppler_api-aarch64, task_id: 55, task_name: DASH_FFT, resource_name: fft2, ref_start_time: 2113451226937065, ref_stop_time: 2113451227420515, actual_exe_time: 483450, task_app_start_time:2113450783440423, task_sched_time:2113451226930405
app_id: 0, app_name: TX_api-aarch64, task_id: 35, task_name: DASH_FFT, resource_name: cpu1, ref_start_time: 2113451228678355, ref_stop_time: 2113451228705505, actual_exe_time: 27150, task_app_start_time:2113450791641525, task_sched_time:2113451228672295
app_id: 1, app_name: TX_api-aarch64, task_id: 41, task_name: DASH_FFT, resource_name: cpu2, ref_start_time: 2113451231107035, ref_stop_time: 2113451231634375, actual_exe_time: 527340, task_app_start_time:2113450799136756, task_sched_time:2113451231098035
app_id: 2, app_name: TX_api-aarch64, task_id: 35, task_name: DASH_FFT, resource_name: cpu3, ref_start_time: 2113451231513685, ref_stop_time: 2113451232575805, actual_exe_time: 1062120, task_app_start_time:2113450811072858, task_sched_time:2113451231501805
app_id: 3, app_name: TX_api-aarch64, task_id: 36, task_name: DASH_FFT, resource_name: fft1, ref_start_time: 2113451233338586, ref_stop_time: 2113451233802266, actual_exe_time: 463680, task_app_start_time:2113450819905819, task_sched_time:2113451233325596
app_id: 1, app_name: TX_api-aarch64, task_id: 42, task_name: DASH_FFT, resource_name: fft2, ref_start_time: 2113451233902706, ref_stop_time: 2113451234067646, actual_exe_time: 164940, task_app_start_time:2113450799136756, task_sched_time:2113451233899826
app_id: 4, app_name: pulse_doppler_api-aarch64, task_id: 56, task_name: DASH_FFT, resource_name: cpu1, ref_start_time: 2113451235386596, ref_stop_time: 2113451239173617, actual_exe_time: 3787021, task_app_start_time:2113450783440423, task_sched_time:2113451235379306
app_id: 0, app_name: TX_api-aarch64, task_id: 36, task_name: DASH_FFT, resource_name: cpu2, ref_start_time: 2113451240194277, ref_stop_time: 2113451240222147, actual_exe_time: 27870, task_app_start_time:2113450791641525, task_sched_time:2113451240188997
app_id: 2, app_name: TX_api-aarch64, task_id: 36, task_name: DASH_FFT, resource_name: cpu3, ref_start_time: 2113451243341817, ref_stop_time: 2113451243370347, actual_exe_time: 28530, task_app_start_time:2113450811072858, task_sched_time:2113451243335037
app_id: 3, app_name: TX_api-aarch64, task_id: 37, task_name: DASH_FFT, resource_name: fft1, ref_start_time: 2113451246965218, ref_stop_time: 2113451247007038, actual_exe_time: 41820, task_app_start_time:2113450819905819, task_sched_time:2113451246955708
app_id: 1, app_name: TX_api-aarch64, task_id: 43, task_name: DASH_FFT, resource_name: fft2, ref_start_time: 2113451247120288, ref_stop_time: 2113451247369888, actual_exe_time: 249600, task_app_start_time:2113450799136756, task_sched_time:2113451247111468
app_id: 2, app_name: TX_api-aarch64, task_id: 37, task_name: DASH_FFT, resource_name: cpu1, ref_start_time: 2113451248099668, ref_stop_time: 2113451248129068, actual_exe_time: 29400, task_app_start_time:2113450811072858, task_sched_time:2113451248092048
app_id: 0, app_name: TX_api-aarch64, task_id: 37, task_name: DASH_FFT, resource_name: cpu2, ref_start_time: 2113451248241898, ref_stop_time: 2113451248489368, actual_exe_time: 247470, task_app_start_time:2113450791641525, task_sched_time:2113451248237188
app_id: 1, app_name: TX_api-aarch64, task_id: 44, task_name: DASH_FFT, resource_name: cpu3, ref_start_time: 2113451249082288, ref_stop_time: 2113451249107038, actual_exe_time: 24750, task_app_start_time:2113450799136756, task_sched_time:2113451248933788
app_id: 4, app_name: pulse_doppler_api-aarch64, task_id: 57, task_name: DASH_FFT, resource_name: fft1, ref_start_time: 2113451250619908, ref_stop_time: 2113451250753198, actual_exe_time: 133290, task_app_start_time:2113450783440423, task_sched_time:2113451250606738
app_id: 3, app_name: TX_api-aarch64, task_id: 38, task_name: DASH_FFT, resource_name: fft2, ref_start_time: 2113451255287309, ref_stop_time: 2113451255555989, actual_exe_time: 268680, task_app_start_time:2113450819905819, task_sched_time:2113451255279689
app_id: 4, app_name: pulse_doppler_api-aarch64, task_id: 58, task_name: DASH_ZIP, resource_name: zip1, ref_start_time: 2113451259200270, ref_stop_time: 2113451263071530, actual_exe_time: 3871260, task_app_start_time:2113450783440423, task_sched_time:2113451258973260
app_id: 2, app_name: TX_api-aarch64, task_id: 38, task_name: DASH_FFT, resource_name: cpu1, ref_start_time: 2113451263392230, ref_stop_time: 2113451263422320, actual_exe_time: 30090, task_app_start_time:2113450811072858, task_sched_time:2113451263382060
app_id: 0, app_name: TX_api-aarch64, task_id: 38, task_name: DASH_FFT, resource_name: cpu2, ref_start_time: 2113451263586510, ref_stop_time: 2113451264685051, actual_exe_time: 1098541, task_app_start_time:2113450791641525, task_sched_time:2113451263580960
app_id: 1, app_name: TX_api-aarch64, task_id: 45, task_name: DASH_FFT, resource_name: cpu3, ref_start_time: 2113451265609021, ref_stop_time: 2113451265637671, actual_exe_time: 28650, task_app_start_time:2113450799136756, task_sched_time:2113451265358731
app_id: 3, app_name: TX_api-aarch64, task_id: 39, task_name: DASH_FFT, resource_name: fft1, ref_start_time: 2113451271342712, ref_stop_time: 2113451271388702, actual_exe_time: 45990, task_app_start_time:2113450819905819, task_sched_time:2113451271333952
app_id: 0, app_name: TX_api-aarch64, task_id: 39, task_name: DASH_FFT, resource_name: fft2, ref_start_time: 2113451293930885, ref_stop_time: 2113451293974025, actual_exe_time: 43140, task_app_start_time:2113450791641525, task_sched_time:2113451293922635
app_id: 2, app_name: TX_api-aarch64, task_id: 39, task_name: DASH_FFT, resource_name: cpu1, ref_start_time: 2113451311374718, ref_stop_time: 2113451311417108, actual_exe_time: 42390, task_app_start_time:2113450811072858, task_sched_time:2113451311360138
app_id: 4, app_name: pulse_doppler_api-aarch64, task_id: 59, task_name: DASH_FFT, resource_name: cpu2, ref_start_time: 2113451311423648, ref_stop_time: 2113451311449388, actual_exe_time: 25740, task_app_start_time:2113450783440423, task_sched_time:2113451311415848
app_id: 1, app_name: TX_api-aarch64, task_id: 46, task_name: DASH_FFT, resource_name: cpu3, ref_start_time: 2113451312573638, ref_stop_time: 2113451312602528, actual_exe_time: 28890, task_app_start_time:2113450799136756, task_sched_time:2113451311462588
app_id: 3, app_name: TX_api-aarch64, task_id: 40, task_name: DASH_FFT, resource_name: fft1, ref_start_time: 2113451318963009, ref_stop_time: 2113451319301949, actual_exe_time: 338940, task_app_start_time:2113450819905819, task_sched_time:2113451318957069
app_id: 4, app_name: pulse_doppler_api-aarch64, task_id: 60, task_name: DASH_FFT, resource_name: fft2, ref_start_time: 2113451319933330, ref_stop_time: 2113451323754310, actual_exe_time: 3820980, task_app_start_time:2113450783440423, task_sched_time:2113451319924450
app_id: 0, app_name: TX_api-aarch64, task_id: 40, task_name: DASH_FFT, resource_name: cpu1, ref_start_time: 2113451320580160, ref_stop_time: 2113451320608990, actual_exe_time: 28830, task_app_start_time:2113450791641525, task_sched_time:2113451320573410
app_id: 1, app_name: TX_api-aarch64, task_id: 47, task_name: DASH_FFT, resource_name: cpu2, ref_start_time: 2113451323127370, ref_stop_time: 2113451323198680, actual_exe_time: 71310, task_app_start_time:2113450799136756, task_sched_time:2113451323119930
app_id: 1, app_name: TX_api-aarch64, task_id: 48, task_name: DASH_FFT, resource_name: cpu3, ref_start_time: 2113451327062411, ref_stop_time: 2113451327102011, actual_exe_time: 39600, task_app_start_time:2113450799136756, task_sched_time:2113451326988461
app_id: 3, app_name: TX_api-aarch64, task_id: 41, task_name: DASH_FFT, resource_name: fft1, ref_start_time: 2113451330928901, ref_stop_time: 2113451333213972, actual_exe_time: 2285071, task_app_start_time:2113450819905819, task_sched_time:2113451330919811
app_id: 0, app_name: TX_api-aarch64, task_id: 41, task_name: DASH_FFT, resource_name: fft2, ref_start_time: 2113451342988063, ref_stop_time: 2113451344921414, actual_exe_time: 1933351, task_app_start_time:2113450791641525, task_sched_time:2113451342980023
app_id: 4, app_name: pulse_doppler_api-aarch64, task_id: 61, task_name: DASH_FFT, resource_name: cpu1, ref_start_time: 2113451346273754, ref_stop_time: 2113451346301354, actual_exe_time: 27600, task_app_start_time:2113450783440423, task_sched_time:2113451346268504
app_id: 1, app_name: TX_api-aarch64, task_id: 49, task_name: DASH_FFT, resource_name: cpu2, ref_start_time: 2113451350853794, ref_stop_time: 2113451350916825, actual_exe_time: 63031, task_app_start_time:2113450799136756, task_sched_time:2113451350847344
app_id: 3, app_name: TX_api-aarch64, task_id: 42, task_name: DASH_FFT, resource_name: cpu3, ref_start_time: 2113451359645536, ref_stop_time: 2113451359681146, actual_exe_time: 35610, task_app_start_time:2113450819905819, task_sched_time:2113451359637796
app_id: 0, app_name: TX_api-aarch64, task_id: 42, task_name: DASH_FFT, resource_name: fft1, ref_start_time: 2113451359735806, ref_stop_time: 2113451359776846, actual_exe_time: 41040, task_app_start_time:2113450791641525, task_sched_time:2113451359720536
app_id: 2, app_name: TX_api-aarch64, task_id: 40, task_name: DASH_FFT, resource_name: fft2, ref_start_time: 2113451359775436, ref_stop_time: 2113451359811406, actual_exe_time: 35970, task_app_start_time:2113450811072858, task_sched_time:2113451359767936
app_id: 3, app_name: TX_api-aarch64, task_id: 43, task_name: DASH_FFT, resource_name: cpu1, ref_start_time: 2113451360095836, ref_stop_time: 2113451360119896, actual_exe_time: 24060, task_app_start_time:2113450819905819, task_sched_time:2113451360085696
app_id: 4, app_name: pulse_doppler_api-aarch64, task_id: 62, task_name: DASH_ZIP, resource_name: cpu2, ref_start_time: 2113451361995256, ref_stop_time: 2113451362020156, actual_exe_time: 24900, task_app_start_time:2113450783440423, task_sched_time:2113451361987906
app_id: 0, app_name: TX_api-aarch64, task_id: 43, task_name: DASH_FFT, resource_name: cpu3, ref_start_time: 2113451362686486, ref_stop_time: 2113451362717986, actual_exe_time: 31500, task_app_start_time:2113450791641525, task_sched_time:2113451362682886
app_id: 2, app_name: TX_api-aarch64, task_id: 41, task_name: DASH_FFT, resource_name: fft1, ref_start_time: 2113451363055936, ref_stop_time: 2113451363610877, actual_exe_time: 554941, task_app_start_time:2113450811072858, task_sched_time:2113451363042556
app_id: 4, app_name: pulse_doppler_api-aarch64, task_id: 63, task_name: DASH_FFT, resource_name: cpu1, ref_start_time: 2113451364283807, ref_stop_time: 2113451364312277, actual_exe_time: 28470, task_app_start_time:2113450783440423, task_sched_time:2113451364279547
app_id: 3, app_name: TX_api-aarch64, task_id: 44, task_name: DASH_FFT, resource_name: fft2, ref_start_time: 2113451365569847, ref_stop_time: 2113451365613047, actual_exe_time: 43200, task_app_start_time:2113450819905819, task_sched_time:2113451363356897
app_id: 0, app_name: TX_api-aarch64, task_id: 44, task_name: DASH_FFT, resource_name: cpu2, ref_start_time: 2113451365625797, ref_stop_time: 2113451365652227, actual_exe_time: 26430, task_app_start_time:2113450791641525, task_sched_time:2113451365487707
app_id: 4, app_name: pulse_doppler_api-aarch64, task_id: 64, task_name: DASH_FFT, resource_name: cpu3, ref_start_time: 2113451371154138, ref_stop_time: 2113451372014478, actual_exe_time: 860340, task_app_start_time:2113450783440423, task_sched_time:2113451371149188
app_id: 2, app_name: TX_api-aarch64, task_id: 42, task_name: DASH_FFT, resource_name: fft1, ref_start_time: 2113451371297298, ref_stop_time: 2113451371872428, actual_exe_time: 575130, task_app_start_time:2113450811072858, task_sched_time:2113451371287458
app_id: 3, app_name: TX_api-aarch64, task_id: 45, task_name: DASH_FFT, resource_name: fft2, ref_start_time: 2113451371909778, ref_stop_time: 2113451371945538, actual_exe_time: 35760, task_app_start_time:2113450819905819, task_sched_time:2113451371905788
app_id: 0, app_name: TX_api-aarch64, task_id: 45, task_name: DASH_FFT, resource_name: cpu1, ref_start_time: 2113451375312528, ref_stop_time: 2113451375778459, actual_exe_time: 465931, task_app_start_time:2113450791641525, task_sched_time:2113451375307038
app_id: 2, app_name: TX_api-aarch64, task_id: 43, task_name: DASH_FFT, resource_name: cpu2, ref_start_time: 2113451378815209, ref_stop_time: 2113451378844099, actual_exe_time: 28890, task_app_start_time:2113450811072858, task_sched_time:2113451378805549
app_id: 3, app_name: TX_api-aarch64, task_id: 46, task_name: DASH_FFT, resource_name: cpu3, ref_start_time: 2113451388006640, ref_stop_time: 2113451388050260, actual_exe_time: 43620, task_app_start_time:2113450819905819, task_sched_time:2113451387937010
app_id: 1, app_name: TX_api-aarch64, task_id: 50, task_name: DASH_FFT, resource_name: fft1, ref_start_time: 2113451388199631, ref_stop_time: 2113451389443011, actual_exe_time: 1243380, task_app_start_time:2113450799136756, task_sched_time:2113451388190271
app_id: 2, app_name: TX_api-aarch64, task_id: 44, task_name: DASH_FFT, resource_name: fft2, ref_start_time: 2113451388303851, ref_stop_time: 2113451389426661, actual_exe_time: 1122810, task_app_start_time:2113450811072858, task_sched_time:2113451388299351
app_id: 0, app_name: TX_api-aarch64, task_id: 46, task_name: DASH_FFT, resource_name: cpu1, ref_start_time: 2113451396760762, ref_stop_time: 2113451396790972, actual_exe_time: 30210, task_app_start_time:2113450791641525, task_sched_time:2113451396745162
app_id: 0, app_name: TX_api-aarch64, task_id: 47, task_name: DASH_FFT, resource_name: cpu2, ref_start_time: 2113451397120222, ref_stop_time: 2113451397143442, actual_exe_time: 23220, task_app_start_time:2113450791641525, task_sched_time:2113451397114642
app_id: 3, app_name: TX_api-aarch64, task_id: 47, task_name: DASH_FFT, resource_name: cpu3, ref_start_time: 2113451401868863, ref_stop_time: 2113451402241763, actual_exe_time: 372900, task_app_start_time:2113450819905819, task_sched_time:2113451401824103
app_id: 2, app_name: TX_api-aarch64, task_id: 45, task_name: DASH_FFT, resource_name: fft1, ref_start_time: 2113451406555193, ref_stop_time: 2113451406601093, actual_exe_time: 45900, task_app_start_time:2113450811072858, task_sched_time:2113451406542743
app_id: 3, app_name: TX_api-aarch64, task_id: 48, task_name: DASH_FFT, resource_name: cpu1, ref_start_time: 2113451407974884, ref_stop_time: 2113451408004254, actual_exe_time: 29370, task_app_start_time:2113450819905819, task_sched_time:2113451407965044
app_id: 2, app_name: TX_api-aarch64, task_id: 46, task_name: DASH_FFT, resource_name: cpu3, ref_start_time: 2113451409145184, ref_stop_time: 2113451409171734, actual_exe_time: 26550, task_app_start_time:2113450811072858, task_sched_time:2113451409142274
app_id: 3, app_name: TX_api-aarch64, task_id: 49, task_name: DASH_FFT, resource_name: fft1, ref_start_time: 2113451410080974, ref_stop_time: 2113451410119524, actual_exe_time: 38550, task_app_start_time:2113450819905819, task_sched_time:2113451410070474
app_id: 2, app_name: TX_api-aarch64, task_id: 47, task_name: DASH_FFT, resource_name: cpu1, ref_start_time: 2113451410768154, ref_stop_time: 2113451410795694, actual_exe_time: 27540, task_app_start_time:2113450811072858, task_sched_time:2113451410757804
app_id: 0, app_name: TX_api-aarch64, task_id: 48, task_name: DASH_FFT, resource_name: cpu2, ref_start_time: 2113451410919594, ref_stop_time: 2113451410947404, actual_exe_time: 27810, task_app_start_time:2113450791641525, task_sched_time:2113451408700104
app_id: 4, app_name: pulse_doppler_api-aarch64, task_id: 65, task_name: DASH_FFT, resource_name: fft2, ref_start_time: 2113451410962164, ref_stop_time: 2113451410992014, actual_exe_time: 29850, task_app_start_time:2113450783440423, task_sched_time:2113451406733513
app_id: 1, app_name: TX_api-aarch64, task_id: 51, task_name: DASH_FFT, resource_name: fft2, ref_start_time: 2113451411005424, ref_stop_time: 2113451411041784, actual_exe_time: 36360, task_app_start_time:2113450799136756, task_sched_time:2113451410334084
app_id: 2, app_name: TX_api-aarch64, task_id: 48, task_name: DASH_FFT, resource_name: cpu2, ref_start_time: 2113451414946825, ref_stop_time: 2113451414974035, actual_exe_time: 27210, task_app_start_time:2113450811072858, task_sched_time:2113451414940345
app_id: 1, app_name: TX_api-aarch64, task_id: 52, task_name: DASH_FFT, resource_name: cpu3, ref_start_time: 2113451416806795, ref_stop_time: 2113451416834155, actual_exe_time: 27360, task_app_start_time:2113450799136756, task_sched_time:2113451416685205
app_id: 0, app_name: TX_api-aarch64, task_id: 49, task_name: DASH_FFT, resource_name: fft1, ref_start_time: 2113451417116725, ref_stop_time: 2113451417556675, actual_exe_time: 439950, task_app_start_time:2113450791641525, task_sched_time:2113451416975815
app_id: 2, app_name: TX_api-aarch64, task_id: 49, task_name: DASH_FFT, resource_name: cpu1, ref_start_time: 2113451423494876, ref_stop_time: 2113451423733136, actual_exe_time: 238260, task_app_start_time:2113450811072858, task_sched_time:2113451423478226
app_id: 4, app_name: pulse_doppler_api-aarch64, task_id: 66, task_name: DASH_ZIP, resource_name: zip1, ref_start_time: 2113451425641407, ref_stop_time: 2113451425691777, actual_exe_time: 50370, task_app_start_time:2113450783440423, task_sched_time:2113451423094556
app_id: 1, app_name: TX_api-aarch64, task_id: 53, task_name: DASH_FFT, resource_name: cpu2, ref_start_time: 2113451426967617, ref_stop_time: 2113451427203297, actual_exe_time: 235680, task_app_start_time:2113450799136756, task_sched_time:2113451426960567
app_id: 4, app_name: pulse_doppler_api-aarch64, task_id: 67, task_name: DASH_FFT, resource_name: cpu3, ref_start_time: 2113451427408947, ref_stop_time: 2113451428049927, actual_exe_time: 640980, task_app_start_time:2113450783440423, task_sched_time:2113451427210887
app_id: 1, app_name: TX_api-aarch64, task_id: 54, task_name: DASH_FFT, resource_name: fft1, ref_start_time: 2113451431762248, ref_stop_time: 2113451431811028, actual_exe_time: 48780, task_app_start_time:2113450799136756, task_sched_time:2113451431747338
app_id: 4, app_name: pulse_doppler_api-aarch64, task_id: 68, task_name: DASH_FFT, resource_name: fft2, ref_start_time: 2113451439076789, ref_stop_time: 2113451439160519, actual_exe_time: 83730, task_app_start_time:2113450783440423, task_sched_time:2113451439069979
app_id: 4, app_name: pulse_doppler_api-aarch64, task_id: 69, task_name: DASH_FFT, resource_name: cpu1, ref_start_time: 2113451443266259, ref_stop_time: 2113451443296139, actual_exe_time: 29880, task_app_start_time:2113450783440423, task_sched_time:2113451443260889
app_id: 1, app_name: TX_api-aarch64, task_id: 55, task_name: DASH_FFT, resource_name: cpu2, ref_start_time: 2113451443451779, ref_stop_time: 2113451443913059, actual_exe_time: 461280, task_app_start_time:2113450799136756, task_sched_time:2113451443448449
app_id: 3, app_name: TX_api-aarch64, task_id: 50, task_name: DASH_FFT, resource_name: cpu3, ref_start_time: 2113451445237860, ref_stop_time: 2113451445826250, actual_exe_time: 588390, task_app_start_time:2113450819905819, task_sched_time:2113451445228260
app_id: 4, app_name: pulse_doppler_api-aarch64, task_id: 70, task_name: DASH_ZIP, resource_name: zip1, ref_start_time: 2113451451206961, ref_stop_time: 2113451451257391, actual_exe_time: 50430, task_app_start_time:2113450783440423, task_sched_time:2113451451110661
app_id: 1, app_name: TX_api-aarch64, task_id: 56, task_name: DASH_FFT, resource_name: cpu1, ref_start_time: 2113451451214551, ref_stop_time: 2113451451251601, actual_exe_time: 37050, task_app_start_time:2113450799136756, task_sched_time:2113451451206391
app_id: 4, app_name: pulse_doppler_api-aarch64, task_id: 71, task_name: DASH_FFT, resource_name: cpu2, ref_start_time: 2113451455014621, ref_stop_time: 2113451455045041, actual_exe_time: 30420, task_app_start_time:2113450783440423, task_sched_time:2113451455009131
app_id: 3, app_name: TX_api-aarch64, task_id: 51, task_name: DASH_FFT, resource_name: fft1, ref_start_time: 2113451458789522, ref_stop_time: 2113451463645113, actual_exe_time: 4855591, task_app_start_time:2113450819905819, task_sched_time:2113451458786312
app_id: 0, app_name: TX_api-aarch64, task_id: 50, task_name: DASH_FFT, resource_name: cpu3, ref_start_time: 2113451458790692, ref_stop_time: 2113451458821802, actual_exe_time: 31110, task_app_start_time:2113450791641525, task_sched_time:2113451458599352
app_id: 2, app_name: TX_api-aarch64, task_id: 50, task_name: DASH_FFT, resource_name: fft2, ref_start_time: 2113451459071492, ref_stop_time: 2113451459109112, actual_exe_time: 37620, task_app_start_time:2113450811072858, task_sched_time:2113451458948762
app_id: 4, app_name: pulse_doppler_api-aarch64, task_id: 72, task_name: DASH_FFT, resource_name: cpu1, ref_start_time: 2113451463343883, ref_stop_time: 2113451463871073, actual_exe_time: 527190, task_app_start_time:2113450783440423, task_sched_time:2113451463328103
app_id: 1, app_name: TX_api-aarch64, task_id: 57, task_name: DASH_FFT, resource_name: cpu2, ref_start_time: 2113451463470363, ref_stop_time: 2113451463933083, actual_exe_time: 462720, task_app_start_time:2113450799136756, task_sched_time:2113451463464183
app_id: 0, app_name: TX_api-aarch64, task_id: 51, task_name: DASH_FFT, resource_name: cpu3, ref_start_time: 2113451471048124, ref_stop_time: 2113451471111694, actual_exe_time: 63570, task_app_start_time:2113450791641525, task_sched_time:2113451470972824
app_id: 3, app_name: TX_api-aarch64, task_id: 52, task_name: DASH_FFT, resource_name: fft1, ref_start_time: 2113451472786204, ref_stop_time: 2113451473044864, actual_exe_time: 258660, task_app_start_time:2113450819905819, task_sched_time:2113451472782004
app_id: 1, app_name: TX_api-aarch64, task_id: 58, task_name: DASH_FFT, resource_name: fft2, ref_start_time: 2113451472989214, ref_stop_time: 2113451473292514, actual_exe_time: 303300, task_app_start_time:2113450799136756, task_sched_time:2113451472980694
app_id: 4, app_name: pulse_doppler_api-aarch64, task_id: 73, task_name: DASH_FFT, resource_name: cpu1, ref_start_time: 2113451478943435, ref_stop_time: 2113451478979225, actual_exe_time: 35790, task_app_start_time:2113450783440423, task_sched_time:2113451478927595
app_id: 0, app_name: TX_api-aarch64, task_id: 52, task_name: DASH_FFT, resource_name: cpu2, ref_start_time: 2113451479454335, ref_stop_time: 2113451479790935, actual_exe_time: 336600, task_app_start_time:2113450791641525, task_sched_time:2113451479444615
app_id: 3, app_name: TX_api-aarch64, task_id: 53, task_name: DASH_FFT, resource_name: cpu3, ref_start_time: 2113451486358956, ref_stop_time: 2113451487526226, actual_exe_time: 1167270, task_app_start_time:2113450819905819, task_sched_time:2113451486352326
app_id: 2, app_name: TX_api-aarch64, task_id: 51, task_name: DASH_FFT, resource_name: fft1, ref_start_time: 2113451486564546, ref_stop_time: 2113451487374696, actual_exe_time: 810150, task_app_start_time:2113450811072858, task_sched_time:2113451486554076
app_id: 4, app_name: pulse_doppler_api-aarch64, task_id: 74, task_name: DASH_ZIP, resource_name: zip1, ref_start_time: 2113451486748926, ref_stop_time: 2113451487208406, actual_exe_time: 459480, task_app_start_time:2113450783440423, task_sched_time:2113451486745176
app_id: 1, app_name: TX_api-aarch64, task_id: 59, task_name: DASH_FFT, resource_name: cpu1, ref_start_time: 2113451486937176, ref_stop_time: 2113451488042527, actual_exe_time: 1105351, task_app_start_time:2113450799136756, task_sched_time:2113451486933666
app_id: 0, app_name: TX_api-aarch64, task_id: 53, task_name: DASH_FFT, resource_name: cpu2, ref_start_time: 2113451490998097, ref_stop_time: 2113451491232997, actual_exe_time: 234900, task_app_start_time:2113450791641525, task_sched_time:2113451490992637
app_id: 2, app_name: TX_api-aarch64, task_id: 52, task_name: DASH_FFT, resource_name: cpu3, ref_start_time: 2113451491481277, ref_stop_time: 2113451492218167, actual_exe_time: 736890, task_app_start_time:2113450811072858, task_sched_time:2113451491232907
app_id: 3, app_name: TX_api-aarch64, task_id: 54, task_name: DASH_FFT, resource_name: fft2, ref_start_time: 2113451500852769, ref_stop_time: 2113451501116949, actual_exe_time: 264180, task_app_start_time:2113450819905819, task_sched_time:2113451500846679
app_id: 0, app_name: TX_api-aarch64, task_id: 54, task_name: DASH_FFT, resource_name: fft1, ref_start_time: 2113451503089059, ref_stop_time: 2113451503133009, actual_exe_time: 43950, task_app_start_time:2113450791641525, task_sched_time:2113451500620989
app_id: 3, app_name: TX_api-aarch64, task_id: 55, task_name: DASH_FFT, resource_name: cpu1, ref_start_time: 2113451511139200, ref_stop_time: 2113451511172530, actual_exe_time: 33330, task_app_start_time:2113450819905819, task_sched_time:2113451511121830
app_id: 4, app_name: pulse_doppler_api-aarch64, task_id: 75, task_name: DASH_FFT, resource_name: cpu2, ref_start_time: 2113451519071802, ref_stop_time: 2113451519108972, actual_exe_time: 37170, task_app_start_time:2113450783440423, task_sched_time:2113451519061452
app_id: 0, app_name: TX_api-aarch64, task_id: 55, task_name: DASH_FFT, resource_name: cpu3, ref_start_time: 2113451523128882, ref_stop_time: 2113451523161342, actual_exe_time: 32460, task_app_start_time:2113450791641525, task_sched_time:2113451522951612
app_id: 3, app_name: TX_api-aarch64, task_id: 56, task_name: DASH_FFT, resource_name: fft1, ref_start_time: 2113451528062323, ref_stop_time: 2113451528612493, actual_exe_time: 550170, task_app_start_time:2113450819905819, task_sched_time:2113451528056953
app_id: 2, app_name: TX_api-aarch64, task_id: 53, task_name: DASH_FFT, resource_name: fft2, ref_start_time: 2113451528300283, ref_stop_time: 2113451528339253, actual_exe_time: 38970, task_app_start_time:2113450811072858, task_sched_time:2113451528288883
app_id: 4, app_name: pulse_doppler_api-aarch64, task_id: 76, task_name: DASH_FFT, resource_name: cpu1, ref_start_time: 2113451530937643, ref_stop_time: 2113451535478084, actual_exe_time: 4540441, task_app_start_time:2113450783440423, task_sched_time:2113451530929273
app_id: 0, app_name: TX_api-aarch64, task_id: 56, task_name: DASH_FFT, resource_name: cpu2, ref_start_time: 2113451535218044, ref_stop_time: 2113451536128724, actual_exe_time: 910680, task_app_start_time:2113450791641525, task_sched_time:2113451535209794
app_id: 1, app_name: TX_api-aarch64, task_id: 60, task_name: DASH_FFT, resource_name: fft1, ref_start_time: 2113451536230274, ref_stop_time: 2113451536702204, actual_exe_time: 471930, task_app_start_time:2113450799136756, task_sched_time:2113451536221364
app_id: 2, app_name: TX_api-aarch64, task_id: 54, task_name: DASH_FFT, resource_name: cpu3, ref_start_time: 2113451536284154, ref_stop_time: 2113451536310374, actual_exe_time: 26220, task_app_start_time:2113450811072858, task_sched_time:2113451536146124
app_id: 3, app_name: TX_api-aarch64, task_id: 57, task_name: DASH_FFT, resource_name: fft2, ref_start_time: 2113451539048835, ref_stop_time: 2113451542015955, actual_exe_time: 2967120, task_app_start_time:2113450819905819, task_sched_time:2113451539045625
app_id: 4, app_name: pulse_doppler_api-aarch64, task_id: 77, task_name: DASH_FFT, resource_name: cpu1, ref_start_time: 2113451545932666, ref_stop_time: 2113451545966266, actual_exe_time: 33600, task_app_start_time:2113450783440423, task_sched_time:2113451545917036
app_id: 4, app_name: pulse_doppler_api-aarch64, task_id: 78, task_name: DASH_ZIP, resource_name: cpu3, ref_start_time: 2113451547258366, ref_stop_time: 2113451547286716, actual_exe_time: 28350, task_app_start_time:2113450783440423, task_sched_time:2113451547250056
app_id: 3, app_name: TX_api-aarch64, task_id: 58, task_name: DASH_FFT, resource_name: fft1, ref_start_time: 2113451547856236, ref_stop_time: 2113451548083876, actual_exe_time: 227640, task_app_start_time:2113450819905819, task_sched_time:2113451547846816
app_id: 0, app_name: TX_api-aarch64, task_id: 57, task_name: DASH_FFT, resource_name: cpu1, ref_start_time: 2113451549348826, ref_stop_time: 2113451549377446, actual_exe_time: 28620, task_app_start_time:2113450791641525, task_sched_time:2113451549341926
app_id: 4, app_name: pulse_doppler_api-aarch64, task_id: 79, task_name: DASH_FFT, resource_name: cpu3, ref_start_time: 2113451550465367, ref_stop_time: 2113451550905707, actual_exe_time: 440340, task_app_start_time:2113450783440423, task_sched_time:2113451550452167
app_id: 2, app_name: TX_api-aarch64, task_id: 55, task_name: DASH_FFT, resource_name: cpu2, ref_start_time: 2113451550911077, ref_stop_time: 2113451550940057, actual_exe_time: 28980, task_app_start_time:2113450811072858, task_sched_time:2113451546804946
app_id: 0, app_name: TX_api-aarch64, task_id: 58, task_name: DASH_FFT, resource_name: fft1, ref_start_time: 2113451550935437, ref_stop_time: 2113451555107627, actual_exe_time: 4172190, task_app_start_time:2113450791641525, task_sched_time:2113451550923137
app_id: 1, app_name: TX_api-aarch64, task_id: 61, task_name: DASH_FFT, resource_name: fft2, ref_start_time: 2113451550956887, ref_stop_time: 2113451550996337, actual_exe_time: 39450, task_app_start_time:2113450799136756, task_sched_time:2113451548292976
app_id: 3, app_name: TX_api-aarch64, task_id: 59, task_name: DASH_FFT, resource_name: cpu2, ref_start_time: 2113451551005967, ref_stop_time: 2113451551028677, actual_exe_time: 22710, task_app_start_time:2113450819905819, task_sched_time:2113451550251827
app_id: 2, app_name: TX_api-aarch64, task_id: 56, task_name: DASH_FFT, resource_name: fft2, ref_start_time: 2113451555968958, ref_stop_time: 2113451556010628, actual_exe_time: 41670, task_app_start_time:2113450811072858, task_sched_time:2113451555807887
app_id: 4, app_name: pulse_doppler_api-aarch64, task_id: 80, task_name: DASH_FFT, resource_name: cpu1, ref_start_time: 2113451557287428, ref_stop_time: 2113451557318778, actual_exe_time: 31350, task_app_start_time:2113450783440423, task_sched_time:2113451557275878
app_id: 2, app_name: TX_api-aarch64, task_id: 57, task_name: DASH_FFT, resource_name: cpu3, ref_start_time: 2113451558210168, ref_stop_time: 2113451558571758, actual_exe_time: 361590, task_app_start_time:2113450811072858, task_sched_time:2113451558203838
app_id: 4, app_name: pulse_doppler_api-aarch64, task_id: 81, task_name: DASH_FFT, resource_name: fft1, ref_start_time: 2113451558827748, ref_stop_time: 2113451558856998, actual_exe_time: 29250, task_app_start_time:2113450783440423, task_sched_time:2113451558624828
app_id: 0, app_name: TX_api-aarch64, task_id: 59, task_name: DASH_FFT, resource_name: cpu2, ref_start_time: 2113451558927198, ref_stop_time: 2113451558955428, actual_exe_time: 28230, task_app_start_time:2113450791641525, task_sched_time:2113451557684298
app_id: 1, app_name: TX_api-aarch64, task_id: 62, task_name: DASH_FFT, resource_name: fft2, ref_start_time: 2113451559404168, ref_stop_time: 2113451559441818, actual_exe_time: 37650, task_app_start_time:2113450799136756, task_sched_time:2113451559396218
app_id: 2, app_name: TX_api-aarch64, task_id: 58, task_name: DASH_FFT, resource_name: cpu1, ref_start_time: 2113451563463049, ref_stop_time: 2113451563496709, actual_exe_time: 33660, task_app_start_time:2113450811072858, task_sched_time:2113451563453239
app_id: 4, app_name: pulse_doppler_api-aarch64, task_id: 82, task_name: DASH_ZIP, resource_name: cpu3, ref_start_time: 2113451567335389, ref_stop_time: 2113451567523729, actual_exe_time: 188340, task_app_start_time:2113450783440423, task_sched_time:2113451567331429
app_id: 2, app_name: TX_api-aarch64, task_id: 59, task_name: DASH_FFT, resource_name: fft1, ref_start_time: 2113451567383599, ref_stop_time: 2113451567427519, actual_exe_time: 43920, task_app_start_time:2113450811072858, task_sched_time:2113451567378109
app_id: 4, app_name: pulse_doppler_api-aarch64, task_id: 83, task_name: DASH_FFT, resource_name: fft2, ref_start_time: 2113451567560359, ref_stop_time: 2113451567597799, actual_exe_time: 37440, task_app_start_time:2113450783440423, task_sched_time:2113451567557029
app_id: 1, app_name: TX_api-aarch64, task_id: 63, task_name: DASH_FFT, resource_name: cpu2, ref_start_time: 2113451567681799, ref_stop_time: 2113451567711019, actual_exe_time: 29220, task_app_start_time:2113450799136756, task_sched_time:2113451567279559
app_id: 4, app_name: pulse_doppler_api-aarch64, task_id: 84, task_name: DASH_FFT, resource_name: cpu1, ref_start_time: 2113451572248910, ref_stop_time: 2113451572276060, actual_exe_time: 27150, task_app_start_time:2113450783440423, task_sched_time:2113451568025479
app_id: 1, app_name: TX_api-aarch64, task_id: 64, task_name: DASH_FFT, resource_name: cpu2, ref_start_time: 2113451573712790, ref_stop_time: 2113451573742280, actual_exe_time: 29490, task_app_start_time:2113450799136756, task_sched_time:2113451573694340
app_id: 1, app_name: TX_api-aarch64, task_id: 65, task_name: DASH_FFT, resource_name: fft1, ref_start_time: 2113451574033610, ref_stop_time: 2113451574469360, actual_exe_time: 435750, task_app_start_time:2113450799136756, task_sched_time:2113451574021820
app_id: 4, app_name: pulse_doppler_api-aarch64, task_id: 85, task_name: DASH_FFT, resource_name: cpu3, ref_start_time: 2113451576694251, ref_stop_time: 2113451576732111, actual_exe_time: 37860, task_app_start_time:2113450783440423, task_sched_time:2113451573745010
app_id: 0, app_name: TX_api-aarch64, task_id: 60, task_name: DASH_FFT, resource_name: cpu1, ref_start_time: 2113451598331454, ref_stop_time: 2113451598364514, actual_exe_time: 33060, task_app_start_time:2113450791641525, task_sched_time:2113451598325664
app_id: 1, app_name: TX_api-aarch64, task_id: 66, task_name: DASH_FFT, resource_name: fft2, ref_start_time: 2113451598373184, ref_stop_time: 2113451598416714, actual_exe_time: 43530, task_app_start_time:2113450799136756, task_sched_time:2113451598142154
app_id: 3, app_name: TX_api-aarch64, task_id: 60, task_name: DASH_FFT, resource_name: cpu3, ref_start_time: 2113451598569564, ref_stop_time: 2113451598599024, actual_exe_time: 29460, task_app_start_time:2113450819905819, task_sched_time:2113451598416984
app_id: 4, app_name: pulse_doppler_api-aarch64, task_id: 86, task_name: DASH_ZIP, resource_name: cpu2, ref_start_time: 2113451598748214, ref_stop_time: 2113451598774134, actual_exe_time: 25920, task_app_start_time:2113450783440423, task_sched_time:2113451598371054
app_id: 2, app_name: TX_api-aarch64, task_id: 60, task_name: DASH_FFT, resource_name: fft1, ref_start_time: 2113451599368764, ref_stop_time: 2113451600662065, actual_exe_time: 1293301, task_app_start_time:2113450811072858, task_sched_time:2113451599203374
app_id: 0, app_name: TX_api-aarch64, task_id: 61, task_name: DASH_FFT, resource_name: fft2, ref_start_time: 2113451599935555, ref_stop_time: 2113451599974105, actual_exe_time: 38550, task_app_start_time:2113450791641525, task_sched_time:2113451599931055
app_id: 1, app_name: TX_api-aarch64, task_id: 67, task_name: DASH_FFT, resource_name: cpu1, ref_start_time: 2113451603134275, ref_stop_time: 2113451603780475, actual_exe_time: 646200, task_app_start_time:2113450799136756, task_sched_time:2113451603125935
app_id: 3, app_name: TX_api-aarch64, task_id: 61, task_name: DASH_FFT, resource_name: cpu2, ref_start_time: 2113451607383896, ref_stop_time: 2113451607416356, actual_exe_time: 32460, task_app_start_time:2113450819905819, task_sched_time:2113451607372526
app_id: 4, app_name: pulse_doppler_api-aarch64, task_id: 87, task_name: DASH_FFT, resource_name: cpu3, ref_start_time: 2113451607587326, ref_stop_time: 2113451608055896, actual_exe_time: 468570, task_app_start_time:2113450783440423, task_sched_time:2113451607539086
app_id: 2, app_name: TX_api-aarch64, task_id: 61, task_name: DASH_FFT, resource_name: fft1, ref_start_time: 2113451610960976, ref_stop_time: 2113451611406176, actual_exe_time: 445200, task_app_start_time:2113450811072858, task_sched_time:2113451610951556
app_id: 0, app_name: TX_api-aarch64, task_id: 62, task_name: DASH_FFT, resource_name: fft2, ref_start_time: 2113451611081396, ref_stop_time: 2113451611320136, actual_exe_time: 238740, task_app_start_time:2113450791641525, task_sched_time:2113451611077316
app_id: 3, app_name: TX_api-aarch64, task_id: 62, task_name: DASH_FFT, resource_name: cpu1, ref_start_time: 2113451619611388, ref_stop_time: 2113451619644508, actual_exe_time: 33120, task_app_start_time:2113450819905819, task_sched_time:2113451619600498
app_id: 4, app_name: pulse_doppler_api-aarch64, task_id: 88, task_name: DASH_FFT, resource_name: cpu2, ref_start_time: 2113451619733458, ref_stop_time: 2113451619782028, actual_exe_time: 48570, task_app_start_time:2113450783440423, task_sched_time:2113451619728778
app_id: 4, app_name: pulse_doppler_api-aarch64, task_id: 89, task_name: DASH_FFT, resource_name: cpu3, ref_start_time: 2113451620095438, ref_stop_time: 2113451620121478, actual_exe_time: 26040, task_app_start_time:2113450783440423, task_sched_time:2113451619950808
app_id: 0, app_name: TX_api-aarch64, task_id: 63, task_name: DASH_FFT, resource_name: fft1, ref_start_time: 2113451622946248, ref_stop_time: 2113451623208958, actual_exe_time: 262710, task_app_start_time:2113450791641525, task_sched_time:2113451622937788
app_id: 2, app_name: TX_api-aarch64, task_id: 62, task_name: DASH_FFT, resource_name: fft2, ref_start_time: 2113451626788109, ref_stop_time: 2113451626831159, actual_exe_time: 43050, task_app_start_time:2113450811072858, task_sched_time:2113451626504879
app_id: 3, app_name: TX_api-aarch64, task_id: 63, task_name: DASH_FFT, resource_name: cpu1, ref_start_time: 2113451626798369, ref_stop_time: 2113451627074099, actual_exe_time: 275730, task_app_start_time:2113450819905819, task_sched_time:2113451626786369
app_id: 1, app_name: TX_api-aarch64, task_id: 68, task_name: DASH_FFT, resource_name: cpu2, ref_start_time: 2113451635042580, ref_stop_time: 2113451635076240, actual_exe_time: 33660, task_app_start_time:2113450799136756, task_sched_time:2113451634988370
app_id: 0, app_name: TX_api-aarch64, task_id: 64, task_name: DASH_FFT, resource_name: cpu3, ref_start_time: 2113451638914171, ref_stop_time: 2113451638948071, actual_exe_time: 33900, task_app_start_time:2113450791641525, task_sched_time:2113451638910751
app_id: 4, app_name: pulse_doppler_api-aarch64, task_id: 90, task_name: DASH_ZIP, resource_name: zip1, ref_start_time: 2113451641103361, ref_stop_time: 2113451641153911, actual_exe_time: 50550, task_app_start_time:2113450783440423, task_sched_time:2113451641095861
app_id: 2, app_name: TX_api-aarch64, task_id: 63, task_name: DASH_FFT, resource_name: cpu1, ref_start_time: 2113451645084272, ref_stop_time: 2113451645118082, actual_exe_time: 33810, task_app_start_time:2113450811072858, task_sched_time:2113451645068822
app_id: 1, app_name: TX_api-aarch64, task_id: 69, task_name: DASH_FFT, resource_name: cpu3, ref_start_time: 2113451645798482, ref_stop_time: 2113451646374632, actual_exe_time: 576150, task_app_start_time:2113450799136756, task_sched_time:2113451645792572
app_id: 0, app_name: TX_api-aarch64, task_id: 65, task_name: DASH_FFT, resource_name: fft1, ref_start_time: 2113451646139792, ref_stop_time: 2113451646455212, actual_exe_time: 315420, task_app_start_time:2113450791641525, task_sched_time:2113451646130582
app_id: 3, app_name: TX_api-aarch64, task_id: 64, task_name: DASH_FFT, resource_name: cpu2, ref_start_time: 2113451646951952, ref_stop_time: 2113451646982732, actual_exe_time: 30780, task_app_start_time:2113450819905819, task_sched_time:2113451645453242
app_id: 4, app_name: pulse_doppler_api-aarch64, task_id: 91, task_name: DASH_FFT, resource_name: fft2, ref_start_time: 2113451650904933, ref_stop_time: 2113451650950353, actual_exe_time: 45420, task_app_start_time:2113450783440423, task_sched_time:2113451648087362
app_id: 2, app_name: TX_api-aarch64, task_id: 64, task_name: DASH_FFT, resource_name: cpu1, ref_start_time: 2113451652672233, ref_stop_time: 2113451652730313, actual_exe_time: 58080, task_app_start_time:2113450811072858, task_sched_time:2113451652666743
app_id: 3, app_name: TX_api-aarch64, task_id: 65, task_name: DASH_FFT, resource_name: cpu3, ref_start_time: 2113451652935573, ref_stop_time: 2113451653177673, actual_exe_time: 242100, task_app_start_time:2113450819905819, task_sched_time:2113451652931823
app_id: 4, app_name: pulse_doppler_api-aarch64, task_id: 92, task_name: DASH_FFT, resource_name: fft1, ref_start_time: 2113451653588643, ref_stop_time: 2113451653943333, actual_exe_time: 354690, task_app_start_time:2113450783440423, task_sched_time:2113451653576553
app_id: 0, app_name: TX_api-aarch64, task_id: 66, task_name: DASH_FFT, resource_name: cpu2, ref_start_time: 2113451654041373, ref_stop_time: 2113451654068853, actual_exe_time: 27480, task_app_start_time:2113450791641525, task_sched_time:2113451652868613
app_id: 2, app_name: TX_api-aarch64, task_id: 65, task_name: DASH_FFT, resource_name: fft2, ref_start_time: 2113451654602493, ref_stop_time: 2113451654641073, actual_exe_time: 38580, task_app_start_time:2113450811072858, task_sched_time:2113451654489873
app_id: 3, app_name: TX_api-aarch64, task_id: 66, task_name: DASH_FFT, resource_name: cpu1, ref_start_time: 2113451656060824, ref_stop_time: 2113451656088874, actual_exe_time: 28050, task_app_start_time:2113450819905819, task_sched_time:2113451656044324
app_id: 4, app_name: pulse_doppler_api-aarch64, task_id: 93, task_name: DASH_FFT, resource_name: cpu2, ref_start_time: 2113451656453074, ref_stop_time: 2113451658990114, actual_exe_time: 2537040, task_app_start_time:2113450783440423, task_sched_time:2113451656447554
app_id: 2, app_name: TX_api-aarch64, task_id: 66, task_name: DASH_FFT, resource_name: cpu3, ref_start_time: 2113451656968474, ref_stop_time: 2113451657037324, actual_exe_time: 68850, task_app_start_time:2113450811072858, task_sched_time:2113451656962684
app_id: 0, app_name: TX_api-aarch64, task_id: 67, task_name: DASH_FFT, resource_name: fft1, ref_start_time: 2113451657480994, ref_stop_time: 2113451657754474, actual_exe_time: 273480, task_app_start_time:2113450791641525, task_sched_time:2113451657473734
app_id: 3, app_name: TX_api-aarch64, task_id: 67, task_name: DASH_FFT, resource_name: cpu1, ref_start_time: 2113451658674724, ref_stop_time: 2113451658701994, actual_exe_time: 27270, task_app_start_time:2113450819905819, task_sched_time:2113451658666204
app_id: 2, app_name: TX_api-aarch64, task_id: 67, task_name: DASH_FFT, resource_name: fft2, ref_start_time: 2113451658934494, ref_stop_time: 2113451658974274, actual_exe_time: 39780, task_app_start_time:2113450811072858, task_sched_time:2113451657827644
app_id: 0, app_name: TX_api-aarch64, task_id: 68, task_name: DASH_FFT, resource_name: cpu2, ref_start_time: 2113451660363484, ref_stop_time: 2113451660696964, actual_exe_time: 333480, task_app_start_time:2113450791641525, task_sched_time:2113451659577844
app_id: 3, app_name: TX_api-aarch64, task_id: 68, task_name: DASH_FFT, resource_name: cpu3, ref_start_time: 2113451663203855, ref_stop_time: 2113451663238175, actual_exe_time: 34320, task_app_start_time:2113450819905819, task_sched_time:2113451663169595
app_id: 2, app_name: TX_api-aarch64, task_id: 68, task_name: DASH_FFT, resource_name: fft1, ref_start_time: 2113451679240867, ref_stop_time: 2113451679658467, actual_exe_time: 417600, task_app_start_time:2113450811072858, task_sched_time:2113451679225687
app_id: 0, app_name: TX_api-aarch64, task_id: 69, task_name: DASH_FFT, resource_name: fft2, ref_start_time: 2113451679394857, ref_stop_time: 2113451679435957, actual_exe_time: 41100, task_app_start_time:2113450791641525, task_sched_time:2113451679387297
app_id: 4, app_name: pulse_doppler_api-aarch64, task_id: 94, task_name: DASH_ZIP, resource_name: zip1, ref_start_time: 2113451679448317, ref_stop_time: 2113451679493947, actual_exe_time: 45630, task_app_start_time:2113450783440423, task_sched_time:2113451679441177
app_id: 3, app_name: TX_api-aarch64, task_id: 69, task_name: DASH_FFT, resource_name: cpu1, ref_start_time: 2113451679623397, ref_stop_time: 2113451679652407, actual_exe_time: 29010, task_app_start_time:2113450819905819, task_sched_time:2113451679593787
app_id: 1, app_name: TX_api-aarch64, task_id: 70, task_name: DASH_FFT, resource_name: cpu2, ref_start_time: 2113451683103578, ref_stop_time: 2113451683130998, actual_exe_time: 27420, task_app_start_time:2113450799136756, task_sched_time:2113451683093978
app_id: 1, app_name: TX_api-aarch64, task_id: 71, task_name: DASH_FFT, resource_name: fft1, ref_start_time: 2113451686148728, ref_stop_time: 2113451686190998, actual_exe_time: 42270, task_app_start_time:2113450799136756, task_sched_time:2113451686140448
app_id: 2, app_name: TX_api-aarch64, task_id: 69, task_name: DASH_FFT, resource_name: cpu3, ref_start_time: 2113451686974719, ref_stop_time: 2113451687005349, actual_exe_time: 30630, task_app_start_time:2113450811072858, task_sched_time:2113451685051118
app_id: 4, app_name: pulse_doppler_api-aarch64, task_id: 95, task_name: DASH_FFT, resource_name: fft2, ref_start_time: 2113451691128069, ref_stop_time: 2113451691174779, actual_exe_time: 46710, task_app_start_time:2113450783440423, task_sched_time:2113451691118349
app_id: 4, app_name: pulse_doppler_api-aarch64, task_id: 96, task_name: DASH_FFT, resource_name: cpu1, ref_start_time: 2113451695164990, ref_stop_time: 2113451695195860, actual_exe_time: 30870, task_app_start_time:2113450783440423, task_sched_time:2113451695158000
app_id: 4, app_name: pulse_doppler_api-aarch64, task_id: 97, task_name: DASH_FFT, resource_name: cpu2, ref_start_time: 2113451695535310, ref_stop_time: 2113451695557900, actual_exe_time: 22590, task_app_start_time:2113450783440423, task_sched_time:2113451695526190
app_id: 1, app_name: TX_api-aarch64, task_id: 72, task_name: DASH_FFT, resource_name: cpu3, ref_start_time: 2113451711038652, ref_stop_time: 2113451711072582, actual_exe_time: 33930, task_app_start_time:2113450799136756, task_sched_time:2113451711030672
app_id: 4, app_name: pulse_doppler_api-aarch64, task_id: 98, task_name: DASH_ZIP, resource_name: zip1, ref_start_time: 2113451712158403, ref_stop_time: 2113451712205263, actual_exe_time: 46860, task_app_start_time:2113450783440423, task_sched_time:2113451711176982
app_id: 1, app_name: TX_api-aarch64, task_id: 73, task_name: DASH_FFT, resource_name: cpu1, ref_start_time: 2113451719082104, ref_stop_time: 2113451719440244, actual_exe_time: 358140, task_app_start_time:2113450799136756, task_sched_time:2113451719065274
app_id: 3, app_name: TX_api-aarch64, task_id: 70, task_name: DASH_FFT, resource_name: cpu2, ref_start_time: 2113451719376044, ref_stop_time: 2113451723056024, actual_exe_time: 3679980, task_app_start_time:2113450819905819, task_sched_time:2113451719368874
app_id: 1, app_name: TX_api-aarch64, task_id: 74, task_name: DASH_FFT, resource_name: cpu3, ref_start_time: 2113451723432584, ref_stop_time: 2113451723462074, actual_exe_time: 29490, task_app_start_time:2113450799136756, task_sched_time:2113451723424334
app_id: 4, app_name: pulse_doppler_api-aarch64, task_id: 99, task_name: DASH_FFT, resource_name: fft1, ref_start_time: 2113451727239795, ref_stop_time: 2113451727280565, actual_exe_time: 40770, task_app_start_time:2113450783440423, task_sched_time:2113451727228365
app_id: 2, app_name: TX_api-aarch64, task_id: 70, task_name: DASH_FFT, resource_name: fft2, ref_start_time: 2113451729508455, ref_stop_time: 2113451729545055, actual_exe_time: 36600, task_app_start_time:2113450811072858, task_sched_time:2113451729502905
app_id: 1, app_name: TX_api-aarch64, task_id: 75, task_name: DASH_FFT, resource_name: cpu1, ref_start_time: 2113451735708316, ref_stop_time: 2113451735747256, actual_exe_time: 38940, task_app_start_time:2113450799136756, task_sched_time:2113451735701746
app_id: 3, app_name: TX_api-aarch64, task_id: 71, task_name: DASH_FFT, resource_name: cpu2, ref_start_time: 2113451735914956, ref_stop_time: 2113451735984946, actual_exe_time: 69990, task_app_start_time:2113450819905819, task_sched_time:2113451735906616
app_id: 0, app_name: TX_api-aarch64, task_id: 70, task_name: DASH_FFT, resource_name: cpu3, ref_start_time: 2113451739279847, ref_stop_time: 2113451739516697, actual_exe_time: 236850, task_app_start_time:2113450791641525, task_sched_time:2113451739237157
app_id: 4, app_name: pulse_doppler_api-aarch64, task_id: 100, task_name: DASH_FFT, resource_name: fft1, ref_start_time: 2113451743118678, ref_stop_time: 2113451743150568, actual_exe_time: 31890, task_app_start_time:2113450783440423, task_sched_time:2113451743114568
app_id: 4, app_name: pulse_doppler_api-aarch64, task_id: 101, task_name: DASH_FFT, resource_name: fft2, ref_start_time: 2113451743557368, ref_stop_time: 2113451743583648, actual_exe_time: 26280, task_app_start_time:2113450783440423, task_sched_time:2113451743553108
app_id: 4, app_name: pulse_doppler_api-aarch64, task_id: 102, task_name: DASH_ZIP, resource_name: zip1, ref_start_time: 2113451745924938, ref_stop_time: 2113451746082978, actual_exe_time: 158040, task_app_start_time:2113450783440423, task_sched_time:2113451745919448
app_id: 2, app_name: TX_api-aarch64, task_id: 71, task_name: DASH_FFT, resource_name: cpu1, ref_start_time: 2113451746398758, ref_stop_time: 2113451746431608, actual_exe_time: 32850, task_app_start_time:2113450811072858, task_sched_time:2113451746394318
app_id: 1, app_name: TX_api-aarch64, task_id: 76, task_name: DASH_FFT, resource_name: cpu3, ref_start_time: 2113451746657928, ref_stop_time: 2113451746684148, actual_exe_time: 26220, task_app_start_time:2113450799136756, task_sched_time:2113451746651418
app_id: 3, app_name: TX_api-aarch64, task_id: 72, task_name: DASH_FFT, resource_name: fft1, ref_start_time: 2113451746936268, ref_stop_time: 2113451746976948, actual_exe_time: 40680, task_app_start_time:2113450819905819, task_sched_time:2113451746757168
app_id: 1, app_name: TX_api-aarch64, task_id: 77, task_name: DASH_FFT, resource_name: cpu1, ref_start_time: 2113451748005378, ref_stop_time: 2113451748036098, actual_exe_time: 30720, task_app_start_time:2113450799136756, task_sched_time:2113451747998028
app_id: 2, app_name: TX_api-aarch64, task_id: 72, task_name: DASH_FFT, resource_name: cpu3, ref_start_time: 2113451749252839, ref_stop_time: 2113451750189379, actual_exe_time: 936540, task_app_start_time:2113450811072858, task_sched_time:2113451749245699
app_id: 0, app_name: TX_api-aarch64, task_id: 71, task_name: DASH_FFT, resource_name: cpu2, ref_start_time: 2113451749519449, ref_stop_time: 2113451749561719, actual_exe_time: 42270, task_app_start_time:2113450791641525, task_sched_time:2113451746597688
app_id: 4, app_name: pulse_doppler_api-aarch64, task_id: 103, task_name: DASH_FFT, resource_name: fft2, ref_start_time: 2113451749576179, ref_stop_time: 2113451749616799, actual_exe_time: 40620, task_app_start_time:2113450783440423, task_sched_time:2113451747206208
app_id: 3, app_name: TX_api-aarch64, task_id: 73, task_name: DASH_FFT, resource_name: cpu2, ref_start_time: 2113451749634589, ref_stop_time: 2113451749656789, actual_exe_time: 22200, task_app_start_time:2113450819905819, task_sched_time:2113451748398768
app_id: 1, app_name: TX_api-aarch64, task_id: 78, task_name: DASH_FFT, resource_name: fft1, ref_start_time: 2113451751363579, ref_stop_time: 2113451751407499, actual_exe_time: 43920, task_app_start_time:2113450799136756, task_sched_time:2113451751355509
app_id: 0, app_name: TX_api-aarch64, task_id: 72, task_name: DASH_FFT, resource_name: fft2, ref_start_time: 2113451754957130, ref_stop_time: 2113451754998770, actual_exe_time: 41640, task_app_start_time:2113450791641525, task_sched_time:2113451754950200
app_id: 4, app_name: pulse_doppler_api-aarch64, task_id: 104, task_name: DASH_FFT, resource_name: cpu1, ref_start_time: 2113451759075890, ref_stop_time: 2113451759104210, actual_exe_time: 28320, task_app_start_time:2113450783440423, task_sched_time:2113451759063560
app_id: 2, app_name: TX_api-aarch64, task_id: 73, task_name: DASH_FFT, resource_name: cpu2, ref_start_time: 2113451760117820, ref_stop_time: 2113451760372460, actual_exe_time: 254640, task_app_start_time:2113450811072858, task_sched_time:2113451760109030
app_id: 3, app_name: TX_api-aarch64, task_id: 74, task_name: DASH_FFT, resource_name: cpu3, ref_start_time: 2113451762979131, ref_stop_time: 2113451763193001, actual_exe_time: 213870, task_app_start_time:2113450819905819, task_sched_time:2113451762974331
app_id: 1, app_name: TX_api-aarch64, task_id: 79, task_name: DASH_FFT, resource_name: fft1, ref_start_time: 2113451767122251, ref_stop_time: 2113451771104872, actual_exe_time: 3982621, task_app_start_time:2113450799136756, task_sched_time:2113451767111151
app_id: 0, app_name: TX_api-aarch64, task_id: 73, task_name: DASH_FFT, resource_name: fft2, ref_start_time: 2113451770920852, ref_stop_time: 2113451771283522, actual_exe_time: 362670, task_app_start_time:2113450791641525, task_sched_time:2113451770914432
app_id: 4, app_name: pulse_doppler_api-aarch64, task_id: 105, task_name: DASH_FFT, resource_name: cpu1, ref_start_time: 2113451776239163, ref_stop_time: 2113451776273453, actual_exe_time: 34290, task_app_start_time:2113450783440423, task_sched_time:2113451773535473
app_id: 3, app_name: TX_api-aarch64, task_id: 75, task_name: DASH_FFT, resource_name: cpu2, ref_start_time: 2113451779115053, ref_stop_time: 2113451779148353, actual_exe_time: 33300, task_app_start_time:2113450819905819, task_sched_time:2113451779107163
app_id: 0, app_name: TX_api-aarch64, task_id: 74, task_name: DASH_FFT, resource_name: cpu3, ref_start_time: 2113451779156123, ref_stop_time: 2113451779185283, actual_exe_time: 29160, task_app_start_time:2113450791641525, task_sched_time:2113451779145623
app_id: 2, app_name: TX_api-aarch64, task_id: 74, task_name: DASH_FFT, resource_name: fft1, ref_start_time: 2113451779183963, ref_stop_time: 2113451779556683, actual_exe_time: 372720, task_app_start_time:2113450811072858, task_sched_time:2113451779174963
app_id: 4, app_name: pulse_doppler_api-aarch64, task_id: 106, task_name: DASH_ZIP, resource_name: zip1, ref_start_time: 2113451779426453, ref_stop_time: 2113451779472563, actual_exe_time: 46110, task_app_start_time:2113450783440423, task_sched_time:2113451779237303
app_id: 3, app_name: TX_api-aarch64, task_id: 76, task_name: DASH_FFT, resource_name: cpu1, ref_start_time: 2113451783034044, ref_stop_time: 2113451783062814, actual_exe_time: 28770, task_app_start_time:2113450819905819, task_sched_time:2113451783026064
app_id: 2, app_name: TX_api-aarch64, task_id: 75, task_name: DASH_FFT, resource_name: cpu2, ref_start_time: 2113451783288084, ref_stop_time: 2113451783312804, actual_exe_time: 24720, task_app_start_time:2113450811072858, task_sched_time:2113451783181884
app_id: 2, app_name: TX_api-aarch64, task_id: 76, task_name: DASH_FFT, resource_name: cpu3, ref_start_time: 2113451786921235, ref_stop_time: 2113451787008085, actual_exe_time: 86850, task_app_start_time:2113450811072858, task_sched_time:2113451786915955
app_id: 0, app_name: TX_api-aarch64, task_id: 75, task_name: DASH_FFT, resource_name: fft1, ref_start_time: 2113451787997035, ref_stop_time: 2113451788060425, actual_exe_time: 63390, task_app_start_time:2113450791641525, task_sched_time:2113451787908295
app_id: 2, app_name: TX_api-aarch64, task_id: 77, task_name: DASH_FFT, resource_name: fft2, ref_start_time: 2113451791088325, ref_stop_time: 2113451791129245, actual_exe_time: 40920, task_app_start_time:2113450811072858, task_sched_time:2113451791073355
app_id: 4, app_name: pulse_doppler_api-aarch64, task_id: 107, task_name: DASH_FFT, resource_name: cpu1, ref_start_time: 2113451795058706, ref_stop_time: 2113451796283666, actual_exe_time: 1224960, task_app_start_time:2113450783440423, task_sched_time:2113451795047036
app_id: 3, app_name: TX_api-aarch64, task_id: 77, task_name: DASH_FFT, resource_name: cpu2, ref_start_time: 2113451795226736, ref_stop_time: 2113451795254546, actual_exe_time: 27810, task_app_start_time:2113450819905819, task_sched_time:2113451795104186
app_id: 3, app_name: TX_api-aarch64, task_id: 78, task_name: DASH_FFT, resource_name: cpu3, ref_start_time: 2113451801200817, ref_stop_time: 2113451801236787, actual_exe_time: 35970, task_app_start_time:2113450819905819, task_sched_time:2113451801182337
app_id: 2, app_name: TX_api-aarch64, task_id: 78, task_name: DASH_FFT, resource_name: fft1, ref_start_time: 2113451803291307, ref_stop_time: 2113451803568357, actual_exe_time: 277050, task_app_start_time:2113450811072858, task_sched_time:2113451803275617
app_id: 1, app_name: TX_api-aarch64, task_id: 80, task_name: DASH_FFT, resource_name: fft2, ref_start_time: 2113451807151588, ref_stop_time: 2113451811782989, actual_exe_time: 4631401, task_app_start_time:2113450799136756, task_sched_time:2113451807146968
app_id: 4, app_name: pulse_doppler_api-aarch64, task_id: 108, task_name: DASH_FFT, resource_name: cpu1, ref_start_time: 2113451807603658, ref_stop_time: 2113451811748939, actual_exe_time: 4145281, task_app_start_time:2113450783440423, task_sched_time:2113451807598558
app_id: 0, app_name: TX_api-aarch64, task_id: 76, task_name: DASH_FFT, resource_name: cpu2, ref_start_time: 2113451811933079, ref_stop_time: 2113451811960739, actual_exe_time: 27660, task_app_start_time:2113450791641525, task_sched_time:2113451811927559
app_id: 3, app_name: TX_api-aarch64, task_id: 79, task_name: DASH_FFT, resource_name: cpu3, ref_start_time: 2113451813049409, ref_stop_time: 2113451813192209, actual_exe_time: 142800, task_app_start_time:2113450819905819, task_sched_time:2113451813044969
app_id: 2, app_name: TX_api-aarch64, task_id: 79, task_name: DASH_FFT, resource_name: fft1, ref_start_time: 2113451813187349, ref_stop_time: 2113451815200019, actual_exe_time: 2012670, task_app_start_time:2113450811072858, task_sched_time:2113451813178259
app_id: 1, app_name: TX_api-aarch64, task_id: 81, task_name: DASH_FFT, resource_name: fft2, ref_start_time: 2113451814926209, ref_stop_time: 2113451815234519, actual_exe_time: 308310, task_app_start_time:2113450799136756, task_sched_time:2113451814920989
app_id: 0, app_name: TX_api-aarch64, task_id: 77, task_name: DASH_FFT, resource_name: cpu2, ref_start_time: 2113451816909539, ref_stop_time: 2113451816938790, actual_exe_time: 29251, task_app_start_time:2113450791641525, task_sched_time:2113451816877019
app_id: 4, app_name: pulse_doppler_api-aarch64, task_id: 109, task_name: DASH_FFT, resource_name: cpu1, ref_start_time: 2113451819849330, ref_stop_time: 2113451819881610, actual_exe_time: 32280, task_app_start_time:2113450783440423, task_sched_time:2113451816750599
app_id: 0, app_name: TX_api-aarch64, task_id: 78, task_name: DASH_FFT, resource_name: cpu3, ref_start_time: 2113451823160971, ref_stop_time: 2113451823214641, actual_exe_time: 53670, task_app_start_time:2113450791641525, task_sched_time:2113451823156321
app_id: 1, app_name: TX_api-aarch64, task_id: 82, task_name: DASH_FFT, resource_name: cpu1, ref_start_time: 2113451824036041, ref_stop_time: 2113451824333581, actual_exe_time: 297540, task_app_start_time:2113450799136756, task_sched_time:2113451824030461
app_id: 4, app_name: pulse_doppler_api-aarch64, task_id: 110, task_name: DASH_ZIP, resource_name: zip1, ref_start_time: 2113451824087371, ref_stop_time: 2113451824134351, actual_exe_time: 46980, task_app_start_time:2113450783440423, task_sched_time:2113451823939261
app_id: 0, app_name: TX_api-aarch64, task_id: 79, task_name: DASH_FFT, resource_name: cpu2, ref_start_time: 2113451827409061, ref_stop_time: 2113451827435611, actual_exe_time: 26550, task_app_start_time:2113450791641525, task_sched_time:2113451827405851
app_id: 4, app_name: pulse_doppler_api-aarch64, task_id: 111, task_name: DASH_FFT, resource_name: cpu3, ref_start_time: 2113451842985964, ref_stop_time: 2113451843044104, actual_exe_time: 58140, task_app_start_time:2113450783440423, task_sched_time:2113451842978524
app_id: 1, app_name: TX_api-aarch64, task_id: 83, task_name: DASH_FFT, resource_name: fft1, ref_start_time: 2113451843046354, ref_stop_time: 2113451843407314, actual_exe_time: 360960, task_app_start_time:2113450799136756, task_sched_time:2113451843042244
app_id: 4, app_name: pulse_doppler_api-aarch64, task_id: 112, task_name: DASH_FFT, resource_name: fft2, ref_start_time: 2113451843517984, ref_stop_time: 2113451843545794, actual_exe_time: 27810, task_app_start_time:2113450783440423, task_sched_time:2113451843471964
app_id: 4, app_name: pulse_doppler_api-aarch64, task_id: 113, task_name: DASH_FFT, resource_name: cpu1, ref_start_time: 2113451846818374, ref_stop_time: 2113451846844354, actual_exe_time: 25980, task_app_start_time:2113450783440423, task_sched_time:2113451846811444
app_id: 4, app_name: pulse_doppler_api-aarch64, task_id: 114, task_name: DASH_ZIP, resource_name: cpu2, ref_start_time: 2113451847589764, ref_stop_time: 2113451847614484, actual_exe_time: 24720, task_app_start_time:2113450783440423, task_sched_time:2113451847532044
app_id: 3, app_name: TX_api-aarch64, task_id: 80, task_name: DASH_FFT, resource_name: cpu3, ref_start_time: 2113451852285965, ref_stop_time: 2113451852562565, actual_exe_time: 276600, task_app_start_time:2113450819905819, task_sched_time:2113451852242855
app_id: 2, app_name: TX_api-aarch64, task_id: 80, task_name: DASH_FFT, resource_name: fft1, ref_start_time: 2113451852409505, ref_stop_time: 2113451855857466, actual_exe_time: 3447961, task_app_start_time:2113450811072858, task_sched_time:2113451852400505
app_id: 1, app_name: TX_api-aarch64, task_id: 84, task_name: DASH_FFT, resource_name: fft2, ref_start_time: 2113451854930316, ref_stop_time: 2113451854978016, actual_exe_time: 47700, task_app_start_time:2113450799136756, task_sched_time:2113451854921676
app_id: 4, app_name: pulse_doppler_api-aarch64, task_id: 115, task_name: DASH_FFT, resource_name: cpu1, ref_start_time: 2113451858989796, ref_stop_time: 2113451859020306, actual_exe_time: 30510, task_app_start_time:2113450783440423, task_sched_time:2113451858985386
app_id: 4, app_name: pulse_doppler_api-aarch64, task_id: 116, task_name: DASH_FFT, resource_name: cpu2, ref_start_time: 2113451861230707, ref_stop_time: 2113451861257107, actual_exe_time: 26400, task_app_start_time:2113450783440423, task_sched_time:2113451861224107
app_id: 4, app_name: pulse_doppler_api-aarch64, task_id: 117, task_name: DASH_FFT, resource_name: cpu3, ref_start_time: 2113451861714157, ref_stop_time: 2113451861878047, actual_exe_time: 163890, task_app_start_time:2113450783440423, task_sched_time:2113451861707227
app_id: 0, app_name: TX_api-aarch64, task_id: 80, task_name: DASH_FFT, resource_name: fft1, ref_start_time: 2113451862006417, ref_stop_time: 2113451862045987, actual_exe_time: 39570, task_app_start_time:2113450791641525, task_sched_time:2113451861998467
app_id: 3, app_name: TX_api-aarch64, task_id: 81, task_name: DASH_FFT, resource_name: fft2, ref_start_time: 2113451865522027, ref_stop_time: 2113451865562977, actual_exe_time: 40950, task_app_start_time:2113450819905819, task_sched_time:2113451865518007
app_id: 2, app_name: TX_api-aarch64, task_id: 81, task_name: DASH_FFT, resource_name: cpu1, ref_start_time: 2113451865946977, ref_stop_time: 2113451866215087, actual_exe_time: 268110, task_app_start_time:2113450811072858, task_sched_time:2113451865939207
app_id: 0, app_name: TX_api-aarch64, task_id: 81, task_name: DASH_FFT, resource_name: cpu2, ref_start_time: 2113451866140717, ref_stop_time: 2113451866284447, actual_exe_time: 143730, task_app_start_time:2113450791641525, task_sched_time:2113451866063917
app_id: 4, app_name: pulse_doppler_api-aarch64, task_id: 118, task_name: DASH_ZIP, resource_name: cpu3, ref_start_time: 2113451871726238, ref_stop_time: 2113451871917758, actual_exe_time: 191520, task_app_start_time:2113450783440423, task_sched_time:2113451871676558
app_id: 2, app_name: TX_api-aarch64, task_id: 82, task_name: DASH_FFT, resource_name: fft1, ref_start_time: 2113451872085878, ref_stop_time: 2113451872131628, actual_exe_time: 45750, task_app_start_time:2113450811072858, task_sched_time:2113451872075108
app_id: 1, app_name: TX_api-aarch64, task_id: 85, task_name: DASH_FFT, resource_name: fft2, ref_start_time: 2113451872287538, ref_stop_time: 2113451875256879, actual_exe_time: 2969341, task_app_start_time:2113450799136756, task_sched_time:2113451872219948
app_id: 3, app_name: TX_api-aarch64, task_id: 82, task_name: DASH_FFT, resource_name: cpu1, ref_start_time: 2113451875028009, ref_stop_time: 2113451875524089, actual_exe_time: 496080, task_app_start_time:2113450819905819, task_sched_time:2113451875022639
app_id: 4, app_name: pulse_doppler_api-aarch64, task_id: 119, task_name: DASH_FFT, resource_name: cpu2, ref_start_time: 2113451875148369, ref_stop_time: 2113451875447409, actual_exe_time: 299040, task_app_start_time:2113450783440423, task_sched_time:2113451875145039
app_id: 0, app_name: TX_api-aarch64, task_id: 82, task_name: DASH_FFT, resource_name: cpu3, ref_start_time: 2113451876417549, ref_stop_time: 2113451877068879, actual_exe_time: 651330, task_app_start_time:2113450791641525, task_sched_time:2113451876410349
app_id: 1, app_name: TX_api-aarch64, task_id: 86, task_name: DASH_FFT, resource_name: fft1, ref_start_time: 2113451880339060, ref_stop_time: 2113451880388080, actual_exe_time: 49020, task_app_start_time:2113450799136756, task_sched_time:2113451880330030
app_id: 2, app_name: TX_api-aarch64, task_id: 83, task_name: DASH_FFT, resource_name: cpu1, ref_start_time: 2113451881157400, ref_stop_time: 2113451881190610, actual_exe_time: 33210, task_app_start_time:2113450811072858, task_sched_time:2113451881142580
app_id: 3, app_name: TX_api-aarch64, task_id: 83, task_name: DASH_FFT, resource_name: cpu3, ref_start_time: 2113451882120910, ref_stop_time: 2113451882538450, actual_exe_time: 417540, task_app_start_time:2113450819905819, task_sched_time:2113451882116830
app_id: 4, app_name: pulse_doppler_api-aarch64, task_id: 120, task_name: DASH_FFT, resource_name: fft2, ref_start_time: 2113451882912370, ref_stop_time: 2113451882948340, actual_exe_time: 35970, task_app_start_time:2113450783440423, task_sched_time:2113451880615480
app_id: 0, app_name: TX_api-aarch64, task_id: 83, task_name: DASH_FFT, resource_name: cpu2, ref_start_time: 2113451882960310, ref_stop_time: 2113451882986710, actual_exe_time: 26400, task_app_start_time:2113450791641525, task_sched_time:2113451881308570
app_id: 1, app_name: TX_api-aarch64, task_id: 87, task_name: DASH_FFT, resource_name: fft1, ref_start_time: 2113451883029670, ref_stop_time: 2113451883069030, actual_exe_time: 39360, task_app_start_time:2113450799136756, task_sched_time:2113451883018540
app_id: 2, app_name: TX_api-aarch64, task_id: 84, task_name: DASH_FFT, resource_name: fft2, ref_start_time: 2113451887327921, ref_stop_time: 2113451887364491, actual_exe_time: 36570, task_app_start_time:2113450811072858, task_sched_time:2113451887319971
app_id: 1, app_name: TX_api-aarch64, task_id: 88, task_name: DASH_FFT, resource_name: cpu1, ref_start_time: 2113451890787041, ref_stop_time: 2113451890819501, actual_exe_time: 32460, task_app_start_time:2113450799136756, task_sched_time:2113451890778821
app_id: 3, app_name: TX_api-aarch64, task_id: 84, task_name: DASH_FFT, resource_name: cpu2, ref_start_time: 2113451890939111, ref_stop_time: 2113451891074951, actual_exe_time: 135840, task_app_start_time:2113450819905819, task_sched_time:2113451890929601
app_id: 0, app_name: TX_api-aarch64, task_id: 84, task_name: DASH_FFT, resource_name: cpu3, ref_start_time: 2113451891054251, ref_stop_time: 2113451891528642, actual_exe_time: 474391, task_app_start_time:2113450791641525, task_sched_time:2113451891015041
app_id: 2, app_name: TX_api-aarch64, task_id: 85, task_name: DASH_FFT, resource_name: fft1, ref_start_time: 2113451892469172, ref_stop_time: 2113451892513752, actual_exe_time: 44580, task_app_start_time:2113450811072858, task_sched_time:2113451892459632
app_id: 1, app_name: TX_api-aarch64, task_id: 89, task_name: DASH_FFT, resource_name: cpu1, ref_start_time: 2113451893941542, ref_stop_time: 2113451893975502, actual_exe_time: 33960, task_app_start_time:2113450799136756, task_sched_time:2113451893928432
app_id: 0, app_name: TX_api-aarch64, task_id: 85, task_name: DASH_FFT, resource_name: cpu3, ref_start_time: 2113451894065622, ref_stop_time: 2113451894092802, actual_exe_time: 27180, task_app_start_time:2113450791641525, task_sched_time:2113451894057012
app_id: 3, app_name: TX_api-aarch64, task_id: 85, task_name: DASH_FFT, resource_name: cpu2, ref_start_time: 2113451894912732, ref_stop_time: 2113451894941052, actual_exe_time: 28320, task_app_start_time:2113450819905819, task_sched_time:2113451893983842
app_id: 4, app_name: pulse_doppler_api-aarch64, task_id: 121, task_name: DASH_FFT, resource_name: fft2, ref_start_time: 2113451894956232, ref_stop_time: 2113451894988872, actual_exe_time: 32640, task_app_start_time:2113450783440423, task_sched_time:2113451892870812
app_id: 4, app_name: pulse_doppler_api-aarch64, task_id: 122, task_name: DASH_ZIP, resource_name: zip1, ref_start_time: 2113451896698332, ref_stop_time: 2113451896744622, actual_exe_time: 46290, task_app_start_time:2113450783440423, task_sched_time:2113451896691312
app_id: 4, app_name: pulse_doppler_api-aarch64, task_id: 123, task_name: DASH_FFT, resource_name: cpu2, ref_start_time: 2113451899001133, ref_stop_time: 2113451899033473, actual_exe_time: 32340, task_app_start_time:2113450783440423, task_sched_time:2113451898086643
app_id: 3, app_name: TX_api-aarch64, task_id: 86, task_name: DASH_FFT, resource_name: cpu1, ref_start_time: 2113451899196523, ref_stop_time: 2113451899221813, actual_exe_time: 25290, task_app_start_time:2113450819905819, task_sched_time:2113451897466362
app_id: 2, app_name: TX_api-aarch64, task_id: 86, task_name: DASH_FFT, resource_name: cpu3, ref_start_time: 2113451899307643, ref_stop_time: 2113451899337463, actual_exe_time: 29820, task_app_start_time:2113450811072858, task_sched_time:2113451899111773
app_id: 4, app_name: pulse_doppler_api-aarch64, task_id: 124, task_name: DASH_FFT, resource_name: cpu1, ref_start_time: 2113451901782043, ref_stop_time: 2113451901806043, actual_exe_time: 24000, task_app_start_time:2113450783440423, task_sched_time:2113451901773613
app_id: 4, app_name: pulse_doppler_api-aarch64, task_id: 125, task_name: DASH_FFT, resource_name: cpu2, ref_start_time: 2113451902904493, ref_stop_time: 2113451902930323, actual_exe_time: 25830, task_app_start_time:2113450783440423, task_sched_time:2113451902519143
app_id: 2, app_name: TX_api-aarch64, task_id: 87, task_name: DASH_FFT, resource_name: fft2, ref_start_time: 2113451902941573, ref_stop_time: 2113451902981563, actual_exe_time: 39990, task_app_start_time:2113450811072858, task_sched_time:2113451901032403
app_id: 4, app_name: pulse_doppler_api-aarch64, task_id: 126, task_name: DASH_ZIP, resource_name: cpu3, ref_start_time: 2113451903440863, ref_stop_time: 2113451903464773, actual_exe_time: 23910, task_app_start_time:2113450783440423, task_sched_time:2113451903432523
app_id: 0, app_name: TX_api-aarch64, task_id: 86, task_name: DASH_FFT, resource_name: fft1, ref_start_time: 2113451904318334, ref_stop_time: 2113451904355984, actual_exe_time: 37650, task_app_start_time:2113450791641525, task_sched_time:2113451896102442
app_id: 3, app_name: TX_api-aarch64, task_id: 87, task_name: DASH_FFT, resource_name: fft1, ref_start_time: 2113451904409564, ref_stop_time: 2113451904445684, actual_exe_time: 36120, task_app_start_time:2113450819905819, task_sched_time:2113451900370423
app_id: 2, app_name: TX_api-aarch64, task_id: 88, task_name: DASH_FFT, resource_name: fft1, ref_start_time: 2113451904498664, ref_stop_time: 2113451904536734, actual_exe_time: 38070, task_app_start_time:2113450811072858, task_sched_time:2113451903813073
app_id: 0, app_name: TX_api-aarch64, task_id: 87, task_name: DASH_FFT, resource_name: cpu1, ref_start_time: 2113451905693924, ref_stop_time: 2113451906023084, actual_exe_time: 329160, task_app_start_time:2113450791641525, task_sched_time:2113451905679854
app_id: 4, app_name: pulse_doppler_api-aarch64, task_id: 127, task_name: DASH_FFT, resource_name: fft2, ref_start_time: 2113451906899264, ref_stop_time: 2113451906940094, actual_exe_time: 40830, task_app_start_time:2113450783440423, task_sched_time:2113451904250504
app_id: 2, app_name: TX_api-aarch64, task_id: 89, task_name: DASH_FFT, resource_name: cpu2, ref_start_time: 2113451906950684, ref_stop_time: 2113451906976364, actual_exe_time: 25680, task_app_start_time:2113450811072858, task_sched_time:2113451905962484
app_id: 3, app_name: TX_api-aarch64, task_id: 88, task_name: DASH_FFT, resource_name: cpu3, ref_start_time: 2113451907374404, ref_stop_time: 2113451907402364, actual_exe_time: 27960, task_app_start_time:2113450819905819, task_sched_time:2113451907367984
app_id: 3, app_name: TX_api-aarch64, task_id: 89, task_name: DASH_FFT, resource_name: fft2, ref_start_time: 2113451911825595, ref_stop_time: 2113451912081075, actual_exe_time: 255480, task_app_start_time:2113450819905819, task_sched_time:2113451911820825
app_id: 0, app_name: TX_api-aarch64, task_id: 88, task_name: DASH_FFT, resource_name: fft1, ref_start_time: 2113451913276275, ref_stop_time: 2113451913320645, actual_exe_time: 44370, task_app_start_time:2113450791641525, task_sched_time:2113451911440455
app_id: 4, app_name: pulse_doppler_api-aarch64, task_id: 128, task_name: DASH_FFT, resource_name: cpu1, ref_start_time: 2113451915573225, ref_stop_time: 2113451915600825, actual_exe_time: 27600, task_app_start_time:2113450783440423, task_sched_time:2113451915557475
app_id: 0, app_name: TX_api-aarch64, task_id: 89, task_name: DASH_FFT, resource_name: cpu2, ref_start_time: 2113451915661335, ref_stop_time: 2113451915685365, actual_exe_time: 24030, task_app_start_time:2113450791641525, task_sched_time:2113451915655545
app_id: 4, app_name: pulse_doppler_api-aarch64, task_id: 129, task_name: DASH_FFT, resource_name: cpu3, ref_start_time: 2113451926217797, ref_stop_time: 2113451926276957, actual_exe_time: 59160, task_app_start_time:2113450783440423, task_sched_time:2113451926211437
app_id: 4, app_name: pulse_doppler_api-aarch64, task_id: 130, task_name: DASH_ZIP, resource_name: zip1, ref_start_time: 2113451929066328, ref_stop_time: 2113451929153178, actual_exe_time: 86850, task_app_start_time:2113450783440423, task_sched_time:2113451929061288
app_id: 4, app_name: pulse_doppler_api-aarch64, task_id: 131, task_name: DASH_FFT, resource_name: cpu1, ref_start_time: 2113451940673989, ref_stop_time: 2113451940707349, actual_exe_time: 33360, task_app_start_time:2113450783440423, task_sched_time:2113451940661569
app_id: 1, app_name: TX_api-aarch64, task_id: 90, task_name: DASH_FFT, resource_name: cpu2, ref_start_time: 2113451943224440, ref_stop_time: 2113451943258220, actual_exe_time: 33780, task_app_start_time:2113450799136756, task_sched_time:2113451943215770
app_id: 3, app_name: TX_api-aarch64, task_id: 90, task_name: DASH_FFT, resource_name: cpu3, ref_start_time: 2113451943420100, ref_stop_time: 2113451943561430, actual_exe_time: 141330, task_app_start_time:2113450819905819, task_sched_time:2113451943415660
app_id: 4, app_name: pulse_doppler_api-aarch64, task_id: 132, task_name: DASH_FFT, resource_name: fft1, ref_start_time: 2113451944153780, ref_stop_time: 2113451944258270, actual_exe_time: 104490, task_app_start_time:2113450783440423, task_sched_time:2113451944147840
app_id: 1, app_name: TX_api-aarch64, task_id: 91, task_name: DASH_FFT, resource_name: fft2, ref_start_time: 2113451944883110, ref_stop_time: 2113451944920250, actual_exe_time: 37140, task_app_start_time:2113450799136756, task_sched_time:2113451944876120
app_id: 0, app_name: TX_api-aarch64, task_id: 90, task_name: DASH_FFT, resource_name: cpu1, ref_start_time: 2113451945995690, ref_stop_time: 2113451946024130, actual_exe_time: 28440, task_app_start_time:2113450791641525, task_sched_time:2113451945989120
app_id: 4, app_name: pulse_doppler_api-aarch64, task_id: 133, task_name: DASH_FFT, resource_name: cpu3, ref_start_time: 2113451947535231, ref_stop_time: 2113451947565801, actual_exe_time: 30570, task_app_start_time:2113450783440423, task_sched_time:2113451947529801
app_id: 1, app_name: TX_api-aarch64, task_id: 92, task_name: DASH_FFT, resource_name: fft1, ref_start_time: 2113451947585271, ref_stop_time: 2113451947626281, actual_exe_time: 41010, task_app_start_time:2113450799136756, task_sched_time:2113451947580891
app_id: 0, app_name: TX_api-aarch64, task_id: 91, task_name: DASH_FFT, resource_name: cpu1, ref_start_time: 2113451948744741, ref_stop_time: 2113451948770211, actual_exe_time: 25470, task_app_start_time:2113450791641525, task_sched_time:2113451948738441
app_id: 1, app_name: TX_api-aarch64, task_id: 93, task_name: DASH_FFT, resource_name: cpu3, ref_start_time: 2113451950054931, ref_stop_time: 2113451950387061, actual_exe_time: 332130, task_app_start_time:2113450799136756, task_sched_time:2113451950050041
app_id: 0, app_name: TX_api-aarch64, task_id: 92, task_name: DASH_FFT, resource_name: fft1, ref_start_time: 2113451950594391, ref_stop_time: 2113451950632941, actual_exe_time: 38550, task_app_start_time:2113450791641525, task_sched_time:2113451950550921
app_id: 2, app_name: TX_api-aarch64, task_id: 90, task_name: DASH_FFT, resource_name: cpu2, ref_start_time: 2113451950916201, ref_stop_time: 2113451950944761, actual_exe_time: 28560, task_app_start_time:2113450811072858, task_sched_time:2113451946315220
app_id: 3, app_name: TX_api-aarch64, task_id: 91, task_name: DASH_FFT, resource_name: fft2, ref_start_time: 2113451950958501, ref_stop_time: 2113451950995911, actual_exe_time: 37410, task_app_start_time:2113450819905819, task_sched_time:2113451947696331
app_id: 4, app_name: pulse_doppler_api-aarch64, task_id: 134, task_name: DASH_ZIP, resource_name: cpu2, ref_start_time: 2113451951005031, ref_stop_time: 2113451951027231, actual_exe_time: 22200, task_app_start_time:2113450783440423, task_sched_time:2113451949727361
app_id: 2, app_name: TX_api-aarch64, task_id: 91, task_name: DASH_FFT, resource_name: cpu1, ref_start_time: 2113451953156601, ref_stop_time: 2113451953185191, actual_exe_time: 28590, task_app_start_time:2113450811072858, task_sched_time:2113451953150241
app_id: 4, app_name: pulse_doppler_api-aarch64, task_id: 135, task_name: DASH_FFT, resource_name: cpu3, ref_start_time: 2113451954050662, ref_stop_time: 2113451954079372, actual_exe_time: 28710, task_app_start_time:2113450783440423, task_sched_time:2113451954044722
app_id: 1, app_name: TX_api-aarch64, task_id: 94, task_name: DASH_FFT, resource_name: cpu2, ref_start_time: 2113451954395962, ref_stop_time: 2113451954423262, actual_exe_time: 27300, task_app_start_time:2113450799136756, task_sched_time:2113451953488491
app_id: 0, app_name: TX_api-aarch64, task_id: 93, task_name: DASH_FFT, resource_name: fft2, ref_start_time: 2113451954434662, ref_stop_time: 2113451954472612, actual_exe_time: 37950, task_app_start_time:2113450791641525, task_sched_time:2113451952296711
app_id: 2, app_name: TX_api-aarch64, task_id: 92, task_name: DASH_FFT, resource_name: fft1, ref_start_time: 2113451954600592, ref_stop_time: 2113451954640192, actual_exe_time: 39600, task_app_start_time:2113450811072858, task_sched_time:2113451954467932
app_id: 3, app_name: TX_api-aarch64, task_id: 92, task_name: DASH_FFT, resource_name: fft2, ref_start_time: 2113451959090962, ref_stop_time: 2113451959135962, actual_exe_time: 45000, task_app_start_time:2113450819905819, task_sched_time:2113451959084812
app_id: 1, app_name: TX_api-aarch64, task_id: 95, task_name: DASH_FFT, resource_name: cpu1, ref_start_time: 2113451964470383, ref_stop_time: 2113451964504583, actual_exe_time: 34200, task_app_start_time:2113450799136756, task_sched_time:2113451964465013
app_id: 0, app_name: TX_api-aarch64, task_id: 94, task_name: DASH_FFT, resource_name: cpu2, ref_start_time: 2113451967113024, ref_stop_time: 2113451967267134, actual_exe_time: 154110, task_app_start_time:2113450791641525, task_sched_time:2113451967103574
app_id: 2, app_name: TX_api-aarch64, task_id: 93, task_name: DASH_FFT, resource_name: cpu3, ref_start_time: 2113451967507914, ref_stop_time: 2113451968161794, actual_exe_time: 653880, task_app_start_time:2113450811072858, task_sched_time:2113451967315404
app_id: 3, app_name: TX_api-aarch64, task_id: 93, task_name: DASH_FFT, resource_name: fft1, ref_start_time: 2113451967981764, ref_stop_time: 2113451968021154, actual_exe_time: 39390, task_app_start_time:2113450819905819, task_sched_time:2113451967889844
app_id: 4, app_name: pulse_doppler_api-aarch64, task_id: 136, task_name: DASH_FFT, resource_name: fft2, ref_start_time: 2113451970408644, ref_stop_time: 2113451970437354, actual_exe_time: 28710, task_app_start_time:2113450783440423, task_sched_time:2113451970400934
app_id: 4, app_name: pulse_doppler_api-aarch64, task_id: 137, task_name: DASH_FFT, resource_name: cpu1, ref_start_time: 2113451971097684, ref_stop_time: 2113451971125614, actual_exe_time: 27930, task_app_start_time:2113450783440423, task_sched_time:2113451971093364
app_id: 0, app_name: TX_api-aarch64, task_id: 95, task_name: DASH_FFT, resource_name: cpu2, ref_start_time: 2113451971275794, ref_stop_time: 2113451971713524, actual_exe_time: 437730, task_app_start_time:2113450791641525, task_sched_time:2113451971272434
app_id: 2, app_name: TX_api-aarch64, task_id: 94, task_name: DASH_FFT, resource_name: cpu3, ref_start_time: 2113451971521704, ref_stop_time: 2113451971999874, actual_exe_time: 478170, task_app_start_time:2113450811072858, task_sched_time:2113451971414994
app_id: 3, app_name: TX_api-aarch64, task_id: 94, task_name: DASH_FFT, resource_name: fft1, ref_start_time: 2113451971994744, ref_stop_time: 2113451972600115, actual_exe_time: 605371, task_app_start_time:2113450819905819, task_sched_time:2113451971989014
app_id: 4, app_name: pulse_doppler_api-aarch64, task_id: 138, task_name: DASH_ZIP, resource_name: zip1, ref_start_time: 2113451972605695, ref_stop_time: 2113451972651625, actual_exe_time: 45930, task_app_start_time:2113450783440423, task_sched_time:2113451972600925
app_id: 4, app_name: pulse_doppler_api-aarch64, task_id: 139, task_name: DASH_FFT, resource_name: cpu1, ref_start_time: 2113451973301215, ref_stop_time: 2113451973329475, actual_exe_time: 28260, task_app_start_time:2113450783440423, task_sched_time:2113451973287115
app_id: 3, app_name: TX_api-aarch64, task_id: 95, task_name: DASH_FFT, resource_name: cpu3, ref_start_time: 2113451974598925, ref_stop_time: 2113451974849575, actual_exe_time: 250650, task_app_start_time:2113450819905819, task_sched_time:2113451974590375
app_id: 1, app_name: TX_api-aarch64, task_id: 96, task_name: DASH_FFT, resource_name: cpu2, ref_start_time: 2113451974930065, ref_stop_time: 2113451974957305, actual_exe_time: 27240, task_app_start_time:2113450799136756, task_sched_time:2113451973763815
app_id: 0, app_name: TX_api-aarch64, task_id: 96, task_name: DASH_FFT, resource_name: fft1, ref_start_time: 2113451975232105, ref_stop_time: 2113451975518185, actual_exe_time: 286080, task_app_start_time:2113450791641525, task_sched_time:2113451975189115
app_id: 2, app_name: TX_api-aarch64, task_id: 95, task_name: DASH_FFT, resource_name: fft2, ref_start_time: 2113451975642835, ref_stop_time: 2113451975679615, actual_exe_time: 36780, task_app_start_time:2113450811072858, task_sched_time:2113451975636175
app_id: 3, app_name: TX_api-aarch64, task_id: 96, task_name: DASH_FFT, resource_name: cpu1, ref_start_time: 2113451979425296, ref_stop_time: 2113451979457756, actual_exe_time: 32460, task_app_start_time:2113450819905819, task_sched_time:2113451979416746
app_id: 4, app_name: pulse_doppler_api-aarch64, task_id: 140, task_name: DASH_FFT, resource_name: cpu2, ref_start_time: 2113451983201756, ref_stop_time: 2113451983230406, actual_exe_time: 28650, task_app_start_time:2113450783440423, task_sched_time:2113451983192786
app_id: 0, app_name: TX_api-aarch64, task_id: 97, task_name: DASH_FFT, resource_name: cpu3, ref_start_time: 2113451983305436, ref_stop_time: 2113451983333576, actual_exe_time: 28140, task_app_start_time:2113450791641525, task_sched_time:2113451983250056
app_id: 1, app_name: TX_api-aarch64, task_id: 97, task_name: DASH_FFT, resource_name: fft1, ref_start_time: 2113451983310836, ref_stop_time: 2113451983352596, actual_exe_time: 41760, task_app_start_time:2113450799136756, task_sched_time:2113451983298926
app_id: 2, app_name: TX_api-aarch64, task_id: 96, task_name: DASH_FFT, resource_name: fft2, ref_start_time: 2113451983352026, ref_stop_time: 2113451983387486, actual_exe_time: 35460, task_app_start_time:2113450811072858, task_sched_time:2113451983344976
app_id: 3, app_name: TX_api-aarch64, task_id: 97, task_name: DASH_FFT, resource_name: cpu1, ref_start_time: 2113451983573216, ref_stop_time: 2113451983597786, actual_exe_time: 24570, task_app_start_time:2113450819905819, task_sched_time:2113451983496686
app_id: 4, app_name: pulse_doppler_api-aarch64, task_id: 141, task_name: DASH_FFT, resource_name: cpu2, ref_start_time: 2113451987127107, ref_stop_time: 2113451987151107, actual_exe_time: 24000, task_app_start_time:2113450783440423, task_sched_time:2113451987117447
app_id: 0, app_name: TX_api-aarch64, task_id: 98, task_name: DASH_FFT, resource_name: cpu3, ref_start_time: 2113451991784248, ref_stop_time: 2113451991817398, actual_exe_time: 33150, task_app_start_time:2113450791641525, task_sched_time:2113451991774468
app_id: 2, app_name: TX_api-aarch64, task_id: 97, task_name: DASH_FFT, resource_name: fft1, ref_start_time: 2113451995108158, ref_stop_time: 2113451995459338, actual_exe_time: 351180, task_app_start_time:2113450811072858, task_sched_time:2113451995100208
app_id: 3, app_name: TX_api-aarch64, task_id: 98, task_name: DASH_FFT, resource_name: fft2, ref_start_time: 2113451995305648, ref_stop_time: 2113451995427778, actual_exe_time: 122130, task_app_start_time:2113450819905819, task_sched_time:2113451995298238
app_id: 1, app_name: TX_api-aarch64, task_id: 98, task_name: DASH_FFT, resource_name: cpu1, ref_start_time: 2113451999920549, ref_stop_time: 2113451999952289, actual_exe_time: 31740, task_app_start_time:2113450799136756, task_sched_time:2113451999907769
app_id: 4, app_name: pulse_doppler_api-aarch64, task_id: 142, task_name: DASH_ZIP, resource_name: cpu2, ref_start_time: 2113452001706179, ref_stop_time: 2113452001867609, actual_exe_time: 161430, task_app_start_time:2113450783440423, task_sched_time:2113452001699129
app_id: 0, app_name: TX_api-aarch64, task_id: 99, task_name: DASH_FFT, resource_name: cpu3, ref_start_time: 2113452002706469, ref_stop_time: 2113452002738359, actual_exe_time: 31890, task_app_start_time:2113450791641525, task_sched_time:2113452002445829
app_id: 3, app_name: TX_api-aarch64, task_id: 99, task_name: DASH_FFT, resource_name: fft1, ref_start_time: 2113452011218491, ref_stop_time: 2113452011258931, actual_exe_time: 40440, task_app_start_time:2113450819905819, task_sched_time:2113452011213301
app_id: 1, app_name: TX_api-aarch64, task_id: 99, task_name: DASH_FFT, resource_name: fft2, ref_start_time: 2113452011276631, ref_stop_time: 2113452011312121, actual_exe_time: 35490, task_app_start_time:2113450799136756, task_sched_time:2113452011267691
app_id: 2, app_name: TX_api-aarch64, task_id: 98, task_name: DASH_FFT, resource_name: cpu2, ref_start_time: 2113452014730921, ref_stop_time: 2113452014762451, actual_exe_time: 31530, task_app_start_time:2113450811072858, task_sched_time:2113452014723541
app_id: 2, app_name: TX_api-aarch64, task_id: 99, task_name: DASH_FFT, resource_name: cpu3, ref_start_time: 2113452016217512, ref_stop_time: 2113452016247062, actual_exe_time: 29550, task_app_start_time:2113450811072858, task_sched_time:2113452016213402
app_id: 4, app_name: pulse_doppler_api-aarch64, task_id: 143, task_name: DASH_FFT, resource_name: cpu1, ref_start_time: 2113452019678642, ref_stop_time: 2113452019713652, actual_exe_time: 35010, task_app_start_time:2113450783440423, task_sched_time:2113452014648601
app_id: 4, app_name: pulse_doppler_api-aarch64, task_id: 144, task_name: DASH_FFT, resource_name: fft1, ref_start_time: 2113452021278722, ref_stop_time: 2113452021312892, actual_exe_time: 34170, task_app_start_time:2113450783440423, task_sched_time:2113452021159172
app_id: 4, app_name: pulse_doppler_api-aarch64, task_id: 145, task_name: DASH_FFT, resource_name: fft2, ref_start_time: 2113452026923703, ref_stop_time: 2113452026960183, actual_exe_time: 36480, task_app_start_time:2113450783440423, task_sched_time:2113452021629332
app_id: 4, app_name: pulse_doppler_api-aarch64, task_id: 146, task_name: DASH_ZIP, resource_name: zip1, ref_start_time: 2113452039245755, ref_stop_time: 2113452039493795, actual_exe_time: 248040, task_app_start_time:2113450783440423, task_sched_time:2113452038945995
app_id: 4, app_name: pulse_doppler_api-aarch64, task_id: 147, task_name: DASH_FFT, resource_name: cpu1, ref_start_time: 2113452049380357, ref_stop_time: 2113452049414647, actual_exe_time: 34290, task_app_start_time:2113450783440423, task_sched_time:2113452049353837
app_id: 4, app_name: pulse_doppler_api-aarch64, task_id: 148, task_name: DASH_FFT, resource_name: cpu2, ref_start_time: 2113452055168798, ref_stop_time: 2113452055205908, actual_exe_time: 37110, task_app_start_time:2113450783440423, task_sched_time:2113452055145488
app_id: 4, app_name: pulse_doppler_api-aarch64, task_id: 149, task_name: DASH_FFT, resource_name: cpu3, ref_start_time: 2113452055406488, ref_stop_time: 2113452055598938, actual_exe_time: 192450, task_app_start_time:2113450783440423, task_sched_time:2113452055396858
app_id: 4, app_name: pulse_doppler_api-aarch64, task_id: 150, task_name: DASH_ZIP, resource_name: zip1, ref_start_time: 2113452055720798, ref_stop_time: 2113452055947298, actual_exe_time: 226500, task_app_start_time:2113450783440423, task_sched_time:2113452055718128
app_id: 4, app_name: pulse_doppler_api-aarch64, task_id: 151, task_name: DASH_FFT, resource_name: cpu1, ref_start_time: 2113452059035978, ref_stop_time: 2113452059062678, actual_exe_time: 26700, task_app_start_time:2113450783440423, task_sched_time:2113452058996858
app_id: 4, app_name: pulse_doppler_api-aarch64, task_id: 152, task_name: DASH_FFT, resource_name: cpu2, ref_start_time: 2113452060280139, ref_stop_time: 2113452060305969, actual_exe_time: 25830, task_app_start_time:2113450783440423, task_sched_time:2113452060270989
app_id: 4, app_name: pulse_doppler_api-aarch64, task_id: 153, task_name: DASH_FFT, resource_name: cpu3, ref_start_time: 2113452066924720, ref_stop_time: 2113452067261260, actual_exe_time: 336540, task_app_start_time:2113450783440423, task_sched_time:2113452060596339
app_id: 4, app_name: pulse_doppler_api-aarch64, task_id: 154, task_name: DASH_ZIP, resource_name: zip1, ref_start_time: 2113452067485480, ref_stop_time: 2113452067531950, actual_exe_time: 46470, task_app_start_time:2113450783440423, task_sched_time:2113452067479630
app_id: 4, app_name: pulse_doppler_api-aarch64, task_id: 155, task_name: DASH_FFT, resource_name: cpu1, ref_start_time: 2113452071008590, ref_stop_time: 2113452071036580, actual_exe_time: 27990, task_app_start_time:2113450783440423, task_sched_time:2113452071004030
app_id: 4, app_name: pulse_doppler_api-aarch64, task_id: 156, task_name: DASH_FFT, resource_name: cpu2, ref_start_time: 2113452073409671, ref_stop_time: 2113452073435771, actual_exe_time: 26100, task_app_start_time:2113450783440423, task_sched_time:2113452073404001
app_id: 4, app_name: pulse_doppler_api-aarch64, task_id: 157, task_name: DASH_FFT, resource_name: cpu3, ref_start_time: 2113452075202591, ref_stop_time: 2113452075235201, actual_exe_time: 32610, task_app_start_time:2113450783440423, task_sched_time:2113452075196411
app_id: 4, app_name: pulse_doppler_api-aarch64, task_id: 158, task_name: DASH_ZIP, resource_name: zip1, ref_start_time: 2113452079534592, ref_stop_time: 2113452079583702, actual_exe_time: 49110, task_app_start_time:2113450783440423, task_sched_time:2113452079527992
app_id: 4, app_name: pulse_doppler_api-aarch64, task_id: 159, task_name: DASH_FFT, resource_name: cpu1, ref_start_time: 2113452083352992, ref_stop_time: 2113452083382182, actual_exe_time: 29190, task_app_start_time:2113450783440423, task_sched_time:2113452083347082
app_id: 4, app_name: pulse_doppler_api-aarch64, task_id: 160, task_name: DASH_FFT, resource_name: cpu2, ref_start_time: 2113452087662883, ref_stop_time: 2113452087694113, actual_exe_time: 31230, task_app_start_time:2113450783440423, task_sched_time:2113452087656643
app_id: 4, app_name: pulse_doppler_api-aarch64, task_id: 161, task_name: DASH_FFT, resource_name: cpu3, ref_start_time: 2113452091757734, ref_stop_time: 2113452091791274, actual_exe_time: 33540, task_app_start_time:2113450783440423, task_sched_time:2113452091748344
app_id: 4, app_name: pulse_doppler_api-aarch64, task_id: 162, task_name: DASH_ZIP, resource_name: zip1, ref_start_time: 2113452098984795, ref_stop_time: 2113452099034655, actual_exe_time: 49860, task_app_start_time:2113450783440423, task_sched_time:2113452098974685
app_id: 4, app_name: pulse_doppler_api-aarch64, task_id: 163, task_name: DASH_FFT, resource_name: cpu1, ref_start_time: 2113452099565085, ref_stop_time: 2113452099592415, actual_exe_time: 27330, task_app_start_time:2113450783440423, task_sched_time:2113452099510935
app_id: 4, app_name: pulse_doppler_api-aarch64, task_id: 164, task_name: DASH_FFT, resource_name: cpu2, ref_start_time: 2113452101779895, ref_stop_time: 2113452101806745, actual_exe_time: 26850, task_app_start_time:2113450783440423, task_sched_time:2113452101773835
app_id: 4, app_name: pulse_doppler_api-aarch64, task_id: 165, task_name: DASH_FFT, resource_name: cpu3, ref_start_time: 2113452107387676, ref_stop_time: 2113452107426436, actual_exe_time: 38760, task_app_start_time:2113450783440423, task_sched_time:2113452107376546
app_id: 4, app_name: pulse_doppler_api-aarch64, task_id: 166, task_name: DASH_ZIP, resource_name: zip1, ref_start_time: 2113452111107587, ref_stop_time: 2113452111155017, actual_exe_time: 47430, task_app_start_time:2113450783440423, task_sched_time:2113452111102007
app_id: 4, app_name: pulse_doppler_api-aarch64, task_id: 167, task_name: DASH_FFT, resource_name: cpu1, ref_start_time: 2113452114944617, ref_stop_time: 2113452114974827, actual_exe_time: 30210, task_app_start_time:2113450783440423, task_sched_time:2113452114938317
app_id: 4, app_name: pulse_doppler_api-aarch64, task_id: 168, task_name: DASH_FFT, resource_name: cpu2, ref_start_time: 2113452115950998, ref_stop_time: 2113452115977488, actual_exe_time: 26490, task_app_start_time:2113450783440423, task_sched_time:2113452115759178
app_id: 4, app_name: pulse_doppler_api-aarch64, task_id: 169, task_name: DASH_FFT, resource_name: cpu3, ref_start_time: 2113452116340038, ref_stop_time: 2113452116365748, actual_exe_time: 25710, task_app_start_time:2113450783440423, task_sched_time:2113452116331158
app_id: 4, app_name: pulse_doppler_api-aarch64, task_id: 170, task_name: DASH_ZIP, resource_name: zip1, ref_start_time: 2113452123495159, ref_stop_time: 2113452123544839, actual_exe_time: 49680, task_app_start_time:2113450783440423, task_sched_time:2113452123490329
app_id: 4, app_name: pulse_doppler_api-aarch64, task_id: 171, task_name: DASH_FFT, resource_name: cpu1, ref_start_time: 2113452127005819, ref_stop_time: 2113452127035669, actual_exe_time: 29850, task_app_start_time:2113450783440423, task_sched_time:2113452127000089
app_id: 4, app_name: pulse_doppler_api-aarch64, task_id: 172, task_name: DASH_FFT, resource_name: cpu2, ref_start_time: 2113452129699430, ref_stop_time: 2113452129727390, actual_exe_time: 27960, task_app_start_time:2113450783440423, task_sched_time:2113452129690190
app_id: 4, app_name: pulse_doppler_api-aarch64, task_id: 173, task_name: DASH_FFT, resource_name: cpu3, ref_start_time: 2113452130242070, ref_stop_time: 2113452130268740, actual_exe_time: 26670, task_app_start_time:2113450783440423, task_sched_time:2113452130237690
app_id: 4, app_name: pulse_doppler_api-aarch64, task_id: 174, task_name: DASH_ZIP, resource_name: zip1, ref_start_time: 2113452139455401, ref_stop_time: 2113452139505651, actual_exe_time: 50250, task_app_start_time:2113450783440423, task_sched_time:2113452139447721
app_id: 4, app_name: pulse_doppler_api-aarch64, task_id: 175, task_name: DASH_FFT, resource_name: cpu1, ref_start_time: 2113452142470522, ref_stop_time: 2113452142500582, actual_exe_time: 30060, task_app_start_time:2113450783440423, task_sched_time:2113452142457682
app_id: 4, app_name: pulse_doppler_api-aarch64, task_id: 176, task_name: DASH_FFT, resource_name: cpu2, ref_start_time: 2113452143491572, ref_stop_time: 2113452143518572, actual_exe_time: 27000, task_app_start_time:2113450783440423, task_sched_time:2113452143483922
app_id: 4, app_name: pulse_doppler_api-aarch64, task_id: 177, task_name: DASH_FFT, resource_name: cpu3, ref_start_time: 2113452146994973, ref_stop_time: 2113452147032833, actual_exe_time: 37860, task_app_start_time:2113450783440423, task_sched_time:2113452146990743
app_id: 4, app_name: pulse_doppler_api-aarch64, task_id: 178, task_name: DASH_ZIP, resource_name: zip1, ref_start_time: 2113452151107073, ref_stop_time: 2113452151157983, actual_exe_time: 50910, task_app_start_time:2113450783440423, task_sched_time:2113452151099903
app_id: 4, app_name: pulse_doppler_api-aarch64, task_id: 179, task_name: DASH_FFT, resource_name: cpu1, ref_start_time: 2113452151648633, ref_stop_time: 2113452151677163, actual_exe_time: 28530, task_app_start_time:2113450783440423, task_sched_time:2113452151633753
app_id: 4, app_name: pulse_doppler_api-aarch64, task_id: 180, task_name: DASH_FFT, resource_name: cpu2, ref_start_time: 2113452154954274, ref_stop_time: 2113452154981724, actual_exe_time: 27450, task_app_start_time:2113450783440423, task_sched_time:2113452154948994
app_id: 4, app_name: pulse_doppler_api-aarch64, task_id: 181, task_name: DASH_FFT, resource_name: cpu3, ref_start_time: 2113452157343864, ref_stop_time: 2113452157371644, actual_exe_time: 27780, task_app_start_time:2113450783440423, task_sched_time:2113452157336754
app_id: 4, app_name: pulse_doppler_api-aarch64, task_id: 182, task_name: DASH_ZIP, resource_name: zip1, ref_start_time: 2113452158000144, ref_stop_time: 2113452158046404, actual_exe_time: 46260, task_app_start_time:2113450783440423, task_sched_time:2113452157995344
app_id: 4, app_name: pulse_doppler_api-aarch64, task_id: 183, task_name: DASH_FFT, resource_name: cpu1, ref_start_time: 2113452158479514, ref_stop_time: 2113452158504564, actual_exe_time: 25050, task_app_start_time:2113450783440423, task_sched_time:2113452158464664
app_id: 4, app_name: pulse_doppler_api-aarch64, task_id: 184, task_name: DASH_FFT, resource_name: cpu2, ref_start_time: 2113452163305945, ref_stop_time: 2113452163339665, actual_exe_time: 33720, task_app_start_time:2113450783440423, task_sched_time:2113452163297845
app_id: 4, app_name: pulse_doppler_api-aarch64, task_id: 185, task_name: DASH_FFT, resource_name: cpu3, ref_start_time: 2113452163780245, ref_stop_time: 2113452163806465, actual_exe_time: 26220, task_app_start_time:2113450783440423, task_sched_time:2113452163776945
app_id: 4, app_name: pulse_doppler_api-aarch64, task_id: 186, task_name: DASH_ZIP, resource_name: zip1, ref_start_time: 2113452167039206, ref_stop_time: 2113452167085286, actual_exe_time: 46080, task_app_start_time:2113450783440423, task_sched_time:2113452167035696
app_id: 4, app_name: pulse_doppler_api-aarch64, task_id: 187, task_name: DASH_FFT, resource_name: cpu1, ref_start_time: 2113452167508946, ref_stop_time: 2113452167534596, actual_exe_time: 25650, task_app_start_time:2113450783440423, task_sched_time:2113452167503186
app_id: 4, app_name: pulse_doppler_api-aarch64, task_id: 188, task_name: DASH_FFT, resource_name: cpu2, ref_start_time: 2113452170956966, ref_stop_time: 2113452170984176, actual_exe_time: 27210, task_app_start_time:2113450783440423, task_sched_time:2113452170948416
app_id: 4, app_name: pulse_doppler_api-aarch64, task_id: 189, task_name: DASH_FFT, resource_name: cpu3, ref_start_time: 2113452172934297, ref_stop_time: 2113452172961807, actual_exe_time: 27510, task_app_start_time:2113450783440423, task_sched_time:2113452172925957
app_id: 4, app_name: pulse_doppler_api-aarch64, task_id: 190, task_name: DASH_ZIP, resource_name: zip1, ref_start_time: 2113452174028577, ref_stop_time: 2113452174074267, actual_exe_time: 45690, task_app_start_time:2113450783440423, task_sched_time:2113452174021737
app_id: 4, app_name: pulse_doppler_api-aarch64, task_id: 191, task_name: DASH_FFT, resource_name: cpu1, ref_start_time: 2113452175257527, ref_stop_time: 2113452175285487, actual_exe_time: 27960, task_app_start_time:2113450783440423, task_sched_time:2113452175249787
app_id: 4, app_name: pulse_doppler_api-aarch64, task_id: 192, task_name: DASH_FFT, resource_name: cpu2, ref_start_time: 2113452179568768, ref_stop_time: 2113452179599278, actual_exe_time: 30510, task_app_start_time:2113450783440423, task_sched_time:2113452179559618
app_id: 4, app_name: pulse_doppler_api-aarch64, task_id: 193, task_name: DASH_FFT, resource_name: cpu3, ref_start_time: 2113452183217608, ref_stop_time: 2113452183247368, actual_exe_time: 29760, task_app_start_time:2113450783440423, task_sched_time:2113452183212358
app_id: 4, app_name: pulse_doppler_api-aarch64, task_id: 194, task_name: DASH_ZIP, resource_name: zip1, ref_start_time: 2113452187059409, ref_stop_time: 2113452187105999, actual_exe_time: 46590, task_app_start_time:2113450783440423, task_sched_time:2113452187049929
app_id: 4, app_name: pulse_doppler_api-aarch64, task_id: 195, task_name: DASH_FFT, resource_name: cpu1, ref_start_time: 2113452187541299, ref_stop_time: 2113452187568599, actual_exe_time: 27300, task_app_start_time:2113450783440423, task_sched_time:2113452187524949
app_id: 4, app_name: pulse_doppler_api-aarch64, task_id: 196, task_name: DASH_FFT, resource_name: cpu2, ref_start_time: 2113452189241249, ref_stop_time: 2113452189267709, actual_exe_time: 26460, task_app_start_time:2113450783440423, task_sched_time:2113452189232009
app_id: 4, app_name: pulse_doppler_api-aarch64, task_id: 197, task_name: DASH_FFT, resource_name: cpu3, ref_start_time: 2113452193177820, ref_stop_time: 2113452193214510, actual_exe_time: 36690, task_app_start_time:2113450783440423, task_sched_time:2113452193169510
app_id: 4, app_name: pulse_doppler_api-aarch64, task_id: 198, task_name: DASH_ZIP, resource_name: zip1, ref_start_time: 2113452193980500, ref_stop_time: 2113452194028470, actual_exe_time: 47970, task_app_start_time:2113450783440423, task_sched_time:2113452193971650
app_id: 4, app_name: pulse_doppler_api-aarch64, task_id: 199, task_name: DASH_FFT, resource_name: cpu1, ref_start_time: 2113452194465840, ref_stop_time: 2113452194493200, actual_exe_time: 27360, task_app_start_time:2113450783440423, task_sched_time:2113452194455160
app_id: 4, app_name: pulse_doppler_api-aarch64, task_id: 200, task_name: DASH_FFT, resource_name: cpu2, ref_start_time: 2113452198987261, ref_stop_time: 2113452199019181, actual_exe_time: 31920, task_app_start_time:2113450783440423, task_sched_time:2113452195343490
app_id: 4, app_name: pulse_doppler_api-aarch64, task_id: 201, task_name: DASH_FFT, resource_name: cpu3, ref_start_time: 2113452199523751, ref_stop_time: 2113452199549281, actual_exe_time: 25530, task_app_start_time:2113450783440423, task_sched_time:2113452199520391
app_id: 4, app_name: pulse_doppler_api-aarch64, task_id: 202, task_name: DASH_ZIP, resource_name: zip1, ref_start_time: 2113452202826992, ref_stop_time: 2113452202887262, actual_exe_time: 60270, task_app_start_time:2113450783440423, task_sched_time:2113452202821232
app_id: 4, app_name: pulse_doppler_api-aarch64, task_id: 203, task_name: DASH_FFT, resource_name: cpu1, ref_start_time: 2113452207071482, ref_stop_time: 2113452207104332, actual_exe_time: 32850, task_app_start_time:2113450783440423, task_sched_time:2113452207060832
app_id: 4, app_name: pulse_doppler_api-aarch64, task_id: 204, task_name: DASH_FFT, resource_name: cpu2, ref_start_time: 2113452208107292, ref_stop_time: 2113452208132192, actual_exe_time: 24900, task_app_start_time:2113450783440423, task_sched_time:2113452208103032
app_id: 4, app_name: pulse_doppler_api-aarch64, task_id: 205, task_name: DASH_FFT, resource_name: cpu3, ref_start_time: 2113452208548623, ref_stop_time: 2113452208573913, actual_exe_time: 25290, task_app_start_time:2113450783440423, task_sched_time:2113452208545083
app_id: 4, app_name: pulse_doppler_api-aarch64, task_id: 206, task_name: DASH_ZIP, resource_name: zip1, ref_start_time: 2113452215338854, ref_stop_time: 2113452215395584, actual_exe_time: 56730, task_app_start_time:2113450783440423, task_sched_time:2113452215330034
app_id: 4, app_name: pulse_doppler_api-aarch64, task_id: 207, task_name: DASH_FFT, resource_name: cpu1, ref_start_time: 2113452216206364, ref_stop_time: 2113452216234444, actual_exe_time: 28080, task_app_start_time:2113450783440423, task_sched_time:2113452216188934
app_id: 4, app_name: pulse_doppler_api-aarch64, task_id: 208, task_name: DASH_FFT, resource_name: cpu2, ref_start_time: 2113452219160914, ref_stop_time: 2113452219187524, actual_exe_time: 26610, task_app_start_time:2113450783440423, task_sched_time:2113452219156264
app_id: 4, app_name: pulse_doppler_api-aarch64, task_id: 209, task_name: DASH_FFT, resource_name: cpu3, ref_start_time: 2113452223115845, ref_stop_time: 2113452223154155, actual_exe_time: 38310, task_app_start_time:2113450783440423, task_sched_time:2113452223109575
app_id: 4, app_name: pulse_doppler_api-aarch64, task_id: 210, task_name: DASH_ZIP, resource_name: zip1, ref_start_time: 2113452227107856, ref_stop_time: 2113452227156036, actual_exe_time: 48180, task_app_start_time:2113450783440423, task_sched_time:2113452227102846
app_id: 4, app_name: pulse_doppler_api-aarch64, task_id: 211, task_name: DASH_FFT, resource_name: cpu1, ref_start_time: 2113452231018266, ref_stop_time: 2113452231047636, actual_exe_time: 29370, task_app_start_time:2113450783440423, task_sched_time:2113452230999636
app_id: 4, app_name: pulse_doppler_api-aarch64, task_id: 212, task_name: DASH_FFT, resource_name: cpu2, ref_start_time: 2113452233794767, ref_stop_time: 2113452233820717, actual_exe_time: 25950, task_app_start_time:2113450783440423, task_sched_time:2113452233790687
app_id: 4, app_name: pulse_doppler_api-aarch64, task_id: 213, task_name: DASH_FFT, resource_name: cpu3, ref_start_time: 2113452235189107, ref_stop_time: 2113452235220157, actual_exe_time: 31050, task_app_start_time:2113450783440423, task_sched_time:2113452235183137
app_id: 4, app_name: pulse_doppler_api-aarch64, task_id: 214, task_name: DASH_ZIP, resource_name: zip1, ref_start_time: 2113452242925808, ref_stop_time: 2113452242976778, actual_exe_time: 50970, task_app_start_time:2113450783440423, task_sched_time:2113452242916718
app_id: 4, app_name: pulse_doppler_api-aarch64, task_id: 215, task_name: DASH_FFT, resource_name: cpu1, ref_start_time: 2113452243618748, ref_stop_time: 2113452243644848, actual_exe_time: 26100, task_app_start_time:2113450783440423, task_sched_time:2113452243588628
app_id: 4, app_name: pulse_doppler_api-aarch64, task_id: 216, task_name: DASH_FFT, resource_name: cpu2, ref_start_time: 2113452247948679, ref_stop_time: 2113452247976099, actual_exe_time: 27420, task_app_start_time:2113450783440423, task_sched_time:2113452247937279
app_id: 4, app_name: pulse_doppler_api-aarch64, task_id: 217, task_name: DASH_FFT, resource_name: cpu3, ref_start_time: 2113452248681069, ref_stop_time: 2113452248709359, actual_exe_time: 28290, task_app_start_time:2113450783440423, task_sched_time:2113452248636819
app_id: 4, app_name: pulse_doppler_api-aarch64, task_id: 218, task_name: DASH_ZIP, resource_name: zip1, ref_start_time: 2113452255107940, ref_stop_time: 2113452255304200, actual_exe_time: 196260, task_app_start_time:2113450783440423, task_sched_time:2113452255094320
app_id: 4, app_name: pulse_doppler_api-aarch64, task_id: 219, task_name: DASH_FFT, resource_name: cpu1, ref_start_time: 2113452259308841, ref_stop_time: 2113452259337971, actual_exe_time: 29130, task_app_start_time:2113450783440423, task_sched_time:2113452259300411
app_id: 4, app_name: pulse_doppler_api-aarch64, task_id: 220, task_name: DASH_FFT, resource_name: cpu2, ref_start_time: 2113452262205491, ref_stop_time: 2113452262231921, actual_exe_time: 26430, task_app_start_time:2113450783440423, task_sched_time:2113452262196761
app_id: 4, app_name: pulse_doppler_api-aarch64, task_id: 221, task_name: DASH_FFT, resource_name: cpu3, ref_start_time: 2113452265908812, ref_stop_time: 2113452265947722, actual_exe_time: 38910, task_app_start_time:2113450783440423, task_sched_time:2113452265902002
app_id: 4, app_name: pulse_doppler_api-aarch64, task_id: 222, task_name: DASH_ZIP, resource_name: zip1, ref_start_time: 2113452266401202, ref_stop_time: 2113452266447732, actual_exe_time: 46530, task_app_start_time:2113450783440423, task_sched_time:2113452266390732
app_id: 4, app_name: pulse_doppler_api-aarch64, task_id: 223, task_name: DASH_FFT, resource_name: cpu1, ref_start_time: 2113452267347822, ref_stop_time: 2113452267376172, actual_exe_time: 28350, task_app_start_time:2113450783440423, task_sched_time:2113452267303362
app_id: 4, app_name: pulse_doppler_api-aarch64, task_id: 224, task_name: DASH_FFT, resource_name: cpu2, ref_start_time: 2113452270920733, ref_stop_time: 2113452270950973, actual_exe_time: 30240, task_app_start_time:2113450783440423, task_sched_time:2113452268051562
app_id: 4, app_name: pulse_doppler_api-aarch64, task_id: 225, task_name: DASH_FFT, resource_name: cpu3, ref_start_time: 2113452271461933, ref_stop_time: 2113452271493433, actual_exe_time: 31500, task_app_start_time:2113450783440423, task_sched_time:2113452271300773
app_id: 4, app_name: pulse_doppler_api-aarch64, task_id: 226, task_name: DASH_ZIP, resource_name: zip1, ref_start_time: 2113452272312763, ref_stop_time: 2113452272358183, actual_exe_time: 45420, task_app_start_time:2113450783440423, task_sched_time:2113452272300433
app_id: 4, app_name: pulse_doppler_api-aarch64, task_id: 227, task_name: DASH_FFT, resource_name: cpu1, ref_start_time: 2113452272927793, ref_stop_time: 2113452272952513, actual_exe_time: 24720, task_app_start_time:2113450783440423, task_sched_time:2113452272916003
app_id: 4, app_name: pulse_doppler_api-aarch64, task_id: 228, task_name: DASH_FFT, resource_name: cpu2, ref_start_time: 2113452274941453, ref_stop_time: 2113452274966743, actual_exe_time: 25290, task_app_start_time:2113450783440423, task_sched_time:2113452273501033
app_id: 4, app_name: pulse_doppler_api-aarch64, task_id: 229, task_name: DASH_FFT, resource_name: cpu3, ref_start_time: 2113452275316663, ref_stop_time: 2113452275341863, actual_exe_time: 25200, task_app_start_time:2113450783440423, task_sched_time:2113452275312373
app_id: 4, app_name: pulse_doppler_api-aarch64, task_id: 230, task_name: DASH_ZIP, resource_name: zip1, ref_start_time: 2113452276824224, ref_stop_time: 2113452276874024, actual_exe_time: 49800, task_app_start_time:2113450783440423, task_sched_time:2113452276758884
app_id: 4, app_name: pulse_doppler_api-aarch64, task_id: 231, task_name: DASH_FFT, resource_name: cpu1, ref_start_time: 2113452283052195, ref_stop_time: 2113452283085045, actual_exe_time: 32850, task_app_start_time:2113450783440423, task_sched_time:2113452283039415
app_id: 4, app_name: pulse_doppler_api-aarch64, task_id: 232, task_name: DASH_FFT, resource_name: cpu2, ref_start_time: 2113452290125236, ref_stop_time: 2113452290156466, actual_exe_time: 31230, task_app_start_time:2113450783440423, task_sched_time:2113452290118276
app_id: 4, app_name: pulse_doppler_api-aarch64, task_id: 233, task_name: DASH_FFT, resource_name: cpu3, ref_start_time: 2113452290943396, ref_stop_time: 2113452290971026, actual_exe_time: 27630, task_app_start_time:2113450783440423, task_sched_time:2113452290937876
app_id: 4, app_name: pulse_doppler_api-aarch64, task_id: 234, task_name: DASH_ZIP, resource_name: zip1, ref_start_time: 2113452294997626, ref_stop_time: 2113452295046676, actual_exe_time: 49050, task_app_start_time:2113450783440423, task_sched_time:2113452294684786
app_id: 4, app_name: pulse_doppler_api-aarch64, task_id: 235, task_name: DASH_FFT, resource_name: cpu1, ref_start_time: 2113452299339527, ref_stop_time: 2113452299369017, actual_exe_time: 29490, task_app_start_time:2113450783440423, task_sched_time:2113452299332927
app_id: 4, app_name: pulse_doppler_api-aarch64, task_id: 236, task_name: DASH_FFT, resource_name: cpu2, ref_start_time: 2113452299720017, ref_stop_time: 2113452299743357, actual_exe_time: 23340, task_app_start_time:2113450783440423, task_sched_time:2113452299714047
app_id: 4, app_name: pulse_doppler_api-aarch64, task_id: 237, task_name: DASH_FFT, resource_name: cpu3, ref_start_time: 2113452302909558, ref_stop_time: 2113452302938328, actual_exe_time: 28770, task_app_start_time:2113450783440423, task_sched_time:2113452300465187
app_id: 4, app_name: pulse_doppler_api-aarch64, task_id: 238, task_name: DASH_ZIP, resource_name: zip1, ref_start_time: 2113452303538028, ref_stop_time: 2113452303582608, actual_exe_time: 44580, task_app_start_time:2113450783440423, task_sched_time:2113452303533888
app_id: 4, app_name: pulse_doppler_api-aarch64, task_id: 239, task_name: DASH_FFT, resource_name: cpu1, ref_start_time: 2113452306240068, ref_stop_time: 2113452306267128, actual_exe_time: 27060, task_app_start_time:2113450783440423, task_sched_time:2113452306231788
app_id: 4, app_name: pulse_doppler_api-aarch64, task_id: 240, task_name: DASH_FFT, resource_name: cpu2, ref_start_time: 2113452311227149, ref_stop_time: 2113452311260719, actual_exe_time: 33570, task_app_start_time:2113450783440423, task_sched_time:2113452311221479
app_id: 4, app_name: pulse_doppler_api-aarch64, task_id: 241, task_name: DASH_FFT, resource_name: cpu3, ref_start_time: 2113452311878539, ref_stop_time: 2113452311904489, actual_exe_time: 25950, task_app_start_time:2113450783440423, task_sched_time:2113452311872809
app_id: 4, app_name: pulse_doppler_api-aarch64, task_id: 242, task_name: DASH_ZIP, resource_name: zip1, ref_start_time: 2113452315267010, ref_stop_time: 2113452315313930, actual_exe_time: 46920, task_app_start_time:2113450783440423, task_sched_time:2113452315261190
app_id: 4, app_name: pulse_doppler_api-aarch64, task_id: 243, task_name: DASH_FFT, resource_name: cpu1, ref_start_time: 2113452315886030, ref_stop_time: 2113452315912280, actual_exe_time: 26250, task_app_start_time:2113450783440423, task_sched_time:2113452315827890
app_id: 4, app_name: pulse_doppler_api-aarch64, task_id: 244, task_name: DASH_FFT, resource_name: cpu2, ref_start_time: 2113452319078120, ref_stop_time: 2113452319102450, actual_exe_time: 24330, task_app_start_time:2113450783440423, task_sched_time:2113452319071400
app_id: 4, app_name: pulse_doppler_api-aarch64, task_id: 245, task_name: DASH_FFT, resource_name: cpu3, ref_start_time: 2113452319386190, ref_stop_time: 2113452319412200, actual_exe_time: 26010, task_app_start_time:2113450783440423, task_sched_time:2113452319379590
app_id: 4, app_name: pulse_doppler_api-aarch64, task_id: 246, task_name: DASH_ZIP, resource_name: zip1, ref_start_time: 2113452322592711, ref_stop_time: 2113452322637891, actual_exe_time: 45180, task_app_start_time:2113450783440423, task_sched_time:2113452322583111
app_id: 4, app_name: pulse_doppler_api-aarch64, task_id: 247, task_name: DASH_FFT, resource_name: cpu1, ref_start_time: 2113452323911631, ref_stop_time: 2113452323940581, actual_exe_time: 28950, task_app_start_time:2113450783440423, task_sched_time:2113452323906171
app_id: 4, app_name: pulse_doppler_api-aarch64, task_id: 248, task_name: DASH_FFT, resource_name: cpu2, ref_start_time: 2113452327334332, ref_stop_time: 2113452327369432, actual_exe_time: 35100, task_app_start_time:2113450783440423, task_sched_time:2113452327327582
app_id: 4, app_name: pulse_doppler_api-aarch64, task_id: 249, task_name: DASH_FFT, resource_name: cpu3, ref_start_time: 2113452328630302, ref_stop_time: 2113452328658352, actual_exe_time: 28050, task_app_start_time:2113450783440423, task_sched_time:2113452328624752
app_id: 4, app_name: pulse_doppler_api-aarch64, task_id: 250, task_name: DASH_ZIP, resource_name: zip1, ref_start_time: 2113452329214792, ref_stop_time: 2113452329261742, actual_exe_time: 46950, task_app_start_time:2113450783440423, task_sched_time:2113452329205402
app_id: 4, app_name: pulse_doppler_api-aarch64, task_id: 251, task_name: DASH_FFT, resource_name: cpu1, ref_start_time: 2113452329965032, ref_stop_time: 2113452329992542, actual_exe_time: 27510, task_app_start_time:2113450783440423, task_sched_time:2113452329955972
app_id: 4, app_name: pulse_doppler_api-aarch64, task_id: 252, task_name: DASH_FFT, resource_name: cpu2, ref_start_time: 2113452330923112, ref_stop_time: 2113452330948552, actual_exe_time: 25440, task_app_start_time:2113450783440423, task_sched_time:2113452330531012
app_id: 4, app_name: pulse_doppler_api-aarch64, task_id: 253, task_name: DASH_FFT, resource_name: cpu3, ref_start_time: 2113452331277352, ref_stop_time: 2113452331302612, actual_exe_time: 25260, task_app_start_time:2113450783440423, task_sched_time:2113452331273662
app_id: 4, app_name: pulse_doppler_api-aarch64, task_id: 254, task_name: DASH_ZIP, resource_name: zip1, ref_start_time: 2113452332017332, ref_stop_time: 2113452332060982, actual_exe_time: 43650, task_app_start_time:2113450783440423, task_sched_time:2113452332009382
app_id: 4, app_name: pulse_doppler_api-aarch64, task_id: 255, task_name: DASH_FFT, resource_name: cpu1, ref_start_time: 2113452332593902, ref_stop_time: 2113452332617692, actual_exe_time: 23790, task_app_start_time:2113450783440423, task_sched_time:2113452332579082
app_id: 4, app_name: pulse_doppler_api-aarch64, task_id: 256, task_name: DASH_FFT, resource_name: cpu2, ref_start_time: 2113452334930063, ref_stop_time: 2113452334955143, actual_exe_time: 25080, task_app_start_time:2113450783440423, task_sched_time:2113452333215893
app_id: 4, app_name: pulse_doppler_api-aarch64, task_id: 257, task_name: DASH_FFT, resource_name: cpu3, ref_start_time: 2113452335348623, ref_stop_time: 2113452335374393, actual_exe_time: 25770, task_app_start_time:2113450783440423, task_sched_time:2113452335342053
app_id: 4, app_name: pulse_doppler_api-aarch64, task_id: 258, task_name: DASH_ZIP, resource_name: zip1, ref_start_time: 2113452335883043, ref_stop_time: 2113452335926783, actual_exe_time: 43740, task_app_start_time:2113450783440423, task_sched_time:2113452335877163
app_id: 4, app_name: pulse_doppler_api-aarch64, task_id: 259, task_name: DASH_FFT, resource_name: cpu1, ref_start_time: 2113452336317593, ref_stop_time: 2113452336341683, actual_exe_time: 24090, task_app_start_time:2113450783440423, task_sched_time:2113452336302473
app_id: 4, app_name: pulse_doppler_api-aarch64, task_id: 260, task_name: DASH_FFT, resource_name: cpu2, ref_start_time: 2113452338794633, ref_stop_time: 2113452338820193, actual_exe_time: 25560, task_app_start_time:2113450783440423, task_sched_time:2113452336846913
app_id: 4, app_name: pulse_doppler_api-aarch64, task_id: 261, task_name: DASH_FFT, resource_name: cpu3, ref_start_time: 2113452339808334, ref_stop_time: 2113452339834824, actual_exe_time: 26490, task_app_start_time:2113450783440423, task_sched_time:2113452339799154
app_id: 4, app_name: pulse_doppler_api-aarch64, task_id: 262, task_name: DASH_ZIP, resource_name: zip1, ref_start_time: 2113452340295654, ref_stop_time: 2113452340339184, actual_exe_time: 43530, task_app_start_time:2113450783440423, task_sched_time:2113452340286894
app_id: 4, app_name: pulse_doppler_api-aarch64, task_id: 263, task_name: DASH_FFT, resource_name: cpu1, ref_start_time: 2113452343275944, ref_stop_time: 2113452343312034, actual_exe_time: 36090, task_app_start_time:2113450783440423, task_sched_time:2113452343265264
app_id: 4, app_name: pulse_doppler_api-aarch64, task_id: 264, task_name: DASH_FFT, resource_name: cpu2, ref_start_time: 2113452345268815, ref_stop_time: 2113452345295215, actual_exe_time: 26400, task_app_start_time:2113450783440423, task_sched_time:2113452345265545
app_id: 4, app_name: pulse_doppler_api-aarch64, task_id: 265, task_name: DASH_FFT, resource_name: cpu3, ref_start_time: 2113452351141855, ref_stop_time: 2113452351173475, actual_exe_time: 31620, task_app_start_time:2113450783440423, task_sched_time:2113452351135285
app_id: 4, app_name: pulse_doppler_api-aarch64, task_id: 266, task_name: DASH_ZIP, resource_name: zip1, ref_start_time: 2113452352141966, ref_stop_time: 2113452352187146, actual_exe_time: 45180, task_app_start_time:2113450783440423, task_sched_time:2113452352138396
app_id: 4, app_name: pulse_doppler_api-aarch64, task_id: 267, task_name: DASH_FFT, resource_name: cpu1, ref_start_time: 2113452352913056, ref_stop_time: 2113452352937146, actual_exe_time: 24090, task_app_start_time:2113450783440423, task_sched_time:2113452352840396
app_id: 4, app_name: pulse_doppler_api-aarch64, task_id: 268, task_name: DASH_FFT, resource_name: cpu2, ref_start_time: 2113452353511496, ref_stop_time: 2113452353534326, actual_exe_time: 22830, task_app_start_time:2113450783440423, task_sched_time:2113452353503486
app_id: 4, app_name: pulse_doppler_api-aarch64, task_id: 269, task_name: DASH_FFT, resource_name: cpu3, ref_start_time: 2113452354017836, ref_stop_time: 2113452354042046, actual_exe_time: 24210, task_app_start_time:2113450783440423, task_sched_time:2113452354009406
app_id: 4, app_name: pulse_doppler_api-aarch64, task_id: 270, task_name: DASH_ZIP, resource_name: zip1, ref_start_time: 2113452354561466, ref_stop_time: 2113452354604126, actual_exe_time: 42660, task_app_start_time:2113450783440423, task_sched_time:2113452354558496
app_id: 4, app_name: pulse_doppler_api-aarch64, task_id: 271, task_name: DASH_FFT, resource_name: cpu1, ref_start_time: 2113452357739427, ref_stop_time: 2113452357765797, actual_exe_time: 26370, task_app_start_time:2113450783440423, task_sched_time:2113452357708257
app_id: 4, app_name: pulse_doppler_api-aarch64, task_id: 272, task_name: DASH_FFT, resource_name: cpu2, ref_start_time: 2113452362189327, ref_stop_time: 2113452362221667, actual_exe_time: 32340, task_app_start_time:2113450783440423, task_sched_time:2113452362181797
app_id: 4, app_name: pulse_doppler_api-aarch64, task_id: 273, task_name: DASH_FFT, resource_name: cpu3, ref_start_time: 2113452362900897, ref_stop_time: 2113452362929157, actual_exe_time: 28260, task_app_start_time:2113450783440423, task_sched_time:2113452362896757
app_id: 4, app_name: pulse_doppler_api-aarch64, task_id: 274, task_name: DASH_ZIP, resource_name: zip1, ref_start_time: 2113452363322517, ref_stop_time: 2113452363368957, actual_exe_time: 46440, task_app_start_time:2113450783440423, task_sched_time:2113452363318377
app_id: 4, app_name: pulse_doppler_api-aarch64, task_id: 275, task_name: DASH_FFT, resource_name: cpu1, ref_start_time: 2113452363996018, ref_stop_time: 2113452364023258, actual_exe_time: 27240, task_app_start_time:2113450783440423, task_sched_time:2113452363969018
app_id: 4, app_name: pulse_doppler_api-aarch64, task_id: 276, task_name: DASH_FFT, resource_name: cpu2, ref_start_time: 2113452366924228, ref_stop_time: 2113452366952398, actual_exe_time: 28170, task_app_start_time:2113450783440423, task_sched_time:2113452364593948
app_id: 4, app_name: pulse_doppler_api-aarch64, task_id: 277, task_name: DASH_FFT, resource_name: cpu3, ref_start_time: 2113452367406748, ref_stop_time: 2113452367432548, actual_exe_time: 25800, task_app_start_time:2113450783440423, task_sched_time:2113452367401888
app_id: 4, app_name: pulse_doppler_api-aarch64, task_id: 278, task_name: DASH_ZIP, resource_name: zip1, ref_start_time: 2113452367836708, ref_stop_time: 2113452367880868, actual_exe_time: 44160, task_app_start_time:2113450783440423, task_sched_time:2113452367831728
app_id: 4, app_name: pulse_doppler_api-aarch64, task_id: 279, task_name: DASH_FFT, resource_name: cpu1, ref_start_time: 2113452368466678, ref_stop_time: 2113452368490798, actual_exe_time: 24120, task_app_start_time:2113450783440423, task_sched_time:2113452368433678
app_id: 4, app_name: pulse_doppler_api-aarch64, task_id: 280, task_name: DASH_FFT, resource_name: cpu2, ref_start_time: 2113452370930999, ref_stop_time: 2113452370957009, actual_exe_time: 26010, task_app_start_time:2113450783440423, task_sched_time:2113452369098358
app_id: 4, app_name: pulse_doppler_api-aarch64, task_id: 281, task_name: DASH_FFT, resource_name: cpu3, ref_start_time: 2113452371390329, ref_stop_time: 2113452371415709, actual_exe_time: 25380, task_app_start_time:2113450783440423, task_sched_time:2113452371385889
app_id: 4, app_name: pulse_doppler_api-aarch64, task_id: 282, task_name: DASH_ZIP, resource_name: zip1, ref_start_time: 2113452371945929, ref_stop_time: 2113452371989219, actual_exe_time: 43290, task_app_start_time:2113450783440423, task_sched_time:2113452371936689
app_id: 4, app_name: pulse_doppler_api-aarch64, task_id: 283, task_name: DASH_FFT, resource_name: cpu1, ref_start_time: 2113452372626539, ref_stop_time: 2113452372655669, actual_exe_time: 29130, task_app_start_time:2113450783440423, task_sched_time:2113452372586189
app_id: 4, app_name: pulse_doppler_api-aarch64, task_id: 284, task_name: DASH_FFT, resource_name: cpu2, ref_start_time: 2113452374362069, ref_stop_time: 2113452374387149, actual_exe_time: 25080, task_app_start_time:2113450783440423, task_sched_time:2113452373313869
app_id: 4, app_name: pulse_doppler_api-aarch64, task_id: 285, task_name: DASH_FFT, resource_name: cpu3, ref_start_time: 2113452378939950, ref_stop_time: 2113452378980300, actual_exe_time: 40350, task_app_start_time:2113450783440423, task_sched_time:2113452378930020
app_id: 4, app_name: pulse_doppler_api-aarch64, task_id: 286, task_name: DASH_ZIP, resource_name: zip1, ref_start_time: 2113452379652630, ref_stop_time: 2113452379697300, actual_exe_time: 44670, task_app_start_time:2113450783440423, task_sched_time:2113452379646750
app_id: 4, app_name: pulse_doppler_api-aarch64, task_id: 287, task_name: DASH_FFT, resource_name: cpu1, ref_start_time: 2113452380291720, ref_stop_time: 2113452380316590, actual_exe_time: 24870, task_app_start_time:2113450783440423, task_sched_time:2113452380264120
app_id: 4, app_name: pulse_doppler_api-aarch64, task_id: 288, task_name: DASH_FFT, resource_name: cpu2, ref_start_time: 2113452387208161, ref_stop_time: 2113452387240141, actual_exe_time: 31980, task_app_start_time:2113450783440423, task_sched_time:2113452387203721
app_id: 4, app_name: pulse_doppler_api-aarch64, task_id: 289, task_name: DASH_FFT, resource_name: cpu3, ref_start_time: 2113452387747531, ref_stop_time: 2113452387772791, actual_exe_time: 25260, task_app_start_time:2113450783440423, task_sched_time:2113452387742971
app_id: 4, app_name: pulse_doppler_api-aarch64, task_id: 290, task_name: DASH_ZIP, resource_name: zip1, ref_start_time: 2113452388531491, ref_stop_time: 2113452388578141, actual_exe_time: 46650, task_app_start_time:2113450783440423, task_sched_time:2113452388527411
app_id: 4, app_name: pulse_doppler_api-aarch64, task_id: 291, task_name: DASH_FFT, resource_name: cpu1, ref_start_time: 2113452389185522, ref_stop_time: 2113452389209852, actual_exe_time: 24330, task_app_start_time:2113450783440423, task_sched_time:2113452389134552
app_id: 4, app_name: pulse_doppler_api-aarch64, task_id: 292, task_name: DASH_FFT, resource_name: cpu2, ref_start_time: 2113452389791972, ref_stop_time: 2113452389812582, actual_exe_time: 20610, task_app_start_time:2113450783440423, task_sched_time:2113452389787772
app_id: 4, app_name: pulse_doppler_api-aarch64, task_id: 293, task_name: DASH_FFT, resource_name: cpu3, ref_start_time: 2113452390149632, ref_stop_time: 2113452390174262, actual_exe_time: 24630, task_app_start_time:2113450783440423, task_sched_time:2113452390146842
app_id: 4, app_name: pulse_doppler_api-aarch64, task_id: 294, task_name: DASH_ZIP, resource_name: zip1, ref_start_time: 2113452392054092, ref_stop_time: 2113452392097772, actual_exe_time: 43680, task_app_start_time:2113450783440423, task_sched_time:2113452392049772
app_id: 4, app_name: pulse_doppler_api-aarch64, task_id: 295, task_name: DASH_FFT, resource_name: cpu1, ref_start_time: 2113452393304762, ref_stop_time: 2113452393331312, actual_exe_time: 26550, task_app_start_time:2113450783440423, task_sched_time:2113452393299062
app_id: 4, app_name: pulse_doppler_api-aarch64, task_id: 296, task_name: DASH_FFT, resource_name: cpu2, ref_start_time: 2113452399674213, ref_stop_time: 2113452399704363, actual_exe_time: 30150, task_app_start_time:2113450783440423, task_sched_time:2113452399666293
app_id: 4, app_name: pulse_doppler_api-aarch64, task_id: 297, task_name: DASH_FFT, resource_name: cpu3, ref_start_time: 2113452400309943, ref_stop_time: 2113452400335353, actual_exe_time: 25410, task_app_start_time:2113450783440423, task_sched_time:2113452400301213
app_id: 4, app_name: pulse_doppler_api-aarch64, task_id: 298, task_name: DASH_ZIP, resource_name: zip1, ref_start_time: 2113452400960403, ref_stop_time: 2113452401005043, actual_exe_time: 44640, task_app_start_time:2113450783440423, task_sched_time:2113452400953893
app_id: 4, app_name: pulse_doppler_api-aarch64, task_id: 299, task_name: DASH_FFT, resource_name: cpu1, ref_start_time: 2113452407554465, ref_stop_time: 2113452407584855, actual_exe_time: 30390, task_app_start_time:2113450783440423, task_sched_time:2113452407549005
app_id: 4, app_name: pulse_doppler_api-aarch64, task_id: 300, task_name: DASH_FFT, resource_name: cpu2, ref_start_time: 2113452408274705, ref_stop_time: 2113452408297055, actual_exe_time: 22350, task_app_start_time:2113450783440423, task_sched_time:2113452408269605
app_id: 4, app_name: pulse_doppler_api-aarch64, task_id: 301, task_name: DASH_FFT, resource_name: cpu3, ref_start_time: 2113452408803155, ref_stop_time: 2113452408827875, actual_exe_time: 24720, task_app_start_time:2113450783440423, task_sched_time:2113452408793495
app_id: 4, app_name: pulse_doppler_api-aarch64, task_id: 302, task_name: DASH_ZIP, resource_name: zip1, ref_start_time: 2113452409326775, ref_stop_time: 2113452409370875, actual_exe_time: 44100, task_app_start_time:2113450783440423, task_sched_time:2113452409322305
app_id: 4, app_name: pulse_doppler_api-aarch64, task_id: 303, task_name: DASH_FFT, resource_name: cpu1, ref_start_time: 2113452409737925, ref_stop_time: 2113452409761265, actual_exe_time: 23340, task_app_start_time:2113450783440423, task_sched_time:2113452409733845
app_id: 4, app_name: pulse_doppler_api-aarch64, task_id: 304, task_name: DASH_FFT, resource_name: cpu2, ref_start_time: 2113452411617875, ref_stop_time: 2113452411640975, actual_exe_time: 23100, task_app_start_time:2113450783440423, task_sched_time:2113452411613225
app_id: 4, app_name: pulse_doppler_api-aarch64, task_id: 305, task_name: DASH_FFT, resource_name: cpu3, ref_start_time: 2113452415395596, ref_stop_time: 2113452415431626, actual_exe_time: 36030, task_app_start_time:2113450783440423, task_sched_time:2113452415385906
app_id: 4, app_name: pulse_doppler_api-aarch64, task_id: 306, task_name: DASH_ZIP, resource_name: zip1, ref_start_time: 2113452416288096, ref_stop_time: 2113452416332796, actual_exe_time: 44700, task_app_start_time:2113450783440423, task_sched_time:2113452416282036
app_id: 4, app_name: pulse_doppler_api-aarch64, task_id: 307, task_name: DASH_FFT, resource_name: cpu1, ref_start_time: 2113452419080016, ref_stop_time: 2113452419110526, actual_exe_time: 30510, task_app_start_time:2113450783440423, task_sched_time:2113452419070776
app_id: 4, app_name: pulse_doppler_api-aarch64, task_id: 308, task_name: DASH_FFT, resource_name: cpu2, ref_start_time: 2113452419942007, ref_stop_time: 2113452419965167, actual_exe_time: 23160, task_app_start_time:2113450783440423, task_sched_time:2113452419939067
app_id: 4, app_name: pulse_doppler_api-aarch64, task_id: 309, task_name: DASH_FFT, resource_name: cpu3, ref_start_time: 2113452423102357, ref_stop_time: 2113452423129087, actual_exe_time: 26730, task_app_start_time:2113450783440423, task_sched_time:2113452423094677
app_id: 4, app_name: pulse_doppler_api-aarch64, task_id: 310, task_name: DASH_ZIP, resource_name: zip1, ref_start_time: 2113452423581817, ref_stop_time: 2113452423626577, actual_exe_time: 44760, task_app_start_time:2113450783440423, task_sched_time:2113452423572787
app_id: 4, app_name: pulse_doppler_api-aarch64, task_id: 311, task_name: DASH_FFT, resource_name: cpu1, ref_start_time: 2113452427096678, ref_stop_time: 2113452427123918, actual_exe_time: 27240, task_app_start_time:2113450783440423, task_sched_time:2113452427086508
app_id: 4, app_name: pulse_doppler_api-aarch64, task_id: 312, task_name: DASH_FFT, resource_name: cpu2, ref_start_time: 2113452427807828, ref_stop_time: 2113452427829998, actual_exe_time: 22170, task_app_start_time:2113450783440423, task_sched_time:2113452427802248
app_id: 4, app_name: pulse_doppler_api-aarch64, task_id: 313, task_name: DASH_FFT, resource_name: cpu3, ref_start_time: 2113452428332768, ref_stop_time: 2113452428357818, actual_exe_time: 25050, task_app_start_time:2113450783440423, task_sched_time:2113452428328418
app_id: 4, app_name: pulse_doppler_api-aarch64, task_id: 314, task_name: DASH_ZIP, resource_name: zip1, ref_start_time: 2113452430075528, ref_stop_time: 2113452430120948, actual_exe_time: 45420, task_app_start_time:2113450783440423, task_sched_time:2113452430069408
app_id: 4, app_name: pulse_doppler_api-aarch64, task_id: 315, task_name: DASH_FFT, resource_name: cpu1, ref_start_time: 2113452431393578, ref_stop_time: 2113452431419888, actual_exe_time: 26310, task_app_start_time:2113450783440423, task_sched_time:2113452431373478
app_id: 4, app_name: pulse_doppler_api-aarch64, task_id: 316, task_name: DASH_FFT, resource_name: cpu2, ref_start_time: 2113452435530969, ref_stop_time: 2113452435630329, actual_exe_time: 99360, task_app_start_time:2113450783440423, task_sched_time:2113452435522299
app_id: 4, app_name: pulse_doppler_api-aarch64, task_id: 317, task_name: DASH_FFT, resource_name: cpu3, ref_start_time: 2113452436141229, ref_stop_time: 2113452436166969, actual_exe_time: 25740, task_app_start_time:2113450783440423, task_sched_time:2113452436138199
app_id: 4, app_name: pulse_doppler_api-aarch64, task_id: 318, task_name: DASH_ZIP, resource_name: zip1, ref_start_time: 2113452439366710, ref_stop_time: 2113452439414530, actual_exe_time: 47820, task_app_start_time:2113450783440423, task_sched_time:2113452439360110
app_id: 4, app_name: pulse_doppler_api-aarch64, task_id: 319, task_name: DASH_FFT, resource_name: cpu1, ref_start_time: 2113452443016480, ref_stop_time: 2113452443045430, actual_exe_time: 28950, task_app_start_time:2113450783440423, task_sched_time:2113452443005830
app_id: 4, app_name: pulse_doppler_api-aarch64, task_id: 320, task_name: DASH_FFT, resource_name: cpu2, ref_start_time: 2113452443714220, ref_stop_time: 2113452443736660, actual_exe_time: 22440, task_app_start_time:2113450783440423, task_sched_time:2113452443710470
app_id: 4, app_name: pulse_doppler_api-aarch64, task_id: 321, task_name: DASH_FFT, resource_name: cpu3, ref_start_time: 2113452446945641, ref_stop_time: 2113452446972491, actual_exe_time: 26850, task_app_start_time:2113450783440423, task_sched_time:2113452446941381
app_id: 4, app_name: pulse_doppler_api-aarch64, task_id: 322, task_name: DASH_ZIP, resource_name: zip1, ref_start_time: 2113452447521461, ref_stop_time: 2113452447565891, actual_exe_time: 44430, task_app_start_time:2113450783440423, task_sched_time:2113452447507661
app_id: 4, app_name: pulse_doppler_api-aarch64, task_id: 323, task_name: DASH_FFT, resource_name: cpu1, ref_start_time: 2113452447981601, ref_stop_time: 2113452448005661, actual_exe_time: 24060, task_app_start_time:2113450783440423, task_sched_time:2113452447929881
app_id: 4, app_name: pulse_doppler_api-aarch64, task_id: 324, task_name: DASH_FFT, resource_name: cpu2, ref_start_time: 2113452449488411, ref_stop_time: 2113452449510491, actual_exe_time: 22080, task_app_start_time:2113450783440423, task_sched_time:2113452449482951
app_id: 4, app_name: pulse_doppler_api-aarch64, task_id: 325, task_name: DASH_FFT, resource_name: cpu3, ref_start_time: 2113452451270112, ref_stop_time: 2113452451299542, actual_exe_time: 29430, task_app_start_time:2113450783440423, task_sched_time:2113452451262972
app_id: 4, app_name: pulse_doppler_api-aarch64, task_id: 326, task_name: DASH_ZIP, resource_name: zip1, ref_start_time: 2113452455351312, ref_stop_time: 2113452455400002, actual_exe_time: 48690, task_app_start_time:2113450783440423, task_sched_time:2113452455341502
app_id: 4, app_name: pulse_doppler_api-aarch64, task_id: 327, task_name: DASH_FFT, resource_name: cpu1, ref_start_time: 2113452455919632, ref_stop_time: 2113452455951372, actual_exe_time: 31740, task_app_start_time:2113450783440423, task_sched_time:2113452455880182
app_id: 4, app_name: pulse_doppler_api-aarch64, task_id: 328, task_name: DASH_FFT, resource_name: cpu2, ref_start_time: 2113452459317403, ref_stop_time: 2113452459341763, actual_exe_time: 24360, task_app_start_time:2113450783440423, task_sched_time:2113452459310953
app_id: 4, app_name: pulse_doppler_api-aarch64, task_id: 329, task_name: DASH_FFT, resource_name: cpu3, ref_start_time: 2113452459722193, ref_stop_time: 2113452459748533, actual_exe_time: 26340, task_app_start_time:2113450783440423, task_sched_time:2113452459715443
app_id: 4, app_name: pulse_doppler_api-aarch64, task_id: 330, task_name: DASH_ZIP, resource_name: zip1, ref_start_time: 2113452463169914, ref_stop_time: 2113452463216024, actual_exe_time: 46110, task_app_start_time:2113450783440423, task_sched_time:2113452463165444
app_id: 4, app_name: pulse_doppler_api-aarch64, task_id: 331, task_name: DASH_FFT, resource_name: cpu1, ref_start_time: 2113452465703444, ref_stop_time: 2113452465730414, actual_exe_time: 26970, task_app_start_time:2113450783440423, task_sched_time:2113452465698704
app_id: 4, app_name: pulse_doppler_api-aarch64, task_id: 332, task_name: DASH_FFT, resource_name: cpu2, ref_start_time: 2113452467013154, ref_stop_time: 2113452467037274, actual_exe_time: 24120, task_app_start_time:2113450783440423, task_sched_time:2113452467005954
app_id: 4, app_name: pulse_doppler_api-aarch64, task_id: 333, task_name: DASH_FFT, resource_name: cpu3, ref_start_time: 2113452471245615, ref_stop_time: 2113452471279155, actual_exe_time: 33540, task_app_start_time:2113450783440423, task_sched_time:2113452471238955
app_id: 4, app_name: pulse_doppler_api-aarch64, task_id: 334, task_name: DASH_ZIP, resource_name: zip1, ref_start_time: 2113452475226615, ref_stop_time: 2113452475274495, actual_exe_time: 47880, task_app_start_time:2113450783440423, task_sched_time:2113452475219475
app_id: 4, app_name: pulse_doppler_api-aarch64, task_id: 335, task_name: DASH_FFT, resource_name: cpu1, ref_start_time: 2113452475565255, ref_stop_time: 2113452475591296, actual_exe_time: 26041, task_app_start_time:2113450783440423, task_sched_time:2113452475546895
app_id: 4, app_name: pulse_doppler_api-aarch64, task_id: 336, task_name: DASH_FFT, resource_name: cpu2, ref_start_time: 2113452479446656, ref_stop_time: 2113452479472546, actual_exe_time: 25890, task_app_start_time:2113450783440423, task_sched_time:2113452479432946
app_id: 4, app_name: pulse_doppler_api-aarch64, task_id: 337, task_name: DASH_FFT, resource_name: cpu3, ref_start_time: 2113452481450536, ref_stop_time: 2113452481478496, actual_exe_time: 27960, task_app_start_time:2113450783440423, task_sched_time:2113452481444776
app_id: 4, app_name: pulse_doppler_api-aarch64, task_id: 338, task_name: DASH_ZIP, resource_name: zip1, ref_start_time: 2113452482512417, ref_stop_time: 2113452482558677, actual_exe_time: 46260, task_app_start_time:2113450783440423, task_sched_time:2113452482507647
app_id: 4, app_name: pulse_doppler_api-aarch64, task_id: 339, task_name: DASH_FFT, resource_name: cpu1, ref_start_time: 2113452487057867, ref_stop_time: 2113452487091017, actual_exe_time: 33150, task_app_start_time:2113450783440423, task_sched_time:2113452487048717
app_id: 4, app_name: pulse_doppler_api-aarch64, task_id: 340, task_name: DASH_FFT, resource_name: cpu2, ref_start_time: 2113452490972448, ref_stop_time: 2113452491003108, actual_exe_time: 30660, task_app_start_time:2113450783440423, task_sched_time:2113452490962398
app_id: 4, app_name: pulse_doppler_api-aarch64, task_id: 341, task_name: DASH_FFT, resource_name: cpu3, ref_start_time: 2113452495206889, ref_stop_time: 2113452495238359, actual_exe_time: 31470, task_app_start_time:2113450783440423, task_sched_time:2113452495200979
app_id: 4, app_name: pulse_doppler_api-aarch64, task_id: 342, task_name: DASH_ZIP, resource_name: zip1, ref_start_time: 2113452497157189, ref_stop_time: 2113452497208639, actual_exe_time: 51450, task_app_start_time:2113450783440423, task_sched_time:2113452497152929
app_id: 4, app_name: pulse_doppler_api-aarch64, task_id: 343, task_name: DASH_FFT, resource_name: cpu1, ref_start_time: 2113452503374180, ref_stop_time: 2113452503406940, actual_exe_time: 32760, task_app_start_time:2113450783440423, task_sched_time:2113452503361580
app_id: 4, app_name: pulse_doppler_api-aarch64, task_id: 344, task_name: DASH_FFT, resource_name: cpu2, ref_start_time: 2113452506942861, ref_stop_time: 2113452506972261, actual_exe_time: 29400, task_app_start_time:2113450783440423, task_sched_time:2113452506938961
app_id: 4, app_name: pulse_doppler_api-aarch64, task_id: 345, task_name: DASH_FFT, resource_name: cpu3, ref_start_time: 2113452510390101, ref_stop_time: 2113452510418961, actual_exe_time: 28860, task_app_start_time:2113450783440423, task_sched_time:2113452510385241
app_id: 4, app_name: pulse_doppler_api-aarch64, task_id: 346, task_name: DASH_ZIP, resource_name: zip1, ref_start_time: 2113452511386881, ref_stop_time: 2113452511432631, actual_exe_time: 45750, task_app_start_time:2113450783440423, task_sched_time:2113452511377941
app_id: 4, app_name: pulse_doppler_api-aarch64, task_id: 347, task_name: DASH_FFT, resource_name: cpu1, ref_start_time: 2113452511917011, ref_stop_time: 2113452511943351, actual_exe_time: 26340, task_app_start_time:2113450783440423, task_sched_time:2113452511863461
app_id: 4, app_name: pulse_doppler_api-aarch64, task_id: 348, task_name: DASH_FFT, resource_name: cpu2, ref_start_time: 2113452515240262, ref_stop_time: 2113452515272272, actual_exe_time: 32010, task_app_start_time:2113450783440423, task_sched_time:2113452515235132
app_id: 4, app_name: pulse_doppler_api-aarch64, task_id: 349, task_name: DASH_FFT, resource_name: cpu3, ref_start_time: 2113452515452362, ref_stop_time: 2113452515477742, actual_exe_time: 25380, task_app_start_time:2113450783440423, task_sched_time:2113452515448792
app_id: 4, app_name: pulse_doppler_api-aarch64, task_id: 350, task_name: DASH_ZIP, resource_name: zip1, ref_start_time: 2113452519497473, ref_stop_time: 2113452519544933, actual_exe_time: 47460, task_app_start_time:2113450783440423, task_sched_time:2113452519489943
app_id: 4, app_name: pulse_doppler_api-aarch64, task_id: 351, task_name: DASH_FFT, resource_name: cpu1, ref_start_time: 2113452523509793, ref_stop_time: 2113452523537903, actual_exe_time: 28110, task_app_start_time:2113450783440423, task_sched_time:2113452523492333
app_id: 4, app_name: pulse_doppler_api-aarch64, task_id: 352, task_name: DASH_FFT, resource_name: cpu2, ref_start_time: 2113452526062644, ref_stop_time: 2113452526091414, actual_exe_time: 28770, task_app_start_time:2113450783440423, task_sched_time:2113452526054544
app_id: 4, app_name: pulse_doppler_api-aarch64, task_id: 353, task_name: DASH_FFT, resource_name: cpu3, ref_start_time: 2113452527047934, ref_stop_time: 2113452527077634, actual_exe_time: 29700, task_app_start_time:2113450783440423, task_sched_time:2113452527038544
app_id: 4, app_name: pulse_doppler_api-aarch64, task_id: 354, task_name: DASH_ZIP, resource_name: zip1, ref_start_time: 2113452531516525, ref_stop_time: 2113452531562785, actual_exe_time: 46260, task_app_start_time:2113450783440423, task_sched_time:2113452531512415
app_id: 4, app_name: pulse_doppler_api-aarch64, task_id: 355, task_name: DASH_FFT, resource_name: cpu1, ref_start_time: 2113452535024365, ref_stop_time: 2113452535053885, actual_exe_time: 29520, task_app_start_time:2113450783440423, task_sched_time:2113452535010955
app_id: 4, app_name: pulse_doppler_api-aarch64, task_id: 356, task_name: DASH_FFT, resource_name: cpu2, ref_start_time: 2113452539245876, ref_stop_time: 2113452539276296, actual_exe_time: 30420, task_app_start_time:2113450783440423, task_sched_time:2113452539241466
app_id: 4, app_name: pulse_doppler_api-aarch64, task_id: 357, task_name: DASH_FFT, resource_name: cpu3, ref_start_time: 2113452540560086, ref_stop_time: 2113452540588166, actual_exe_time: 28080, task_app_start_time:2113450783440423, task_sched_time:2113452540390796
app_id: 4, app_name: pulse_doppler_api-aarch64, task_id: 358, task_name: DASH_ZIP, resource_name: zip1, ref_start_time: 2113452547365587, ref_stop_time: 2113452547417997, actual_exe_time: 52410, task_app_start_time:2113450783440423, task_sched_time:2113452547358507
app_id: 4, app_name: pulse_doppler_api-aarch64, task_id: 359, task_name: DASH_FFT, resource_name: cpu1, ref_start_time: 2113452547980827, ref_stop_time: 2113452548009567, actual_exe_time: 28740, task_app_start_time:2113450783440423, task_sched_time:2113452547932317
app_id: 4, app_name: pulse_doppler_api-aarch64, task_id: 360, task_name: DASH_FFT, resource_name: cpu2, ref_start_time: 2113452553896678, ref_stop_time: 2113452553931058, actual_exe_time: 34380, task_app_start_time:2113450783440423, task_sched_time:2113452553886928
app_id: 4, app_name: pulse_doppler_api-aarch64, task_id: 361, task_name: DASH_FFT, resource_name: cpu3, ref_start_time: 2113452559031809, ref_stop_time: 2113452559071439, actual_exe_time: 39630, task_app_start_time:2113450783440423, task_sched_time:2113452559022299
app_id: 4, app_name: pulse_doppler_api-aarch64, task_id: 362, task_name: DASH_ZIP, resource_name: zip1, ref_start_time: 2113452559362289, ref_stop_time: 2113452559411369, actual_exe_time: 49080, task_app_start_time:2113450783440423, task_sched_time:2113452559355059
app_id: 4, app_name: pulse_doppler_api-aarch64, task_id: 363, task_name: DASH_FFT, resource_name: cpu1, ref_start_time: 2113452563356640, ref_stop_time: 2113452563386760, actual_exe_time: 30120, task_app_start_time:2113450783440423, task_sched_time:2113452563336540
app_id: 4, app_name: pulse_doppler_api-aarch64, task_id: 364, task_name: DASH_FFT, resource_name: cpu2, ref_start_time: 2113452568103150, ref_stop_time: 2113452568132880, actual_exe_time: 29730, task_app_start_time:2113450783440423, task_sched_time:2113452568096160
app_id: 4, app_name: pulse_doppler_api-aarch64, task_id: 365, task_name: DASH_FFT, resource_name: cpu3, ref_start_time: 2113452575015872, ref_stop_time: 2113452575053252, actual_exe_time: 37380, task_app_start_time:2113450783440423, task_sched_time:2113452575009392
app_id: 4, app_name: pulse_doppler_api-aarch64, task_id: 366, task_name: DASH_ZIP, resource_name: zip1, ref_start_time: 2113452575617762, ref_stop_time: 2113452575664892, actual_exe_time: 47130, task_app_start_time:2113450783440423, task_sched_time:2113452575615032
app_id: 4, app_name: pulse_doppler_api-aarch64, task_id: 367, task_name: DASH_FFT, resource_name: cpu1, ref_start_time: 2113452576248812, ref_stop_time: 2113452576274342, actual_exe_time: 25530, task_app_start_time:2113450783440423, task_sched_time:2113452576205162
app_id: 4, app_name: pulse_doppler_api-aarch64, task_id: 368, task_name: DASH_FFT, resource_name: cpu2, ref_start_time: 2113452582002483, ref_stop_time: 2113452582031913, actual_exe_time: 29430, task_app_start_time:2113450783440423, task_sched_time:2113452581989103
app_id: 4, app_name: pulse_doppler_api-aarch64, task_id: 369, task_name: DASH_FFT, resource_name: cpu3, ref_start_time: 2113452583360553, ref_stop_time: 2113452583392653, actual_exe_time: 32100, task_app_start_time:2113450783440423, task_sched_time:2113452583354313
app_id: 4, app_name: pulse_doppler_api-aarch64, task_id: 370, task_name: DASH_ZIP, resource_name: zip1, ref_start_time: 2113452587563224, ref_stop_time: 2113452587610324, actual_exe_time: 47100, task_app_start_time:2113450783440423, task_sched_time:2113452587558124
app_id: 4, app_name: pulse_doppler_api-aarch64, task_id: 371, task_name: DASH_FFT, resource_name: cpu1, ref_start_time: 2113452591223734, ref_stop_time: 2113452591474054, actual_exe_time: 250320, task_app_start_time:2113450783440423, task_sched_time:2113452591217584
app_id: 4, app_name: pulse_doppler_api-aarch64, task_id: 372, task_name: DASH_FFT, resource_name: cpu2, ref_start_time: 2113452596495305, ref_stop_time: 2113452596528395, actual_exe_time: 33090, task_app_start_time:2113450783440423, task_sched_time:2113452596486485
app_id: 4, app_name: pulse_doppler_api-aarch64, task_id: 373, task_name: DASH_FFT, resource_name: cpu3, ref_start_time: 2113452596775295, ref_stop_time: 2113452597104845, actual_exe_time: 329550, task_app_start_time:2113450783440423, task_sched_time:2113452596667055
app_id: 4, app_name: pulse_doppler_api-aarch64, task_id: 374, task_name: DASH_ZIP, resource_name: zip1, ref_start_time: 2113452597361735, ref_stop_time: 2113452597410905, actual_exe_time: 49170, task_app_start_time:2113450783440423, task_sched_time:2113452597354475
app_id: 4, app_name: pulse_doppler_api-aarch64, task_id: 375, task_name: DASH_FFT, resource_name: cpu1, ref_start_time: 2113452603398396, ref_stop_time: 2113452603428846, actual_exe_time: 30450, task_app_start_time:2113450783440423, task_sched_time:2113452603385616
app_id: 4, app_name: pulse_doppler_api-aarch64, task_id: 376, task_name: DASH_FFT, resource_name: cpu2, ref_start_time: 2113452607075857, ref_stop_time: 2113452607104927, actual_exe_time: 29070, task_app_start_time:2113450783440423, task_sched_time:2113452607067217
app_id: 4, app_name: pulse_doppler_api-aarch64, task_id: 377, task_name: DASH_FFT, resource_name: cpu3, ref_start_time: 2113452610557417, ref_stop_time: 2113452610587837, actual_exe_time: 30420, task_app_start_time:2113450783440423, task_sched_time:2113452610407027
app_id: 4, app_name: pulse_doppler_api-aarch64, task_id: 378, task_name: DASH_ZIP, resource_name: zip1, ref_start_time: 2113452611221617, ref_stop_time: 2113452611267547, actual_exe_time: 45930, task_app_start_time:2113450783440423, task_sched_time:2113452611211657
app_id: 4, app_name: pulse_doppler_api-aarch64, task_id: 379, task_name: DASH_FFT, resource_name: cpu1, ref_start_time: 2113452615070828, ref_stop_time: 2113452615101788, actual_exe_time: 30960, task_app_start_time:2113450783440423, task_sched_time:2113452615063178
app_id: 4, app_name: pulse_doppler_api-aarch64, task_id: 380, task_name: DASH_FFT, resource_name: cpu2, ref_start_time: 2113452622921079, ref_stop_time: 2113452622950119, actual_exe_time: 29040, task_app_start_time:2113450783440423, task_sched_time:2113452622914029
app_id: 4, app_name: pulse_doppler_api-aarch64, task_id: 381, task_name: DASH_FFT, resource_name: cpu3, ref_start_time: 2113452623257409, ref_stop_time: 2113452623283659, actual_exe_time: 26250, task_app_start_time:2113450783440423, task_sched_time:2113452623252219
app_id: 4, app_name: pulse_doppler_api-aarch64, task_id: 382, task_name: DASH_ZIP, resource_name: zip1, ref_start_time: 2113452624957060, ref_stop_time: 2113452625004010, actual_exe_time: 46950, task_app_start_time:2113450783440423, task_sched_time:2113452624934590
app_id: 4, app_name: pulse_doppler_api-aarch64, task_id: 383, task_name: DASH_FFT, resource_name: cpu1, ref_start_time: 2113452631528831, ref_stop_time: 2113452631562611, actual_exe_time: 33780, task_app_start_time:2113450783440423, task_sched_time:2113452631458961
app_id: 4, app_name: pulse_doppler_api-aarch64, task_id: 384, task_name: DASH_FFT, resource_name: cpu2, ref_start_time: 2113452632096701, ref_stop_time: 2113452632246101, actual_exe_time: 149400, task_app_start_time:2113450783440423, task_sched_time:2113452632092681
app_id: 4, app_name: pulse_doppler_api-aarch64, task_id: 385, task_name: DASH_FFT, resource_name: cpu3, ref_start_time: 2113452632648251, ref_stop_time: 2113452632673721, actual_exe_time: 25470, task_app_start_time:2113450783440423, task_sched_time:2113452632640841
app_id: 4, app_name: pulse_doppler_api-aarch64, task_id: 386, task_name: DASH_ZIP, resource_name: zip1, ref_start_time: 2113452633251431, ref_stop_time: 2113452633296881, actual_exe_time: 45450, task_app_start_time:2113450783440423, task_sched_time:2113452633247381
app_id: 4, app_name: pulse_doppler_api-aarch64, task_id: 387, task_name: DASH_FFT, resource_name: cpu1, ref_start_time: 2113452635003371, ref_stop_time: 2113452635028721, actual_exe_time: 25350, task_app_start_time:2113450783440423, task_sched_time:2113452633738871
app_id: 4, app_name: pulse_doppler_api-aarch64, task_id: 388, task_name: DASH_FFT, resource_name: cpu2, ref_start_time: 2113452637974392, ref_stop_time: 2113452638000552, actual_exe_time: 26160, task_app_start_time:2113450783440423, task_sched_time:2113452637965812
app_id: 4, app_name: pulse_doppler_api-aarch64, task_id: 389, task_name: DASH_FFT, resource_name: cpu3, ref_start_time: 2113452646916613, ref_stop_time: 2113452646953813, actual_exe_time: 37200, task_app_start_time:2113450783440423, task_sched_time:2113452642272432
app_id: 4, app_name: pulse_doppler_api-aarch64, task_id: 390, task_name: DASH_ZIP, resource_name: zip1, ref_start_time: 2113452647773683, ref_stop_time: 2113452647819643, actual_exe_time: 45960, task_app_start_time:2113450783440423, task_sched_time:2113452647768913
app_id: 4, app_name: pulse_doppler_api-aarch64, task_id: 391, task_name: DASH_FFT, resource_name: cpu1, ref_start_time: 2113452648333903, ref_stop_time: 2113452648358263, actual_exe_time: 24360, task_app_start_time:2113450783440423, task_sched_time:2113452648324483
app_id: 4, app_name: pulse_doppler_api-aarch64, task_id: 392, task_name: DASH_FFT, resource_name: cpu2, ref_start_time: 2113452652574374, ref_stop_time: 2113452652602184, actual_exe_time: 27810, task_app_start_time:2113450783440423, task_sched_time:2113452652570024
app_id: 4, app_name: pulse_doppler_api-aarch64, task_id: 393, task_name: DASH_FFT, resource_name: cpu3, ref_start_time: 2113452659010935, ref_stop_time: 2113452659048945, actual_exe_time: 38010, task_app_start_time:2113450783440423, task_sched_time:2113452659003255
app_id: 4, app_name: pulse_doppler_api-aarch64, task_id: 394, task_name: DASH_ZIP, resource_name: zip1, ref_start_time: 2113452659785505, ref_stop_time: 2113452659830775, actual_exe_time: 45270, task_app_start_time:2113450783440423, task_sched_time:2113452659781155
app_id: 4, app_name: pulse_doppler_api-aarch64, task_id: 395, task_name: DASH_FFT, resource_name: cpu1, ref_start_time: 2113452663243846, ref_stop_time: 2113452663270876, actual_exe_time: 27030, task_app_start_time:2113450783440423, task_sched_time:2113452663234456
app_id: 4, app_name: pulse_doppler_api-aarch64, task_id: 396, task_name: DASH_FFT, resource_name: cpu2, ref_start_time: 2113452666944136, ref_stop_time: 2113452666972696, actual_exe_time: 28560, task_app_start_time:2113450783440423, task_sched_time:2113452666940206
app_id: 4, app_name: pulse_doppler_api-aarch64, task_id: 397, task_name: DASH_FFT, resource_name: cpu3, ref_start_time: 2113452667754346, ref_stop_time: 2113452667781406, actual_exe_time: 27060, task_app_start_time:2113450783440423, task_sched_time:2113452667746036
app_id: 4, app_name: pulse_doppler_api-aarch64, task_id: 398, task_name: DASH_ZIP, resource_name: zip1, ref_start_time: 2113452670942627, ref_stop_time: 2113452670994977, actual_exe_time: 52350, task_app_start_time:2113450783440423, task_sched_time:2113452670922227
app_id: 4, app_name: pulse_doppler_api-aarch64, task_id: 399, task_name: DASH_FFT, resource_name: cpu1, ref_start_time: 2113452675093488, ref_stop_time: 2113452675124418, actual_exe_time: 30930, task_app_start_time:2113450783440423, task_sched_time:2113452675085118
app_id: 4, app_name: pulse_doppler_api-aarch64, task_id: 400, task_name: DASH_FFT, resource_name: cpu2, ref_start_time: 2113452675821078, ref_stop_time: 2113452675846338, actual_exe_time: 25260, task_app_start_time:2113450783440423, task_sched_time:2113452675817958
app_id: 4, app_name: pulse_doppler_api-aarch64, task_id: 401, task_name: DASH_FFT, resource_name: cpu3, ref_start_time: 2113452679658498, ref_stop_time: 2113452679686578, actual_exe_time: 28080, task_app_start_time:2113450783440423, task_sched_time:2113452679652258
app_id: 4, app_name: pulse_doppler_api-aarch64, task_id: 402, task_name: DASH_ZIP, resource_name: zip1, ref_start_time: 2113452682810449, ref_stop_time: 2113452682861239, actual_exe_time: 50790, task_app_start_time:2113450783440423, task_sched_time:2113452682805019
app_id: 4, app_name: pulse_doppler_api-aarch64, task_id: 403, task_name: DASH_FFT, resource_name: cpu1, ref_start_time: 2113452683290029, ref_stop_time: 2113452683315979, actual_exe_time: 25950, task_app_start_time:2113450783440423, task_sched_time:2113452683282139
app_id: 4, app_name: pulse_doppler_api-aarch64, task_id: 404, task_name: DASH_FFT, resource_name: cpu2, ref_start_time: 2113452690946060, ref_stop_time: 2113452690977620, actual_exe_time: 31560, task_app_start_time:2113450783440423, task_sched_time:2113452687593200
app_id: 4, app_name: pulse_doppler_api-aarch64, task_id: 405, task_name: DASH_FFT, resource_name: cpu3, ref_start_time: 2113452691670740, ref_stop_time: 2113452691696630, actual_exe_time: 25890, task_app_start_time:2113450783440423, task_sched_time:2113452691666420
app_id: 4, app_name: pulse_doppler_api-aarch64, task_id: 406, task_name: DASH_ZIP, resource_name: zip1, ref_start_time: 2113452692903410, ref_stop_time: 2113452692949160, actual_exe_time: 45750, task_app_start_time:2113450783440423, task_sched_time:2113452692898430
app_id: 4, app_name: pulse_doppler_api-aarch64, task_id: 407, task_name: DASH_FFT, resource_name: cpu1, ref_start_time: 2113452693853451, ref_stop_time: 2113452693876881, actual_exe_time: 23430, task_app_start_time:2113450783440423, task_sched_time:2113452693849611
app_id: 4, app_name: pulse_doppler_api-aarch64, task_id: 408, task_name: DASH_FFT, resource_name: cpu2, ref_start_time: 2113452694914431, ref_stop_time: 2113452694939031, actual_exe_time: 24600, task_app_start_time:2113450783440423, task_sched_time:2113452694900751
app_id: 4, app_name: pulse_doppler_api-aarch64, task_id: 409, task_name: DASH_FFT, resource_name: cpu3, ref_start_time: 2113452695705141, ref_stop_time: 2113452695731271, actual_exe_time: 26130, task_app_start_time:2113450783440423, task_sched_time:2113452695700401
app_id: 4, app_name: pulse_doppler_api-aarch64, task_id: 410, task_name: DASH_ZIP, resource_name: zip1, ref_start_time: 2113452696915551, ref_stop_time: 2113452696970361, actual_exe_time: 54810, task_app_start_time:2113450783440423, task_sched_time:2113452696908441
app_id: 4, app_name: pulse_doppler_api-aarch64, task_id: 411, task_name: DASH_FFT, resource_name: cpu1, ref_start_time: 2113452698259881, ref_stop_time: 2113452698284001, actual_exe_time: 24120, task_app_start_time:2113450783440423, task_sched_time:2113452698256161
app_id: 4, app_name: pulse_doppler_api-aarch64, task_id: 412, task_name: DASH_FFT, resource_name: cpu2, ref_start_time: 2113452699587562, ref_stop_time: 2113452699617052, actual_exe_time: 29490, task_app_start_time:2113450783440423, task_sched_time:2113452699582162
app_id: 4, app_name: pulse_doppler_api-aarch64, task_id: 413, task_name: DASH_FFT, resource_name: cpu3, ref_start_time: 2113452702449232, ref_stop_time: 2113452702481722, actual_exe_time: 32490, task_app_start_time:2113450783440423, task_sched_time:2113452700088952
app_id: 4, app_name: pulse_doppler_api-aarch64, task_id: 414, task_name: DASH_ZIP, resource_name: zip1, ref_start_time: 2113452703812912, ref_stop_time: 2113452703862652, actual_exe_time: 49740, task_app_start_time:2113450783440423, task_sched_time:2113452703807752
app_id: 4, app_name: pulse_doppler_api-aarch64, task_id: 415, task_name: DASH_FFT, resource_name: cpu1, ref_start_time: 2113452706923943, ref_stop_time: 2113452706955053, actual_exe_time: 31110, task_app_start_time:2113450783440423, task_sched_time:2113452704773962
app_id: 4, app_name: pulse_doppler_api-aarch64, task_id: 416, task_name: DASH_FFT, resource_name: cpu2, ref_start_time: 2113452707759503, ref_stop_time: 2113452707782153, actual_exe_time: 22650, task_app_start_time:2113450783440423, task_sched_time:2113452707752393
app_id: 4, app_name: pulse_doppler_api-aarch64, task_id: 417, task_name: DASH_FFT, resource_name: cpu3, ref_start_time: 2113452708173473, ref_stop_time: 2113452708198763, actual_exe_time: 25290, task_app_start_time:2113450783440423, task_sched_time:2113452708163573
app_id: 4, app_name: pulse_doppler_api-aarch64, task_id: 418, task_name: DASH_ZIP, resource_name: zip1, ref_start_time: 2113452708726043, ref_stop_time: 2113452708770233, actual_exe_time: 44190, task_app_start_time:2113450783440423, task_sched_time:2113452708719293
app_id: 4, app_name: pulse_doppler_api-aarch64, task_id: 419, task_name: DASH_FFT, resource_name: cpu1, ref_start_time: 2113452709206133, ref_stop_time: 2113452709229173, actual_exe_time: 23040, task_app_start_time:2113450783440423, task_sched_time:2113452709199983
app_id: 4, app_name: pulse_doppler_api-aarch64, task_id: 420, task_name: DASH_FFT, resource_name: cpu2, ref_start_time: 2113452709719073, ref_stop_time: 2113452709739623, actual_exe_time: 20550, task_app_start_time:2113450783440423, task_sched_time:2113452709713703
app_id: 4, app_name: pulse_doppler_api-aarch64, task_id: 421, task_name: DASH_FFT, resource_name: cpu3, ref_start_time: 2113452710228113, ref_stop_time: 2113452710252143, actual_exe_time: 24030, task_app_start_time:2113450783440423, task_sched_time:2113452710219143
app_id: 4, app_name: pulse_doppler_api-aarch64, task_id: 422, task_name: DASH_ZIP, resource_name: zip1, ref_start_time: 2113452711296473, ref_stop_time: 2113452711341893, actual_exe_time: 45420, task_app_start_time:2113450783440423, task_sched_time:2113452711290773
app_id: 4, app_name: pulse_doppler_api-aarch64, task_id: 423, task_name: DASH_FFT, resource_name: cpu1, ref_start_time: 2113452714199154, ref_stop_time: 2113452714226994, actual_exe_time: 27840, task_app_start_time:2113450783440423, task_sched_time:2113452712077824
app_id: 4, app_name: pulse_doppler_api-aarch64, task_id: 424, task_name: DASH_FFT, resource_name: cpu2, ref_start_time: 2113452715112624, ref_stop_time: 2113452715136144, actual_exe_time: 23520, task_app_start_time:2113450783440423, task_sched_time:2113452715108934
app_id: 4, app_name: pulse_doppler_api-aarch64, task_id: 425, task_name: DASH_FFT, resource_name: cpu3, ref_start_time: 2113452716174354, ref_stop_time: 2113452716201594, actual_exe_time: 27240, task_app_start_time:2113450783440423, task_sched_time:2113452716167754
app_id: 4, app_name: pulse_doppler_api-aarch64, task_id: 426, task_name: DASH_ZIP, resource_name: zip1, ref_start_time: 2113452720307545, ref_stop_time: 2113452720353655, actual_exe_time: 46110, task_app_start_time:2113450783440423, task_sched_time:2113452720301005
app_id: 4, app_name: pulse_doppler_api-aarch64, task_id: 427, task_name: DASH_FFT, resource_name: cpu1, ref_start_time: 2113452721285335, ref_stop_time: 2113452721311885, actual_exe_time: 26550, task_app_start_time:2113450783440423, task_sched_time:2113452721278195
app_id: 4, app_name: pulse_doppler_api-aarch64, task_id: 428, task_name: DASH_FFT, resource_name: cpu2, ref_start_time: 2113452723346155, ref_stop_time: 2113452723376485, actual_exe_time: 30330, task_app_start_time:2113450783440423, task_sched_time:2113452723341805
app_id: 4, app_name: pulse_doppler_api-aarch64, task_id: 429, task_name: DASH_FFT, resource_name: cpu3, ref_start_time: 2113452724042665, ref_stop_time: 2113452724067025, actual_exe_time: 24360, task_app_start_time:2113450783440423, task_sched_time:2113452724036785
app_id: 4, app_name: pulse_doppler_api-aarch64, task_id: 430, task_name: DASH_ZIP, resource_name: zip1, ref_start_time: 2113452727920946, ref_stop_time: 2113452727966996, actual_exe_time: 46050, task_app_start_time:2113450783440423, task_sched_time:2113452727913896
app_id: 4, app_name: pulse_doppler_api-aarch64, task_id: 431, task_name: DASH_FFT, resource_name: cpu1, ref_start_time: 2113452728845336, ref_stop_time: 2113452728871646, actual_exe_time: 26310, task_app_start_time:2113450783440423, task_sched_time:2113452728827216
app_id: 4, app_name: pulse_doppler_api-aarch64, task_id: 432, task_name: DASH_FFT, resource_name: cpu2, ref_start_time: 2113452731417777, ref_stop_time: 2113452731444507, actual_exe_time: 26730, task_app_start_time:2113450783440423, task_sched_time:2113452731409497
app_id: 4, app_name: pulse_doppler_api-aarch64, task_id: 433, task_name: DASH_FFT, resource_name: cpu3, ref_start_time: 2113452731848367, ref_stop_time: 2113452731869817, actual_exe_time: 21450, task_app_start_time:2113450783440423, task_sched_time:2113452731839847
app_id: 4, app_name: pulse_doppler_api-aarch64, task_id: 434, task_name: DASH_ZIP, resource_name: zip1, ref_start_time: 2113452738990378, ref_stop_time: 2113452739039818, actual_exe_time: 49440, task_app_start_time:2113450783440423, task_sched_time:2113452735100427
app_id: 4, app_name: pulse_doppler_api-aarch64, task_id: 435, task_name: DASH_FFT, resource_name: cpu1, ref_start_time: 2113452740167608, ref_stop_time: 2113452740196078, actual_exe_time: 28470, task_app_start_time:2113450783440423, task_sched_time:2113452740163498
app_id: 4, app_name: pulse_doppler_api-aarch64, task_id: 436, task_name: DASH_FFT, resource_name: cpu2, ref_start_time: 2113452741052488, ref_stop_time: 2113452741078288, actual_exe_time: 25800, task_app_start_time:2113450783440423, task_sched_time:2113452741047298
app_id: 4, app_name: pulse_doppler_api-aarch64, task_id: 437, task_name: DASH_FFT, resource_name: cpu3, ref_start_time: 2113452746905399, ref_stop_time: 2113452746935879, actual_exe_time: 30480, task_app_start_time:2113450783440423, task_sched_time:2113452741802578
app_id: 4, app_name: pulse_doppler_api-aarch64, task_id: 438, task_name: DASH_ZIP, resource_name: zip1, ref_start_time: 2113452747763009, ref_stop_time: 2113452747804409, actual_exe_time: 41400, task_app_start_time:2113450783440423, task_sched_time:2113452747759709
app_id: 4, app_name: pulse_doppler_api-aarch64, task_id: 439, task_name: DASH_FFT, resource_name: cpu1, ref_start_time: 2113452748858309, ref_stop_time: 2113452748881919, actual_exe_time: 23610, task_app_start_time:2113450783440423, task_sched_time:2113452748848919
app_id: 4, app_name: pulse_doppler_api-aarch64, task_id: 440, task_name: DASH_FFT, resource_name: cpu2, ref_start_time: 2113452749787110, ref_stop_time: 2113452749812460, actual_exe_time: 25350, task_app_start_time:2113450783440423, task_sched_time:2113452749780510
app_id: 4, app_name: pulse_doppler_api-aarch64, task_id: 441, task_name: DASH_FFT, resource_name: cpu3, ref_start_time: 2113452752458430, ref_stop_time: 2113452752484500, actual_exe_time: 26070, task_app_start_time:2113450783440423, task_sched_time:2113452750694190
app_id: 4, app_name: pulse_doppler_api-aarch64, task_id: 442, task_name: DASH_ZIP, resource_name: zip1, ref_start_time: 2113452753798770, ref_stop_time: 2113452753840140, actual_exe_time: 41370, task_app_start_time:2113450783440423, task_sched_time:2113452753795410
app_id: 4, app_name: pulse_doppler_api-aarch64, task_id: 443, task_name: DASH_FFT, resource_name: cpu1, ref_start_time: 2113452754665050, ref_stop_time: 2113452754690700, actual_exe_time: 25650, task_app_start_time:2113450783440423, task_sched_time:2113452754657520
app_id: 4, app_name: pulse_doppler_api-aarch64, task_id: 444, task_name: DASH_FFT, resource_name: cpu2, ref_start_time: 2113452755732631, ref_stop_time: 2113452755761251, actual_exe_time: 28620, task_app_start_time:2113450783440423, task_sched_time:2113452755724171
app_id: 4, app_name: pulse_doppler_api-aarch64, task_id: 445, task_name: DASH_FFT, resource_name: cpu3, ref_start_time: 2113452758911401, ref_stop_time: 2113452758944821, actual_exe_time: 33420, task_app_start_time:2113450783440423, task_sched_time:2113452756275721
app_id: 4, app_name: pulse_doppler_api-aarch64, task_id: 446, task_name: DASH_ZIP, resource_name: zip1, ref_start_time: 2113452759904101, ref_stop_time: 2113452759946941, actual_exe_time: 42840, task_app_start_time:2113450783440423, task_sched_time:2113452759898911
app_id: 4, app_name: pulse_doppler_api-aarch64, task_id: 447, task_name: DASH_FFT, resource_name: cpu1, ref_start_time: 2113452761045361, ref_stop_time: 2113452761069181, actual_exe_time: 23820, task_app_start_time:2113450783440423, task_sched_time:2113452761032941
app_id: 4, app_name: pulse_doppler_api-aarch64, task_id: 448, task_name: DASH_FFT, resource_name: cpu2, ref_start_time: 2113452761991172, ref_stop_time: 2113452762018772, actual_exe_time: 27600, task_app_start_time:2113450783440423, task_sched_time:2113452761986912
app_id: 4, app_name: pulse_doppler_api-aarch64, task_id: 449, task_name: DASH_FFT, resource_name: cpu3, ref_start_time: 2113452766917172, ref_stop_time: 2113452766946542, actual_exe_time: 29370, task_app_start_time:2113450783440423, task_sched_time:2113452762750232
app_id: 4, app_name: pulse_doppler_api-aarch64, task_id: 450, task_name: DASH_ZIP, resource_name: zip1, ref_start_time: 2113452768029063, ref_stop_time: 2113452768071453, actual_exe_time: 42390, task_app_start_time:2113450783440423, task_sched_time:2113452768024773
app_id: 4, app_name: pulse_doppler_api-aarch64, task_id: 451, task_name: DASH_FFT, resource_name: cpu1, ref_start_time: 2113452768993743, ref_stop_time: 2113452769016453, actual_exe_time: 22710, task_app_start_time:2113450783440423, task_sched_time:2113452768981503
app_id: 4, app_name: pulse_doppler_api-aarch64, task_id: 452, task_name: DASH_FFT, resource_name: cpu2, ref_start_time: 2113452769715633, ref_stop_time: 2113452769741133, actual_exe_time: 25500, task_app_start_time:2113450783440423, task_sched_time:2113452769706693
app_id: 4, app_name: pulse_doppler_api-aarch64, task_id: 453, task_name: DASH_FFT, resource_name: cpu3, ref_start_time: 2113452770512463, ref_stop_time: 2113452770537483, actual_exe_time: 25020, task_app_start_time:2113450783440423, task_sched_time:2113452770419493
app_id: 4, app_name: pulse_doppler_api-aarch64, task_id: 454, task_name: DASH_ZIP, resource_name: zip1, ref_start_time: 2113452771654113, ref_stop_time: 2113452771696533, actual_exe_time: 42420, task_app_start_time:2113450783440423, task_sched_time:2113452771647513
app_id: 4, app_name: pulse_doppler_api-aarch64, task_id: 455, task_name: DASH_FFT, resource_name: cpu1, ref_start_time: 2113452772420973, ref_stop_time: 2113452772444073, actual_exe_time: 23100, task_app_start_time:2113450783440423, task_sched_time:2113452772416323
app_id: 4, app_name: pulse_doppler_api-aarch64, task_id: 456, task_name: DASH_FFT, resource_name: cpu2, ref_start_time: 2113452773219783, ref_stop_time: 2113452773244653, actual_exe_time: 24870, task_app_start_time:2113450783440423, task_sched_time:2113452773214113
app_id: 4, app_name: pulse_doppler_api-aarch64, task_id: 457, task_name: DASH_FFT, resource_name: cpu3, ref_start_time: 2113452773766383, ref_stop_time: 2113452773787593, actual_exe_time: 21210, task_app_start_time:2113450783440423, task_sched_time:2113452773760893
app_id: 4, app_name: pulse_doppler_api-aarch64, task_id: 458, task_name: DASH_ZIP, resource_name: zip1, ref_start_time: 2113452774977694, ref_stop_time: 2113452775018134, actual_exe_time: 40440, task_app_start_time:2113450783440423, task_sched_time:2113452774915774
app_id: 4, app_name: pulse_doppler_api-aarch64, task_id: 459, task_name: DASH_FFT, resource_name: cpu1, ref_start_time: 2113452782951395, ref_stop_time: 2113452782989615, actual_exe_time: 38220, task_app_start_time:2113450783440423, task_sched_time:2113452779151984
app_id: 4, app_name: pulse_doppler_api-aarch64, task_id: 460, task_name: DASH_FFT, resource_name: cpu2, ref_start_time: 2113452783976045, ref_stop_time: 2113452784002055, actual_exe_time: 26010, task_app_start_time:2113450783440423, task_sched_time:2113452783971215
app_id: 4, app_name: pulse_doppler_api-aarch64, task_id: 461, task_name: DASH_FFT, resource_name: cpu3, ref_start_time: 2113452784531885, ref_stop_time: 2113452784554805, actual_exe_time: 22920, task_app_start_time:2113450783440423, task_sched_time:2113452784527265
app_id: 4, app_name: pulse_doppler_api-aarch64, task_id: 462, task_name: DASH_ZIP, resource_name: zip1, ref_start_time: 2113452785503645, ref_stop_time: 2113452785545435, actual_exe_time: 41790, task_app_start_time:2113450783440423, task_sched_time:2113452785499745
app_id: 4, app_name: pulse_doppler_api-aarch64, task_id: 463, task_name: DASH_FFT, resource_name: cpu1, ref_start_time: 2113452790512386, ref_stop_time: 2113452790543286, actual_exe_time: 30900, task_app_start_time:2113450783440423, task_sched_time:2113452786315716
app_id: 4, app_name: pulse_doppler_api-aarch64, task_id: 464, task_name: DASH_FFT, resource_name: cpu2, ref_start_time: 2113452791350736, ref_stop_time: 2113452791378486, actual_exe_time: 27750, task_app_start_time:2113450783440423, task_sched_time:2113452791344346
app_id: 4, app_name: pulse_doppler_api-aarch64, task_id: 465, task_name: DASH_FFT, resource_name: cpu3, ref_start_time: 2113452791913086, ref_stop_time: 2113452791935676, actual_exe_time: 22590, task_app_start_time:2113450783440423, task_sched_time:2113452791908736
app_id: 4, app_name: pulse_doppler_api-aarch64, task_id: 466, task_name: DASH_ZIP, resource_name: zip1, ref_start_time: 2113452796382967, ref_stop_time: 2113452796428987, actual_exe_time: 46020, task_app_start_time:2113450783440423, task_sched_time:2113452796373877
app_id: 4, app_name: pulse_doppler_api-aarch64, task_id: 467, task_name: DASH_FFT, resource_name: cpu1, ref_start_time: 2113452799711828, ref_stop_time: 2113452799739788, actual_exe_time: 27960, task_app_start_time:2113450783440423, task_sched_time:2113452799701628
app_id: 4, app_name: pulse_doppler_api-aarch64, task_id: 468, task_name: DASH_FFT, resource_name: cpu2, ref_start_time: 2113452802914718, ref_stop_time: 2113452802945588, actual_exe_time: 30870, task_app_start_time:2113450783440423, task_sched_time:2113452800978488
app_id: 4, app_name: pulse_doppler_api-aarch64, task_id: 469, task_name: DASH_FFT, resource_name: cpu3, ref_start_time: 2113452803535088, ref_stop_time: 2113452803556568, actual_exe_time: 21480, task_app_start_time:2113450783440423, task_sched_time:2113452803525968
app_id: 4, app_name: pulse_doppler_api-aarch64, task_id: 470, task_name: DASH_ZIP, resource_name: zip1, ref_start_time: 2113452804748858, ref_stop_time: 2113452804791788, actual_exe_time: 42930, task_app_start_time:2113450783440423, task_sched_time:2113452804746158
app_id: 4, app_name: pulse_doppler_api-aarch64, task_id: 471, task_name: DASH_FFT, resource_name: cpu1, ref_start_time: 2113452807653129, ref_stop_time: 2113452807678449, actual_exe_time: 25320, task_app_start_time:2113450783440423, task_sched_time:2113452807643409
app_id: 4, app_name: pulse_doppler_api-aarch64, task_id: 472, task_name: DASH_FFT, resource_name: cpu2, ref_start_time: 2113452808524959, ref_stop_time: 2113452808549979, actual_exe_time: 25020, task_app_start_time:2113450783440423, task_sched_time:2113452808514939
app_id: 4, app_name: pulse_doppler_api-aarch64, task_id: 473, task_name: DASH_FFT, resource_name: cpu3, ref_start_time: 2113452809062409, ref_stop_time: 2113452809083079, actual_exe_time: 20670, task_app_start_time:2113450783440423, task_sched_time:2113452809054909
app_id: 4, app_name: pulse_doppler_api-aarch64, task_id: 474, task_name: DASH_ZIP, resource_name: zip1, ref_start_time: 2113452811582200, ref_stop_time: 2113452811623870, actual_exe_time: 41670, task_app_start_time:2113450783440423, task_sched_time:2113452811575210
app_id: 4, app_name: pulse_doppler_api-aarch64, task_id: 475, task_name: DASH_FFT, resource_name: cpu1, ref_start_time: 2113452812560890, ref_stop_time: 2113452812588790, actual_exe_time: 27900, task_app_start_time:2113450783440423, task_sched_time:2113452812556840
app_id: 4, app_name: pulse_doppler_api-aarch64, task_id: 476, task_name: DASH_FFT, resource_name: cpu2, ref_start_time: 2113452813385410, ref_stop_time: 2113452813415110, actual_exe_time: 29700, task_app_start_time:2113450783440423, task_sched_time:2113452813375990
app_id: 4, app_name: pulse_doppler_api-aarch64, task_id: 477, task_name: DASH_FFT, resource_name: cpu3, ref_start_time: 2113452814935930, ref_stop_time: 2113452814964880, actual_exe_time: 28950, task_app_start_time:2113450783440423, task_sched_time:2113452814070190
app_id: 4, app_name: pulse_doppler_api-aarch64, task_id: 478, task_name: DASH_ZIP, resource_name: zip1, ref_start_time: 2113452815958720, ref_stop_time: 2113452816000390, actual_exe_time: 41670, task_app_start_time:2113450783440423, task_sched_time:2113452815954850
app_id: 4, app_name: pulse_doppler_api-aarch64, task_id: 479, task_name: DASH_FFT, resource_name: cpu1, ref_start_time: 2113452817037730, ref_stop_time: 2113452817062660, actual_exe_time: 24930, task_app_start_time:2113450783440423, task_sched_time:2113452817027830
app_id: 4, app_name: pulse_doppler_api-aarch64, task_id: 480, task_name: DASH_FFT, resource_name: cpu2, ref_start_time: 2113452818101861, ref_stop_time: 2113452818131621, actual_exe_time: 29760, task_app_start_time:2113450783440423, task_sched_time:2113452818096821
app_id: 4, app_name: pulse_doppler_api-aarch64, task_id: 481, task_name: DASH_FFT, resource_name: cpu3, ref_start_time: 2113452818904091, ref_stop_time: 2113452818930431, actual_exe_time: 26340, task_app_start_time:2113450783440423, task_sched_time:2113452818781511
app_id: 4, app_name: pulse_doppler_api-aarch64, task_id: 482, task_name: DASH_ZIP, resource_name: zip1, ref_start_time: 2113452819707551, ref_stop_time: 2113452819748981, actual_exe_time: 41430, task_app_start_time:2113450783440423, task_sched_time:2113452819700441
app_id: 4, app_name: pulse_doppler_api-aarch64, task_id: 483, task_name: DASH_FFT, resource_name: cpu1, ref_start_time: 2113452820446151, ref_stop_time: 2113452820470661, actual_exe_time: 24510, task_app_start_time:2113450783440423, task_sched_time:2113452820440601
app_id: 4, app_name: pulse_doppler_api-aarch64, task_id: 484, task_name: DASH_FFT, resource_name: cpu2, ref_start_time: 2113452821258431, ref_stop_time: 2113452821284171, actual_exe_time: 25740, task_app_start_time:2113450783440423, task_sched_time:2113452821250211
app_id: 4, app_name: pulse_doppler_api-aarch64, task_id: 485, task_name: DASH_FFT, resource_name: cpu3, ref_start_time: 2113452822910351, ref_stop_time: 2113452822936361, actual_exe_time: 26010, task_app_start_time:2113450783440423, task_sched_time:2113452822042901
app_id: 4, app_name: pulse_doppler_api-aarch64, task_id: 486, task_name: DASH_ZIP, resource_name: zip1, ref_start_time: 2113452824007062, ref_stop_time: 2113452824048432, actual_exe_time: 41370, task_app_start_time:2113450783440423, task_sched_time:2113452824000702
app_id: 4, app_name: pulse_doppler_api-aarch64, task_id: 487, task_name: DASH_FFT, resource_name: cpu1, ref_start_time: 2113452824993462, ref_stop_time: 2113452825017792, actual_exe_time: 24330, task_app_start_time:2113450783440423, task_sched_time:2113452824985542
app_id: 4, app_name: pulse_doppler_api-aarch64, task_id: 488, task_name: DASH_FFT, resource_name: cpu2, ref_start_time: 2113452825949352, ref_stop_time: 2113452825975332, actual_exe_time: 25980, task_app_start_time:2113450783440423, task_sched_time:2113452825945032
app_id: 4, app_name: pulse_doppler_api-aarch64, task_id: 489, task_name: DASH_FFT, resource_name: cpu3, ref_start_time: 2113452826903382, ref_stop_time: 2113452826927382, actual_exe_time: 24000, task_app_start_time:2113450783440423, task_sched_time:2113452826557752
app_id: 4, app_name: pulse_doppler_api-aarch64, task_id: 490, task_name: DASH_ZIP, resource_name: zip1, ref_start_time: 2113452828685892, ref_stop_time: 2113452828730382, actual_exe_time: 44490, task_app_start_time:2113450783440423, task_sched_time:2113452828305042
app_id: 4, app_name: pulse_doppler_api-aarch64, task_id: 491, task_name: DASH_FFT, resource_name: cpu1, ref_start_time: 2113452829726202, ref_stop_time: 2113452829751822, actual_exe_time: 25620, task_app_start_time:2113450783440423, task_sched_time:2113452829714832
app_id: 4, app_name: pulse_doppler_api-aarch64, task_id: 492, task_name: DASH_FFT, resource_name: cpu2, ref_start_time: 2113452833926143, ref_stop_time: 2113452833958573, actual_exe_time: 32430, task_app_start_time:2113450783440423, task_sched_time:2113452833919363
app_id: 4, app_name: pulse_doppler_api-aarch64, task_id: 493, task_name: DASH_FFT, resource_name: cpu3, ref_start_time: 2113452834707703, ref_stop_time: 2113452834732573, actual_exe_time: 24870, task_app_start_time:2113450783440423, task_sched_time:2113452834703263
app_id: 4, app_name: pulse_doppler_api-aarch64, task_id: 494, task_name: DASH_ZIP, resource_name: zip1, ref_start_time: 2113452835569783, ref_stop_time: 2113452835611393, actual_exe_time: 41610, task_app_start_time:2113450783440423, task_sched_time:2113452835563243
app_id: 4, app_name: pulse_doppler_api-aarch64, task_id: 495, task_name: DASH_FFT, resource_name: cpu1, ref_start_time: 2113452838905214, ref_stop_time: 2113452839010664, actual_exe_time: 105450, task_app_start_time:2113450783440423, task_sched_time:2113452836344114
app_id: 4, app_name: pulse_doppler_api-aarch64, task_id: 496, task_name: DASH_FFT, resource_name: cpu2, ref_start_time: 2113452839532214, ref_stop_time: 2113452839558104, actual_exe_time: 25890, task_app_start_time:2113450783440423, task_sched_time:2113452839523994
app_id: 4, app_name: pulse_doppler_api-aarch64, task_id: 497, task_name: DASH_FFT, resource_name: cpu3, ref_start_time: 2113452840507484, ref_stop_time: 2113452840529294, actual_exe_time: 21810, task_app_start_time:2113450783440423, task_sched_time:2113452840503134
app_id: 4, app_name: pulse_doppler_api-aarch64, task_id: 498, task_name: DASH_ZIP, resource_name: zip1, ref_start_time: 2113452841660564, ref_stop_time: 2113452841702264, actual_exe_time: 41700, task_app_start_time:2113450783440423, task_sched_time:2113452841652074
app_id: 4, app_name: pulse_doppler_api-aarch64, task_id: 499, task_name: DASH_FFT, resource_name: cpu1, ref_start_time: 2113452846387065, ref_stop_time: 2113452846417845, actual_exe_time: 30780, task_app_start_time:2113450783440423, task_sched_time:2113452842651825
app_id: 4, app_name: pulse_doppler_api-aarch64, task_id: 500, task_name: DASH_FFT, resource_name: cpu2, ref_start_time: 2113452847745945, ref_stop_time: 2113452847777295, actual_exe_time: 31350, task_app_start_time:2113450783440423, task_sched_time:2113452847742015
app_id: 4, app_name: pulse_doppler_api-aarch64, task_id: 501, task_name: DASH_FFT, resource_name: cpu3, ref_start_time: 2113452850907136, ref_stop_time: 2113452850939416, actual_exe_time: 32280, task_app_start_time:2113450783440423, task_sched_time:2113452848610516
app_id: 4, app_name: pulse_doppler_api-aarch64, task_id: 502, task_name: DASH_ZIP, resource_name: zip1, ref_start_time: 2113452852012546, ref_stop_time: 2113452852055566, actual_exe_time: 43020, task_app_start_time:2113450783440423, task_sched_time:2113452852002736
app_id: 4, app_name: pulse_doppler_api-aarch64, task_id: 503, task_name: DASH_FFT, resource_name: cpu1, ref_start_time: 2113452853008456, ref_stop_time: 2113452853033656, actual_exe_time: 25200, task_app_start_time:2113450783440423, task_sched_time:2113452853001256
app_id: 4, app_name: pulse_doppler_api-aarch64, task_id: 504, task_name: DASH_FFT, resource_name: cpu2, ref_start_time: 2113452853979706, ref_stop_time: 2113452854007156, actual_exe_time: 27450, task_app_start_time:2113450783440423, task_sched_time:2113452853974756
app_id: 4, app_name: pulse_doppler_api-aarch64, task_id: 505, task_name: DASH_FFT, resource_name: cpu3, ref_start_time: 2113452854968387, ref_stop_time: 2113452854994637, actual_exe_time: 26250, task_app_start_time:2113450783440423, task_sched_time:2113452854745367
app_id: 4, app_name: pulse_doppler_api-aarch64, task_id: 506, task_name: DASH_ZIP, resource_name: zip1, ref_start_time: 2113452855905827, ref_stop_time: 2113452855947737, actual_exe_time: 41910, task_app_start_time:2113450783440423, task_sched_time:2113452855898897
app_id: 4, app_name: pulse_doppler_api-aarch64, task_id: 507, task_name: DASH_FFT, resource_name: cpu1, ref_start_time: 2113452856715407, ref_stop_time: 2113452856739737, actual_exe_time: 24330, task_app_start_time:2113450783440423, task_sched_time:2113452856706347
app_id: 4, app_name: pulse_doppler_api-aarch64, task_id: 508, task_name: DASH_FFT, resource_name: cpu2, ref_start_time: 2113452857432407, ref_stop_time: 2113452857457637, actual_exe_time: 25230, task_app_start_time:2113450783440423, task_sched_time:2113452857429017
app_id: 4, app_name: pulse_doppler_api-aarch64, task_id: 509, task_name: DASH_FFT, resource_name: cpu3, ref_start_time: 2113452858913867, ref_stop_time: 2113452858938587, actual_exe_time: 24720, task_app_start_time:2113450783440423, task_sched_time:2113452858051637
app_id: 4, app_name: pulse_doppler_api-aarch64, task_id: 510, task_name: DASH_ZIP, resource_name: zip1, ref_start_time: 2113452859626337, ref_stop_time: 2113452859667137, actual_exe_time: 40800, task_app_start_time:2113450783440423, task_sched_time:2113452859621387
app_id: 4, app_name: pulse_doppler_api-aarch64, task_id: 511, task_name: DASH_FFT, resource_name: cpu1, ref_start_time: 2113452860420587, ref_stop_time: 2113452860443357, actual_exe_time: 22770, task_app_start_time:2113450783440423, task_sched_time:2113452860416207
