app_id: 0, app_name: pulse_doppler_api-aarch64, task_id: 0, task_name: DASH_FFT, resource_name: cpu1, ref_start_time: 2119997221341688, ref_stop_time: 2119997221562278, actual_exe_time: 220590, task_app_start_time:2119997209013966, task_sched_time:2119997221333768
app_id: 0, app_name: pulse_doppler_api-aarch64, task_id: 1, task_name: DASH_FFT, resource_name: cpu2, ref_start_time: 2119997226628439, ref_stop_time: 2119997226730679, actual_exe_time: 102240, task_app_start_time:2119997209013966, task_sched_time:2119997226620759
app_id: 0, app_name: pulse_doppler_api-aarch64, task_id: 2, task_name: DASH_ZIP, resource_name: cpu3, ref_start_time: 2119997234240700, ref_stop_time: 2119997234269440, actual_exe_time: 28740, task_app_start_time:2119997209013966, task_sched_time:2119997234231250
app_id: 0, app_name: pulse_doppler_api-aarch64, task_id: 3, task_name: DASH_FFT, resource_name: fft1, ref_start_time: 2119997235262440, ref_stop_time: 2119997235349620, actual_exe_time: 87180, task_app_start_time:2119997209013966, task_sched_time:2119997235258390
app_id: 0, app_name: pulse_doppler_api-aarch64, task_id: 4, task_name: DASH_FFT, resource_name: fft2, ref_start_time: 2119997239209721, ref_stop_time: 2119997239275031, actual_exe_time: 65310, task_app_start_time:2119997209013966, task_sched_time:2119997239201831
app_id: 0, app_name: pulse_doppler_api-aarch64, task_id: 5, task_name: DASH_FFT, resource_name: cpu1, ref_start_time: 2119997242665091, ref_stop_time: 2119997242694101, actual_exe_time: 29010, task_app_start_time:2119997209013966, task_sched_time:2119997242654021
app_id: 0, app_name: pulse_doppler_api-aarch64, task_id: 6, task_name: DASH_ZIP, resource_name: cpu2, ref_start_time: 2119997246519192, ref_stop_time: 2119997246545712, actual_exe_time: 26520, task_app_start_time:2119997209013966, task_sched_time:2119997246513792
app_id: 0, app_name: pulse_doppler_api-aarch64, task_id: 7, task_name: DASH_FFT, resource_name: cpu3, ref_start_time: 2119997248694012, ref_stop_time: 2119997248828712, actual_exe_time: 134700, task_app_start_time:2119997209013966, task_sched_time:2119997248669232
app_id: 0, app_name: pulse_doppler_api-aarch64, task_id: 8, task_name: DASH_FFT, resource_name: fft1, ref_start_time: 2119997258571394, ref_stop_time: 2119997258608174, actual_exe_time: 36780, task_app_start_time:2119997209013966, task_sched_time:2119997258566264
app_id: 0, app_name: pulse_doppler_api-aarch64, task_id: 9, task_name: DASH_FFT, resource_name: fft2, ref_start_time: 2119997261990974, ref_stop_time: 2119997262025084, actual_exe_time: 34110, task_app_start_time:2119997209013966, task_sched_time:2119997261837494
app_id: 0, app_name: pulse_doppler_api-aarch64, task_id: 10, task_name: DASH_ZIP, resource_name: zip1, ref_start_time: 2119997262510335, ref_stop_time: 2119997262946445, actual_exe_time: 436110, task_app_start_time:2119997209013966, task_sched_time:2119997262506795
app_id: 0, app_name: pulse_doppler_api-aarch64, task_id: 11, task_name: DASH_FFT, resource_name: cpu1, ref_start_time: 2119997270674836, ref_stop_time: 2119997270706036, actual_exe_time: 31200, task_app_start_time:2119997209013966, task_sched_time:2119997270664366
app_id: 0, app_name: pulse_doppler_api-aarch64, task_id: 12, task_name: DASH_FFT, resource_name: cpu2, ref_start_time: 2119997276184907, ref_stop_time: 2119997276217217, actual_exe_time: 32310, task_app_start_time:2119997209013966, task_sched_time:2119997276038837
app_id: 0, app_name: pulse_doppler_api-aarch64, task_id: 13, task_name: DASH_FFT, resource_name: cpu3, ref_start_time: 2119997278983547, ref_stop_time: 2119997279015497, actual_exe_time: 31950, task_app_start_time:2119997209013966, task_sched_time:2119997278973767
app_id: 0, app_name: pulse_doppler_api-aarch64, task_id: 14, task_name: DASH_ZIP, resource_name: zip1, ref_start_time: 2119997286497078, ref_stop_time: 2119997286543368, actual_exe_time: 46290, task_app_start_time:2119997209013966, task_sched_time:2119997286489398
app_id: 0, app_name: pulse_doppler_api-aarch64, task_id: 15, task_name: DASH_FFT, resource_name: cpu1, ref_start_time: 2119997287014218, ref_stop_time: 2119997287040198, actual_exe_time: 25980, task_app_start_time:2119997209013966, task_sched_time:2119997287002998
app_id: 0, app_name: pulse_doppler_api-aarch64, task_id: 16, task_name: DASH_FFT, resource_name: cpu2, ref_start_time: 2119997295042490, ref_stop_time: 2119997295081070, actual_exe_time: 38580, task_app_start_time:2119997209013966, task_sched_time:2119997295030970
app_id: 0, app_name: pulse_doppler_api-aarch64, task_id: 17, task_name: DASH_FFT, resource_name: cpu3, ref_start_time: 2119997298554380, ref_stop_time: 2119997298584200, actual_exe_time: 29820, task_app_start_time:2119997209013966, task_sched_time:2119997298548680
app_id: 0, app_name: pulse_doppler_api-aarch64, task_id: 18, task_name: DASH_ZIP, resource_name: zip1, ref_start_time: 2119997302898201, ref_stop_time: 2119997302942031, actual_exe_time: 43830, task_app_start_time:2119997209013966, task_sched_time:2119997302798991
app_id: 0, app_name: pulse_doppler_api-aarch64, task_id: 19, task_name: DASH_FFT, resource_name: cpu1, ref_start_time: 2119997304099491, ref_stop_time: 2119997304432731, actual_exe_time: 333240, task_app_start_time:2119997209013966, task_sched_time:2119997304090611
app_id: 0, app_name: pulse_doppler_api-aarch64, task_id: 20, task_name: DASH_FFT, resource_name: cpu2, ref_start_time: 2119997314581163, ref_stop_time: 2119997314618423, actual_exe_time: 37260, task_app_start_time:2119997209013966, task_sched_time:2119997314574593
app_id: 0, app_name: pulse_doppler_api-aarch64, task_id: 21, task_name: DASH_FFT, resource_name: cpu3, ref_start_time: 2119997317518283, ref_stop_time: 2119997317545493, actual_exe_time: 27210, task_app_start_time:2119997209013966, task_sched_time:2119997317382173
app_id: 0, app_name: pulse_doppler_api-aarch64, task_id: 22, task_name: DASH_ZIP, resource_name: zip1, ref_start_time: 2119997318281903, ref_stop_time: 2119997318325104, actual_exe_time: 43201, task_app_start_time:2119997209013966, task_sched_time:2119997318278093
app_id: 0, app_name: pulse_doppler_api-aarch64, task_id: 23, task_name: DASH_FFT, resource_name: cpu1, ref_start_time: 2119997323048814, ref_stop_time: 2119997323077704, actual_exe_time: 28890, task_app_start_time:2119997209013966, task_sched_time:2119997323034834
app_id: 0, app_name: pulse_doppler_api-aarch64, task_id: 24, task_name: DASH_FFT, resource_name: cpu2, ref_start_time: 2119997330554935, ref_stop_time: 2119997330590095, actual_exe_time: 35160, task_app_start_time:2119997209013966, task_sched_time:2119997330548335
app_id: 0, app_name: pulse_doppler_api-aarch64, task_id: 25, task_name: DASH_FFT, resource_name: cpu3, ref_start_time: 2119997334966676, ref_stop_time: 2119997334998356, actual_exe_time: 31680, task_app_start_time:2119997209013966, task_sched_time:2119997334775216
app_id: 0, app_name: pulse_doppler_api-aarch64, task_id: 26, task_name: DASH_ZIP, resource_name: zip1, ref_start_time: 2119997342987597, ref_stop_time: 2119997343034457, actual_exe_time: 46860, task_app_start_time:2119997209013966, task_sched_time:2119997342979077
app_id: 0, app_name: pulse_doppler_api-aarch64, task_id: 27, task_name: DASH_FFT, resource_name: cpu1, ref_start_time: 2119997345808948, ref_stop_time: 2119997345839878, actual_exe_time: 30930, task_app_start_time:2119997209013966, task_sched_time:2119997345804298
app_id: 0, app_name: pulse_doppler_api-aarch64, task_id: 28, task_name: DASH_FFT, resource_name: cpu2, ref_start_time: 2119997350904209, ref_stop_time: 2119997350940989, actual_exe_time: 36780, task_app_start_time:2119997209013966, task_sched_time:2119997350894039
app_id: 0, app_name: pulse_doppler_api-aarch64, task_id: 29, task_name: DASH_FFT, resource_name: cpu3, ref_start_time: 2119997354651449, ref_stop_time: 2119997354680699, actual_exe_time: 29250, task_app_start_time:2119997209013966, task_sched_time:2119997354551249
app_id: 0, app_name: pulse_doppler_api-aarch64, task_id: 30, task_name: DASH_ZIP, resource_name: zip1, ref_start_time: 2119997358856040, ref_stop_time: 2119997358899930, actual_exe_time: 43890, task_app_start_time:2119997209013966, task_sched_time:2119997358821540
app_id: 0, app_name: pulse_doppler_api-aarch64, task_id: 31, task_name: DASH_FFT, resource_name: cpu1, ref_start_time: 2119997360773160, ref_stop_time: 2119997360799830, actual_exe_time: 26670, task_app_start_time:2119997209013966, task_sched_time:2119997360768060
app_id: 0, app_name: pulse_doppler_api-aarch64, task_id: 32, task_name: DASH_FFT, resource_name: cpu2, ref_start_time: 2119997366823111, ref_stop_time: 2119997366855841, actual_exe_time: 32730, task_app_start_time:2119997209013966, task_sched_time:2119997366814501
app_id: 0, app_name: pulse_doppler_api-aarch64, task_id: 33, task_name: DASH_FFT, resource_name: cpu3, ref_start_time: 2119997367350091, ref_stop_time: 2119997367374361, actual_exe_time: 24270, task_app_start_time:2119997209013966, task_sched_time:2119997367288351
app_id: 0, app_name: pulse_doppler_api-aarch64, task_id: 34, task_name: DASH_ZIP, resource_name: zip1, ref_start_time: 2119997370651412, ref_stop_time: 2119997370695542, actual_exe_time: 44130, task_app_start_time:2119997209013966, task_sched_time:2119997370610972
app_id: 0, app_name: pulse_doppler_api-aarch64, task_id: 35, task_name: DASH_FFT, resource_name: cpu1, ref_start_time: 2119997375050793, ref_stop_time: 2119997375078723, actual_exe_time: 27930, task_app_start_time:2119997209013966, task_sched_time:2119997375046593
app_id: 0, app_name: pulse_doppler_api-aarch64, task_id: 36, task_name: DASH_FFT, resource_name: cpu2, ref_start_time: 2119997382669474, ref_stop_time: 2119997382708714, actual_exe_time: 39240, task_app_start_time:2119997209013966, task_sched_time:2119997382662064
app_id: 0, app_name: pulse_doppler_api-aarch64, task_id: 37, task_name: DASH_FFT, resource_name: cpu3, ref_start_time: 2119997386668865, ref_stop_time: 2119997386697305, actual_exe_time: 28440, task_app_start_time:2119997209013966, task_sched_time:2119997386521714
app_id: 0, app_name: pulse_doppler_api-aarch64, task_id: 38, task_name: DASH_ZIP, resource_name: zip1, ref_start_time: 2119997388872665, ref_stop_time: 2119997388916795, actual_exe_time: 44130, task_app_start_time:2119997209013966, task_sched_time:2119997388836125
app_id: 0, app_name: pulse_doppler_api-aarch64, task_id: 39, task_name: DASH_FFT, resource_name: cpu1, ref_start_time: 2119997394528566, ref_stop_time: 2119997394720086, actual_exe_time: 191520, task_app_start_time:2119997209013966, task_sched_time:2119997394513086
app_id: 0, app_name: pulse_doppler_api-aarch64, task_id: 40, task_name: DASH_FFT, resource_name: cpu2, ref_start_time: 2119997402804337, ref_stop_time: 2119997402837277, actual_exe_time: 32940, task_app_start_time:2119997209013966, task_sched_time:2119997402796207
app_id: 0, app_name: pulse_doppler_api-aarch64, task_id: 41, task_name: DASH_FFT, resource_name: cpu3, ref_start_time: 2119997403208347, ref_stop_time: 2119997403401757, actual_exe_time: 193410, task_app_start_time:2119997209013966, task_sched_time:2119997403199467
app_id: 0, app_name: pulse_doppler_api-aarch64, task_id: 42, task_name: DASH_ZIP, resource_name: zip1, ref_start_time: 2119997403996747, ref_stop_time: 2119997404041027, actual_exe_time: 44280, task_app_start_time:2119997209013966, task_sched_time:2119997403989367
app_id: 0, app_name: pulse_doppler_api-aarch64, task_id: 43, task_name: DASH_FFT, resource_name: cpu1, ref_start_time: 2119997411013238, ref_stop_time: 2119997411043148, actual_exe_time: 29910, task_app_start_time:2119997209013966, task_sched_time:2119997410999288
app_id: 0, app_name: pulse_doppler_api-aarch64, task_id: 44, task_name: DASH_FFT, resource_name: cpu2, ref_start_time: 2119997414547839, ref_stop_time: 2119997414577179, actual_exe_time: 29340, task_app_start_time:2119997209013966, task_sched_time:2119997414538299
app_id: 0, app_name: pulse_doppler_api-aarch64, task_id: 45, task_name: DASH_FFT, resource_name: cpu3, ref_start_time: 2119997417963670, ref_stop_time: 2119997418506190, actual_exe_time: 542520, task_app_start_time:2119997209013966, task_sched_time:2119997417957880
app_id: 0, app_name: pulse_doppler_api-aarch64, task_id: 46, task_name: DASH_ZIP, resource_name: zip1, ref_start_time: 2119997422942350, ref_stop_time: 2119997422990110, actual_exe_time: 47760, task_app_start_time:2119997209013966, task_sched_time:2119997422933050
app_id: 0, app_name: pulse_doppler_api-aarch64, task_id: 47, task_name: DASH_FFT, resource_name: cpu1, ref_start_time: 2119997430604442, ref_stop_time: 2119997430633872, actual_exe_time: 29430, task_app_start_time:2119997209013966, task_sched_time:2119997430594242
app_id: 0, app_name: pulse_doppler_api-aarch64, task_id: 48, task_name: DASH_FFT, resource_name: cpu2, ref_start_time: 2119997433119252, ref_stop_time: 2119997433156782, actual_exe_time: 37530, task_app_start_time:2119997209013966, task_sched_time:2119997432871932
app_id: 0, app_name: pulse_doppler_api-aarch64, task_id: 49, task_name: DASH_FFT, resource_name: cpu3, ref_start_time: 2119997442506373, ref_stop_time: 2119997442542943, actual_exe_time: 36570, task_app_start_time:2119997209013966, task_sched_time:2119997442491553
app_id: 0, app_name: pulse_doppler_api-aarch64, task_id: 50, task_name: DASH_ZIP, resource_name: zip1, ref_start_time: 2119997445957454, ref_stop_time: 2119997446002064, actual_exe_time: 44610, task_app_start_time:2119997209013966, task_sched_time:2119997445949024
app_id: 0, app_name: pulse_doppler_api-aarch64, task_id: 51, task_name: DASH_FFT, resource_name: cpu1, ref_start_time: 2119997451109145, ref_stop_time: 2119997451142295, actual_exe_time: 33150, task_app_start_time:2119997209013966, task_sched_time:2119997451097145
app_id: 0, app_name: pulse_doppler_api-aarch64, task_id: 52, task_name: DASH_FFT, resource_name: cpu2, ref_start_time: 2119997458627536, ref_stop_time: 2119997458661616, actual_exe_time: 34080, task_app_start_time:2119997209013966, task_sched_time:2119997458551576
app_id: 0, app_name: pulse_doppler_api-aarch64, task_id: 53, task_name: DASH_FFT, resource_name: cpu3, ref_start_time: 2119997460747306, ref_stop_time: 2119997460773706, actual_exe_time: 26400, task_app_start_time:2119997209013966, task_sched_time:2119997460743556
app_id: 0, app_name: pulse_doppler_api-aarch64, task_id: 54, task_name: DASH_ZIP, resource_name: zip1, ref_start_time: 2119997466678007, ref_stop_time: 2119997466735517, actual_exe_time: 57510, task_app_start_time:2119997209013966, task_sched_time:2119997466671407
app_id: 0, app_name: pulse_doppler_api-aarch64, task_id: 55, task_name: DASH_FFT, resource_name: cpu1, ref_start_time: 2119997470580228, ref_stop_time: 2119997470607168, actual_exe_time: 26940, task_app_start_time:2119997209013966, task_sched_time:2119997470573898
app_id: 0, app_name: pulse_doppler_api-aarch64, task_id: 56, task_name: DASH_FFT, resource_name: cpu2, ref_start_time: 2119997475584259, ref_stop_time: 2119997476225959, actual_exe_time: 641700, task_app_start_time:2119997209013966, task_sched_time:2119997475577029
app_id: 0, app_name: pulse_doppler_api-aarch64, task_id: 57, task_name: DASH_FFT, resource_name: cpu3, ref_start_time: 2119997482635520, ref_stop_time: 2119997482670890, actual_exe_time: 35370, task_app_start_time:2119997209013966, task_sched_time:2119997482620790
app_id: 0, app_name: pulse_doppler_api-aarch64, task_id: 58, task_name: DASH_ZIP, resource_name: zip1, ref_start_time: 2119997486624951, ref_stop_time: 2119997486669021, actual_exe_time: 44070, task_app_start_time:2119997209013966, task_sched_time:2119997486618681
app_id: 0, app_name: pulse_doppler_api-aarch64, task_id: 59, task_name: DASH_FFT, resource_name: cpu1, ref_start_time: 2119997489008961, ref_stop_time: 2119997489036801, actual_exe_time: 27840, task_app_start_time:2119997209013966, task_sched_time:2119997488998821
app_id: 0, app_name: pulse_doppler_api-aarch64, task_id: 60, task_name: DASH_FFT, resource_name: cpu2, ref_start_time: 2119997494907382, ref_stop_time: 2119997494943592, actual_exe_time: 36210, task_app_start_time:2119997209013966, task_sched_time:2119997494892142
app_id: 0, app_name: pulse_doppler_api-aarch64, task_id: 61, task_name: DASH_FFT, resource_name: cpu3, ref_start_time: 2119997498522323, ref_stop_time: 2119997498550643, actual_exe_time: 28320, task_app_start_time:2119997209013966, task_sched_time:2119997498515633
app_id: 0, app_name: pulse_doppler_api-aarch64, task_id: 62, task_name: DASH_ZIP, resource_name: zip1, ref_start_time: 2119997502662383, ref_stop_time: 2119997502706753, actual_exe_time: 44370, task_app_start_time:2119997209013966, task_sched_time:2119997502644923
app_id: 0, app_name: pulse_doppler_api-aarch64, task_id: 63, task_name: DASH_FFT, resource_name: cpu1, ref_start_time: 2119997503436473, ref_stop_time: 2119997503462123, actual_exe_time: 25650, task_app_start_time:2119997209013966, task_sched_time:2119997503429243
app_id: 0, app_name: pulse_doppler_api-aarch64, task_id: 64, task_name: DASH_FFT, resource_name: cpu2, ref_start_time: 2119997507316524, ref_stop_time: 2119997507348684, actual_exe_time: 32160, task_app_start_time:2119997209013966, task_sched_time:2119997507306504
app_id: 0, app_name: pulse_doppler_api-aarch64, task_id: 65, task_name: DASH_FFT, resource_name: cpu3, ref_start_time: 2119997514536535, ref_stop_time: 2119997514565305, actual_exe_time: 28770, task_app_start_time:2119997209013966, task_sched_time:2119997514528585
app_id: 0, app_name: pulse_doppler_api-aarch64, task_id: 66, task_name: DASH_ZIP, resource_name: zip1, ref_start_time: 2119997517361996, ref_stop_time: 2119997517406216, actual_exe_time: 44220, task_app_start_time:2119997209013966, task_sched_time:2119997517357406
app_id: 0, app_name: pulse_doppler_api-aarch64, task_id: 67, task_name: DASH_FFT, resource_name: cpu1, ref_start_time: 2119997522840896, ref_stop_time: 2119997522871856, actual_exe_time: 30960, task_app_start_time:2119997209013966, task_sched_time:2119997522829556
app_id: 0, app_name: pulse_doppler_api-aarch64, task_id: 68, task_name: DASH_FFT, resource_name: cpu2, ref_start_time: 2119997530978488, ref_stop_time: 2119997531012778, actual_exe_time: 34290, task_app_start_time:2119997209013966, task_sched_time:2119997530909038
app_id: 0, app_name: pulse_doppler_api-aarch64, task_id: 69, task_name: DASH_FFT, resource_name: cpu3, ref_start_time: 2119997531731848, ref_stop_time: 2119997531756598, actual_exe_time: 24750, task_app_start_time:2119997209013966, task_sched_time:2119997531724648
app_id: 0, app_name: pulse_doppler_api-aarch64, task_id: 70, task_name: DASH_ZIP, resource_name: zip1, ref_start_time: 2119997534681748, ref_stop_time: 2119997534728998, actual_exe_time: 47250, task_app_start_time:2119997209013966, task_sched_time:2119997534674368
app_id: 0, app_name: pulse_doppler_api-aarch64, task_id: 71, task_name: DASH_FFT, resource_name: cpu1, ref_start_time: 2119997542488860, ref_stop_time: 2119997542519160, actual_exe_time: 30300, task_app_start_time:2119997209013966, task_sched_time:2119997542481330
app_id: 0, app_name: pulse_doppler_api-aarch64, task_id: 72, task_name: DASH_FFT, resource_name: cpu2, ref_start_time: 2119997546470910, ref_stop_time: 2119997546501900, actual_exe_time: 30990, task_app_start_time:2119997209013966, task_sched_time:2119997546433050
app_id: 0, app_name: pulse_doppler_api-aarch64, task_id: 73, task_name: DASH_FFT, resource_name: cpu3, ref_start_time: 2119997550373161, ref_stop_time: 2119997550405741, actual_exe_time: 32580, task_app_start_time:2119997209013966, task_sched_time:2119997550301221
app_id: 0, app_name: pulse_doppler_api-aarch64, task_id: 74, task_name: DASH_ZIP, resource_name: zip1, ref_start_time: 2119997554485712, ref_stop_time: 2119997554534402, actual_exe_time: 48690, task_app_start_time:2119997209013966, task_sched_time:2119997551247091
app_id: 0, app_name: pulse_doppler_api-aarch64, task_id: 75, task_name: DASH_FFT, resource_name: cpu1, ref_start_time: 2119997558599492, ref_stop_time: 2119997558626162, actual_exe_time: 26670, task_app_start_time:2119997209013966, task_sched_time:2119997558590432
app_id: 0, app_name: pulse_doppler_api-aarch64, task_id: 76, task_name: DASH_FFT, resource_name: cpu2, ref_start_time: 2119997561072693, ref_stop_time: 2119997561101823, actual_exe_time: 29130, task_app_start_time:2119997209013966, task_sched_time:2119997561063273
app_id: 0, app_name: pulse_doppler_api-aarch64, task_id: 77, task_name: DASH_FFT, resource_name: cpu3, ref_start_time: 2119997562758693, ref_stop_time: 2119997562786413, actual_exe_time: 27720, task_app_start_time:2119997209013966, task_sched_time:2119997562753743
app_id: 0, app_name: pulse_doppler_api-aarch64, task_id: 78, task_name: DASH_ZIP, resource_name: zip1, ref_start_time: 2119997566491083, ref_stop_time: 2119997566537673, actual_exe_time: 46590, task_app_start_time:2119997209013966, task_sched_time:2119997566168643
app_id: 0, app_name: pulse_doppler_api-aarch64, task_id: 79, task_name: DASH_FFT, resource_name: cpu1, ref_start_time: 2119997567137734, ref_stop_time: 2119997567162694, actual_exe_time: 24960, task_app_start_time:2119997209013966, task_sched_time:2119997567126544
app_id: 0, app_name: pulse_doppler_api-aarch64, task_id: 80, task_name: DASH_FFT, resource_name: cpu2, ref_start_time: 2119997568335244, ref_stop_time: 2119997568363294, actual_exe_time: 28050, task_app_start_time:2119997209013966, task_sched_time:2119997568323214
app_id: 0, app_name: pulse_doppler_api-aarch64, task_id: 81, task_name: DASH_FFT, resource_name: cpu3, ref_start_time: 2119997570622594, ref_stop_time: 2119997570649114, actual_exe_time: 26520, task_app_start_time:2119997209013966, task_sched_time:2119997568856854
app_id: 0, app_name: pulse_doppler_api-aarch64, task_id: 82, task_name: DASH_ZIP, resource_name: zip1, ref_start_time: 2119997574848995, ref_stop_time: 2119997574892405, actual_exe_time: 43410, task_app_start_time:2119997209013966, task_sched_time:2119997574836935
app_id: 0, app_name: pulse_doppler_api-aarch64, task_id: 83, task_name: DASH_FFT, resource_name: cpu1, ref_start_time: 2119997575484785, ref_stop_time: 2119997575508335, actual_exe_time: 23550, task_app_start_time:2119997209013966, task_sched_time:2119997575475995
app_id: 0, app_name: pulse_doppler_api-aarch64, task_id: 84, task_name: DASH_FFT, resource_name: cpu2, ref_start_time: 2119997576891875, ref_stop_time: 2119997576919685, actual_exe_time: 27810, task_app_start_time:2119997209013966, task_sched_time:2119997576881645
app_id: 0, app_name: pulse_doppler_api-aarch64, task_id: 85, task_name: DASH_FFT, resource_name: cpu3, ref_start_time: 2119997582272706, ref_stop_time: 2119997582305376, actual_exe_time: 32670, task_app_start_time:2119997209013966, task_sched_time:2119997582264666
app_id: 0, app_name: pulse_doppler_api-aarch64, task_id: 86, task_name: DASH_ZIP, resource_name: zip1, ref_start_time: 2119997583037706, ref_stop_time: 2119997583079676, actual_exe_time: 41970, task_app_start_time:2119997209013966, task_sched_time:2119997583030506
app_id: 0, app_name: pulse_doppler_api-aarch64, task_id: 87, task_name: DASH_FFT, resource_name: cpu1, ref_start_time: 2119997587056987, ref_stop_time: 2119997587085787, actual_exe_time: 28800, task_app_start_time:2119997209013966, task_sched_time:2119997587051947
app_id: 0, app_name: pulse_doppler_api-aarch64, task_id: 88, task_name: DASH_FFT, resource_name: cpu2, ref_start_time: 2119997590638447, ref_stop_time: 2119997590665567, actual_exe_time: 27120, task_app_start_time:2119997209013966, task_sched_time:2119997590632297
app_id: 0, app_name: pulse_doppler_api-aarch64, task_id: 89, task_name: DASH_FFT, resource_name: cpu3, ref_start_time: 2119997592600688, ref_stop_time: 2119997592623158, actual_exe_time: 22470, task_app_start_time:2119997209013966, task_sched_time:2119997592595198
app_id: 0, app_name: pulse_doppler_api-aarch64, task_id: 90, task_name: DASH_ZIP, resource_name: zip1, ref_start_time: 2119997594020348, ref_stop_time: 2119997594063488, actual_exe_time: 43140, task_app_start_time:2119997209013966, task_sched_time:2119997594014078
app_id: 0, app_name: pulse_doppler_api-aarch64, task_id: 91, task_name: DASH_FFT, resource_name: cpu1, ref_start_time: 2119997602501019, ref_stop_time: 2119997602535999, actual_exe_time: 34980, task_app_start_time:2119997209013966, task_sched_time:2119997598053219
app_id: 0, app_name: pulse_doppler_api-aarch64, task_id: 92, task_name: DASH_FFT, resource_name: cpu2, ref_start_time: 2119997606615880, ref_stop_time: 2119997606644440, actual_exe_time: 28560, task_app_start_time:2119997209013966, task_sched_time:2119997606546370
app_id: 0, app_name: pulse_doppler_api-aarch64, task_id: 93, task_name: DASH_FFT, resource_name: cpu3, ref_start_time: 2119997607212100, ref_stop_time: 2119997607234510, actual_exe_time: 22410, task_app_start_time:2119997209013966, task_sched_time:2119997607208500
app_id: 0, app_name: pulse_doppler_api-aarch64, task_id: 94, task_name: DASH_ZIP, resource_name: zip1, ref_start_time: 2119997609205570, ref_stop_time: 2119997609248260, actual_exe_time: 42690, task_app_start_time:2119997209013966, task_sched_time:2119997609199270
app_id: 0, app_name: pulse_doppler_api-aarch64, task_id: 95, task_name: DASH_FFT, resource_name: cpu1, ref_start_time: 2119997609904480, ref_stop_time: 2119997610050130, actual_exe_time: 145650, task_app_start_time:2119997209013966, task_sched_time:2119997609890710
app_id: 0, app_name: pulse_doppler_api-aarch64, task_id: 96, task_name: DASH_FFT, resource_name: cpu2, ref_start_time: 2119997615122891, ref_stop_time: 2119997615154931, actual_exe_time: 32040, task_app_start_time:2119997209013966, task_sched_time:2119997615078611
app_id: 0, app_name: pulse_doppler_api-aarch64, task_id: 97, task_name: DASH_FFT, resource_name: cpu3, ref_start_time: 2119997615363041, ref_stop_time: 2119997615385991, actual_exe_time: 22950, task_app_start_time:2119997209013966, task_sched_time:2119997615355571
app_id: 0, app_name: pulse_doppler_api-aarch64, task_id: 98, task_name: DASH_ZIP, resource_name: zip1, ref_start_time: 2119997618687132, ref_stop_time: 2119997618731262, actual_exe_time: 44130, task_app_start_time:2119997209013966, task_sched_time:2119997618682512
app_id: 0, app_name: pulse_doppler_api-aarch64, task_id: 99, task_name: DASH_FFT, resource_name: cpu1, ref_start_time: 2119997619287102, ref_stop_time: 2119997619310742, actual_exe_time: 23640, task_app_start_time:2119997209013966, task_sched_time:2119997619283892
app_id: 0, app_name: pulse_doppler_api-aarch64, task_id: 100, task_name: DASH_FFT, resource_name: cpu2, ref_start_time: 2119997623505043, ref_stop_time: 2119997623531653, actual_exe_time: 26610, task_app_start_time:2119997209013966, task_sched_time:2119997623498203
app_id: 0, app_name: pulse_doppler_api-aarch64, task_id: 101, task_name: DASH_FFT, resource_name: cpu3, ref_start_time: 2119997626230753, ref_stop_time: 2119997626253313, actual_exe_time: 22560, task_app_start_time:2119997209013966, task_sched_time:2119997626227783
app_id: 0, app_name: pulse_doppler_api-aarch64, task_id: 102, task_name: DASH_ZIP, resource_name: zip1, ref_start_time: 2119997627636313, ref_stop_time: 2119997627678853, actual_exe_time: 42540, task_app_start_time:2119997209013966, task_sched_time:2119997627629803
app_id: 0, app_name: pulse_doppler_api-aarch64, task_id: 103, task_name: DASH_FFT, resource_name: cpu1, ref_start_time: 2119997631223024, ref_stop_time: 2119997631253024, actual_exe_time: 30000, task_app_start_time:2119997209013966, task_sched_time:2119997631216274
app_id: 0, app_name: pulse_doppler_api-aarch64, task_id: 104, task_name: DASH_FFT, resource_name: cpu2, ref_start_time: 2119997632990414, ref_stop_time: 2119997633019544, actual_exe_time: 29130, task_app_start_time:2119997209013966, task_sched_time:2119997632984714
app_id: 0, app_name: pulse_doppler_api-aarch64, task_id: 105, task_name: DASH_FFT, resource_name: cpu3, ref_start_time: 2119997635113124, ref_stop_time: 2119997635142644, actual_exe_time: 29520, task_app_start_time:2119997209013966, task_sched_time:2119997635080154
app_id: 0, app_name: pulse_doppler_api-aarch64, task_id: 106, task_name: DASH_ZIP, resource_name: zip1, ref_start_time: 2119997635860485, ref_stop_time: 2119997635905275, actual_exe_time: 44790, task_app_start_time:2119997209013966, task_sched_time:2119997635632935
app_id: 0, app_name: pulse_doppler_api-aarch64, task_id: 107, task_name: DASH_FFT, resource_name: cpu1, ref_start_time: 2119997636463605, ref_stop_time: 2119997636486735, actual_exe_time: 23130, task_app_start_time:2119997209013966, task_sched_time:2119997636452295
app_id: 0, app_name: pulse_doppler_api-aarch64, task_id: 108, task_name: DASH_FFT, resource_name: cpu2, ref_start_time: 2119997642494986, ref_stop_time: 2119997642525286, actual_exe_time: 30300, task_app_start_time:2119997209013966, task_sched_time:2119997637002705
app_id: 0, app_name: pulse_doppler_api-aarch64, task_id: 109, task_name: DASH_FFT, resource_name: cpu3, ref_start_time: 2119997643858786, ref_stop_time: 2119997643885126, actual_exe_time: 26340, task_app_start_time:2119997209013966, task_sched_time:2119997643854496
app_id: 0, app_name: pulse_doppler_api-aarch64, task_id: 110, task_name: DASH_ZIP, resource_name: zip1, ref_start_time: 2119997644537656, ref_stop_time: 2119997644583916, actual_exe_time: 46260, task_app_start_time:2119997209013966, task_sched_time:2119997644492476
app_id: 0, app_name: pulse_doppler_api-aarch64, task_id: 111, task_name: DASH_FFT, resource_name: cpu1, ref_start_time: 2119997645516946, ref_stop_time: 2119997645542236, actual_exe_time: 25290, task_app_start_time:2119997209013966, task_sched_time:2119997645509806
app_id: 0, app_name: pulse_doppler_api-aarch64, task_id: 112, task_name: DASH_FFT, resource_name: cpu2, ref_start_time: 2119997648462137, ref_stop_time: 2119997648494687, actual_exe_time: 32550, task_app_start_time:2119997209013966, task_sched_time:2119997646760086
app_id: 0, app_name: pulse_doppler_api-aarch64, task_id: 113, task_name: DASH_FFT, resource_name: cpu3, ref_start_time: 2119997654627468, ref_stop_time: 2119997654657768, actual_exe_time: 30300, task_app_start_time:2119997209013966, task_sched_time:2119997654619128
app_id: 0, app_name: pulse_doppler_api-aarch64, task_id: 114, task_name: DASH_ZIP, resource_name: zip1, ref_start_time: 2119997657988728, ref_stop_time: 2119997658033998, actual_exe_time: 45270, task_app_start_time:2119997209013966, task_sched_time:2119997657946848
app_id: 0, app_name: pulse_doppler_api-aarch64, task_id: 115, task_name: DASH_FFT, resource_name: cpu1, ref_start_time: 2119997659271228, ref_stop_time: 2119997659296848, actual_exe_time: 25620, task_app_start_time:2119997209013966, task_sched_time:2119997659260668
app_id: 0, app_name: pulse_doppler_api-aarch64, task_id: 116, task_name: DASH_FFT, resource_name: cpu2, ref_start_time: 2119997662831839, ref_stop_time: 2119997662861209, actual_exe_time: 29370, task_app_start_time:2119997209013966, task_sched_time:2119997662825269
app_id: 0, app_name: pulse_doppler_api-aarch64, task_id: 117, task_name: DASH_FFT, resource_name: cpu3, ref_start_time: 2119997664514689, ref_stop_time: 2119997664545109, actual_exe_time: 30420, task_app_start_time:2119997209013966, task_sched_time:2119997664510219
app_id: 0, app_name: pulse_doppler_api-aarch64, task_id: 118, task_name: DASH_ZIP, resource_name: zip1, ref_start_time: 2119997671205080, ref_stop_time: 2119997671253560, actual_exe_time: 48480, task_app_start_time:2119997209013966, task_sched_time:2119997671089850
app_id: 0, app_name: pulse_doppler_api-aarch64, task_id: 119, task_name: DASH_FFT, resource_name: cpu1, ref_start_time: 2119997672123290, ref_stop_time: 2119997672149420, actual_exe_time: 26130, task_app_start_time:2119997209013966, task_sched_time:2119997672116450
app_id: 0, app_name: pulse_doppler_api-aarch64, task_id: 120, task_name: DASH_FFT, resource_name: cpu2, ref_start_time: 2119997673437831, ref_stop_time: 2119997673461291, actual_exe_time: 23460, task_app_start_time:2119997209013966, task_sched_time:2119997673429221
app_id: 0, app_name: pulse_doppler_api-aarch64, task_id: 121, task_name: DASH_FFT, resource_name: cpu3, ref_start_time: 2119997676514961, ref_stop_time: 2119997676544091, actual_exe_time: 29130, task_app_start_time:2119997209013966, task_sched_time:2119997676482111
app_id: 0, app_name: pulse_doppler_api-aarch64, task_id: 122, task_name: DASH_ZIP, resource_name: zip1, ref_start_time: 2119997677107701, ref_stop_time: 2119997677154261, actual_exe_time: 46560, task_app_start_time:2119997209013966, task_sched_time:2119997677103261
app_id: 0, app_name: pulse_doppler_api-aarch64, task_id: 123, task_name: DASH_FFT, resource_name: cpu1, ref_start_time: 2119997677784471, ref_stop_time: 2119997677809731, actual_exe_time: 25260, task_app_start_time:2119997209013966, task_sched_time:2119997677774301
app_id: 0, app_name: pulse_doppler_api-aarch64, task_id: 124, task_name: DASH_FFT, resource_name: cpu2, ref_start_time: 2119997679783912, ref_stop_time: 2119997679812802, actual_exe_time: 28890, task_app_start_time:2119997209013966, task_sched_time:2119997678953632
app_id: 0, app_name: pulse_doppler_api-aarch64, task_id: 125, task_name: DASH_FFT, resource_name: cpu3, ref_start_time: 2119997682847032, ref_stop_time: 2119997682880362, actual_exe_time: 33330, task_app_start_time:2119997209013966, task_sched_time:2119997682827862
app_id: 0, app_name: pulse_doppler_api-aarch64, task_id: 126, task_name: DASH_ZIP, resource_name: zip1, ref_start_time: 2119997686696483, ref_stop_time: 2119997686743883, actual_exe_time: 47400, task_app_start_time:2119997209013966, task_sched_time:2119997686691503
app_id: 0, app_name: pulse_doppler_api-aarch64, task_id: 127, task_name: DASH_FFT, resource_name: cpu1, ref_start_time: 2119997687583103, ref_stop_time: 2119997687606893, actual_exe_time: 23790, task_app_start_time:2119997209013966, task_sched_time:2119997687570113
app_id: 0, app_name: pulse_doppler_api-aarch64, task_id: 128, task_name: DASH_FFT, resource_name: cpu2, ref_start_time: 2119997690486533, ref_stop_time: 2119997690511373, actual_exe_time: 24840, task_app_start_time:2119997209013966, task_sched_time:2119997690482573
app_id: 0, app_name: pulse_doppler_api-aarch64, task_id: 129, task_name: DASH_FFT, resource_name: cpu3, ref_start_time: 2119997692177724, ref_stop_time: 2119997692204724, actual_exe_time: 27000, task_app_start_time:2119997209013966, task_sched_time:2119997692173824
app_id: 0, app_name: pulse_doppler_api-aarch64, task_id: 130, task_name: DASH_ZIP, resource_name: zip1, ref_start_time: 2119997692852214, ref_stop_time: 2119997692897304, actual_exe_time: 45090, task_app_start_time:2119997209013966, task_sched_time:2119997692832564
app_id: 0, app_name: pulse_doppler_api-aarch64, task_id: 131, task_name: DASH_FFT, resource_name: cpu1, ref_start_time: 2119997693401244, ref_stop_time: 2119997693423684, actual_exe_time: 22440, task_app_start_time:2119997209013966, task_sched_time:2119997693396624
app_id: 0, app_name: pulse_doppler_api-aarch64, task_id: 132, task_name: DASH_FFT, resource_name: cpu2, ref_start_time: 2119997696944184, ref_stop_time: 2119997696977004, actual_exe_time: 32820, task_app_start_time:2119997209013966, task_sched_time:2119997694046604
app_id: 0, app_name: pulse_doppler_api-aarch64, task_id: 133, task_name: DASH_FFT, resource_name: cpu3, ref_start_time: 2119997703053055, ref_stop_time: 2119997703084735, actual_exe_time: 31680, task_app_start_time:2119997209013966, task_sched_time:2119997703044085
app_id: 0, app_name: pulse_doppler_api-aarch64, task_id: 134, task_name: DASH_ZIP, resource_name: zip1, ref_start_time: 2119997706728656, ref_stop_time: 2119997706774586, actual_exe_time: 45930, task_app_start_time:2119997209013966, task_sched_time:2119997706703486
app_id: 0, app_name: pulse_doppler_api-aarch64, task_id: 135, task_name: DASH_FFT, resource_name: cpu1, ref_start_time: 2119997708389216, ref_stop_time: 2119997708415166, actual_exe_time: 25950, task_app_start_time:2119997209013966, task_sched_time:2119997708385316
app_id: 0, app_name: pulse_doppler_api-aarch64, task_id: 136, task_name: DASH_FFT, resource_name: cpu2, ref_start_time: 2119997708939146, ref_stop_time: 2119997708961736, actual_exe_time: 22590, task_app_start_time:2119997209013966, task_sched_time:2119997708934406
app_id: 0, app_name: pulse_doppler_api-aarch64, task_id: 137, task_name: DASH_FFT, resource_name: cpu3, ref_start_time: 2119997715154487, ref_stop_time: 2119997715188387, actual_exe_time: 33900, task_app_start_time:2119997209013966, task_sched_time:2119997715056177
app_id: 0, app_name: pulse_doppler_api-aarch64, task_id: 138, task_name: DASH_ZIP, resource_name: zip1, ref_start_time: 2119997718828258, ref_stop_time: 2119997718874518, actual_exe_time: 46260, task_app_start_time:2119997209013966, task_sched_time:2119997718818838
app_id: 0, app_name: pulse_doppler_api-aarch64, task_id: 139, task_name: DASH_FFT, resource_name: cpu1, ref_start_time: 2119997722830289, ref_stop_time: 2119997722857109, actual_exe_time: 26820, task_app_start_time:2119997209013966, task_sched_time:2119997722818949
app_id: 0, app_name: pulse_doppler_api-aarch64, task_id: 140, task_name: DASH_FFT, resource_name: cpu2, ref_start_time: 2119997725153069, ref_stop_time: 2119997725180249, actual_exe_time: 27180, task_app_start_time:2119997209013966, task_sched_time:2119997725038469
app_id: 0, app_name: pulse_doppler_api-aarch64, task_id: 141, task_name: DASH_FFT, resource_name: cpu3, ref_start_time: 2119997728903670, ref_stop_time: 2119997728937960, actual_exe_time: 34290, task_app_start_time:2119997209013966, task_sched_time:2119997728898540
app_id: 0, app_name: pulse_doppler_api-aarch64, task_id: 142, task_name: DASH_ZIP, resource_name: zip1, ref_start_time: 2119997734507340, ref_stop_time: 2119997734558910, actual_exe_time: 51570, task_app_start_time:2119997209013966, task_sched_time:2119997729458850
app_id: 0, app_name: pulse_doppler_api-aarch64, task_id: 143, task_name: DASH_FFT, resource_name: cpu1, ref_start_time: 2119997735609451, ref_stop_time: 2119997735634111, actual_exe_time: 24660, task_app_start_time:2119997209013966, task_sched_time:2119997735596581
app_id: 0, app_name: pulse_doppler_api-aarch64, task_id: 144, task_name: DASH_FFT, resource_name: cpu2, ref_start_time: 2119997736733851, ref_stop_time: 2119997736756981, actual_exe_time: 23130, task_app_start_time:2119997209013966, task_sched_time:2119997736725721
app_id: 0, app_name: pulse_doppler_api-aarch64, task_id: 145, task_name: DASH_FFT, resource_name: cpu3, ref_start_time: 2119997740807761, ref_stop_time: 2119997740837281, actual_exe_time: 29520, task_app_start_time:2119997209013966, task_sched_time:2119997740764141
app_id: 0, app_name: pulse_doppler_api-aarch64, task_id: 146, task_name: DASH_ZIP, resource_name: zip1, ref_start_time: 2119997741484292, ref_stop_time: 2119997741529532, actual_exe_time: 45240, task_app_start_time:2119997209013966, task_sched_time:2119997741477152
app_id: 0, app_name: pulse_doppler_api-aarch64, task_id: 147, task_name: DASH_FFT, resource_name: cpu1, ref_start_time: 2119997745699862, ref_stop_time: 2119997745729532, actual_exe_time: 29670, task_app_start_time:2119997209013966, task_sched_time:2119997745688222
app_id: 0, app_name: pulse_doppler_api-aarch64, task_id: 148, task_name: DASH_FFT, resource_name: cpu2, ref_start_time: 2119997750492303, ref_stop_time: 2119997750524223, actual_exe_time: 31920, task_app_start_time:2119997209013966, task_sched_time:2119997746962172
app_id: 0, app_name: pulse_doppler_api-aarch64, task_id: 149, task_name: DASH_FFT, resource_name: cpu3, ref_start_time: 2119997754281004, ref_stop_time: 2119997754309084, actual_exe_time: 28080, task_app_start_time:2119997209013966, task_sched_time:2119997754277404
app_id: 0, app_name: pulse_doppler_api-aarch64, task_id: 150, task_name: DASH_ZIP, resource_name: zip1, ref_start_time: 2119997756107374, ref_stop_time: 2119997756154414, actual_exe_time: 47040, task_app_start_time:2119997209013966, task_sched_time:2119997756101284
app_id: 0, app_name: pulse_doppler_api-aarch64, task_id: 151, task_name: DASH_FFT, resource_name: cpu1, ref_start_time: 2119997756776134, ref_stop_time: 2119997756801994, actual_exe_time: 25860, task_app_start_time:2119997209013966, task_sched_time:2119997756764644
app_id: 0, app_name: pulse_doppler_api-aarch64, task_id: 152, task_name: DASH_FFT, resource_name: cpu2, ref_start_time: 2119997762501365, ref_stop_time: 2119997762539015, actual_exe_time: 37650, task_app_start_time:2119997209013966, task_sched_time:2119997757584784
app_id: 0, app_name: pulse_doppler_api-aarch64, task_id: 153, task_name: DASH_FFT, resource_name: cpu3, ref_start_time: 2119997763324295, ref_stop_time: 2119997763350845, actual_exe_time: 26550, task_app_start_time:2119997209013966, task_sched_time:2119997763317905
app_id: 0, app_name: pulse_doppler_api-aarch64, task_id: 154, task_name: DASH_ZIP, resource_name: zip1, ref_start_time: 2119997764007995, ref_stop_time: 2119997764052815, actual_exe_time: 44820, task_app_start_time:2119997209013966, task_sched_time:2119997763992725
app_id: 0, app_name: pulse_doppler_api-aarch64, task_id: 155, task_name: DASH_FFT, resource_name: cpu1, ref_start_time: 2119997764538545, ref_stop_time: 2119997764560865, actual_exe_time: 22320, task_app_start_time:2119997209013966, task_sched_time:2119997764535905
app_id: 0, app_name: pulse_doppler_api-aarch64, task_id: 156, task_name: DASH_FFT, resource_name: cpu2, ref_start_time: 2119997766506666, ref_stop_time: 2119997766531656, actual_exe_time: 24990, task_app_start_time:2119997209013966, task_sched_time:2119997765266555
app_id: 0, app_name: pulse_doppler_api-aarch64, task_id: 157, task_name: DASH_FFT, resource_name: cpu3, ref_start_time: 2119997767096556, ref_stop_time: 2119997767121846, actual_exe_time: 25290, task_app_start_time:2119997209013966, task_sched_time:2119997767091786
app_id: 0, app_name: pulse_doppler_api-aarch64, task_id: 158, task_name: DASH_ZIP, resource_name: zip1, ref_start_time: 2119997767780496, ref_stop_time: 2119997767824296, actual_exe_time: 43800, task_app_start_time:2119997209013966, task_sched_time:2119997767707866
app_id: 0, app_name: pulse_doppler_api-aarch64, task_id: 159, task_name: DASH_FFT, resource_name: cpu1, ref_start_time: 2119997768456636, ref_stop_time: 2119997768479136, actual_exe_time: 22500, task_app_start_time:2119997209013966, task_sched_time:2119997768449706
app_id: 0, app_name: pulse_doppler_api-aarch64, task_id: 160, task_name: DASH_FFT, resource_name: cpu2, ref_start_time: 2119997770043276, ref_stop_time: 2119997770070426, actual_exe_time: 27150, task_app_start_time:2119997209013966, task_sched_time:2119997769082946
app_id: 0, app_name: pulse_doppler_api-aarch64, task_id: 161, task_name: DASH_FFT, resource_name: cpu3, ref_start_time: 2119997770825376, ref_stop_time: 2119997770851326, actual_exe_time: 25950, task_app_start_time:2119997209013966, task_sched_time:2119997770821686
app_id: 0, app_name: pulse_doppler_api-aarch64, task_id: 162, task_name: DASH_ZIP, resource_name: zip1, ref_start_time: 2119997771496266, ref_stop_time: 2119997771541356, actual_exe_time: 45090, task_app_start_time:2119997209013966, task_sched_time:2119997771436926
app_id: 0, app_name: pulse_doppler_api-aarch64, task_id: 163, task_name: DASH_FFT, resource_name: cpu1, ref_start_time: 2119997772088857, ref_stop_time: 2119997772110697, actual_exe_time: 21840, task_app_start_time:2119997209013966, task_sched_time:2119997772079977
app_id: 0, app_name: pulse_doppler_api-aarch64, task_id: 164, task_name: DASH_FFT, resource_name: cpu2, ref_start_time: 2119997779018648, ref_stop_time: 2119997779053598, actual_exe_time: 34950, task_app_start_time:2119997209013966, task_sched_time:2119997779007788
app_id: 0, app_name: pulse_doppler_api-aarch64, task_id: 165, task_name: DASH_FFT, resource_name: cpu3, ref_start_time: 2119997779692178, ref_stop_time: 2119997779718488, actual_exe_time: 26310, task_app_start_time:2119997209013966, task_sched_time:2119997779689148
app_id: 0, app_name: pulse_doppler_api-aarch64, task_id: 166, task_name: DASH_ZIP, resource_name: zip1, ref_start_time: 2119997780308138, ref_stop_time: 2119997780352988, actual_exe_time: 44850, task_app_start_time:2119997209013966, task_sched_time:2119997780287768
app_id: 0, app_name: pulse_doppler_api-aarch64, task_id: 167, task_name: DASH_FFT, resource_name: cpu1, ref_start_time: 2119997786299169, ref_stop_time: 2119997786330249, actual_exe_time: 31080, task_app_start_time:2119997209013966, task_sched_time:2119997786293499
app_id: 0, app_name: pulse_doppler_api-aarch64, task_id: 168, task_name: DASH_FFT, resource_name: cpu2, ref_start_time: 2119997787209579, ref_stop_time: 2119997787232709, actual_exe_time: 23130, task_app_start_time:2119997209013966, task_sched_time:2119997787202769
app_id: 0, app_name: pulse_doppler_api-aarch64, task_id: 169, task_name: DASH_FFT, resource_name: cpu3, ref_start_time: 2119997788067789, ref_stop_time: 2119997788093079, actual_exe_time: 25290, task_app_start_time:2119997209013966, task_sched_time:2119997788064099
app_id: 0, app_name: pulse_doppler_api-aarch64, task_id: 170, task_name: DASH_ZIP, resource_name: zip1, ref_start_time: 2119997794727910, ref_stop_time: 2119997794781130, actual_exe_time: 53220, task_app_start_time:2119997209013966, task_sched_time:2119997794716930
app_id: 0, app_name: pulse_doppler_api-aarch64, task_id: 171, task_name: DASH_FFT, resource_name: cpu1, ref_start_time: 2119997795253840, ref_stop_time: 2119997795281470, actual_exe_time: 27630, task_app_start_time:2119997209013966, task_sched_time:2119997795245170
app_id: 0, app_name: pulse_doppler_api-aarch64, task_id: 172, task_name: DASH_FFT, resource_name: cpu2, ref_start_time: 2119997798613241, ref_stop_time: 2119997798637061, actual_exe_time: 23820, task_app_start_time:2119997209013966, task_sched_time:2119997798606521
app_id: 0, app_name: pulse_doppler_api-aarch64, task_id: 173, task_name: DASH_FFT, resource_name: cpu3, ref_start_time: 2119997802175561, ref_stop_time: 2119997802203671, actual_exe_time: 28110, task_app_start_time:2119997209013966, task_sched_time:2119997802171571
app_id: 0, app_name: pulse_doppler_api-aarch64, task_id: 174, task_name: DASH_ZIP, resource_name: zip1, ref_start_time: 2119997802511711, ref_stop_time: 2119997802556861, actual_exe_time: 45150, task_app_start_time:2119997209013966, task_sched_time:2119997802498271
app_id: 0, app_name: pulse_doppler_api-aarch64, task_id: 175, task_name: DASH_FFT, resource_name: cpu1, ref_start_time: 2119997803497152, ref_stop_time: 2119997803533122, actual_exe_time: 35970, task_app_start_time:2119997209013966, task_sched_time:2119997803449932
app_id: 0, app_name: pulse_doppler_api-aarch64, task_id: 176, task_name: DASH_FFT, resource_name: cpu2, ref_start_time: 2119997810523303, ref_stop_time: 2119997810783133, actual_exe_time: 259830, task_app_start_time:2119997209013966, task_sched_time:2119997810517843
app_id: 0, app_name: pulse_doppler_api-aarch64, task_id: 177, task_name: DASH_FFT, resource_name: cpu3, ref_start_time: 2119997814919683, ref_stop_time: 2119997814950133, actual_exe_time: 30450, task_app_start_time:2119997209013966, task_sched_time:2119997814860823
app_id: 0, app_name: pulse_doppler_api-aarch64, task_id: 178, task_name: DASH_ZIP, resource_name: zip1, ref_start_time: 2119997817186934, ref_stop_time: 2119997817238294, actual_exe_time: 51360, task_app_start_time:2119997209013966, task_sched_time:2119997817182644
app_id: 0, app_name: pulse_doppler_api-aarch64, task_id: 179, task_name: DASH_FFT, resource_name: cpu1, ref_start_time: 2119997818241584, ref_stop_time: 2119997818268074, actual_exe_time: 26490, task_app_start_time:2119997209013966, task_sched_time:2119997818140124
app_id: 0, app_name: pulse_doppler_api-aarch64, task_id: 180, task_name: DASH_FFT, resource_name: cpu2, ref_start_time: 2119997822628275, ref_stop_time: 2119997822656745, actual_exe_time: 28470, task_app_start_time:2119997209013966, task_sched_time:2119997822622305
app_id: 0, app_name: pulse_doppler_api-aarch64, task_id: 181, task_name: DASH_FFT, resource_name: cpu3, ref_start_time: 2119997826611945, ref_stop_time: 2119997826643505, actual_exe_time: 31560, task_app_start_time:2119997209013966, task_sched_time:2119997826544325
app_id: 0, app_name: pulse_doppler_api-aarch64, task_id: 182, task_name: DASH_ZIP, resource_name: zip1, ref_start_time: 2119997830737696, ref_stop_time: 2119997830784706, actual_exe_time: 47010, task_app_start_time:2119997209013966, task_sched_time:2119997830733106
app_id: 0, app_name: pulse_doppler_api-aarch64, task_id: 183, task_name: DASH_FFT, resource_name: cpu1, ref_start_time: 2119997832111756, ref_stop_time: 2119997832140106, actual_exe_time: 28350, task_app_start_time:2119997209013966, task_sched_time:2119997832105816
app_id: 0, app_name: pulse_doppler_api-aarch64, task_id: 184, task_name: DASH_FFT, resource_name: cpu2, ref_start_time: 2119997833205886, ref_stop_time: 2119997833228716, actual_exe_time: 22830, task_app_start_time:2119997209013966, task_sched_time:2119997833199496
app_id: 0, app_name: pulse_doppler_api-aarch64, task_id: 185, task_name: DASH_FFT, resource_name: cpu3, ref_start_time: 2119997838991297, ref_stop_time: 2119997839026157, actual_exe_time: 34860, task_app_start_time:2119997209013966, task_sched_time:2119997838894487
app_id: 0, app_name: pulse_doppler_api-aarch64, task_id: 186, task_name: DASH_ZIP, resource_name: zip1, ref_start_time: 2119997842679648, ref_stop_time: 2119997842726238, actual_exe_time: 46590, task_app_start_time:2119997209013966, task_sched_time:2119997842671878
app_id: 0, app_name: pulse_doppler_api-aarch64, task_id: 187, task_name: DASH_FFT, resource_name: cpu1, ref_start_time: 2119997846621469, ref_stop_time: 2119997846652009, actual_exe_time: 30540, task_app_start_time:2119997209013966, task_sched_time:2119997846613699
app_id: 0, app_name: pulse_doppler_api-aarch64, task_id: 188, task_name: DASH_FFT, resource_name: cpu2, ref_start_time: 2119997848132629, ref_stop_time: 2119997848155819, actual_exe_time: 23190, task_app_start_time:2119997209013966, task_sched_time:2119997848128969
app_id: 0, app_name: pulse_doppler_api-aarch64, task_id: 189, task_name: DASH_FFT, resource_name: cpu3, ref_start_time: 2119997850981489, ref_stop_time: 2119997851014549, actual_exe_time: 33060, task_app_start_time:2119997209013966, task_sched_time:2119997850911589
app_id: 0, app_name: pulse_doppler_api-aarch64, task_id: 190, task_name: DASH_ZIP, resource_name: zip1, ref_start_time: 2119997858733130, ref_stop_time: 2119997858783350, actual_exe_time: 50220, task_app_start_time:2119997209013966, task_sched_time:2119997858721340
app_id: 0, app_name: pulse_doppler_api-aarch64, task_id: 191, task_name: DASH_FFT, resource_name: cpu1, ref_start_time: 2119997861975891, ref_stop_time: 2119997862004841, actual_exe_time: 28950, task_app_start_time:2119997209013966, task_sched_time:2119997861912141
app_id: 0, app_name: pulse_doppler_api-aarch64, task_id: 192, task_name: DASH_FFT, resource_name: cpu2, ref_start_time: 2119997863193441, ref_stop_time: 2119997863214711, actual_exe_time: 21270, task_app_start_time:2119997209013966, task_sched_time:2119997863184441
app_id: 0, app_name: pulse_doppler_api-aarch64, task_id: 193, task_name: DASH_FFT, resource_name: cpu3, ref_start_time: 2119997863605881, ref_stop_time: 2119997863633241, actual_exe_time: 27360, task_app_start_time:2119997209013966, task_sched_time:2119997863554851
app_id: 0, app_name: pulse_doppler_api-aarch64, task_id: 194, task_name: DASH_ZIP, resource_name: zip1, ref_start_time: 2119997870802612, ref_stop_time: 2119997870857212, actual_exe_time: 54600, task_app_start_time:2119997209013966, task_sched_time:2119997870790762
app_id: 0, app_name: pulse_doppler_api-aarch64, task_id: 195, task_name: DASH_FFT, resource_name: cpu1, ref_start_time: 2119997877006613, ref_stop_time: 2119997877039103, actual_exe_time: 32490, task_app_start_time:2119997209013966, task_sched_time:2119997876999473
app_id: 0, app_name: pulse_doppler_api-aarch64, task_id: 196, task_name: DASH_FFT, resource_name: cpu2, ref_start_time: 2119997882505194, ref_stop_time: 2119997882540054, actual_exe_time: 34860, task_app_start_time:2119997209013966, task_sched_time:2119997881003514
app_id: 0, app_name: pulse_doppler_api-aarch64, task_id: 197, task_name: DASH_FFT, resource_name: cpu3, ref_start_time: 2119997882849444, ref_stop_time: 2119997882875424, actual_exe_time: 25980, task_app_start_time:2119997209013966, task_sched_time:2119997882814644
app_id: 0, app_name: pulse_doppler_api-aarch64, task_id: 198, task_name: DASH_ZIP, resource_name: zip1, ref_start_time: 2119997883831405, ref_stop_time: 2119997883878895, actual_exe_time: 47490, task_app_start_time:2119997209013966, task_sched_time:2119997883772605
app_id: 0, app_name: pulse_doppler_api-aarch64, task_id: 199, task_name: DASH_FFT, resource_name: cpu1, ref_start_time: 2119997884414425, ref_stop_time: 2119997884440285, actual_exe_time: 25860, task_app_start_time:2119997209013966, task_sched_time:2119997884400145
app_id: 0, app_name: pulse_doppler_api-aarch64, task_id: 200, task_name: DASH_FFT, resource_name: cpu2, ref_start_time: 2119997885824215, ref_stop_time: 2119997885848605, actual_exe_time: 24390, task_app_start_time:2119997209013966, task_sched_time:2119997885004765
app_id: 0, app_name: pulse_doppler_api-aarch64, task_id: 201, task_name: DASH_FFT, resource_name: cpu3, ref_start_time: 2119997886305445, ref_stop_time: 2119997886331845, actual_exe_time: 26400, task_app_start_time:2119997209013966, task_sched_time:2119997886270795
app_id: 0, app_name: pulse_doppler_api-aarch64, task_id: 202, task_name: DASH_ZIP, resource_name: zip1, ref_start_time: 2119997890855246, ref_stop_time: 2119997890902316, actual_exe_time: 47070, task_app_start_time:2119997209013966, task_sched_time:2119997890834996
app_id: 0, app_name: pulse_doppler_api-aarch64, task_id: 203, task_name: DASH_FFT, resource_name: cpu1, ref_start_time: 2119997891591236, ref_stop_time: 2119997891624506, actual_exe_time: 33270, task_app_start_time:2119997209013966, task_sched_time:2119997891577526
app_id: 0, app_name: pulse_doppler_api-aarch64, task_id: 204, task_name: DASH_FFT, resource_name: cpu2, ref_start_time: 2119997894604976, ref_stop_time: 2119997894639266, actual_exe_time: 34290, task_app_start_time:2119997209013966, task_sched_time:2119997894599666
app_id: 0, app_name: pulse_doppler_api-aarch64, task_id: 205, task_name: DASH_FFT, resource_name: cpu3, ref_start_time: 2119997899429817, ref_stop_time: 2119997899461467, actual_exe_time: 31650, task_app_start_time:2119997209013966, task_sched_time:2119997899424117
app_id: 0, app_name: pulse_doppler_api-aarch64, task_id: 206, task_name: DASH_ZIP, resource_name: zip1, ref_start_time: 2119997902820628, ref_stop_time: 2119997903094258, actual_exe_time: 273630, task_app_start_time:2119997209013966, task_sched_time:2119997902814628
app_id: 0, app_name: pulse_doppler_api-aarch64, task_id: 207, task_name: DASH_FFT, resource_name: cpu1, ref_start_time: 2119997905933248, ref_stop_time: 2119997905963428, actual_exe_time: 30180, task_app_start_time:2119997209013966, task_sched_time:2119997905920738
app_id: 0, app_name: pulse_doppler_api-aarch64, task_id: 208, task_name: DASH_FFT, resource_name: cpu2, ref_start_time: 2119997906350518, ref_stop_time: 2119997906376528, actual_exe_time: 26010, task_app_start_time:2119997209013966, task_sched_time:2119997906254248
app_id: 0, app_name: pulse_doppler_api-aarch64, task_id: 209, task_name: DASH_FFT, resource_name: cpu3, ref_start_time: 2119997911054369, ref_stop_time: 2119997911086859, actual_exe_time: 32490, task_app_start_time:2119997209013966, task_sched_time:2119997911046239
app_id: 0, app_name: pulse_doppler_api-aarch64, task_id: 210, task_name: DASH_ZIP, resource_name: zip1, ref_start_time: 2119997914509019, ref_stop_time: 2119997914563919, actual_exe_time: 54900, task_app_start_time:2119997209013966, task_sched_time:2119997914487389
app_id: 0, app_name: pulse_doppler_api-aarch64, task_id: 211, task_name: DASH_FFT, resource_name: cpu1, ref_start_time: 2119997918580860, ref_stop_time: 2119997918610410, actual_exe_time: 29550, task_app_start_time:2119997209013966, task_sched_time:2119997918575730
app_id: 0, app_name: pulse_doppler_api-aarch64, task_id: 212, task_name: DASH_FFT, resource_name: cpu2, ref_start_time: 2119997920207970, ref_stop_time: 2119997920233230, actual_exe_time: 25260, task_app_start_time:2119997209013966, task_sched_time:2119997920047410
app_id: 0, app_name: pulse_doppler_api-aarch64, task_id: 213, task_name: DASH_FFT, resource_name: cpu3, ref_start_time: 2119997926542981, ref_stop_time: 2119997926579851, actual_exe_time: 36870, task_app_start_time:2119997209013966, task_sched_time:2119997926531761
app_id: 0, app_name: pulse_doppler_api-aarch64, task_id: 214, task_name: DASH_ZIP, resource_name: zip1, ref_start_time: 2119997930506942, ref_stop_time: 2119997930555992, actual_exe_time: 49050, task_app_start_time:2119997209013966, task_sched_time:2119997930478382
app_id: 0, app_name: pulse_doppler_api-aarch64, task_id: 215, task_name: DASH_FFT, resource_name: cpu1, ref_start_time: 2119997933836403, ref_stop_time: 2119997933867483, actual_exe_time: 31080, task_app_start_time:2119997209013966, task_sched_time:2119997933826293
app_id: 0, app_name: pulse_doppler_api-aarch64, task_id: 216, task_name: DASH_FFT, resource_name: cpu2, ref_start_time: 2119997939129093, ref_stop_time: 2119997939164523, actual_exe_time: 35430, task_app_start_time:2119997209013966, task_sched_time:2119997939119733
app_id: 0, app_name: pulse_doppler_api-aarch64, task_id: 217, task_name: DASH_FFT, resource_name: cpu3, ref_start_time: 2119997942529804, ref_stop_time: 2119997942560134, actual_exe_time: 30330, task_app_start_time:2119997209013966, task_sched_time:2119997942523504
app_id: 0, app_name: pulse_doppler_api-aarch64, task_id: 218, task_name: DASH_ZIP, resource_name: zip1, ref_start_time: 2119997946627355, ref_stop_time: 2119997946674065, actual_exe_time: 46710, task_app_start_time:2119997209013966, task_sched_time:2119997946614815
app_id: 0, app_name: pulse_doppler_api-aarch64, task_id: 219, task_name: DASH_FFT, resource_name: cpu1, ref_start_time: 2119997947927915, ref_stop_time: 2119997947961215, actual_exe_time: 33300, task_app_start_time:2119997209013966, task_sched_time:2119997947923175
app_id: 0, app_name: pulse_doppler_api-aarch64, task_id: 220, task_name: DASH_FFT, resource_name: cpu2, ref_start_time: 2119997948456275, ref_stop_time: 2119997948481925, actual_exe_time: 25650, task_app_start_time:2119997209013966, task_sched_time:2119997948448565
app_id: 0, app_name: pulse_doppler_api-aarch64, task_id: 221, task_name: DASH_FFT, resource_name: cpu3, ref_start_time: 2119997955010976, ref_stop_time: 2119997955045746, actual_exe_time: 34770, task_app_start_time:2119997209013966, task_sched_time:2119997954901086
app_id: 0, app_name: pulse_doppler_api-aarch64, task_id: 222, task_name: DASH_ZIP, resource_name: zip1, ref_start_time: 2119997961828417, ref_stop_time: 2119997961877887, actual_exe_time: 49470, task_app_start_time:2119997209013966, task_sched_time:2119997961813747
app_id: 0, app_name: pulse_doppler_api-aarch64, task_id: 223, task_name: DASH_FFT, resource_name: cpu1, ref_start_time: 2119997962550547, ref_stop_time: 2119997962579167, actual_exe_time: 28620, task_app_start_time:2119997209013966, task_sched_time:2119997962539087
app_id: 0, app_name: pulse_doppler_api-aarch64, task_id: 224, task_name: DASH_FFT, resource_name: cpu2, ref_start_time: 2119997970529948, ref_stop_time: 2119997970564928, actual_exe_time: 34980, task_app_start_time:2119997209013966, task_sched_time:2119997970524068
app_id: 0, app_name: pulse_doppler_api-aarch64, task_id: 225, task_name: DASH_FFT, resource_name: cpu3, ref_start_time: 2119997971180649, ref_stop_time: 2119997971205999, actual_exe_time: 25350, task_app_start_time:2119997209013966, task_sched_time:2119997971166489
app_id: 0, app_name: pulse_doppler_api-aarch64, task_id: 226, task_name: DASH_ZIP, resource_name: zip1, ref_start_time: 2119997976035279, ref_stop_time: 2119997976089759, actual_exe_time: 54480, task_app_start_time:2119997209013966, task_sched_time:2119997976027779
app_id: 0, app_name: pulse_doppler_api-aarch64, task_id: 227, task_name: DASH_FFT, resource_name: cpu1, ref_start_time: 2119997976533609, ref_stop_time: 2119997976595379, actual_exe_time: 61770, task_app_start_time:2119997209013966, task_sched_time:2119997976502199
app_id: 0, app_name: pulse_doppler_api-aarch64, task_id: 228, task_name: DASH_FFT, resource_name: cpu2, ref_start_time: 2119997982584100, ref_stop_time: 2119997982617850, actual_exe_time: 33750, task_app_start_time:2119997209013966, task_sched_time:2119997982574230
app_id: 0, app_name: pulse_doppler_api-aarch64, task_id: 229, task_name: DASH_FFT, resource_name: cpu3, ref_start_time: 2119997989934132, ref_stop_time: 2119997989970282, actual_exe_time: 36150, task_app_start_time:2119997209013966, task_sched_time:2119997989922642
app_id: 0, app_name: pulse_doppler_api-aarch64, task_id: 230, task_name: DASH_ZIP, resource_name: zip1, ref_start_time: 2119997994712982, ref_stop_time: 2119997994763382, actual_exe_time: 50400, task_app_start_time:2119997209013966, task_sched_time:2119997994701642
app_id: 0, app_name: pulse_doppler_api-aarch64, task_id: 231, task_name: DASH_FFT, resource_name: cpu1, ref_start_time: 2119997998739643, ref_stop_time: 2119997998771023, actual_exe_time: 31380, task_app_start_time:2119997209013966, task_sched_time:2119997998717323
app_id: 0, app_name: pulse_doppler_api-aarch64, task_id: 232, task_name: DASH_FFT, resource_name: cpu2, ref_start_time: 2119998003786724, ref_stop_time: 2119998003817024, actual_exe_time: 30300, task_app_start_time:2119997209013966, task_sched_time:2119998003648964
app_id: 0, app_name: pulse_doppler_api-aarch64, task_id: 233, task_name: DASH_FFT, resource_name: cpu3, ref_start_time: 2119998004032004, ref_stop_time: 2119998004058224, actual_exe_time: 26220, task_app_start_time:2119997209013966, task_sched_time:2119998004026184
app_id: 0, app_name: pulse_doppler_api-aarch64, task_id: 234, task_name: DASH_ZIP, resource_name: zip1, ref_start_time: 2119998010995545, ref_stop_time: 2119998011045345, actual_exe_time: 49800, task_app_start_time:2119997209013966, task_sched_time:2119998010990445
app_id: 0, app_name: pulse_doppler_api-aarch64, task_id: 235, task_name: DASH_FFT, resource_name: cpu1, ref_start_time: 2119998014613786, ref_stop_time: 2119998014643636, actual_exe_time: 29850, task_app_start_time:2119997209013966, task_sched_time:2119998014583756
app_id: 0, app_name: pulse_doppler_api-aarch64, task_id: 236, task_name: DASH_FFT, resource_name: cpu2, ref_start_time: 2119998017999166, ref_stop_time: 2119998018028296, actual_exe_time: 29130, task_app_start_time:2119997209013966, task_sched_time:2119998017852136
app_id: 0, app_name: pulse_doppler_api-aarch64, task_id: 237, task_name: DASH_FFT, resource_name: cpu3, ref_start_time: 2119998022671247, ref_stop_time: 2119998022706857, actual_exe_time: 35610, task_app_start_time:2119997209013966, task_sched_time:2119998022569457
app_id: 0, app_name: pulse_doppler_api-aarch64, task_id: 238, task_name: DASH_ZIP, resource_name: zip1, ref_start_time: 2119998023001937, ref_stop_time: 2119998023047987, actual_exe_time: 46050, task_app_start_time:2119997209013966, task_sched_time:2119998022998817
app_id: 0, app_name: pulse_doppler_api-aarch64, task_id: 239, task_name: DASH_FFT, resource_name: cpu1, ref_start_time: 2119998026489017, ref_stop_time: 2119998026521027, actual_exe_time: 32010, task_app_start_time:2119997209013966, task_sched_time:2119998023928817
app_id: 0, app_name: pulse_doppler_api-aarch64, task_id: 240, task_name: DASH_FFT, resource_name: cpu2, ref_start_time: 2119998030972938, ref_stop_time: 2119998031001018, actual_exe_time: 28080, task_app_start_time:2119997209013966, task_sched_time:2119998030963458
app_id: 0, app_name: pulse_doppler_api-aarch64, task_id: 241, task_name: DASH_FFT, resource_name: cpu3, ref_start_time: 2119998032124638, ref_stop_time: 2119998032152388, actual_exe_time: 27750, task_app_start_time:2119997209013966, task_sched_time:2119998032119268
app_id: 0, app_name: pulse_doppler_api-aarch64, task_id: 242, task_name: DASH_ZIP, resource_name: zip1, ref_start_time: 2119998039245920, ref_stop_time: 2119998039295630, actual_exe_time: 49710, task_app_start_time:2119997209013966, task_sched_time:2119998039237940
app_id: 0, app_name: pulse_doppler_api-aarch64, task_id: 243, task_name: DASH_FFT, resource_name: cpu1, ref_start_time: 2119998042810370, ref_stop_time: 2119998042839020, actual_exe_time: 28650, task_app_start_time:2119997209013966, task_sched_time:2119998042799990
app_id: 0, app_name: pulse_doppler_api-aarch64, task_id: 244, task_name: DASH_FFT, resource_name: cpu2, ref_start_time: 2119998046697891, ref_stop_time: 2119998046725881, actual_exe_time: 27990, task_app_start_time:2119997209013966, task_sched_time:2119998046693661
app_id: 0, app_name: pulse_doppler_api-aarch64, task_id: 245, task_name: DASH_FFT, resource_name: cpu3, ref_start_time: 2119998047219201, ref_stop_time: 2119998047245631, actual_exe_time: 26430, task_app_start_time:2119997209013966, task_sched_time:2119998047215061
app_id: 0, app_name: pulse_doppler_api-aarch64, task_id: 246, task_name: DASH_ZIP, resource_name: zip1, ref_start_time: 2119998050820071, ref_stop_time: 2119998050871701, actual_exe_time: 51630, task_app_start_time:2119997209013966, task_sched_time:2119998050745131
app_id: 0, app_name: pulse_doppler_api-aarch64, task_id: 247, task_name: DASH_FFT, resource_name: cpu1, ref_start_time: 2119998052658952, ref_stop_time: 2119998052685592, actual_exe_time: 26640, task_app_start_time:2119997209013966, task_sched_time:2119998052647732
app_id: 0, app_name: pulse_doppler_api-aarch64, task_id: 248, task_name: DASH_FFT, resource_name: cpu2, ref_start_time: 2119998058495963, ref_stop_time: 2119998058528783, actual_exe_time: 32820, task_app_start_time:2119997209013966, task_sched_time:2119998053599962
app_id: 0, app_name: pulse_doppler_api-aarch64, task_id: 249, task_name: DASH_FFT, resource_name: cpu3, ref_start_time: 2119998059930773, ref_stop_time: 2119998059958973, actual_exe_time: 28200, task_app_start_time:2119997209013966, task_sched_time:2119998059926963
app_id: 0, app_name: pulse_doppler_api-aarch64, task_id: 250, task_name: DASH_ZIP, resource_name: zip1, ref_start_time: 2119998061880833, ref_stop_time: 2119998061926523, actual_exe_time: 45690, task_app_start_time:2119997209013966, task_sched_time:2119998061823533
app_id: 0, app_name: pulse_doppler_api-aarch64, task_id: 251, task_name: DASH_FFT, resource_name: cpu1, ref_start_time: 2119998063051343, ref_stop_time: 2119998063077173, actual_exe_time: 25830, task_app_start_time:2119997209013966, task_sched_time:2119998062937493
app_id: 0, app_name: pulse_doppler_api-aarch64, task_id: 252, task_name: DASH_FFT, resource_name: cpu2, ref_start_time: 2119998066798974, ref_stop_time: 2119998066830024, actual_exe_time: 31050, task_app_start_time:2119997209013966, task_sched_time:2119998066791234
app_id: 0, app_name: pulse_doppler_api-aarch64, task_id: 253, task_name: DASH_FFT, resource_name: cpu3, ref_start_time: 2119998070649805, ref_stop_time: 2119998070686015, actual_exe_time: 36210, task_app_start_time:2119997209013966, task_sched_time:2119998070562205
app_id: 0, app_name: pulse_doppler_api-aarch64, task_id: 254, task_name: DASH_ZIP, resource_name: zip1, ref_start_time: 2119998071443125, ref_stop_time: 2119998071488575, actual_exe_time: 45450, task_app_start_time:2119997209013966, task_sched_time:2119998071430855
app_id: 0, app_name: pulse_doppler_api-aarch64, task_id: 255, task_name: DASH_FFT, resource_name: cpu1, ref_start_time: 2119998072237855, ref_stop_time: 2119998072261975, actual_exe_time: 24120, task_app_start_time:2119997209013966, task_sched_time:2119998072228135
app_id: 0, app_name: pulse_doppler_api-aarch64, task_id: 256, task_name: DASH_FFT, resource_name: cpu2, ref_start_time: 2119998074533335, ref_stop_time: 2119998074557965, actual_exe_time: 24630, task_app_start_time:2119997209013966, task_sched_time:2119998072982785
app_id: 0, app_name: pulse_doppler_api-aarch64, task_id: 257, task_name: DASH_FFT, resource_name: cpu3, ref_start_time: 2119998076512436, ref_stop_time: 2119998076539346, actual_exe_time: 26910, task_app_start_time:2119997209013966, task_sched_time:2119998076505176
app_id: 0, app_name: pulse_doppler_api-aarch64, task_id: 258, task_name: DASH_ZIP, resource_name: zip1, ref_start_time: 2119998077170846, ref_stop_time: 2119998077216296, actual_exe_time: 45450, task_app_start_time:2119997209013966, task_sched_time:2119998077129116
app_id: 0, app_name: pulse_doppler_api-aarch64, task_id: 259, task_name: DASH_FFT, resource_name: cpu1, ref_start_time: 2119998083187227, ref_stop_time: 2119998083217227, actual_exe_time: 30000, task_app_start_time:2119997209013966, task_sched_time:2119998083174837
app_id: 0, app_name: pulse_doppler_api-aarch64, task_id: 260, task_name: DASH_FFT, resource_name: cpu2, ref_start_time: 2119998086647037, ref_stop_time: 2119998086675417, actual_exe_time: 28380, task_app_start_time:2119997209013966, task_sched_time:2119998086641817
app_id: 0, app_name: pulse_doppler_api-aarch64, task_id: 261, task_name: DASH_FFT, resource_name: cpu3, ref_start_time: 2119998090631308, ref_stop_time: 2119998090658878, actual_exe_time: 27570, task_app_start_time:2119997209013966, task_sched_time:2119998090626958
app_id: 0, app_name: pulse_doppler_api-aarch64, task_id: 262, task_name: DASH_ZIP, resource_name: zip1, ref_start_time: 2119998091082208, ref_stop_time: 2119998091127268, actual_exe_time: 45060, task_app_start_time:2119997209013966, task_sched_time:2119998090938838
app_id: 0, app_name: pulse_doppler_api-aarch64, task_id: 263, task_name: DASH_FFT, resource_name: cpu1, ref_start_time: 2119998092705268, ref_stop_time: 2119998092729208, actual_exe_time: 23940, task_app_start_time:2119997209013966, task_sched_time:2119998092700078
app_id: 0, app_name: pulse_doppler_api-aarch64, task_id: 264, task_name: DASH_FFT, resource_name: cpu2, ref_start_time: 2119998098483899, ref_stop_time: 2119998098518219, actual_exe_time: 34320, task_app_start_time:2119997209013966, task_sched_time:2119998096500329
app_id: 0, app_name: pulse_doppler_api-aarch64, task_id: 265, task_name: DASH_FFT, resource_name: cpu3, ref_start_time: 2119998099103069, ref_stop_time: 2119998099129259, actual_exe_time: 26190, task_app_start_time:2119997209013966, task_sched_time:2119998099099109
app_id: 0, app_name: pulse_doppler_api-aarch64, task_id: 266, task_name: DASH_ZIP, resource_name: zip1, ref_start_time: 2119998099765019, ref_stop_time: 2119998099809719, actual_exe_time: 44700, task_app_start_time:2119997209013966, task_sched_time:2119998099761599
app_id: 0, app_name: pulse_doppler_api-aarch64, task_id: 267, task_name: DASH_FFT, resource_name: cpu1, ref_start_time: 2119998100440799, ref_stop_time: 2119998100463299, actual_exe_time: 22500, task_app_start_time:2119997209013966, task_sched_time:2119998100438129
app_id: 0, app_name: pulse_doppler_api-aarch64, task_id: 268, task_name: DASH_FFT, resource_name: cpu2, ref_start_time: 2119998102616580, ref_stop_time: 2119998102642860, actual_exe_time: 26280, task_app_start_time:2119997209013966, task_sched_time:2119998101174989
app_id: 0, app_name: pulse_doppler_api-aarch64, task_id: 269, task_name: DASH_FFT, resource_name: cpu3, ref_start_time: 2119998105778400, ref_stop_time: 2119998105805940, actual_exe_time: 27540, task_app_start_time:2119997209013966, task_sched_time:2119998105708800
app_id: 0, app_name: pulse_doppler_api-aarch64, task_id: 270, task_name: DASH_ZIP, resource_name: zip1, ref_start_time: 2119998107033750, ref_stop_time: 2119998107086130, actual_exe_time: 52380, task_app_start_time:2119997209013966, task_sched_time:2119998107023490
app_id: 0, app_name: pulse_doppler_api-aarch64, task_id: 271, task_name: DASH_FFT, resource_name: cpu1, ref_start_time: 2119998110905191, ref_stop_time: 2119998110935941, actual_exe_time: 30750, task_app_start_time:2119997209013966, task_sched_time:2119998110897991
app_id: 0, app_name: pulse_doppler_api-aarch64, task_id: 272, task_name: DASH_FFT, resource_name: cpu2, ref_start_time: 2119998114732472, ref_stop_time: 2119998114765442, actual_exe_time: 32970, task_app_start_time:2119997209013966, task_sched_time:2119998114721402
app_id: 0, app_name: pulse_doppler_api-aarch64, task_id: 273, task_name: DASH_FFT, resource_name: cpu3, ref_start_time: 2119998118838212, ref_stop_time: 2119998118868002, actual_exe_time: 29790, task_app_start_time:2119997209013966, task_sched_time:2119998118827322
app_id: 0, app_name: pulse_doppler_api-aarch64, task_id: 274, task_name: DASH_ZIP, resource_name: zip1, ref_start_time: 2119998122232923, ref_stop_time: 2119998122285423, actual_exe_time: 52500, task_app_start_time:2119997209013966, task_sched_time:2119998122225213
app_id: 0, app_name: pulse_doppler_api-aarch64, task_id: 275, task_name: DASH_FFT, resource_name: cpu1, ref_start_time: 2119998123091073, ref_stop_time: 2119998123115163, actual_exe_time: 24090, task_app_start_time:2119997209013966, task_sched_time:2119998123079883
app_id: 0, app_name: pulse_doppler_api-aarch64, task_id: 276, task_name: DASH_FFT, resource_name: cpu2, ref_start_time: 2119998126517944, ref_stop_time: 2119998126551154, actual_exe_time: 33210, task_app_start_time:2119997209013966, task_sched_time:2119998123941963
app_id: 0, app_name: pulse_doppler_api-aarch64, task_id: 277, task_name: DASH_FFT, resource_name: cpu3, ref_start_time: 2119998130913904, ref_stop_time: 2119998130946334, actual_exe_time: 32430, task_app_start_time:2119997209013966, task_sched_time:2119998130823184
app_id: 0, app_name: pulse_doppler_api-aarch64, task_id: 278, task_name: DASH_ZIP, resource_name: zip1, ref_start_time: 2119998134914525, ref_stop_time: 2119998134960485, actual_exe_time: 45960, task_app_start_time:2119997209013966, task_sched_time:2119998134905645
app_id: 0, app_name: pulse_doppler_api-aarch64, task_id: 279, task_name: DASH_FFT, resource_name: cpu1, ref_start_time: 2119998138774776, ref_stop_time: 2119998138804986, actual_exe_time: 30210, task_app_start_time:2119997209013966, task_sched_time:2119998138762746
app_id: 0, app_name: pulse_doppler_api-aarch64, task_id: 280, task_name: DASH_FFT, resource_name: cpu2, ref_start_time: 2119998139124156, ref_stop_time: 2119998139147586, actual_exe_time: 23430, task_app_start_time:2119997209013966, task_sched_time:2119998139117046
app_id: 0, app_name: pulse_doppler_api-aarch64, task_id: 281, task_name: DASH_FFT, resource_name: cpu3, ref_start_time: 2119998142652306, ref_stop_time: 2119998142686476, actual_exe_time: 34170, task_app_start_time:2119997209013966, task_sched_time:2119998142577336
app_id: 0, app_name: pulse_doppler_api-aarch64, task_id: 282, task_name: DASH_ZIP, resource_name: zip1, ref_start_time: 2119998146842257, ref_stop_time: 2119998146892297, actual_exe_time: 50040, task_app_start_time:2119997209013966, task_sched_time:2119998146830167
app_id: 0, app_name: pulse_doppler_api-aarch64, task_id: 283, task_name: DASH_FFT, resource_name: cpu1, ref_start_time: 2119998147195747, ref_stop_time: 2119998147335637, actual_exe_time: 139890, task_app_start_time:2119997209013966, task_sched_time:2119998147067827
app_id: 0, app_name: pulse_doppler_api-aarch64, task_id: 284, task_name: DASH_FFT, resource_name: cpu2, ref_start_time: 2119998153135238, ref_stop_time: 2119998153166618, actual_exe_time: 31380, task_app_start_time:2119997209013966, task_sched_time:2119998153124828
app_id: 0, app_name: pulse_doppler_api-aarch64, task_id: 285, task_name: DASH_FFT, resource_name: cpu3, ref_start_time: 2119998158924129, ref_stop_time: 2119998158956739, actual_exe_time: 32610, task_app_start_time:2119997209013966, task_sched_time:2119998158915819
app_id: 0, app_name: pulse_doppler_api-aarch64, task_id: 286, task_name: DASH_ZIP, resource_name: zip1, ref_start_time: 2119998162558719, ref_stop_time: 2119998162606089, actual_exe_time: 47370, task_app_start_time:2119997209013966, task_sched_time:2119998162535739
app_id: 0, app_name: pulse_doppler_api-aarch64, task_id: 287, task_name: DASH_FFT, resource_name: cpu1, ref_start_time: 2119998166590930, ref_stop_time: 2119998166621680, actual_exe_time: 30750, task_app_start_time:2119997209013966, task_sched_time:2119998166584180
app_id: 0, app_name: pulse_doppler_api-aarch64, task_id: 288, task_name: DASH_FFT, resource_name: cpu2, ref_start_time: 2119998166873680, ref_stop_time: 2119998166895250, actual_exe_time: 21570, task_app_start_time:2119997209013966, task_sched_time:2119998166864230
app_id: 0, app_name: pulse_doppler_api-aarch64, task_id: 289, task_name: DASH_FFT, resource_name: cpu3, ref_start_time: 2119998167807850, ref_stop_time: 2119998167835120, actual_exe_time: 27270, task_app_start_time:2119997209013966, task_sched_time:2119998167774430
app_id: 0, app_name: pulse_doppler_api-aarch64, task_id: 290, task_name: DASH_ZIP, resource_name: zip1, ref_start_time: 2119998174753541, ref_stop_time: 2119998174803551, actual_exe_time: 50010, task_app_start_time:2119997209013966, task_sched_time:2119998174680461
app_id: 0, app_name: pulse_doppler_api-aarch64, task_id: 291, task_name: DASH_FFT, resource_name: cpu1, ref_start_time: 2119998178620872, ref_stop_time: 2119998178651412, actual_exe_time: 30540, task_app_start_time:2119997209013966, task_sched_time:2119998178606502
app_id: 0, app_name: pulse_doppler_api-aarch64, task_id: 292, task_name: DASH_FFT, resource_name: cpu2, ref_start_time: 2119998181924262, ref_stop_time: 2119998181950422, actual_exe_time: 26160, task_app_start_time:2119997209013966, task_sched_time:2119998181919042
app_id: 0, app_name: pulse_doppler_api-aarch64, task_id: 293, task_name: DASH_FFT, resource_name: cpu3, ref_start_time: 2119998186643833, ref_stop_time: 2119998186679113, actual_exe_time: 35280, task_app_start_time:2119997209013966, task_sched_time:2119998186573873
app_id: 0, app_name: pulse_doppler_api-aarch64, task_id: 294, task_name: DASH_ZIP, resource_name: zip1, ref_start_time: 2119998194595755, ref_stop_time: 2119998194649995, actual_exe_time: 54240, task_app_start_time:2119997209013966, task_sched_time:2119998194586125
app_id: 0, app_name: pulse_doppler_api-aarch64, task_id: 295, task_name: DASH_FFT, resource_name: cpu1, ref_start_time: 2119998195257255, ref_stop_time: 2119998195285995, actual_exe_time: 28740, task_app_start_time:2119997209013966, task_sched_time:2119998195245435
app_id: 0, app_name: pulse_doppler_api-aarch64, task_id: 296, task_name: DASH_FFT, resource_name: cpu2, ref_start_time: 2119998197347745, ref_stop_time: 2119998197371835, actual_exe_time: 24090, task_app_start_time:2119997209013966, task_sched_time:2119998197338085
app_id: 0, app_name: pulse_doppler_api-aarch64, task_id: 297, task_name: DASH_FFT, resource_name: cpu3, ref_start_time: 2119998197782595, ref_stop_time: 2119998197809955, actual_exe_time: 27360, task_app_start_time:2119997209013966, task_sched_time:2119998197734115
app_id: 0, app_name: pulse_doppler_api-aarch64, task_id: 298, task_name: DASH_ZIP, resource_name: zip1, ref_start_time: 2119998198751535, ref_stop_time: 2119998198798275, actual_exe_time: 46740, task_app_start_time:2119997209013966, task_sched_time:2119998198743045
app_id: 0, app_name: pulse_doppler_api-aarch64, task_id: 299, task_name: DASH_FFT, resource_name: cpu1, ref_start_time: 2119998199210175, ref_stop_time: 2119998199238315, actual_exe_time: 28140, task_app_start_time:2119997209013966, task_sched_time:2119998199204115
app_id: 0, app_name: pulse_doppler_api-aarch64, task_id: 300, task_name: DASH_FFT, resource_name: cpu2, ref_start_time: 2119998201097296, ref_stop_time: 2119998201126816, actual_exe_time: 29520, task_app_start_time:2119997209013966, task_sched_time:2119998200120945
app_id: 0, app_name: pulse_doppler_api-aarch64, task_id: 301, task_name: DASH_FFT, resource_name: cpu3, ref_start_time: 2119998207124597, ref_stop_time: 2119998207160537, actual_exe_time: 35940, task_app_start_time:2119997209013966, task_sched_time:2119998207115327
app_id: 0, app_name: pulse_doppler_api-aarch64, task_id: 302, task_name: DASH_ZIP, resource_name: zip1, ref_start_time: 2119998208026427, ref_stop_time: 2119998208077007, actual_exe_time: 50580, task_app_start_time:2119997209013966, task_sched_time:2119998208022077
app_id: 0, app_name: pulse_doppler_api-aarch64, task_id: 303, task_name: DASH_FFT, resource_name: cpu1, ref_start_time: 2119998212073787, ref_stop_time: 2119998212102977, actual_exe_time: 29190, task_app_start_time:2119997209013966, task_sched_time:2119998211864717
app_id: 0, app_name: pulse_doppler_api-aarch64, task_id: 304, task_name: DASH_FFT, resource_name: cpu2, ref_start_time: 2119998212824507, ref_stop_time: 2119998212847637, actual_exe_time: 23130, task_app_start_time:2119997209013966, task_sched_time:2119998212821567
app_id: 0, app_name: pulse_doppler_api-aarch64, task_id: 305, task_name: DASH_FFT, resource_name: cpu3, ref_start_time: 2119998213460028, ref_stop_time: 2119998213485798, actual_exe_time: 25770, task_app_start_time:2119997209013966, task_sched_time:2119998213453728
app_id: 0, app_name: pulse_doppler_api-aarch64, task_id: 306, task_name: DASH_ZIP, resource_name: zip1, ref_start_time: 2119998217587248, ref_stop_time: 2119998217637318, actual_exe_time: 50070, task_app_start_time:2119997209013966, task_sched_time:2119998217576538
app_id: 0, app_name: pulse_doppler_api-aarch64, task_id: 307, task_name: DASH_FFT, resource_name: cpu1, ref_start_time: 2119998218163698, ref_stop_time: 2119998218192588, actual_exe_time: 28890, task_app_start_time:2119997209013966, task_sched_time:2119998218156438
app_id: 0, app_name: pulse_doppler_api-aarch64, task_id: 308, task_name: DASH_FFT, resource_name: cpu2, ref_start_time: 2119998222492639, ref_stop_time: 2119998222521859, actual_exe_time: 29220, task_app_start_time:2119997209013966, task_sched_time:2119998219180578
app_id: 0, app_name: pulse_doppler_api-aarch64, task_id: 309, task_name: DASH_FFT, resource_name: cpu3, ref_start_time: 2119998226991650, ref_stop_time: 2119998227022250, actual_exe_time: 30600, task_app_start_time:2119997209013966, task_sched_time:2119998226985020
app_id: 0, app_name: pulse_doppler_api-aarch64, task_id: 310, task_name: DASH_ZIP, resource_name: zip1, ref_start_time: 2119998228130120, ref_stop_time: 2119998228177490, actual_exe_time: 47370, task_app_start_time:2119997209013966, task_sched_time:2119998228070960
app_id: 0, app_name: pulse_doppler_api-aarch64, task_id: 311, task_name: DASH_FFT, resource_name: cpu1, ref_start_time: 2119998234949661, ref_stop_time: 2119998234983441, actual_exe_time: 33780, task_app_start_time:2119997209013966, task_sched_time:2119998234935321
app_id: 0, app_name: pulse_doppler_api-aarch64, task_id: 312, task_name: DASH_FFT, resource_name: cpu2, ref_start_time: 2119998238518612, ref_stop_time: 2119998238544442, actual_exe_time: 25830, task_app_start_time:2119997209013966, task_sched_time:2119998238514952
app_id: 0, app_name: pulse_doppler_api-aarch64, task_id: 313, task_name: DASH_FFT, resource_name: cpu3, ref_start_time: 2119998242052192, ref_stop_time: 2119998242083092, actual_exe_time: 30900, task_app_start_time:2119997209013966, task_sched_time:2119998242045412
app_id: 0, app_name: pulse_doppler_api-aarch64, task_id: 314, task_name: DASH_ZIP, resource_name: zip1, ref_start_time: 2119998246767053, ref_stop_time: 2119998246816883, actual_exe_time: 49830, task_app_start_time:2119997209013966, task_sched_time:2119998246759613
app_id: 0, app_name: pulse_doppler_api-aarch64, task_id: 315, task_name: DASH_FFT, resource_name: cpu1, ref_start_time: 2119998250533674, ref_stop_time: 2119998250568444, actual_exe_time: 34770, task_app_start_time:2119997209013966, task_sched_time:2119998250499534
app_id: 0, app_name: pulse_doppler_api-aarch64, task_id: 316, task_name: DASH_FFT, resource_name: cpu2, ref_start_time: 2119998254481044, ref_stop_time: 2119998254509694, actual_exe_time: 28650, task_app_start_time:2119997209013966, task_sched_time:2119998251829074
app_id: 0, app_name: pulse_doppler_api-aarch64, task_id: 317, task_name: DASH_FFT, resource_name: cpu3, ref_start_time: 2119998255128924, ref_stop_time: 2119998255155024, actual_exe_time: 26100, task_app_start_time:2119997209013966, task_sched_time:2119998255045644
app_id: 0, app_name: pulse_doppler_api-aarch64, task_id: 318, task_name: DASH_ZIP, resource_name: zip1, ref_start_time: 2119998255925514, ref_stop_time: 2119998255973754, actual_exe_time: 48240, task_app_start_time:2119997209013966, task_sched_time:2119998255858794
app_id: 0, app_name: pulse_doppler_api-aarch64, task_id: 319, task_name: DASH_FFT, resource_name: cpu1, ref_start_time: 2119998263067496, ref_stop_time: 2119998263102296, actual_exe_time: 34800, task_app_start_time:2119997209013966, task_sched_time:2119998263048386
app_id: 0, app_name: pulse_doppler_api-aarch64, task_id: 320, task_name: DASH_FFT, resource_name: cpu2, ref_start_time: 2119998264128836, ref_stop_time: 2119998264153016, actual_exe_time: 24180, task_app_start_time:2119997209013966, task_sched_time:2119998264121936
app_id: 0, app_name: pulse_doppler_api-aarch64, task_id: 321, task_name: DASH_FFT, resource_name: cpu3, ref_start_time: 2119998270103937, ref_stop_time: 2119998270480077, actual_exe_time: 376140, task_app_start_time:2119997209013966, task_sched_time:2119998270098597
app_id: 0, app_name: pulse_doppler_api-aarch64, task_id: 322, task_name: DASH_ZIP, resource_name: zip1, ref_start_time: 2119998271285187, ref_stop_time: 2119998271330967, actual_exe_time: 45780, task_app_start_time:2119997209013966, task_sched_time:2119998271277837
app_id: 0, app_name: pulse_doppler_api-aarch64, task_id: 323, task_name: DASH_FFT, resource_name: cpu1, ref_start_time: 2119998271997477, ref_stop_time: 2119998272024507, actual_exe_time: 27030, task_app_start_time:2119997209013966, task_sched_time:2119998271986887
app_id: 0, app_name: pulse_doppler_api-aarch64, task_id: 324, task_name: DASH_FFT, resource_name: cpu2, ref_start_time: 2119998274758167, ref_stop_time: 2119998274786187, actual_exe_time: 28020, task_app_start_time:2119997209013966, task_sched_time:2119998274748387
app_id: 0, app_name: pulse_doppler_api-aarch64, task_id: 325, task_name: DASH_FFT, resource_name: cpu3, ref_start_time: 2119998278528178, ref_stop_time: 2119998279037788, actual_exe_time: 509610, task_app_start_time:2119997209013966, task_sched_time:2119998278522748
app_id: 0, app_name: pulse_doppler_api-aarch64, task_id: 326, task_name: DASH_ZIP, resource_name: zip1, ref_start_time: 2119998279353208, ref_stop_time: 2119998279399408, actual_exe_time: 46200, task_app_start_time:2119997209013966, task_sched_time:2119998279345108
app_id: 0, app_name: pulse_doppler_api-aarch64, task_id: 327, task_name: DASH_FFT, resource_name: cpu1, ref_start_time: 2119998282611449, ref_stop_time: 2119998282637789, actual_exe_time: 26340, task_app_start_time:2119997209013966, task_sched_time:2119998282599419
app_id: 0, app_name: pulse_doppler_api-aarch64, task_id: 328, task_name: DASH_FFT, resource_name: cpu2, ref_start_time: 2119998286526449, ref_stop_time: 2119998286551229, actual_exe_time: 24780, task_app_start_time:2119997209013966, task_sched_time:2119998286519699
app_id: 0, app_name: pulse_doppler_api-aarch64, task_id: 329, task_name: DASH_FFT, resource_name: cpu3, ref_start_time: 2119998287434489, ref_stop_time: 2119998287461669, actual_exe_time: 27180, task_app_start_time:2119997209013966, task_sched_time:2119998287431459
app_id: 0, app_name: pulse_doppler_api-aarch64, task_id: 330, task_name: DASH_ZIP, resource_name: zip1, ref_start_time: 2119998290797250, ref_stop_time: 2119998290847410, actual_exe_time: 50160, task_app_start_time:2119997209013966, task_sched_time:2119998290785460
app_id: 0, app_name: pulse_doppler_api-aarch64, task_id: 331, task_name: DASH_FFT, resource_name: cpu1, ref_start_time: 2119998294655251, ref_stop_time: 2119998294688551, actual_exe_time: 33300, task_app_start_time:2119997209013966, task_sched_time:2119998294641031
app_id: 0, app_name: pulse_doppler_api-aarch64, task_id: 332, task_name: DASH_FFT, resource_name: cpu2, ref_start_time: 2119998298521411, ref_stop_time: 2119998298547391, actual_exe_time: 25980, task_app_start_time:2119997209013966, task_sched_time:2119998298512921
app_id: 0, app_name: pulse_doppler_api-aarch64, task_id: 333, task_name: DASH_FFT, resource_name: cpu3, ref_start_time: 2119998301837102, ref_stop_time: 2119998301866322, actual_exe_time: 29220, task_app_start_time:2119997209013966, task_sched_time:2119998301831102
app_id: 0, app_name: pulse_doppler_api-aarch64, task_id: 334, task_name: DASH_ZIP, resource_name: zip1, ref_start_time: 2119998302581702, ref_stop_time: 2119998302627182, actual_exe_time: 45480, task_app_start_time:2119997209013966, task_sched_time:2119998302543032
app_id: 0, app_name: pulse_doppler_api-aarch64, task_id: 335, task_name: DASH_FFT, resource_name: cpu1, ref_start_time: 2119998306878363, ref_stop_time: 2119998306908423, actual_exe_time: 30060, task_app_start_time:2119997209013966, task_sched_time:2119998306871673
app_id: 0, app_name: pulse_doppler_api-aarch64, task_id: 336, task_name: DASH_FFT, resource_name: cpu2, ref_start_time: 2119998311087453, ref_stop_time: 2119998311322353, actual_exe_time: 234900, task_app_start_time:2119997209013966, task_sched_time:2119998311080613
app_id: 0, app_name: pulse_doppler_api-aarch64, task_id: 337, task_name: DASH_FFT, resource_name: cpu3, ref_start_time: 2119998314520594, ref_stop_time: 2119998314550024, actual_exe_time: 29430, task_app_start_time:2119997209013966, task_sched_time:2119998314510034
app_id: 0, app_name: pulse_doppler_api-aarch64, task_id: 338, task_name: DASH_ZIP, resource_name: zip1, ref_start_time: 2119998314917134, ref_stop_time: 2119998314962314, actual_exe_time: 45180, task_app_start_time:2119997209013966, task_sched_time:2119998314914224
app_id: 0, app_name: pulse_doppler_api-aarch64, task_id: 339, task_name: DASH_FFT, resource_name: cpu1, ref_start_time: 2119998318272934, ref_stop_time: 2119998318300954, actual_exe_time: 28020, task_app_start_time:2119997209013966, task_sched_time:2119998318178974
app_id: 0, app_name: pulse_doppler_api-aarch64, task_id: 340, task_name: DASH_FFT, resource_name: cpu2, ref_start_time: 2119998322629805, ref_stop_time: 2119998322658065, actual_exe_time: 28260, task_app_start_time:2119997209013966, task_sched_time:2119998322621045
app_id: 0, app_name: pulse_doppler_api-aarch64, task_id: 341, task_name: DASH_FFT, resource_name: cpu3, ref_start_time: 2119998327067736, ref_stop_time: 2119998327099746, actual_exe_time: 32010, task_app_start_time:2119997209013966, task_sched_time:2119998326908676
app_id: 0, app_name: pulse_doppler_api-aarch64, task_id: 342, task_name: DASH_ZIP, resource_name: zip1, ref_start_time: 2119998332096037, ref_stop_time: 2119998332277657, actual_exe_time: 181620, task_app_start_time:2119997209013966, task_sched_time:2119998332034357
app_id: 0, app_name: pulse_doppler_api-aarch64, task_id: 343, task_name: DASH_FFT, resource_name: cpu1, ref_start_time: 2119998338539048, ref_stop_time: 2119998338579188, actual_exe_time: 40140, task_app_start_time:2119997209013966, task_sched_time:2119998338523208
app_id: 0, app_name: pulse_doppler_api-aarch64, task_id: 344, task_name: DASH_FFT, resource_name: cpu2, ref_start_time: 2119998339575758, ref_stop_time: 2119998339599188, actual_exe_time: 23430, task_app_start_time:2119997209013966, task_sched_time:2119998339572788
app_id: 0, app_name: pulse_doppler_api-aarch64, task_id: 345, task_name: DASH_FFT, resource_name: cpu3, ref_start_time: 2119998342682108, ref_stop_time: 2119998342709648, actual_exe_time: 27540, task_app_start_time:2119997209013966, task_sched_time:2119998342613618
app_id: 0, app_name: pulse_doppler_api-aarch64, task_id: 346, task_name: DASH_ZIP, resource_name: zip1, ref_start_time: 2119998346978049, ref_stop_time: 2119998347024639, actual_exe_time: 46590, task_app_start_time:2119997209013966, task_sched_time:2119998346972769
app_id: 0, app_name: pulse_doppler_api-aarch64, task_id: 347, task_name: DASH_FFT, resource_name: cpu1, ref_start_time: 2119998347801729, ref_stop_time: 2119998347872049, actual_exe_time: 70320, task_app_start_time:2119997209013966, task_sched_time:2119998347620739
app_id: 0, app_name: pulse_doppler_api-aarch64, task_id: 348, task_name: DASH_FFT, resource_name: cpu2, ref_start_time: 2119998350495070, ref_stop_time: 2119998350527770, actual_exe_time: 32700, task_app_start_time:2119997209013966, task_sched_time:2119998348605999
app_id: 0, app_name: pulse_doppler_api-aarch64, task_id: 349, task_name: DASH_FFT, resource_name: cpu3, ref_start_time: 2119998351031110, ref_stop_time: 2119998351058440, actual_exe_time: 27330, task_app_start_time:2119997209013966, task_sched_time:2119998350981400
app_id: 0, app_name: pulse_doppler_api-aarch64, task_id: 350, task_name: DASH_ZIP, resource_name: zip1, ref_start_time: 2119998355246770, ref_stop_time: 2119998355301580, actual_exe_time: 54810, task_app_start_time:2119997209013966, task_sched_time:2119998355235160
app_id: 0, app_name: pulse_doppler_api-aarch64, task_id: 351, task_name: DASH_FFT, resource_name: cpu1, ref_start_time: 2119998358510801, ref_stop_time: 2119998358540981, actual_exe_time: 30180, task_app_start_time:2119997209013966, task_sched_time:2119998358501591
app_id: 0, app_name: pulse_doppler_api-aarch64, task_id: 352, task_name: DASH_FFT, resource_name: cpu2, ref_start_time: 2119998362587982, ref_stop_time: 2119998362616302, actual_exe_time: 28320, task_app_start_time:2119997209013966, task_sched_time:2119998362582342
app_id: 0, app_name: pulse_doppler_api-aarch64, task_id: 353, task_name: DASH_FFT, resource_name: cpu3, ref_start_time: 2119998366802892, ref_stop_time: 2119998366838832, actual_exe_time: 35940, task_app_start_time:2119997209013966, task_sched_time:2119998366796802
app_id: 0, app_name: pulse_doppler_api-aarch64, task_id: 354, task_name: DASH_ZIP, resource_name: zip1, ref_start_time: 2119998370872603, ref_stop_time: 2119998370920843, actual_exe_time: 48240, task_app_start_time:2119997209013966, task_sched_time:2119998370858953
app_id: 0, app_name: pulse_doppler_api-aarch64, task_id: 355, task_name: DASH_FFT, resource_name: cpu1, ref_start_time: 2119998374829454, ref_stop_time: 2119998374858524, actual_exe_time: 29070, task_app_start_time:2119997209013966, task_sched_time:2119998374819374
app_id: 0, app_name: pulse_doppler_api-aarch64, task_id: 356, task_name: DASH_FFT, resource_name: cpu2, ref_start_time: 2119998377804974, ref_stop_time: 2119998377829094, actual_exe_time: 24120, task_app_start_time:2119997209013966, task_sched_time:2119998377798734
app_id: 0, app_name: pulse_doppler_api-aarch64, task_id: 357, task_name: DASH_FFT, resource_name: cpu3, ref_start_time: 2119998378652354, ref_stop_time: 2119998378679114, actual_exe_time: 26760, task_app_start_time:2119997209013966, task_sched_time:2119998378641854
app_id: 0, app_name: pulse_doppler_api-aarch64, task_id: 358, task_name: DASH_ZIP, resource_name: zip1, ref_start_time: 2119998379543354, ref_stop_time: 2119998379589884, actual_exe_time: 46530, task_app_start_time:2119997209013966, task_sched_time:2119998379534744
app_id: 0, app_name: pulse_doppler_api-aarch64, task_id: 359, task_name: DASH_FFT, resource_name: cpu1, ref_start_time: 2119998380027224, ref_stop_time: 2119998380056954, actual_exe_time: 29730, task_app_start_time:2119997209013966, task_sched_time:2119998380013184
app_id: 0, app_name: pulse_doppler_api-aarch64, task_id: 360, task_name: DASH_FFT, resource_name: cpu2, ref_start_time: 2119998381824615, ref_stop_time: 2119998381851765, actual_exe_time: 27150, task_app_start_time:2119997209013966, task_sched_time:2119998380614564
app_id: 0, app_name: pulse_doppler_api-aarch64, task_id: 361, task_name: DASH_FFT, resource_name: cpu3, ref_start_time: 2119998386658755, ref_stop_time: 2119998386690495, actual_exe_time: 31740, task_app_start_time:2119997209013966, task_sched_time:2119998386650745
app_id: 0, app_name: pulse_doppler_api-aarch64, task_id: 362, task_name: DASH_ZIP, resource_name: zip1, ref_start_time: 2119998390656106, ref_stop_time: 2119998390703116, actual_exe_time: 47010, task_app_start_time:2119997209013966, task_sched_time:2119998390645186
app_id: 0, app_name: pulse_doppler_api-aarch64, task_id: 363, task_name: DASH_FFT, resource_name: cpu1, ref_start_time: 2119998392307606, ref_stop_time: 2119998392336136, actual_exe_time: 28530, task_app_start_time:2119997209013966, task_sched_time:2119998392264166
app_id: 0, app_name: pulse_doppler_api-aarch64, task_id: 364, task_name: DASH_FFT, resource_name: cpu2, ref_start_time: 2119998392867706, ref_stop_time: 2119998393099006, actual_exe_time: 231300, task_app_start_time:2119997209013966, task_sched_time:2119998392863206
app_id: 0, app_name: pulse_doppler_api-aarch64, task_id: 365, task_name: DASH_FFT, resource_name: cpu3, ref_start_time: 2119998398786257, ref_stop_time: 2119998398923717, actual_exe_time: 137460, task_app_start_time:2119997209013966, task_sched_time:2119998398703817
app_id: 0, app_name: pulse_doppler_api-aarch64, task_id: 366, task_name: DASH_ZIP, resource_name: zip1, ref_start_time: 2119998406051299, ref_stop_time: 2119998406101339, actual_exe_time: 50040, task_app_start_time:2119997209013966, task_sched_time:2119998406042749
app_id: 0, app_name: pulse_doppler_api-aarch64, task_id: 367, task_name: DASH_FFT, resource_name: cpu1, ref_start_time: 2119998406645389, ref_stop_time: 2119998406674399, actual_exe_time: 29010, task_app_start_time:2119997209013966, task_sched_time:2119998406342299
app_id: 0, app_name: pulse_doppler_api-aarch64, task_id: 368, task_name: DASH_FFT, resource_name: cpu2, ref_start_time: 2119998414603430, ref_stop_time: 2119998414636070, actual_exe_time: 32640, task_app_start_time:2119997209013966, task_sched_time:2119998414595900
app_id: 0, app_name: pulse_doppler_api-aarch64, task_id: 369, task_name: DASH_FFT, resource_name: cpu3, ref_start_time: 2119998418914071, ref_stop_time: 2119998418944431, actual_exe_time: 30360, task_app_start_time:2119997209013966, task_sched_time:2119998418907441
app_id: 0, app_name: pulse_doppler_api-aarch64, task_id: 370, task_name: DASH_ZIP, resource_name: zip1, ref_start_time: 2119998420891161, ref_stop_time: 2119998420942551, actual_exe_time: 51390, task_app_start_time:2119997209013966, task_sched_time:2119998420884141
app_id: 0, app_name: pulse_doppler_api-aarch64, task_id: 371, task_name: DASH_FFT, resource_name: cpu1, ref_start_time: 2119998421830731, ref_stop_time: 2119998421859261, actual_exe_time: 28530, task_app_start_time:2119997209013966, task_sched_time:2119998421822751
app_id: 0, app_name: pulse_doppler_api-aarch64, task_id: 372, task_name: DASH_FFT, resource_name: cpu2, ref_start_time: 2119998426502212, ref_stop_time: 2119998426537282, actual_exe_time: 35070, task_app_start_time:2119997209013966, task_sched_time:2119998422599121
app_id: 0, app_name: pulse_doppler_api-aarch64, task_id: 373, task_name: DASH_FFT, resource_name: cpu3, ref_start_time: 2119998430760833, ref_stop_time: 2119998430791703, actual_exe_time: 30870, task_app_start_time:2119997209013966, task_sched_time:2119998430698313
app_id: 0, app_name: pulse_doppler_api-aarch64, task_id: 374, task_name: DASH_ZIP, resource_name: zip1, ref_start_time: 2119998436039453, ref_stop_time: 2119998436093723, actual_exe_time: 54270, task_app_start_time:2119997209013966, task_sched_time:2119998436033423
app_id: 0, app_name: pulse_doppler_api-aarch64, task_id: 375, task_name: DASH_FFT, resource_name: cpu1, ref_start_time: 2119998436699453, ref_stop_time: 2119998436729243, actual_exe_time: 29790, task_app_start_time:2119997209013966, task_sched_time:2119998436693873
app_id: 0, app_name: pulse_doppler_api-aarch64, task_id: 376, task_name: DASH_FFT, resource_name: cpu2, ref_start_time: 2119998438505094, ref_stop_time: 2119998438534914, actual_exe_time: 29820, task_app_start_time:2119997209013966, task_sched_time:2119998437166044
app_id: 0, app_name: pulse_doppler_api-aarch64, task_id: 377, task_name: DASH_FFT, resource_name: cpu3, ref_start_time: 2119998439535804, ref_stop_time: 2119998439561964, actual_exe_time: 26160, task_app_start_time:2119997209013966, task_sched_time:2119998439532294
app_id: 0, app_name: pulse_doppler_api-aarch64, task_id: 378, task_name: DASH_ZIP, resource_name: zip1, ref_start_time: 2119998440261354, ref_stop_time: 2119998440309354, actual_exe_time: 48000, task_app_start_time:2119997209013966, task_sched_time:2119998440206784
app_id: 0, app_name: pulse_doppler_api-aarch64, task_id: 379, task_name: DASH_FFT, resource_name: cpu1, ref_start_time: 2119998440769824, ref_stop_time: 2119998440794544, actual_exe_time: 24720, task_app_start_time:2119997209013966, task_sched_time:2119998440766014
app_id: 0, app_name: pulse_doppler_api-aarch64, task_id: 380, task_name: DASH_FFT, resource_name: cpu2, ref_start_time: 2119998446712465, ref_stop_time: 2119998446743155, actual_exe_time: 30690, task_app_start_time:2119997209013966, task_sched_time:2119998446701875
app_id: 0, app_name: pulse_doppler_api-aarch64, task_id: 381, task_name: DASH_FFT, resource_name: cpu3, ref_start_time: 2119998447275715, ref_stop_time: 2119998447301305, actual_exe_time: 25590, task_app_start_time:2119997209013966, task_sched_time:2119998447270105
app_id: 0, app_name: pulse_doppler_api-aarch64, task_id: 382, task_name: DASH_ZIP, resource_name: zip1, ref_start_time: 2119998450917176, ref_stop_time: 2119998450963736, actual_exe_time: 46560, task_app_start_time:2119997209013966, task_sched_time:2119998450912586
app_id: 0, app_name: pulse_doppler_api-aarch64, task_id: 383, task_name: DASH_FFT, resource_name: cpu1, ref_start_time: 2119998452164726, ref_stop_time: 2119998452190796, actual_exe_time: 26070, task_app_start_time:2119997209013966, task_sched_time:2119998452155216
app_id: 0, app_name: pulse_doppler_api-aarch64, task_id: 384, task_name: DASH_FFT, resource_name: cpu2, ref_start_time: 2119998454602376, ref_stop_time: 2119998454634596, actual_exe_time: 32220, task_app_start_time:2119997209013966, task_sched_time:2119998453103126
app_id: 0, app_name: pulse_doppler_api-aarch64, task_id: 385, task_name: DASH_FFT, resource_name: cpu3, ref_start_time: 2119998458639567, ref_stop_time: 2119998458672537, actual_exe_time: 32970, task_app_start_time:2119997209013966, task_sched_time:2119998458568107
app_id: 0, app_name: pulse_doppler_api-aarch64, task_id: 386, task_name: DASH_ZIP, resource_name: zip1, ref_start_time: 2119998462838458, ref_stop_time: 2119998462886038, actual_exe_time: 47580, task_app_start_time:2119997209013966, task_sched_time:2119998462825258
app_id: 0, app_name: pulse_doppler_api-aarch64, task_id: 387, task_name: DASH_FFT, resource_name: cpu1, ref_start_time: 2119998466802808, ref_stop_time: 2119998466832838, actual_exe_time: 30030, task_app_start_time:2119997209013966, task_sched_time:2119998466790958
app_id: 0, app_name: pulse_doppler_api-aarch64, task_id: 388, task_name: DASH_FFT, resource_name: cpu2, ref_start_time: 2119998468031489, ref_stop_time: 2119998468055909, actual_exe_time: 24420, task_app_start_time:2119997209013966, task_sched_time:2119998468024409
app_id: 0, app_name: pulse_doppler_api-aarch64, task_id: 389, task_name: DASH_FFT, resource_name: cpu3, ref_start_time: 2119998470968789, ref_stop_time: 2119998471001639, actual_exe_time: 32850, task_app_start_time:2119997209013966, task_sched_time:2119998470958349
app_id: 0, app_name: pulse_doppler_api-aarch64, task_id: 390, task_name: DASH_ZIP, resource_name: zip1, ref_start_time: 2119998473288659, ref_stop_time: 2119998473337139, actual_exe_time: 48480, task_app_start_time:2119997209013966, task_sched_time:2119998473259559
app_id: 0, app_name: pulse_doppler_api-aarch64, task_id: 391, task_name: DASH_FFT, resource_name: cpu1, ref_start_time: 2119998473906899, ref_stop_time: 2119998473935909, actual_exe_time: 29010, task_app_start_time:2119997209013966, task_sched_time:2119998473897059
app_id: 0, app_name: pulse_doppler_api-aarch64, task_id: 392, task_name: DASH_FFT, resource_name: cpu2, ref_start_time: 2119998474749210, ref_stop_time: 2119998474774890, actual_exe_time: 25680, task_app_start_time:2119997209013966, task_sched_time:2119998474743510
app_id: 0, app_name: pulse_doppler_api-aarch64, task_id: 393, task_name: DASH_FFT, resource_name: cpu3, ref_start_time: 2119998475352240, ref_stop_time: 2119998475377800, actual_exe_time: 25560, task_app_start_time:2119997209013966, task_sched_time:2119998475348700
app_id: 0, app_name: pulse_doppler_api-aarch64, task_id: 394, task_name: DASH_ZIP, resource_name: zip1, ref_start_time: 2119998476072360, ref_stop_time: 2119998476118260, actual_exe_time: 45900, task_app_start_time:2119997209013966, task_sched_time:2119998476025470
app_id: 0, app_name: pulse_doppler_api-aarch64, task_id: 395, task_name: DASH_FFT, resource_name: cpu1, ref_start_time: 2119998476619950, ref_stop_time: 2119998476643290, actual_exe_time: 23340, task_app_start_time:2119997209013966, task_sched_time:2119998476608940
app_id: 0, app_name: pulse_doppler_api-aarch64, task_id: 396, task_name: DASH_FFT, resource_name: cpu2, ref_start_time: 2119998478507400, ref_stop_time: 2119998478531610, actual_exe_time: 24210, task_app_start_time:2119997209013966, task_sched_time:2119998477311780
app_id: 0, app_name: pulse_doppler_api-aarch64, task_id: 397, task_name: DASH_FFT, resource_name: cpu3, ref_start_time: 2119998478983590, ref_stop_time: 2119998479008850, actual_exe_time: 25260, task_app_start_time:2119997209013966, task_sched_time:2119998478976360
app_id: 0, app_name: pulse_doppler_api-aarch64, task_id: 398, task_name: DASH_ZIP, resource_name: zip1, ref_start_time: 2119998479662610, ref_stop_time: 2119998479707730, actual_exe_time: 45120, task_app_start_time:2119997209013966, task_sched_time:2119998479610320
app_id: 0, app_name: pulse_doppler_api-aarch64, task_id: 399, task_name: DASH_FFT, resource_name: cpu1, ref_start_time: 2119998480278810, ref_stop_time: 2119998480301401, actual_exe_time: 22591, task_app_start_time:2119997209013966, task_sched_time:2119998480273290
app_id: 0, app_name: pulse_doppler_api-aarch64, task_id: 400, task_name: DASH_FFT, resource_name: cpu2, ref_start_time: 2119998482540721, ref_stop_time: 2119998482567481, actual_exe_time: 26760, task_app_start_time:2119997209013966, task_sched_time:2119998481053081
app_id: 0, app_name: pulse_doppler_api-aarch64, task_id: 401, task_name: DASH_FFT, resource_name: cpu3, ref_start_time: 2119998482953461, ref_stop_time: 2119998482979741, actual_exe_time: 26280, task_app_start_time:2119997209013966, task_sched_time:2119998482895471
app_id: 0, app_name: pulse_doppler_api-aarch64, task_id: 402, task_name: DASH_ZIP, resource_name: zip1, ref_start_time: 2119998483743511, ref_stop_time: 2119998483789531, actual_exe_time: 46020, task_app_start_time:2119997209013966, task_sched_time:2119998483712161
app_id: 0, app_name: pulse_doppler_api-aarch64, task_id: 403, task_name: DASH_FFT, resource_name: cpu1, ref_start_time: 2119998490966402, ref_stop_time: 2119998491004502, actual_exe_time: 38100, task_app_start_time:2119997209013966, task_sched_time:2119998490958212
app_id: 0, app_name: pulse_doppler_api-aarch64, task_id: 404, task_name: DASH_FFT, resource_name: cpu2, ref_start_time: 2119998492104992, ref_stop_time: 2119998492128632, actual_exe_time: 23640, task_app_start_time:2119997209013966, task_sched_time:2119998492097162
app_id: 0, app_name: pulse_doppler_api-aarch64, task_id: 405, task_name: DASH_FFT, resource_name: cpu3, ref_start_time: 2119998492661792, ref_stop_time: 2119998492687142, actual_exe_time: 25350, task_app_start_time:2119997209013966, task_sched_time:2119998492656002
app_id: 0, app_name: pulse_doppler_api-aarch64, task_id: 406, task_name: DASH_ZIP, resource_name: zip1, ref_start_time: 2119998498815573, ref_stop_time: 2119998498864743, actual_exe_time: 49170, task_app_start_time:2119997209013966, task_sched_time:2119998498810353
app_id: 0, app_name: pulse_doppler_api-aarch64, task_id: 407, task_name: DASH_FFT, resource_name: cpu1, ref_start_time: 2119998499108014, ref_stop_time: 2119998499133184, actual_exe_time: 25170, task_app_start_time:2119997209013966, task_sched_time:2119998499102704
app_id: 0, app_name: pulse_doppler_api-aarch64, task_id: 408, task_name: DASH_FFT, resource_name: cpu2, ref_start_time: 2119998500094624, ref_stop_time: 2119998500278854, actual_exe_time: 184230, task_app_start_time:2119997209013966, task_sched_time:2119998500086644
app_id: 0, app_name: pulse_doppler_api-aarch64, task_id: 409, task_name: DASH_FFT, resource_name: cpu3, ref_start_time: 2119998500714244, ref_stop_time: 2119998500740254, actual_exe_time: 26010, task_app_start_time:2119997209013966, task_sched_time:2119998500709684
app_id: 0, app_name: pulse_doppler_api-aarch64, task_id: 410, task_name: DASH_ZIP, resource_name: zip1, ref_start_time: 2119998505044654, ref_stop_time: 2119998505097394, actual_exe_time: 52740, task_app_start_time:2119997209013966, task_sched_time:2119998505035054
app_id: 0, app_name: pulse_doppler_api-aarch64, task_id: 411, task_name: DASH_FFT, resource_name: cpu1, ref_start_time: 2119998505980415, ref_stop_time: 2119998506011915, actual_exe_time: 31500, task_app_start_time:2119997209013966, task_sched_time:2119998505966045
app_id: 0, app_name: pulse_doppler_api-aarch64, task_id: 412, task_name: DASH_FFT, resource_name: cpu2, ref_start_time: 2119998506787235, ref_stop_time: 2119998506812855, actual_exe_time: 25620, task_app_start_time:2119997209013966, task_sched_time:2119998506778055
app_id: 0, app_name: pulse_doppler_api-aarch64, task_id: 413, task_name: DASH_FFT, resource_name: cpu3, ref_start_time: 2119998507353065, ref_stop_time: 2119998507378865, actual_exe_time: 25800, task_app_start_time:2119997209013966, task_sched_time:2119998507303145
app_id: 0, app_name: pulse_doppler_api-aarch64, task_id: 414, task_name: DASH_ZIP, resource_name: zip1, ref_start_time: 2119998508165915, ref_stop_time: 2119998508211995, actual_exe_time: 46080, task_app_start_time:2119997209013966, task_sched_time:2119998508098655
app_id: 0, app_name: pulse_doppler_api-aarch64, task_id: 415, task_name: DASH_FFT, resource_name: cpu1, ref_start_time: 2119998508771165, ref_stop_time: 2119998508794565, actual_exe_time: 23400, task_app_start_time:2119997209013966, task_sched_time:2119998508758115
app_id: 0, app_name: pulse_doppler_api-aarch64, task_id: 416, task_name: DASH_FFT, resource_name: cpu2, ref_start_time: 2119998510586705, ref_stop_time: 2119998510611755, actual_exe_time: 25050, task_app_start_time:2119997209013966, task_sched_time:2119998509540215
app_id: 0, app_name: pulse_doppler_api-aarch64, task_id: 417, task_name: DASH_FFT, resource_name: cpu3, ref_start_time: 2119998511051855, ref_stop_time: 2119998511076845, actual_exe_time: 24990, task_app_start_time:2119997209013966, task_sched_time:2119998511043335
app_id: 0, app_name: pulse_doppler_api-aarch64, task_id: 418, task_name: DASH_ZIP, resource_name: zip1, ref_start_time: 2119998511666616, ref_stop_time: 2119998511711946, actual_exe_time: 45330, task_app_start_time:2119997209013966, task_sched_time:2119998511611266
app_id: 0, app_name: pulse_doppler_api-aarch64, task_id: 419, task_name: DASH_FFT, resource_name: cpu1, ref_start_time: 2119998512216846, ref_stop_time: 2119998512239526, actual_exe_time: 22680, task_app_start_time:2119997209013966, task_sched_time:2119998512206496
app_id: 0, app_name: pulse_doppler_api-aarch64, task_id: 420, task_name: DASH_FFT, resource_name: cpu2, ref_start_time: 2119998514340606, ref_stop_time: 2119998514365776, actual_exe_time: 25170, task_app_start_time:2119997209013966, task_sched_time:2119998512946686
app_id: 0, app_name: pulse_doppler_api-aarch64, task_id: 421, task_name: DASH_FFT, resource_name: cpu3, ref_start_time: 2119998518840967, ref_stop_time: 2119998518875497, actual_exe_time: 34530, task_app_start_time:2119997209013966, task_sched_time:2119998518833917
app_id: 0, app_name: pulse_doppler_api-aarch64, task_id: 422, task_name: DASH_ZIP, resource_name: zip1, ref_start_time: 2119998519169497, ref_stop_time: 2119998519214707, actual_exe_time: 45210, task_app_start_time:2119997209013966, task_sched_time:2119998519164367
app_id: 0, app_name: pulse_doppler_api-aarch64, task_id: 423, task_name: DASH_FFT, resource_name: cpu1, ref_start_time: 2119998522852957, ref_stop_time: 2119998522884967, actual_exe_time: 32010, task_app_start_time:2119997209013966, task_sched_time:2119998522841827
app_id: 0, app_name: pulse_doppler_api-aarch64, task_id: 424, task_name: DASH_FFT, resource_name: cpu2, ref_start_time: 2119998526742728, ref_stop_time: 2119998526771678, actual_exe_time: 28950, task_app_start_time:2119997209013966, task_sched_time:2119998526530418
app_id: 0, app_name: pulse_doppler_api-aarch64, task_id: 425, task_name: DASH_FFT, resource_name: cpu3, ref_start_time: 2119998527366848, ref_stop_time: 2119998527392078, actual_exe_time: 25230, task_app_start_time:2119997209013966, task_sched_time:2119998527363128
app_id: 0, app_name: pulse_doppler_api-aarch64, task_id: 426, task_name: DASH_ZIP, resource_name: zip1, ref_start_time: 2119998530941079, ref_stop_time: 2119998530988029, actual_exe_time: 46950, task_app_start_time:2119997209013966, task_sched_time:2119998530911259
app_id: 0, app_name: pulse_doppler_api-aarch64, task_id: 427, task_name: DASH_FFT, resource_name: cpu1, ref_start_time: 2119998534521729, ref_stop_time: 2119998534556049, actual_exe_time: 34320, task_app_start_time:2119997209013966, task_sched_time:2119998531768569
app_id: 0, app_name: pulse_doppler_api-aarch64, task_id: 428, task_name: DASH_FFT, resource_name: cpu2, ref_start_time: 2119998535452419, ref_stop_time: 2119998535475699, actual_exe_time: 23280, task_app_start_time:2119997209013966, task_sched_time:2119998535444709
app_id: 0, app_name: pulse_doppler_api-aarch64, task_id: 429, task_name: DASH_FFT, resource_name: cpu3, ref_start_time: 2119998536021729, ref_stop_time: 2119998536047289, actual_exe_time: 25560, task_app_start_time:2119997209013966, task_sched_time:2119998536018099
app_id: 0, app_name: pulse_doppler_api-aarch64, task_id: 430, task_name: DASH_ZIP, resource_name: zip1, ref_start_time: 2119998536335830, ref_stop_time: 2119998536381130, actual_exe_time: 45300, task_app_start_time:2119997209013966, task_sched_time:2119998536332680
app_id: 0, app_name: pulse_doppler_api-aarch64, task_id: 431, task_name: DASH_FFT, resource_name: cpu1, ref_start_time: 2119998542873341, ref_stop_time: 2119998542906581, actual_exe_time: 33240, task_app_start_time:2119997209013966, task_sched_time:2119998542860081
app_id: 0, app_name: pulse_doppler_api-aarch64, task_id: 432, task_name: DASH_FFT, resource_name: cpu2, ref_start_time: 2119998543727141, ref_stop_time: 2119998543750511, actual_exe_time: 23370, task_app_start_time:2119997209013966, task_sched_time:2119998543718171
app_id: 0, app_name: pulse_doppler_api-aarch64, task_id: 433, task_name: DASH_FFT, resource_name: cpu3, ref_start_time: 2119998544238341, ref_stop_time: 2119998544264171, actual_exe_time: 25830, task_app_start_time:2119997209013966, task_sched_time:2119998544233451
app_id: 0, app_name: pulse_doppler_api-aarch64, task_id: 434, task_name: DASH_ZIP, resource_name: zip1, ref_start_time: 2119998547983541, ref_stop_time: 2119998548030551, actual_exe_time: 47010, task_app_start_time:2119997209013966, task_sched_time:2119998547972861
app_id: 0, app_name: pulse_doppler_api-aarch64, task_id: 435, task_name: DASH_FFT, resource_name: cpu1, ref_start_time: 2119998549292802, ref_stop_time: 2119998549316772, actual_exe_time: 23970, task_app_start_time:2119997209013966, task_sched_time:2119998549283592
app_id: 0, app_name: pulse_doppler_api-aarch64, task_id: 436, task_name: DASH_FFT, resource_name: cpu2, ref_start_time: 2119998550201922, ref_stop_time: 2119998550223402, actual_exe_time: 21480, task_app_start_time:2119997209013966, task_sched_time:2119998550198022
app_id: 0, app_name: pulse_doppler_api-aarch64, task_id: 437, task_name: DASH_FFT, resource_name: cpu3, ref_start_time: 2119998555392523, ref_stop_time: 2119998555423843, actual_exe_time: 31320, task_app_start_time:2119997209013966, task_sched_time:2119998555383643
app_id: 0, app_name: pulse_doppler_api-aarch64, task_id: 438, task_name: DASH_ZIP, resource_name: zip1, ref_start_time: 2119998558948093, ref_stop_time: 2119998558997443, actual_exe_time: 49350, task_app_start_time:2119997209013966, task_sched_time:2119998558937083
app_id: 0, app_name: pulse_doppler_api-aarch64, task_id: 439, task_name: DASH_FFT, resource_name: cpu1, ref_start_time: 2119998562553404, ref_stop_time: 2119998562580494, actual_exe_time: 27090, task_app_start_time:2119997209013966, task_sched_time:2119998562548574
app_id: 0, app_name: pulse_doppler_api-aarch64, task_id: 440, task_name: DASH_FFT, resource_name: cpu2, ref_start_time: 2119998563337814, ref_stop_time: 2119998563359294, actual_exe_time: 21480, task_app_start_time:2119997209013966, task_sched_time:2119998563329204
app_id: 0, app_name: pulse_doppler_api-aarch64, task_id: 441, task_name: DASH_FFT, resource_name: cpu3, ref_start_time: 2119998565648414, ref_stop_time: 2119998565674844, actual_exe_time: 26430, task_app_start_time:2119997209013966, task_sched_time:2119998565645534
app_id: 0, app_name: pulse_doppler_api-aarch64, task_id: 442, task_name: DASH_ZIP, resource_name: zip1, ref_start_time: 2119998566899024, ref_stop_time: 2119998566950354, actual_exe_time: 51330, task_app_start_time:2119997209013966, task_sched_time:2119998566890534
app_id: 0, app_name: pulse_doppler_api-aarch64, task_id: 443, task_name: DASH_FFT, resource_name: cpu1, ref_start_time: 2119998570899375, ref_stop_time: 2119998570933515, actual_exe_time: 34140, task_app_start_time:2119997209013966, task_sched_time:2119998570891605
app_id: 0, app_name: pulse_doppler_api-aarch64, task_id: 444, task_name: DASH_FFT, resource_name: cpu2, ref_start_time: 2119998574650456, ref_stop_time: 2119998574679646, actual_exe_time: 29190, task_app_start_time:2119997209013966, task_sched_time:2119998574643076
app_id: 0, app_name: pulse_doppler_api-aarch64, task_id: 445, task_name: DASH_FFT, resource_name: cpu3, ref_start_time: 2119998575249886, ref_stop_time: 2119998575276106, actual_exe_time: 26220, task_app_start_time:2119997209013966, task_sched_time:2119998575244936
app_id: 0, app_name: pulse_doppler_api-aarch64, task_id: 446, task_name: DASH_ZIP, resource_name: zip1, ref_start_time: 2119998578863206, ref_stop_time: 2119998578908986, actual_exe_time: 45780, task_app_start_time:2119997209013966, task_sched_time:2119998578857536
app_id: 0, app_name: pulse_doppler_api-aarch64, task_id: 447, task_name: DASH_FFT, resource_name: cpu1, ref_start_time: 2119998579138126, ref_stop_time: 2119998579161676, actual_exe_time: 23550, task_app_start_time:2119997209013966, task_sched_time:2119998579131796
app_id: 0, app_name: pulse_doppler_api-aarch64, task_id: 448, task_name: DASH_FFT, resource_name: cpu2, ref_start_time: 2119998582522937, ref_stop_time: 2119998582545347, actual_exe_time: 22410, task_app_start_time:2119997209013966, task_sched_time:2119998582514507
app_id: 0, app_name: pulse_doppler_api-aarch64, task_id: 449, task_name: DASH_FFT, resource_name: cpu3, ref_start_time: 2119998583813027, ref_stop_time: 2119998583839727, actual_exe_time: 26700, task_app_start_time:2119997209013966, task_sched_time:2119998583804357
app_id: 0, app_name: pulse_doppler_api-aarch64, task_id: 450, task_name: DASH_ZIP, resource_name: zip1, ref_start_time: 2119998585133627, ref_stop_time: 2119998585181417, actual_exe_time: 47790, task_app_start_time:2119997209013966, task_sched_time:2119998585070837
app_id: 0, app_name: pulse_doppler_api-aarch64, task_id: 451, task_name: DASH_FFT, resource_name: cpu1, ref_start_time: 2119998591159218, ref_stop_time: 2119998591188138, actual_exe_time: 28920, task_app_start_time:2119997209013966, task_sched_time:2119998591141968
app_id: 0, app_name: pulse_doppler_api-aarch64, task_id: 452, task_name: DASH_FFT, resource_name: cpu2, ref_start_time: 2119998592005308, ref_stop_time: 2119998592027358, actual_exe_time: 22050, task_app_start_time:2119997209013966, task_sched_time:2119998591996788
app_id: 0, app_name: pulse_doppler_api-aarch64, task_id: 453, task_name: DASH_FFT, resource_name: cpu3, ref_start_time: 2119998598774150, ref_stop_time: 2119998598807420, actual_exe_time: 33270, task_app_start_time:2119997209013966, task_sched_time:2119998598714210
app_id: 0, app_name: pulse_doppler_api-aarch64, task_id: 454, task_name: DASH_ZIP, resource_name: zip1, ref_start_time: 2119998599616670, ref_stop_time: 2119998599667010, actual_exe_time: 50340, task_app_start_time:2119997209013966, task_sched_time:2119998599611990
app_id: 0, app_name: pulse_doppler_api-aarch64, task_id: 455, task_name: DASH_FFT, resource_name: cpu1, ref_start_time: 2119998600165310, ref_stop_time: 2119998600187660, actual_exe_time: 22350, task_app_start_time:2119997209013966, task_sched_time:2119998600158980
app_id: 0, app_name: pulse_doppler_api-aarch64, task_id: 456, task_name: DASH_FFT, resource_name: cpu2, ref_start_time: 2119998601154530, ref_stop_time: 2119998601175560, actual_exe_time: 21030, task_app_start_time:2119997209013966, task_sched_time:2119998601146760
app_id: 0, app_name: pulse_doppler_api-aarch64, task_id: 457, task_name: DASH_FFT, resource_name: cpu3, ref_start_time: 2119998602431840, ref_stop_time: 2119998602476360, actual_exe_time: 44520, task_app_start_time:2119997209013966, task_sched_time:2119998602424850
app_id: 0, app_name: pulse_doppler_api-aarch64, task_id: 458, task_name: DASH_ZIP, resource_name: zip1, ref_start_time: 2119998603441370, ref_stop_time: 2119998603493390, actual_exe_time: 52020, task_app_start_time:2119997209013966, task_sched_time:2119998603431650
app_id: 0, app_name: pulse_doppler_api-aarch64, task_id: 459, task_name: DASH_FFT, resource_name: cpu1, ref_start_time: 2119998605713691, ref_stop_time: 2119998605743541, actual_exe_time: 29850, task_app_start_time:2119997209013966, task_sched_time:2119998604114180
app_id: 0, app_name: pulse_doppler_api-aarch64, task_id: 460, task_name: DASH_FFT, resource_name: cpu2, ref_start_time: 2119998610574411, ref_stop_time: 2119998610604291, actual_exe_time: 29880, task_app_start_time:2119997209013966, task_sched_time:2119998610565711
app_id: 0, app_name: pulse_doppler_api-aarch64, task_id: 461, task_name: DASH_FFT, resource_name: cpu3, ref_start_time: 2119998611204232, ref_stop_time: 2119998611316822, actual_exe_time: 112590, task_app_start_time:2119997209013966, task_sched_time:2119998611097342
app_id: 0, app_name: pulse_doppler_api-aarch64, task_id: 462, task_name: DASH_ZIP, resource_name: zip1, ref_start_time: 2119998615024672, ref_stop_time: 2119998615070422, actual_exe_time: 45750, task_app_start_time:2119997209013966, task_sched_time:2119998614878002
app_id: 0, app_name: pulse_doppler_api-aarch64, task_id: 463, task_name: DASH_FFT, resource_name: cpu1, ref_start_time: 2119998617058253, ref_stop_time: 2119998617233783, actual_exe_time: 175530, task_app_start_time:2119997209013966, task_sched_time:2119998617053993
app_id: 0, app_name: pulse_doppler_api-aarch64, task_id: 464, task_name: DASH_FFT, resource_name: cpu2, ref_start_time: 2119998623164423, ref_stop_time: 2119998623192353, actual_exe_time: 27930, task_app_start_time:2119997209013966, task_sched_time:2119998623157883
app_id: 0, app_name: pulse_doppler_api-aarch64, task_id: 465, task_name: DASH_FFT, resource_name: cpu3, ref_start_time: 2119998626576144, ref_stop_time: 2119998626604884, actual_exe_time: 28740, task_app_start_time:2119997209013966, task_sched_time:2119998626522564
app_id: 0, app_name: pulse_doppler_api-aarch64, task_id: 466, task_name: DASH_ZIP, resource_name: zip1, ref_start_time: 2119998630571335, ref_stop_time: 2119998630619335, actual_exe_time: 48000, task_app_start_time:2119997209013966, task_sched_time:2119998630516315
app_id: 0, app_name: pulse_doppler_api-aarch64, task_id: 467, task_name: DASH_FFT, resource_name: cpu1, ref_start_time: 2119998634639035, ref_stop_time: 2119998634672035, actual_exe_time: 33000, task_app_start_time:2119997209013966, task_sched_time:2119998634626675
app_id: 0, app_name: pulse_doppler_api-aarch64, task_id: 468, task_name: DASH_FFT, resource_name: cpu2, ref_start_time: 2119998642579227, ref_stop_time: 2119998642614657, actual_exe_time: 35430, task_app_start_time:2119997209013966, task_sched_time:2119998642569357
app_id: 0, app_name: pulse_doppler_api-aarch64, task_id: 469, task_name: DASH_FFT, resource_name: cpu3, ref_start_time: 2119998644699537, ref_stop_time: 2119998644727647, actual_exe_time: 28110, task_app_start_time:2119997209013966, task_sched_time:2119998644692697
app_id: 0, app_name: pulse_doppler_api-aarch64, task_id: 470, task_name: DASH_ZIP, resource_name: zip1, ref_start_time: 2119998650692008, ref_stop_time: 2119998650743368, actual_exe_time: 51360, task_app_start_time:2119997209013966, task_sched_time:2119998650683488
app_id: 0, app_name: pulse_doppler_api-aarch64, task_id: 471, task_name: DASH_FFT, resource_name: cpu1, ref_start_time: 2119998650984598, ref_stop_time: 2119998651010758, actual_exe_time: 26160, task_app_start_time:2119997209013966, task_sched_time:2119998650971188
app_id: 0, app_name: pulse_doppler_api-aarch64, task_id: 472, task_name: DASH_FFT, resource_name: cpu2, ref_start_time: 2119998658505299, ref_stop_time: 2119998659239429, actual_exe_time: 734130, task_app_start_time:2119997209013966, task_sched_time:2119998658498909
app_id: 0, app_name: pulse_doppler_api-aarch64, task_id: 473, task_name: DASH_FFT, resource_name: cpu3, ref_start_time: 2119998662654660, ref_stop_time: 2119998662688860, actual_exe_time: 34200, task_app_start_time:2119997209013966, task_sched_time:2119998662567690
app_id: 0, app_name: pulse_doppler_api-aarch64, task_id: 474, task_name: DASH_ZIP, resource_name: zip1, ref_start_time: 2119998670684521, ref_stop_time: 2119998670737111, actual_exe_time: 52590, task_app_start_time:2119997209013966, task_sched_time:2119998670670901
app_id: 0, app_name: pulse_doppler_api-aarch64, task_id: 475, task_name: DASH_FFT, resource_name: cpu1, ref_start_time: 2119998672834441, ref_stop_time: 2119998672862161, actual_exe_time: 27720, task_app_start_time:2119997209013966, task_sched_time:2119998672821931
app_id: 0, app_name: pulse_doppler_api-aarch64, task_id: 476, task_name: DASH_FFT, resource_name: cpu2, ref_start_time: 2119998679300043, ref_stop_time: 2119998679336703, actual_exe_time: 36660, task_app_start_time:2119997209013966, task_sched_time:2119998679290323
app_id: 0, app_name: pulse_doppler_api-aarch64, task_id: 477, task_name: DASH_FFT, resource_name: cpu3, ref_start_time: 2119998682483823, ref_stop_time: 2119998682556663, actual_exe_time: 72840, task_app_start_time:2119997209013966, task_sched_time:2119998682477523
app_id: 0, app_name: pulse_doppler_api-aarch64, task_id: 478, task_name: DASH_ZIP, resource_name: zip1, ref_start_time: 2119998686695404, ref_stop_time: 2119998686742114, actual_exe_time: 46710, task_app_start_time:2119997209013966, task_sched_time:2119998686631414
app_id: 0, app_name: pulse_doppler_api-aarch64, task_id: 479, task_name: DASH_FFT, resource_name: cpu1, ref_start_time: 2119998687477804, ref_stop_time: 2119998687502944, actual_exe_time: 25140, task_app_start_time:2119997209013966, task_sched_time:2119998687470994
app_id: 0, app_name: pulse_doppler_api-aarch64, task_id: 480, task_name: DASH_FFT, resource_name: cpu2, ref_start_time: 2119998694591585, ref_stop_time: 2119998694628125, actual_exe_time: 36540, task_app_start_time:2119997209013966, task_sched_time:2119998694582135
app_id: 0, app_name: pulse_doppler_api-aarch64, task_id: 481, task_name: DASH_FFT, resource_name: cpu3, ref_start_time: 2119998698567966, ref_stop_time: 2119998698616266, actual_exe_time: 48300, task_app_start_time:2119997209013966, task_sched_time:2119998698523776
app_id: 0, app_name: pulse_doppler_api-aarch64, task_id: 482, task_name: DASH_ZIP, resource_name: zip1, ref_start_time: 2119998701212046, ref_stop_time: 2119998701260106, actual_exe_time: 48060, task_app_start_time:2119997209013966, task_sched_time:2119998701205566
app_id: 0, app_name: pulse_doppler_api-aarch64, task_id: 483, task_name: DASH_FFT, resource_name: cpu1, ref_start_time: 2119998706651827, ref_stop_time: 2119998706915137, actual_exe_time: 263310, task_app_start_time:2119997209013966, task_sched_time:2119998706642437
app_id: 0, app_name: pulse_doppler_api-aarch64, task_id: 484, task_name: DASH_FFT, resource_name: cpu2, ref_start_time: 2119998710982148, ref_stop_time: 2119998711014458, actual_exe_time: 32310, task_app_start_time:2119997209013966, task_sched_time:2119998710972428
app_id: 0, app_name: pulse_doppler_api-aarch64, task_id: 485, task_name: DASH_FFT, resource_name: cpu3, ref_start_time: 2119998715534978, ref_stop_time: 2119998715567048, actual_exe_time: 32070, task_app_start_time:2119997209013966, task_sched_time:2119998715468918
app_id: 0, app_name: pulse_doppler_api-aarch64, task_id: 486, task_name: DASH_ZIP, resource_name: zip1, ref_start_time: 2119998722696790, ref_stop_time: 2119998722750160, actual_exe_time: 53370, task_app_start_time:2119997209013966, task_sched_time:2119998722686800
app_id: 0, app_name: pulse_doppler_api-aarch64, task_id: 487, task_name: DASH_FFT, resource_name: cpu1, ref_start_time: 2119998727045590, ref_stop_time: 2119998727073790, actual_exe_time: 28200, task_app_start_time:2119997209013966, task_sched_time:2119998727036770
app_id: 0, app_name: pulse_doppler_api-aarch64, task_id: 488, task_name: DASH_FFT, resource_name: cpu2, ref_start_time: 2119998729609511, ref_stop_time: 2119998729636001, actual_exe_time: 26490, task_app_start_time:2119997209013966, task_sched_time:2119998729491401
app_id: 0, app_name: pulse_doppler_api-aarch64, task_id: 489, task_name: DASH_FFT, resource_name: cpu3, ref_start_time: 2119998734897581, ref_stop_time: 2119998734935921, actual_exe_time: 38340, task_app_start_time:2119997209013966, task_sched_time:2119998734889481
app_id: 0, app_name: pulse_doppler_api-aarch64, task_id: 490, task_name: DASH_ZIP, resource_name: zip1, ref_start_time: 2119998735299732, ref_stop_time: 2119998735346082, actual_exe_time: 46350, task_app_start_time:2119997209013966, task_sched_time:2119998735215042
app_id: 0, app_name: pulse_doppler_api-aarch64, task_id: 491, task_name: DASH_FFT, resource_name: cpu1, ref_start_time: 2119998738891392, ref_stop_time: 2119998738916112, actual_exe_time: 24720, task_app_start_time:2119997209013966, task_sched_time:2119998738887492
app_id: 0, app_name: pulse_doppler_api-aarch64, task_id: 492, task_name: DASH_FFT, resource_name: cpu2, ref_start_time: 2119998743023413, ref_stop_time: 2119998743049963, actual_exe_time: 26550, task_app_start_time:2119997209013966, task_sched_time:2119998743016543
app_id: 0, app_name: pulse_doppler_api-aarch64, task_id: 493, task_name: DASH_FFT, resource_name: cpu3, ref_start_time: 2119998743764593, ref_stop_time: 2119998743792523, actual_exe_time: 27930, task_app_start_time:2119997209013966, task_sched_time:2119998743761293
app_id: 0, app_name: pulse_doppler_api-aarch64, task_id: 494, task_name: DASH_ZIP, resource_name: zip1, ref_start_time: 2119998746716863, ref_stop_time: 2119998746766903, actual_exe_time: 50040, task_app_start_time:2119997209013966, task_sched_time:2119998746697153
app_id: 0, app_name: pulse_doppler_api-aarch64, task_id: 495, task_name: DASH_FFT, resource_name: cpu1, ref_start_time: 2119998750647194, ref_stop_time: 2119998750680494, actual_exe_time: 33300, task_app_start_time:2119997209013966, task_sched_time:2119998750641914
app_id: 0, app_name: pulse_doppler_api-aarch64, task_id: 496, task_name: DASH_FFT, resource_name: cpu2, ref_start_time: 2119998757663835, ref_stop_time: 2119998757694165, actual_exe_time: 30330, task_app_start_time:2119997209013966, task_sched_time:2119998757513775
app_id: 0, app_name: pulse_doppler_api-aarch64, task_id: 497, task_name: DASH_FFT, resource_name: cpu3, ref_start_time: 2119998758367995, ref_stop_time: 2119998758395715, actual_exe_time: 27720, task_app_start_time:2119997209013966, task_sched_time:2119998758364995
app_id: 0, app_name: pulse_doppler_api-aarch64, task_id: 498, task_name: DASH_ZIP, resource_name: zip1, ref_start_time: 2119998763121826, ref_stop_time: 2119998763169676, actual_exe_time: 47850, task_app_start_time:2119997209013966, task_sched_time:2119998763050066
app_id: 0, app_name: pulse_doppler_api-aarch64, task_id: 499, task_name: DASH_FFT, resource_name: cpu1, ref_start_time: 2119998766874407, ref_stop_time: 2119998766905067, actual_exe_time: 30660, task_app_start_time:2119997209013966, task_sched_time:2119998766865797
app_id: 0, app_name: pulse_doppler_api-aarch64, task_id: 500, task_name: DASH_FFT, resource_name: cpu2, ref_start_time: 2119998770525947, ref_stop_time: 2119998770553997, actual_exe_time: 28050, task_app_start_time:2119997209013966, task_sched_time:2119998770519587
app_id: 0, app_name: pulse_doppler_api-aarch64, task_id: 501, task_name: DASH_FFT, resource_name: cpu3, ref_start_time: 2119998772223287, ref_stop_time: 2119998772399028, actual_exe_time: 175741, task_app_start_time:2119997209013966, task_sched_time:2119998772214767
app_id: 0, app_name: pulse_doppler_api-aarch64, task_id: 502, task_name: DASH_ZIP, resource_name: zip1, ref_start_time: 2119998778729689, ref_stop_time: 2119998778780299, actual_exe_time: 50610, task_app_start_time:2119997209013966, task_sched_time:2119998778723839
app_id: 0, app_name: pulse_doppler_api-aarch64, task_id: 503, task_name: DASH_FFT, resource_name: cpu1, ref_start_time: 2119998779440629, ref_stop_time: 2119998779475879, actual_exe_time: 35250, task_app_start_time:2119997209013966, task_sched_time:2119998779433459
app_id: 0, app_name: pulse_doppler_api-aarch64, task_id: 504, task_name: DASH_FFT, resource_name: cpu2, ref_start_time: 2119998785767540, ref_stop_time: 2119998785797600, actual_exe_time: 30060, task_app_start_time:2119997209013966, task_sched_time:2119998785624560
app_id: 0, app_name: pulse_doppler_api-aarch64, task_id: 505, task_name: DASH_FFT, resource_name: cpu3, ref_start_time: 2119998786045760, ref_stop_time: 2119998786072910, actual_exe_time: 27150, task_app_start_time:2119997209013966, task_sched_time:2119998785990710
app_id: 0, app_name: pulse_doppler_api-aarch64, task_id: 506, task_name: DASH_ZIP, resource_name: zip1, ref_start_time: 2119998791043521, ref_stop_time: 2119998791093771, actual_exe_time: 50250, task_app_start_time:2119997209013966, task_sched_time:2119998791004371
app_id: 0, app_name: pulse_doppler_api-aarch64, task_id: 507, task_name: DASH_FFT, resource_name: cpu1, ref_start_time: 2119998794613161, ref_stop_time: 2119998794823071, actual_exe_time: 209910, task_app_start_time:2119997209013966, task_sched_time:2119998794607521
app_id: 0, app_name: pulse_doppler_api-aarch64, task_id: 508, task_name: DASH_FFT, resource_name: cpu2, ref_start_time: 2119998799323372, ref_stop_time: 2119998799354422, actual_exe_time: 31050, task_app_start_time:2119997209013966, task_sched_time:2119998798859932
app_id: 0, app_name: pulse_doppler_api-aarch64, task_id: 509, task_name: DASH_FFT, resource_name: cpu3, ref_start_time: 2119998799831962, ref_stop_time: 2119998799858512, actual_exe_time: 26550, task_app_start_time:2119997209013966, task_sched_time:2119998799828002
app_id: 0, app_name: pulse_doppler_api-aarch64, task_id: 510, task_name: DASH_ZIP, resource_name: zip1, ref_start_time: 2119998803065002, ref_stop_time: 2119998803115012, actual_exe_time: 50010, task_app_start_time:2119997209013966, task_sched_time:2119998803059662
app_id: 0, app_name: pulse_doppler_api-aarch64, task_id: 511, task_name: DASH_FFT, resource_name: cpu1, ref_start_time: 2119998810857084, ref_stop_time: 2119998810889694, actual_exe_time: 32610, task_app_start_time:2119997209013966, task_sched_time:2119998810845414
