app_id: 0, app_name: pulse_doppler_api-aarch64, task_id: 0, task_name: DASH_FFT, resource_name: cpu1, ref_start_time: 2119459641225184, ref_stop_time: 2119459641416824, actual_exe_time: 191640, task_app_start_time:2119459634098563, task_sched_time:2119459641220984
app_id: 0, app_name: pulse_doppler_api-aarch64, task_id: 1, task_name: DASH_FFT, resource_name: cpu2, ref_start_time: 2119459657656756, ref_stop_time: 2119459657770546, actual_exe_time: 113790, task_app_start_time:2119459634098563, task_sched_time:2119459645906385
app_id: 0, app_name: pulse_doppler_api-aarch64, task_id: 2, task_name: DASH_ZIP, resource_name: cpu3, ref_start_time: 2119459661928757, ref_stop_time: 2119459661957707, actual_exe_time: 28950, task_app_start_time:2119459634098563, task_sched_time:2119459661917207
app_id: 0, app_name: pulse_doppler_api-aarch64, task_id: 3, task_name: DASH_FFT, resource_name: fft1, ref_start_time: 2119459666224008, ref_stop_time: 2119459666327358, actual_exe_time: 103350, task_app_start_time:2119459634098563, task_sched_time:2119459666217078
app_id: 0, app_name: pulse_doppler_api-aarch64, task_id: 4, task_name: DASH_FFT, resource_name: fft2, ref_start_time: 2119459672547109, ref_stop_time: 2119459672613439, actual_exe_time: 66330, task_app_start_time:2119459634098563, task_sched_time:2119459672406469
app_id: 0, app_name: pulse_doppler_api-aarch64, task_id: 5, task_name: DASH_FFT, resource_name: cpu1, ref_start_time: 2119459681831030, ref_stop_time: 2119459681867690, actual_exe_time: 36660, task_app_start_time:2119459634098563, task_sched_time:2119459681822240
app_id: 0, app_name: pulse_doppler_api-aarch64, task_id: 6, task_name: DASH_ZIP, resource_name: cpu2, ref_start_time: 2119459682152120, ref_stop_time: 2119459682174860, actual_exe_time: 22740, task_app_start_time:2119459634098563, task_sched_time:2119459682048830
app_id: 0, app_name: pulse_doppler_api-aarch64, task_id: 7, task_name: DASH_FFT, resource_name: cpu3, ref_start_time: 2119459685525711, ref_stop_time: 2119459685668451, actual_exe_time: 142740, task_app_start_time:2119459634098563, task_sched_time:2119459685521541
app_id: 0, app_name: pulse_doppler_api-aarch64, task_id: 8, task_name: DASH_FFT, resource_name: fft1, ref_start_time: 2119459690781802, ref_stop_time: 2119459690817562, actual_exe_time: 35760, task_app_start_time:2119459634098563, task_sched_time:2119459690763352
app_id: 0, app_name: pulse_doppler_api-aarch64, task_id: 9, task_name: DASH_FFT, resource_name: fft2, ref_start_time: 2119459693868412, ref_stop_time: 2119459693900182, actual_exe_time: 31770, task_app_start_time:2119459634098563, task_sched_time:2119459693863762
app_id: 0, app_name: pulse_doppler_api-aarch64, task_id: 10, task_name: DASH_ZIP, resource_name: zip1, ref_start_time: 2119459697867083, ref_stop_time: 2119459697956543, actual_exe_time: 89460, task_app_start_time:2119459634098563, task_sched_time:2119459697860093
app_id: 0, app_name: pulse_doppler_api-aarch64, task_id: 11, task_name: DASH_FFT, resource_name: cpu1, ref_start_time: 2119459699519633, ref_stop_time: 2119459699551343, actual_exe_time: 31710, task_app_start_time:2119459634098563, task_sched_time:2119459699513843
app_id: 0, app_name: pulse_doppler_api-aarch64, task_id: 12, task_name: DASH_FFT, resource_name: cpu2, ref_start_time: 2119459710012825, ref_stop_time: 2119459710047085, actual_exe_time: 34260, task_app_start_time:2119459634098563, task_sched_time:2119459709909445
app_id: 0, app_name: pulse_doppler_api-aarch64, task_id: 13, task_name: DASH_FFT, resource_name: cpu3, ref_start_time: 2119459713020535, ref_stop_time: 2119459713048975, actual_exe_time: 28440, task_app_start_time:2119459634098563, task_sched_time:2119459713015315
app_id: 0, app_name: pulse_doppler_api-aarch64, task_id: 14, task_name: DASH_ZIP, resource_name: zip1, ref_start_time: 2119459714505356, ref_stop_time: 2119459714549216, actual_exe_time: 43860, task_app_start_time:2119459634098563, task_sched_time:2119459714373386
app_id: 0, app_name: pulse_doppler_api-aarch64, task_id: 15, task_name: DASH_FFT, resource_name: cpu1, ref_start_time: 2119459718037736, ref_stop_time: 2119459718073406, actual_exe_time: 35670, task_app_start_time:2119459634098563, task_sched_time:2119459718032456
app_id: 0, app_name: pulse_doppler_api-aarch64, task_id: 16, task_name: DASH_FFT, resource_name: cpu2, ref_start_time: 2119459722243287, ref_stop_time: 2119459722276077, actual_exe_time: 32790, task_app_start_time:2119459634098563, task_sched_time:2119459722189287
app_id: 0, app_name: pulse_doppler_api-aarch64, task_id: 17, task_name: DASH_FFT, resource_name: cpu3, ref_start_time: 2119459728564528, ref_stop_time: 2119459728593598, actual_exe_time: 29070, task_app_start_time:2119459634098563, task_sched_time:2119459728559458
app_id: 0, app_name: pulse_doppler_api-aarch64, task_id: 18, task_name: DASH_ZIP, resource_name: zip1, ref_start_time: 2119459734810799, ref_stop_time: 2119459734855889, actual_exe_time: 45090, task_app_start_time:2119459634098563, task_sched_time:2119459734801109
app_id: 0, app_name: pulse_doppler_api-aarch64, task_id: 19, task_name: DASH_FFT, resource_name: cpu1, ref_start_time: 2119459737927289, ref_stop_time: 2119459737960289, actual_exe_time: 33000, task_app_start_time:2119459634098563, task_sched_time:2119459737914689
app_id: 0, app_name: pulse_doppler_api-aarch64, task_id: 20, task_name: DASH_FFT, resource_name: cpu2, ref_start_time: 2119459743041930, ref_stop_time: 2119459743537290, actual_exe_time: 495360, task_app_start_time:2119459634098563, task_sched_time:2119459743034970
app_id: 0, app_name: pulse_doppler_api-aarch64, task_id: 21, task_name: DASH_FFT, resource_name: cpu3, ref_start_time: 2119459750384281, ref_stop_time: 2119459750414821, actual_exe_time: 30540, task_app_start_time:2119459634098563, task_sched_time:2119459750379391
app_id: 0, app_name: pulse_doppler_api-aarch64, task_id: 22, task_name: DASH_ZIP, resource_name: zip1, ref_start_time: 2119459755710812, ref_stop_time: 2119459755756112, actual_exe_time: 45300, task_app_start_time:2119459634098563, task_sched_time:2119459755704962
app_id: 0, app_name: pulse_doppler_api-aarch64, task_id: 23, task_name: DASH_FFT, resource_name: cpu1, ref_start_time: 2119459756836112, ref_stop_time: 2119459756869292, actual_exe_time: 33180, task_app_start_time:2119459634098563, task_sched_time:2119459756829632
app_id: 0, app_name: pulse_doppler_api-aarch64, task_id: 24, task_name: DASH_FFT, resource_name: cpu2, ref_start_time: 2119459761851033, ref_stop_time: 2119459761885143, actual_exe_time: 34110, task_app_start_time:2119459634098563, task_sched_time:2119459760223413
app_id: 0, app_name: pulse_doppler_api-aarch64, task_id: 25, task_name: DASH_FFT, resource_name: cpu3, ref_start_time: 2119459762513883, ref_stop_time: 2119459762537433, actual_exe_time: 23550, task_app_start_time:2119459634098563, task_sched_time:2119459762505213
app_id: 0, app_name: pulse_doppler_api-aarch64, task_id: 26, task_name: DASH_ZIP, resource_name: zip1, ref_start_time: 2119459762802303, ref_stop_time: 2119459762842743, actual_exe_time: 40440, task_app_start_time:2119459634098563, task_sched_time:2119459762793963
app_id: 0, app_name: pulse_doppler_api-aarch64, task_id: 27, task_name: DASH_FFT, resource_name: cpu1, ref_start_time: 2119459763836944, ref_stop_time: 2119459763863794, actual_exe_time: 26850, task_app_start_time:2119459634098563, task_sched_time:2119459763831634
app_id: 0, app_name: pulse_doppler_api-aarch64, task_id: 28, task_name: DASH_FFT, resource_name: cpu2, ref_start_time: 2119459769335764, ref_stop_time: 2119459769365764, actual_exe_time: 30000, task_app_start_time:2119459634098563, task_sched_time:2119459765228644
app_id: 0, app_name: pulse_doppler_api-aarch64, task_id: 29, task_name: DASH_FFT, resource_name: cpu3, ref_start_time: 2119459777823006, ref_stop_time: 2119459777859126, actual_exe_time: 36120, task_app_start_time:2119459634098563, task_sched_time:2119459773698005
app_id: 0, app_name: pulse_doppler_api-aarch64, task_id: 30, task_name: DASH_ZIP, resource_name: zip1, ref_start_time: 2119459778999426, ref_stop_time: 2119459779043826, actual_exe_time: 44400, task_app_start_time:2119459634098563, task_sched_time:2119459778993246
app_id: 0, app_name: pulse_doppler_api-aarch64, task_id: 31, task_name: DASH_FFT, resource_name: cpu1, ref_start_time: 2119459779779696, ref_stop_time: 2119459779807776, actual_exe_time: 28080, task_app_start_time:2119459634098563, task_sched_time:2119459779765446
app_id: 0, app_name: pulse_doppler_api-aarch64, task_id: 32, task_name: DASH_FFT, resource_name: cpu2, ref_start_time: 2119459781187146, ref_stop_time: 2119459781211326, actual_exe_time: 24180, task_app_start_time:2119459634098563, task_sched_time:2119459781181176
app_id: 0, app_name: pulse_doppler_api-aarch64, task_id: 33, task_name: DASH_FFT, resource_name: cpu3, ref_start_time: 2119459783963677, ref_stop_time: 2119459783991607, actual_exe_time: 27930, task_app_start_time:2119459634098563, task_sched_time:2119459781853776
app_id: 0, app_name: pulse_doppler_api-aarch64, task_id: 34, task_name: DASH_ZIP, resource_name: zip1, ref_start_time: 2119459785276657, ref_stop_time: 2119459785321057, actual_exe_time: 44400, task_app_start_time:2119459634098563, task_sched_time:2119459785267327
app_id: 0, app_name: pulse_doppler_api-aarch64, task_id: 35, task_name: DASH_FFT, resource_name: cpu1, ref_start_time: 2119459788409587, ref_stop_time: 2119459788445407, actual_exe_time: 35820, task_app_start_time:2119459634098563, task_sched_time:2119459786077627
app_id: 0, app_name: pulse_doppler_api-aarch64, task_id: 36, task_name: DASH_FFT, resource_name: cpu2, ref_start_time: 2119459790311048, ref_stop_time: 2119459790337208, actual_exe_time: 26160, task_app_start_time:2119459634098563, task_sched_time:2119459790306068
app_id: 0, app_name: pulse_doppler_api-aarch64, task_id: 37, task_name: DASH_FFT, resource_name: cpu3, ref_start_time: 2119459791108238, ref_stop_time: 2119459791131578, actual_exe_time: 23340, task_app_start_time:2119459634098563, task_sched_time:2119459791098458
app_id: 0, app_name: pulse_doppler_api-aarch64, task_id: 38, task_name: DASH_ZIP, resource_name: zip1, ref_start_time: 2119459792240798, ref_stop_time: 2119459792283848, actual_exe_time: 43050, task_app_start_time:2119459634098563, task_sched_time:2119459792234018
app_id: 0, app_name: pulse_doppler_api-aarch64, task_id: 39, task_name: DASH_FFT, resource_name: cpu1, ref_start_time: 2119459793162578, ref_stop_time: 2119459793191948, actual_exe_time: 29370, task_app_start_time:2119459634098563, task_sched_time:2119459793150038
app_id: 0, app_name: pulse_doppler_api-aarch64, task_id: 40, task_name: DASH_FFT, resource_name: cpu2, ref_start_time: 2119459794958319, ref_stop_time: 2119459794982379, actual_exe_time: 24060, task_app_start_time:2119459634098563, task_sched_time:2119459794951209
app_id: 0, app_name: pulse_doppler_api-aarch64, task_id: 41, task_name: DASH_FFT, resource_name: cpu3, ref_start_time: 2119459795589549, ref_stop_time: 2119459795610969, actual_exe_time: 21420, task_app_start_time:2119459634098563, task_sched_time:2119459795585649
app_id: 0, app_name: pulse_doppler_api-aarch64, task_id: 42, task_name: DASH_ZIP, resource_name: zip1, ref_start_time: 2119459796306969, ref_stop_time: 2119459796347319, actual_exe_time: 40350, task_app_start_time:2119459634098563, task_sched_time:2119459796303579
app_id: 0, app_name: pulse_doppler_api-aarch64, task_id: 43, task_name: DASH_FFT, resource_name: cpu1, ref_start_time: 2119459796822369, ref_stop_time: 2119459796849279, actual_exe_time: 26910, task_app_start_time:2119459634098563, task_sched_time:2119459796819459
app_id: 0, app_name: pulse_doppler_api-aarch64, task_id: 44, task_name: DASH_FFT, resource_name: cpu2, ref_start_time: 2119459798223639, ref_stop_time: 2119459798247789, actual_exe_time: 24150, task_app_start_time:2119459634098563, task_sched_time:2119459798213649
app_id: 0, app_name: pulse_doppler_api-aarch64, task_id: 45, task_name: DASH_FFT, resource_name: cpu3, ref_start_time: 2119459798937369, ref_stop_time: 2119459798958189, actual_exe_time: 20820, task_app_start_time:2119459634098563, task_sched_time:2119459798934759
app_id: 0, app_name: pulse_doppler_api-aarch64, task_id: 46, task_name: DASH_ZIP, resource_name: zip1, ref_start_time: 2119459800013559, ref_stop_time: 2119459800053579, actual_exe_time: 40020, task_app_start_time:2119459634098563, task_sched_time:2119459800008969
app_id: 0, app_name: pulse_doppler_api-aarch64, task_id: 47, task_name: DASH_FFT, resource_name: cpu1, ref_start_time: 2119459800755849, ref_stop_time: 2119459800785189, actual_exe_time: 29340, task_app_start_time:2119459634098563, task_sched_time:2119459800750149
app_id: 0, app_name: pulse_doppler_api-aarch64, task_id: 48, task_name: DASH_FFT, resource_name: cpu2, ref_start_time: 2119459801987260, ref_stop_time: 2119459802272740, actual_exe_time: 285480, task_app_start_time:2119459634098563, task_sched_time:2119459801978410
app_id: 0, app_name: pulse_doppler_api-aarch64, task_id: 49, task_name: DASH_FFT, resource_name: cpu3, ref_start_time: 2119459802853660, ref_stop_time: 2119459802874450, actual_exe_time: 20790, task_app_start_time:2119459634098563, task_sched_time:2119459802844450
app_id: 0, app_name: pulse_doppler_api-aarch64, task_id: 50, task_name: DASH_ZIP, resource_name: zip1, ref_start_time: 2119459803586650, ref_stop_time: 2119459803626820, actual_exe_time: 40170, task_app_start_time:2119459634098563, task_sched_time:2119459803583710
app_id: 0, app_name: pulse_doppler_api-aarch64, task_id: 51, task_name: DASH_FFT, resource_name: cpu1, ref_start_time: 2119459804306590, ref_stop_time: 2119459804334880, actual_exe_time: 28290, task_app_start_time:2119459634098563, task_sched_time:2119459804301340
app_id: 0, app_name: pulse_doppler_api-aarch64, task_id: 52, task_name: DASH_FFT, resource_name: cpu2, ref_start_time: 2119459805655990, ref_stop_time: 2119459805679270, actual_exe_time: 23280, task_app_start_time:2119459634098563, task_sched_time:2119459805646330
app_id: 0, app_name: pulse_doppler_api-aarch64, task_id: 53, task_name: DASH_FFT, resource_name: cpu3, ref_start_time: 2119459806313290, ref_stop_time: 2119459806340320, actual_exe_time: 27030, task_app_start_time:2119459634098563, task_sched_time:2119459806306750
app_id: 0, app_name: pulse_doppler_api-aarch64, task_id: 54, task_name: DASH_ZIP, resource_name: zip1, ref_start_time: 2119459807203030, ref_stop_time: 2119459807245870, actual_exe_time: 42840, task_app_start_time:2119459634098563, task_sched_time:2119459807193670
app_id: 0, app_name: pulse_doppler_api-aarch64, task_id: 55, task_name: DASH_FFT, resource_name: cpu1, ref_start_time: 2119459807934191, ref_stop_time: 2119459807962001, actual_exe_time: 27810, task_app_start_time:2119459634098563, task_sched_time:2119459807927231
app_id: 0, app_name: pulse_doppler_api-aarch64, task_id: 56, task_name: DASH_FFT, resource_name: cpu2, ref_start_time: 2119459809479311, ref_stop_time: 2119459809504121, actual_exe_time: 24810, task_app_start_time:2119459634098563, task_sched_time:2119459809470731
app_id: 0, app_name: pulse_doppler_api-aarch64, task_id: 57, task_name: DASH_FFT, resource_name: cpu3, ref_start_time: 2119459810165291, ref_stop_time: 2119459810191361, actual_exe_time: 26070, task_app_start_time:2119459634098563, task_sched_time:2119459810161931
app_id: 0, app_name: pulse_doppler_api-aarch64, task_id: 58, task_name: DASH_ZIP, resource_name: zip1, ref_start_time: 2119459810877131, ref_stop_time: 2119459810918051, actual_exe_time: 40920, task_app_start_time:2119459634098563, task_sched_time:2119459810872061
app_id: 0, app_name: pulse_doppler_api-aarch64, task_id: 59, task_name: DASH_FFT, resource_name: cpu1, ref_start_time: 2119459811608921, ref_stop_time: 2119459811635651, actual_exe_time: 26730, task_app_start_time:2119459634098563, task_sched_time:2119459811604241
app_id: 0, app_name: pulse_doppler_api-aarch64, task_id: 60, task_name: DASH_FFT, resource_name: cpu2, ref_start_time: 2119459812887911, ref_stop_time: 2119459812909031, actual_exe_time: 21120, task_app_start_time:2119459634098563, task_sched_time:2119459812879961
app_id: 0, app_name: pulse_doppler_api-aarch64, task_id: 61, task_name: DASH_FFT, resource_name: cpu3, ref_start_time: 2119459813818422, ref_stop_time: 2119459813843352, actual_exe_time: 24930, task_app_start_time:2119459634098563, task_sched_time:2119459813451161
app_id: 0, app_name: pulse_doppler_api-aarch64, task_id: 62, task_name: DASH_ZIP, resource_name: zip1, ref_start_time: 2119459814579462, ref_stop_time: 2119459814621642, actual_exe_time: 42180, task_app_start_time:2119459634098563, task_sched_time:2119459814570672
app_id: 0, app_name: pulse_doppler_api-aarch64, task_id: 63, task_name: DASH_FFT, resource_name: cpu1, ref_start_time: 2119459815464642, ref_stop_time: 2119459815491522, actual_exe_time: 26880, task_app_start_time:2119459634098563, task_sched_time:2119459815457112
app_id: 0, app_name: pulse_doppler_api-aarch64, task_id: 64, task_name: DASH_FFT, resource_name: cpu2, ref_start_time: 2119459816852832, ref_stop_time: 2119459816876532, actual_exe_time: 23700, task_app_start_time:2119459634098563, task_sched_time:2119459816847342
app_id: 0, app_name: pulse_doppler_api-aarch64, task_id: 65, task_name: DASH_FFT, resource_name: cpu3, ref_start_time: 2119459817821142, ref_stop_time: 2119459817845562, actual_exe_time: 24420, task_app_start_time:2119459634098563, task_sched_time:2119459817427632
app_id: 0, app_name: pulse_doppler_api-aarch64, task_id: 66, task_name: DASH_ZIP, resource_name: zip1, ref_start_time: 2119459818530012, ref_stop_time: 2119459818571532, actual_exe_time: 41520, task_app_start_time:2119459634098563, task_sched_time:2119459818521972
app_id: 0, app_name: pulse_doppler_api-aarch64, task_id: 67, task_name: DASH_FFT, resource_name: cpu1, ref_start_time: 2119459819282802, ref_stop_time: 2119459819309112, actual_exe_time: 26310, task_app_start_time:2119459634098563, task_sched_time:2119459819279862
app_id: 0, app_name: pulse_doppler_api-aarch64, task_id: 68, task_name: DASH_FFT, resource_name: cpu2, ref_start_time: 2119459820629053, ref_stop_time: 2119459820651733, actual_exe_time: 22680, task_app_start_time:2119459634098563, task_sched_time:2119459820621493
app_id: 0, app_name: pulse_doppler_api-aarch64, task_id: 69, task_name: DASH_FFT, resource_name: cpu3, ref_start_time: 2119459821476643, ref_stop_time: 2119459821500823, actual_exe_time: 24180, task_app_start_time:2119459634098563, task_sched_time:2119459821233733
app_id: 0, app_name: pulse_doppler_api-aarch64, task_id: 70, task_name: DASH_ZIP, resource_name: zip1, ref_start_time: 2119459830672064, ref_stop_time: 2119459830721594, actual_exe_time: 49530, task_app_start_time:2119459634098563, task_sched_time:2119459830664504
app_id: 0, app_name: pulse_doppler_api-aarch64, task_id: 71, task_name: DASH_FFT, resource_name: cpu1, ref_start_time: 2119459834306955, ref_stop_time: 2119459834339115, actual_exe_time: 32160, task_app_start_time:2119459634098563, task_sched_time:2119459834299935
app_id: 0, app_name: pulse_doppler_api-aarch64, task_id: 72, task_name: DASH_FFT, resource_name: cpu2, ref_start_time: 2119459836827765, ref_stop_time: 2119459836852545, actual_exe_time: 24780, task_app_start_time:2119459634098563, task_sched_time:2119459836818285
app_id: 0, app_name: pulse_doppler_api-aarch64, task_id: 73, task_name: DASH_FFT, resource_name: cpu3, ref_start_time: 2119459837615625, ref_stop_time: 2119459837640075, actual_exe_time: 24450, task_app_start_time:2119459634098563, task_sched_time:2119459837611755
app_id: 0, app_name: pulse_doppler_api-aarch64, task_id: 74, task_name: DASH_ZIP, resource_name: zip1, ref_start_time: 2119459838528736, ref_stop_time: 2119459838571186, actual_exe_time: 42450, task_app_start_time:2119459634098563, task_sched_time:2119459838520546
app_id: 0, app_name: pulse_doppler_api-aarch64, task_id: 75, task_name: DASH_FFT, resource_name: cpu1, ref_start_time: 2119459839010956, ref_stop_time: 2119459839038736, actual_exe_time: 27780, task_app_start_time:2119459634098563, task_sched_time:2119459839008076
app_id: 0, app_name: pulse_doppler_api-aarch64, task_id: 76, task_name: DASH_FFT, resource_name: cpu2, ref_start_time: 2119459840820526, ref_stop_time: 2119459840844616, actual_exe_time: 24090, task_app_start_time:2119459634098563, task_sched_time:2119459840815996
app_id: 0, app_name: pulse_doppler_api-aarch64, task_id: 77, task_name: DASH_FFT, resource_name: cpu3, ref_start_time: 2119459842148386, ref_stop_time: 2119459842177246, actual_exe_time: 28860, task_app_start_time:2119459634098563, task_sched_time:2119459841448096
app_id: 0, app_name: pulse_doppler_api-aarch64, task_id: 78, task_name: DASH_ZIP, resource_name: zip1, ref_start_time: 2119459844133726, ref_stop_time: 2119459844177736, actual_exe_time: 44010, task_app_start_time:2119459634098563, task_sched_time:2119459843178766
app_id: 0, app_name: pulse_doppler_api-aarch64, task_id: 79, task_name: DASH_FFT, resource_name: cpu1, ref_start_time: 2119459850599987, ref_stop_time: 2119459850635417, actual_exe_time: 35430, task_app_start_time:2119459634098563, task_sched_time:2119459850594047
app_id: 0, app_name: pulse_doppler_api-aarch64, task_id: 80, task_name: DASH_FFT, resource_name: cpu2, ref_start_time: 2119459851966308, ref_stop_time: 2119459851988808, actual_exe_time: 22500, task_app_start_time:2119459634098563, task_sched_time:2119459851962648
app_id: 0, app_name: pulse_doppler_api-aarch64, task_id: 81, task_name: DASH_FFT, resource_name: cpu3, ref_start_time: 2119459855494218, ref_stop_time: 2119459855518368, actual_exe_time: 24150, task_app_start_time:2119459634098563, task_sched_time:2119459855490888
app_id: 0, app_name: pulse_doppler_api-aarch64, task_id: 82, task_name: DASH_ZIP, resource_name: zip1, ref_start_time: 2119459857168279, ref_stop_time: 2119459857209529, actual_exe_time: 41250, task_app_start_time:2119459634098563, task_sched_time:2119459857160659
app_id: 0, app_name: pulse_doppler_api-aarch64, task_id: 83, task_name: DASH_FFT, resource_name: cpu1, ref_start_time: 2119459858352229, ref_stop_time: 2119459858384179, actual_exe_time: 31950, task_app_start_time:2119459634098563, task_sched_time:2119459858347849
app_id: 0, app_name: pulse_doppler_api-aarch64, task_id: 84, task_name: DASH_FFT, resource_name: cpu2, ref_start_time: 2119459859146359, ref_stop_time: 2119459859170869, actual_exe_time: 24510, task_app_start_time:2119459634098563, task_sched_time:2119459859141139
app_id: 0, app_name: pulse_doppler_api-aarch64, task_id: 85, task_name: DASH_FFT, resource_name: cpu3, ref_start_time: 2119459860987069, ref_stop_time: 2119459861014549, actual_exe_time: 27480, task_app_start_time:2119459634098563, task_sched_time:2119459860701979
app_id: 0, app_name: pulse_doppler_api-aarch64, task_id: 86, task_name: DASH_ZIP, resource_name: zip1, ref_start_time: 2119459866439300, ref_stop_time: 2119459866486130, actual_exe_time: 46830, task_app_start_time:2119459634098563, task_sched_time:2119459866430090
app_id: 0, app_name: pulse_doppler_api-aarch64, task_id: 87, task_name: DASH_FFT, resource_name: cpu1, ref_start_time: 2119459867149400, ref_stop_time: 2119459867179250, actual_exe_time: 29850, task_app_start_time:2119459634098563, task_sched_time:2119459867139320
app_id: 0, app_name: pulse_doppler_api-aarch64, task_id: 88, task_name: DASH_FFT, resource_name: cpu2, ref_start_time: 2119459872671981, ref_stop_time: 2119459872697511, actual_exe_time: 25530, task_app_start_time:2119459634098563, task_sched_time:2119459872665141
app_id: 0, app_name: pulse_doppler_api-aarch64, task_id: 89, task_name: DASH_FFT, resource_name: cpu3, ref_start_time: 2119459874163971, ref_stop_time: 2119459874187431, actual_exe_time: 23460, task_app_start_time:2119459634098563, task_sched_time:2119459874158631
app_id: 0, app_name: pulse_doppler_api-aarch64, task_id: 90, task_name: DASH_ZIP, resource_name: zip1, ref_start_time: 2119459875471821, ref_stop_time: 2119459875513431, actual_exe_time: 41610, task_app_start_time:2119459634098563, task_sched_time:2119459875465761
app_id: 0, app_name: pulse_doppler_api-aarch64, task_id: 91, task_name: DASH_FFT, resource_name: cpu1, ref_start_time: 2119459880483472, ref_stop_time: 2119459880522052, actual_exe_time: 38580, task_app_start_time:2119459634098563, task_sched_time:2119459880475402
app_id: 0, app_name: pulse_doppler_api-aarch64, task_id: 92, task_name: DASH_FFT, resource_name: cpu2, ref_start_time: 2119459886399563, ref_stop_time: 2119459886427673, actual_exe_time: 28110, task_app_start_time:2119459634098563, task_sched_time:2119459886391853
app_id: 0, app_name: pulse_doppler_api-aarch64, task_id: 93, task_name: DASH_FFT, resource_name: cpu3, ref_start_time: 2119459886951353, ref_stop_time: 2119459886975803, actual_exe_time: 24450, task_app_start_time:2119459634098563, task_sched_time:2119459886944003
app_id: 0, app_name: pulse_doppler_api-aarch64, task_id: 94, task_name: DASH_ZIP, resource_name: zip1, ref_start_time: 2119459891638524, ref_stop_time: 2119459891682414, actual_exe_time: 43890, task_app_start_time:2119459634098563, task_sched_time:2119459891628804
app_id: 0, app_name: pulse_doppler_api-aarch64, task_id: 95, task_name: DASH_FFT, resource_name: cpu1, ref_start_time: 2119459892479604, ref_stop_time: 2119459892508134, actual_exe_time: 28530, task_app_start_time:2119459634098563, task_sched_time:2119459892471234
app_id: 0, app_name: pulse_doppler_api-aarch64, task_id: 96, task_name: DASH_FFT, resource_name: cpu2, ref_start_time: 2119459894662885, ref_stop_time: 2119459894688235, actual_exe_time: 25350, task_app_start_time:2119459634098563, task_sched_time:2119459894656975
app_id: 0, app_name: pulse_doppler_api-aarch64, task_id: 97, task_name: DASH_FFT, resource_name: cpu3, ref_start_time: 2119459897554765, ref_stop_time: 2119459897588095, actual_exe_time: 33330, task_app_start_time:2119459634098563, task_sched_time:2119459895538375
app_id: 0, app_name: pulse_doppler_api-aarch64, task_id: 98, task_name: DASH_ZIP, resource_name: zip1, ref_start_time: 2119459902747676, ref_stop_time: 2119459902795226, actual_exe_time: 47550, task_app_start_time:2119459634098563, task_sched_time:2119459902739336
app_id: 0, app_name: pulse_doppler_api-aarch64, task_id: 99, task_name: DASH_FFT, resource_name: cpu1, ref_start_time: 2119459906164256, ref_stop_time: 2119459906197226, actual_exe_time: 32970, task_app_start_time:2119459634098563, task_sched_time:2119459906148326
app_id: 0, app_name: pulse_doppler_api-aarch64, task_id: 100, task_name: DASH_FFT, resource_name: cpu2, ref_start_time: 2119459909301777, ref_stop_time: 2119459909327217, actual_exe_time: 25440, task_app_start_time:2119459634098563, task_sched_time:2119459909210217
app_id: 0, app_name: pulse_doppler_api-aarch64, task_id: 101, task_name: DASH_FFT, resource_name: cpu3, ref_start_time: 2119459910177507, ref_stop_time: 2119459910200457, actual_exe_time: 22950, task_app_start_time:2119459634098563, task_sched_time:2119459910168927
app_id: 0, app_name: pulse_doppler_api-aarch64, task_id: 102, task_name: DASH_ZIP, resource_name: zip1, ref_start_time: 2119459914332448, ref_stop_time: 2119459914378918, actual_exe_time: 46470, task_app_start_time:2119459634098563, task_sched_time:2119459914310188
app_id: 0, app_name: pulse_doppler_api-aarch64, task_id: 103, task_name: DASH_FFT, resource_name: cpu1, ref_start_time: 2119459914632478, ref_stop_time: 2119459914662568, actual_exe_time: 30090, task_app_start_time:2119459634098563, task_sched_time:2119459914622188
app_id: 0, app_name: pulse_doppler_api-aarch64, task_id: 104, task_name: DASH_FFT, resource_name: cpu2, ref_start_time: 2119459925414390, ref_stop_time: 2119459925450150, actual_exe_time: 35760, task_app_start_time:2119459634098563, task_sched_time:2119459925253949
app_id: 0, app_name: pulse_doppler_api-aarch64, task_id: 105, task_name: DASH_FFT, resource_name: cpu3, ref_start_time: 2119459929049550, ref_stop_time: 2119459929079400, actual_exe_time: 29850, task_app_start_time:2119459634098563, task_sched_time:2119459929043850
app_id: 0, app_name: pulse_doppler_api-aarch64, task_id: 106, task_name: DASH_ZIP, resource_name: zip1, ref_start_time: 2119459929900440, ref_stop_time: 2119459929945050, actual_exe_time: 44610, task_app_start_time:2119459634098563, task_sched_time:2119459929858740
app_id: 0, app_name: pulse_doppler_api-aarch64, task_id: 107, task_name: DASH_FFT, resource_name: cpu1, ref_start_time: 2119459930499840, ref_stop_time: 2119459930531580, actual_exe_time: 31740, task_app_start_time:2119459634098563, task_sched_time:2119459930490780
app_id: 0, app_name: pulse_doppler_api-aarch64, task_id: 108, task_name: DASH_FFT, resource_name: cpu2, ref_start_time: 2119459933828971, ref_stop_time: 2119459933857801, actual_exe_time: 28830, task_app_start_time:2119459634098563, task_sched_time:2119459931786481
app_id: 0, app_name: pulse_doppler_api-aarch64, task_id: 109, task_name: DASH_FFT, resource_name: cpu3, ref_start_time: 2119459934329701, ref_stop_time: 2119459934352441, actual_exe_time: 22740, task_app_start_time:2119459634098563, task_sched_time:2119459934322891
app_id: 0, app_name: pulse_doppler_api-aarch64, task_id: 110, task_name: DASH_ZIP, resource_name: zip1, ref_start_time: 2119459935192291, ref_stop_time: 2119459935239601, actual_exe_time: 47310, task_app_start_time:2119459634098563, task_sched_time:2119459935187071
app_id: 0, app_name: pulse_doppler_api-aarch64, task_id: 111, task_name: DASH_FFT, resource_name: cpu1, ref_start_time: 2119459935736881, ref_stop_time: 2119459935764121, actual_exe_time: 27240, task_app_start_time:2119459634098563, task_sched_time:2119459935728001
app_id: 0, app_name: pulse_doppler_api-aarch64, task_id: 112, task_name: DASH_FFT, resource_name: cpu2, ref_start_time: 2119459937850532, ref_stop_time: 2119459937876872, actual_exe_time: 26340, task_app_start_time:2119459634098563, task_sched_time:2119459936307391
app_id: 0, app_name: pulse_doppler_api-aarch64, task_id: 113, task_name: DASH_FFT, resource_name: cpu3, ref_start_time: 2119459939282852, ref_stop_time: 2119459939307032, actual_exe_time: 24180, task_app_start_time:2119459634098563, task_sched_time:2119459939273882
app_id: 0, app_name: pulse_doppler_api-aarch64, task_id: 114, task_name: DASH_ZIP, resource_name: zip1, ref_start_time: 2119459940277292, ref_stop_time: 2119459940321212, actual_exe_time: 43920, task_app_start_time:2119459634098563, task_sched_time:2119459940213152
app_id: 0, app_name: pulse_doppler_api-aarch64, task_id: 115, task_name: DASH_FFT, resource_name: cpu1, ref_start_time: 2119459940925922, ref_stop_time: 2119459940953012, actual_exe_time: 27090, task_app_start_time:2119459634098563, task_sched_time:2119459940920882
app_id: 0, app_name: pulse_doppler_api-aarch64, task_id: 116, task_name: DASH_FFT, resource_name: cpu2, ref_start_time: 2119459946317043, ref_stop_time: 2119459946352623, actual_exe_time: 35580, task_app_start_time:2119459634098563, task_sched_time:2119459946306753
app_id: 0, app_name: pulse_doppler_api-aarch64, task_id: 117, task_name: DASH_FFT, resource_name: cpu3, ref_start_time: 2119459947027023, ref_stop_time: 2119459947050723, actual_exe_time: 23700, task_app_start_time:2119459634098563, task_sched_time:2119459947018773
app_id: 0, app_name: pulse_doppler_api-aarch64, task_id: 118, task_name: DASH_ZIP, resource_name: zip1, ref_start_time: 2119459950155123, ref_stop_time: 2119459950201594, actual_exe_time: 46471, task_app_start_time:2119459634098563, task_sched_time:2119459950151553
app_id: 0, app_name: pulse_doppler_api-aarch64, task_id: 119, task_name: DASH_FFT, resource_name: cpu1, ref_start_time: 2119459953924294, ref_stop_time: 2119459953956694, actual_exe_time: 32400, task_app_start_time:2119459634098563, task_sched_time:2119459953913704
app_id: 0, app_name: pulse_doppler_api-aarch64, task_id: 120, task_name: DASH_FFT, resource_name: cpu2, ref_start_time: 2119459957210825, ref_stop_time: 2119459957235965, actual_exe_time: 25140, task_app_start_time:2119459634098563, task_sched_time:2119459957201885
app_id: 0, app_name: pulse_doppler_api-aarch64, task_id: 121, task_name: DASH_FFT, resource_name: cpu3, ref_start_time: 2119459958874865, ref_stop_time: 2119459958900515, actual_exe_time: 25650, task_app_start_time:2119459634098563, task_sched_time:2119459958869555
app_id: 0, app_name: pulse_doppler_api-aarch64, task_id: 122, task_name: DASH_ZIP, resource_name: zip1, ref_start_time: 2119459961831275, ref_stop_time: 2119459961876935, actual_exe_time: 45660, task_app_start_time:2119459634098563, task_sched_time:2119459959652615
app_id: 0, app_name: pulse_doppler_api-aarch64, task_id: 123, task_name: DASH_FFT, resource_name: cpu1, ref_start_time: 2119459962892646, ref_stop_time: 2119459962923456, actual_exe_time: 30810, task_app_start_time:2119459634098563, task_sched_time:2119459962881486
app_id: 0, app_name: pulse_doppler_api-aarch64, task_id: 124, task_name: DASH_FFT, resource_name: cpu2, ref_start_time: 2119459970014347, ref_stop_time: 2119459970046177, actual_exe_time: 31830, task_app_start_time:2119459634098563, task_sched_time:2119459970005497
app_id: 0, app_name: pulse_doppler_api-aarch64, task_id: 125, task_name: DASH_FFT, resource_name: cpu3, ref_start_time: 2119459970760327, ref_stop_time: 2119459970784207, actual_exe_time: 23880, task_app_start_time:2119459634098563, task_sched_time:2119459970755527
app_id: 0, app_name: pulse_doppler_api-aarch64, task_id: 126, task_name: DASH_ZIP, resource_name: zip1, ref_start_time: 2119459971757317, ref_stop_time: 2119459971798447, actual_exe_time: 41130, task_app_start_time:2119459634098563, task_sched_time:2119459971749067
app_id: 0, app_name: pulse_doppler_api-aarch64, task_id: 127, task_name: DASH_FFT, resource_name: cpu1, ref_start_time: 2119459974977127, ref_stop_time: 2119459975005867, actual_exe_time: 28740, task_app_start_time:2119459634098563, task_sched_time:2119459974966477
app_id: 0, app_name: pulse_doppler_api-aarch64, task_id: 128, task_name: DASH_FFT, resource_name: cpu2, ref_start_time: 2119459977127318, ref_stop_time: 2119459977152398, actual_exe_time: 25080, task_app_start_time:2119459634098563, task_sched_time:2119459977123688
app_id: 0, app_name: pulse_doppler_api-aarch64, task_id: 129, task_name: DASH_FFT, resource_name: cpu3, ref_start_time: 2119459980342418, ref_stop_time: 2119459980375868, actual_exe_time: 33450, task_app_start_time:2119459634098563, task_sched_time:2119459978417468
app_id: 0, app_name: pulse_doppler_api-aarch64, task_id: 130, task_name: DASH_ZIP, resource_name: zip1, ref_start_time: 2119459989959400, ref_stop_time: 2119459990008570, actual_exe_time: 49170, task_app_start_time:2119459634098563, task_sched_time:2119459989949740
app_id: 0, app_name: pulse_doppler_api-aarch64, task_id: 131, task_name: DASH_FFT, resource_name: cpu1, ref_start_time: 2119459991416050, ref_stop_time: 2119459991448930, actual_exe_time: 32880, task_app_start_time:2119459634098563, task_sched_time:2119459991404680
app_id: 0, app_name: pulse_doppler_api-aarch64, task_id: 132, task_name: DASH_FFT, resource_name: cpu2, ref_start_time: 2119459992890430, ref_stop_time: 2119459992915960, actual_exe_time: 25530, task_app_start_time:2119459634098563, task_sched_time:2119459992886680
app_id: 0, app_name: pulse_doppler_api-aarch64, task_id: 133, task_name: DASH_FFT, resource_name: cpu3, ref_start_time: 2119459995793801, ref_stop_time: 2119459995824491, actual_exe_time: 30690, task_app_start_time:2119459634098563, task_sched_time:2119459993707451
app_id: 0, app_name: pulse_doppler_api-aarch64, task_id: 134, task_name: DASH_ZIP, resource_name: zip1, ref_start_time: 2119460002450652, ref_stop_time: 2119460002497542, actual_exe_time: 46890, task_app_start_time:2119459634098563, task_sched_time:2119460002445762
app_id: 0, app_name: pulse_doppler_api-aarch64, task_id: 135, task_name: DASH_FFT, resource_name: cpu1, ref_start_time: 2119460006227893, ref_stop_time: 2119460006260623, actual_exe_time: 32730, task_app_start_time:2119459634098563, task_sched_time:2119460006215803
app_id: 0, app_name: pulse_doppler_api-aarch64, task_id: 136, task_name: DASH_FFT, resource_name: cpu2, ref_start_time: 2119460012300703, ref_stop_time: 2119460012334903, actual_exe_time: 34200, task_app_start_time:2119459634098563, task_sched_time:2119460012290863
app_id: 0, app_name: pulse_doppler_api-aarch64, task_id: 137, task_name: DASH_FFT, resource_name: cpu3, ref_start_time: 2119460017825474, ref_stop_time: 2119460017859164, actual_exe_time: 33690, task_app_start_time:2119459634098563, task_sched_time:2119460013203284
app_id: 0, app_name: pulse_doppler_api-aarch64, task_id: 138, task_name: DASH_ZIP, resource_name: zip1, ref_start_time: 2119460018990765, ref_stop_time: 2119460019032255, actual_exe_time: 41490, task_app_start_time:2119459634098563, task_sched_time:2119460018985665
app_id: 0, app_name: pulse_doppler_api-aarch64, task_id: 139, task_name: DASH_FFT, resource_name: cpu1, ref_start_time: 2119460019601145, ref_stop_time: 2119460019628715, actual_exe_time: 27570, task_app_start_time:2119459634098563, task_sched_time:2119460019594935
app_id: 0, app_name: pulse_doppler_api-aarch64, task_id: 140, task_name: DASH_FFT, resource_name: cpu2, ref_start_time: 2119460021299865, ref_stop_time: 2119460021323415, actual_exe_time: 23550, task_app_start_time:2119459634098563, task_sched_time:2119460021294225
app_id: 0, app_name: pulse_doppler_api-aarch64, task_id: 141, task_name: DASH_FFT, resource_name: cpu3, ref_start_time: 2119460022515255, ref_stop_time: 2119460022539915, actual_exe_time: 24660, task_app_start_time:2119459634098563, task_sched_time:2119460022505445
app_id: 0, app_name: pulse_doppler_api-aarch64, task_id: 142, task_name: DASH_ZIP, resource_name: zip1, ref_start_time: 2119460024406155, ref_stop_time: 2119460024452595, actual_exe_time: 46440, task_app_start_time:2119459634098563, task_sched_time:2119460024395955
app_id: 0, app_name: pulse_doppler_api-aarch64, task_id: 143, task_name: DASH_FFT, resource_name: cpu1, ref_start_time: 2119460025231216, ref_stop_time: 2119460025262536, actual_exe_time: 31320, task_app_start_time:2119459634098563, task_sched_time:2119460025224646
app_id: 0, app_name: pulse_doppler_api-aarch64, task_id: 144, task_name: DASH_FFT, resource_name: cpu2, ref_start_time: 2119460026565496, ref_stop_time: 2119460026591986, actual_exe_time: 26490, task_app_start_time:2119459634098563, task_sched_time:2119460026561416
app_id: 0, app_name: pulse_doppler_api-aarch64, task_id: 145, task_name: DASH_FFT, resource_name: cpu3, ref_start_time: 2119460027162886, ref_stop_time: 2119460027186766, actual_exe_time: 23880, task_app_start_time:2119459634098563, task_sched_time:2119460027156616
app_id: 0, app_name: pulse_doppler_api-aarch64, task_id: 146, task_name: DASH_ZIP, resource_name: zip1, ref_start_time: 2119460028191766, ref_stop_time: 2119460028233826, actual_exe_time: 42060, task_app_start_time:2119459634098563, task_sched_time:2119460028184026
app_id: 0, app_name: pulse_doppler_api-aarch64, task_id: 147, task_name: DASH_FFT, resource_name: cpu1, ref_start_time: 2119460029124946, ref_stop_time: 2119460029155636, actual_exe_time: 30690, task_app_start_time:2119459634098563, task_sched_time:2119460029110966
app_id: 0, app_name: pulse_doppler_api-aarch64, task_id: 148, task_name: DASH_FFT, resource_name: cpu2, ref_start_time: 2119460030425506, ref_stop_time: 2119460030451276, actual_exe_time: 25770, task_app_start_time:2119459634098563, task_sched_time:2119460030417166
app_id: 0, app_name: pulse_doppler_api-aarch64, task_id: 149, task_name: DASH_FFT, resource_name: cpu3, ref_start_time: 2119460031049147, ref_stop_time: 2119460031070297, actual_exe_time: 21150, task_app_start_time:2119459634098563, task_sched_time:2119460031040837
app_id: 0, app_name: pulse_doppler_api-aarch64, task_id: 150, task_name: DASH_ZIP, resource_name: zip1, ref_start_time: 2119460031857797, ref_stop_time: 2119460031898987, actual_exe_time: 41190, task_app_start_time:2119459634098563, task_sched_time:2119460031852037
app_id: 0, app_name: pulse_doppler_api-aarch64, task_id: 151, task_name: DASH_FFT, resource_name: cpu1, ref_start_time: 2119460032590187, ref_stop_time: 2119460032616767, actual_exe_time: 26580, task_app_start_time:2119459634098563, task_sched_time:2119460032587427
app_id: 0, app_name: pulse_doppler_api-aarch64, task_id: 152, task_name: DASH_FFT, resource_name: cpu2, ref_start_time: 2119460033837467, ref_stop_time: 2119460033862487, actual_exe_time: 25020, task_app_start_time:2119459634098563, task_sched_time:2119460033550817
app_id: 0, app_name: pulse_doppler_api-aarch64, task_id: 153, task_name: DASH_FFT, resource_name: cpu3, ref_start_time: 2119460034451387, ref_stop_time: 2119460034473017, actual_exe_time: 21630, task_app_start_time:2119459634098563, task_sched_time:2119460034445747
app_id: 0, app_name: pulse_doppler_api-aarch64, task_id: 154, task_name: DASH_ZIP, resource_name: zip1, ref_start_time: 2119460035529347, ref_stop_time: 2119460035569547, actual_exe_time: 40200, task_app_start_time:2119459634098563, task_sched_time:2119460035526647
app_id: 0, app_name: pulse_doppler_api-aarch64, task_id: 155, task_name: DASH_FFT, resource_name: cpu1, ref_start_time: 2119460035915597, ref_stop_time: 2119460035942747, actual_exe_time: 27150, task_app_start_time:2119459634098563, task_sched_time:2119460035909537
app_id: 0, app_name: pulse_doppler_api-aarch64, task_id: 156, task_name: DASH_FFT, resource_name: cpu2, ref_start_time: 2119460037833438, ref_stop_time: 2119460037858068, actual_exe_time: 24630, task_app_start_time:2119459634098563, task_sched_time:2119460036885647
app_id: 0, app_name: pulse_doppler_api-aarch64, task_id: 157, task_name: DASH_FFT, resource_name: cpu3, ref_start_time: 2119460038443518, ref_stop_time: 2119460038464608, actual_exe_time: 21090, task_app_start_time:2119459634098563, task_sched_time:2119460038436738
app_id: 0, app_name: pulse_doppler_api-aarch64, task_id: 158, task_name: DASH_ZIP, resource_name: zip1, ref_start_time: 2119460039673518, ref_stop_time: 2119460039715158, actual_exe_time: 41640, task_app_start_time:2119459634098563, task_sched_time:2119460039667038
app_id: 0, app_name: pulse_doppler_api-aarch64, task_id: 159, task_name: DASH_FFT, resource_name: cpu1, ref_start_time: 2119460040667568, ref_stop_time: 2119460040695738, actual_exe_time: 28170, task_app_start_time:2119459634098563, task_sched_time:2119460040655718
app_id: 0, app_name: pulse_doppler_api-aarch64, task_id: 160, task_name: DASH_FFT, resource_name: cpu2, ref_start_time: 2119460046410979, ref_stop_time: 2119460046698229, actual_exe_time: 287250, task_app_start_time:2119459634098563, task_sched_time:2119460046401139
app_id: 0, app_name: pulse_doppler_api-aarch64, task_id: 161, task_name: DASH_FFT, resource_name: cpu3, ref_start_time: 2119460049916240, ref_stop_time: 2119460049941230, actual_exe_time: 24990, task_app_start_time:2119459634098563, task_sched_time:2119460049908530
app_id: 0, app_name: pulse_doppler_api-aarch64, task_id: 162, task_name: DASH_ZIP, resource_name: zip1, ref_start_time: 2119460054332300, ref_stop_time: 2119460054376220, actual_exe_time: 43920, task_app_start_time:2119459634098563, task_sched_time:2119460054328400
app_id: 0, app_name: pulse_doppler_api-aarch64, task_id: 163, task_name: DASH_FFT, resource_name: cpu1, ref_start_time: 2119460056483931, ref_stop_time: 2119460056517381, actual_exe_time: 33450, task_app_start_time:2119459634098563, task_sched_time:2119460056473311
app_id: 0, app_name: pulse_doppler_api-aarch64, task_id: 164, task_name: DASH_FFT, resource_name: cpu2, ref_start_time: 2119460057694851, ref_stop_time: 2119460057725871, actual_exe_time: 31020, task_app_start_time:2119459634098563, task_sched_time:2119460057685131
app_id: 0, app_name: pulse_doppler_api-aarch64, task_id: 165, task_name: DASH_FFT, resource_name: cpu3, ref_start_time: 2119460060471081, ref_stop_time: 2119460060501291, actual_exe_time: 30210, task_app_start_time:2119459634098563, task_sched_time:2119460058409151
app_id: 0, app_name: pulse_doppler_api-aarch64, task_id: 166, task_name: DASH_ZIP, resource_name: zip1, ref_start_time: 2119460066512602, ref_stop_time: 2119460066558502, actual_exe_time: 45900, task_app_start_time:2119459634098563, task_sched_time:2119460066503032
app_id: 0, app_name: pulse_doppler_api-aarch64, task_id: 167, task_name: DASH_FFT, resource_name: cpu1, ref_start_time: 2119460070433273, ref_stop_time: 2119460070466363, actual_exe_time: 33090, task_app_start_time:2119459634098563, task_sched_time:2119460070426403
app_id: 0, app_name: pulse_doppler_api-aarch64, task_id: 168, task_name: DASH_FFT, resource_name: cpu2, ref_start_time: 2119460072795953, ref_stop_time: 2119460072822803, actual_exe_time: 26850, task_app_start_time:2119459634098563, task_sched_time:2119460072790133
app_id: 0, app_name: pulse_doppler_api-aarch64, task_id: 169, task_name: DASH_FFT, resource_name: cpu3, ref_start_time: 2119460073714853, ref_stop_time: 2119460073737563, actual_exe_time: 22710, task_app_start_time:2119459634098563, task_sched_time:2119460073710653
app_id: 0, app_name: pulse_doppler_api-aarch64, task_id: 170, task_name: DASH_ZIP, resource_name: zip1, ref_start_time: 2119460074986854, ref_stop_time: 2119460075033354, actual_exe_time: 46500, task_app_start_time:2119459634098563, task_sched_time:2119460074981874
app_id: 0, app_name: pulse_doppler_api-aarch64, task_id: 171, task_name: DASH_FFT, resource_name: cpu1, ref_start_time: 2119460076107924, ref_stop_time: 2119460076139544, actual_exe_time: 31620, task_app_start_time:2119459634098563, task_sched_time:2119460076102854
app_id: 0, app_name: pulse_doppler_api-aarch64, task_id: 172, task_name: DASH_FFT, resource_name: cpu2, ref_start_time: 2119460077241924, ref_stop_time: 2119460077269794, actual_exe_time: 27870, task_app_start_time:2119459634098563, task_sched_time:2119460077112774
app_id: 0, app_name: pulse_doppler_api-aarch64, task_id: 173, task_name: DASH_FFT, resource_name: cpu3, ref_start_time: 2119460081836515, ref_stop_time: 2119460081869245, actual_exe_time: 32730, task_app_start_time:2119459634098563, task_sched_time:2119460077726964
app_id: 0, app_name: pulse_doppler_api-aarch64, task_id: 174, task_name: DASH_ZIP, resource_name: zip1, ref_start_time: 2119460082812115, ref_stop_time: 2119460082854865, actual_exe_time: 42750, task_app_start_time:2119459634098563, task_sched_time:2119460082802095
app_id: 0, app_name: pulse_doppler_api-aarch64, task_id: 175, task_name: DASH_FFT, resource_name: cpu1, ref_start_time: 2119460084167725, ref_stop_time: 2119460084196735, actual_exe_time: 29010, task_app_start_time:2119459634098563, task_sched_time:2119460084155275
app_id: 0, app_name: pulse_doppler_api-aarch64, task_id: 176, task_name: DASH_FFT, resource_name: cpu2, ref_start_time: 2119460085216645, ref_stop_time: 2119460085240795, actual_exe_time: 24150, task_app_start_time:2119459634098563, task_sched_time:2119460085205275
app_id: 0, app_name: pulse_doppler_api-aarch64, task_id: 177, task_name: DASH_FFT, resource_name: cpu3, ref_start_time: 2119460087456356, ref_stop_time: 2119460087483626, actual_exe_time: 27270, task_app_start_time:2119459634098563, task_sched_time:2119460086219605
app_id: 0, app_name: pulse_doppler_api-aarch64, task_id: 178, task_name: DASH_ZIP, resource_name: zip1, ref_start_time: 2119460090492956, ref_stop_time: 2119460090538916, actual_exe_time: 45960, task_app_start_time:2119459634098563, task_sched_time:2119460090486536
app_id: 0, app_name: pulse_doppler_api-aarch64, task_id: 179, task_name: DASH_FFT, resource_name: cpu1, ref_start_time: 2119460093152907, ref_stop_time: 2119460093185967, actual_exe_time: 33060, task_app_start_time:2119459634098563, task_sched_time:2119460093147087
app_id: 0, app_name: pulse_doppler_api-aarch64, task_id: 180, task_name: DASH_FFT, resource_name: cpu2, ref_start_time: 2119460097854717, ref_stop_time: 2119460097886967, actual_exe_time: 32250, task_app_start_time:2119459634098563, task_sched_time:2119460094252647
app_id: 0, app_name: pulse_doppler_api-aarch64, task_id: 181, task_name: DASH_FFT, resource_name: cpu3, ref_start_time: 2119460098784627, ref_stop_time: 2119460098807517, actual_exe_time: 22890, task_app_start_time:2119459634098563, task_sched_time:2119460098779767
app_id: 0, app_name: pulse_doppler_api-aarch64, task_id: 182, task_name: DASH_ZIP, resource_name: zip1, ref_start_time: 2119460099804898, ref_stop_time: 2119460099846328, actual_exe_time: 41430, task_app_start_time:2119459634098563, task_sched_time:2119460099797008
app_id: 0, app_name: pulse_doppler_api-aarch64, task_id: 183, task_name: DASH_FFT, resource_name: cpu1, ref_start_time: 2119460100506748, ref_stop_time: 2119460100534348, actual_exe_time: 27600, task_app_start_time:2119459634098563, task_sched_time:2119460100497088
app_id: 0, app_name: pulse_doppler_api-aarch64, task_id: 184, task_name: DASH_FFT, resource_name: cpu2, ref_start_time: 2119460101876608, ref_stop_time: 2119460101903398, actual_exe_time: 26790, task_app_start_time:2119459634098563, task_sched_time:2119460101738038
app_id: 0, app_name: pulse_doppler_api-aarch64, task_id: 185, task_name: DASH_FFT, resource_name: cpu3, ref_start_time: 2119460102671158, ref_stop_time: 2119460102693868, actual_exe_time: 22710, task_app_start_time:2119459634098563, task_sched_time:2119460102663448
app_id: 0, app_name: pulse_doppler_api-aarch64, task_id: 186, task_name: DASH_ZIP, resource_name: zip1, ref_start_time: 2119460103580188, ref_stop_time: 2119460103621648, actual_exe_time: 41460, task_app_start_time:2119459634098563, task_sched_time:2119460103577278
app_id: 0, app_name: pulse_doppler_api-aarch64, task_id: 187, task_name: DASH_FFT, resource_name: cpu1, ref_start_time: 2119460104422678, ref_stop_time: 2119460104450188, actual_exe_time: 27510, task_app_start_time:2119459634098563, task_sched_time:2119460104413768
app_id: 0, app_name: pulse_doppler_api-aarch64, task_id: 188, task_name: DASH_FFT, resource_name: cpu2, ref_start_time: 2119460105348298, ref_stop_time: 2119460105373288, actual_exe_time: 24990, task_app_start_time:2119459634098563, task_sched_time:2119460105341968
app_id: 0, app_name: pulse_doppler_api-aarch64, task_id: 189, task_name: DASH_FFT, resource_name: cpu3, ref_start_time: 2119460106089539, ref_stop_time: 2119460106111109, actual_exe_time: 21570, task_app_start_time:2119459634098563, task_sched_time:2119460106082879
app_id: 0, app_name: pulse_doppler_api-aarch64, task_id: 190, task_name: DASH_ZIP, resource_name: zip1, ref_start_time: 2119460111022499, ref_stop_time: 2119460111067019, actual_exe_time: 44520, task_app_start_time:2119459634098563, task_sched_time:2119460111012239
app_id: 0, app_name: pulse_doppler_api-aarch64, task_id: 191, task_name: DASH_FFT, resource_name: cpu1, ref_start_time: 2119460111963210, ref_stop_time: 2119460111995160, actual_exe_time: 31950, task_app_start_time:2119459634098563, task_sched_time:2119460111950700
app_id: 0, app_name: pulse_doppler_api-aarch64, task_id: 192, task_name: DASH_FFT, resource_name: cpu2, ref_start_time: 2119460114032400, ref_stop_time: 2119460114059610, actual_exe_time: 27210, task_app_start_time:2119459634098563, task_sched_time:2119460112943910
app_id: 0, app_name: pulse_doppler_api-aarch64, task_id: 193, task_name: DASH_FFT, resource_name: cpu3, ref_start_time: 2119460114724830, ref_stop_time: 2119460114747120, actual_exe_time: 22290, task_app_start_time:2119459634098563, task_sched_time:2119460114721830
app_id: 0, app_name: pulse_doppler_api-aarch64, task_id: 194, task_name: DASH_ZIP, resource_name: zip1, ref_start_time: 2119460115646670, ref_stop_time: 2119460115690110, actual_exe_time: 43440, task_app_start_time:2119459634098563, task_sched_time:2119460115638930
app_id: 0, app_name: pulse_doppler_api-aarch64, task_id: 195, task_name: DASH_FFT, resource_name: cpu1, ref_start_time: 2119460116600670, ref_stop_time: 2119460116627850, actual_exe_time: 27180, task_app_start_time:2119459634098563, task_sched_time:2119460116595450
app_id: 0, app_name: pulse_doppler_api-aarch64, task_id: 196, task_name: DASH_FFT, resource_name: cpu2, ref_start_time: 2119460117847380, ref_stop_time: 2119460117871200, actual_exe_time: 23820, task_app_start_time:2119459634098563, task_sched_time:2119460117457500
app_id: 0, app_name: pulse_doppler_api-aarch64, task_id: 197, task_name: DASH_FFT, resource_name: cpu3, ref_start_time: 2119460118453921, ref_stop_time: 2119460118475251, actual_exe_time: 21330, task_app_start_time:2119459634098563, task_sched_time:2119460118448971
app_id: 0, app_name: pulse_doppler_api-aarch64, task_id: 198, task_name: DASH_ZIP, resource_name: zip1, ref_start_time: 2119460119463241, ref_stop_time: 2119460119503321, actual_exe_time: 40080, task_app_start_time:2119459634098563, task_sched_time:2119460119459851
app_id: 0, app_name: pulse_doppler_api-aarch64, task_id: 199, task_name: DASH_FFT, resource_name: cpu1, ref_start_time: 2119460120253531, ref_stop_time: 2119460120280051, actual_exe_time: 26520, task_app_start_time:2119459634098563, task_sched_time:2119460120241321
app_id: 0, app_name: pulse_doppler_api-aarch64, task_id: 200, task_name: DASH_FFT, resource_name: cpu2, ref_start_time: 2119460121488091, ref_stop_time: 2119460121512151, actual_exe_time: 24060, task_app_start_time:2119459634098563, task_sched_time:2119460121200811
app_id: 0, app_name: pulse_doppler_api-aarch64, task_id: 201, task_name: DASH_FFT, resource_name: cpu3, ref_start_time: 2119460122141431, ref_stop_time: 2119460122162791, actual_exe_time: 21360, task_app_start_time:2119459634098563, task_sched_time:2119460122133181
app_id: 0, app_name: pulse_doppler_api-aarch64, task_id: 202, task_name: DASH_ZIP, resource_name: zip1, ref_start_time: 2119460123158911, ref_stop_time: 2119460123200161, actual_exe_time: 41250, task_app_start_time:2119459634098563, task_sched_time:2119460123153421
app_id: 0, app_name: pulse_doppler_api-aarch64, task_id: 203, task_name: DASH_FFT, resource_name: cpu1, ref_start_time: 2119460130296272, ref_stop_time: 2119460130331702, actual_exe_time: 35430, task_app_start_time:2119459634098563, task_sched_time:2119460130287752
app_id: 0, app_name: pulse_doppler_api-aarch64, task_id: 204, task_name: DASH_FFT, resource_name: cpu2, ref_start_time: 2119460131264313, ref_stop_time: 2119460131288253, actual_exe_time: 23940, task_app_start_time:2119459634098563, task_sched_time:2119460131259603
app_id: 0, app_name: pulse_doppler_api-aarch64, task_id: 205, task_name: DASH_FFT, resource_name: cpu3, ref_start_time: 2119460131911533, ref_stop_time: 2119460131933703, actual_exe_time: 22170, task_app_start_time:2119459634098563, task_sched_time:2119460131907393
app_id: 0, app_name: pulse_doppler_api-aarch64, task_id: 206, task_name: DASH_ZIP, resource_name: zip1, ref_start_time: 2119460138255844, ref_stop_time: 2119460138301864, actual_exe_time: 46020, task_app_start_time:2119459634098563, task_sched_time:2119460138248164
app_id: 0, app_name: pulse_doppler_api-aarch64, task_id: 207, task_name: DASH_FFT, resource_name: cpu1, ref_start_time: 2119460139254034, ref_stop_time: 2119460139283614, actual_exe_time: 29580, task_app_start_time:2119459634098563, task_sched_time:2119460139243654
app_id: 0, app_name: pulse_doppler_api-aarch64, task_id: 208, task_name: DASH_FFT, resource_name: cpu2, ref_start_time: 2119460140179084, ref_stop_time: 2119460140202844, actual_exe_time: 23760, task_app_start_time:2119459634098563, task_sched_time:2119460140173564
app_id: 0, app_name: pulse_doppler_api-aarch64, task_id: 209, task_name: DASH_FFT, resource_name: cpu3, ref_start_time: 2119460141668134, ref_stop_time: 2119460141691444, actual_exe_time: 23310, task_app_start_time:2119459634098563, task_sched_time:2119460141660424
app_id: 0, app_name: pulse_doppler_api-aarch64, task_id: 210, task_name: DASH_ZIP, resource_name: zip1, ref_start_time: 2119460142606594, ref_stop_time: 2119460142649014, actual_exe_time: 42420, task_app_start_time:2119459634098563, task_sched_time:2119460142598254
app_id: 0, app_name: pulse_doppler_api-aarch64, task_id: 211, task_name: DASH_FFT, resource_name: cpu1, ref_start_time: 2119460146811395, ref_stop_time: 2119460146845715, actual_exe_time: 34320, task_app_start_time:2119459634098563, task_sched_time:2119460146798885
app_id: 0, app_name: pulse_doppler_api-aarch64, task_id: 212, task_name: DASH_FFT, resource_name: cpu2, ref_start_time: 2119460149856396, ref_stop_time: 2119460149886396, actual_exe_time: 30000, task_app_start_time:2119459634098563, task_sched_time:2119460148135835
app_id: 0, app_name: pulse_doppler_api-aarch64, task_id: 213, task_name: DASH_FFT, resource_name: cpu3, ref_start_time: 2119460150398946, ref_stop_time: 2119460150420366, actual_exe_time: 21420, task_app_start_time:2119459634098563, task_sched_time:2119460150392616
app_id: 0, app_name: pulse_doppler_api-aarch64, task_id: 214, task_name: DASH_ZIP, resource_name: zip1, ref_start_time: 2119460151255686, ref_stop_time: 2119460151296186, actual_exe_time: 40500, task_app_start_time:2119459634098563, task_sched_time:2119460151250766
app_id: 0, app_name: pulse_doppler_api-aarch64, task_id: 215, task_name: DASH_FFT, resource_name: cpu1, ref_start_time: 2119460152049396, ref_stop_time: 2119460152076636, actual_exe_time: 27240, task_app_start_time:2119459634098563, task_sched_time:2119460152037726
app_id: 0, app_name: pulse_doppler_api-aarch64, task_id: 216, task_name: DASH_FFT, resource_name: cpu2, ref_start_time: 2119460153831246, ref_stop_time: 2119460153856836, actual_exe_time: 25590, task_app_start_time:2119459634098563, task_sched_time:2119460152994276
app_id: 0, app_name: pulse_doppler_api-aarch64, task_id: 217, task_name: DASH_FFT, resource_name: cpu3, ref_start_time: 2119460156578077, ref_stop_time: 2119460156599377, actual_exe_time: 21300, task_app_start_time:2119459634098563, task_sched_time:2119460156568867
app_id: 0, app_name: pulse_doppler_api-aarch64, task_id: 218, task_name: DASH_ZIP, resource_name: zip1, ref_start_time: 2119460157745527, ref_stop_time: 2119460157825057, actual_exe_time: 79530, task_app_start_time:2119459634098563, task_sched_time:2119460157736377
app_id: 0, app_name: pulse_doppler_api-aarch64, task_id: 219, task_name: DASH_FFT, resource_name: cpu1, ref_start_time: 2119460158523367, ref_stop_time: 2119460158553067, actual_exe_time: 29700, task_app_start_time:2119459634098563, task_sched_time:2119460158517967
app_id: 0, app_name: pulse_doppler_api-aarch64, task_id: 220, task_name: DASH_FFT, resource_name: cpu2, ref_start_time: 2119460161023207, ref_stop_time: 2119460161053537, actual_exe_time: 30330, task_app_start_time:2119459634098563, task_sched_time:2119460159494917
app_id: 0, app_name: pulse_doppler_api-aarch64, task_id: 221, task_name: DASH_FFT, resource_name: cpu3, ref_start_time: 2119460161589398, ref_stop_time: 2119460161611148, actual_exe_time: 21750, task_app_start_time:2119459634098563, task_sched_time:2119460161584028
app_id: 0, app_name: pulse_doppler_api-aarch64, task_id: 222, task_name: DASH_ZIP, resource_name: zip1, ref_start_time: 2119460162762578, ref_stop_time: 2119460162804458, actual_exe_time: 41880, task_app_start_time:2119459634098563, task_sched_time:2119460162758648
app_id: 0, app_name: pulse_doppler_api-aarch64, task_id: 223, task_name: DASH_FFT, resource_name: cpu1, ref_start_time: 2119460165972338, ref_stop_time: 2119460166005878, actual_exe_time: 33540, task_app_start_time:2119459634098563, task_sched_time:2119460165957428
app_id: 0, app_name: pulse_doppler_api-aarch64, task_id: 224, task_name: DASH_FFT, resource_name: cpu2, ref_start_time: 2119460166626968, ref_stop_time: 2119460166650818, actual_exe_time: 23850, task_app_start_time:2119459634098563, task_sched_time:2119460166617848
app_id: 0, app_name: pulse_doppler_api-aarch64, task_id: 225, task_name: DASH_FFT, resource_name: cpu3, ref_start_time: 2119460170228529, ref_stop_time: 2119460170251419, actual_exe_time: 22890, task_app_start_time:2119459634098563, task_sched_time:2119460170221689
app_id: 0, app_name: pulse_doppler_api-aarch64, task_id: 226, task_name: DASH_ZIP, resource_name: zip1, ref_start_time: 2119460173830719, ref_stop_time: 2119460173873139, actual_exe_time: 42420, task_app_start_time:2119459634098563, task_sched_time:2119460173822349
app_id: 0, app_name: pulse_doppler_api-aarch64, task_id: 227, task_name: DASH_FFT, resource_name: cpu1, ref_start_time: 2119460174689050, ref_stop_time: 2119460174717070, actual_exe_time: 28020, task_app_start_time:2119459634098563, task_sched_time:2119460174683200
app_id: 0, app_name: pulse_doppler_api-aarch64, task_id: 228, task_name: DASH_FFT, resource_name: cpu2, ref_start_time: 2119460176962450, ref_stop_time: 2119460176988820, actual_exe_time: 26370, task_app_start_time:2119459634098563, task_sched_time:2119460176808700
app_id: 0, app_name: pulse_doppler_api-aarch64, task_id: 229, task_name: DASH_FFT, resource_name: cpu3, ref_start_time: 2119460177482200, ref_stop_time: 2119460177503050, actual_exe_time: 20850, task_app_start_time:2119459634098563, task_sched_time:2119460177475780
app_id: 0, app_name: pulse_doppler_api-aarch64, task_id: 230, task_name: DASH_ZIP, resource_name: zip1, ref_start_time: 2119460178664380, ref_stop_time: 2119460178707970, actual_exe_time: 43590, task_app_start_time:2119459634098563, task_sched_time:2119460178658530
app_id: 0, app_name: pulse_doppler_api-aarch64, task_id: 231, task_name: DASH_FFT, resource_name: cpu1, ref_start_time: 2119460179670520, ref_stop_time: 2119460179701600, actual_exe_time: 31080, task_app_start_time:2119459634098563, task_sched_time:2119460179662330
app_id: 0, app_name: pulse_doppler_api-aarch64, task_id: 232, task_name: DASH_FFT, resource_name: cpu2, ref_start_time: 2119460181845851, ref_stop_time: 2119460181876301, actual_exe_time: 30450, task_app_start_time:2119459634098563, task_sched_time:2119460180676421
app_id: 0, app_name: pulse_doppler_api-aarch64, task_id: 233, task_name: DASH_FFT, resource_name: cpu3, ref_start_time: 2119460182585981, ref_stop_time: 2119460182608631, actual_exe_time: 22650, task_app_start_time:2119459634098563, task_sched_time:2119460182576681
app_id: 0, app_name: pulse_doppler_api-aarch64, task_id: 234, task_name: DASH_ZIP, resource_name: zip1, ref_start_time: 2119460183914501, ref_stop_time: 2119460183958901, actual_exe_time: 44400, task_app_start_time:2119459634098563, task_sched_time:2119460183905531
app_id: 0, app_name: pulse_doppler_api-aarch64, task_id: 235, task_name: DASH_FFT, resource_name: cpu1, ref_start_time: 2119460184862741, ref_stop_time: 2119460184892111, actual_exe_time: 29370, task_app_start_time:2119459634098563, task_sched_time:2119460184857221
app_id: 0, app_name: pulse_doppler_api-aarch64, task_id: 236, task_name: DASH_FFT, resource_name: cpu2, ref_start_time: 2119460185888471, ref_stop_time: 2119460185914841, actual_exe_time: 26370, task_app_start_time:2119459634098563, task_sched_time:2119460185880971
app_id: 0, app_name: pulse_doppler_api-aarch64, task_id: 237, task_name: DASH_FFT, resource_name: cpu3, ref_start_time: 2119460186618192, ref_stop_time: 2119460186639492, actual_exe_time: 21300, task_app_start_time:2119459634098563, task_sched_time:2119460186611532
app_id: 0, app_name: pulse_doppler_api-aarch64, task_id: 238, task_name: DASH_ZIP, resource_name: zip1, ref_start_time: 2119460187355172, ref_stop_time: 2119460187395402, actual_exe_time: 40230, task_app_start_time:2119459634098563, task_sched_time:2119460187351212
app_id: 0, app_name: pulse_doppler_api-aarch64, task_id: 239, task_name: DASH_FFT, resource_name: cpu1, ref_start_time: 2119460187872192, ref_stop_time: 2119460187898622, actual_exe_time: 26430, task_app_start_time:2119459634098563, task_sched_time:2119460187860282
app_id: 0, app_name: pulse_doppler_api-aarch64, task_id: 240, task_name: DASH_FFT, resource_name: cpu2, ref_start_time: 2119460189832212, ref_stop_time: 2119460189856722, actual_exe_time: 24510, task_app_start_time:2119459634098563, task_sched_time:2119460188674602
app_id: 0, app_name: pulse_doppler_api-aarch64, task_id: 241, task_name: DASH_FFT, resource_name: cpu3, ref_start_time: 2119460190975272, ref_stop_time: 2119460190996602, actual_exe_time: 21330, task_app_start_time:2119459634098563, task_sched_time:2119460190969452
app_id: 0, app_name: pulse_doppler_api-aarch64, task_id: 242, task_name: DASH_ZIP, resource_name: zip1, ref_start_time: 2119460192255462, ref_stop_time: 2119460192296832, actual_exe_time: 41370, task_app_start_time:2119459634098563, task_sched_time:2119460192247122
app_id: 0, app_name: pulse_doppler_api-aarch64, task_id: 243, task_name: DASH_FFT, resource_name: cpu1, ref_start_time: 2119460193306423, ref_stop_time: 2119460193333843, actual_exe_time: 27420, task_app_start_time:2119459634098563, task_sched_time:2119460193292833
app_id: 0, app_name: pulse_doppler_api-aarch64, task_id: 244, task_name: DASH_FFT, resource_name: cpu2, ref_start_time: 2119460194533753, ref_stop_time: 2119460194557723, actual_exe_time: 23970, task_app_start_time:2119459634098563, task_sched_time:2119460194282203
app_id: 0, app_name: pulse_doppler_api-aarch64, task_id: 245, task_name: DASH_FFT, resource_name: cpu3, ref_start_time: 2119460197825143, ref_stop_time: 2119460197859343, actual_exe_time: 34200, task_app_start_time:2119459634098563, task_sched_time:2119460195286273
app_id: 0, app_name: pulse_doppler_api-aarch64, task_id: 246, task_name: DASH_ZIP, resource_name: zip1, ref_start_time: 2119460198842774, ref_stop_time: 2119460198885074, actual_exe_time: 42300, task_app_start_time:2119459634098563, task_sched_time:2119460198833534
app_id: 0, app_name: pulse_doppler_api-aarch64, task_id: 247, task_name: DASH_FFT, resource_name: cpu1, ref_start_time: 2119460199732244, ref_stop_time: 2119460199761644, actual_exe_time: 29400, task_app_start_time:2119459634098563, task_sched_time:2119460199722554
app_id: 0, app_name: pulse_doppler_api-aarch64, task_id: 248, task_name: DASH_FFT, resource_name: cpu2, ref_start_time: 2119460201836834, ref_stop_time: 2119460201868574, actual_exe_time: 31740, task_app_start_time:2119459634098563, task_sched_time:2119460200701844
app_id: 0, app_name: pulse_doppler_api-aarch64, task_id: 249, task_name: DASH_FFT, resource_name: cpu3, ref_start_time: 2119460202819814, ref_stop_time: 2119460202844084, actual_exe_time: 24270, task_app_start_time:2119459634098563, task_sched_time:2119460202813724
app_id: 0, app_name: pulse_doppler_api-aarch64, task_id: 250, task_name: DASH_ZIP, resource_name: zip1, ref_start_time: 2119460204090344, ref_stop_time: 2119460204133034, actual_exe_time: 42690, task_app_start_time:2119459634098563, task_sched_time:2119460204080954
app_id: 0, app_name: pulse_doppler_api-aarch64, task_id: 251, task_name: DASH_FFT, resource_name: cpu1, ref_start_time: 2119460204935474, ref_stop_time: 2119460204962864, actual_exe_time: 27390, task_app_start_time:2119459634098563, task_sched_time:2119460204925094
app_id: 0, app_name: pulse_doppler_api-aarch64, task_id: 252, task_name: DASH_FFT, resource_name: cpu2, ref_start_time: 2119460205877775, ref_stop_time: 2119460205902945, actual_exe_time: 25170, task_app_start_time:2119459634098563, task_sched_time:2119460205870605
app_id: 0, app_name: pulse_doppler_api-aarch64, task_id: 253, task_name: DASH_FFT, resource_name: cpu3, ref_start_time: 2119460206483565, ref_stop_time: 2119460206505195, actual_exe_time: 21630, task_app_start_time:2119459634098563, task_sched_time:2119460206476005
app_id: 0, app_name: pulse_doppler_api-aarch64, task_id: 254, task_name: DASH_ZIP, resource_name: zip1, ref_start_time: 2119460207276465, ref_stop_time: 2119460207317265, actual_exe_time: 40800, task_app_start_time:2119459634098563, task_sched_time:2119460207273975
app_id: 0, app_name: pulse_doppler_api-aarch64, task_id: 255, task_name: DASH_FFT, resource_name: cpu1, ref_start_time: 2119460208167525, ref_stop_time: 2119460208194135, actual_exe_time: 26610, task_app_start_time:2119459634098563, task_sched_time:2119460208160445
app_id: 0, app_name: pulse_doppler_api-aarch64, task_id: 256, task_name: DASH_FFT, resource_name: cpu2, ref_start_time: 2119460210076485, ref_stop_time: 2119460210101295, actual_exe_time: 24810, task_app_start_time:2119459634098563, task_sched_time:2119460209319585
app_id: 0, app_name: pulse_doppler_api-aarch64, task_id: 257, task_name: DASH_FFT, resource_name: cpu3, ref_start_time: 2119460210580575, ref_stop_time: 2119460210601485, actual_exe_time: 20910, task_app_start_time:2119459634098563, task_sched_time:2119460210574785
app_id: 0, app_name: pulse_doppler_api-aarch64, task_id: 258, task_name: DASH_ZIP, resource_name: zip1, ref_start_time: 2119460211505596, ref_stop_time: 2119460211546636, actual_exe_time: 41040, task_app_start_time:2119459634098563, task_sched_time:2119460211496236
app_id: 0, app_name: pulse_doppler_api-aarch64, task_id: 259, task_name: DASH_FFT, resource_name: cpu1, ref_start_time: 2119460212347636, ref_stop_time: 2119460212375596, actual_exe_time: 27960, task_app_start_time:2119459634098563, task_sched_time:2119460212339416
app_id: 0, app_name: pulse_doppler_api-aarch64, task_id: 260, task_name: DASH_FFT, resource_name: cpu2, ref_start_time: 2119460213370606, ref_stop_time: 2119460213396796, actual_exe_time: 26190, task_app_start_time:2119459634098563, task_sched_time:2119460213360136
app_id: 0, app_name: pulse_doppler_api-aarch64, task_id: 261, task_name: DASH_FFT, resource_name: cpu3, ref_start_time: 2119460215857576, ref_stop_time: 2119460215887246, actual_exe_time: 29670, task_app_start_time:2119459634098563, task_sched_time:2119460214336486
app_id: 0, app_name: pulse_doppler_api-aarch64, task_id: 262, task_name: DASH_ZIP, resource_name: zip1, ref_start_time: 2119460222204017, ref_stop_time: 2119460222252167, actual_exe_time: 48150, task_app_start_time:2119459634098563, task_sched_time:2119460222114437
app_id: 0, app_name: pulse_doppler_api-aarch64, task_id: 263, task_name: DASH_FFT, resource_name: cpu1, ref_start_time: 2119460223456397, ref_stop_time: 2119460223486277, actual_exe_time: 29880, task_app_start_time:2119459634098563, task_sched_time:2119460223444757
app_id: 0, app_name: pulse_doppler_api-aarch64, task_id: 264, task_name: DASH_FFT, resource_name: cpu2, ref_start_time: 2119460226329138, ref_stop_time: 2119460226354998, actual_exe_time: 25860, task_app_start_time:2119459634098563, task_sched_time:2119460226321278
app_id: 0, app_name: pulse_doppler_api-aarch64, task_id: 265, task_name: DASH_FFT, resource_name: cpu3, ref_start_time: 2119460227702118, ref_stop_time: 2119460227726358, actual_exe_time: 24240, task_app_start_time:2119459634098563, task_sched_time:2119460227698878
app_id: 0, app_name: pulse_doppler_api-aarch64, task_id: 266, task_name: DASH_ZIP, resource_name: zip1, ref_start_time: 2119460228860508, ref_stop_time: 2119460228902508, actual_exe_time: 42000, task_app_start_time:2119459634098563, task_sched_time:2119460228856968
app_id: 0, app_name: pulse_doppler_api-aarch64, task_id: 267, task_name: DASH_FFT, resource_name: cpu1, ref_start_time: 2119460229747998, ref_stop_time: 2119460229776258, actual_exe_time: 28260, task_app_start_time:2119459634098563, task_sched_time:2119460229739628
app_id: 0, app_name: pulse_doppler_api-aarch64, task_id: 268, task_name: DASH_FFT, resource_name: cpu2, ref_start_time: 2119460234105799, ref_stop_time: 2119460234139729, actual_exe_time: 33930, task_app_start_time:2119459634098563, task_sched_time:2119460234099199
app_id: 0, app_name: pulse_doppler_api-aarch64, task_id: 269, task_name: DASH_FFT, resource_name: cpu3, ref_start_time: 2119460237854510, ref_stop_time: 2119460237885650, actual_exe_time: 31140, task_app_start_time:2119459634098563, task_sched_time:2119460234900649
app_id: 0, app_name: pulse_doppler_api-aarch64, task_id: 270, task_name: DASH_ZIP, resource_name: zip1, ref_start_time: 2119460238756970, ref_stop_time: 2119460238799420, actual_exe_time: 42450, task_app_start_time:2119459634098563, task_sched_time:2119460238753580
app_id: 0, app_name: pulse_doppler_api-aarch64, task_id: 271, task_name: DASH_FFT, resource_name: cpu1, ref_start_time: 2119460239594270, ref_stop_time: 2119460239622470, actual_exe_time: 28200, task_app_start_time:2119459634098563, task_sched_time:2119460239588960
app_id: 0, app_name: pulse_doppler_api-aarch64, task_id: 272, task_name: DASH_FFT, resource_name: cpu2, ref_start_time: 2119460240492050, ref_stop_time: 2119460240514160, actual_exe_time: 22110, task_app_start_time:2119459634098563, task_sched_time:2119460240488180
app_id: 0, app_name: pulse_doppler_api-aarch64, task_id: 273, task_name: DASH_FFT, resource_name: cpu3, ref_start_time: 2119460241810670, ref_stop_time: 2119460241835630, actual_exe_time: 24960, task_app_start_time:2119459634098563, task_sched_time:2119460241498580
app_id: 0, app_name: pulse_doppler_api-aarch64, task_id: 274, task_name: DASH_ZIP, resource_name: zip1, ref_start_time: 2119460243671391, ref_stop_time: 2119460243715401, actual_exe_time: 44010, task_app_start_time:2119459634098563, task_sched_time:2119460242540481
app_id: 0, app_name: pulse_doppler_api-aarch64, task_id: 275, task_name: DASH_FFT, resource_name: cpu1, ref_start_time: 2119460244601241, ref_stop_time: 2119460244629801, actual_exe_time: 28560, task_app_start_time:2119459634098563, task_sched_time:2119460244596201
app_id: 0, app_name: pulse_doppler_api-aarch64, task_id: 276, task_name: DASH_FFT, resource_name: cpu2, ref_start_time: 2119460245606871, ref_stop_time: 2119460245630031, actual_exe_time: 23160, task_app_start_time:2119459634098563, task_sched_time:2119460245600421
app_id: 0, app_name: pulse_doppler_api-aarch64, task_id: 277, task_name: DASH_FFT, resource_name: cpu3, ref_start_time: 2119460246429801, ref_stop_time: 2119460246452451, actual_exe_time: 22650, task_app_start_time:2119459634098563, task_sched_time:2119460246420111
app_id: 0, app_name: pulse_doppler_api-aarch64, task_id: 278, task_name: DASH_ZIP, resource_name: zip1, ref_start_time: 2119460250391482, ref_stop_time: 2119460250438072, actual_exe_time: 46590, task_app_start_time:2119459634098563, task_sched_time:2119460250385452
app_id: 0, app_name: pulse_doppler_api-aarch64, task_id: 279, task_name: DASH_FFT, resource_name: cpu1, ref_start_time: 2119460252434332, ref_stop_time: 2119460252467362, actual_exe_time: 33030, task_app_start_time:2119459634098563, task_sched_time:2119460252424672
app_id: 0, app_name: pulse_doppler_api-aarch64, task_id: 280, task_name: DASH_FFT, resource_name: cpu2, ref_start_time: 2119460253844782, ref_stop_time: 2119460253873822, actual_exe_time: 29040, task_app_start_time:2119459634098563, task_sched_time:2119460253443352
app_id: 0, app_name: pulse_doppler_api-aarch64, task_id: 281, task_name: DASH_FFT, resource_name: cpu3, ref_start_time: 2119460254360752, ref_stop_time: 2119460254382052, actual_exe_time: 21300, task_app_start_time:2119459634098563, task_sched_time:2119460254352322
app_id: 0, app_name: pulse_doppler_api-aarch64, task_id: 282, task_name: DASH_ZIP, resource_name: zip1, ref_start_time: 2119460255607553, ref_stop_time: 2119460255649733, actual_exe_time: 42180, task_app_start_time:2119459634098563, task_sched_time:2119460255600083
app_id: 0, app_name: pulse_doppler_api-aarch64, task_id: 283, task_name: DASH_FFT, resource_name: cpu1, ref_start_time: 2119460256294793, ref_stop_time: 2119460256629533, actual_exe_time: 334740, task_app_start_time:2119459634098563, task_sched_time:2119460256288943
app_id: 0, app_name: pulse_doppler_api-aarch64, task_id: 284, task_name: DASH_FFT, resource_name: cpu2, ref_start_time: 2119460257835893, ref_stop_time: 2119460257861483, actual_exe_time: 25590, task_app_start_time:2119459634098563, task_sched_time:2119460257302103
app_id: 0, app_name: pulse_doppler_api-aarch64, task_id: 285, task_name: DASH_FFT, resource_name: cpu3, ref_start_time: 2119460258520103, ref_stop_time: 2119460258542123, actual_exe_time: 22020, task_app_start_time:2119459634098563, task_sched_time:2119460258515363
app_id: 0, app_name: pulse_doppler_api-aarch64, task_id: 286, task_name: DASH_ZIP, resource_name: zip1, ref_start_time: 2119460259623683, ref_stop_time: 2119460259663793, actual_exe_time: 40110, task_app_start_time:2119459634098563, task_sched_time:2119460259619033
app_id: 0, app_name: pulse_doppler_api-aarch64, task_id: 287, task_name: DASH_FFT, resource_name: cpu1, ref_start_time: 2119460260410373, ref_stop_time: 2119460260437313, actual_exe_time: 26940, task_app_start_time:2119459634098563, task_sched_time:2119460260403923
app_id: 0, app_name: pulse_doppler_api-aarch64, task_id: 288, task_name: DASH_FFT, resource_name: cpu2, ref_start_time: 2119460261824034, ref_stop_time: 2119460261849384, actual_exe_time: 25350, task_app_start_time:2119459634098563, task_sched_time:2119460261443784
app_id: 0, app_name: pulse_doppler_api-aarch64, task_id: 289, task_name: DASH_FFT, resource_name: cpu3, ref_start_time: 2119460262355484, ref_stop_time: 2119460262376574, actual_exe_time: 21090, task_app_start_time:2119459634098563, task_sched_time:2119460262352784
app_id: 0, app_name: pulse_doppler_api-aarch64, task_id: 290, task_name: DASH_ZIP, resource_name: zip1, ref_start_time: 2119460263411334, ref_stop_time: 2119460263451504, actual_exe_time: 40170, task_app_start_time:2119459634098563, task_sched_time:2119460263404374
app_id: 0, app_name: pulse_doppler_api-aarch64, task_id: 291, task_name: DASH_FFT, resource_name: cpu1, ref_start_time: 2119460264239034, ref_stop_time: 2119460264266574, actual_exe_time: 27540, task_app_start_time:2119459634098563, task_sched_time:2119460264230484
app_id: 0, app_name: pulse_doppler_api-aarch64, task_id: 292, task_name: DASH_FFT, resource_name: cpu2, ref_start_time: 2119460265217274, ref_stop_time: 2119460265242234, actual_exe_time: 24960, task_app_start_time:2119459634098563, task_sched_time:2119460265207074
app_id: 0, app_name: pulse_doppler_api-aarch64, task_id: 293, task_name: DASH_FFT, resource_name: cpu3, ref_start_time: 2119460269516395, ref_stop_time: 2119460269545315, actual_exe_time: 28920, task_app_start_time:2119459634098563, task_sched_time:2119460269510755
app_id: 0, app_name: pulse_doppler_api-aarch64, task_id: 294, task_name: DASH_ZIP, resource_name: zip1, ref_start_time: 2119460270902845, ref_stop_time: 2119460270946525, actual_exe_time: 43680, task_app_start_time:2119459634098563, task_sched_time:2119460270896335
app_id: 0, app_name: pulse_doppler_api-aarch64, task_id: 295, task_name: DASH_FFT, resource_name: cpu1, ref_start_time: 2119460271870915, ref_stop_time: 2119460271902265, actual_exe_time: 31350, task_app_start_time:2119459634098563, task_sched_time:2119460271856575
app_id: 0, app_name: pulse_doppler_api-aarch64, task_id: 296, task_name: DASH_FFT, resource_name: cpu2, ref_start_time: 2119460273867566, ref_stop_time: 2119460273899516, actual_exe_time: 31950, task_app_start_time:2119459634098563, task_sched_time:2119460272849275
app_id: 0, app_name: pulse_doppler_api-aarch64, task_id: 297, task_name: DASH_FFT, resource_name: cpu3, ref_start_time: 2119460274632896, ref_stop_time: 2119460274655186, actual_exe_time: 22290, task_app_start_time:2119459634098563, task_sched_time:2119460274623326
app_id: 0, app_name: pulse_doppler_api-aarch64, task_id: 298, task_name: DASH_ZIP, resource_name: zip1, ref_start_time: 2119460275606636, ref_stop_time: 2119460275647646, actual_exe_time: 41010, task_app_start_time:2119459634098563, task_sched_time:2119460275599136
app_id: 0, app_name: pulse_doppler_api-aarch64, task_id: 299, task_name: DASH_FFT, resource_name: cpu1, ref_start_time: 2119460276581786, ref_stop_time: 2119460276608816, actual_exe_time: 27030, task_app_start_time:2119459634098563, task_sched_time:2119460276570326
app_id: 0, app_name: pulse_doppler_api-aarch64, task_id: 300, task_name: DASH_FFT, resource_name: cpu2, ref_start_time: 2119460277846556, ref_stop_time: 2119460277871216, actual_exe_time: 24660, task_app_start_time:2119459634098563, task_sched_time:2119460277426166
app_id: 0, app_name: pulse_doppler_api-aarch64, task_id: 301, task_name: DASH_FFT, resource_name: cpu3, ref_start_time: 2119460278463806, ref_stop_time: 2119460278484866, actual_exe_time: 21060, task_app_start_time:2119459634098563, task_sched_time:2119460278460776
app_id: 0, app_name: pulse_doppler_api-aarch64, task_id: 302, task_name: DASH_ZIP, resource_name: zip1, ref_start_time: 2119460279261926, ref_stop_time: 2119460279301646, actual_exe_time: 39720, task_app_start_time:2119459634098563, task_sched_time:2119460279255176
app_id: 0, app_name: pulse_doppler_api-aarch64, task_id: 303, task_name: DASH_FFT, resource_name: cpu1, ref_start_time: 2119460280211457, ref_stop_time: 2119460280239087, actual_exe_time: 27630, task_app_start_time:2119459634098563, task_sched_time:2119460280197837
app_id: 0, app_name: pulse_doppler_api-aarch64, task_id: 304, task_name: DASH_FFT, resource_name: cpu2, ref_start_time: 2119460281004897, ref_stop_time: 2119460281028597, actual_exe_time: 23700, task_app_start_time:2119459634098563, task_sched_time:2119460280995747
app_id: 0, app_name: pulse_doppler_api-aarch64, task_id: 305, task_name: DASH_FFT, resource_name: cpu3, ref_start_time: 2119460281620557, ref_stop_time: 2119460281641797, actual_exe_time: 21240, task_app_start_time:2119459634098563, task_sched_time:2119460281611107
app_id: 0, app_name: pulse_doppler_api-aarch64, task_id: 306, task_name: DASH_ZIP, resource_name: zip1, ref_start_time: 2119460282493467, ref_stop_time: 2119460282536097, actual_exe_time: 42630, task_app_start_time:2119459634098563, task_sched_time:2119460282486177
app_id: 0, app_name: pulse_doppler_api-aarch64, task_id: 307, task_name: DASH_FFT, resource_name: cpu1, ref_start_time: 2119460283229937, ref_stop_time: 2119460283259337, actual_exe_time: 29400, task_app_start_time:2119459634098563, task_sched_time:2119460283222977
app_id: 0, app_name: pulse_doppler_api-aarch64, task_id: 308, task_name: DASH_FFT, resource_name: cpu2, ref_start_time: 2119460285049047, ref_stop_time: 2119460285076437, actual_exe_time: 27390, task_app_start_time:2119459634098563, task_sched_time:2119460284185377
app_id: 0, app_name: pulse_doppler_api-aarch64, task_id: 309, task_name: DASH_FFT, resource_name: cpu3, ref_start_time: 2119460290435668, ref_stop_time: 2119460290463118, actual_exe_time: 27450, task_app_start_time:2119459634098563, task_sched_time:2119460290429818
app_id: 0, app_name: pulse_doppler_api-aarch64, task_id: 310, task_name: DASH_ZIP, resource_name: zip1, ref_start_time: 2119460291577978, ref_stop_time: 2119460291619258, actual_exe_time: 41280, task_app_start_time:2119459634098563, task_sched_time:2119460291568318
app_id: 0, app_name: pulse_doppler_api-aarch64, task_id: 311, task_name: DASH_FFT, resource_name: cpu1, ref_start_time: 2119460292387919, ref_stop_time: 2119460292416329, actual_exe_time: 28410, task_app_start_time:2119459634098563, task_sched_time:2119460292384169
app_id: 0, app_name: pulse_doppler_api-aarch64, task_id: 312, task_name: DASH_FFT, resource_name: cpu2, ref_start_time: 2119460297273989, ref_stop_time: 2119460297301409, actual_exe_time: 27420, task_app_start_time:2119459634098563, task_sched_time:2119460297266219
app_id: 0, app_name: pulse_doppler_api-aarch64, task_id: 313, task_name: DASH_FFT, resource_name: cpu3, ref_start_time: 2119460297965189, ref_stop_time: 2119460297987239, actual_exe_time: 22050, task_app_start_time:2119459634098563, task_sched_time:2119460297955889
app_id: 0, app_name: pulse_doppler_api-aarch64, task_id: 314, task_name: DASH_ZIP, resource_name: zip1, ref_start_time: 2119460299013060, ref_stop_time: 2119460299054790, actual_exe_time: 41730, task_app_start_time:2119459634098563, task_sched_time:2119460299005560
app_id: 0, app_name: pulse_doppler_api-aarch64, task_id: 315, task_name: DASH_FFT, resource_name: cpu1, ref_start_time: 2119460299473200, ref_stop_time: 2119460299501220, actual_exe_time: 28020, task_app_start_time:2119459634098563, task_sched_time:2119460299460630
app_id: 0, app_name: pulse_doppler_api-aarch64, task_id: 316, task_name: DASH_FFT, resource_name: cpu2, ref_start_time: 2119460300530070, ref_stop_time: 2119460300553410, actual_exe_time: 23340, task_app_start_time:2119459634098563, task_sched_time:2119460300521280
app_id: 0, app_name: pulse_doppler_api-aarch64, task_id: 317, task_name: DASH_FFT, resource_name: cpu3, ref_start_time: 2119460305933281, ref_stop_time: 2119460305961781, actual_exe_time: 28500, task_app_start_time:2119459634098563, task_sched_time:2119460305925451
app_id: 0, app_name: pulse_doppler_api-aarch64, task_id: 318, task_name: DASH_ZIP, resource_name: zip1, ref_start_time: 2119460307232611, ref_stop_time: 2119460307274401, actual_exe_time: 41790, task_app_start_time:2119459634098563, task_sched_time:2119460307229131
app_id: 0, app_name: pulse_doppler_api-aarch64, task_id: 319, task_name: DASH_FFT, resource_name: cpu1, ref_start_time: 2119460308220601, ref_stop_time: 2119460308249791, actual_exe_time: 29190, task_app_start_time:2119459634098563, task_sched_time:2119460308208481
app_id: 0, app_name: pulse_doppler_api-aarch64, task_id: 320, task_name: DASH_FFT, resource_name: cpu2, ref_start_time: 2119460314288582, ref_stop_time: 2119460314317112, actual_exe_time: 28530, task_app_start_time:2119459634098563, task_sched_time:2119460314280182
app_id: 0, app_name: pulse_doppler_api-aarch64, task_id: 321, task_name: DASH_FFT, resource_name: cpu3, ref_start_time: 2119460315114422, ref_stop_time: 2119460315135332, actual_exe_time: 20910, task_app_start_time:2119459634098563, task_sched_time:2119460315109802
app_id: 0, app_name: pulse_doppler_api-aarch64, task_id: 322, task_name: DASH_ZIP, resource_name: zip1, ref_start_time: 2119460318080253, ref_stop_time: 2119460318125343, actual_exe_time: 45090, task_app_start_time:2119459634098563, task_sched_time:2119460318075393
app_id: 0, app_name: pulse_doppler_api-aarch64, task_id: 323, task_name: DASH_FFT, resource_name: cpu1, ref_start_time: 2119460318894453, ref_stop_time: 2119460318924813, actual_exe_time: 30360, task_app_start_time:2119459634098563, task_sched_time:2119460318886743
app_id: 0, app_name: pulse_doppler_api-aarch64, task_id: 324, task_name: DASH_FFT, resource_name: cpu2, ref_start_time: 2119460321884943, ref_stop_time: 2119460321917943, actual_exe_time: 33000, task_app_start_time:2119459634098563, task_sched_time:2119460319781973
app_id: 0, app_name: pulse_doppler_api-aarch64, task_id: 325, task_name: DASH_FFT, resource_name: cpu3, ref_start_time: 2119460322679073, ref_stop_time: 2119460322700553, actual_exe_time: 21480, task_app_start_time:2119459634098563, task_sched_time:2119460322673433
app_id: 0, app_name: pulse_doppler_api-aarch64, task_id: 326, task_name: DASH_ZIP, resource_name: zip1, ref_start_time: 2119460323942374, ref_stop_time: 2119460323984134, actual_exe_time: 41760, task_app_start_time:2119459634098563, task_sched_time:2119460323938984
app_id: 0, app_name: pulse_doppler_api-aarch64, task_id: 327, task_name: DASH_FFT, resource_name: cpu1, ref_start_time: 2119460326584594, ref_stop_time: 2119460326617834, actual_exe_time: 33240, task_app_start_time:2119459634098563, task_sched_time:2119460326574904
app_id: 0, app_name: pulse_doppler_api-aarch64, task_id: 328, task_name: DASH_FFT, resource_name: cpu2, ref_start_time: 2119460330222365, ref_stop_time: 2119460330250445, actual_exe_time: 28080, task_app_start_time:2119459634098563, task_sched_time:2119460330214175
app_id: 0, app_name: pulse_doppler_api-aarch64, task_id: 329, task_name: DASH_FFT, resource_name: cpu3, ref_start_time: 2119460333891005, ref_stop_time: 2119460333914165, actual_exe_time: 23160, task_app_start_time:2119459634098563, task_sched_time:2119460333881495
app_id: 0, app_name: pulse_doppler_api-aarch64, task_id: 330, task_name: DASH_ZIP, resource_name: zip1, ref_start_time: 2119460334947695, ref_stop_time: 2119460334988585, actual_exe_time: 40890, task_app_start_time:2119459634098563, task_sched_time:2119460334941335
app_id: 0, app_name: pulse_doppler_api-aarch64, task_id: 331, task_name: DASH_FFT, resource_name: cpu1, ref_start_time: 2119460338124756, ref_stop_time: 2119460338157786, actual_exe_time: 33030, task_app_start_time:2119459634098563, task_sched_time:2119460338114706
app_id: 0, app_name: pulse_doppler_api-aarch64, task_id: 332, task_name: DASH_FFT, resource_name: cpu2, ref_start_time: 2119460341674537, ref_stop_time: 2119460341708617, actual_exe_time: 34080, task_app_start_time:2119459634098563, task_sched_time:2119460339061026
app_id: 0, app_name: pulse_doppler_api-aarch64, task_id: 333, task_name: DASH_FFT, resource_name: cpu3, ref_start_time: 2119460345992707, ref_stop_time: 2119460346025077, actual_exe_time: 32370, task_app_start_time:2119459634098563, task_sched_time:2119460345986857
app_id: 0, app_name: pulse_doppler_api-aarch64, task_id: 334, task_name: DASH_ZIP, resource_name: zip1, ref_start_time: 2119460350333198, ref_stop_time: 2119460350375978, actual_exe_time: 42780, task_app_start_time:2119459634098563, task_sched_time:2119460350323868
app_id: 0, app_name: pulse_doppler_api-aarch64, task_id: 335, task_name: DASH_FFT, resource_name: cpu1, ref_start_time: 2119460353236448, ref_stop_time: 2119460353268338, actual_exe_time: 31890, task_app_start_time:2119459634098563, task_sched_time:2119460353231018
app_id: 0, app_name: pulse_doppler_api-aarch64, task_id: 336, task_name: DASH_FFT, resource_name: cpu2, ref_start_time: 2119460354397809, ref_stop_time: 2119460354423219, actual_exe_time: 25410, task_app_start_time:2119459634098563, task_sched_time:2119460354392379
app_id: 0, app_name: pulse_doppler_api-aarch64, task_id: 337, task_name: DASH_FFT, resource_name: cpu3, ref_start_time: 2119460357425109, ref_stop_time: 2119460357457269, actual_exe_time: 32160, task_app_start_time:2119459634098563, task_sched_time:2119460355114569
app_id: 0, app_name: pulse_doppler_api-aarch64, task_id: 338, task_name: DASH_ZIP, resource_name: zip1, ref_start_time: 2119460362651950, ref_stop_time: 2119460362697460, actual_exe_time: 45510, task_app_start_time:2119459634098563, task_sched_time:2119460362645500
app_id: 0, app_name: pulse_doppler_api-aarch64, task_id: 339, task_name: DASH_FFT, resource_name: cpu1, ref_start_time: 2119460366243730, ref_stop_time: 2119460366274990, actual_exe_time: 31260, task_app_start_time:2119459634098563, task_sched_time:2119460366236200
app_id: 0, app_name: pulse_doppler_api-aarch64, task_id: 340, task_name: DASH_FFT, resource_name: cpu2, ref_start_time: 2119460369412001, ref_stop_time: 2119460369441821, actual_exe_time: 29820, task_app_start_time:2119459634098563, task_sched_time:2119460369403121
app_id: 0, app_name: pulse_doppler_api-aarch64, task_id: 341, task_name: DASH_FFT, resource_name: cpu3, ref_start_time: 2119460370209341, ref_stop_time: 2119460370231481, actual_exe_time: 22140, task_app_start_time:2119459634098563, task_sched_time:2119460370200461
app_id: 0, app_name: pulse_doppler_api-aarch64, task_id: 342, task_name: DASH_ZIP, resource_name: zip1, ref_start_time: 2119460371348351, ref_stop_time: 2119460371393231, actual_exe_time: 44880, task_app_start_time:2119459634098563, task_sched_time:2119460371343971
app_id: 0, app_name: pulse_doppler_api-aarch64, task_id: 343, task_name: DASH_FFT, resource_name: cpu1, ref_start_time: 2119460372281231, ref_stop_time: 2119460372312851, actual_exe_time: 31620, task_app_start_time:2119459634098563, task_sched_time:2119460372277391
app_id: 0, app_name: pulse_doppler_api-aarch64, task_id: 344, task_name: DASH_FFT, resource_name: cpu2, ref_start_time: 2119460373378242, ref_stop_time: 2119460373404192, actual_exe_time: 25950, task_app_start_time:2119459634098563, task_sched_time:2119460373372002
app_id: 0, app_name: pulse_doppler_api-aarch64, task_id: 345, task_name: DASH_FFT, resource_name: cpu3, ref_start_time: 2119460374181372, ref_stop_time: 2119460374205312, actual_exe_time: 23940, task_app_start_time:2119459634098563, task_sched_time:2119460374175102
app_id: 0, app_name: pulse_doppler_api-aarch64, task_id: 346, task_name: DASH_ZIP, resource_name: zip1, ref_start_time: 2119460378606462, ref_stop_time: 2119460378652482, actual_exe_time: 46020, task_app_start_time:2119459634098563, task_sched_time:2119460378599442
app_id: 0, app_name: pulse_doppler_api-aarch64, task_id: 347, task_name: DASH_FFT, resource_name: cpu1, ref_start_time: 2119460384968233, ref_stop_time: 2119460385001683, actual_exe_time: 33450, task_app_start_time:2119459634098563, task_sched_time:2119460384957583
app_id: 0, app_name: pulse_doppler_api-aarch64, task_id: 348, task_name: DASH_FFT, resource_name: cpu2, ref_start_time: 2119460386905874, ref_stop_time: 2119460386938364, actual_exe_time: 32490, task_app_start_time:2119459634098563, task_sched_time:2119460386897174
app_id: 0, app_name: pulse_doppler_api-aarch64, task_id: 349, task_name: DASH_FFT, resource_name: cpu3, ref_start_time: 2119460389314664, ref_stop_time: 2119460389345384, actual_exe_time: 30720, task_app_start_time:2119459634098563, task_sched_time:2119460387794474
app_id: 0, app_name: pulse_doppler_api-aarch64, task_id: 350, task_name: DASH_ZIP, resource_name: zip1, ref_start_time: 2119460389912294, ref_stop_time: 2119460389954564, actual_exe_time: 42270, task_app_start_time:2119459634098563, task_sched_time:2119460389908844
app_id: 0, app_name: pulse_doppler_api-aarch64, task_id: 351, task_name: DASH_FFT, resource_name: cpu1, ref_start_time: 2119460391090544, ref_stop_time: 2119460391122944, actual_exe_time: 32400, task_app_start_time:2119459634098563, task_sched_time:2119460391082144
app_id: 0, app_name: pulse_doppler_api-aarch64, task_id: 352, task_name: DASH_FFT, resource_name: cpu2, ref_start_time: 2119460392188635, ref_stop_time: 2119460392213235, actual_exe_time: 24600, task_app_start_time:2119459634098563, task_sched_time:2119460392183715
app_id: 0, app_name: pulse_doppler_api-aarch64, task_id: 353, task_name: DASH_FFT, resource_name: cpu3, ref_start_time: 2119460393840345, ref_stop_time: 2119460393867675, actual_exe_time: 27330, task_app_start_time:2119459634098563, task_sched_time:2119460392982555
app_id: 0, app_name: pulse_doppler_api-aarch64, task_id: 354, task_name: DASH_ZIP, resource_name: zip1, ref_start_time: 2119460397834276, ref_stop_time: 2119460397879066, actual_exe_time: 44790, task_app_start_time:2119459634098563, task_sched_time:2119460394944255
app_id: 0, app_name: pulse_doppler_api-aarch64, task_id: 355, task_name: DASH_FFT, resource_name: cpu1, ref_start_time: 2119460398554576, ref_stop_time: 2119460398583556, actual_exe_time: 28980, task_app_start_time:2119459634098563, task_sched_time:2119460398547286
app_id: 0, app_name: pulse_doppler_api-aarch64, task_id: 356, task_name: DASH_FFT, resource_name: cpu2, ref_start_time: 2119460399261316, ref_stop_time: 2119460399284086, actual_exe_time: 22770, task_app_start_time:2119459634098563, task_sched_time:2119460399256336
app_id: 0, app_name: pulse_doppler_api-aarch64, task_id: 357, task_name: DASH_FFT, resource_name: cpu3, ref_start_time: 2119460400586446, ref_stop_time: 2119460400611436, actual_exe_time: 24990, task_app_start_time:2119459634098563, task_sched_time:2119460400144816
app_id: 0, app_name: pulse_doppler_api-aarch64, task_id: 358, task_name: DASH_ZIP, resource_name: zip1, ref_start_time: 2119460402037126, ref_stop_time: 2119460402083146, actual_exe_time: 46020, task_app_start_time:2119459634098563, task_sched_time:2119460402032926
app_id: 0, app_name: pulse_doppler_api-aarch64, task_id: 359, task_name: DASH_FFT, resource_name: cpu1, ref_start_time: 2119460403179286, ref_stop_time: 2119460403210096, actual_exe_time: 30810, task_app_start_time:2119459634098563, task_sched_time:2119460403170886
app_id: 0, app_name: pulse_doppler_api-aarch64, task_id: 360, task_name: DASH_FFT, resource_name: cpu2, ref_start_time: 2119460405859337, ref_stop_time: 2119460405890687, actual_exe_time: 31350, task_app_start_time:2119459634098563, task_sched_time:2119460403988777
app_id: 0, app_name: pulse_doppler_api-aarch64, task_id: 361, task_name: DASH_FFT, resource_name: cpu3, ref_start_time: 2119460406566857, ref_stop_time: 2119460406589717, actual_exe_time: 22860, task_app_start_time:2119459634098563, task_sched_time:2119460406562447
app_id: 0, app_name: pulse_doppler_api-aarch64, task_id: 362, task_name: DASH_ZIP, resource_name: zip1, ref_start_time: 2119460407872277, ref_stop_time: 2119460407913107, actual_exe_time: 40830, task_app_start_time:2119459634098563, task_sched_time:2119460407864537
app_id: 0, app_name: pulse_doppler_api-aarch64, task_id: 363, task_name: DASH_FFT, resource_name: cpu1, ref_start_time: 2119460408775127, ref_stop_time: 2119460408803657, actual_exe_time: 28530, task_app_start_time:2119459634098563, task_sched_time:2119460408763217
app_id: 0, app_name: pulse_doppler_api-aarch64, task_id: 364, task_name: DASH_FFT, resource_name: cpu2, ref_start_time: 2119460409854467, ref_stop_time: 2119460409878947, actual_exe_time: 24480, task_app_start_time:2119459634098563, task_sched_time:2119460409756577
app_id: 0, app_name: pulse_doppler_api-aarch64, task_id: 365, task_name: DASH_FFT, resource_name: cpu3, ref_start_time: 2119460410376768, ref_stop_time: 2119460410398128, actual_exe_time: 21360, task_app_start_time:2119459634098563, task_sched_time:2119460410371578
app_id: 0, app_name: pulse_doppler_api-aarch64, task_id: 366, task_name: DASH_ZIP, resource_name: zip1, ref_start_time: 2119460411564318, ref_stop_time: 2119460411604458, actual_exe_time: 40140, task_app_start_time:2119459634098563, task_sched_time:2119460411560688
app_id: 0, app_name: pulse_doppler_api-aarch64, task_id: 367, task_name: DASH_FFT, resource_name: cpu1, ref_start_time: 2119460412445418, ref_stop_time: 2119460412472778, actual_exe_time: 27360, task_app_start_time:2119459634098563, task_sched_time:2119460412432338
app_id: 0, app_name: pulse_doppler_api-aarch64, task_id: 368, task_name: DASH_FFT, resource_name: cpu2, ref_start_time: 2119460413840538, ref_stop_time: 2119460413865408, actual_exe_time: 24870, task_app_start_time:2119459634098563, task_sched_time:2119460413328138
app_id: 0, app_name: pulse_doppler_api-aarch64, task_id: 369, task_name: DASH_FFT, resource_name: cpu3, ref_start_time: 2119460414453618, ref_stop_time: 2119460414476268, actual_exe_time: 22650, task_app_start_time:2119459634098563, task_sched_time:2119460414447078
app_id: 0, app_name: pulse_doppler_api-aarch64, task_id: 370, task_name: DASH_ZIP, resource_name: zip1, ref_start_time: 2119460415757568, ref_stop_time: 2119460415798968, actual_exe_time: 41400, task_app_start_time:2119459634098563, task_sched_time:2119460415752348
app_id: 0, app_name: pulse_doppler_api-aarch64, task_id: 371, task_name: DASH_FFT, resource_name: cpu1, ref_start_time: 2119460416615089, ref_stop_time: 2119460416641999, actual_exe_time: 26910, task_app_start_time:2119459634098563, task_sched_time:2119460416602699
app_id: 0, app_name: pulse_doppler_api-aarch64, task_id: 372, task_name: DASH_FFT, resource_name: cpu2, ref_start_time: 2119460417983959, ref_stop_time: 2119460418009459, actual_exe_time: 25500, task_app_start_time:2119459634098563, task_sched_time:2119460417976219
app_id: 0, app_name: pulse_doppler_api-aarch64, task_id: 373, task_name: DASH_FFT, resource_name: cpu3, ref_start_time: 2119460421582999, ref_stop_time: 2119460421616569, actual_exe_time: 33570, task_app_start_time:2119459634098563, task_sched_time:2119460418625299
app_id: 0, app_name: pulse_doppler_api-aarch64, task_id: 374, task_name: DASH_ZIP, resource_name: zip1, ref_start_time: 2119460426719120, ref_stop_time: 2119460426767300, actual_exe_time: 48180, task_app_start_time:2119459634098563, task_sched_time:2119460426710330
app_id: 0, app_name: pulse_doppler_api-aarch64, task_id: 375, task_name: DASH_FFT, resource_name: cpu1, ref_start_time: 2119460431620941, ref_stop_time: 2119460431655741, actual_exe_time: 34800, task_app_start_time:2119459634098563, task_sched_time:2119460431616321
app_id: 0, app_name: pulse_doppler_api-aarch64, task_id: 376, task_name: DASH_FFT, resource_name: cpu2, ref_start_time: 2119460432860151, ref_stop_time: 2119460432883011, actual_exe_time: 22860, task_app_start_time:2119459634098563, task_sched_time:2119460432852861
app_id: 0, app_name: pulse_doppler_api-aarch64, task_id: 377, task_name: DASH_FFT, resource_name: cpu3, ref_start_time: 2119460433479891, ref_stop_time: 2119460433502571, actual_exe_time: 22680, task_app_start_time:2119459634098563, task_sched_time:2119460433475751
app_id: 0, app_name: pulse_doppler_api-aarch64, task_id: 378, task_name: DASH_ZIP, resource_name: zip1, ref_start_time: 2119460435054742, ref_stop_time: 2119460435096652, actual_exe_time: 41910, task_app_start_time:2119459634098563, task_sched_time:2119460435048772
app_id: 0, app_name: pulse_doppler_api-aarch64, task_id: 379, task_name: DASH_FFT, resource_name: cpu1, ref_start_time: 2119460435863482, ref_stop_time: 2119460435891292, actual_exe_time: 27810, task_app_start_time:2119459634098563, task_sched_time:2119460435855682
app_id: 0, app_name: pulse_doppler_api-aarch64, task_id: 380, task_name: DASH_FFT, resource_name: cpu2, ref_start_time: 2119460440394112, ref_stop_time: 2119460440431132, actual_exe_time: 37020, task_app_start_time:2119459634098563, task_sched_time:2119460440385082
app_id: 0, app_name: pulse_doppler_api-aarch64, task_id: 381, task_name: DASH_FFT, resource_name: cpu3, ref_start_time: 2119460445882043, ref_stop_time: 2119460445916153, actual_exe_time: 34110, task_app_start_time:2119459634098563, task_sched_time:2119460440743792
app_id: 0, app_name: pulse_doppler_api-aarch64, task_id: 382, task_name: DASH_ZIP, resource_name: zip1, ref_start_time: 2119460447207863, ref_stop_time: 2119460447250673, actual_exe_time: 42810, task_app_start_time:2119459634098563, task_sched_time:2119460447202463
app_id: 0, app_name: pulse_doppler_api-aarch64, task_id: 383, task_name: DASH_FFT, resource_name: cpu1, ref_start_time: 2119460448125534, ref_stop_time: 2119460448153224, actual_exe_time: 27690, task_app_start_time:2119459634098563, task_sched_time:2119460448121874
app_id: 0, app_name: pulse_doppler_api-aarch64, task_id: 384, task_name: DASH_FFT, resource_name: cpu2, ref_start_time: 2119460449360874, ref_stop_time: 2119460449382714, actual_exe_time: 21840, task_app_start_time:2119459634098563, task_sched_time:2119460449357514
app_id: 0, app_name: pulse_doppler_api-aarch64, task_id: 385, task_name: DASH_FFT, resource_name: cpu3, ref_start_time: 2119460450964944, ref_stop_time: 2119460450989904, actual_exe_time: 24960, task_app_start_time:2119459634098563, task_sched_time:2119460449945214
app_id: 0, app_name: pulse_doppler_api-aarch64, task_id: 386, task_name: DASH_ZIP, resource_name: zip1, ref_start_time: 2119460451669194, ref_stop_time: 2119460451713234, actual_exe_time: 44040, task_app_start_time:2119459634098563, task_sched_time:2119460451660284
app_id: 0, app_name: pulse_doppler_api-aarch64, task_id: 387, task_name: DASH_FFT, resource_name: cpu1, ref_start_time: 2119460464429966, ref_stop_time: 2119460465002786, actual_exe_time: 572820, task_app_start_time:2119459634098563, task_sched_time:2119460464416046
app_id: 0, app_name: pulse_doppler_api-aarch64, task_id: 388, task_name: DASH_FFT, resource_name: cpu2, ref_start_time: 2119460470345667, ref_stop_time: 2119460470377527, actual_exe_time: 31860, task_app_start_time:2119459634098563, task_sched_time:2119460470339037
app_id: 0, app_name: pulse_doppler_api-aarch64, task_id: 389, task_name: DASH_FFT, resource_name: cpu3, ref_start_time: 2119460470838987, ref_stop_time: 2119460470862867, actual_exe_time: 23880, task_app_start_time:2119459634098563, task_sched_time:2119460470831037
app_id: 0, app_name: pulse_doppler_api-aarch64, task_id: 390, task_name: DASH_ZIP, resource_name: zip1, ref_start_time: 2119460473890588, ref_stop_time: 2119460473933728, actual_exe_time: 43140, task_app_start_time:2119459634098563, task_sched_time:2119460473883988
app_id: 0, app_name: pulse_doppler_api-aarch64, task_id: 391, task_name: DASH_FFT, resource_name: cpu1, ref_start_time: 2119460478040578, ref_stop_time: 2119460478453379, actual_exe_time: 412801, task_app_start_time:2119459634098563, task_sched_time:2119460477930238
app_id: 0, app_name: pulse_doppler_api-aarch64, task_id: 392, task_name: DASH_FFT, resource_name: cpu2, ref_start_time: 2119460480282869, ref_stop_time: 2119460480304979, actual_exe_time: 22110, task_app_start_time:2119459634098563, task_sched_time:2119460480277409
app_id: 0, app_name: pulse_doppler_api-aarch64, task_id: 393, task_name: DASH_FFT, resource_name: cpu3, ref_start_time: 2119460481637039, ref_stop_time: 2119460481659089, actual_exe_time: 22050, task_app_start_time:2119459634098563, task_sched_time:2119460481627469
app_id: 0, app_name: pulse_doppler_api-aarch64, task_id: 394, task_name: DASH_ZIP, resource_name: zip1, ref_start_time: 2119460482638859, ref_stop_time: 2119460482686109, actual_exe_time: 47250, task_app_start_time:2119459634098563, task_sched_time:2119460482630579
app_id: 0, app_name: pulse_doppler_api-aarch64, task_id: 395, task_name: DASH_FFT, resource_name: cpu1, ref_start_time: 2119460483071609, ref_stop_time: 2119460483103169, actual_exe_time: 31560, task_app_start_time:2119459634098563, task_sched_time:2119460483046769
app_id: 0, app_name: pulse_doppler_api-aarch64, task_id: 396, task_name: DASH_FFT, resource_name: cpu2, ref_start_time: 2119460484918920, ref_stop_time: 2119460484947150, actual_exe_time: 28230, task_app_start_time:2119459634098563, task_sched_time:2119460484300079
app_id: 0, app_name: pulse_doppler_api-aarch64, task_id: 397, task_name: DASH_FFT, resource_name: cpu3, ref_start_time: 2119460490157550, ref_stop_time: 2119460490185870, actual_exe_time: 28320, task_app_start_time:2119459634098563, task_sched_time:2119460490149900
app_id: 0, app_name: pulse_doppler_api-aarch64, task_id: 398, task_name: DASH_ZIP, resource_name: zip1, ref_start_time: 2119460490902421, ref_stop_time: 2119460491078311, actual_exe_time: 175890, task_app_start_time:2119459634098563, task_sched_time:2119460490894411
app_id: 0, app_name: pulse_doppler_api-aarch64, task_id: 399, task_name: DASH_FFT, resource_name: cpu1, ref_start_time: 2119460491334661, ref_stop_time: 2119460491362321, actual_exe_time: 27660, task_app_start_time:2119459634098563, task_sched_time:2119460491300701
app_id: 0, app_name: pulse_doppler_api-aarch64, task_id: 400, task_name: DASH_FFT, resource_name: cpu2, ref_start_time: 2119460496018231, ref_stop_time: 2119460496043101, actual_exe_time: 24870, task_app_start_time:2119459634098563, task_sched_time:2119460496008661
app_id: 0, app_name: pulse_doppler_api-aarch64, task_id: 401, task_name: DASH_FFT, resource_name: cpu3, ref_start_time: 2119460497074322, ref_stop_time: 2119460497096552, actual_exe_time: 22230, task_app_start_time:2119459634098563, task_sched_time:2119460497065322
app_id: 0, app_name: pulse_doppler_api-aarch64, task_id: 402, task_name: DASH_ZIP, resource_name: zip1, ref_start_time: 2119460497958062, ref_stop_time: 2119460497999702, actual_exe_time: 41640, task_app_start_time:2119459634098563, task_sched_time:2119460497950382
app_id: 0, app_name: pulse_doppler_api-aarch64, task_id: 403, task_name: DASH_FFT, resource_name: cpu1, ref_start_time: 2119460498564992, ref_stop_time: 2119460498593882, actual_exe_time: 28890, task_app_start_time:2119459634098563, task_sched_time:2119460498559622
app_id: 0, app_name: pulse_doppler_api-aarch64, task_id: 404, task_name: DASH_FFT, resource_name: cpu2, ref_start_time: 2119460498993572, ref_stop_time: 2119460499014632, actual_exe_time: 21060, task_app_start_time:2119459634098563, task_sched_time:2119460498988562
app_id: 0, app_name: pulse_doppler_api-aarch64, task_id: 405, task_name: DASH_FFT, resource_name: cpu3, ref_start_time: 2119460502103762, ref_stop_time: 2119460502129772, actual_exe_time: 26010, task_app_start_time:2119459634098563, task_sched_time:2119460502097762
app_id: 0, app_name: pulse_doppler_api-aarch64, task_id: 406, task_name: DASH_ZIP, resource_name: zip1, ref_start_time: 2119460506434983, ref_stop_time: 2119460506481453, actual_exe_time: 46470, task_app_start_time:2119459634098563, task_sched_time:2119460506425563
app_id: 0, app_name: pulse_doppler_api-aarch64, task_id: 407, task_name: DASH_FFT, resource_name: cpu1, ref_start_time: 2119460510144904, ref_stop_time: 2119460510176254, actual_exe_time: 31350, task_app_start_time:2119459634098563, task_sched_time:2119460510129364
app_id: 0, app_name: pulse_doppler_api-aarch64, task_id: 408, task_name: DASH_FFT, resource_name: cpu2, ref_start_time: 2119460511045204, ref_stop_time: 2119460511068694, actual_exe_time: 23490, task_app_start_time:2119459634098563, task_sched_time:2119460511037074
app_id: 0, app_name: pulse_doppler_api-aarch64, task_id: 409, task_name: DASH_FFT, resource_name: cpu3, ref_start_time: 2119460514528174, ref_stop_time: 2119460514550794, actual_exe_time: 22620, task_app_start_time:2119459634098563, task_sched_time:2119460514524334
app_id: 0, app_name: pulse_doppler_api-aarch64, task_id: 410, task_name: DASH_ZIP, resource_name: zip1, ref_start_time: 2119460514942984, ref_stop_time: 2119460514984294, actual_exe_time: 41310, task_app_start_time:2119459634098563, task_sched_time:2119460514935964
app_id: 0, app_name: pulse_doppler_api-aarch64, task_id: 411, task_name: DASH_FFT, resource_name: cpu1, ref_start_time: 2119460517253915, ref_stop_time: 2119460517285595, actual_exe_time: 31680, task_app_start_time:2119459634098563, task_sched_time:2119460517240415
app_id: 0, app_name: pulse_doppler_api-aarch64, task_id: 412, task_name: DASH_FFT, resource_name: cpu2, ref_start_time: 2119460520398245, ref_stop_time: 2119460520430465, actual_exe_time: 32220, task_app_start_time:2119459634098563, task_sched_time:2119460518331635
app_id: 0, app_name: pulse_doppler_api-aarch64, task_id: 413, task_name: DASH_FFT, resource_name: cpu3, ref_start_time: 2119460526160556, ref_stop_time: 2119460526189176, actual_exe_time: 28620, task_app_start_time:2119459634098563, task_sched_time:2119460526153236
app_id: 0, app_name: pulse_doppler_api-aarch64, task_id: 414, task_name: DASH_ZIP, resource_name: zip1, ref_start_time: 2119460527203986, ref_stop_time: 2119460527244666, actual_exe_time: 40680, task_app_start_time:2119459634098563, task_sched_time:2119460527195346
app_id: 0, app_name: pulse_doppler_api-aarch64, task_id: 415, task_name: DASH_FFT, resource_name: cpu1, ref_start_time: 2119460527960556, ref_stop_time: 2119460527994006, actual_exe_time: 33450, task_app_start_time:2119459634098563, task_sched_time:2119460527918616
app_id: 0, app_name: pulse_doppler_api-aarch64, task_id: 416, task_name: DASH_FFT, resource_name: cpu2, ref_start_time: 2119460531669247, ref_stop_time: 2119460531693307, actual_exe_time: 24060, task_app_start_time:2119459634098563, task_sched_time:2119460531664837
app_id: 0, app_name: pulse_doppler_api-aarch64, task_id: 417, task_name: DASH_FFT, resource_name: cpu3, ref_start_time: 2119460532724257, ref_stop_time: 2119460532745887, actual_exe_time: 21630, task_app_start_time:2119459634098563, task_sched_time:2119460532720177
app_id: 0, app_name: pulse_doppler_api-aarch64, task_id: 418, task_name: DASH_ZIP, resource_name: zip1, ref_start_time: 2119460533321197, ref_stop_time: 2119460533362897, actual_exe_time: 41700, task_app_start_time:2119459634098563, task_sched_time:2119460533314267
app_id: 0, app_name: pulse_doppler_api-aarch64, task_id: 419, task_name: DASH_FFT, resource_name: cpu1, ref_start_time: 2119460534078367, ref_stop_time: 2119460534106717, actual_exe_time: 28350, task_app_start_time:2119459634098563, task_sched_time:2119460534074227
app_id: 0, app_name: pulse_doppler_api-aarch64, task_id: 420, task_name: DASH_FFT, resource_name: cpu2, ref_start_time: 2119460538047068, ref_stop_time: 2119460538078448, actual_exe_time: 31380, task_app_start_time:2119459634098563, task_sched_time:2119460538040498
app_id: 0, app_name: pulse_doppler_api-aarch64, task_id: 421, task_name: DASH_FFT, resource_name: cpu3, ref_start_time: 2119460542498499, ref_stop_time: 2119460542526939, actual_exe_time: 28440, task_app_start_time:2119459634098563, task_sched_time:2119460542493939
app_id: 0, app_name: pulse_doppler_api-aarch64, task_id: 422, task_name: DASH_ZIP, resource_name: zip1, ref_start_time: 2119460545996079, ref_stop_time: 2119460546038469, actual_exe_time: 42390, task_app_start_time:2119459634098563, task_sched_time:2119460545988219
app_id: 0, app_name: pulse_doppler_api-aarch64, task_id: 423, task_name: DASH_FFT, resource_name: cpu1, ref_start_time: 2119460547069720, ref_stop_time: 2119460547099270, actual_exe_time: 29550, task_app_start_time:2119459634098563, task_sched_time:2119460547064800
app_id: 0, app_name: pulse_doppler_api-aarch64, task_id: 424, task_name: DASH_FFT, resource_name: cpu2, ref_start_time: 2119460550610500, ref_stop_time: 2119460550634740, actual_exe_time: 24240, task_app_start_time:2119459634098563, task_sched_time:2119460550605940
app_id: 0, app_name: pulse_doppler_api-aarch64, task_id: 425, task_name: DASH_FFT, resource_name: cpu3, ref_start_time: 2119460551799880, ref_stop_time: 2119460551822440, actual_exe_time: 22560, task_app_start_time:2119459634098563, task_sched_time:2119460551796520
app_id: 0, app_name: pulse_doppler_api-aarch64, task_id: 426, task_name: DASH_ZIP, resource_name: zip1, ref_start_time: 2119460554258381, ref_stop_time: 2119460554301161, actual_exe_time: 42780, task_app_start_time:2119459634098563, task_sched_time:2119460554251391
app_id: 0, app_name: pulse_doppler_api-aarch64, task_id: 427, task_name: DASH_FFT, resource_name: cpu1, ref_start_time: 2119460557431661, ref_stop_time: 2119460557469011, actual_exe_time: 37350, task_app_start_time:2119459634098563, task_sched_time:2119460557365271
app_id: 0, app_name: pulse_doppler_api-aarch64, task_id: 428, task_name: DASH_FFT, resource_name: cpu2, ref_start_time: 2119460561838842, ref_stop_time: 2119460561869832, actual_exe_time: 30990, task_app_start_time:2119459634098563, task_sched_time:2119460558463181
app_id: 0, app_name: pulse_doppler_api-aarch64, task_id: 429, task_name: DASH_FFT, resource_name: cpu3, ref_start_time: 2119460562352352, ref_stop_time: 2119460562373472, actual_exe_time: 21120, task_app_start_time:2119459634098563, task_sched_time:2119460562343412
app_id: 0, app_name: pulse_doppler_api-aarch64, task_id: 430, task_name: DASH_ZIP, resource_name: zip1, ref_start_time: 2119460563288982, ref_stop_time: 2119460563330412, actual_exe_time: 41430, task_app_start_time:2119459634098563, task_sched_time:2119460563283972
app_id: 0, app_name: pulse_doppler_api-aarch64, task_id: 431, task_name: DASH_FFT, resource_name: cpu1, ref_start_time: 2119460564149082, ref_stop_time: 2119460564176202, actual_exe_time: 27120, task_app_start_time:2119459634098563, task_sched_time:2119460564127152
app_id: 0, app_name: pulse_doppler_api-aarch64, task_id: 432, task_name: DASH_FFT, resource_name: cpu2, ref_start_time: 2119460567452683, ref_stop_time: 2119460567479683, actual_exe_time: 27000, task_app_start_time:2119459634098563, task_sched_time:2119460565117392
app_id: 0, app_name: pulse_doppler_api-aarch64, task_id: 433, task_name: DASH_FFT, resource_name: cpu3, ref_start_time: 2119460567679693, ref_stop_time: 2119460567700453, actual_exe_time: 20760, task_app_start_time:2119459634098563, task_sched_time:2119460567672763
app_id: 0, app_name: pulse_doppler_api-aarch64, task_id: 434, task_name: DASH_ZIP, resource_name: zip1, ref_start_time: 2119460570254983, ref_stop_time: 2119460570298483, actual_exe_time: 43500, task_app_start_time:2119459634098563, task_sched_time:2119460570244873
app_id: 0, app_name: pulse_doppler_api-aarch64, task_id: 435, task_name: DASH_FFT, resource_name: cpu1, ref_start_time: 2119460573204974, ref_stop_time: 2119460573240224, actual_exe_time: 35250, task_app_start_time:2119459634098563, task_sched_time:2119460573200714
app_id: 0, app_name: pulse_doppler_api-aarch64, task_id: 436, task_name: DASH_FFT, resource_name: cpu2, ref_start_time: 2119460574186304, ref_stop_time: 2119460574211744, actual_exe_time: 25440, task_app_start_time:2119459634098563, task_sched_time:2119460574176704
app_id: 0, app_name: pulse_doppler_api-aarch64, task_id: 437, task_name: DASH_FFT, resource_name: cpu3, ref_start_time: 2119460577829625, ref_stop_time: 2119460577860825, actual_exe_time: 31200, task_app_start_time:2119459634098563, task_sched_time:2119460574758554
app_id: 0, app_name: pulse_doppler_api-aarch64, task_id: 438, task_name: DASH_ZIP, resource_name: zip1, ref_start_time: 2119460581979915, ref_stop_time: 2119460582023805, actual_exe_time: 43890, task_app_start_time:2119459634098563, task_sched_time:2119460581973495
app_id: 0, app_name: pulse_doppler_api-aarch64, task_id: 439, task_name: DASH_FFT, resource_name: cpu1, ref_start_time: 2119460582660465, ref_stop_time: 2119460582690015, actual_exe_time: 29550, task_app_start_time:2119459634098563, task_sched_time:2119460582619935
app_id: 0, app_name: pulse_doppler_api-aarch64, task_id: 440, task_name: DASH_FFT, resource_name: cpu2, ref_start_time: 2119460585265426, ref_stop_time: 2119460585290926, actual_exe_time: 25500, task_app_start_time:2119459634098563, task_sched_time:2119460585257866
app_id: 0, app_name: pulse_doppler_api-aarch64, task_id: 441, task_name: DASH_FFT, resource_name: cpu3, ref_start_time: 2119460585986686, ref_stop_time: 2119460586008886, actual_exe_time: 22200, task_app_start_time:2119459634098563, task_sched_time:2119460585980806
app_id: 0, app_name: pulse_doppler_api-aarch64, task_id: 442, task_name: DASH_ZIP, resource_name: zip1, ref_start_time: 2119460589654486, ref_stop_time: 2119460589703476, actual_exe_time: 48990, task_app_start_time:2119459634098563, task_sched_time:2119460586627546
app_id: 0, app_name: pulse_doppler_api-aarch64, task_id: 443, task_name: DASH_FFT, resource_name: cpu1, ref_start_time: 2119460590927837, ref_stop_time: 2119460590961287, actual_exe_time: 33450, task_app_start_time:2119459634098563, task_sched_time:2119460590885837
app_id: 0, app_name: pulse_doppler_api-aarch64, task_id: 444, task_name: DASH_FFT, resource_name: cpu2, ref_start_time: 2119460591258167, ref_stop_time: 2119460591281417, actual_exe_time: 23250, task_app_start_time:2119459634098563, task_sched_time:2119460591248897
app_id: 0, app_name: pulse_doppler_api-aarch64, task_id: 445, task_name: DASH_FFT, resource_name: cpu3, ref_start_time: 2119460593846297, ref_stop_time: 2119460593872817, actual_exe_time: 26520, task_app_start_time:2119459634098563, task_sched_time:2119460592376387
app_id: 0, app_name: pulse_doppler_api-aarch64, task_id: 446, task_name: DASH_ZIP, resource_name: zip1, ref_start_time: 2119460594618857, ref_stop_time: 2119460594660947, actual_exe_time: 42090, task_app_start_time:2119459634098563, task_sched_time:2119460594613277
app_id: 0, app_name: pulse_doppler_api-aarch64, task_id: 447, task_name: DASH_FFT, resource_name: cpu1, ref_start_time: 2119460595018427, ref_stop_time: 2119460595046117, actual_exe_time: 27690, task_app_start_time:2119459634098563, task_sched_time:2119460594994937
app_id: 0, app_name: pulse_doppler_api-aarch64, task_id: 448, task_name: DASH_FFT, resource_name: cpu2, ref_start_time: 2119460596203157, ref_stop_time: 2119460596224517, actual_exe_time: 21360, task_app_start_time:2119459634098563, task_sched_time:2119460596194547
app_id: 0, app_name: pulse_doppler_api-aarch64, task_id: 449, task_name: DASH_FFT, resource_name: cpu3, ref_start_time: 2119460597951708, ref_stop_time: 2119460597978228, actual_exe_time: 26520, task_app_start_time:2119459634098563, task_sched_time:2119460597147048
app_id: 0, app_name: pulse_doppler_api-aarch64, task_id: 450, task_name: DASH_ZIP, resource_name: zip1, ref_start_time: 2119460598689588, ref_stop_time: 2119460598731648, actual_exe_time: 42060, task_app_start_time:2119459634098563, task_sched_time:2119460598684698
app_id: 0, app_name: pulse_doppler_api-aarch64, task_id: 451, task_name: DASH_FFT, resource_name: cpu1, ref_start_time: 2119460599422878, ref_stop_time: 2119460599452068, actual_exe_time: 29190, task_app_start_time:2119459634098563, task_sched_time:2119460599355618
app_id: 0, app_name: pulse_doppler_api-aarch64, task_id: 452, task_name: DASH_FFT, resource_name: cpu2, ref_start_time: 2119460600310668, ref_stop_time: 2119460600332688, actual_exe_time: 22020, task_app_start_time:2119459634098563, task_sched_time:2119460600303318
app_id: 0, app_name: pulse_doppler_api-aarch64, task_id: 453, task_name: DASH_FFT, resource_name: cpu3, ref_start_time: 2119460600857628, ref_stop_time: 2119460600881658, actual_exe_time: 24030, task_app_start_time:2119459634098563, task_sched_time:2119460600850368
app_id: 0, app_name: pulse_doppler_api-aarch64, task_id: 454, task_name: DASH_ZIP, resource_name: zip1, ref_start_time: 2119460602003778, ref_stop_time: 2119460602046198, actual_exe_time: 42420, task_app_start_time:2119459634098563, task_sched_time:2119460601996998
app_id: 0, app_name: pulse_doppler_api-aarch64, task_id: 455, task_name: DASH_FFT, resource_name: cpu1, ref_start_time: 2119460602693449, ref_stop_time: 2119460602721409, actual_exe_time: 27960, task_app_start_time:2119459634098563, task_sched_time:2119460602646258
app_id: 0, app_name: pulse_doppler_api-aarch64, task_id: 456, task_name: DASH_FFT, resource_name: cpu2, ref_start_time: 2119460606195379, ref_stop_time: 2119460606226909, actual_exe_time: 31530, task_app_start_time:2119459634098563, task_sched_time:2119460606189949
app_id: 0, app_name: pulse_doppler_api-aarch64, task_id: 457, task_name: DASH_FFT, resource_name: cpu3, ref_start_time: 2119460607883029, ref_stop_time: 2119460607909309, actual_exe_time: 26280, task_app_start_time:2119459634098563, task_sched_time:2119460607879549
app_id: 0, app_name: pulse_doppler_api-aarch64, task_id: 458, task_name: DASH_ZIP, resource_name: zip1, ref_start_time: 2119460608427769, ref_stop_time: 2119460608469619, actual_exe_time: 41850, task_app_start_time:2119459634098563, task_sched_time:2119460608420779
app_id: 0, app_name: pulse_doppler_api-aarch64, task_id: 459, task_name: DASH_FFT, resource_name: cpu1, ref_start_time: 2119460609554360, ref_stop_time: 2119460609585050, actual_exe_time: 30690, task_app_start_time:2119459634098563, task_sched_time:2119460609505850
app_id: 0, app_name: pulse_doppler_api-aarch64, task_id: 460, task_name: DASH_FFT, resource_name: cpu2, ref_start_time: 2119460610456340, ref_stop_time: 2119460610481360, actual_exe_time: 25020, task_app_start_time:2119459634098563, task_sched_time:2119460610452020
app_id: 0, app_name: pulse_doppler_api-aarch64, task_id: 461, task_name: DASH_FFT, resource_name: cpu3, ref_start_time: 2119460611051120, ref_stop_time: 2119460611073440, actual_exe_time: 22320, task_app_start_time:2119459634098563, task_sched_time:2119460611047490
app_id: 0, app_name: pulse_doppler_api-aarch64, task_id: 462, task_name: DASH_ZIP, resource_name: zip1, ref_start_time: 2119460611864780, ref_stop_time: 2119460611905880, actual_exe_time: 41100, task_app_start_time:2119459634098563, task_sched_time:2119460611860910
app_id: 0, app_name: pulse_doppler_api-aarch64, task_id: 463, task_name: DASH_FFT, resource_name: cpu1, ref_start_time: 2119460612596840, ref_stop_time: 2119460612624680, actual_exe_time: 27840, task_app_start_time:2119459634098563, task_sched_time:2119460612550340
app_id: 0, app_name: pulse_doppler_api-aarch64, task_id: 464, task_name: DASH_FFT, resource_name: cpu2, ref_start_time: 2119460613823180, ref_stop_time: 2119460613847150, actual_exe_time: 23970, task_app_start_time:2119459634098563, task_sched_time:2119460613496480
app_id: 0, app_name: pulse_doppler_api-aarch64, task_id: 465, task_name: DASH_FFT, resource_name: cpu3, ref_start_time: 2119460613992140, ref_stop_time: 2119460614013170, actual_exe_time: 21030, task_app_start_time:2119459634098563, task_sched_time:2119460613986800
app_id: 0, app_name: pulse_doppler_api-aarch64, task_id: 466, task_name: DASH_ZIP, resource_name: zip1, ref_start_time: 2119460614974970, ref_stop_time: 2119460615014150, actual_exe_time: 39180, task_app_start_time:2119459634098563, task_sched_time:2119460614968910
app_id: 0, app_name: pulse_doppler_api-aarch64, task_id: 467, task_name: DASH_FFT, resource_name: cpu1, ref_start_time: 2119460615709581, ref_stop_time: 2119460615737481, actual_exe_time: 27900, task_app_start_time:2119459634098563, task_sched_time:2119460615673191
app_id: 0, app_name: pulse_doppler_api-aarch64, task_id: 468, task_name: DASH_FFT, resource_name: cpu2, ref_start_time: 2119460617851161, ref_stop_time: 2119460617875911, actual_exe_time: 24750, task_app_start_time:2119459634098563, task_sched_time:2119460616558731
app_id: 0, app_name: pulse_doppler_api-aarch64, task_id: 469, task_name: DASH_FFT, resource_name: cpu3, ref_start_time: 2119460618404691, ref_stop_time: 2119460618425211, actual_exe_time: 20520, task_app_start_time:2119459634098563, task_sched_time:2119460618398481
app_id: 0, app_name: pulse_doppler_api-aarch64, task_id: 470, task_name: DASH_ZIP, resource_name: zip1, ref_start_time: 2119460619293831, ref_stop_time: 2119460619334511, actual_exe_time: 40680, task_app_start_time:2119459634098563, task_sched_time:2119460619288911
app_id: 0, app_name: pulse_doppler_api-aarch64, task_id: 471, task_name: DASH_FFT, resource_name: cpu1, ref_start_time: 2119460626327992, ref_stop_time: 2119460626365432, actual_exe_time: 37440, task_app_start_time:2119459634098563, task_sched_time:2119460626286472
app_id: 0, app_name: pulse_doppler_api-aarch64, task_id: 472, task_name: DASH_FFT, resource_name: cpu2, ref_start_time: 2119460627567563, ref_stop_time: 2119460627591473, actual_exe_time: 23910, task_app_start_time:2119459634098563, task_sched_time:2119460627563693
app_id: 0, app_name: pulse_doppler_api-aarch64, task_id: 473, task_name: DASH_FFT, resource_name: cpu3, ref_start_time: 2119460634143624, ref_stop_time: 2119460634172364, actual_exe_time: 28740, task_app_start_time:2119459634098563, task_sched_time:2119460634139094
app_id: 0, app_name: pulse_doppler_api-aarch64, task_id: 474, task_name: DASH_ZIP, resource_name: zip1, ref_start_time: 2119460635170014, ref_stop_time: 2119460635211624, actual_exe_time: 41610, task_app_start_time:2119459634098563, task_sched_time:2119460635161464
app_id: 0, app_name: pulse_doppler_api-aarch64, task_id: 475, task_name: DASH_FFT, resource_name: cpu1, ref_start_time: 2119460635552334, ref_stop_time: 2119460635579814, actual_exe_time: 27480, task_app_start_time:2119459634098563, task_sched_time:2119460635549544
app_id: 0, app_name: pulse_doppler_api-aarch64, task_id: 476, task_name: DASH_FFT, resource_name: cpu2, ref_start_time: 2119460636740514, ref_stop_time: 2119460636761724, actual_exe_time: 21210, task_app_start_time:2119459634098563, task_sched_time:2119460636734544
app_id: 0, app_name: pulse_doppler_api-aarch64, task_id: 477, task_name: DASH_FFT, resource_name: cpu3, ref_start_time: 2119460637617084, ref_stop_time: 2119460637637634, actual_exe_time: 20550, task_app_start_time:2119459634098563, task_sched_time:2119460637613484
app_id: 0, app_name: pulse_doppler_api-aarch64, task_id: 478, task_name: DASH_ZIP, resource_name: zip1, ref_start_time: 2119460642275065, ref_stop_time: 2119460642320335, actual_exe_time: 45270, task_app_start_time:2119459634098563, task_sched_time:2119460642265255
app_id: 0, app_name: pulse_doppler_api-aarch64, task_id: 479, task_name: DASH_FFT, resource_name: cpu1, ref_start_time: 2119460642940945, ref_stop_time: 2119460642972475, actual_exe_time: 31530, task_app_start_time:2119459634098563, task_sched_time:2119460642904555
app_id: 0, app_name: pulse_doppler_api-aarch64, task_id: 480, task_name: DASH_FFT, resource_name: cpu2, ref_start_time: 2119460650258906, ref_stop_time: 2119460650291726, actual_exe_time: 32820, task_app_start_time:2119459634098563, task_sched_time:2119460650252216
app_id: 0, app_name: pulse_doppler_api-aarch64, task_id: 481, task_name: DASH_FFT, resource_name: cpu3, ref_start_time: 2119460651282866, ref_stop_time: 2119460651305936, actual_exe_time: 23070, task_app_start_time:2119459634098563, task_sched_time:2119460651277256
app_id: 0, app_name: pulse_doppler_api-aarch64, task_id: 482, task_name: DASH_ZIP, resource_name: zip1, ref_start_time: 2119460652127606, ref_stop_time: 2119460652169126, actual_exe_time: 41520, task_app_start_time:2119459634098563, task_sched_time:2119460652120886
app_id: 0, app_name: pulse_doppler_api-aarch64, task_id: 483, task_name: DASH_FFT, resource_name: cpu1, ref_start_time: 2119460654742647, ref_stop_time: 2119460654771687, actual_exe_time: 29040, task_app_start_time:2119459634098563, task_sched_time:2119460654738177
app_id: 0, app_name: pulse_doppler_api-aarch64, task_id: 484, task_name: DASH_FFT, resource_name: cpu2, ref_start_time: 2119460655050567, ref_stop_time: 2119460655072467, actual_exe_time: 21900, task_app_start_time:2119459634098563, task_sched_time:2119460655046757
app_id: 0, app_name: pulse_doppler_api-aarch64, task_id: 485, task_name: DASH_FFT, resource_name: cpu3, ref_start_time: 2119460656647317, ref_stop_time: 2119460656669877, actual_exe_time: 22560, task_app_start_time:2119459634098563, task_sched_time:2119460656641917
app_id: 0, app_name: pulse_doppler_api-aarch64, task_id: 486, task_name: DASH_ZIP, resource_name: zip1, ref_start_time: 2119460657539217, ref_stop_time: 2119460657581637, actual_exe_time: 42420, task_app_start_time:2119459634098563, task_sched_time:2119460657525807
app_id: 0, app_name: pulse_doppler_api-aarch64, task_id: 487, task_name: DASH_FFT, resource_name: cpu1, ref_start_time: 2119460658356687, ref_stop_time: 2119460658388187, actual_exe_time: 31500, task_app_start_time:2119459634098563, task_sched_time:2119460658350477
app_id: 0, app_name: pulse_doppler_api-aarch64, task_id: 488, task_name: DASH_FFT, resource_name: cpu2, ref_start_time: 2119460662281948, ref_stop_time: 2119460662314258, actual_exe_time: 32310, task_app_start_time:2119459634098563, task_sched_time:2119460659326378
app_id: 0, app_name: pulse_doppler_api-aarch64, task_id: 489, task_name: DASH_FFT, resource_name: cpu3, ref_start_time: 2119460665871959, ref_stop_time: 2119460665896769, actual_exe_time: 24810, task_app_start_time:2119459634098563, task_sched_time:2119460665866199
app_id: 0, app_name: pulse_doppler_api-aarch64, task_id: 490, task_name: DASH_ZIP, resource_name: zip1, ref_start_time: 2119460670397279, ref_stop_time: 2119460670440719, actual_exe_time: 43440, task_app_start_time:2119459634098563, task_sched_time:2119460670393139
app_id: 0, app_name: pulse_doppler_api-aarch64, task_id: 491, task_name: DASH_FFT, resource_name: cpu1, ref_start_time: 2119460672122610, ref_stop_time: 2119460672154680, actual_exe_time: 32070, task_app_start_time:2119459634098563, task_sched_time:2119460672087960
app_id: 0, app_name: pulse_doppler_api-aarch64, task_id: 492, task_name: DASH_FFT, resource_name: cpu2, ref_start_time: 2119460672976050, ref_stop_time: 2119460672998250, actual_exe_time: 22200, task_app_start_time:2119459634098563, task_sched_time:2119460672971790
app_id: 0, app_name: pulse_doppler_api-aarch64, task_id: 493, task_name: DASH_FFT, resource_name: cpu3, ref_start_time: 2119460673583940, ref_stop_time: 2119460673607160, actual_exe_time: 23220, task_app_start_time:2119459634098563, task_sched_time:2119460673578750
app_id: 0, app_name: pulse_doppler_api-aarch64, task_id: 494, task_name: DASH_ZIP, resource_name: zip1, ref_start_time: 2119460674411220, ref_stop_time: 2119460674454720, actual_exe_time: 43500, task_app_start_time:2119459634098563, task_sched_time:2119460674405280
app_id: 0, app_name: pulse_doppler_api-aarch64, task_id: 495, task_name: DASH_FFT, resource_name: cpu1, ref_start_time: 2119460675188670, ref_stop_time: 2119460675219870, actual_exe_time: 31200, task_app_start_time:2119459634098563, task_sched_time:2119460675143730
app_id: 0, app_name: pulse_doppler_api-aarch64, task_id: 496, task_name: DASH_FFT, resource_name: cpu2, ref_start_time: 2119460677007810, ref_stop_time: 2119460677035620, actual_exe_time: 27810, task_app_start_time:2119459634098563, task_sched_time:2119460676419570
app_id: 0, app_name: pulse_doppler_api-aarch64, task_id: 497, task_name: DASH_FFT, resource_name: cpu3, ref_start_time: 2119460682337401, ref_stop_time: 2119460682365421, actual_exe_time: 28020, task_app_start_time:2119459634098563, task_sched_time:2119460682332061
app_id: 0, app_name: pulse_doppler_api-aarch64, task_id: 498, task_name: DASH_ZIP, resource_name: zip1, ref_start_time: 2119460686115302, ref_stop_time: 2119460686158562, actual_exe_time: 43260, task_app_start_time:2119459634098563, task_sched_time:2119460686110892
app_id: 0, app_name: pulse_doppler_api-aarch64, task_id: 499, task_name: DASH_FFT, resource_name: cpu1, ref_start_time: 2119460688211702, ref_stop_time: 2119460688243502, actual_exe_time: 31800, task_app_start_time:2119459634098563, task_sched_time:2119460688205462
app_id: 0, app_name: pulse_doppler_api-aarch64, task_id: 500, task_name: DASH_FFT, resource_name: cpu2, ref_start_time: 2119460691899423, ref_stop_time: 2119460691929843, actual_exe_time: 30420, task_app_start_time:2119459634098563, task_sched_time:2119460691892373
app_id: 0, app_name: pulse_doppler_api-aarch64, task_id: 501, task_name: DASH_FFT, resource_name: cpu3, ref_start_time: 2119460693835413, ref_stop_time: 2119460693866043, actual_exe_time: 30630, task_app_start_time:2119459634098563, task_sched_time:2119460692908593
app_id: 0, app_name: pulse_doppler_api-aarch64, task_id: 502, task_name: DASH_ZIP, resource_name: zip1, ref_start_time: 2119460694282173, ref_stop_time: 2119460694323813, actual_exe_time: 41640, task_app_start_time:2119459634098563, task_sched_time:2119460694272513
app_id: 0, app_name: pulse_doppler_api-aarch64, task_id: 503, task_name: DASH_FFT, resource_name: cpu1, ref_start_time: 2119460695315463, ref_stop_time: 2119460695344083, actual_exe_time: 28620, task_app_start_time:2119459634098563, task_sched_time:2119460695270283
app_id: 0, app_name: pulse_doppler_api-aarch64, task_id: 504, task_name: DASH_FFT, resource_name: cpu2, ref_start_time: 2119460696194254, ref_stop_time: 2119460696215974, actual_exe_time: 21720, task_app_start_time:2119459634098563, task_sched_time:2119460696184924
app_id: 0, app_name: pulse_doppler_api-aarch64, task_id: 505, task_name: DASH_FFT, resource_name: cpu3, ref_start_time: 2119460697822894, ref_stop_time: 2119460697848544, actual_exe_time: 25650, task_app_start_time:2119459634098563, task_sched_time:2119460696795364
app_id: 0, app_name: pulse_doppler_api-aarch64, task_id: 506, task_name: DASH_ZIP, resource_name: zip1, ref_start_time: 2119460698542054, ref_stop_time: 2119460698583034, actual_exe_time: 40980, task_app_start_time:2119459634098563, task_sched_time:2119460698533894
app_id: 0, app_name: pulse_doppler_api-aarch64, task_id: 507, task_name: DASH_FFT, resource_name: cpu1, ref_start_time: 2119460698930854, ref_stop_time: 2119460698957674, actual_exe_time: 26820, task_app_start_time:2119459634098563, task_sched_time:2119460698926444
app_id: 0, app_name: pulse_doppler_api-aarch64, task_id: 508, task_name: DASH_FFT, resource_name: cpu2, ref_start_time: 2119460700026814, ref_stop_time: 2119460700048234, actual_exe_time: 21420, task_app_start_time:2119459634098563, task_sched_time:2119460700021654
app_id: 0, app_name: pulse_doppler_api-aarch64, task_id: 509, task_name: DASH_FFT, resource_name: cpu3, ref_start_time: 2119460701407204, ref_stop_time: 2119460701432974, actual_exe_time: 25770, task_app_start_time:2119459634098563, task_sched_time:2119460700607884
app_id: 0, app_name: pulse_doppler_api-aarch64, task_id: 510, task_name: DASH_ZIP, resource_name: zip1, ref_start_time: 2119460702205565, ref_stop_time: 2119460702331355, actual_exe_time: 125790, task_app_start_time:2119459634098563, task_sched_time:2119460702199715
app_id: 0, app_name: pulse_doppler_api-aarch64, task_id: 511, task_name: DASH_FFT, resource_name: cpu1, ref_start_time: 2119460702948305, ref_stop_time: 2119460702975485, actual_exe_time: 27180, task_app_start_time:2119459634098563, task_sched_time:2119460702941195
