app_id: 0, app_name: SAR_api-aarch64, task_id: 0, task_name: DASH_FFT, resource_name: cpu1, ref_start_time: 2116368570839080, ref_stop_time: 2116368571047610, actual_exe_time: 208530, task_app_start_time:2116367583020641, task_sched_time:2116368570828220
app_id: 0, app_name: SAR_api-aarch64, task_id: 1, task_name: DASH_FFT, resource_name: cpu2, ref_start_time: 2116368571319800, ref_stop_time: 2116368571473550, actual_exe_time: 153750, task_app_start_time:2116367583020641, task_sched_time:2116368571310050
app_id: 0, app_name: SAR_api-aarch64, task_id: 2, task_name: DASH_ZIP, resource_name: cpu3, ref_start_time: 2116368579512411, ref_stop_time: 2116368579609311, actual_exe_time: 96900, task_app_start_time:2116367583020641, task_sched_time:2116368579502211
app_id: 0, app_name: SAR_api-aarch64, task_id: 3, task_name: DASH_FFT, resource_name: fft1, ref_start_time: 2116368582582492, ref_stop_time: 2116368582757632, actual_exe_time: 175140, task_app_start_time:2116367583020641, task_sched_time:2116368582573882
app_id: 0, app_name: SAR_api-aarch64, task_id: 4, task_name: DASH_FFT, resource_name: fft2, ref_start_time: 2116368587727793, ref_stop_time: 2116368587838943, actual_exe_time: 111150, task_app_start_time:2116367583020641, task_sched_time:2116368587550583
app_id: 0, app_name: SAR_api-aarch64, task_id: 5, task_name: DASH_ZIP, resource_name: zip1, ref_start_time: 2116368593127014, ref_stop_time: 2116368593301284, actual_exe_time: 174270, task_app_start_time:2116367583020641, task_sched_time:2116368593115044
app_id: 0, app_name: SAR_api-aarch64, task_id: 6, task_name: DASH_FFT, resource_name: cpu1, ref_start_time: 2116368598719555, ref_stop_time: 2116368598850955, actual_exe_time: 131400, task_app_start_time:2116367583020641, task_sched_time:2116368598703445
app_id: 0, app_name: SAR_api-aarch64, task_id: 7, task_name: DASH_FFT, resource_name: cpu2, ref_start_time: 2116368602545755, ref_stop_time: 2116368602651025, actual_exe_time: 105270, task_app_start_time:2116367583020641, task_sched_time:2116368602540895
app_id: 0, app_name: SAR_api-aarch64, task_id: 8, task_name: DASH_ZIP, resource_name: cpu3, ref_start_time: 2116368606945736, ref_stop_time: 2116368607022986, actual_exe_time: 77250, task_app_start_time:2116367583020641, task_sched_time:2116368606940426
app_id: 0, app_name: SAR_api-aarch64, task_id: 9, task_name: DASH_FFT, resource_name: fft1, ref_start_time: 2116368607864486, ref_stop_time: 2116368608416366, actual_exe_time: 551880, task_app_start_time:2116367583020641, task_sched_time:2116368607700146
app_id: 0, app_name: SAR_api-aarch64, task_id: 10, task_name: DASH_FFT, resource_name: fft2, ref_start_time: 2116368610619866, ref_stop_time: 2116368610697386, actual_exe_time: 77520, task_app_start_time:2116367583020641, task_sched_time:2116368610609396
app_id: 0, app_name: SAR_api-aarch64, task_id: 11, task_name: DASH_ZIP, resource_name: zip1, ref_start_time: 2116368618504078, ref_stop_time: 2116368618631158, actual_exe_time: 127080, task_app_start_time:2116367583020641, task_sched_time:2116368614585537
app_id: 0, app_name: SAR_api-aarch64, task_id: 12, task_name: DASH_FFT, resource_name: cpu1, ref_start_time: 2116368618907278, ref_stop_time: 2116368619021278, actual_exe_time: 114000, task_app_start_time:2116367583020641, task_sched_time:2116368618899748
app_id: 0, app_name: SAR_api-aarch64, task_id: 13, task_name: DASH_FFT, resource_name: cpu2, ref_start_time: 2116368619973328, ref_stop_time: 2116368620068428, actual_exe_time: 95100, task_app_start_time:2116367583020641, task_sched_time:2116368619879218
app_id: 0, app_name: SAR_api-aarch64, task_id: 14, task_name: DASH_ZIP, resource_name: cpu3, ref_start_time: 2116368621123378, ref_stop_time: 2116368621200448, actual_exe_time: 77070, task_app_start_time:2116367583020641, task_sched_time:2116368620596848
app_id: 0, app_name: SAR_api-aarch64, task_id: 15, task_name: DASH_FFT, resource_name: fft1, ref_start_time: 2116368623052318, ref_stop_time: 2116368623177298, actual_exe_time: 124980, task_app_start_time:2116367583020641, task_sched_time:2116368623042028
app_id: 0, app_name: SAR_api-aarch64, task_id: 16, task_name: DASH_FFT, resource_name: fft2, ref_start_time: 2116368627322879, ref_stop_time: 2116368627400039, actual_exe_time: 77160, task_app_start_time:2116367583020641, task_sched_time:2116368627169099
app_id: 0, app_name: SAR_api-aarch64, task_id: 17, task_name: DASH_ZIP, resource_name: zip1, ref_start_time: 2116368630542060, ref_stop_time: 2116368630662420, actual_exe_time: 120360, task_app_start_time:2116367583020641, task_sched_time:2116368630537200
app_id: 0, app_name: SAR_api-aarch64, task_id: 18, task_name: DASH_FFT, resource_name: cpu1, ref_start_time: 2116368634619120, ref_stop_time: 2116368634734260, actual_exe_time: 115140, task_app_start_time:2116367583020641, task_sched_time:2116368634609700
app_id: 0, app_name: SAR_api-aarch64, task_id: 19, task_name: DASH_FFT, resource_name: cpu2, ref_start_time: 2116368635222840, ref_stop_time: 2116368635322860, actual_exe_time: 100020, task_app_start_time:2116367583020641, task_sched_time:2116368635208710
app_id: 0, app_name: SAR_api-aarch64, task_id: 20, task_name: DASH_ZIP, resource_name: cpu3, ref_start_time: 2116368636470031, ref_stop_time: 2116368636546981, actual_exe_time: 76950, task_app_start_time:2116367583020641, task_sched_time:2116368636462561
app_id: 0, app_name: SAR_api-aarch64, task_id: 21, task_name: DASH_FFT, resource_name: fft1, ref_start_time: 2116368638770701, ref_stop_time: 2116368638898201, actual_exe_time: 127500, task_app_start_time:2116367583020641, task_sched_time:2116368638755581
app_id: 0, app_name: SAR_api-aarch64, task_id: 22, task_name: DASH_FFT, resource_name: fft2, ref_start_time: 2116368642695992, ref_stop_time: 2116368642778702, actual_exe_time: 82710, task_app_start_time:2116367583020641, task_sched_time:2116368642588592
app_id: 0, app_name: SAR_api-aarch64, task_id: 23, task_name: DASH_ZIP, resource_name: zip1, ref_start_time: 2116368646564372, ref_stop_time: 2116368646688122, actual_exe_time: 123750, task_app_start_time:2116367583020641, task_sched_time:2116368646556992
app_id: 0, app_name: SAR_api-aarch64, task_id: 24, task_name: DASH_FFT, resource_name: cpu1, ref_start_time: 2116368650615783, ref_stop_time: 2116368650726963, actual_exe_time: 111180, task_app_start_time:2116367583020641, task_sched_time:2116368650608793
app_id: 0, app_name: SAR_api-aarch64, task_id: 25, task_name: DASH_FFT, resource_name: cpu2, ref_start_time: 2116368651263423, ref_stop_time: 2116368651364943, actual_exe_time: 101520, task_app_start_time:2116367583020641, task_sched_time:2116368651246803
app_id: 0, app_name: SAR_api-aarch64, task_id: 26, task_name: DASH_ZIP, resource_name: cpu3, ref_start_time: 2116368652128323, ref_stop_time: 2116368652202483, actual_exe_time: 74160, task_app_start_time:2116367583020641, task_sched_time:2116368652122443
app_id: 0, app_name: SAR_api-aarch64, task_id: 27, task_name: DASH_FFT, resource_name: fft1, ref_start_time: 2116368652682723, ref_stop_time: 2116368652807013, actual_exe_time: 124290, task_app_start_time:2116367583020641, task_sched_time:2116368652658903
app_id: 0, app_name: SAR_api-aarch64, task_id: 28, task_name: DASH_FFT, resource_name: fft2, ref_start_time: 2116368658805484, ref_stop_time: 2116368658888554, actual_exe_time: 83070, task_app_start_time:2116367583020641, task_sched_time:2116368658595004
app_id: 0, app_name: SAR_api-aarch64, task_id: 29, task_name: DASH_ZIP, resource_name: zip1, ref_start_time: 2116368662531725, ref_stop_time: 2116368662653435, actual_exe_time: 121710, task_app_start_time:2116367583020641, task_sched_time:2116368662520775
app_id: 0, app_name: SAR_api-aarch64, task_id: 30, task_name: DASH_FFT, resource_name: cpu1, ref_start_time: 2116368666724675, ref_stop_time: 2116368666848125, actual_exe_time: 123450, task_app_start_time:2116367583020641, task_sched_time:2116368666622105
app_id: 0, app_name: SAR_api-aarch64, task_id: 31, task_name: DASH_FFT, resource_name: cpu2, ref_start_time: 2116368667801346, ref_stop_time: 2116368667911746, actual_exe_time: 110400, task_app_start_time:2116367583020641, task_sched_time:2116368667796846
app_id: 0, app_name: SAR_api-aarch64, task_id: 32, task_name: DASH_ZIP, resource_name: cpu3, ref_start_time: 2116368668495546, ref_stop_time: 2116368668570816, actual_exe_time: 75270, task_app_start_time:2116367583020641, task_sched_time:2116368668490266
app_id: 0, app_name: SAR_api-aarch64, task_id: 33, task_name: DASH_FFT, resource_name: fft1, ref_start_time: 2116368670828556, ref_stop_time: 2116368671420576, actual_exe_time: 592020, task_app_start_time:2116367583020641, task_sched_time:2116368670809866
app_id: 0, app_name: SAR_api-aarch64, task_id: 34, task_name: DASH_FFT, resource_name: fft2, ref_start_time: 2116368674698497, ref_stop_time: 2116368674781567, actual_exe_time: 83070, task_app_start_time:2116367583020641, task_sched_time:2116368674588847
app_id: 0, app_name: SAR_api-aarch64, task_id: 35, task_name: DASH_ZIP, resource_name: zip1, ref_start_time: 2116368679579258, ref_stop_time: 2116368679701088, actual_exe_time: 121830, task_app_start_time:2116367583020641, task_sched_time:2116368679569778
app_id: 0, app_name: SAR_api-aarch64, task_id: 36, task_name: DASH_FFT, resource_name: cpu1, ref_start_time: 2116368682559308, ref_stop_time: 2116368682682308, actual_exe_time: 123000, task_app_start_time:2116367583020641, task_sched_time:2116368682311328
app_id: 0, app_name: SAR_api-aarch64, task_id: 37, task_name: DASH_FFT, resource_name: cpu2, ref_start_time: 2116368687196799, ref_stop_time: 2116368687302969, actual_exe_time: 106170, task_app_start_time:2116367583020641, task_sched_time:2116368686992769
app_id: 0, app_name: SAR_api-aarch64, task_id: 38, task_name: DASH_ZIP, resource_name: cpu3, ref_start_time: 2116368694545840, ref_stop_time: 2116368694624770, actual_exe_time: 78930, task_app_start_time:2116367583020641, task_sched_time:2116368694536750
app_id: 0, app_name: SAR_api-aarch64, task_id: 39, task_name: DASH_FFT, resource_name: fft1, ref_start_time: 2116368696917970, ref_stop_time: 2116368697058220, actual_exe_time: 140250, task_app_start_time:2116367583020641, task_sched_time:2116368696711360
app_id: 0, app_name: SAR_api-aarch64, task_id: 40, task_name: DASH_FFT, resource_name: fft2, ref_start_time: 2116368701212981, ref_stop_time: 2116368701314771, actual_exe_time: 101790, task_app_start_time:2116367583020641, task_sched_time:2116368701207611
app_id: 0, app_name: SAR_api-aarch64, task_id: 41, task_name: DASH_ZIP, resource_name: zip1, ref_start_time: 2116368706589162, ref_stop_time: 2116368706713062, actual_exe_time: 123900, task_app_start_time:2116367583020641, task_sched_time:2116368706583702
app_id: 0, app_name: SAR_api-aarch64, task_id: 42, task_name: DASH_FFT, resource_name: cpu1, ref_start_time: 2116368707578892, ref_stop_time: 2116368707695472, actual_exe_time: 116580, task_app_start_time:2116367583020641, task_sched_time:2116368707564672
app_id: 0, app_name: SAR_api-aarch64, task_id: 43, task_name: DASH_FFT, resource_name: cpu2, ref_start_time: 2116368710343602, ref_stop_time: 2116368710443743, actual_exe_time: 100141, task_app_start_time:2116367583020641, task_sched_time:2116368708251552
app_id: 0, app_name: SAR_api-aarch64, task_id: 44, task_name: DASH_ZIP, resource_name: cpu3, ref_start_time: 2116368714606813, ref_stop_time: 2116368714686163, actual_exe_time: 79350, task_app_start_time:2116367583020641, task_sched_time:2116368714597153
app_id: 0, app_name: SAR_api-aarch64, task_id: 45, task_name: DASH_FFT, resource_name: fft1, ref_start_time: 2116368715471443, ref_stop_time: 2116368715593303, actual_exe_time: 121860, task_app_start_time:2116367583020641, task_sched_time:2116368715466253
app_id: 0, app_name: SAR_api-aarch64, task_id: 46, task_name: DASH_FFT, resource_name: fft2, ref_start_time: 2116368718905184, ref_stop_time: 2116368718986874, actual_exe_time: 81690, task_app_start_time:2116367583020641, task_sched_time:2116368718899754
app_id: 0, app_name: SAR_api-aarch64, task_id: 47, task_name: DASH_ZIP, resource_name: zip1, ref_start_time: 2116368719708614, ref_stop_time: 2116368719830144, actual_exe_time: 121530, task_app_start_time:2116367583020641, task_sched_time:2116368719702284
app_id: 0, app_name: SAR_api-aarch64, task_id: 48, task_name: DASH_FFT, resource_name: cpu1, ref_start_time: 2116368722593984, ref_stop_time: 2116368722704744, actual_exe_time: 110760, task_app_start_time:2116367583020641, task_sched_time:2116368722583154
app_id: 0, app_name: SAR_api-aarch64, task_id: 49, task_name: DASH_FFT, resource_name: cpu2, ref_start_time: 2116368723224075, ref_stop_time: 2116368723313145, actual_exe_time: 89070, task_app_start_time:2116367583020641, task_sched_time:2116368723214595
app_id: 0, app_name: SAR_api-aarch64, task_id: 50, task_name: DASH_ZIP, resource_name: cpu3, ref_start_time: 2116368726662015, ref_stop_time: 2116368726737495, actual_exe_time: 75480, task_app_start_time:2116367583020641, task_sched_time:2116368726653255
app_id: 0, app_name: SAR_api-aarch64, task_id: 51, task_name: DASH_FFT, resource_name: fft1, ref_start_time: 2116368727284305, ref_stop_time: 2116368727408295, actual_exe_time: 123990, task_app_start_time:2116367583020641, task_sched_time:2116368727276535
app_id: 0, app_name: SAR_api-aarch64, task_id: 52, task_name: DASH_FFT, resource_name: fft2, ref_start_time: 2116368729289146, ref_stop_time: 2116368729361536, actual_exe_time: 72390, task_app_start_time:2116367583020641, task_sched_time:2116368729284076
app_id: 0, app_name: SAR_api-aarch64, task_id: 53, task_name: DASH_ZIP, resource_name: zip1, ref_start_time: 2116368730529256, ref_stop_time: 2116368730651776, actual_exe_time: 122520, task_app_start_time:2116367583020641, task_sched_time:2116368730393716
app_id: 0, app_name: SAR_api-aarch64, task_id: 54, task_name: DASH_FFT, resource_name: cpu1, ref_start_time: 2116368731577606, ref_stop_time: 2116368731690646, actual_exe_time: 113040, task_app_start_time:2116367583020641, task_sched_time:2116368731565546
app_id: 0, app_name: SAR_api-aarch64, task_id: 55, task_name: DASH_FFT, resource_name: cpu2, ref_start_time: 2116368732177696, ref_stop_time: 2116368732268896, actual_exe_time: 91200, task_app_start_time:2116367583020641, task_sched_time:2116368732172146
app_id: 0, app_name: SAR_api-aarch64, task_id: 56, task_name: DASH_ZIP, resource_name: cpu3, ref_start_time: 2116368733578606, ref_stop_time: 2116368733656336, actual_exe_time: 77730, task_app_start_time:2116367583020641, task_sched_time:2116368733043676
app_id: 0, app_name: SAR_api-aarch64, task_id: 57, task_name: DASH_FFT, resource_name: fft1, ref_start_time: 2116368738761347, ref_stop_time: 2116368739096027, actual_exe_time: 334680, task_app_start_time:2116367583020641, task_sched_time:2116368738752107
app_id: 0, app_name: SAR_api-aarch64, task_id: 58, task_name: DASH_FFT, resource_name: fft2, ref_start_time: 2116368740035537, ref_stop_time: 2116368740106307, actual_exe_time: 70770, task_app_start_time:2116367583020641, task_sched_time:2116368740025877
app_id: 0, app_name: SAR_api-aarch64, task_id: 59, task_name: DASH_ZIP, resource_name: zip1, ref_start_time: 2116368744860558, ref_stop_time: 2116368744984878, actual_exe_time: 124320, task_app_start_time:2116367583020641, task_sched_time:2116368744854288
app_id: 0, app_name: SAR_api-aarch64, task_id: 60, task_name: DASH_FFT, resource_name: cpu1, ref_start_time: 2116368746119598, ref_stop_time: 2116368746231078, actual_exe_time: 111480, task_app_start_time:2116367583020641, task_sched_time:2116368746105558
app_id: 0, app_name: SAR_api-aarch64, task_id: 61, task_name: DASH_FFT, resource_name: cpu2, ref_start_time: 2116368747080978, ref_stop_time: 2116368747172598, actual_exe_time: 91620, task_app_start_time:2116367583020641, task_sched_time:2116368747075938
app_id: 0, app_name: SAR_api-aarch64, task_id: 62, task_name: DASH_ZIP, resource_name: cpu3, ref_start_time: 2116368750548019, ref_stop_time: 2116368750631209, actual_exe_time: 83190, task_app_start_time:2116367583020641, task_sched_time:2116368747723579
app_id: 0, app_name: SAR_api-aarch64, task_id: 63, task_name: DASH_FFT, resource_name: fft1, ref_start_time: 2116368751447239, ref_stop_time: 2116368751566789, actual_exe_time: 119550, task_app_start_time:2116367583020641, task_sched_time:2116368751442649
app_id: 0, app_name: SAR_api-aarch64, task_id: 64, task_name: DASH_FFT, resource_name: fft2, ref_start_time: 2116368752370129, ref_stop_time: 2116368752439519, actual_exe_time: 69390, task_app_start_time:2116367583020641, task_sched_time:2116368752364009
app_id: 0, app_name: SAR_api-aarch64, task_id: 65, task_name: DASH_ZIP, resource_name: zip1, ref_start_time: 2116368759802870, ref_stop_time: 2116368759925540, actual_exe_time: 122670, task_app_start_time:2116367583020641, task_sched_time:2116368759794770
app_id: 0, app_name: SAR_api-aarch64, task_id: 66, task_name: DASH_FFT, resource_name: cpu1, ref_start_time: 2116368760699331, ref_stop_time: 2116368760809101, actual_exe_time: 109770, task_app_start_time:2116367583020641, task_sched_time:2116368760689671
app_id: 0, app_name: SAR_api-aarch64, task_id: 67, task_name: DASH_FFT, resource_name: cpu2, ref_start_time: 2116368761633411, ref_stop_time: 2116368761722511, actual_exe_time: 89100, task_app_start_time:2116367583020641, task_sched_time:2116368761627171
app_id: 0, app_name: SAR_api-aarch64, task_id: 68, task_name: DASH_ZIP, resource_name: cpu3, ref_start_time: 2116368762479711, ref_stop_time: 2116368762586901, actual_exe_time: 107190, task_app_start_time:2116367583020641, task_sched_time:2116368762464021
app_id: 0, app_name: SAR_api-aarch64, task_id: 69, task_name: DASH_FFT, resource_name: fft1, ref_start_time: 2116368766803312, ref_stop_time: 2116368766926522, actual_exe_time: 123210, task_app_start_time:2116367583020641, task_sched_time:2116368766789122
app_id: 0, app_name: SAR_api-aarch64, task_id: 70, task_name: DASH_FFT, resource_name: fft2, ref_start_time: 2116368768368532, ref_stop_time: 2116368768437772, actual_exe_time: 69240, task_app_start_time:2116367583020641, task_sched_time:2116368768359112
app_id: 0, app_name: SAR_api-aarch64, task_id: 71, task_name: DASH_ZIP, resource_name: zip1, ref_start_time: 2116368774540883, ref_stop_time: 2116368774667573, actual_exe_time: 126690, task_app_start_time:2116367583020641, task_sched_time:2116368774533713
app_id: 0, app_name: SAR_api-aarch64, task_id: 72, task_name: DASH_FFT, resource_name: cpu1, ref_start_time: 2116368779073854, ref_stop_time: 2116368779190884, actual_exe_time: 117030, task_app_start_time:2116367583020641, task_sched_time:2116368779066204
app_id: 0, app_name: SAR_api-aarch64, task_id: 73, task_name: DASH_FFT, resource_name: cpu2, ref_start_time: 2116368779692154, ref_stop_time: 2116368779782094, actual_exe_time: 89940, task_app_start_time:2116367583020641, task_sched_time:2116368779687534
app_id: 0, app_name: SAR_api-aarch64, task_id: 74, task_name: DASH_ZIP, resource_name: cpu3, ref_start_time: 2116368786804765, ref_stop_time: 2116368786886695, actual_exe_time: 81930, task_app_start_time:2116367583020641, task_sched_time:2116368786794745
app_id: 0, app_name: SAR_api-aarch64, task_id: 75, task_name: DASH_FFT, resource_name: fft1, ref_start_time: 2116368787704915, ref_stop_time: 2116368787830525, actual_exe_time: 125610, task_app_start_time:2116367583020641, task_sched_time:2116368787699095
app_id: 0, app_name: SAR_api-aarch64, task_id: 76, task_name: DASH_FFT, resource_name: fft2, ref_start_time: 2116368794712316, ref_stop_time: 2116368794791126, actual_exe_time: 78810, task_app_start_time:2116367583020641, task_sched_time:2116368794702056
app_id: 0, app_name: SAR_api-aarch64, task_id: 77, task_name: DASH_ZIP, resource_name: zip1, ref_start_time: 2116368797591267, ref_stop_time: 2116368797712317, actual_exe_time: 121050, task_app_start_time:2116367583020641, task_sched_time:2116368797581367
app_id: 0, app_name: SAR_api-aarch64, task_id: 78, task_name: DASH_FFT, resource_name: cpu1, ref_start_time: 2116368798741557, ref_stop_time: 2116368798851807, actual_exe_time: 110250, task_app_start_time:2116367583020641, task_sched_time:2116368798729167
app_id: 0, app_name: SAR_api-aarch64, task_id: 79, task_name: DASH_FFT, resource_name: cpu2, ref_start_time: 2116368799587317, ref_stop_time: 2116368799689827, actual_exe_time: 102510, task_app_start_time:2116367583020641, task_sched_time:2116368799581827
app_id: 0, app_name: SAR_api-aarch64, task_id: 80, task_name: DASH_ZIP, resource_name: cpu3, ref_start_time: 2116368800352377, ref_stop_time: 2116368800426657, actual_exe_time: 74280, task_app_start_time:2116367583020641, task_sched_time:2116368800344757
app_id: 0, app_name: SAR_api-aarch64, task_id: 81, task_name: DASH_FFT, resource_name: fft1, ref_start_time: 2116368801188267, ref_stop_time: 2116368801306947, actual_exe_time: 118680, task_app_start_time:2116367583020641, task_sched_time:2116368801181037
app_id: 0, app_name: SAR_api-aarch64, task_id: 82, task_name: DASH_FFT, resource_name: fft2, ref_start_time: 2116368801755177, ref_stop_time: 2116368801825347, actual_exe_time: 70170, task_app_start_time:2116367583020641, task_sched_time:2116368801745487
app_id: 0, app_name: SAR_api-aarch64, task_id: 83, task_name: DASH_ZIP, resource_name: zip1, ref_start_time: 2116368804326898, ref_stop_time: 2116368804449118, actual_exe_time: 122220, task_app_start_time:2116367583020641, task_sched_time:2116368803050667
app_id: 0, app_name: SAR_api-aarch64, task_id: 84, task_name: DASH_FFT, resource_name: cpu1, ref_start_time: 2116368810699559, ref_stop_time: 2116368810818689, actual_exe_time: 119130, task_app_start_time:2116367583020641, task_sched_time:2116368810692449
app_id: 0, app_name: SAR_api-aarch64, task_id: 85, task_name: DASH_FFT, resource_name: cpu2, ref_start_time: 2116368811693069, ref_stop_time: 2116368811783249, actual_exe_time: 90180, task_app_start_time:2116367583020641, task_sched_time:2116368811687669
app_id: 0, app_name: SAR_api-aarch64, task_id: 86, task_name: DASH_ZIP, resource_name: cpu3, ref_start_time: 2116368814861879, ref_stop_time: 2116368814936279, actual_exe_time: 74400, task_app_start_time:2116367583020641, task_sched_time:2116368814853689
app_id: 0, app_name: SAR_api-aarch64, task_id: 87, task_name: DASH_FFT, resource_name: fft1, ref_start_time: 2116368817315790, ref_stop_time: 2116368817442540, actual_exe_time: 126750, task_app_start_time:2116367583020641, task_sched_time:2116368817310330
app_id: 0, app_name: SAR_api-aarch64, task_id: 88, task_name: DASH_FFT, resource_name: fft2, ref_start_time: 2116368826518081, ref_stop_time: 2116368826604331, actual_exe_time: 86250, task_app_start_time:2116367583020641, task_sched_time:2116368821351660
app_id: 0, app_name: SAR_api-aarch64, task_id: 89, task_name: DASH_ZIP, resource_name: zip1, ref_start_time: 2116368827493021, ref_stop_time: 2116368827615301, actual_exe_time: 122280, task_app_start_time:2116367583020641, task_sched_time:2116368827488821
app_id: 0, app_name: SAR_api-aarch64, task_id: 90, task_name: DASH_FFT, resource_name: cpu1, ref_start_time: 2116368828309921, ref_stop_time: 2116368828417411, actual_exe_time: 107490, task_app_start_time:2116367583020641, task_sched_time:2116368828298281
app_id: 0, app_name: SAR_api-aarch64, task_id: 91, task_name: DASH_FFT, resource_name: cpu2, ref_start_time: 2116368830115022, ref_stop_time: 2116368830214712, actual_exe_time: 99690, task_app_start_time:2116367583020641, task_sched_time:2116368829089982
app_id: 0, app_name: SAR_api-aarch64, task_id: 92, task_name: DASH_ZIP, resource_name: cpu3, ref_start_time: 2116368830754562, ref_stop_time: 2116368830830462, actual_exe_time: 75900, task_app_start_time:2116367583020641, task_sched_time:2116368830746462
app_id: 0, app_name: SAR_api-aarch64, task_id: 93, task_name: DASH_FFT, resource_name: fft1, ref_start_time: 2116368831801742, ref_stop_time: 2116368831924832, actual_exe_time: 123090, task_app_start_time:2116367583020641, task_sched_time:2116368831787912
app_id: 0, app_name: SAR_api-aarch64, task_id: 94, task_name: DASH_FFT, resource_name: fft2, ref_start_time: 2116368832700452, ref_stop_time: 2116368832768672, actual_exe_time: 68220, task_app_start_time:2116367583020641, task_sched_time:2116368832696072
app_id: 0, app_name: SAR_api-aarch64, task_id: 95, task_name: DASH_ZIP, resource_name: zip1, ref_start_time: 2116368838528643, ref_stop_time: 2116368838658783, actual_exe_time: 130140, task_app_start_time:2116367583020641, task_sched_time:2116368836688173
app_id: 0, app_name: SAR_api-aarch64, task_id: 96, task_name: DASH_FFT, resource_name: cpu1, ref_start_time: 2116368839684243, ref_stop_time: 2116368839793983, actual_exe_time: 109740, task_app_start_time:2116367583020641, task_sched_time:2116368839671133
app_id: 0, app_name: SAR_api-aarch64, task_id: 97, task_name: DASH_FFT, resource_name: cpu2, ref_start_time: 2116368840506783, ref_stop_time: 2116368840598523, actual_exe_time: 91740, task_app_start_time:2116367583020641, task_sched_time:2116368840497063
app_id: 0, app_name: SAR_api-aarch64, task_id: 98, task_name: DASH_ZIP, resource_name: cpu3, ref_start_time: 2116368842505924, ref_stop_time: 2116368842583144, actual_exe_time: 77220, task_app_start_time:2116367583020641, task_sched_time:2116368841537104
app_id: 0, app_name: SAR_api-aarch64, task_id: 99, task_name: DASH_FFT, resource_name: fft1, ref_start_time: 2116368843253344, ref_stop_time: 2116368843371724, actual_exe_time: 118380, task_app_start_time:2116367583020641, task_sched_time:2116368843247704
app_id: 0, app_name: SAR_api-aarch64, task_id: 100, task_name: DASH_FFT, resource_name: fft2, ref_start_time: 2116368844044384, ref_stop_time: 2116368844111764, actual_exe_time: 67380, task_app_start_time:2116367583020641, task_sched_time:2116368844040214
app_id: 0, app_name: SAR_api-aarch64, task_id: 101, task_name: DASH_ZIP, resource_name: zip1, ref_start_time: 2116368846504114, ref_stop_time: 2116368846628224, actual_exe_time: 124110, task_app_start_time:2116367583020641, task_sched_time:2116368845018604
app_id: 0, app_name: SAR_api-aarch64, task_id: 102, task_name: DASH_FFT, resource_name: cpu1, ref_start_time: 2116368847295155, ref_stop_time: 2116368847399765, actual_exe_time: 104610, task_app_start_time:2116367583020641, task_sched_time:2116368847290625
app_id: 0, app_name: SAR_api-aarch64, task_id: 103, task_name: DASH_FFT, resource_name: cpu2, ref_start_time: 2116368848030155, ref_stop_time: 2116368848118955, actual_exe_time: 88800, task_app_start_time:2116367583020641, task_sched_time:2116368848021305
app_id: 0, app_name: SAR_api-aarch64, task_id: 104, task_name: DASH_ZIP, resource_name: cpu3, ref_start_time: 2116368854788286, ref_stop_time: 2116368854874236, actual_exe_time: 85950, task_app_start_time:2116367583020641, task_sched_time:2116368854673746
app_id: 0, app_name: SAR_api-aarch64, task_id: 105, task_name: DASH_FFT, resource_name: fft1, ref_start_time: 2116368855708836, ref_stop_time: 2116368855831326, actual_exe_time: 122490, task_app_start_time:2116367583020641, task_sched_time:2116368855700646
app_id: 0, app_name: SAR_api-aarch64, task_id: 106, task_name: DASH_FFT, resource_name: fft2, ref_start_time: 2116368856556246, ref_stop_time: 2116368856627586, actual_exe_time: 71340, task_app_start_time:2116367583020641, task_sched_time:2116368856547156
app_id: 0, app_name: SAR_api-aarch64, task_id: 107, task_name: DASH_ZIP, resource_name: zip1, ref_start_time: 2116368857171216, ref_stop_time: 2116368857289716, actual_exe_time: 118500, task_app_start_time:2116367583020641, task_sched_time:2116368857168276
app_id: 0, app_name: SAR_api-aarch64, task_id: 108, task_name: DASH_FFT, resource_name: cpu1, ref_start_time: 2116368858251036, ref_stop_time: 2116368858352376, actual_exe_time: 101340, task_app_start_time:2116367583020641, task_sched_time:2116368858246476
app_id: 0, app_name: SAR_api-aarch64, task_id: 109, task_name: DASH_FFT, resource_name: cpu2, ref_start_time: 2116368858976946, ref_stop_time: 2116368859067966, actual_exe_time: 91020, task_app_start_time:2116367583020641, task_sched_time:2116368858972746
app_id: 0, app_name: SAR_api-aarch64, task_id: 110, task_name: DASH_ZIP, resource_name: cpu3, ref_start_time: 2116368863217477, ref_stop_time: 2116368863293767, actual_exe_time: 76290, task_app_start_time:2116367583020641, task_sched_time:2116368863208747
app_id: 0, app_name: SAR_api-aarch64, task_id: 111, task_name: DASH_FFT, resource_name: fft1, ref_start_time: 2116368863969577, ref_stop_time: 2116368864091107, actual_exe_time: 121530, task_app_start_time:2116367583020641, task_sched_time:2116368863961717
app_id: 0, app_name: SAR_api-aarch64, task_id: 112, task_name: DASH_FFT, resource_name: fft2, ref_start_time: 2116368864586437, ref_stop_time: 2116368864652977, actual_exe_time: 66540, task_app_start_time:2116367583020641, task_sched_time:2116368864579387
app_id: 0, app_name: SAR_api-aarch64, task_id: 113, task_name: DASH_ZIP, resource_name: zip1, ref_start_time: 2116368866077828, ref_stop_time: 2116368866195218, actual_exe_time: 117390, task_app_start_time:2116367583020641, task_sched_time:2116368866069938
app_id: 0, app_name: SAR_api-aarch64, task_id: 114, task_name: DASH_FFT, resource_name: cpu1, ref_start_time: 2116368869004058, ref_stop_time: 2116368869117608, actual_exe_time: 113550, task_app_start_time:2116367583020641, task_sched_time:2116368868891678
app_id: 0, app_name: SAR_api-aarch64, task_id: 115, task_name: DASH_FFT, resource_name: cpu2, ref_start_time: 2116368870036838, ref_stop_time: 2116368870126088, actual_exe_time: 89250, task_app_start_time:2116367583020641, task_sched_time:2116368870030238
app_id: 0, app_name: SAR_api-aarch64, task_id: 116, task_name: DASH_ZIP, resource_name: cpu3, ref_start_time: 2116368878585520, ref_stop_time: 2116368878669370, actual_exe_time: 83850, task_app_start_time:2116367583020641, task_sched_time:2116368874026119
app_id: 0, app_name: SAR_api-aarch64, task_id: 117, task_name: DASH_FFT, resource_name: fft1, ref_start_time: 2116368879131430, ref_stop_time: 2116368879256530, actual_exe_time: 125100, task_app_start_time:2116367583020641, task_sched_time:2116368879118920
app_id: 0, app_name: SAR_api-aarch64, task_id: 118, task_name: DASH_FFT, resource_name: fft2, ref_start_time: 2116368880294650, ref_stop_time: 2116368880363200, actual_exe_time: 68550, task_app_start_time:2116367583020641, task_sched_time:2116368880291800
app_id: 0, app_name: SAR_api-aarch64, task_id: 119, task_name: DASH_ZIP, resource_name: zip1, ref_start_time: 2116368882536100, ref_stop_time: 2116368882659280, actual_exe_time: 123180, task_app_start_time:2116367583020641, task_sched_time:2116368881146710
app_id: 0, app_name: SAR_api-aarch64, task_id: 120, task_name: DASH_FFT, resource_name: cpu1, ref_start_time: 2116368883337700, ref_stop_time: 2116368883445490, actual_exe_time: 107790, task_app_start_time:2116367583020641, task_sched_time:2116368883329870
app_id: 0, app_name: SAR_api-aarch64, task_id: 121, task_name: DASH_FFT, resource_name: cpu2, ref_start_time: 2116368884067450, ref_stop_time: 2116368884158470, actual_exe_time: 91020, task_app_start_time:2116367583020641, task_sched_time:2116368884063010
app_id: 0, app_name: SAR_api-aarch64, task_id: 122, task_name: DASH_ZIP, resource_name: cpu3, ref_start_time: 2116368884947771, ref_stop_time: 2116368885025741, actual_exe_time: 77970, task_app_start_time:2116367583020641, task_sched_time:2116368884822371
app_id: 0, app_name: SAR_api-aarch64, task_id: 123, task_name: DASH_FFT, resource_name: fft1, ref_start_time: 2116368886886971, ref_stop_time: 2116368887011171, actual_exe_time: 124200, task_app_start_time:2116367583020641, task_sched_time:2116368886873021
app_id: 0, app_name: SAR_api-aarch64, task_id: 124, task_name: DASH_FFT, resource_name: fft2, ref_start_time: 2116368890394781, ref_stop_time: 2116368890635232, actual_exe_time: 240451, task_app_start_time:2116367583020641, task_sched_time:2116368890387371
app_id: 0, app_name: SAR_api-aarch64, task_id: 125, task_name: DASH_ZIP, resource_name: zip1, ref_start_time: 2116368895135262, ref_stop_time: 2116368895258352, actual_exe_time: 123090, task_app_start_time:2116367583020641, task_sched_time:2116368895128782
app_id: 0, app_name: SAR_api-aarch64, task_id: 126, task_name: DASH_FFT, resource_name: cpu1, ref_start_time: 2116368895941002, ref_stop_time: 2116368896053022, actual_exe_time: 112020, task_app_start_time:2116367583020641, task_sched_time:2116368895927622
app_id: 0, app_name: SAR_api-aarch64, task_id: 127, task_name: DASH_FFT, resource_name: cpu2, ref_start_time: 2116368896576942, ref_stop_time: 2116368896666642, actual_exe_time: 89700, task_app_start_time:2116367583020641, task_sched_time:2116368896572142
app_id: 0, app_name: SAR_api-aarch64, task_id: 128, task_name: DASH_ZIP, resource_name: cpu3, ref_start_time: 2116368897346413, ref_stop_time: 2116368897420003, actual_exe_time: 73590, task_app_start_time:2116367583020641, task_sched_time:2116368897341673
app_id: 0, app_name: SAR_api-aarch64, task_id: 129, task_name: DASH_FFT, resource_name: fft1, ref_start_time: 2116368901954203, ref_stop_time: 2116368902077053, actual_exe_time: 122850, task_app_start_time:2116367583020641, task_sched_time:2116368897987153
app_id: 0, app_name: SAR_api-aarch64, task_id: 130, task_name: DASH_FFT, resource_name: fft2, ref_start_time: 2116368903035434, ref_stop_time: 2116368903104824, actual_exe_time: 69390, task_app_start_time:2116367583020641, task_sched_time:2116368903027874
app_id: 0, app_name: SAR_api-aarch64, task_id: 131, task_name: DASH_ZIP, resource_name: zip1, ref_start_time: 2116368903949324, ref_stop_time: 2116368904069354, actual_exe_time: 120030, task_app_start_time:2116367583020641, task_sched_time:2116368903941734
app_id: 0, app_name: SAR_api-aarch64, task_id: 132, task_name: DASH_FFT, resource_name: cpu1, ref_start_time: 2116368905272924, ref_stop_time: 2116368905390854, actual_exe_time: 117930, task_app_start_time:2116367583020641, task_sched_time:2116368904985314
app_id: 0, app_name: SAR_api-aarch64, task_id: 133, task_name: DASH_FFT, resource_name: cpu2, ref_start_time: 2116368905849674, ref_stop_time: 2116368905949394, actual_exe_time: 99720, task_app_start_time:2116367583020641, task_sched_time:2116368905847154
app_id: 0, app_name: SAR_api-aarch64, task_id: 134, task_name: DASH_ZIP, resource_name: cpu3, ref_start_time: 2116368906836344, ref_stop_time: 2116368906911674, actual_exe_time: 75330, task_app_start_time:2116367583020641, task_sched_time:2116368906828814
app_id: 0, app_name: SAR_api-aarch64, task_id: 135, task_name: DASH_FFT, resource_name: fft1, ref_start_time: 2116368907821664, ref_stop_time: 2116368907947394, actual_exe_time: 125730, task_app_start_time:2116367583020641, task_sched_time:2116368907813414
app_id: 0, app_name: SAR_api-aarch64, task_id: 136, task_name: DASH_FFT, resource_name: fft2, ref_start_time: 2116368909707555, ref_stop_time: 2116368909787295, actual_exe_time: 79740, task_app_start_time:2116367583020641, task_sched_time:2116368908615014
app_id: 0, app_name: SAR_api-aarch64, task_id: 137, task_name: DASH_ZIP, resource_name: zip1, ref_start_time: 2116368910627115, ref_stop_time: 2116368910746815, actual_exe_time: 119700, task_app_start_time:2116367583020641, task_sched_time:2116368910623455
app_id: 0, app_name: SAR_api-aarch64, task_id: 138, task_name: DASH_FFT, resource_name: cpu1, ref_start_time: 2116368914799035, ref_stop_time: 2116368914915285, actual_exe_time: 116250, task_app_start_time:2116367583020641, task_sched_time:2116368914790935
app_id: 0, app_name: SAR_api-aarch64, task_id: 139, task_name: DASH_FFT, resource_name: cpu2, ref_start_time: 2116368915421235, ref_stop_time: 2116368915512856, actual_exe_time: 91621, task_app_start_time:2116367583020641, task_sched_time:2116368915417365
app_id: 0, app_name: SAR_api-aarch64, task_id: 140, task_name: DASH_ZIP, resource_name: cpu3, ref_start_time: 2116368915878196, ref_stop_time: 2116368915954216, actual_exe_time: 76020, task_app_start_time:2116367583020641, task_sched_time:2116368915873426
app_id: 0, app_name: SAR_api-aarch64, task_id: 141, task_name: DASH_FFT, resource_name: fft1, ref_start_time: 2116368922451647, ref_stop_time: 2116368922591537, actual_exe_time: 139890, task_app_start_time:2116367583020641, task_sched_time:2116368922446307
app_id: 0, app_name: SAR_api-aarch64, task_id: 142, task_name: DASH_FFT, resource_name: fft2, ref_start_time: 2116368923428807, ref_stop_time: 2116368923506117, actual_exe_time: 77310, task_app_start_time:2116367583020641, task_sched_time:2116368923422567
app_id: 0, app_name: SAR_api-aarch64, task_id: 143, task_name: DASH_ZIP, resource_name: zip1, ref_start_time: 2116368923856967, ref_stop_time: 2116368923976097, actual_exe_time: 119130, task_app_start_time:2116367583020641, task_sched_time:2116368923848927
app_id: 0, app_name: SAR_api-aarch64, task_id: 144, task_name: DASH_FFT, resource_name: cpu1, ref_start_time: 2116368925283467, ref_stop_time: 2116368925397017, actual_exe_time: 113550, task_app_start_time:2116367583020641, task_sched_time:2116368925277647
app_id: 0, app_name: SAR_api-aarch64, task_id: 145, task_name: DASH_FFT, resource_name: cpu2, ref_start_time: 2116368926531647, ref_stop_time: 2116368926631307, actual_exe_time: 99660, task_app_start_time:2116367583020641, task_sched_time:2116368926185597
app_id: 0, app_name: SAR_api-aarch64, task_id: 146, task_name: DASH_ZIP, resource_name: cpu3, ref_start_time: 2116368927295897, ref_stop_time: 2116368927369847, actual_exe_time: 73950, task_app_start_time:2116367583020641, task_sched_time:2116368927287467
app_id: 0, app_name: SAR_api-aarch64, task_id: 147, task_name: DASH_FFT, resource_name: fft1, ref_start_time: 2116368927811657, ref_stop_time: 2116368927931598, actual_exe_time: 119941, task_app_start_time:2116367583020641, task_sched_time:2116368927798727
app_id: 0, app_name: SAR_api-aarch64, task_id: 148, task_name: DASH_FFT, resource_name: fft2, ref_start_time: 2116368930527138, ref_stop_time: 2116368930613058, actual_exe_time: 85920, task_app_start_time:2116367583020641, task_sched_time:2116368928630808
app_id: 0, app_name: SAR_api-aarch64, task_id: 149, task_name: DASH_ZIP, resource_name: zip1, ref_start_time: 2116368931770758, ref_stop_time: 2116368931891028, actual_exe_time: 120270, task_app_start_time:2116367583020641, task_sched_time:2116368931766288
app_id: 0, app_name: SAR_api-aarch64, task_id: 150, task_name: DASH_FFT, resource_name: cpu1, ref_start_time: 2116368932480288, ref_stop_time: 2116368932589638, actual_exe_time: 109350, task_app_start_time:2116367583020641, task_sched_time:2116368932475878
app_id: 0, app_name: SAR_api-aarch64, task_id: 151, task_name: DASH_FFT, resource_name: cpu2, ref_start_time: 2116368934572279, ref_stop_time: 2116368934670349, actual_exe_time: 98070, task_app_start_time:2116367583020641, task_sched_time:2116368933271718
app_id: 0, app_name: SAR_api-aarch64, task_id: 152, task_name: DASH_ZIP, resource_name: cpu3, ref_start_time: 2116368935370549, ref_stop_time: 2116368935444979, actual_exe_time: 74430, task_app_start_time:2116367583020641, task_sched_time:2116368935361159
app_id: 0, app_name: SAR_api-aarch64, task_id: 153, task_name: DASH_FFT, resource_name: fft1, ref_start_time: 2116368936078939, ref_stop_time: 2116368936198309, actual_exe_time: 119370, task_app_start_time:2116367583020641, task_sched_time:2116368936067329
app_id: 0, app_name: SAR_api-aarch64, task_id: 154, task_name: DASH_FFT, resource_name: fft2, ref_start_time: 2116368938501529, ref_stop_time: 2116368938579289, actual_exe_time: 77760, task_app_start_time:2116367583020641, task_sched_time:2116368936867669
app_id: 0, app_name: SAR_api-aarch64, task_id: 155, task_name: DASH_ZIP, resource_name: zip1, ref_start_time: 2116368939231789, ref_stop_time: 2116368939351189, actual_exe_time: 119400, task_app_start_time:2116367583020641, task_sched_time:2116368939224529
app_id: 0, app_name: SAR_api-aarch64, task_id: 156, task_name: DASH_FFT, resource_name: cpu1, ref_start_time: 2116368940188609, ref_stop_time: 2116368940290610, actual_exe_time: 102001, task_app_start_time:2116367583020641, task_sched_time:2116368940184559
app_id: 0, app_name: SAR_api-aarch64, task_id: 157, task_name: DASH_FFT, resource_name: cpu2, ref_start_time: 2116368940987630, ref_stop_time: 2116368941082820, actual_exe_time: 95190, task_app_start_time:2116367583020641, task_sched_time:2116368940984090
app_id: 0, app_name: SAR_api-aarch64, task_id: 158, task_name: DASH_ZIP, resource_name: cpu3, ref_start_time: 2116368941606380, ref_stop_time: 2116368941680720, actual_exe_time: 74340, task_app_start_time:2116367583020641, task_sched_time:2116368941597920
app_id: 0, app_name: SAR_api-aarch64, task_id: 159, task_name: DASH_FFT, resource_name: fft1, ref_start_time: 2116368942696370, ref_stop_time: 2116368942815800, actual_exe_time: 119430, task_app_start_time:2116367583020641, task_sched_time:2116368942686560
app_id: 0, app_name: SAR_api-aarch64, task_id: 160, task_name: DASH_FFT, resource_name: fft2, ref_start_time: 2116368943436920, ref_stop_time: 2116368943504540, actual_exe_time: 67620, task_app_start_time:2116367583020641, task_sched_time:2116368943432570
app_id: 0, app_name: SAR_api-aarch64, task_id: 161, task_name: DASH_ZIP, resource_name: zip1, ref_start_time: 2116368944322940, ref_stop_time: 2116368944440180, actual_exe_time: 117240, task_app_start_time:2116367583020641, task_sched_time:2116368944317240
app_id: 0, app_name: SAR_api-aarch64, task_id: 162, task_name: DASH_FFT, resource_name: cpu1, ref_start_time: 2116368946728581, ref_stop_time: 2116368946840661, actual_exe_time: 112080, task_app_start_time:2116367583020641, task_sched_time:2116368946720091
app_id: 0, app_name: SAR_api-aarch64, task_id: 163, task_name: DASH_FFT, resource_name: cpu2, ref_start_time: 2116368947546381, ref_stop_time: 2116368947635421, actual_exe_time: 89040, task_app_start_time:2116367583020641, task_sched_time:2116368947542481
app_id: 0, app_name: SAR_api-aarch64, task_id: 164, task_name: DASH_ZIP, resource_name: cpu3, ref_start_time: 2116368950382941, ref_stop_time: 2116368950461181, actual_exe_time: 78240, task_app_start_time:2116367583020641, task_sched_time:2116368950373071
app_id: 0, app_name: SAR_api-aarch64, task_id: 165, task_name: DASH_FFT, resource_name: fft1, ref_start_time: 2116368951131951, ref_stop_time: 2116368951254591, actual_exe_time: 122640, task_app_start_time:2116367583020641, task_sched_time:2116368951117731
app_id: 0, app_name: SAR_api-aarch64, task_id: 166, task_name: DASH_FFT, resource_name: fft2, ref_start_time: 2116368951720761, ref_stop_time: 2116368951792371, actual_exe_time: 71610, task_app_start_time:2116367583020641, task_sched_time:2116368951712871
app_id: 0, app_name: SAR_api-aarch64, task_id: 167, task_name: DASH_ZIP, resource_name: zip1, ref_start_time: 2116368954516072, ref_stop_time: 2116368954637902, actual_exe_time: 121830, task_app_start_time:2116367583020641, task_sched_time:2116368952587731
app_id: 0, app_name: SAR_api-aarch64, task_id: 168, task_name: DASH_FFT, resource_name: cpu1, ref_start_time: 2116368955437882, ref_stop_time: 2116368955545822, actual_exe_time: 107940, task_app_start_time:2116367583020641, task_sched_time:2116368955427022
app_id: 0, app_name: SAR_api-aarch64, task_id: 169, task_name: DASH_FFT, resource_name: cpu2, ref_start_time: 2116368956216202, ref_stop_time: 2116368956306172, actual_exe_time: 89970, task_app_start_time:2116367583020641, task_sched_time:2116368956208102
app_id: 0, app_name: SAR_api-aarch64, task_id: 170, task_name: DASH_ZIP, resource_name: cpu3, ref_start_time: 2116368958515042, ref_stop_time: 2116368958593102, actual_exe_time: 78060, task_app_start_time:2116367583020641, task_sched_time:2116368957200412
app_id: 0, app_name: SAR_api-aarch64, task_id: 171, task_name: DASH_FFT, resource_name: fft1, ref_start_time: 2116368959381143, ref_stop_time: 2116368959505283, actual_exe_time: 124140, task_app_start_time:2116367583020641, task_sched_time:2116368959376703
app_id: 0, app_name: SAR_api-aarch64, task_id: 172, task_name: DASH_FFT, resource_name: fft2, ref_start_time: 2116368960154033, ref_stop_time: 2116368960226003, actual_exe_time: 71970, task_app_start_time:2116367583020641, task_sched_time:2116368960145903
app_id: 0, app_name: SAR_api-aarch64, task_id: 173, task_name: DASH_ZIP, resource_name: zip1, ref_start_time: 2116368961041043, ref_stop_time: 2116368961164133, actual_exe_time: 123090, task_app_start_time:2116367583020641, task_sched_time:2116368960957103
app_id: 0, app_name: SAR_api-aarch64, task_id: 174, task_name: DASH_FFT, resource_name: cpu1, ref_start_time: 2116368963410953, ref_stop_time: 2116368963523033, actual_exe_time: 112080, task_app_start_time:2116367583020641, task_sched_time:2116368963404383
app_id: 0, app_name: SAR_api-aarch64, task_id: 175, task_name: DASH_FFT, resource_name: cpu2, ref_start_time: 2116368966676904, ref_stop_time: 2116368966777044, actual_exe_time: 100140, task_app_start_time:2116367583020641, task_sched_time:2116368966568874
app_id: 0, app_name: SAR_api-aarch64, task_id: 176, task_name: DASH_ZIP, resource_name: cpu3, ref_start_time: 2116368967515194, ref_stop_time: 2116368967591454, actual_exe_time: 76260, task_app_start_time:2116367583020641, task_sched_time:2116368967510424
app_id: 0, app_name: SAR_api-aarch64, task_id: 177, task_name: DASH_FFT, resource_name: fft1, ref_start_time: 2116368968395634, ref_stop_time: 2116368968516714, actual_exe_time: 121080, task_app_start_time:2116367583020641, task_sched_time:2116368968392274
app_id: 0, app_name: SAR_api-aarch64, task_id: 178, task_name: DASH_FFT, resource_name: fft2, ref_start_time: 2116368970516874, ref_stop_time: 2116368970595504, actual_exe_time: 78630, task_app_start_time:2116367583020641, task_sched_time:2116368968965004
app_id: 0, app_name: SAR_api-aarch64, task_id: 179, task_name: DASH_ZIP, resource_name: zip1, ref_start_time: 2116368971162054, ref_stop_time: 2116368971280914, actual_exe_time: 118860, task_app_start_time:2116367583020641, task_sched_time:2116368971155664
app_id: 0, app_name: SAR_api-aarch64, task_id: 180, task_name: DASH_FFT, resource_name: cpu1, ref_start_time: 2116368972043275, ref_stop_time: 2116368972147105, actual_exe_time: 103830, task_app_start_time:2116367583020641, task_sched_time:2116368972040065
app_id: 0, app_name: SAR_api-aarch64, task_id: 181, task_name: DASH_FFT, resource_name: cpu2, ref_start_time: 2116368974504445, ref_stop_time: 2116368974606115, actual_exe_time: 101670, task_app_start_time:2116367583020641, task_sched_time:2116368972620835
app_id: 0, app_name: SAR_api-aarch64, task_id: 182, task_name: DASH_ZIP, resource_name: cpu3, ref_start_time: 2116368975203025, ref_stop_time: 2116368975276825, actual_exe_time: 73800, task_app_start_time:2116367583020641, task_sched_time:2116368975198885
app_id: 0, app_name: SAR_api-aarch64, task_id: 183, task_name: DASH_FFT, resource_name: fft1, ref_start_time: 2116368975912435, ref_stop_time: 2116368976033335, actual_exe_time: 120900, task_app_start_time:2116367583020641, task_sched_time:2116368975907395
app_id: 0, app_name: SAR_api-aarch64, task_id: 184, task_name: DASH_FFT, resource_name: fft2, ref_start_time: 2116368977685466, ref_stop_time: 2116368977761636, actual_exe_time: 76170, task_app_start_time:2116367583020641, task_sched_time:2116368976730955
app_id: 0, app_name: SAR_api-aarch64, task_id: 185, task_name: DASH_ZIP, resource_name: zip1, ref_start_time: 2116368978890086, ref_stop_time: 2116368979009156, actual_exe_time: 119070, task_app_start_time:2116367583020641, task_sched_time:2116368978667066
app_id: 0, app_name: SAR_api-aarch64, task_id: 186, task_name: DASH_FFT, resource_name: cpu1, ref_start_time: 2116368980061136, ref_stop_time: 2116368980167396, actual_exe_time: 106260, task_app_start_time:2116367583020641, task_sched_time:2116368980050786
app_id: 0, app_name: SAR_api-aarch64, task_id: 187, task_name: DASH_FFT, resource_name: cpu2, ref_start_time: 2116368983276446, ref_stop_time: 2116368983377576, actual_exe_time: 101130, task_app_start_time:2116367583020641, task_sched_time:2116368983269666
app_id: 0, app_name: SAR_api-aarch64, task_id: 188, task_name: DASH_ZIP, resource_name: cpu3, ref_start_time: 2116368984113327, ref_stop_time: 2116368984193547, actual_exe_time: 80220, task_app_start_time:2116367583020641, task_sched_time:2116368984103907
app_id: 0, app_name: SAR_api-aarch64, task_id: 189, task_name: DASH_FFT, resource_name: fft1, ref_start_time: 2116368985098557, ref_stop_time: 2116368985218047, actual_exe_time: 119490, task_app_start_time:2116367583020641, task_sched_time:2116368984583247
app_id: 0, app_name: SAR_api-aarch64, task_id: 190, task_name: DASH_FFT, resource_name: fft2, ref_start_time: 2116368987114857, ref_stop_time: 2116368987188087, actual_exe_time: 73230, task_app_start_time:2116367583020641, task_sched_time:2116368987109457
app_id: 0, app_name: SAR_api-aarch64, task_id: 191, task_name: DASH_ZIP, resource_name: zip1, ref_start_time: 2116368991067508, ref_stop_time: 2116368991190958, actual_exe_time: 123450, task_app_start_time:2116367583020641, task_sched_time:2116368991063638
app_id: 0, app_name: SAR_api-aarch64, task_id: 192, task_name: DASH_FFT, resource_name: cpu1, ref_start_time: 2116368991811088, ref_stop_time: 2116368991912188, actual_exe_time: 101100, task_app_start_time:2116367583020641, task_sched_time:2116368991807038
app_id: 0, app_name: SAR_api-aarch64, task_id: 193, task_name: DASH_FFT, resource_name: cpu2, ref_start_time: 2116368992328708, ref_stop_time: 2116368992417088, actual_exe_time: 88380, task_app_start_time:2116367583020641, task_sched_time:2116368992324748
app_id: 0, app_name: SAR_api-aarch64, task_id: 194, task_name: DASH_ZIP, resource_name: cpu3, ref_start_time: 2116368995171748, ref_stop_time: 2116368995250798, actual_exe_time: 79050, task_app_start_time:2116367583020641, task_sched_time:2116368995167278
app_id: 0, app_name: SAR_api-aarch64, task_id: 195, task_name: DASH_FFT, resource_name: fft1, ref_start_time: 2116368995920098, ref_stop_time: 2116368996031758, actual_exe_time: 111660, task_app_start_time:2116367583020641, task_sched_time:2116368995915688
app_id: 0, app_name: SAR_api-aarch64, task_id: 196, task_name: DASH_FFT, resource_name: fft2, ref_start_time: 2116368997965739, ref_stop_time: 2116368998034499, actual_exe_time: 68760, task_app_start_time:2116367583020641, task_sched_time:2116368997958959
app_id: 0, app_name: SAR_api-aarch64, task_id: 197, task_name: DASH_ZIP, resource_name: zip1, ref_start_time: 2116368999147799, ref_stop_time: 2116368999272389, actual_exe_time: 124590, task_app_start_time:2116367583020641, task_sched_time:2116368999143719
app_id: 0, app_name: SAR_api-aarch64, task_id: 198, task_name: DASH_FFT, resource_name: cpu1, ref_start_time: 2116369003012910, ref_stop_time: 2116369003141190, actual_exe_time: 128280, task_app_start_time:2116367583020641, task_sched_time:2116369003004780
app_id: 0, app_name: SAR_api-aarch64, task_id: 199, task_name: DASH_FFT, resource_name: cpu2, ref_start_time: 2116369003789550, ref_stop_time: 2116369003883300, actual_exe_time: 93750, task_app_start_time:2116367583020641, task_sched_time:2116369003783400
app_id: 0, app_name: SAR_api-aarch64, task_id: 200, task_name: DASH_ZIP, resource_name: cpu3, ref_start_time: 2116369004448740, ref_stop_time: 2116369004528390, actual_exe_time: 79650, task_app_start_time:2116367583020641, task_sched_time:2116369004426570
app_id: 0, app_name: SAR_api-aarch64, task_id: 201, task_name: DASH_FFT, resource_name: fft1, ref_start_time: 2116369010596131, ref_stop_time: 2116369010727741, actual_exe_time: 131610, task_app_start_time:2116367583020641, task_sched_time:2116369005130580
app_id: 0, app_name: SAR_api-aarch64, task_id: 202, task_name: DASH_FFT, resource_name: fft2, ref_start_time: 2116369011521151, ref_stop_time: 2116369011591861, actual_exe_time: 70710, task_app_start_time:2116367583020641, task_sched_time:2116369011512121
app_id: 0, app_name: SAR_api-aarch64, task_id: 203, task_name: DASH_ZIP, resource_name: zip1, ref_start_time: 2116369012380921, ref_stop_time: 2116369012503591, actual_exe_time: 122670, task_app_start_time:2116367583020641, task_sched_time:2116369012373691
app_id: 0, app_name: SAR_api-aarch64, task_id: 204, task_name: DASH_FFT, resource_name: cpu1, ref_start_time: 2116369013334741, ref_stop_time: 2116369013433681, actual_exe_time: 98940, task_app_start_time:2116367583020641, task_sched_time:2116369013321931
app_id: 0, app_name: SAR_api-aarch64, task_id: 205, task_name: DASH_FFT, resource_name: cpu2, ref_start_time: 2116369014070071, ref_stop_time: 2116369014157371, actual_exe_time: 87300, task_app_start_time:2116367583020641, task_sched_time:2116369014061431
app_id: 0, app_name: SAR_api-aarch64, task_id: 206, task_name: DASH_ZIP, resource_name: cpu3, ref_start_time: 2116369014909832, ref_stop_time: 2116369014988282, actual_exe_time: 78450, task_app_start_time:2116367583020641, task_sched_time:2116369014902182
app_id: 0, app_name: SAR_api-aarch64, task_id: 207, task_name: DASH_FFT, resource_name: fft1, ref_start_time: 2116369016976982, ref_stop_time: 2116369017093592, actual_exe_time: 116610, task_app_start_time:2116367583020641, task_sched_time:2116369015698502
app_id: 0, app_name: SAR_api-aarch64, task_id: 208, task_name: DASH_FFT, resource_name: fft2, ref_start_time: 2116369018218862, ref_stop_time: 2116369018293352, actual_exe_time: 74490, task_app_start_time:2116367583020641, task_sched_time:2116369018208692
app_id: 0, app_name: SAR_api-aarch64, task_id: 209, task_name: DASH_ZIP, resource_name: zip1, ref_start_time: 2116369027112543, ref_stop_time: 2116369027245323, actual_exe_time: 132780, task_app_start_time:2116367583020641, task_sched_time:2116369027104533
app_id: 0, app_name: SAR_api-aarch64, task_id: 210, task_name: DASH_FFT, resource_name: cpu1, ref_start_time: 2116369028286144, ref_stop_time: 2116369028391684, actual_exe_time: 105540, task_app_start_time:2116367583020641, task_sched_time:2116369028275074
app_id: 0, app_name: SAR_api-aarch64, task_id: 211, task_name: DASH_FFT, resource_name: cpu2, ref_start_time: 2116369028943924, ref_stop_time: 2116369029033774, actual_exe_time: 89850, task_app_start_time:2116367583020641, task_sched_time:2116369028936184
app_id: 0, app_name: SAR_api-aarch64, task_id: 212, task_name: DASH_ZIP, resource_name: cpu3, ref_start_time: 2116369029691614, ref_stop_time: 2116369029769164, actual_exe_time: 77550, task_app_start_time:2116367583020641, task_sched_time:2116369029682134
app_id: 0, app_name: SAR_api-aarch64, task_id: 213, task_name: DASH_FFT, resource_name: fft1, ref_start_time: 2116369033777435, ref_stop_time: 2116369033890295, actual_exe_time: 112860, task_app_start_time:2116367583020641, task_sched_time:2116369033773385
app_id: 0, app_name: SAR_api-aarch64, task_id: 214, task_name: DASH_FFT, resource_name: fft2, ref_start_time: 2116369034303965, ref_stop_time: 2116369034372605, actual_exe_time: 68640, task_app_start_time:2116367583020641, task_sched_time:2116369034299645
app_id: 0, app_name: SAR_api-aarch64, task_id: 215, task_name: DASH_ZIP, resource_name: zip1, ref_start_time: 2116369035591475, ref_stop_time: 2116369035715255, actual_exe_time: 123780, task_app_start_time:2116367583020641, task_sched_time:2116369035568615
app_id: 0, app_name: SAR_api-aarch64, task_id: 216, task_name: DASH_FFT, resource_name: cpu1, ref_start_time: 2116369036618885, ref_stop_time: 2116369036722715, actual_exe_time: 103830, task_app_start_time:2116367583020641, task_sched_time:2116369036607245
app_id: 0, app_name: SAR_api-aarch64, task_id: 217, task_name: DASH_FFT, resource_name: cpu2, ref_start_time: 2116369037249725, ref_stop_time: 2116369037339155, actual_exe_time: 89430, task_app_start_time:2116367583020641, task_sched_time:2116369037245375
app_id: 0, app_name: SAR_api-aarch64, task_id: 218, task_name: DASH_ZIP, resource_name: cpu3, ref_start_time: 2116369038103765, ref_stop_time: 2116369038183145, actual_exe_time: 79380, task_app_start_time:2116367583020641, task_sched_time:2116369038094225
app_id: 0, app_name: SAR_api-aarch64, task_id: 219, task_name: DASH_FFT, resource_name: fft1, ref_start_time: 2116369039400965, ref_stop_time: 2116369039518175, actual_exe_time: 117210, task_app_start_time:2116367583020641, task_sched_time:2116369038884485
app_id: 0, app_name: SAR_api-aarch64, task_id: 220, task_name: DASH_FFT, resource_name: fft2, ref_start_time: 2116369040146406, ref_stop_time: 2116369040213846, actual_exe_time: 67440, task_app_start_time:2116367583020641, task_sched_time:2116369040142356
app_id: 0, app_name: SAR_api-aarch64, task_id: 221, task_name: DASH_ZIP, resource_name: zip1, ref_start_time: 2116369040948336, ref_stop_time: 2116369041080426, actual_exe_time: 132090, task_app_start_time:2116367583020641, task_sched_time:2116369040942546
app_id: 0, app_name: SAR_api-aarch64, task_id: 222, task_name: DASH_FFT, resource_name: cpu1, ref_start_time: 2116369042109006, ref_stop_time: 2116369042212836, actual_exe_time: 103830, task_app_start_time:2116367583020641, task_sched_time:2116369041745436
app_id: 0, app_name: SAR_api-aarch64, task_id: 223, task_name: DASH_FFT, resource_name: cpu2, ref_start_time: 2116369042913066, ref_stop_time: 2116369043003276, actual_exe_time: 90210, task_app_start_time:2116367583020641, task_sched_time:2116369042904696
app_id: 0, app_name: SAR_api-aarch64, task_id: 224, task_name: DASH_ZIP, resource_name: cpu3, ref_start_time: 2116369043706356, ref_stop_time: 2116369043785346, actual_exe_time: 78990, task_app_start_time:2116367583020641, task_sched_time:2116369043699606
app_id: 0, app_name: SAR_api-aarch64, task_id: 225, task_name: DASH_FFT, resource_name: fft1, ref_start_time: 2116369044475736, ref_stop_time: 2116369044586856, actual_exe_time: 111120, task_app_start_time:2116367583020641, task_sched_time:2116369044467996
app_id: 0, app_name: SAR_api-aarch64, task_id: 226, task_name: DASH_FFT, resource_name: fft2, ref_start_time: 2116369050921927, ref_stop_time: 2116369051010007, actual_exe_time: 88080, task_app_start_time:2116367583020641, task_sched_time:2116369050915357
app_id: 0, app_name: SAR_api-aarch64, task_id: 227, task_name: DASH_ZIP, resource_name: zip1, ref_start_time: 2116369051664397, ref_stop_time: 2116369051787157, actual_exe_time: 122760, task_app_start_time:2116367583020641, task_sched_time:2116369051660257
app_id: 0, app_name: SAR_api-aarch64, task_id: 228, task_name: DASH_FFT, resource_name: cpu1, ref_start_time: 2116369052528188, ref_stop_time: 2116369052634388, actual_exe_time: 106200, task_app_start_time:2116367583020641, task_sched_time:2116369052523778
app_id: 0, app_name: SAR_api-aarch64, task_id: 229, task_name: DASH_FFT, resource_name: cpu2, ref_start_time: 2116369053114898, ref_stop_time: 2116369053203248, actual_exe_time: 88350, task_app_start_time:2116367583020641, task_sched_time:2116369053106168
app_id: 0, app_name: SAR_api-aarch64, task_id: 230, task_name: DASH_ZIP, resource_name: cpu3, ref_start_time: 2116369053775198, ref_stop_time: 2116369053852208, actual_exe_time: 77010, task_app_start_time:2116367583020641, task_sched_time:2116369053769948
app_id: 0, app_name: SAR_api-aarch64, task_id: 231, task_name: DASH_FFT, resource_name: fft1, ref_start_time: 2116369056575848, ref_stop_time: 2116369056688798, actual_exe_time: 112950, task_app_start_time:2116367583020641, task_sched_time:2116369056563248
app_id: 0, app_name: SAR_api-aarch64, task_id: 232, task_name: DASH_FFT, resource_name: fft2, ref_start_time: 2116369057493128, ref_stop_time: 2116369057561198, actual_exe_time: 68070, task_app_start_time:2116367583020641, task_sched_time:2116369057487068
app_id: 0, app_name: SAR_api-aarch64, task_id: 233, task_name: DASH_ZIP, resource_name: zip1, ref_start_time: 2116369057935238, ref_stop_time: 2116369058445959, actual_exe_time: 510721, task_app_start_time:2116367583020641, task_sched_time:2116369057929868
app_id: 0, app_name: SAR_api-aarch64, task_id: 234, task_name: DASH_FFT, resource_name: cpu1, ref_start_time: 2116369059294989, ref_stop_time: 2116369059415889, actual_exe_time: 120900, task_app_start_time:2116367583020641, task_sched_time:2116369059291029
app_id: 0, app_name: SAR_api-aarch64, task_id: 235, task_name: DASH_FFT, resource_name: cpu2, ref_start_time: 2116369062403559, ref_stop_time: 2116369062533639, actual_exe_time: 130080, task_app_start_time:2116367583020641, task_sched_time:2116369060232669
app_id: 0, app_name: SAR_api-aarch64, task_id: 236, task_name: DASH_ZIP, resource_name: cpu3, ref_start_time: 2116369063150019, ref_stop_time: 2116369063229729, actual_exe_time: 79710, task_app_start_time:2116367583020641, task_sched_time:2116369063144199
app_id: 0, app_name: SAR_api-aarch64, task_id: 237, task_name: DASH_FFT, resource_name: fft1, ref_start_time: 2116369066511610, ref_stop_time: 2116369066640520, actual_exe_time: 128910, task_app_start_time:2116367583020641, task_sched_time:2116369063643759
app_id: 0, app_name: SAR_api-aarch64, task_id: 238, task_name: DASH_FFT, resource_name: fft2, ref_start_time: 2116369067291340, ref_stop_time: 2116369067359950, actual_exe_time: 68610, task_app_start_time:2116367583020641, task_sched_time:2116369067283240
app_id: 0, app_name: SAR_api-aarch64, task_id: 239, task_name: DASH_ZIP, resource_name: zip1, ref_start_time: 2116369068144690, ref_stop_time: 2116369068269460, actual_exe_time: 124770, task_app_start_time:2116367583020641, task_sched_time:2116369068134490
app_id: 0, app_name: SAR_api-aarch64, task_id: 240, task_name: DASH_FFT, resource_name: cpu1, ref_start_time: 2116369068895590, ref_stop_time: 2116369068992640, actual_exe_time: 97050, task_app_start_time:2116367583020641, task_sched_time:2116369068881940
app_id: 0, app_name: SAR_api-aarch64, task_id: 241, task_name: DASH_FFT, resource_name: cpu2, ref_start_time: 2116369069407090, ref_stop_time: 2116369069494570, actual_exe_time: 87480, task_app_start_time:2116367583020641, task_sched_time:2116369069403820
app_id: 0, app_name: SAR_api-aarch64, task_id: 242, task_name: DASH_ZIP, resource_name: cpu3, ref_start_time: 2116369069944270, ref_stop_time: 2116369070021970, actual_exe_time: 77700, task_app_start_time:2116367583020641, task_sched_time:2116369069940670
app_id: 0, app_name: SAR_api-aarch64, task_id: 243, task_name: DASH_FFT, resource_name: fft1, ref_start_time: 2116369073511001, ref_stop_time: 2116369073632951, actual_exe_time: 121950, task_app_start_time:2116367583020641, task_sched_time:2116369070391630
app_id: 0, app_name: SAR_api-aarch64, task_id: 244, task_name: DASH_FFT, resource_name: fft2, ref_start_time: 2116369074551161, ref_stop_time: 2116369074622861, actual_exe_time: 71700, task_app_start_time:2116367583020641, task_sched_time:2116369074511171
app_id: 0, app_name: SAR_api-aarch64, task_id: 245, task_name: DASH_ZIP, resource_name: zip1, ref_start_time: 2116369075406641, ref_stop_time: 2116369075530901, actual_exe_time: 124260, task_app_start_time:2116367583020641, task_sched_time:2116369075402771
app_id: 0, app_name: SAR_api-aarch64, task_id: 246, task_name: DASH_FFT, resource_name: cpu1, ref_start_time: 2116369076673121, ref_stop_time: 2116369076776471, actual_exe_time: 103350, task_app_start_time:2116367583020641, task_sched_time:2116369076658601
app_id: 0, app_name: SAR_api-aarch64, task_id: 247, task_name: DASH_FFT, resource_name: cpu2, ref_start_time: 2116369078579442, ref_stop_time: 2116369078681592, actual_exe_time: 102150, task_app_start_time:2116367583020641, task_sched_time:2116369077494372
app_id: 0, app_name: SAR_api-aarch64, task_id: 248, task_name: DASH_ZIP, resource_name: cpu3, ref_start_time: 2116369079148872, ref_stop_time: 2116369079226872, actual_exe_time: 78000, task_app_start_time:2116367583020641, task_sched_time:2116369079140472
app_id: 0, app_name: SAR_api-aarch64, task_id: 249, task_name: DASH_FFT, resource_name: fft1, ref_start_time: 2116369079613422, ref_stop_time: 2116369079723582, actual_exe_time: 110160, task_app_start_time:2116367583020641, task_sched_time:2116369079605562
app_id: 0, app_name: SAR_api-aarch64, task_id: 250, task_name: DASH_FFT, resource_name: fft2, ref_start_time: 2116369080131672, ref_stop_time: 2116369080208322, actual_exe_time: 76650, task_app_start_time:2116367583020641, task_sched_time:2116369080124982
app_id: 0, app_name: SAR_api-aarch64, task_id: 251, task_name: DASH_ZIP, resource_name: zip1, ref_start_time: 2116369080654662, ref_stop_time: 2116369080777932, actual_exe_time: 123270, task_app_start_time:2116367583020641, task_sched_time:2116369080646262
app_id: 0, app_name: SAR_api-aarch64, task_id: 252, task_name: DASH_FFT, resource_name: cpu1, ref_start_time: 2116369081216442, ref_stop_time: 2116369081311302, actual_exe_time: 94860, task_app_start_time:2116367583020641, task_sched_time:2116369081204742
app_id: 0, app_name: SAR_api-aarch64, task_id: 253, task_name: DASH_FFT, resource_name: cpu2, ref_start_time: 2116369086530223, ref_stop_time: 2116369086640353, actual_exe_time: 110130, task_app_start_time:2116367583020641, task_sched_time:2116369081926392
app_id: 0, app_name: SAR_api-aarch64, task_id: 254, task_name: DASH_ZIP, resource_name: cpu3, ref_start_time: 2116369087250913, ref_stop_time: 2116369087329543, actual_exe_time: 78630, task_app_start_time:2116367583020641, task_sched_time:2116369087245483
app_id: 0, app_name: SAR_api-aarch64, task_id: 255, task_name: DASH_FFT, resource_name: fft1, ref_start_time: 2116369087994643, ref_stop_time: 2116369088106693, actual_exe_time: 112050, task_app_start_time:2116367583020641, task_sched_time:2116369087990653
app_id: 0, app_name: SAR_api-aarch64, task_id: 256, task_name: DASH_FFT, resource_name: fft2, ref_start_time: 2116369088625123, ref_stop_time: 2116369088693073, actual_exe_time: 67950, task_app_start_time:2116367583020641, task_sched_time:2116369088622333
app_id: 0, app_name: SAR_api-aarch64, task_id: 257, task_name: DASH_ZIP, resource_name: zip1, ref_start_time: 2116369089325623, ref_stop_time: 2116369089448744, actual_exe_time: 123121, task_app_start_time:2116367583020641, task_sched_time:2116369089316893
app_id: 0, app_name: SAR_api-aarch64, task_id: 258, task_name: DASH_FFT, resource_name: cpu1, ref_start_time: 2116369090152844, ref_stop_time: 2116369090245844, actual_exe_time: 93000, task_app_start_time:2116367583020641, task_sched_time:2116369090144264
app_id: 0, app_name: SAR_api-aarch64, task_id: 259, task_name: DASH_FFT, resource_name: cpu2, ref_start_time: 2116369093265134, ref_stop_time: 2116369093362844, actual_exe_time: 97710, task_app_start_time:2116367583020641, task_sched_time:2116369090816084
app_id: 0, app_name: SAR_api-aarch64, task_id: 260, task_name: DASH_ZIP, resource_name: cpu3, ref_start_time: 2116369099010255, ref_stop_time: 2116369099096715, actual_exe_time: 86460, task_app_start_time:2116367583020641, task_sched_time:2116369099000025
app_id: 0, app_name: SAR_api-aarch64, task_id: 261, task_name: DASH_FFT, resource_name: fft1, ref_start_time: 2116369099850375, ref_stop_time: 2116369099969475, actual_exe_time: 119100, task_app_start_time:2116367583020641, task_sched_time:2116369099839875
app_id: 0, app_name: SAR_api-aarch64, task_id: 262, task_name: DASH_FFT, resource_name: fft2, ref_start_time: 2116369106573226, ref_stop_time: 2116369106660616, actual_exe_time: 87390, task_app_start_time:2116367583020641, task_sched_time:2116369106566356
app_id: 0, app_name: SAR_api-aarch64, task_id: 263, task_name: DASH_ZIP, resource_name: zip1, ref_start_time: 2116369107697506, ref_stop_time: 2116369107820476, actual_exe_time: 122970, task_app_start_time:2116367583020641, task_sched_time:2116369107687456
app_id: 0, app_name: SAR_api-aarch64, task_id: 264, task_name: DASH_FFT, resource_name: cpu1, ref_start_time: 2116369108711957, ref_stop_time: 2116369108813357, actual_exe_time: 101400, task_app_start_time:2116367583020641, task_sched_time:2116369108700977
app_id: 0, app_name: SAR_api-aarch64, task_id: 265, task_name: DASH_FFT, resource_name: cpu2, ref_start_time: 2116369109450047, ref_stop_time: 2116369109540557, actual_exe_time: 90510, task_app_start_time:2116367583020641, task_sched_time:2116369109446057
app_id: 0, app_name: SAR_api-aarch64, task_id: 266, task_name: DASH_ZIP, resource_name: cpu3, ref_start_time: 2116369110282187, ref_stop_time: 2116369110358987, actual_exe_time: 76800, task_app_start_time:2116367583020641, task_sched_time:2116369110279217
app_id: 0, app_name: SAR_api-aarch64, task_id: 267, task_name: DASH_FFT, resource_name: fft1, ref_start_time: 2116369110881797, ref_stop_time: 2116369110987847, actual_exe_time: 106050, task_app_start_time:2116367583020641, task_sched_time:2116369110875647
app_id: 0, app_name: SAR_api-aarch64, task_id: 268, task_name: DASH_FFT, resource_name: fft2, ref_start_time: 2116369113284047, ref_stop_time: 2116369113351217, actual_exe_time: 67170, task_app_start_time:2116367583020641, task_sched_time:2116369113274477
app_id: 0, app_name: SAR_api-aarch64, task_id: 269, task_name: DASH_ZIP, resource_name: zip1, ref_start_time: 2116369113941977, ref_stop_time: 2116369114063357, actual_exe_time: 121380, task_app_start_time:2116367583020641, task_sched_time:2116369113932977
app_id: 0, app_name: SAR_api-aarch64, task_id: 270, task_name: DASH_FFT, resource_name: cpu1, ref_start_time: 2116369115297078, ref_stop_time: 2116369115392508, actual_exe_time: 95430, task_app_start_time:2116367583020641, task_sched_time:2116369115291768
app_id: 0, app_name: SAR_api-aarch64, task_id: 271, task_name: DASH_FFT, resource_name: cpu2, ref_start_time: 2116369118845688, ref_stop_time: 2116369118948678, actual_exe_time: 102990, task_app_start_time:2116367583020641, task_sched_time:2116369118834948
app_id: 0, app_name: SAR_api-aarch64, task_id: 272, task_name: DASH_ZIP, resource_name: cpu3, ref_start_time: 2116369119771788, ref_stop_time: 2116369119851168, actual_exe_time: 79380, task_app_start_time:2116367583020641, task_sched_time:2116369119765608
app_id: 0, app_name: SAR_api-aarch64, task_id: 273, task_name: DASH_FFT, resource_name: fft1, ref_start_time: 2116369120319078, ref_stop_time: 2116369120427858, actual_exe_time: 108780, task_app_start_time:2116367583020641, task_sched_time:2116369120305608
app_id: 0, app_name: SAR_api-aarch64, task_id: 274, task_name: DASH_FFT, resource_name: fft2, ref_start_time: 2116369121769369, ref_stop_time: 2116369121837349, actual_exe_time: 67980, task_app_start_time:2116367583020641, task_sched_time:2116369121763609
app_id: 0, app_name: SAR_api-aarch64, task_id: 275, task_name: DASH_ZIP, resource_name: zip1, ref_start_time: 2116369122531639, ref_stop_time: 2116369122653649, actual_exe_time: 122010, task_app_start_time:2116367583020641, task_sched_time:2116369122528219
app_id: 0, app_name: SAR_api-aarch64, task_id: 276, task_name: DASH_FFT, resource_name: cpu1, ref_start_time: 2116369123600149, ref_stop_time: 2116369123698969, actual_exe_time: 98820, task_app_start_time:2116367583020641, task_sched_time:2116369123596579
app_id: 0, app_name: SAR_api-aarch64, task_id: 277, task_name: DASH_FFT, resource_name: cpu2, ref_start_time: 2116369124378559, ref_stop_time: 2116369124468949, actual_exe_time: 90390, task_app_start_time:2116367583020641, task_sched_time:2116369124375679
app_id: 0, app_name: SAR_api-aarch64, task_id: 278, task_name: DASH_ZIP, resource_name: cpu3, ref_start_time: 2116369126966300, ref_stop_time: 2116369127047000, actual_exe_time: 80700, task_app_start_time:2116367583020641, task_sched_time:2116369126960510
app_id: 0, app_name: SAR_api-aarch64, task_id: 279, task_name: DASH_FFT, resource_name: fft1, ref_start_time: 2116369127536510, ref_stop_time: 2116369127647450, actual_exe_time: 110940, task_app_start_time:2116367583020641, task_sched_time:2116369127522800
app_id: 0, app_name: SAR_api-aarch64, task_id: 280, task_name: DASH_FFT, resource_name: fft2, ref_start_time: 2116369128177430, ref_stop_time: 2116369128243850, actual_exe_time: 66420, task_app_start_time:2116367583020641, task_sched_time:2116369128174520
app_id: 0, app_name: SAR_api-aarch64, task_id: 281, task_name: DASH_ZIP, resource_name: zip1, ref_start_time: 2116369134805271, ref_stop_time: 2116369134932411, actual_exe_time: 127140, task_app_start_time:2116367583020641, task_sched_time:2116369134797771
app_id: 0, app_name: SAR_api-aarch64, task_id: 282, task_name: DASH_FFT, resource_name: cpu1, ref_start_time: 2116369135654181, ref_stop_time: 2116369135752971, actual_exe_time: 98790, task_app_start_time:2116367583020641, task_sched_time:2116369135640381
app_id: 0, app_name: SAR_api-aarch64, task_id: 283, task_name: DASH_FFT, resource_name: cpu2, ref_start_time: 2116369136170631, ref_stop_time: 2116369136259521, actual_exe_time: 88890, task_app_start_time:2116367583020641, task_sched_time:2116369136163281
app_id: 0, app_name: SAR_api-aarch64, task_id: 284, task_name: DASH_ZIP, resource_name: cpu3, ref_start_time: 2116369136835911, ref_stop_time: 2116369136913191, actual_exe_time: 77280, task_app_start_time:2116367583020641, task_sched_time:2116369136828591
app_id: 0, app_name: SAR_api-aarch64, task_id: 285, task_name: DASH_FFT, resource_name: fft1, ref_start_time: 2116369137287321, ref_stop_time: 2116369137408341, actual_exe_time: 121020, task_app_start_time:2116367583020641, task_sched_time:2116369137283151
app_id: 0, app_name: SAR_api-aarch64, task_id: 286, task_name: DASH_FFT, resource_name: fft2, ref_start_time: 2116369142529402, ref_stop_time: 2116369142614542, actual_exe_time: 85140, task_app_start_time:2116367583020641, task_sched_time:2116369137757601
app_id: 0, app_name: SAR_api-aarch64, task_id: 287, task_name: DASH_ZIP, resource_name: zip1, ref_start_time: 2116369143260142, ref_stop_time: 2116369143382932, actual_exe_time: 122790, task_app_start_time:2116367583020641, task_sched_time:2116369143253692
app_id: 0, app_name: SAR_api-aarch64, task_id: 288, task_name: DASH_FFT, resource_name: cpu1, ref_start_time: 2116369143824352, ref_stop_time: 2116369143923202, actual_exe_time: 98850, task_app_start_time:2116367583020641, task_sched_time:2116369143819702
app_id: 0, app_name: SAR_api-aarch64, task_id: 289, task_name: DASH_FFT, resource_name: cpu2, ref_start_time: 2116369144356732, ref_stop_time: 2116369144446462, actual_exe_time: 89730, task_app_start_time:2116367583020641, task_sched_time:2116369144351542
app_id: 0, app_name: SAR_api-aarch64, task_id: 290, task_name: DASH_ZIP, resource_name: cpu3, ref_start_time: 2116369144896492, ref_stop_time: 2116369144973862, actual_exe_time: 77370, task_app_start_time:2116367583020641, task_sched_time:2116369144887912
app_id: 0, app_name: SAR_api-aarch64, task_id: 291, task_name: DASH_FFT, resource_name: fft1, ref_start_time: 2116369145293422, ref_stop_time: 2116369145399173, actual_exe_time: 105751, task_app_start_time:2116367583020641, task_sched_time:2116369145290482
app_id: 0, app_name: SAR_api-aarch64, task_id: 292, task_name: DASH_FFT, resource_name: fft2, ref_start_time: 2116369145743243, ref_stop_time: 2116369145811163, actual_exe_time: 67920, task_app_start_time:2116367583020641, task_sched_time:2116369145735953
app_id: 0, app_name: SAR_api-aarch64, task_id: 293, task_name: DASH_ZIP, resource_name: zip1, ref_start_time: 2116369146461833, ref_stop_time: 2116369146595543, actual_exe_time: 133710, task_app_start_time:2116367583020641, task_sched_time:2116369146455773
app_id: 0, app_name: SAR_api-aarch64, task_id: 294, task_name: DASH_FFT, resource_name: cpu1, ref_start_time: 2116369147315063, ref_stop_time: 2116369147408513, actual_exe_time: 93450, task_app_start_time:2116367583020641, task_sched_time:2116369147309363
app_id: 0, app_name: SAR_api-aarch64, task_id: 295, task_name: DASH_FFT, resource_name: cpu2, ref_start_time: 2116369150527073, ref_stop_time: 2116369150628773, actual_exe_time: 101700, task_app_start_time:2116367583020641, task_sched_time:2116369148027383
app_id: 0, app_name: SAR_api-aarch64, task_id: 296, task_name: DASH_ZIP, resource_name: cpu3, ref_start_time: 2116369151266393, ref_stop_time: 2116369151345563, actual_exe_time: 79170, task_app_start_time:2116367583020641, task_sched_time:2116369151257573
app_id: 0, app_name: SAR_api-aarch64, task_id: 297, task_name: DASH_FFT, resource_name: fft1, ref_start_time: 2116369152238154, ref_stop_time: 2116369152347954, actual_exe_time: 109800, task_app_start_time:2116367583020641, task_sched_time:2116369152228044
app_id: 0, app_name: SAR_api-aarch64, task_id: 298, task_name: DASH_FFT, resource_name: fft2, ref_start_time: 2116369152970994, ref_stop_time: 2116369153038254, actual_exe_time: 67260, task_app_start_time:2116367583020641, task_sched_time:2116369152966944
app_id: 0, app_name: SAR_api-aarch64, task_id: 299, task_name: DASH_ZIP, resource_name: zip1, ref_start_time: 2116369153821554, ref_stop_time: 2116369153943924, actual_exe_time: 122370, task_app_start_time:2116367583020641, task_sched_time:2116369153815074
app_id: 0, app_name: SAR_api-aarch64, task_id: 300, task_name: DASH_FFT, resource_name: cpu1, ref_start_time: 2116369154899604, ref_stop_time: 2116369154996564, actual_exe_time: 96960, task_app_start_time:2116367583020641, task_sched_time:2116369154889224
app_id: 0, app_name: SAR_api-aarch64, task_id: 301, task_name: DASH_FFT, resource_name: cpu2, ref_start_time: 2116369156187624, ref_stop_time: 2116369156287884, actual_exe_time: 100260, task_app_start_time:2116367583020641, task_sched_time:2116369156179134
app_id: 0, app_name: SAR_api-aarch64, task_id: 302, task_name: DASH_ZIP, resource_name: cpu3, ref_start_time: 2116369156945094, ref_stop_time: 2116369157022884, actual_exe_time: 77790, task_app_start_time:2116367583020641, task_sched_time:2116369156936964
app_id: 0, app_name: SAR_api-aarch64, task_id: 303, task_name: DASH_FFT, resource_name: fft1, ref_start_time: 2116369157530154, ref_stop_time: 2116369157641244, actual_exe_time: 111090, task_app_start_time:2116367583020641, task_sched_time:2116369157517494
app_id: 0, app_name: SAR_api-aarch64, task_id: 304, task_name: DASH_FFT, resource_name: fft2, ref_start_time: 2116369157988105, ref_stop_time: 2116369158054735, actual_exe_time: 66630, task_app_start_time:2116367583020641, task_sched_time:2116369157985555
app_id: 0, app_name: SAR_api-aarch64, task_id: 305, task_name: DASH_ZIP, resource_name: zip1, ref_start_time: 2116369158730335, ref_stop_time: 2116369158851445, actual_exe_time: 121110, task_app_start_time:2116367583020641, task_sched_time:2116369158724485
app_id: 0, app_name: SAR_api-aarch64, task_id: 306, task_name: DASH_FFT, resource_name: cpu1, ref_start_time: 2116369159785225, ref_stop_time: 2116369159881135, actual_exe_time: 95910, task_app_start_time:2116367583020641, task_sched_time:2116369159671285
app_id: 0, app_name: SAR_api-aarch64, task_id: 307, task_name: DASH_FFT, resource_name: cpu2, ref_start_time: 2116369163379615, ref_stop_time: 2116369163483145, actual_exe_time: 103530, task_app_start_time:2116367583020641, task_sched_time:2116369163372385
app_id: 0, app_name: SAR_api-aarch64, task_id: 308, task_name: DASH_ZIP, resource_name: cpu3, ref_start_time: 2116369164911206, ref_stop_time: 2116369164990526, actual_exe_time: 79320, task_app_start_time:2116367583020641, task_sched_time:2116369164903766
app_id: 0, app_name: SAR_api-aarch64, task_id: 309, task_name: DASH_FFT, resource_name: fft1, ref_start_time: 2116369170535067, ref_stop_time: 2116369170666707, actual_exe_time: 131640, task_app_start_time:2116367583020641, task_sched_time:2116369165654036
app_id: 0, app_name: SAR_api-aarch64, task_id: 310, task_name: DASH_FFT, resource_name: fft2, ref_start_time: 2116369171473167, ref_stop_time: 2116369171544657, actual_exe_time: 71490, task_app_start_time:2116367583020641, task_sched_time:2116369171469657
app_id: 0, app_name: SAR_api-aarch64, task_id: 311, task_name: DASH_ZIP, resource_name: zip1, ref_start_time: 2116369172328887, ref_stop_time: 2116369172452577, actual_exe_time: 123690, task_app_start_time:2116367583020641, task_sched_time:2116369172321177
app_id: 0, app_name: SAR_api-aarch64, task_id: 312, task_name: DASH_FFT, resource_name: cpu1, ref_start_time: 2116369173310007, ref_stop_time: 2116369173407567, actual_exe_time: 97560, task_app_start_time:2116367583020641, task_sched_time:2116369173305507
app_id: 0, app_name: SAR_api-aarch64, task_id: 313, task_name: DASH_FFT, resource_name: cpu2, ref_start_time: 2116369174040687, ref_stop_time: 2116369174130537, actual_exe_time: 89850, task_app_start_time:2116367583020641, task_sched_time:2116369174036607
app_id: 0, app_name: SAR_api-aarch64, task_id: 314, task_name: DASH_ZIP, resource_name: cpu3, ref_start_time: 2116369174915667, ref_stop_time: 2116369174992827, actual_exe_time: 77160, task_app_start_time:2116367583020641, task_sched_time:2116369174912277
app_id: 0, app_name: SAR_api-aarch64, task_id: 315, task_name: DASH_FFT, resource_name: fft1, ref_start_time: 2116369177961898, ref_stop_time: 2116369178074908, actual_exe_time: 113010, task_app_start_time:2116367583020641, task_sched_time:2116369175770727
app_id: 0, app_name: SAR_api-aarch64, task_id: 316, task_name: DASH_FFT, resource_name: fft2, ref_start_time: 2116369179176478, ref_stop_time: 2116369179247098, actual_exe_time: 70620, task_app_start_time:2116367583020641, task_sched_time:2116369179170688
app_id: 0, app_name: SAR_api-aarch64, task_id: 317, task_name: DASH_ZIP, resource_name: zip1, ref_start_time: 2116369180103508, ref_stop_time: 2116369180232868, actual_exe_time: 129360, task_app_start_time:2116367583020641, task_sched_time:2116369180092348
app_id: 0, app_name: SAR_api-aarch64, task_id: 318, task_name: DASH_FFT, resource_name: cpu1, ref_start_time: 2116369181177778, ref_stop_time: 2116369181280648, actual_exe_time: 102870, task_app_start_time:2116367583020641, task_sched_time:2116369181165148
app_id: 0, app_name: SAR_api-aarch64, task_id: 319, task_name: DASH_FFT, resource_name: cpu2, ref_start_time: 2116369182602328, ref_stop_time: 2116369182703639, actual_exe_time: 101311, task_app_start_time:2116367583020641, task_sched_time:2116369182000588
app_id: 0, app_name: SAR_api-aarch64, task_id: 320, task_name: DASH_ZIP, resource_name: cpu3, ref_start_time: 2116369183415269, ref_stop_time: 2116369183493419, actual_exe_time: 78150, task_app_start_time:2116367583020641, task_sched_time:2116369183406419
app_id: 0, app_name: SAR_api-aarch64, task_id: 321, task_name: DASH_FFT, resource_name: fft1, ref_start_time: 2116369184084269, ref_stop_time: 2116369184197399, actual_exe_time: 113130, task_app_start_time:2116367583020641, task_sched_time:2116369184075659
app_id: 0, app_name: SAR_api-aarch64, task_id: 322, task_name: DASH_FFT, resource_name: fft2, ref_start_time: 2116369186514839, ref_stop_time: 2116369186597969, actual_exe_time: 83130, task_app_start_time:2116367583020641, task_sched_time:2116369184796289
app_id: 0, app_name: SAR_api-aarch64, task_id: 323, task_name: DASH_ZIP, resource_name: zip1, ref_start_time: 2116369187196709, ref_stop_time: 2116369187319019, actual_exe_time: 122310, task_app_start_time:2116367583020641, task_sched_time:2116369187188609
app_id: 0, app_name: SAR_api-aarch64, task_id: 324, task_name: DASH_FFT, resource_name: cpu1, ref_start_time: 2116369188086059, ref_stop_time: 2116369188184999, actual_exe_time: 98940, task_app_start_time:2116367583020641, task_sched_time:2116369188080089
app_id: 0, app_name: SAR_api-aarch64, task_id: 325, task_name: DASH_FFT, resource_name: cpu2, ref_start_time: 2116369190514590, ref_stop_time: 2116369190618030, actual_exe_time: 103440, task_app_start_time:2116367583020641, task_sched_time:2116369188682819
app_id: 0, app_name: SAR_api-aarch64, task_id: 326, task_name: DASH_ZIP, resource_name: cpu3, ref_start_time: 2116369191251090, ref_stop_time: 2116369191329540, actual_exe_time: 78450, task_app_start_time:2116367583020641, task_sched_time:2116369191247910
app_id: 0, app_name: SAR_api-aarch64, task_id: 327, task_name: DASH_FFT, resource_name: fft1, ref_start_time: 2116369191751940, ref_stop_time: 2116369191864290, actual_exe_time: 112350, task_app_start_time:2116367583020641, task_sched_time:2116369191747290
app_id: 0, app_name: SAR_api-aarch64, task_id: 328, task_name: DASH_FFT, resource_name: fft2, ref_start_time: 2116369194513200, ref_stop_time: 2116369194590720, actual_exe_time: 77520, task_app_start_time:2116367583020641, task_sched_time:2116369192237970
app_id: 0, app_name: SAR_api-aarch64, task_id: 329, task_name: DASH_ZIP, resource_name: zip1, ref_start_time: 2116369195085031, ref_stop_time: 2116369195207581, actual_exe_time: 122550, task_app_start_time:2116367583020641, task_sched_time:2116369195076691
app_id: 0, app_name: SAR_api-aarch64, task_id: 330, task_name: DASH_FFT, resource_name: cpu1, ref_start_time: 2116369195641081, ref_stop_time: 2116369195737951, actual_exe_time: 96870, task_app_start_time:2116367583020641, task_sched_time:2116369195634781
app_id: 0, app_name: SAR_api-aarch64, task_id: 331, task_name: DASH_FFT, resource_name: cpu2, ref_start_time: 2116369196593881, ref_stop_time: 2116369196686191, actual_exe_time: 92310, task_app_start_time:2116367583020641, task_sched_time:2116369196152251
app_id: 0, app_name: SAR_api-aarch64, task_id: 332, task_name: DASH_ZIP, resource_name: cpu3, ref_start_time: 2116369197201951, ref_stop_time: 2116369197279321, actual_exe_time: 77370, task_app_start_time:2116367583020641, task_sched_time:2116369197195921
app_id: 0, app_name: SAR_api-aarch64, task_id: 333, task_name: DASH_FFT, resource_name: fft1, ref_start_time: 2116369197610851, ref_stop_time: 2116369197719511, actual_exe_time: 108660, task_app_start_time:2116367583020641, task_sched_time:2116369197607311
app_id: 0, app_name: SAR_api-aarch64, task_id: 334, task_name: DASH_FFT, resource_name: fft2, ref_start_time: 2116369198132041, ref_stop_time: 2116369198202811, actual_exe_time: 70770, task_app_start_time:2116367583020641, task_sched_time:2116369198125561
app_id: 0, app_name: SAR_api-aarch64, task_id: 335, task_name: DASH_ZIP, resource_name: zip1, ref_start_time: 2116369198714401, ref_stop_time: 2116369198835301, actual_exe_time: 120900, task_app_start_time:2116367583020641, task_sched_time:2116369198709541
app_id: 0, app_name: SAR_api-aarch64, task_id: 336, task_name: DASH_FFT, resource_name: cpu1, ref_start_time: 2116369199411661, ref_stop_time: 2116369199503911, actual_exe_time: 92250, task_app_start_time:2116367583020641, task_sched_time:2116369199408181
app_id: 0, app_name: SAR_api-aarch64, task_id: 337, task_name: DASH_FFT, resource_name: cpu2, ref_start_time: 2116369199938851, ref_stop_time: 2116369200026151, actual_exe_time: 87300, task_app_start_time:2116367583020641, task_sched_time:2116369199934591
app_id: 0, app_name: SAR_api-aarch64, task_id: 338, task_name: DASH_ZIP, resource_name: cpu3, ref_start_time: 2116369200490941, ref_stop_time: 2116369200567471, actual_exe_time: 76530, task_app_start_time:2116367583020641, task_sched_time:2116369200487731
app_id: 0, app_name: SAR_api-aarch64, task_id: 339, task_name: DASH_FFT, resource_name: fft1, ref_start_time: 2116369201304932, ref_stop_time: 2116369201409722, actual_exe_time: 104790, task_app_start_time:2116367583020641, task_sched_time:2116369201299412
app_id: 0, app_name: SAR_api-aarch64, task_id: 340, task_name: DASH_FFT, resource_name: fft2, ref_start_time: 2116369201919662, ref_stop_time: 2116369201984612, actual_exe_time: 64950, task_app_start_time:2116367583020641, task_sched_time:2116369201916212
app_id: 0, app_name: SAR_api-aarch64, task_id: 341, task_name: DASH_ZIP, resource_name: zip1, ref_start_time: 2116369202675122, ref_stop_time: 2116369202796112, actual_exe_time: 120990, task_app_start_time:2116367583020641, task_sched_time:2116369202664802
app_id: 0, app_name: SAR_api-aarch64, task_id: 342, task_name: DASH_FFT, resource_name: cpu1, ref_start_time: 2116369206830512, ref_stop_time: 2116369206943222, actual_exe_time: 112710, task_app_start_time:2116367583020641, task_sched_time:2116369206819592
app_id: 0, app_name: SAR_api-aarch64, task_id: 343, task_name: DASH_FFT, resource_name: cpu2, ref_start_time: 2116369207515053, ref_stop_time: 2116369207606073, actual_exe_time: 91020, task_app_start_time:2116367583020641, task_sched_time:2116369207506293
app_id: 0, app_name: SAR_api-aarch64, task_id: 344, task_name: DASH_ZIP, resource_name: cpu3, ref_start_time: 2116369211240633, ref_stop_time: 2116369211322803, actual_exe_time: 82170, task_app_start_time:2116367583020641, task_sched_time:2116369211230433
app_id: 0, app_name: SAR_api-aarch64, task_id: 345, task_name: DASH_FFT, resource_name: fft1, ref_start_time: 2116369212010823, ref_stop_time: 2116369212126653, actual_exe_time: 115830, task_app_start_time:2116367583020641, task_sched_time:2116369211999063
app_id: 0, app_name: SAR_api-aarch64, task_id: 346, task_name: DASH_FFT, resource_name: fft2, ref_start_time: 2116369212819383, ref_stop_time: 2116369212893033, actual_exe_time: 73650, task_app_start_time:2116367583020641, task_sched_time:2116369212810503
app_id: 0, app_name: SAR_api-aarch64, task_id: 347, task_name: DASH_ZIP, resource_name: zip1, ref_start_time: 2116369222355305, ref_stop_time: 2116369222524985, actual_exe_time: 169680, task_app_start_time:2116367583020641, task_sched_time:2116369222342615
app_id: 0, app_name: SAR_api-aarch64, task_id: 348, task_name: DASH_FFT, resource_name: cpu1, ref_start_time: 2116369223533675, ref_stop_time: 2116369223639545, actual_exe_time: 105870, task_app_start_time:2116367583020641, task_sched_time:2116369223519575
app_id: 0, app_name: SAR_api-aarch64, task_id: 349, task_name: DASH_FFT, resource_name: cpu2, ref_start_time: 2116369226514596, ref_stop_time: 2116369226619926, actual_exe_time: 105330, task_app_start_time:2116367583020641, task_sched_time:2116369224624055
app_id: 0, app_name: SAR_api-aarch64, task_id: 350, task_name: DASH_ZIP, resource_name: cpu3, ref_start_time: 2116369227109046, ref_stop_time: 2116369227187376, actual_exe_time: 78330, task_app_start_time:2116367583020641, task_sched_time:2116369227102746
app_id: 0, app_name: SAR_api-aarch64, task_id: 351, task_name: DASH_FFT, resource_name: fft1, ref_start_time: 2116369227784466, ref_stop_time: 2116369227894956, actual_exe_time: 110490, task_app_start_time:2116367583020641, task_sched_time:2116369227779696
app_id: 0, app_name: SAR_api-aarch64, task_id: 352, task_name: DASH_FFT, resource_name: fft2, ref_start_time: 2116369228363646, ref_stop_time: 2116369228431116, actual_exe_time: 67470, task_app_start_time:2116367583020641, task_sched_time:2116369228356176
app_id: 0, app_name: SAR_api-aarch64, task_id: 353, task_name: DASH_ZIP, resource_name: zip1, ref_start_time: 2116369229062136, ref_stop_time: 2116369229185676, actual_exe_time: 123540, task_app_start_time:2116367583020641, task_sched_time:2116369229055836
app_id: 0, app_name: SAR_api-aarch64, task_id: 354, task_name: DASH_FFT, resource_name: cpu1, ref_start_time: 2116369229851856, ref_stop_time: 2116369229945606, actual_exe_time: 93750, task_app_start_time:2116367583020641, task_sched_time:2116369229843846
app_id: 0, app_name: SAR_api-aarch64, task_id: 355, task_name: DASH_FFT, resource_name: cpu2, ref_start_time: 2116369233245847, ref_stop_time: 2116369233344007, actual_exe_time: 98160, task_app_start_time:2116367583020641, task_sched_time:2116369230603356
app_id: 0, app_name: SAR_api-aarch64, task_id: 356, task_name: DASH_ZIP, resource_name: cpu3, ref_start_time: 2116369234020717, ref_stop_time: 2116369234100577, actual_exe_time: 79860, task_app_start_time:2116367583020641, task_sched_time:2116369234016157
app_id: 0, app_name: SAR_api-aarch64, task_id: 357, task_name: DASH_FFT, resource_name: fft1, ref_start_time: 2116369235449287, ref_stop_time: 2116369235572287, actual_exe_time: 123000, task_app_start_time:2116367583020641, task_sched_time:2116369235439237
app_id: 0, app_name: SAR_api-aarch64, task_id: 358, task_name: DASH_FFT, resource_name: fft2, ref_start_time: 2116369235950917, ref_stop_time: 2116369236021867, actual_exe_time: 70950, task_app_start_time:2116367583020641, task_sched_time:2116369235947887
app_id: 0, app_name: SAR_api-aarch64, task_id: 359, task_name: DASH_ZIP, resource_name: zip1, ref_start_time: 2116369236472137, ref_stop_time: 2116369236594387, actual_exe_time: 122250, task_app_start_time:2116367583020641, task_sched_time:2116369236465627
app_id: 0, app_name: SAR_api-aarch64, task_id: 360, task_name: DASH_FFT, resource_name: cpu1, ref_start_time: 2116369237030737, ref_stop_time: 2116369237123377, actual_exe_time: 92640, task_app_start_time:2116367583020641, task_sched_time:2116369237020417
app_id: 0, app_name: SAR_api-aarch64, task_id: 361, task_name: DASH_FFT, resource_name: cpu2, ref_start_time: 2116369237521087, ref_stop_time: 2116369237607967, actual_exe_time: 86880, task_app_start_time:2116367583020641, task_sched_time:2116369237512897
app_id: 0, app_name: SAR_api-aarch64, task_id: 362, task_name: DASH_ZIP, resource_name: cpu3, ref_start_time: 2116369238010507, ref_stop_time: 2116369238086557, actual_exe_time: 76050, task_app_start_time:2116367583020641, task_sched_time:2116369238003907
app_id: 0, app_name: SAR_api-aarch64, task_id: 363, task_name: DASH_FFT, resource_name: fft1, ref_start_time: 2116369238412357, ref_stop_time: 2116369238531517, actual_exe_time: 119160, task_app_start_time:2116367583020641, task_sched_time:2116369238408367
app_id: 0, app_name: SAR_api-aarch64, task_id: 364, task_name: DASH_FFT, resource_name: fft2, ref_start_time: 2116369239118048, ref_stop_time: 2116369239185428, actual_exe_time: 67380, task_app_start_time:2116367583020641, task_sched_time:2116369239111478
app_id: 0, app_name: SAR_api-aarch64, task_id: 365, task_name: DASH_ZIP, resource_name: zip1, ref_start_time: 2116369239706528, ref_stop_time: 2116369239826048, actual_exe_time: 119520, task_app_start_time:2116367583020641, task_sched_time:2116369239702748
app_id: 0, app_name: SAR_api-aarch64, task_id: 366, task_name: DASH_FFT, resource_name: cpu1, ref_start_time: 2116369243183318, ref_stop_time: 2116369243286728, actual_exe_time: 103410, task_app_start_time:2116367583020641, task_sched_time:2116369243177468
app_id: 0, app_name: SAR_api-aarch64, task_id: 367, task_name: DASH_FFT, resource_name: cpu2, ref_start_time: 2116369243854988, ref_stop_time: 2116369243948018, actual_exe_time: 93030, task_app_start_time:2116367583020641, task_sched_time:2116369243845208
app_id: 0, app_name: SAR_api-aarch64, task_id: 368, task_name: DASH_ZIP, resource_name: cpu3, ref_start_time: 2116369244409028, ref_stop_time: 2116369244488348, actual_exe_time: 79320, task_app_start_time:2116367583020641, task_sched_time:2116369244399698
app_id: 0, app_name: SAR_api-aarch64, task_id: 369, task_name: DASH_FFT, resource_name: fft1, ref_start_time: 2116369245005219, ref_stop_time: 2116369245116669, actual_exe_time: 111450, task_app_start_time:2116367583020641, task_sched_time:2116369244997089
app_id: 0, app_name: SAR_api-aarch64, task_id: 370, task_name: DASH_FFT, resource_name: fft2, ref_start_time: 2116369250606789, ref_stop_time: 2116369250686319, actual_exe_time: 79530, task_app_start_time:2116367583020641, task_sched_time:2116369250600819
app_id: 0, app_name: SAR_api-aarch64, task_id: 371, task_name: DASH_ZIP, resource_name: zip1, ref_start_time: 2116369251592860, ref_stop_time: 2116369251715470, actual_exe_time: 122610, task_app_start_time:2116367583020641, task_sched_time:2116369251588300
app_id: 0, app_name: SAR_api-aarch64, task_id: 372, task_name: DASH_FFT, resource_name: cpu1, ref_start_time: 2116369252505580, ref_stop_time: 2116369252604640, actual_exe_time: 99060, task_app_start_time:2116367583020641, task_sched_time:2116369252494030
app_id: 0, app_name: SAR_api-aarch64, task_id: 373, task_name: DASH_FFT, resource_name: cpu2, ref_start_time: 2116369257673921, ref_stop_time: 2116369257772141, actual_exe_time: 98220, task_app_start_time:2116367583020641, task_sched_time:2116369257666061
app_id: 0, app_name: SAR_api-aarch64, task_id: 374, task_name: DASH_ZIP, resource_name: cpu3, ref_start_time: 2116369258515241, ref_stop_time: 2116369258593691, actual_exe_time: 78450, task_app_start_time:2116367583020641, task_sched_time:2116369258510951
app_id: 0, app_name: SAR_api-aarch64, task_id: 375, task_name: DASH_FFT, resource_name: fft1, ref_start_time: 2116369259196271, ref_stop_time: 2116369259306971, actual_exe_time: 110700, task_app_start_time:2116367583020641, task_sched_time:2116369259186101
app_id: 0, app_name: SAR_api-aarch64, task_id: 376, task_name: DASH_FFT, resource_name: fft2, ref_start_time: 2116369259901481, ref_stop_time: 2116369259968651, actual_exe_time: 67170, task_app_start_time:2116367583020641, task_sched_time:2116369259895331
app_id: 0, app_name: SAR_api-aarch64, task_id: 377, task_name: DASH_ZIP, resource_name: zip1, ref_start_time: 2116369261174771, ref_stop_time: 2116369261303021, actual_exe_time: 128250, task_app_start_time:2116367583020641, task_sched_time:2116369261170271
app_id: 0, app_name: SAR_api-aarch64, task_id: 378, task_name: DASH_FFT, resource_name: cpu1, ref_start_time: 2116369261969741, ref_stop_time: 2116369262065831, actual_exe_time: 96090, task_app_start_time:2116367583020641, task_sched_time:2116369261960321
app_id: 0, app_name: SAR_api-aarch64, task_id: 379, task_name: DASH_FFT, resource_name: cpu2, ref_start_time: 2116369266980132, ref_stop_time: 2116369267080662, actual_exe_time: 100530, task_app_start_time:2116367583020641, task_sched_time:2116369266968672
app_id: 0, app_name: SAR_api-aarch64, task_id: 380, task_name: DASH_ZIP, resource_name: cpu3, ref_start_time: 2116369270911303, ref_stop_time: 2116369270992663, actual_exe_time: 81360, task_app_start_time:2116367583020641, task_sched_time:2116369270779963
app_id: 0, app_name: SAR_api-aarch64, task_id: 381, task_name: DASH_FFT, resource_name: fft1, ref_start_time: 2116369271762793, ref_stop_time: 2116369271872473, actual_exe_time: 109680, task_app_start_time:2116367583020641, task_sched_time:2116369271704503
app_id: 0, app_name: SAR_api-aarch64, task_id: 382, task_name: DASH_FFT, resource_name: fft2, ref_start_time: 2116369272502473, ref_stop_time: 2116369272567693, actual_exe_time: 65220, task_app_start_time:2116367583020641, task_sched_time:2116369272414873
app_id: 0, app_name: SAR_api-aarch64, task_id: 383, task_name: DASH_ZIP, resource_name: zip1, ref_start_time: 2116369274852763, ref_stop_time: 2116369274978073, actual_exe_time: 125310, task_app_start_time:2116367583020641, task_sched_time:2116369274799513
app_id: 0, app_name: SAR_api-aarch64, task_id: 384, task_name: DASH_FFT, resource_name: cpu1, ref_start_time: 2116369275495723, ref_stop_time: 2116369275592683, actual_exe_time: 96960, task_app_start_time:2116367583020641, task_sched_time:2116369275491193
app_id: 0, app_name: SAR_api-aarch64, task_id: 385, task_name: DASH_FFT, resource_name: cpu2, ref_start_time: 2116369278402274, ref_stop_time: 2116369278508444, actual_exe_time: 106170, task_app_start_time:2116367583020641, task_sched_time:2116369278398554
app_id: 0, app_name: SAR_api-aarch64, task_id: 386, task_name: DASH_ZIP, resource_name: cpu3, ref_start_time: 2116369279243504, ref_stop_time: 2116369279321954, actual_exe_time: 78450, task_app_start_time:2116367583020641, task_sched_time:2116369279236904
app_id: 0, app_name: SAR_api-aarch64, task_id: 387, task_name: DASH_FFT, resource_name: fft1, ref_start_time: 2116369280492704, ref_stop_time: 2116369280603794, actual_exe_time: 111090, task_app_start_time:2116367583020641, task_sched_time:2116369280485354
app_id: 0, app_name: SAR_api-aarch64, task_id: 388, task_name: DASH_FFT, resource_name: fft2, ref_start_time: 2116369281207994, ref_stop_time: 2116369281277804, actual_exe_time: 69810, task_app_start_time:2116367583020641, task_sched_time:2116369281205264
app_id: 0, app_name: SAR_api-aarch64, task_id: 389, task_name: DASH_ZIP, resource_name: zip1, ref_start_time: 2116369281867214, ref_stop_time: 2116369281987694, actual_exe_time: 120480, task_app_start_time:2116367583020641, task_sched_time:2116369281858184
app_id: 0, app_name: SAR_api-aarch64, task_id: 390, task_name: DASH_FFT, resource_name: cpu1, ref_start_time: 2116369282977305, ref_stop_time: 2116369283073065, actual_exe_time: 95760, task_app_start_time:2116367583020641, task_sched_time:2116369282972655
app_id: 0, app_name: SAR_api-aarch64, task_id: 391, task_name: DASH_FFT, resource_name: cpu2, ref_start_time: 2116369284627875, ref_stop_time: 2116369284725675, actual_exe_time: 97800, task_app_start_time:2116367583020641, task_sched_time:2116369284620885
app_id: 0, app_name: SAR_api-aarch64, task_id: 392, task_name: DASH_ZIP, resource_name: cpu3, ref_start_time: 2116369286924915, ref_stop_time: 2116369287005735, actual_exe_time: 80820, task_app_start_time:2116367583020641, task_sched_time:2116369286919785
app_id: 0, app_name: SAR_api-aarch64, task_id: 393, task_name: DASH_FFT, resource_name: fft1, ref_start_time: 2116369288363236, ref_stop_time: 2116369288475766, actual_exe_time: 112530, task_app_start_time:2116367583020641, task_sched_time:2116369288353786
app_id: 0, app_name: SAR_api-aarch64, task_id: 394, task_name: DASH_FFT, resource_name: fft2, ref_start_time: 2116369294524667, ref_stop_time: 2116369294608877, actual_exe_time: 84210, task_app_start_time:2116367583020641, task_sched_time:2116369288875366
app_id: 0, app_name: SAR_api-aarch64, task_id: 395, task_name: DASH_ZIP, resource_name: zip1, ref_start_time: 2116369295460997, ref_stop_time: 2116369295585437, actual_exe_time: 124440, task_app_start_time:2116367583020641, task_sched_time:2116369295455177
app_id: 0, app_name: SAR_api-aarch64, task_id: 396, task_name: DASH_FFT, resource_name: cpu1, ref_start_time: 2116369296472027, ref_stop_time: 2116369296572257, actual_exe_time: 100230, task_app_start_time:2116367583020641, task_sched_time:2116369296464227
app_id: 0, app_name: SAR_api-aarch64, task_id: 397, task_name: DASH_FFT, resource_name: cpu2, ref_start_time: 2116369297217587, ref_stop_time: 2116369297307557, actual_exe_time: 89970, task_app_start_time:2116367583020641, task_sched_time:2116369297208167
app_id: 0, app_name: SAR_api-aarch64, task_id: 398, task_name: DASH_ZIP, resource_name: cpu3, ref_start_time: 2116369298155447, ref_stop_time: 2116369298233807, actual_exe_time: 78360, task_app_start_time:2116367583020641, task_sched_time:2116369298147947
app_id: 0, app_name: SAR_api-aarch64, task_id: 399, task_name: DASH_FFT, resource_name: fft1, ref_start_time: 2116369299276517, ref_stop_time: 2116369299398857, actual_exe_time: 122340, task_app_start_time:2116367583020641, task_sched_time:2116369299268027
app_id: 0, app_name: SAR_api-aarch64, task_id: 400, task_name: DASH_FFT, resource_name: fft2, ref_start_time: 2116369300656187, ref_stop_time: 2116369300733258, actual_exe_time: 77071, task_app_start_time:2116367583020641, task_sched_time:2116369300651177
app_id: 0, app_name: SAR_api-aarch64, task_id: 401, task_name: DASH_ZIP, resource_name: zip1, ref_start_time: 2116369301461508, ref_stop_time: 2116369301583908, actual_exe_time: 122400, task_app_start_time:2116367583020641, task_sched_time:2116369301451458
app_id: 0, app_name: SAR_api-aarch64, task_id: 402, task_name: DASH_FFT, resource_name: cpu1, ref_start_time: 2116369302535148, ref_stop_time: 2116369302630608, actual_exe_time: 95460, task_app_start_time:2116367583020641, task_sched_time:2116369302511598
app_id: 0, app_name: SAR_api-aarch64, task_id: 403, task_name: DASH_FFT, resource_name: cpu2, ref_start_time: 2116369306765868, ref_stop_time: 2116369306868708, actual_exe_time: 102840, task_app_start_time:2116367583020641, task_sched_time:2116369306755128
app_id: 0, app_name: SAR_api-aarch64, task_id: 404, task_name: DASH_ZIP, resource_name: cpu3, ref_start_time: 2116369307432829, ref_stop_time: 2116369307512329, actual_exe_time: 79500, task_app_start_time:2116367583020641, task_sched_time:2116369307425779
app_id: 0, app_name: SAR_api-aarch64, task_id: 405, task_name: DASH_FFT, resource_name: fft1, ref_start_time: 2116369308084159, ref_stop_time: 2116369308196269, actual_exe_time: 112110, task_app_start_time:2116367583020641, task_sched_time:2116369308078339
app_id: 0, app_name: SAR_api-aarch64, task_id: 406, task_name: DASH_FFT, resource_name: fft2, ref_start_time: 2116369308615759, ref_stop_time: 2116369308691269, actual_exe_time: 75510, task_app_start_time:2116367583020641, task_sched_time:2116369308611559
app_id: 0, app_name: SAR_api-aarch64, task_id: 407, task_name: DASH_ZIP, resource_name: zip1, ref_start_time: 2116369309114089, ref_stop_time: 2116369309236789, actual_exe_time: 122700, task_app_start_time:2116367583020641, task_sched_time:2116369309106229
app_id: 0, app_name: SAR_api-aarch64, task_id: 408, task_name: DASH_FFT, resource_name: cpu1, ref_start_time: 2116369310526069, ref_stop_time: 2116369310664999, actual_exe_time: 138930, task_app_start_time:2116367583020641, task_sched_time:2116369310096769
app_id: 0, app_name: SAR_api-aarch64, task_id: 409, task_name: DASH_FFT, resource_name: cpu2, ref_start_time: 2116369311173289, ref_stop_time: 2116369311264789, actual_exe_time: 91500, task_app_start_time:2116367583020641, task_sched_time:2116369311165639
app_id: 0, app_name: SAR_api-aarch64, task_id: 410, task_name: DASH_ZIP, resource_name: cpu3, ref_start_time: 2116369311853929, ref_stop_time: 2116369311931809, actual_exe_time: 77880, task_app_start_time:2116367583020641, task_sched_time:2116369311850089
app_id: 0, app_name: SAR_api-aarch64, task_id: 411, task_name: DASH_FFT, resource_name: fft1, ref_start_time: 2116369314509290, ref_stop_time: 2116369314632620, actual_exe_time: 123330, task_app_start_time:2116367583020641, task_sched_time:2116369312516359
app_id: 0, app_name: SAR_api-aarch64, task_id: 412, task_name: DASH_FFT, resource_name: fft2, ref_start_time: 2116369315048600, ref_stop_time: 2116369315115140, actual_exe_time: 66540, task_app_start_time:2116367583020641, task_sched_time:2116369315042450
app_id: 0, app_name: SAR_api-aarch64, task_id: 413, task_name: DASH_ZIP, resource_name: zip1, ref_start_time: 2116369315573090, ref_stop_time: 2116369315694440, actual_exe_time: 121350, task_app_start_time:2116367583020641, task_sched_time:2116369315564360
app_id: 0, app_name: SAR_api-aarch64, task_id: 414, task_name: DASH_FFT, resource_name: cpu1, ref_start_time: 2116369316112910, ref_stop_time: 2116369316207680, actual_exe_time: 94770, task_app_start_time:2116367583020641, task_sched_time:2116369316108590
app_id: 0, app_name: SAR_api-aarch64, task_id: 415, task_name: DASH_FFT, resource_name: cpu2, ref_start_time: 2116369316600800, ref_stop_time: 2116369316687830, actual_exe_time: 87030, task_app_start_time:2116367583020641, task_sched_time:2116369316593510
app_id: 0, app_name: SAR_api-aarch64, task_id: 416, task_name: DASH_ZIP, resource_name: cpu3, ref_start_time: 2116369317084490, ref_stop_time: 2116369317161890, actual_exe_time: 77400, task_app_start_time:2116367583020641, task_sched_time:2116369317080740
app_id: 0, app_name: SAR_api-aarch64, task_id: 417, task_name: DASH_FFT, resource_name: fft1, ref_start_time: 2116369318546960, ref_stop_time: 2116369318664890, actual_exe_time: 117930, task_app_start_time:2116367583020641, task_sched_time:2116369317502450
app_id: 0, app_name: SAR_api-aarch64, task_id: 418, task_name: DASH_FFT, resource_name: fft2, ref_start_time: 2116369319252980, ref_stop_time: 2116369319320900, actual_exe_time: 67920, task_app_start_time:2116367583020641, task_sched_time:2116369319246590
app_id: 0, app_name: SAR_api-aarch64, task_id: 419, task_name: DASH_ZIP, resource_name: zip1, ref_start_time: 2116369320078071, ref_stop_time: 2116369320201461, actual_exe_time: 123390, task_app_start_time:2116367583020641, task_sched_time:2116369320072881
app_id: 0, app_name: SAR_api-aarch64, task_id: 420, task_name: DASH_FFT, resource_name: cpu1, ref_start_time: 2116369321559621, ref_stop_time: 2116369321659821, actual_exe_time: 100200, task_app_start_time:2116367583020641, task_sched_time:2116369320936221
app_id: 0, app_name: SAR_api-aarch64, task_id: 421, task_name: DASH_FFT, resource_name: cpu2, ref_start_time: 2116369322929511, ref_stop_time: 2116369323024431, actual_exe_time: 94920, task_app_start_time:2116367583020641, task_sched_time:2116369322920961
app_id: 0, app_name: SAR_api-aarch64, task_id: 422, task_name: DASH_ZIP, resource_name: cpu3, ref_start_time: 2116369330621212, ref_stop_time: 2116369330707582, actual_exe_time: 86370, task_app_start_time:2116367583020641, task_sched_time:2116369330612842
app_id: 0, app_name: SAR_api-aarch64, task_id: 423, task_name: DASH_FFT, resource_name: fft1, ref_start_time: 2116369331181402, ref_stop_time: 2116369331298402, actual_exe_time: 117000, task_app_start_time:2116367583020641, task_sched_time:2116369331176242
app_id: 0, app_name: SAR_api-aarch64, task_id: 424, task_name: DASH_FFT, resource_name: fft2, ref_start_time: 2116369331834143, ref_stop_time: 2116369331902603, actual_exe_time: 68460, task_app_start_time:2116367583020641, task_sched_time:2116369331826913
app_id: 0, app_name: SAR_api-aarch64, task_id: 425, task_name: DASH_ZIP, resource_name: zip1, ref_start_time: 2116369334531653, ref_stop_time: 2116369334657233, actual_exe_time: 125580, task_app_start_time:2116367583020641, task_sched_time:2116369334523643
app_id: 0, app_name: SAR_api-aarch64, task_id: 426, task_name: DASH_FFT, resource_name: cpu1, ref_start_time: 2116369335359383, ref_stop_time: 2116369335457483, actual_exe_time: 98100, task_app_start_time:2116367583020641, task_sched_time:2116369335352903
app_id: 0, app_name: SAR_api-aarch64, task_id: 427, task_name: DASH_FFT, resource_name: cpu2, ref_start_time: 2116369338631874, ref_stop_time: 2116369338724814, actual_exe_time: 92940, task_app_start_time:2116367583020641, task_sched_time:2116369338626384
app_id: 0, app_name: SAR_api-aarch64, task_id: 428, task_name: DASH_ZIP, resource_name: cpu3, ref_start_time: 2116369339561844, ref_stop_time: 2116369339641554, actual_exe_time: 79710, task_app_start_time:2116367583020641, task_sched_time:2116369339556714
app_id: 0, app_name: SAR_api-aarch64, task_id: 429, task_name: DASH_FFT, resource_name: fft1, ref_start_time: 2116369340506874, ref_stop_time: 2116369340619704, actual_exe_time: 112830, task_app_start_time:2116367583020641, task_sched_time:2116369340500394
app_id: 0, app_name: SAR_api-aarch64, task_id: 430, task_name: DASH_FFT, resource_name: fft2, ref_start_time: 2116369341186704, ref_stop_time: 2116369341253874, actual_exe_time: 67170, task_app_start_time:2116367583020641, task_sched_time:2116369341183344
app_id: 0, app_name: SAR_api-aarch64, task_id: 431, task_name: DASH_ZIP, resource_name: zip1, ref_start_time: 2116369341973274, ref_stop_time: 2116369342098344, actual_exe_time: 125070, task_app_start_time:2116367583020641, task_sched_time:2116369341967094
app_id: 0, app_name: SAR_api-aarch64, task_id: 432, task_name: DASH_FFT, resource_name: cpu1, ref_start_time: 2116369342824944, ref_stop_time: 2116369342932134, actual_exe_time: 107190, task_app_start_time:2116367583020641, task_sched_time:2116369342816904
app_id: 0, app_name: SAR_api-aarch64, task_id: 433, task_name: DASH_FFT, resource_name: cpu2, ref_start_time: 2116369344622185, ref_stop_time: 2116369344724875, actual_exe_time: 102690, task_app_start_time:2116367583020641, task_sched_time:2116369343608784
app_id: 0, app_name: SAR_api-aarch64, task_id: 434, task_name: DASH_ZIP, resource_name: cpu3, ref_start_time: 2116369350608776, ref_stop_time: 2116369350694666, actual_exe_time: 85890, task_app_start_time:2116367583020641, task_sched_time:2116369350567226
app_id: 0, app_name: SAR_api-aarch64, task_id: 435, task_name: DASH_FFT, resource_name: fft1, ref_start_time: 2116369351217086, ref_stop_time: 2116369351329316, actual_exe_time: 112230, task_app_start_time:2116367583020641, task_sched_time:2116369351206616
app_id: 0, app_name: SAR_api-aarch64, task_id: 436, task_name: DASH_FFT, resource_name: fft2, ref_start_time: 2116369351776556, ref_stop_time: 2116369351845976, actual_exe_time: 69420, task_app_start_time:2116367583020641, task_sched_time:2116369351767346
app_id: 0, app_name: SAR_api-aarch64, task_id: 437, task_name: DASH_ZIP, resource_name: zip1, ref_start_time: 2116369354906246, ref_stop_time: 2116369355030266, actual_exe_time: 124020, task_app_start_time:2116367583020641, task_sched_time:2116369354900996
app_id: 0, app_name: SAR_api-aarch64, task_id: 438, task_name: DASH_FFT, resource_name: cpu1, ref_start_time: 2116369355600026, ref_stop_time: 2116369355700496, actual_exe_time: 100470, task_app_start_time:2116367583020641, task_sched_time:2116369355595286
app_id: 0, app_name: SAR_api-aarch64, task_id: 439, task_name: DASH_FFT, resource_name: cpu2, ref_start_time: 2116369357264247, ref_stop_time: 2116369357354097, actual_exe_time: 89850, task_app_start_time:2116367583020641, task_sched_time:2116369357255127
app_id: 0, app_name: SAR_api-aarch64, task_id: 440, task_name: DASH_ZIP, resource_name: cpu3, ref_start_time: 2116369358684627, ref_stop_time: 2116369358765087, actual_exe_time: 80460, task_app_start_time:2116367583020641, task_sched_time:2116369358674757
app_id: 0, app_name: SAR_api-aarch64, task_id: 441, task_name: DASH_FFT, resource_name: fft1, ref_start_time: 2116369362562577, ref_stop_time: 2116369362675077, actual_exe_time: 112500, task_app_start_time:2116367583020641, task_sched_time:2116369362552107
app_id: 0, app_name: SAR_api-aarch64, task_id: 442, task_name: DASH_FFT, resource_name: fft2, ref_start_time: 2116369362841278, ref_stop_time: 2116369362909408, actual_exe_time: 68130, task_app_start_time:2116367583020641, task_sched_time:2116369362836478
app_id: 0, app_name: SAR_api-aarch64, task_id: 443, task_name: DASH_ZIP, resource_name: zip1, ref_start_time: 2116369363471548, ref_stop_time: 2116369363594548, actual_exe_time: 123000, task_app_start_time:2116367583020641, task_sched_time:2116369363463178
app_id: 0, app_name: SAR_api-aarch64, task_id: 444, task_name: DASH_FFT, resource_name: cpu1, ref_start_time: 2116369364304408, ref_stop_time: 2116369364401458, actual_exe_time: 97050, task_app_start_time:2116367583020641, task_sched_time:2116369364292678
app_id: 0, app_name: SAR_api-aarch64, task_id: 445, task_name: DASH_FFT, resource_name: cpu2, ref_start_time: 2116369366576818, ref_stop_time: 2116369366680078, actual_exe_time: 103260, task_app_start_time:2116367583020641, task_sched_time:2116369364882118
app_id: 0, app_name: SAR_api-aarch64, task_id: 446, task_name: DASH_ZIP, resource_name: cpu3, ref_start_time: 2116369367282598, ref_stop_time: 2116369367361978, actual_exe_time: 79380, task_app_start_time:2116367583020641, task_sched_time:2116369367278218
app_id: 0, app_name: SAR_api-aarch64, task_id: 447, task_name: DASH_FFT, resource_name: fft1, ref_start_time: 2116369367847618, ref_stop_time: 2116369367957238, actual_exe_time: 109620, task_app_start_time:2116367583020641, task_sched_time:2116369367842068
app_id: 0, app_name: SAR_api-aarch64, task_id: 448, task_name: DASH_FFT, resource_name: fft2, ref_start_time: 2116369370507599, ref_stop_time: 2116369370586139, actual_exe_time: 78540, task_app_start_time:2116367583020641, task_sched_time:2116369368437178
app_id: 0, app_name: SAR_api-aarch64, task_id: 449, task_name: DASH_ZIP, resource_name: zip1, ref_start_time: 2116369371058819, ref_stop_time: 2116369371182299, actual_exe_time: 123480, task_app_start_time:2116367583020641, task_sched_time:2116369370993899
app_id: 0, app_name: SAR_api-aarch64, task_id: 450, task_name: DASH_FFT, resource_name: cpu1, ref_start_time: 2116369371980059, ref_stop_time: 2116369372076569, actual_exe_time: 96510, task_app_start_time:2116367583020641, task_sched_time:2116369371977089
app_id: 0, app_name: SAR_api-aarch64, task_id: 451, task_name: DASH_FFT, resource_name: cpu2, ref_start_time: 2116369374300919, ref_stop_time: 2116369374398629, actual_exe_time: 97710, task_app_start_time:2116367583020641, task_sched_time:2116369372570039
app_id: 0, app_name: SAR_api-aarch64, task_id: 452, task_name: DASH_ZIP, resource_name: cpu3, ref_start_time: 2116369374720349, ref_stop_time: 2116369374799399, actual_exe_time: 79050, task_app_start_time:2116367583020641, task_sched_time:2116369374699769
app_id: 0, app_name: SAR_api-aarch64, task_id: 453, task_name: DASH_FFT, resource_name: fft1, ref_start_time: 2116369376169080, ref_stop_time: 2116369376281100, actual_exe_time: 112020, task_app_start_time:2116367583020641, task_sched_time:2116369376163350
app_id: 0, app_name: SAR_api-aarch64, task_id: 454, task_name: DASH_FFT, resource_name: fft2, ref_start_time: 2116369376745140, ref_stop_time: 2116369376813150, actual_exe_time: 68010, task_app_start_time:2116367583020641, task_sched_time:2116369376736500
app_id: 0, app_name: SAR_api-aarch64, task_id: 455, task_name: DASH_ZIP, resource_name: zip1, ref_start_time: 2116369377396350, ref_stop_time: 2116369377517340, actual_exe_time: 120990, task_app_start_time:2116367583020641, task_sched_time:2116369377389090
app_id: 0, app_name: SAR_api-aarch64, task_id: 456, task_name: DASH_FFT, resource_name: cpu1, ref_start_time: 2116369378072460, ref_stop_time: 2116369378164740, actual_exe_time: 92280, task_app_start_time:2116367583020641, task_sched_time:2116369378063670
app_id: 0, app_name: SAR_api-aarch64, task_id: 457, task_name: DASH_FFT, resource_name: cpu2, ref_start_time: 2116369378750700, ref_stop_time: 2116369378838450, actual_exe_time: 87750, task_app_start_time:2116367583020641, task_sched_time:2116369378742330
app_id: 0, app_name: SAR_api-aarch64, task_id: 458, task_name: DASH_ZIP, resource_name: cpu3, ref_start_time: 2116369382852571, ref_stop_time: 2116369382936601, actual_exe_time: 84030, task_app_start_time:2116367583020641, task_sched_time:2116369382844921
app_id: 0, app_name: SAR_api-aarch64, task_id: 459, task_name: DASH_FFT, resource_name: fft1, ref_start_time: 2116369383492201, ref_stop_time: 2116369383603711, actual_exe_time: 111510, task_app_start_time:2116367583020641, task_sched_time:2116369383480921
app_id: 0, app_name: SAR_api-aarch64, task_id: 460, task_name: DASH_FFT, resource_name: fft2, ref_start_time: 2116369386316101, ref_stop_time: 2116369386390351, actual_exe_time: 74250, task_app_start_time:2116367583020641, task_sched_time:2116369386310071
app_id: 0, app_name: SAR_api-aarch64, task_id: 461, task_name: DASH_ZIP, resource_name: zip1, ref_start_time: 2116369386616461, ref_stop_time: 2116369386739851, actual_exe_time: 123390, task_app_start_time:2116367583020641, task_sched_time:2116369386608001
app_id: 0, app_name: SAR_api-aarch64, task_id: 462, task_name: DASH_FFT, resource_name: cpu1, ref_start_time: 2116369390855642, ref_stop_time: 2116369390969102, actual_exe_time: 113460, task_app_start_time:2116367583020641, task_sched_time:2116369390845922
app_id: 0, app_name: SAR_api-aarch64, task_id: 463, task_name: DASH_FFT, resource_name: cpu2, ref_start_time: 2116369391479762, ref_stop_time: 2116369391568112, actual_exe_time: 88350, task_app_start_time:2116367583020641, task_sched_time:2116369391472802
app_id: 0, app_name: SAR_api-aarch64, task_id: 464, task_name: DASH_ZIP, resource_name: cpu3, ref_start_time: 2116369394542763, ref_stop_time: 2116369394622143, actual_exe_time: 79380, task_app_start_time:2116367583020641, task_sched_time:2116369394535323
app_id: 0, app_name: SAR_api-aarch64, task_id: 465, task_name: DASH_FFT, resource_name: fft1, ref_start_time: 2116369395146813, ref_stop_time: 2116369395257693, actual_exe_time: 110880, task_app_start_time:2116367583020641, task_sched_time:2116369395133373
app_id: 0, app_name: SAR_api-aarch64, task_id: 466, task_name: DASH_FFT, resource_name: fft2, ref_start_time: 2116369396276823, ref_stop_time: 2116369396344743, actual_exe_time: 67920, task_app_start_time:2116367583020641, task_sched_time:2116369396273523
app_id: 0, app_name: SAR_api-aarch64, task_id: 467, task_name: DASH_ZIP, resource_name: zip1, ref_start_time: 2116369397359013, ref_stop_time: 2116369397483393, actual_exe_time: 124380, task_app_start_time:2116367583020641, task_sched_time:2116369397353463
app_id: 0, app_name: SAR_api-aarch64, task_id: 468, task_name: DASH_FFT, resource_name: cpu1, ref_start_time: 2116369402685814, ref_stop_time: 2116369402790754, actual_exe_time: 104940, task_app_start_time:2116367583020641, task_sched_time:2116369402677864
app_id: 0, app_name: SAR_api-aarch64, task_id: 469, task_name: DASH_FFT, resource_name: cpu2, ref_start_time: 2116369403385744, ref_stop_time: 2116369403478684, actual_exe_time: 92940, task_app_start_time:2116367583020641, task_sched_time:2116369403378874
app_id: 0, app_name: SAR_api-aarch64, task_id: 470, task_name: DASH_ZIP, resource_name: cpu3, ref_start_time: 2116369404047874, ref_stop_time: 2116369404126534, actual_exe_time: 78660, task_app_start_time:2116367583020641, task_sched_time:2116369404039414
app_id: 0, app_name: SAR_api-aarch64, task_id: 471, task_name: DASH_FFT, resource_name: fft1, ref_start_time: 2116369410649495, ref_stop_time: 2116369410771835, actual_exe_time: 122340, task_app_start_time:2116367583020641, task_sched_time:2116369410638305
app_id: 0, app_name: SAR_api-aarch64, task_id: 472, task_name: DASH_FFT, resource_name: fft2, ref_start_time: 2116369411005655, ref_stop_time: 2116369411077835, actual_exe_time: 72180, task_app_start_time:2116367583020641, task_sched_time:2116369411001155
app_id: 0, app_name: SAR_api-aarch64, task_id: 473, task_name: DASH_ZIP, resource_name: zip1, ref_start_time: 2116369412026795, ref_stop_time: 2116369412151385, actual_exe_time: 124590, task_app_start_time:2116367583020641, task_sched_time:2116369412018455
app_id: 0, app_name: SAR_api-aarch64, task_id: 474, task_name: DASH_FFT, resource_name: cpu1, ref_start_time: 2116369412891156, ref_stop_time: 2116369412986676, actual_exe_time: 95520, task_app_start_time:2116367583020641, task_sched_time:2116369412885216
app_id: 0, app_name: SAR_api-aarch64, task_id: 475, task_name: DASH_FFT, resource_name: cpu2, ref_start_time: 2116369415011166, ref_stop_time: 2116369415103716, actual_exe_time: 92550, task_app_start_time:2116367583020641, task_sched_time:2116369415007146
app_id: 0, app_name: SAR_api-aarch64, task_id: 476, task_name: DASH_ZIP, resource_name: cpu3, ref_start_time: 2116369419255777, ref_stop_time: 2116369419341427, actual_exe_time: 85650, task_app_start_time:2116367583020641, task_sched_time:2116369419043947
app_id: 0, app_name: SAR_api-aarch64, task_id: 477, task_name: DASH_FFT, resource_name: fft1, ref_start_time: 2116369426666558, ref_stop_time: 2116369426787158, actual_exe_time: 120600, task_app_start_time:2116367583020641, task_sched_time:2116369426659028
app_id: 0, app_name: SAR_api-aarch64, task_id: 478, task_name: DASH_FFT, resource_name: fft2, ref_start_time: 2116369429083028, ref_stop_time: 2116369429153588, actual_exe_time: 70560, task_app_start_time:2116367583020641, task_sched_time:2116369429077268
app_id: 0, app_name: SAR_api-aarch64, task_id: 479, task_name: DASH_ZIP, resource_name: zip1, ref_start_time: 2116369430380498, ref_stop_time: 2116369430712238, actual_exe_time: 331740, task_app_start_time:2116367583020641, task_sched_time:2116369430373898
app_id: 0, app_name: SAR_api-aarch64, task_id: 480, task_name: DASH_FFT, resource_name: cpu1, ref_start_time: 2116369434971339, ref_stop_time: 2116369435074089, actual_exe_time: 102750, task_app_start_time:2116367583020641, task_sched_time:2116369434963839
app_id: 0, app_name: SAR_api-aarch64, task_id: 481, task_name: DASH_FFT, resource_name: cpu2, ref_start_time: 2116369438591380, ref_stop_time: 2116369438690020, actual_exe_time: 98640, task_app_start_time:2116367583020641, task_sched_time:2116369438584300
app_id: 0, app_name: SAR_api-aarch64, task_id: 482, task_name: DASH_ZIP, resource_name: cpu3, ref_start_time: 2116369442642790, ref_stop_time: 2116369442724390, actual_exe_time: 81600, task_app_start_time:2116367583020641, task_sched_time:2116369442545080
app_id: 0, app_name: SAR_api-aarch64, task_id: 483, task_name: DASH_FFT, resource_name: fft1, ref_start_time: 2116369445290021, ref_stop_time: 2116369445406061, actual_exe_time: 116040, task_app_start_time:2116367583020641, task_sched_time:2116369445283361
app_id: 0, app_name: SAR_api-aarch64, task_id: 484, task_name: DASH_FFT, resource_name: fft2, ref_start_time: 2116369446874261, ref_stop_time: 2116369446946381, actual_exe_time: 72120, task_app_start_time:2116367583020641, task_sched_time:2116369446869101
app_id: 0, app_name: SAR_api-aarch64, task_id: 485, task_name: DASH_ZIP, resource_name: zip1, ref_start_time: 2116369450724072, ref_stop_time: 2116369450852022, actual_exe_time: 127950, task_app_start_time:2116367583020641, task_sched_time:2116369450589282
app_id: 0, app_name: SAR_api-aarch64, task_id: 486, task_name: DASH_FFT, resource_name: cpu1, ref_start_time: 2116369454836562, ref_stop_time: 2116369454947052, actual_exe_time: 110490, task_app_start_time:2116367583020641, task_sched_time:2116369454827172
app_id: 0, app_name: SAR_api-aarch64, task_id: 487, task_name: DASH_FFT, resource_name: cpu2, ref_start_time: 2116369458564393, ref_stop_time: 2116369458660423, actual_exe_time: 96030, task_app_start_time:2116367583020641, task_sched_time:2116369458555933
app_id: 0, app_name: SAR_api-aarch64, task_id: 488, task_name: DASH_ZIP, resource_name: cpu3, ref_start_time: 2116369461322023, ref_stop_time: 2116369461402183, actual_exe_time: 80160, task_app_start_time:2116367583020641, task_sched_time:2116369461308253
app_id: 0, app_name: SAR_api-aarch64, task_id: 489, task_name: DASH_FFT, resource_name: fft1, ref_start_time: 2116369462222503, ref_stop_time: 2116369462338934, actual_exe_time: 116431, task_app_start_time:2116367583020641, task_sched_time:2116369462208733
app_id: 0, app_name: SAR_api-aarch64, task_id: 490, task_name: DASH_FFT, resource_name: fft2, ref_start_time: 2116369467100084, ref_stop_time: 2116369467181324, actual_exe_time: 81240, task_app_start_time:2116367583020641, task_sched_time:2116369467093874
app_id: 0, app_name: SAR_api-aarch64, task_id: 491, task_name: DASH_ZIP, resource_name: zip1, ref_start_time: 2116369474708716, ref_stop_time: 2116369474836156, actual_exe_time: 127440, task_app_start_time:2116367583020641, task_sched_time:2116369474573295
app_id: 0, app_name: SAR_api-aarch64, task_id: 492, task_name: DASH_FFT, resource_name: cpu1, ref_start_time: 2116369476676446, ref_stop_time: 2116369476779586, actual_exe_time: 103140, task_app_start_time:2116367583020641, task_sched_time:2116369476663006
app_id: 0, app_name: SAR_api-aarch64, task_id: 493, task_name: DASH_FFT, resource_name: cpu2, ref_start_time: 2116369478737896, ref_stop_time: 2116369478843916, actual_exe_time: 106020, task_app_start_time:2116367583020641, task_sched_time:2116369478730096
app_id: 0, app_name: SAR_api-aarch64, task_id: 494, task_name: DASH_ZIP, resource_name: cpu3, ref_start_time: 2116369486696807, ref_stop_time: 2116369486784467, actual_exe_time: 87660, task_app_start_time:2116367583020641, task_sched_time:2116369486601137
app_id: 0, app_name: SAR_api-aarch64, task_id: 495, task_name: DASH_FFT, resource_name: fft1, ref_start_time: 2116369491126278, ref_stop_time: 2116369491248648, actual_exe_time: 122370, task_app_start_time:2116367583020641, task_sched_time:2116369491109598
app_id: 0, app_name: SAR_api-aarch64, task_id: 496, task_name: DASH_FFT, resource_name: fft2, ref_start_time: 2116369494770499, ref_stop_time: 2116369495149459, actual_exe_time: 378960, task_app_start_time:2116367583020641, task_sched_time:2116369494761829
app_id: 0, app_name: SAR_api-aarch64, task_id: 497, task_name: DASH_ZIP, resource_name: zip1, ref_start_time: 2116369498800909, ref_stop_time: 2116369498927359, actual_exe_time: 126450, task_app_start_time:2116367583020641, task_sched_time:2116369498631799
app_id: 0, app_name: SAR_api-aarch64, task_id: 498, task_name: DASH_FFT, resource_name: cpu1, ref_start_time: 2116369505384290, ref_stop_time: 2116369505958731, actual_exe_time: 574441, task_app_start_time:2116367583020641, task_sched_time:2116369505372680
app_id: 0, app_name: SAR_api-aarch64, task_id: 499, task_name: DASH_FFT, resource_name: cpu2, ref_start_time: 2116369510651571, ref_stop_time: 2116369510760501, actual_exe_time: 108930, task_app_start_time:2116367583020641, task_sched_time:2116369510643801
app_id: 0, app_name: SAR_api-aarch64, task_id: 500, task_name: DASH_ZIP, resource_name: cpu3, ref_start_time: 2116369514802042, ref_stop_time: 2116369514882562, actual_exe_time: 80520, task_app_start_time:2116367583020641, task_sched_time:2116369514794722
app_id: 0, app_name: SAR_api-aarch64, task_id: 501, task_name: DASH_FFT, resource_name: fft1, ref_start_time: 2116369518381763, ref_stop_time: 2116369518525373, actual_exe_time: 143610, task_app_start_time:2116367583020641, task_sched_time:2116369518367723
app_id: 0, app_name: SAR_api-aarch64, task_id: 502, task_name: DASH_FFT, resource_name: fft2, ref_start_time: 2116369519438243, ref_stop_time: 2116369519510753, actual_exe_time: 72510, task_app_start_time:2116367583020641, task_sched_time:2116369519429633
app_id: 0, app_name: SAR_api-aarch64, task_id: 503, task_name: DASH_ZIP, resource_name: zip1, ref_start_time: 2116369526807684, ref_stop_time: 2116369526946854, actual_exe_time: 139170, task_app_start_time:2116367583020641, task_sched_time:2116369526797844
app_id: 0, app_name: SAR_api-aarch64, task_id: 504, task_name: DASH_FFT, resource_name: cpu1, ref_start_time: 2116369530609045, ref_stop_time: 2116369530716745, actual_exe_time: 107700, task_app_start_time:2116367583020641, task_sched_time:2116369530604695
app_id: 0, app_name: SAR_api-aarch64, task_id: 505, task_name: DASH_FFT, resource_name: cpu2, ref_start_time: 2116369533280395, ref_stop_time: 2116369533379035, actual_exe_time: 98640, task_app_start_time:2116367583020641, task_sched_time:2116369533271455
app_id: 0, app_name: SAR_api-aarch64, task_id: 506, task_name: DASH_ZIP, resource_name: cpu3, ref_start_time: 2116369536852466, ref_stop_time: 2116369536936586, actual_exe_time: 84120, task_app_start_time:2116367583020641, task_sched_time:2116369536842236
app_id: 0, app_name: SAR_api-aarch64, task_id: 507, task_name: DASH_FFT, resource_name: fft1, ref_start_time: 2116369537378966, ref_stop_time: 2116369537943686, actual_exe_time: 564720, task_app_start_time:2116367583020641, task_sched_time:2116369537366396
app_id: 0, app_name: SAR_api-aarch64, task_id: 508, task_name: DASH_FFT, resource_name: fft2, ref_start_time: 2116369542531046, ref_stop_time: 2116369542616486, actual_exe_time: 85440, task_app_start_time:2116367583020641, task_sched_time:2116369539098566
app_id: 0, app_name: SAR_api-aarch64, task_id: 509, task_name: DASH_ZIP, resource_name: zip1, ref_start_time: 2116369544833067, ref_stop_time: 2116369544955527, actual_exe_time: 122460, task_app_start_time:2116367583020641, task_sched_time:2116369544825207
app_id: 0, app_name: SAR_api-aarch64, task_id: 510, task_name: DASH_FFT, resource_name: cpu1, ref_start_time: 2116369547566967, ref_stop_time: 2116369547672297, actual_exe_time: 105330, task_app_start_time:2116367583020641, task_sched_time:2116369547552627
app_id: 0, app_name: SAR_api-aarch64, task_id: 511, task_name: DASH_FFT, resource_name: cpu2, ref_start_time: 2116369550698338, ref_stop_time: 2116369550802078, actual_exe_time: 103740, task_app_start_time:2116367583020641, task_sched_time:2116369550689638
app_id: 0, app_name: SAR_api-aarch64, task_id: 512, task_name: DASH_ZIP, resource_name: cpu3, ref_start_time: 2116369558678729, ref_stop_time: 2116369558765069, actual_exe_time: 86340, task_app_start_time:2116367583020641, task_sched_time:2116369558588849
app_id: 0, app_name: SAR_api-aarch64, task_id: 513, task_name: DASH_FFT, resource_name: fft1, ref_start_time: 2116369560927589, ref_stop_time: 2116369561042129, actual_exe_time: 114540, task_app_start_time:2116367583020641, task_sched_time:2116369560921349
app_id: 0, app_name: SAR_api-aarch64, task_id: 514, task_name: DASH_FFT, resource_name: fft2, ref_start_time: 2116369562195420, ref_stop_time: 2116369562265530, actual_exe_time: 70110, task_app_start_time:2116367583020641, task_sched_time:2116369562188070
app_id: 0, app_name: SAR_api-aarch64, task_id: 515, task_name: DASH_ZIP, resource_name: zip1, ref_start_time: 2116369566816170, ref_stop_time: 2116369566944330, actual_exe_time: 128160, task_app_start_time:2116367583020641, task_sched_time:2116369566597140
app_id: 0, app_name: SAR_api-aarch64, task_id: 516, task_name: DASH_FFT, resource_name: cpu1, ref_start_time: 2116369574859952, ref_stop_time: 2116369574969452, actual_exe_time: 109500, task_app_start_time:2116367583020641, task_sched_time:2116369574845582
app_id: 0, app_name: SAR_api-aarch64, task_id: 517, task_name: DASH_FFT, resource_name: cpu2, ref_start_time: 2116369576292692, ref_stop_time: 2116369576390912, actual_exe_time: 98220, task_app_start_time:2116367583020641, task_sched_time:2116369576287502
app_id: 0, app_name: SAR_api-aarch64, task_id: 518, task_name: DASH_ZIP, resource_name: cpu3, ref_start_time: 2116369580230072, ref_stop_time: 2116369580315183, actual_exe_time: 85111, task_app_start_time:2116367583020641, task_sched_time:2116369580223862
app_id: 0, app_name: SAR_api-aarch64, task_id: 519, task_name: DASH_FFT, resource_name: fft1, ref_start_time: 2116369580738903, ref_stop_time: 2116369581406823, actual_exe_time: 667920, task_app_start_time:2116367583020641, task_sched_time:2116369580725223
app_id: 0, app_name: SAR_api-aarch64, task_id: 520, task_name: DASH_FFT, resource_name: fft2, ref_start_time: 2116369582526393, ref_stop_time: 2116369582608923, actual_exe_time: 82530, task_app_start_time:2116367583020641, task_sched_time:2116369582083533
app_id: 0, app_name: SAR_api-aarch64, task_id: 521, task_name: DASH_ZIP, resource_name: zip1, ref_start_time: 2116369583291423, ref_stop_time: 2116369583415083, actual_exe_time: 123660, task_app_start_time:2116367583020641, task_sched_time:2116369583201513
app_id: 0, app_name: SAR_api-aarch64, task_id: 522, task_name: DASH_FFT, resource_name: cpu1, ref_start_time: 2116369583756513, ref_stop_time: 2116369584230273, actual_exe_time: 473760, task_app_start_time:2116367583020641, task_sched_time:2116369583752733
app_id: 0, app_name: SAR_api-aarch64, task_id: 523, task_name: DASH_FFT, resource_name: cpu2, ref_start_time: 2116369586531034, ref_stop_time: 2116369586633574, actual_exe_time: 102540, task_app_start_time:2116367583020641, task_sched_time:2116369584379523
app_id: 0, app_name: SAR_api-aarch64, task_id: 524, task_name: DASH_ZIP, resource_name: cpu3, ref_start_time: 2116369589645604, ref_stop_time: 2116369589726154, actual_exe_time: 80550, task_app_start_time:2116367583020641, task_sched_time:2116369589641644
app_id: 0, app_name: SAR_api-aarch64, task_id: 525, task_name: DASH_FFT, resource_name: fft1, ref_start_time: 2116369590539334, ref_stop_time: 2116369590656694, actual_exe_time: 117360, task_app_start_time:2116367583020641, task_sched_time:2116369590526884
app_id: 0, app_name: SAR_api-aarch64, task_id: 526, task_name: DASH_FFT, resource_name: fft2, ref_start_time: 2116369594632835, ref_stop_time: 2116369594712545, actual_exe_time: 79710, task_app_start_time:2116367583020641, task_sched_time:2116369594626385
app_id: 0, app_name: SAR_api-aarch64, task_id: 527, task_name: DASH_ZIP, resource_name: zip1, ref_start_time: 2116369594981045, ref_stop_time: 2116369595104555, actual_exe_time: 123510, task_app_start_time:2116367583020641, task_sched_time:2116369594951765
app_id: 0, app_name: SAR_api-aarch64, task_id: 528, task_name: DASH_FFT, resource_name: cpu1, ref_start_time: 2116369599270716, ref_stop_time: 2116369599372626, actual_exe_time: 101910, task_app_start_time:2116367583020641, task_sched_time:2116369599256856
app_id: 0, app_name: SAR_api-aarch64, task_id: 529, task_name: DASH_FFT, resource_name: cpu2, ref_start_time: 2116369602867416, ref_stop_time: 2116369602966926, actual_exe_time: 99510, task_app_start_time:2116367583020641, task_sched_time:2116369602857306
app_id: 0, app_name: SAR_api-aarch64, task_id: 530, task_name: DASH_ZIP, resource_name: cpu3, ref_start_time: 2116369604946926, ref_stop_time: 2116369605032696, actual_exe_time: 85770, task_app_start_time:2116367583020641, task_sched_time:2116369604884106
app_id: 0, app_name: SAR_api-aarch64, task_id: 531, task_name: DASH_FFT, resource_name: fft1, ref_start_time: 2116369608763797, ref_stop_time: 2116369608888057, actual_exe_time: 124260, task_app_start_time:2116367583020641, task_sched_time:2116369608755217
app_id: 0, app_name: SAR_api-aarch64, task_id: 532, task_name: DASH_FFT, resource_name: fft2, ref_start_time: 2116369610619117, ref_stop_time: 2116369610699007, actual_exe_time: 79890, task_app_start_time:2116367583020641, task_sched_time:2116369609638267
app_id: 0, app_name: SAR_api-aarch64, task_id: 533, task_name: DASH_ZIP, resource_name: zip1, ref_start_time: 2116369611377368, ref_stop_time: 2116369611500878, actual_exe_time: 123510, task_app_start_time:2116367583020641, task_sched_time:2116369611285027
app_id: 0, app_name: SAR_api-aarch64, task_id: 534, task_name: DASH_FFT, resource_name: cpu1, ref_start_time: 2116369611702478, ref_stop_time: 2116369611801238, actual_exe_time: 98760, task_app_start_time:2116367583020641, task_sched_time:2116369611698038
app_id: 0, app_name: SAR_api-aarch64, task_id: 535, task_name: DASH_FFT, resource_name: cpu2, ref_start_time: 2116369614538168, ref_stop_time: 2116369614641818, actual_exe_time: 103650, task_app_start_time:2116367583020641, task_sched_time:2116369612540558
app_id: 0, app_name: SAR_api-aarch64, task_id: 536, task_name: DASH_ZIP, resource_name: cpu3, ref_start_time: 2116369615281208, ref_stop_time: 2116369615361368, actual_exe_time: 80160, task_app_start_time:2116367583020641, task_sched_time:2116369615197598
app_id: 0, app_name: SAR_api-aarch64, task_id: 537, task_name: DASH_FFT, resource_name: fft1, ref_start_time: 2116369615857778, ref_stop_time: 2116369615970758, actual_exe_time: 112980, task_app_start_time:2116367583020641, task_sched_time:2116369615844968
app_id: 0, app_name: SAR_api-aarch64, task_id: 538, task_name: DASH_FFT, resource_name: fft2, ref_start_time: 2116369618509989, ref_stop_time: 2116369618585769, actual_exe_time: 75780, task_app_start_time:2116367583020641, task_sched_time:2116369616262358
app_id: 0, app_name: SAR_api-aarch64, task_id: 539, task_name: DASH_ZIP, resource_name: zip1, ref_start_time: 2116369619291429, ref_stop_time: 2116369619414219, actual_exe_time: 122790, task_app_start_time:2116367583020641, task_sched_time:2116369619275649
app_id: 0, app_name: SAR_api-aarch64, task_id: 540, task_name: DASH_FFT, resource_name: cpu1, ref_start_time: 2116369619971319, ref_stop_time: 2116369620070409, actual_exe_time: 99090, task_app_start_time:2116367583020641, task_sched_time:2116369619962409
app_id: 0, app_name: SAR_api-aarch64, task_id: 541, task_name: DASH_FFT, resource_name: cpu2, ref_start_time: 2116369622756999, ref_stop_time: 2116369623302069, actual_exe_time: 545070, task_app_start_time:2116367583020641, task_sched_time:2116369622752319
app_id: 0, app_name: SAR_api-aarch64, task_id: 542, task_name: DASH_ZIP, resource_name: cpu3, ref_start_time: 2116369630638751, ref_stop_time: 2116369631475001, actual_exe_time: 836250, task_app_start_time:2116367583020641, task_sched_time:2116369630632151
app_id: 0, app_name: SAR_api-aarch64, task_id: 543, task_name: DASH_FFT, resource_name: fft1, ref_start_time: 2116369634318521, ref_stop_time: 2116369634440711, actual_exe_time: 122190, task_app_start_time:2116367583020641, task_sched_time:2116369634311831
app_id: 0, app_name: SAR_api-aarch64, task_id: 544, task_name: DASH_FFT, resource_name: fft2, ref_start_time: 2116369638649472, ref_stop_time: 2116369638732662, actual_exe_time: 83190, task_app_start_time:2116367583020641, task_sched_time:2116369638640892
app_id: 0, app_name: SAR_api-aarch64, task_id: 545, task_name: DASH_ZIP, resource_name: zip1, ref_start_time: 2116369642704813, ref_stop_time: 2116369642832283, actual_exe_time: 127470, task_app_start_time:2116367583020641, task_sched_time:2116369642598643
app_id: 0, app_name: SAR_api-aarch64, task_id: 546, task_name: DASH_FFT, resource_name: cpu1, ref_start_time: 2116369648700314, ref_stop_time: 2116369648816564, actual_exe_time: 116250, task_app_start_time:2116367583020641, task_sched_time:2116369648689934
app_id: 0, app_name: SAR_api-aarch64, task_id: 547, task_name: DASH_FFT, resource_name: cpu2, ref_start_time: 2116369654518454, ref_stop_time: 2116369654630294, actual_exe_time: 111840, task_app_start_time:2116367583020641, task_sched_time:2116369652130214
app_id: 0, app_name: SAR_api-aarch64, task_id: 548, task_name: DASH_ZIP, resource_name: cpu3, ref_start_time: 2116369654989935, ref_stop_time: 2116369655069795, actual_exe_time: 79860, task_app_start_time:2116367583020641, task_sched_time:2116369654893635
app_id: 0, app_name: SAR_api-aarch64, task_id: 549, task_name: DASH_FFT, resource_name: fft1, ref_start_time: 2116369656020465, ref_stop_time: 2116369656139085, actual_exe_time: 118620, task_app_start_time:2116367583020641, task_sched_time:2116369656016055
app_id: 0, app_name: SAR_api-aarch64, task_id: 550, task_name: DASH_FFT, resource_name: fft2, ref_start_time: 2116369658524055, ref_stop_time: 2116369658598695, actual_exe_time: 74640, task_app_start_time:2116367583020641, task_sched_time:2116369656557855
app_id: 0, app_name: SAR_api-aarch64, task_id: 551, task_name: DASH_ZIP, resource_name: zip1, ref_start_time: 2116369659292505, ref_stop_time: 2116369659414635, actual_exe_time: 122130, task_app_start_time:2116367583020641, task_sched_time:2116369659142205
app_id: 0, app_name: SAR_api-aarch64, task_id: 552, task_name: DASH_FFT, resource_name: cpu1, ref_start_time: 2116369660067795, ref_stop_time: 2116369660165655, actual_exe_time: 97860, task_app_start_time:2116367583020641, task_sched_time:2116369660058945
app_id: 0, app_name: SAR_api-aarch64, task_id: 553, task_name: DASH_FFT, resource_name: cpu2, ref_start_time: 2116369662084216, ref_stop_time: 2116369662183246, actual_exe_time: 99030, task_app_start_time:2116367583020641, task_sched_time:2116369660769795
app_id: 0, app_name: SAR_api-aarch64, task_id: 554, task_name: DASH_ZIP, resource_name: cpu3, ref_start_time: 2116369675098308, ref_stop_time: 2116369675185578, actual_exe_time: 87270, task_app_start_time:2116367583020641, task_sched_time:2116369675024118
app_id: 0, app_name: SAR_api-aarch64, task_id: 555, task_name: DASH_FFT, resource_name: fft1, ref_start_time: 2116369678592888, ref_stop_time: 2116369678717178, actual_exe_time: 124290, task_app_start_time:2116367583020641, task_sched_time:2116369678584998
app_id: 0, app_name: SAR_api-aarch64, task_id: 556, task_name: DASH_FFT, resource_name: fft2, ref_start_time: 2116369682924619, ref_stop_time: 2116369683006279, actual_exe_time: 81660, task_app_start_time:2116367583020641, task_sched_time:2116369682720739
app_id: 0, app_name: SAR_api-aarch64, task_id: 557, task_name: DASH_ZIP, resource_name: zip1, ref_start_time: 2116369687055830, ref_stop_time: 2116369687179340, actual_exe_time: 123510, task_app_start_time:2116367583020641, task_sched_time:2116369687001650
app_id: 0, app_name: SAR_api-aarch64, task_id: 558, task_name: DASH_FFT, resource_name: cpu1, ref_start_time: 2116369689826840, ref_stop_time: 2116369689931930, actual_exe_time: 105090, task_app_start_time:2116367583020641, task_sched_time:2116369689821650
app_id: 0, app_name: SAR_api-aarch64, task_id: 559, task_name: DASH_FFT, resource_name: cpu2, ref_start_time: 2116369694720561, ref_stop_time: 2116369694824241, actual_exe_time: 103680, task_app_start_time:2116367583020641, task_sched_time:2116369694715161
app_id: 0, app_name: SAR_api-aarch64, task_id: 560, task_name: DASH_ZIP, resource_name: cpu3, ref_start_time: 2116369698705162, ref_stop_time: 2116369698786432, actual_exe_time: 81270, task_app_start_time:2116367583020641, task_sched_time:2116369698551652
app_id: 0, app_name: SAR_api-aarch64, task_id: 561, task_name: DASH_FFT, resource_name: fft1, ref_start_time: 2116369702550232, ref_stop_time: 2116369702669302, actual_exe_time: 119070, task_app_start_time:2116367583020641, task_sched_time:2116369702543602
app_id: 0, app_name: SAR_api-aarch64, task_id: 562, task_name: DASH_FFT, resource_name: fft2, ref_start_time: 2116369704597763, ref_stop_time: 2116369704669403, actual_exe_time: 71640, task_app_start_time:2116367583020641, task_sched_time:2116369704592123
app_id: 0, app_name: SAR_api-aarch64, task_id: 563, task_name: DASH_ZIP, resource_name: zip1, ref_start_time: 2116369707089563, ref_stop_time: 2116369707216823, actual_exe_time: 127260, task_app_start_time:2116367583020641, task_sched_time:2116369707033943
app_id: 0, app_name: SAR_api-aarch64, task_id: 564, task_name: DASH_FFT, resource_name: cpu1, ref_start_time: 2116369710646273, ref_stop_time: 2116369711005914, actual_exe_time: 359641, task_app_start_time:2116367583020641, task_sched_time:2116369710639133
app_id: 0, app_name: SAR_api-aarch64, task_id: 565, task_name: DASH_FFT, resource_name: cpu2, ref_start_time: 2116369718393985, ref_stop_time: 2116369718514885, actual_exe_time: 120900, task_app_start_time:2116367583020641, task_sched_time:2116369718389065
app_id: 0, app_name: SAR_api-aarch64, task_id: 566, task_name: DASH_ZIP, resource_name: cpu3, ref_start_time: 2116369719248325, ref_stop_time: 2116369719333135, actual_exe_time: 84810, task_app_start_time:2116367583020641, task_sched_time:2116369719243495
app_id: 0, app_name: SAR_api-aarch64, task_id: 567, task_name: DASH_FFT, resource_name: fft1, ref_start_time: 2116369720250625, ref_stop_time: 2116369720717005, actual_exe_time: 466380, task_app_start_time:2116367583020641, task_sched_time:2116369720239105
app_id: 0, app_name: SAR_api-aarch64, task_id: 568, task_name: DASH_FFT, resource_name: fft2, ref_start_time: 2116369726935046, ref_stop_time: 2116369727017636, actual_exe_time: 82590, task_app_start_time:2116367583020641, task_sched_time:2116369726928896
app_id: 0, app_name: SAR_api-aarch64, task_id: 569, task_name: DASH_ZIP, resource_name: zip1, ref_start_time: 2116369730558717, ref_stop_time: 2116369730682587, actual_exe_time: 123870, task_app_start_time:2116367583020641, task_sched_time:2116369730553137
app_id: 0, app_name: SAR_api-aarch64, task_id: 570, task_name: DASH_FFT, resource_name: cpu1, ref_start_time: 2116369733774897, ref_stop_time: 2116369733875937, actual_exe_time: 101040, task_app_start_time:2116367583020641, task_sched_time:2116369733761667
app_id: 0, app_name: SAR_api-aarch64, task_id: 571, task_name: DASH_FFT, resource_name: cpu2, ref_start_time: 2116369734858767, ref_stop_time: 2116369734951527, actual_exe_time: 92760, task_app_start_time:2116367583020641, task_sched_time:2116369734852317
app_id: 0, app_name: SAR_api-aarch64, task_id: 572, task_name: DASH_ZIP, resource_name: cpu3, ref_start_time: 2116369738634538, ref_stop_time: 2116369738719168, actual_exe_time: 84630, task_app_start_time:2116367583020641, task_sched_time:2116369738626828
app_id: 0, app_name: SAR_api-aarch64, task_id: 573, task_name: DASH_FFT, resource_name: fft1, ref_start_time: 2116369742870119, ref_stop_time: 2116369743011569, actual_exe_time: 141450, task_app_start_time:2116367583020641, task_sched_time:2116369742857459
app_id: 0, app_name: SAR_api-aarch64, task_id: 574, task_name: DASH_FFT, resource_name: fft2, ref_start_time: 2116369746562669, ref_stop_time: 2116369746636079, actual_exe_time: 73410, task_app_start_time:2116367583020641, task_sched_time:2116369746557449
app_id: 0, app_name: SAR_api-aarch64, task_id: 575, task_name: DASH_ZIP, resource_name: zip1, ref_start_time: 2116369749788390, ref_stop_time: 2116369749916730, actual_exe_time: 128340, task_app_start_time:2116367583020641, task_sched_time:2116369749756440
app_id: 0, app_name: SAR_api-aarch64, task_id: 576, task_name: DASH_FFT, resource_name: cpu1, ref_start_time: 2116369754854551, ref_stop_time: 2116369754962011, actual_exe_time: 107460, task_app_start_time:2116367583020641, task_sched_time:2116369754849301
app_id: 0, app_name: SAR_api-aarch64, task_id: 577, task_name: DASH_FFT, resource_name: cpu2, ref_start_time: 2116369758534231, ref_stop_time: 2116369758811071, actual_exe_time: 276840, task_app_start_time:2116367583020641, task_sched_time:2116369758525381
app_id: 0, app_name: SAR_api-aarch64, task_id: 578, task_name: DASH_ZIP, resource_name: cpu3, ref_start_time: 2116369764213202, ref_stop_time: 2116369764295192, actual_exe_time: 81990, task_app_start_time:2116367583020641, task_sched_time:2116369764137152
app_id: 0, app_name: SAR_api-aarch64, task_id: 579, task_name: DASH_FFT, resource_name: fft1, ref_start_time: 2116369764942622, ref_stop_time: 2116369765058362, actual_exe_time: 115740, task_app_start_time:2116367583020641, task_sched_time:2116369764933172
app_id: 0, app_name: SAR_api-aarch64, task_id: 580, task_name: DASH_FFT, resource_name: fft2, ref_start_time: 2116369768581203, ref_stop_time: 2116369768659473, actual_exe_time: 78270, task_app_start_time:2116367583020641, task_sched_time:2116369768574513
app_id: 0, app_name: SAR_api-aarch64, task_id: 581, task_name: DASH_ZIP, resource_name: zip1, ref_start_time: 2116369777890804, ref_stop_time: 2116369778017104, actual_exe_time: 126300, task_app_start_time:2116367583020641, task_sched_time:2116369777884024
app_id: 0, app_name: SAR_api-aarch64, task_id: 582, task_name: DASH_FFT, resource_name: cpu1, ref_start_time: 2116369779093834, ref_stop_time: 2116369779203035, actual_exe_time: 109201, task_app_start_time:2116367583020641, task_sched_time:2116369779089724
app_id: 0, app_name: SAR_api-aarch64, task_id: 583, task_name: DASH_FFT, resource_name: cpu2, ref_start_time: 2116369782771535, ref_stop_time: 2116369782873325, actual_exe_time: 101790, task_app_start_time:2116367583020641, task_sched_time:2116369782764905
app_id: 0, app_name: SAR_api-aarch64, task_id: 584, task_name: DASH_ZIP, resource_name: cpu3, ref_start_time: 2116369784166145, ref_stop_time: 2116369784246035, actual_exe_time: 79890, task_app_start_time:2116367583020641, task_sched_time:2116369784158795
app_id: 0, app_name: SAR_api-aarch64, task_id: 585, task_name: DASH_FFT, resource_name: fft1, ref_start_time: 2116369790601356, ref_stop_time: 2116369790720216, actual_exe_time: 118860, task_app_start_time:2116367583020641, task_sched_time:2116369790589656
app_id: 0, app_name: SAR_api-aarch64, task_id: 586, task_name: DASH_FFT, resource_name: fft2, ref_start_time: 2116369793656707, ref_stop_time: 2116369793729547, actual_exe_time: 72840, task_app_start_time:2116367583020641, task_sched_time:2116369793653437
app_id: 0, app_name: SAR_api-aarch64, task_id: 587, task_name: DASH_ZIP, resource_name: zip1, ref_start_time: 2116369794975927, ref_stop_time: 2116369795107117, actual_exe_time: 131190, task_app_start_time:2116367583020641, task_sched_time:2116369794964347
app_id: 0, app_name: SAR_api-aarch64, task_id: 588, task_name: DASH_FFT, resource_name: cpu1, ref_start_time: 2116369799260318, ref_stop_time: 2116369799366248, actual_exe_time: 105930, task_app_start_time:2116367583020641, task_sched_time:2116369799254918
app_id: 0, app_name: SAR_api-aarch64, task_id: 589, task_name: DASH_FFT, resource_name: cpu2, ref_start_time: 2116369802750008, ref_stop_time: 2116369802866708, actual_exe_time: 116700, task_app_start_time:2116367583020641, task_sched_time:2116369802742058
app_id: 0, app_name: SAR_api-aarch64, task_id: 590, task_name: DASH_ZIP, resource_name: cpu3, ref_start_time: 2116369806694109, ref_stop_time: 2116369806774389, actual_exe_time: 80280, task_app_start_time:2116367583020641, task_sched_time:2116369806689729
app_id: 0, app_name: SAR_api-aarch64, task_id: 591, task_name: DASH_FFT, resource_name: fft1, ref_start_time: 2116369810037849, ref_stop_time: 2116369810155869, actual_exe_time: 118020, task_app_start_time:2116367583020641, task_sched_time:2116369810024229
app_id: 0, app_name: SAR_api-aarch64, task_id: 592, task_name: DASH_FFT, resource_name: fft2, ref_start_time: 2116369814517510, ref_stop_time: 2116369814603460, actual_exe_time: 85950, task_app_start_time:2116367583020641, task_sched_time:2116369811203890
app_id: 0, app_name: SAR_api-aarch64, task_id: 593, task_name: DASH_ZIP, resource_name: zip1, ref_start_time: 2116369818568141, ref_stop_time: 2116369818694081, actual_exe_time: 125940, task_app_start_time:2116367583020641, task_sched_time:2116369818561811
app_id: 0, app_name: SAR_api-aarch64, task_id: 594, task_name: DASH_FFT, resource_name: cpu1, ref_start_time: 2116369823192612, ref_stop_time: 2116369823299142, actual_exe_time: 106530, task_app_start_time:2116367583020641, task_sched_time:2116369822784492
app_id: 0, app_name: SAR_api-aarch64, task_id: 595, task_name: DASH_FFT, resource_name: cpu2, ref_start_time: 2116369824092582, ref_stop_time: 2116369824187022, actual_exe_time: 94440, task_app_start_time:2116367583020641, task_sched_time:2116369824084272
app_id: 0, app_name: SAR_api-aarch64, task_id: 596, task_name: DASH_ZIP, resource_name: cpu3, ref_start_time: 2116369824880412, ref_stop_time: 2116369824959072, actual_exe_time: 78660, task_app_start_time:2116367583020641, task_sched_time:2116369824871502
app_id: 0, app_name: SAR_api-aarch64, task_id: 597, task_name: DASH_FFT, resource_name: fft1, ref_start_time: 2116369826855942, ref_stop_time: 2116369826971472, actual_exe_time: 115530, task_app_start_time:2116367583020641, task_sched_time:2116369826847632
app_id: 0, app_name: SAR_api-aarch64, task_id: 598, task_name: DASH_FFT, resource_name: fft2, ref_start_time: 2116369830521133, ref_stop_time: 2116369830600663, actual_exe_time: 79530, task_app_start_time:2116367583020641, task_sched_time:2116369829857263
app_id: 0, app_name: SAR_api-aarch64, task_id: 599, task_name: DASH_ZIP, resource_name: zip1, ref_start_time: 2116369831261533, ref_stop_time: 2116369831387923, actual_exe_time: 126390, task_app_start_time:2116367583020641, task_sched_time:2116369831251033
app_id: 0, app_name: SAR_api-aarch64, task_id: 600, task_name: DASH_FFT, resource_name: cpu1, ref_start_time: 2116369832170713, ref_stop_time: 2116369832271753, actual_exe_time: 101040, task_app_start_time:2116367583020641, task_sched_time:2116369832162103
app_id: 0, app_name: SAR_api-aarch64, task_id: 601, task_name: DASH_FFT, resource_name: cpu2, ref_start_time: 2116369834556073, ref_stop_time: 2116369834657563, actual_exe_time: 101490, task_app_start_time:2116367583020641, task_sched_time:2116369832772603
app_id: 0, app_name: SAR_api-aarch64, task_id: 602, task_name: DASH_ZIP, resource_name: cpu3, ref_start_time: 2116369835227054, ref_stop_time: 2116369835305384, actual_exe_time: 78330, task_app_start_time:2116367583020641, task_sched_time:2116369835222764
app_id: 0, app_name: SAR_api-aarch64, task_id: 603, task_name: DASH_FFT, resource_name: fft1, ref_start_time: 2116369838563084, ref_stop_time: 2116369838678434, actual_exe_time: 115350, task_app_start_time:2116367583020641, task_sched_time:2116369838554534
app_id: 0, app_name: SAR_api-aarch64, task_id: 604, task_name: DASH_FFT, resource_name: fft2, ref_start_time: 2116369839191674, ref_stop_time: 2116369839260914, actual_exe_time: 69240, task_app_start_time:2116367583020641, task_sched_time:2116369839185314
app_id: 0, app_name: SAR_api-aarch64, task_id: 605, task_name: DASH_ZIP, resource_name: zip1, ref_start_time: 2116369840942744, ref_stop_time: 2116369841067544, actual_exe_time: 124800, task_app_start_time:2116367583020641, task_sched_time:2116369840937044
app_id: 0, app_name: SAR_api-aarch64, task_id: 606, task_name: DASH_FFT, resource_name: cpu1, ref_start_time: 2116369841803025, ref_stop_time: 2116369841903285, actual_exe_time: 100260, task_app_start_time:2116367583020641, task_sched_time:2116369841797685
app_id: 0, app_name: SAR_api-aarch64, task_id: 607, task_name: DASH_FFT, resource_name: cpu2, ref_start_time: 2116369842063065, ref_stop_time: 2116369842152735, actual_exe_time: 89670, task_app_start_time:2116367583020641, task_sched_time:2116369842060215
app_id: 0, app_name: SAR_api-aarch64, task_id: 608, task_name: DASH_ZIP, resource_name: cpu3, ref_start_time: 2116369846884965, ref_stop_time: 2116369846969715, actual_exe_time: 84750, task_app_start_time:2116367583020641, task_sched_time:2116369846793075
app_id: 0, app_name: SAR_api-aarch64, task_id: 609, task_name: DASH_FFT, resource_name: fft1, ref_start_time: 2116369847565936, ref_stop_time: 2116369847682396, actual_exe_time: 116460, task_app_start_time:2116367583020641, task_sched_time:2116369847557956
app_id: 0, app_name: SAR_api-aarch64, task_id: 610, task_name: DASH_FFT, resource_name: fft2, ref_start_time: 2116369851012126, ref_stop_time: 2116369851093366, actual_exe_time: 81240, task_app_start_time:2116367583020641, task_sched_time:2116369851007026
app_id: 0, app_name: SAR_api-aarch64, task_id: 611, task_name: DASH_ZIP, resource_name: zip1, ref_start_time: 2116369854651217, ref_stop_time: 2116369854778267, actual_exe_time: 127050, task_app_start_time:2116367583020641, task_sched_time:2116369854641497
app_id: 0, app_name: SAR_api-aarch64, task_id: 612, task_name: DASH_FFT, resource_name: cpu1, ref_start_time: 2116369855350127, ref_stop_time: 2116369855453177, actual_exe_time: 103050, task_app_start_time:2116367583020641, task_sched_time:2116369855337887
app_id: 0, app_name: SAR_api-aarch64, task_id: 613, task_name: DASH_FFT, resource_name: cpu2, ref_start_time: 2116369858052677, ref_stop_time: 2116369858146277, actual_exe_time: 93600, task_app_start_time:2116367583020641, task_sched_time:2116369858047727
app_id: 0, app_name: SAR_api-aarch64, task_id: 614, task_name: DASH_ZIP, resource_name: cpu3, ref_start_time: 2116369859377897, ref_stop_time: 2116369859463907, actual_exe_time: 86010, task_app_start_time:2116367583020641, task_sched_time:2116369859372287
app_id: 0, app_name: SAR_api-aarch64, task_id: 615, task_name: DASH_FFT, resource_name: fft1, ref_start_time: 2116369862895278, ref_stop_time: 2116369863012278, actual_exe_time: 117000, task_app_start_time:2116367583020641, task_sched_time:2116369862887388
app_id: 0, app_name: SAR_api-aarch64, task_id: 616, task_name: DASH_FFT, resource_name: fft2, ref_start_time: 2116369866599739, ref_stop_time: 2116369866684699, actual_exe_time: 84960, task_app_start_time:2116367583020641, task_sched_time:2116369866590409
app_id: 0, app_name: SAR_api-aarch64, task_id: 617, task_name: DASH_ZIP, resource_name: zip1, ref_start_time: 2116369867352799, ref_stop_time: 2116369867851639, actual_exe_time: 498840, task_app_start_time:2116367583020641, task_sched_time:2116369867344609
app_id: 0, app_name: SAR_api-aarch64, task_id: 618, task_name: DASH_FFT, resource_name: cpu1, ref_start_time: 2116369870741599, ref_stop_time: 2116369870844289, actual_exe_time: 102690, task_app_start_time:2116367583020641, task_sched_time:2116369870735419
app_id: 0, app_name: SAR_api-aarch64, task_id: 619, task_name: DASH_FFT, resource_name: cpu2, ref_start_time: 2116369871337219, ref_stop_time: 2116369871427489, actual_exe_time: 90270, task_app_start_time:2116367583020641, task_sched_time:2116369871330619
app_id: 0, app_name: SAR_api-aarch64, task_id: 620, task_name: DASH_ZIP, resource_name: cpu3, ref_start_time: 2116369874798410, ref_stop_time: 2116369874877940, actual_exe_time: 79530, task_app_start_time:2116367583020641, task_sched_time:2116369874794030
app_id: 0, app_name: SAR_api-aarch64, task_id: 621, task_name: DASH_FFT, resource_name: fft1, ref_start_time: 2116369875402550, ref_stop_time: 2116369875516850, actual_exe_time: 114300, task_app_start_time:2116367583020641, task_sched_time:2116369875390400
app_id: 0, app_name: SAR_api-aarch64, task_id: 622, task_name: DASH_FFT, resource_name: fft2, ref_start_time: 2116369876639870, ref_stop_time: 2116369876710580, actual_exe_time: 70710, task_app_start_time:2116367583020641, task_sched_time:2116369876634500
app_id: 0, app_name: SAR_api-aarch64, task_id: 623, task_name: DASH_ZIP, resource_name: zip1, ref_start_time: 2116369882682141, ref_stop_time: 2116369882811531, actual_exe_time: 129390, task_app_start_time:2116367583020641, task_sched_time:2116369882609601
app_id: 0, app_name: SAR_api-aarch64, task_id: 624, task_name: DASH_FFT, resource_name: cpu1, ref_start_time: 2116369883500931, ref_stop_time: 2116369883600921, actual_exe_time: 99990, task_app_start_time:2116367583020641, task_sched_time:2116369883492141
app_id: 0, app_name: SAR_api-aarch64, task_id: 625, task_name: DASH_FFT, resource_name: cpu2, ref_start_time: 2116369884045701, ref_stop_time: 2116369884139601, actual_exe_time: 93900, task_app_start_time:2116367583020641, task_sched_time:2116369884036521
app_id: 0, app_name: SAR_api-aarch64, task_id: 626, task_name: DASH_ZIP, resource_name: cpu3, ref_start_time: 2116369891061803, ref_stop_time: 2116369891146523, actual_exe_time: 84720, task_app_start_time:2116367583020641, task_sched_time:2116369890978372
app_id: 0, app_name: SAR_api-aarch64, task_id: 627, task_name: DASH_FFT, resource_name: fft1, ref_start_time: 2116369891711243, ref_stop_time: 2116369891823053, actual_exe_time: 111810, task_app_start_time:2116367583020641, task_sched_time:2116369891704853
app_id: 0, app_name: SAR_api-aarch64, task_id: 628, task_name: DASH_FFT, resource_name: fft2, ref_start_time: 2116369894538143, ref_stop_time: 2116369894616323, actual_exe_time: 78180, task_app_start_time:2116367583020641, task_sched_time:2116369892997793
app_id: 0, app_name: SAR_api-aarch64, task_id: 629, task_name: DASH_ZIP, resource_name: zip1, ref_start_time: 2116369895418883, ref_stop_time: 2116369895543953, actual_exe_time: 125070, task_app_start_time:2116367583020641, task_sched_time:2116369895407543
app_id: 0, app_name: SAR_api-aarch64, task_id: 630, task_name: DASH_FFT, resource_name: cpu1, ref_start_time: 2116369896327133, ref_stop_time: 2116369896428023, actual_exe_time: 100890, task_app_start_time:2116367583020641, task_sched_time:2116369896323383
app_id: 0, app_name: SAR_api-aarch64, task_id: 631, task_name: DASH_FFT, resource_name: cpu2, ref_start_time: 2116369898891924, ref_stop_time: 2116369899000224, actual_exe_time: 108300, task_app_start_time:2116367583020641, task_sched_time:2116369898881634
app_id: 0, app_name: SAR_api-aarch64, task_id: 632, task_name: DASH_ZIP, resource_name: cpu3, ref_start_time: 2116369906995045, ref_stop_time: 2116369907081025, actual_exe_time: 85980, task_app_start_time:2116367583020641, task_sched_time:2116369906793385
app_id: 0, app_name: SAR_api-aarch64, task_id: 633, task_name: DASH_FFT, resource_name: fft1, ref_start_time: 2116369907928645, ref_stop_time: 2116369908044205, actual_exe_time: 115560, task_app_start_time:2116367583020641, task_sched_time:2116369907923785
app_id: 0, app_name: SAR_api-aarch64, task_id: 634, task_name: DASH_FFT, resource_name: fft2, ref_start_time: 2116369911143086, ref_stop_time: 2116369911227116, actual_exe_time: 84030, task_app_start_time:2116367583020641, task_sched_time:2116369911138916
app_id: 0, app_name: SAR_api-aarch64, task_id: 635, task_name: DASH_ZIP, resource_name: zip1, ref_start_time: 2116369912671406, ref_stop_time: 2116369912797226, actual_exe_time: 125820, task_app_start_time:2116367583020641, task_sched_time:2116369912665796
app_id: 0, app_name: SAR_api-aarch64, task_id: 636, task_name: DASH_FFT, resource_name: cpu1, ref_start_time: 2116369913479216, ref_stop_time: 2116369913590096, actual_exe_time: 110880, task_app_start_time:2116367583020641, task_sched_time:2116369913469826
app_id: 0, app_name: SAR_api-aarch64, task_id: 637, task_name: DASH_FFT, resource_name: cpu2, ref_start_time: 2116369914527536, ref_stop_time: 2116369914627706, actual_exe_time: 100170, task_app_start_time:2116367583020641, task_sched_time:2116369914097936
app_id: 0, app_name: SAR_api-aarch64, task_id: 638, task_name: DASH_ZIP, resource_name: cpu3, ref_start_time: 2116369915188106, ref_stop_time: 2116369915268686, actual_exe_time: 80580, task_app_start_time:2116367583020641, task_sched_time:2116369915177516
app_id: 0, app_name: SAR_api-aarch64, task_id: 639, task_name: DASH_FFT, resource_name: fft1, ref_start_time: 2116369915754056, ref_stop_time: 2116369915863407, actual_exe_time: 109351, task_app_start_time:2116367583020641, task_sched_time:2116369915748986
app_id: 0, app_name: SAR_api-aarch64, task_id: 640, task_name: DASH_FFT, resource_name: fft2, ref_start_time: 2116369918530317, ref_stop_time: 2116369918607417, actual_exe_time: 77100, task_app_start_time:2116367583020641, task_sched_time:2116369916343887
app_id: 0, app_name: SAR_api-aarch64, task_id: 641, task_name: DASH_ZIP, resource_name: zip1, ref_start_time: 2116369919176847, ref_stop_time: 2116369919298467, actual_exe_time: 121620, task_app_start_time:2116367583020641, task_sched_time:2116369919173967
app_id: 0, app_name: SAR_api-aarch64, task_id: 642, task_name: DASH_FFT, resource_name: cpu1, ref_start_time: 2116369919864297, ref_stop_time: 2116369919960957, actual_exe_time: 96660, task_app_start_time:2116367583020641, task_sched_time:2116369919857547
app_id: 0, app_name: SAR_api-aarch64, task_id: 643, task_name: DASH_FFT, resource_name: cpu2, ref_start_time: 2116369922362368, ref_stop_time: 2116369922459838, actual_exe_time: 97470, task_app_start_time:2116367583020641, task_sched_time:2116369920462647
app_id: 0, app_name: SAR_api-aarch64, task_id: 644, task_name: DASH_ZIP, resource_name: cpu3, ref_start_time: 2116369923270438, ref_stop_time: 2116369923350508, actual_exe_time: 80070, task_app_start_time:2116367583020641, task_sched_time:2116369923263748
app_id: 0, app_name: SAR_api-aarch64, task_id: 645, task_name: DASH_FFT, resource_name: fft1, ref_start_time: 2116369923465378, ref_stop_time: 2116369923576138, actual_exe_time: 110760, task_app_start_time:2116367583020641, task_sched_time:2116369923461748
app_id: 0, app_name: SAR_api-aarch64, task_id: 646, task_name: DASH_FFT, resource_name: fft2, ref_start_time: 2116369923899508, ref_stop_time: 2116369923971508, actual_exe_time: 72000, task_app_start_time:2116367583020641, task_sched_time:2116369923895008
app_id: 0, app_name: SAR_api-aarch64, task_id: 647, task_name: DASH_ZIP, resource_name: zip1, ref_start_time: 2116369930938949, ref_stop_time: 2116369931068099, actual_exe_time: 129150, task_app_start_time:2116367583020641, task_sched_time:2116369930831159
app_id: 0, app_name: SAR_api-aarch64, task_id: 648, task_name: DASH_FFT, resource_name: cpu1, ref_start_time: 2116369931876569, ref_stop_time: 2116369931976979, actual_exe_time: 100410, task_app_start_time:2116367583020641, task_sched_time:2116369931872039
app_id: 0, app_name: SAR_api-aarch64, task_id: 649, task_name: DASH_FFT, resource_name: cpu2, ref_start_time: 2116369934654690, ref_stop_time: 2116369934753300, actual_exe_time: 98610, task_app_start_time:2116367583020641, task_sched_time:2116369934651180
app_id: 0, app_name: SAR_api-aarch64, task_id: 650, task_name: DASH_ZIP, resource_name: cpu3, ref_start_time: 2116369938689600, ref_stop_time: 2116369938769940, actual_exe_time: 80340, task_app_start_time:2116367583020641, task_sched_time:2116369938681500
app_id: 0, app_name: SAR_api-aarch64, task_id: 651, task_name: DASH_FFT, resource_name: fft1, ref_start_time: 2116369940079140, ref_stop_time: 2116369940197040, actual_exe_time: 117900, task_app_start_time:2116367583020641, task_sched_time:2116369940069480
app_id: 0, app_name: SAR_api-aarch64, task_id: 652, task_name: DASH_FFT, resource_name: fft2, ref_start_time: 2116369943882181, ref_stop_time: 2116369943964831, actual_exe_time: 82650, task_app_start_time:2116367583020641, task_sched_time:2116369943873661
app_id: 0, app_name: SAR_api-aarch64, task_id: 653, task_name: DASH_ZIP, resource_name: zip1, ref_start_time: 2116369944726951, ref_stop_time: 2116369944851571, actual_exe_time: 124620, task_app_start_time:2116367583020641, task_sched_time:2116369944717711
app_id: 0, app_name: SAR_api-aarch64, task_id: 654, task_name: DASH_FFT, resource_name: cpu1, ref_start_time: 2116369945518651, ref_stop_time: 2116369945626351, actual_exe_time: 107700, task_app_start_time:2116367583020641, task_sched_time:2116369945505481
app_id: 0, app_name: SAR_api-aarch64, task_id: 655, task_name: DASH_FFT, resource_name: cpu2, ref_start_time: 2116369946525631, ref_stop_time: 2116369946624241, actual_exe_time: 98610, task_app_start_time:2116367583020641, task_sched_time:2116369946131761
app_id: 0, app_name: SAR_api-aarch64, task_id: 656, task_name: DASH_ZIP, resource_name: cpu3, ref_start_time: 2116369950563632, ref_stop_time: 2116369950644032, actual_exe_time: 80400, task_app_start_time:2116367583020641, task_sched_time:2116369950556942
app_id: 0, app_name: SAR_api-aarch64, task_id: 657, task_name: DASH_FFT, resource_name: fft1, ref_start_time: 2116369953476783, ref_stop_time: 2116369953595703, actual_exe_time: 118920, task_app_start_time:2116367583020641, task_sched_time:2116369953471833
app_id: 0, app_name: SAR_api-aarch64, task_id: 658, task_name: DASH_FFT, resource_name: fft2, ref_start_time: 2116369955993303, ref_stop_time: 2116369956074393, actual_exe_time: 81090, task_app_start_time:2116367583020641, task_sched_time:2116369955914253
app_id: 0, app_name: SAR_api-aarch64, task_id: 659, task_name: DASH_ZIP, resource_name: zip1, ref_start_time: 2116369958917943, ref_stop_time: 2116369959553914, actual_exe_time: 635971, task_app_start_time:2116367583020641, task_sched_time:2116369958844653
app_id: 0, app_name: SAR_api-aarch64, task_id: 660, task_name: DASH_FFT, resource_name: cpu1, ref_start_time: 2116369968882985, ref_stop_time: 2116369968988915, actual_exe_time: 105930, task_app_start_time:2116367583020641, task_sched_time:2116369968874435
app_id: 0, app_name: SAR_api-aarch64, task_id: 661, task_name: DASH_FFT, resource_name: cpu2, ref_start_time: 2116369969809895, ref_stop_time: 2116369969902445, actual_exe_time: 92550, task_app_start_time:2116367583020641, task_sched_time:2116369969801195
app_id: 0, app_name: SAR_api-aarch64, task_id: 662, task_name: DASH_ZIP, resource_name: cpu3, ref_start_time: 2116369975138436, ref_stop_time: 2116369975299296, actual_exe_time: 160860, task_app_start_time:2116367583020641, task_sched_time:2116369974935456
app_id: 0, app_name: SAR_api-aarch64, task_id: 663, task_name: DASH_FFT, resource_name: fft1, ref_start_time: 2116369982535867, ref_stop_time: 2116369983410097, actual_exe_time: 874230, task_app_start_time:2116367583020641, task_sched_time:2116369982527257
app_id: 0, app_name: SAR_api-aarch64, task_id: 664, task_name: DASH_FFT, resource_name: fft2, ref_start_time: 2116369984279858, ref_stop_time: 2116369984359958, actual_exe_time: 80100, task_app_start_time:2116367583020641, task_sched_time:2116369984274548
app_id: 0, app_name: SAR_api-aarch64, task_id: 665, task_name: DASH_ZIP, resource_name: zip1, ref_start_time: 2116369988054248, ref_stop_time: 2116369988565988, actual_exe_time: 511740, task_app_start_time:2116367583020641, task_sched_time:2116369987946158
app_id: 0, app_name: SAR_api-aarch64, task_id: 666, task_name: DASH_FFT, resource_name: cpu1, ref_start_time: 2116369989122008, ref_stop_time: 2116369989223858, actual_exe_time: 101850, task_app_start_time:2116367583020641, task_sched_time:2116369989111988
app_id: 0, app_name: SAR_api-aarch64, task_id: 667, task_name: DASH_FFT, resource_name: cpu2, ref_start_time: 2116369990532489, ref_stop_time: 2116369990637219, actual_exe_time: 104730, task_app_start_time:2116367583020641, task_sched_time:2116369989737308
app_id: 0, app_name: SAR_api-aarch64, task_id: 668, task_name: DASH_ZIP, resource_name: cpu3, ref_start_time: 2116369991298329, ref_stop_time: 2116369991377169, actual_exe_time: 78840, task_app_start_time:2116367583020641, task_sched_time:2116369991284319
app_id: 0, app_name: SAR_api-aarch64, task_id: 669, task_name: DASH_FFT, resource_name: fft1, ref_start_time: 2116369991856119, ref_stop_time: 2116369991968229, actual_exe_time: 112110, task_app_start_time:2116367583020641, task_sched_time:2116369991848589
app_id: 0, app_name: SAR_api-aarch64, task_id: 670, task_name: DASH_FFT, resource_name: fft2, ref_start_time: 2116369994544029, ref_stop_time: 2116369994620049, actual_exe_time: 76020, task_app_start_time:2116367583020641, task_sched_time:2116369992580169
app_id: 0, app_name: SAR_api-aarch64, task_id: 671, task_name: DASH_ZIP, resource_name: zip1, ref_start_time: 2116369995268319, ref_stop_time: 2116369995390779, actual_exe_time: 122460, task_app_start_time:2116367583020641, task_sched_time:2116369995257639
app_id: 0, app_name: SAR_api-aarch64, task_id: 672, task_name: DASH_FFT, resource_name: cpu1, ref_start_time: 2116369995730109, ref_stop_time: 2116369996209509, actual_exe_time: 479400, task_app_start_time:2116367583020641, task_sched_time:2116369995720809
app_id: 0, app_name: SAR_api-aarch64, task_id: 673, task_name: DASH_FFT, resource_name: cpu2, ref_start_time: 2116369997906310, ref_stop_time: 2116369998005250, actual_exe_time: 98940, task_app_start_time:2116367583020641, task_sched_time:2116369996511609
app_id: 0, app_name: SAR_api-aarch64, task_id: 674, task_name: DASH_ZIP, resource_name: cpu3, ref_start_time: 2116370006661031, ref_stop_time: 2116370006748841, actual_exe_time: 87810, task_app_start_time:2116367583020641, task_sched_time:2116370006654491
app_id: 0, app_name: SAR_api-aarch64, task_id: 675, task_name: DASH_FFT, resource_name: fft1, ref_start_time: 2116370007075241, ref_stop_time: 2116370007632881, actual_exe_time: 557640, task_app_start_time:2116367583020641, task_sched_time:2116370007069721
app_id: 0, app_name: SAR_api-aarch64, task_id: 676, task_name: DASH_FFT, resource_name: fft2, ref_start_time: 2116370011411952, ref_stop_time: 2116370011487762, actual_exe_time: 75810, task_app_start_time:2116367583020641, task_sched_time:2116370011406102
app_id: 0, app_name: SAR_api-aarch64, task_id: 677, task_name: DASH_ZIP, resource_name: zip1, ref_start_time: 2116370012397482, ref_stop_time: 2116370012523752, actual_exe_time: 126270, task_app_start_time:2116367583020641, task_sched_time:2116370012390192
app_id: 0, app_name: SAR_api-aarch64, task_id: 678, task_name: DASH_FFT, resource_name: cpu1, ref_start_time: 2116370019535503, ref_stop_time: 2116370019636903, actual_exe_time: 101400, task_app_start_time:2116367583020641, task_sched_time:2116370019529323
app_id: 0, app_name: SAR_api-aarch64, task_id: 679, task_name: DASH_FFT, resource_name: cpu2, ref_start_time: 2116370022545494, ref_stop_time: 2116370022646864, actual_exe_time: 101370, task_app_start_time:2116367583020641, task_sched_time:2116370022535684
app_id: 0, app_name: SAR_api-aarch64, task_id: 680, task_name: DASH_ZIP, resource_name: cpu3, ref_start_time: 2116370026086844, ref_stop_time: 2116370026167124, actual_exe_time: 80280, task_app_start_time:2116367583020641, task_sched_time:2116370026078984
app_id: 0, app_name: SAR_api-aarch64, task_id: 681, task_name: DASH_FFT, resource_name: fft1, ref_start_time: 2116370027002774, ref_stop_time: 2116370027116954, actual_exe_time: 114180, task_app_start_time:2116367583020641, task_sched_time:2116370026993774
app_id: 0, app_name: SAR_api-aarch64, task_id: 682, task_name: DASH_FFT, resource_name: fft2, ref_start_time: 2116370030609405, ref_stop_time: 2116370030694635, actual_exe_time: 85230, task_app_start_time:2116367583020641, task_sched_time:2116370030597405
app_id: 0, app_name: SAR_api-aarch64, task_id: 683, task_name: DASH_ZIP, resource_name: zip1, ref_start_time: 2116370034667236, ref_stop_time: 2116370034795696, actual_exe_time: 128460, task_app_start_time:2116367583020641, task_sched_time:2116370034588036
app_id: 0, app_name: SAR_api-aarch64, task_id: 684, task_name: DASH_FFT, resource_name: cpu1, ref_start_time: 2116370038993236, ref_stop_time: 2116370039345556, actual_exe_time: 352320, task_app_start_time:2116367583020641, task_sched_time:2116370038982736
app_id: 0, app_name: SAR_api-aarch64, task_id: 685, task_name: DASH_FFT, resource_name: cpu2, ref_start_time: 2116370041988677, ref_stop_time: 2116370042267497, actual_exe_time: 278820, task_app_start_time:2116367583020641, task_sched_time:2116370041983367
app_id: 0, app_name: SAR_api-aarch64, task_id: 686, task_name: DASH_ZIP, resource_name: cpu3, ref_start_time: 2116370046727328, ref_stop_time: 2116370046811868, actual_exe_time: 84540, task_app_start_time:2116367583020641, task_sched_time:2116370046590678
app_id: 0, app_name: SAR_api-aarch64, task_id: 687, task_name: DASH_FFT, resource_name: fft1, ref_start_time: 2116370050845938, ref_stop_time: 2116370050970918, actual_exe_time: 124980, task_app_start_time:2116367583020641, task_sched_time:2116370050836098
app_id: 0, app_name: SAR_api-aarch64, task_id: 688, task_name: DASH_FFT, resource_name: fft2, ref_start_time: 2116370054951079, ref_stop_time: 2116370055024039, actual_exe_time: 72960, task_app_start_time:2116367583020641, task_sched_time:2116370054945589
app_id: 0, app_name: SAR_api-aarch64, task_id: 689, task_name: DASH_ZIP, resource_name: zip1, ref_start_time: 2116370056232109, ref_stop_time: 2116370056362729, actual_exe_time: 130620, task_app_start_time:2116367583020641, task_sched_time:2116370056228059
app_id: 0, app_name: SAR_api-aarch64, task_id: 690, task_name: DASH_FFT, resource_name: cpu1, ref_start_time: 2116370058682299, ref_stop_time: 2116370058786100, actual_exe_time: 103801, task_app_start_time:2116367583020641, task_sched_time:2116370058675549
app_id: 0, app_name: SAR_api-aarch64, task_id: 691, task_name: DASH_FFT, resource_name: cpu2, ref_start_time: 2116370066637251, ref_stop_time: 2116370066986031, actual_exe_time: 348780, task_app_start_time:2116367583020641, task_sched_time:2116370066629151
app_id: 0, app_name: SAR_api-aarch64, task_id: 692, task_name: DASH_ZIP, resource_name: cpu3, ref_start_time: 2116370070845801, ref_stop_time: 2116370070927011, actual_exe_time: 81210, task_app_start_time:2116367583020641, task_sched_time:2116370070837191
app_id: 0, app_name: SAR_api-aarch64, task_id: 693, task_name: DASH_FFT, resource_name: fft1, ref_start_time: 2116370074881432, ref_stop_time: 2116370075003682, actual_exe_time: 122250, task_app_start_time:2116367583020641, task_sched_time:2116370074877022
app_id: 0, app_name: SAR_api-aarch64, task_id: 694, task_name: DASH_FFT, resource_name: fft2, ref_start_time: 2116370078589463, ref_stop_time: 2116370078667103, actual_exe_time: 77640, task_app_start_time:2116367583020641, task_sched_time:2116370078582323
app_id: 0, app_name: SAR_api-aarch64, task_id: 695, task_name: DASH_ZIP, resource_name: zip1, ref_start_time: 2116370083020763, ref_stop_time: 2116370083145023, actual_exe_time: 124260, task_app_start_time:2116367583020641, task_sched_time:2116370082980143
app_id: 0, app_name: SAR_api-aarch64, task_id: 696, task_name: DASH_FFT, resource_name: cpu1, ref_start_time: 2116370085360764, ref_stop_time: 2116370085464444, actual_exe_time: 103680, task_app_start_time:2116367583020641, task_sched_time:2116370085347414
app_id: 0, app_name: SAR_api-aarch64, task_id: 697, task_name: DASH_FFT, resource_name: cpu2, ref_start_time: 2116370085916964, ref_stop_time: 2116370086287614, actual_exe_time: 370650, task_app_start_time:2116367583020641, task_sched_time:2116370085831464
app_id: 0, app_name: SAR_api-aarch64, task_id: 698, task_name: DASH_ZIP, resource_name: cpu3, ref_start_time: 2116370090230905, ref_stop_time: 2116370090314935, actual_exe_time: 84030, task_app_start_time:2116367583020641, task_sched_time:2116370090101785
app_id: 0, app_name: SAR_api-aarch64, task_id: 699, task_name: DASH_FFT, resource_name: fft1, ref_start_time: 2116370095281795, ref_stop_time: 2116370095403745, actual_exe_time: 121950, task_app_start_time:2116367583020641, task_sched_time:2116370095269555
app_id: 0, app_name: SAR_api-aarch64, task_id: 700, task_name: DASH_FFT, resource_name: fft2, ref_start_time: 2116370100589696, ref_stop_time: 2116370100667366, actual_exe_time: 77670, task_app_start_time:2116367583020641, task_sched_time:2116370100579706
app_id: 0, app_name: SAR_api-aarch64, task_id: 701, task_name: DASH_ZIP, resource_name: zip1, ref_start_time: 2116370101582786, ref_stop_time: 2116370101712206, actual_exe_time: 129420, task_app_start_time:2116367583020641, task_sched_time:2116370101570936
app_id: 0, app_name: SAR_api-aarch64, task_id: 702, task_name: DASH_FFT, resource_name: cpu1, ref_start_time: 2116370105422637, ref_stop_time: 2116370105527337, actual_exe_time: 104700, task_app_start_time:2116367583020641, task_sched_time:2116370105409107
app_id: 0, app_name: SAR_api-aarch64, task_id: 703, task_name: DASH_FFT, resource_name: cpu2, ref_start_time: 2116370106526667, ref_stop_time: 2116370106637457, actual_exe_time: 110790, task_app_start_time:2116367583020641, task_sched_time:2116370106289367
app_id: 0, app_name: SAR_api-aarch64, task_id: 704, task_name: DASH_ZIP, resource_name: cpu3, ref_start_time: 2116370107199627, ref_stop_time: 2116370107364717, actual_exe_time: 165090, task_app_start_time:2116367583020641, task_sched_time:2116370107102127
app_id: 0, app_name: SAR_api-aarch64, task_id: 705, task_name: DASH_FFT, resource_name: fft1, ref_start_time: 2116370107912877, ref_stop_time: 2116370108028017, actual_exe_time: 115140, task_app_start_time:2116367583020641, task_sched_time:2116370107900187
app_id: 0, app_name: SAR_api-aarch64, task_id: 706, task_name: DASH_FFT, resource_name: fft2, ref_start_time: 2116370110518738, ref_stop_time: 2116370110596348, actual_exe_time: 77610, task_app_start_time:2116367583020641, task_sched_time:2116370108565228
app_id: 0, app_name: SAR_api-aarch64, task_id: 707, task_name: DASH_ZIP, resource_name: zip1, ref_start_time: 2116370111284038, ref_stop_time: 2116370111406978, actual_exe_time: 122940, task_app_start_time:2116367583020641, task_sched_time:2116370111244108
app_id: 0, app_name: SAR_api-aarch64, task_id: 708, task_name: DASH_FFT, resource_name: cpu1, ref_start_time: 2116370112015138, ref_stop_time: 2116370112131058, actual_exe_time: 115920, task_app_start_time:2116367583020641, task_sched_time:2116370112002178
app_id: 0, app_name: SAR_api-aarch64, task_id: 709, task_name: DASH_FFT, resource_name: cpu2, ref_start_time: 2116370114523468, ref_stop_time: 2116370114626158, actual_exe_time: 102690, task_app_start_time:2116367583020641, task_sched_time:2116370112709638
app_id: 0, app_name: SAR_api-aarch64, task_id: 710, task_name: DASH_ZIP, resource_name: cpu3, ref_start_time: 2116370115289279, ref_stop_time: 2116370115367579, actual_exe_time: 78300, task_app_start_time:2116367583020641, task_sched_time:2116370115284359
app_id: 0, app_name: SAR_api-aarch64, task_id: 711, task_name: DASH_FFT, resource_name: fft1, ref_start_time: 2116370116180489, ref_stop_time: 2116370116292329, actual_exe_time: 111840, task_app_start_time:2116367583020641, task_sched_time:2116370116173349
app_id: 0, app_name: SAR_api-aarch64, task_id: 712, task_name: DASH_FFT, resource_name: fft2, ref_start_time: 2116370120374549, ref_stop_time: 2116370120461159, actual_exe_time: 86610, task_app_start_time:2116367583020641, task_sched_time:2116370120364169
app_id: 0, app_name: SAR_api-aarch64, task_id: 713, task_name: DASH_ZIP, resource_name: zip1, ref_start_time: 2116370121390230, ref_stop_time: 2116370121517700, actual_exe_time: 127470, task_app_start_time:2116367583020641, task_sched_time:2116370121350390
app_id: 0, app_name: SAR_api-aarch64, task_id: 714, task_name: DASH_FFT, resource_name: cpu1, ref_start_time: 2116370126536730, ref_stop_time: 2116370126654060, actual_exe_time: 117330, task_app_start_time:2116367583020641, task_sched_time:2116370122334720
app_id: 0, app_name: SAR_api-aarch64, task_id: 715, task_name: DASH_FFT, resource_name: cpu2, ref_start_time: 2116370127244611, ref_stop_time: 2116370127338871, actual_exe_time: 94260, task_app_start_time:2116367583020641, task_sched_time:2116370127237351
app_id: 0, app_name: SAR_api-aarch64, task_id: 716, task_name: DASH_ZIP, resource_name: cpu3, ref_start_time: 2116370129851221, ref_stop_time: 2116370129931351, actual_exe_time: 80130, task_app_start_time:2116367583020641, task_sched_time:2116370129839701
app_id: 0, app_name: SAR_api-aarch64, task_id: 717, task_name: DASH_FFT, resource_name: fft1, ref_start_time: 2116370130725271, ref_stop_time: 2116370130840231, actual_exe_time: 114960, task_app_start_time:2116367583020641, task_sched_time:2116370130712341
app_id: 0, app_name: SAR_api-aarch64, task_id: 718, task_name: DASH_FFT, resource_name: fft2, ref_start_time: 2116370134793872, ref_stop_time: 2116370134874842, actual_exe_time: 80970, task_app_start_time:2116367583020641, task_sched_time:2116370134629412
app_id: 0, app_name: SAR_api-aarch64, task_id: 719, task_name: DASH_ZIP, resource_name: zip1, ref_start_time: 2116370142578903, ref_stop_time: 2116370143273463, actual_exe_time: 694560, task_app_start_time:2116367583020641, task_sched_time:2116370142543383
app_id: 0, app_name: SAR_api-aarch64, task_id: 720, task_name: DASH_FFT, resource_name: cpu1, ref_start_time: 2116370144870033, ref_stop_time: 2116370144974193, actual_exe_time: 104160, task_app_start_time:2116367583020641, task_sched_time:2116370144864573
app_id: 0, app_name: SAR_api-aarch64, task_id: 721, task_name: DASH_FFT, resource_name: cpu2, ref_start_time: 2116370150912184, ref_stop_time: 2116370151017574, actual_exe_time: 105390, task_app_start_time:2116367583020641, task_sched_time:2116370150902164
app_id: 0, app_name: SAR_api-aarch64, task_id: 722, task_name: DASH_ZIP, resource_name: cpu3, ref_start_time: 2116370154554065, ref_stop_time: 2116370154635035, actual_exe_time: 80970, task_app_start_time:2116367583020641, task_sched_time:2116370154547195
app_id: 0, app_name: SAR_api-aarch64, task_id: 723, task_name: DASH_FFT, resource_name: fft1, ref_start_time: 2116370158582676, ref_stop_time: 2116370158704536, actual_exe_time: 121860, task_app_start_time:2116367583020641, task_sched_time:2116370158569596
app_id: 0, app_name: SAR_api-aarch64, task_id: 724, task_name: DASH_FFT, resource_name: fft2, ref_start_time: 2116370159394866, ref_stop_time: 2116370159462396, actual_exe_time: 67530, task_app_start_time:2116367583020641, task_sched_time:2116370159391896
app_id: 0, app_name: SAR_api-aarch64, task_id: 725, task_name: DASH_ZIP, resource_name: zip1, ref_start_time: 2116370160165986, ref_stop_time: 2116370160292496, actual_exe_time: 126510, task_app_start_time:2116367583020641, task_sched_time:2116370160129026
app_id: 0, app_name: SAR_api-aarch64, task_id: 726, task_name: DASH_FFT, resource_name: cpu1, ref_start_time: 2116370162695316, ref_stop_time: 2116370162797676, actual_exe_time: 102360, task_app_start_time:2116367583020641, task_sched_time:2116370162687696
app_id: 0, app_name: SAR_api-aarch64, task_id: 727, task_name: DASH_FFT, resource_name: cpu2, ref_start_time: 2116370166895527, ref_stop_time: 2116370166996507, actual_exe_time: 100980, task_app_start_time:2116367583020641, task_sched_time:2116370166885927
app_id: 0, app_name: SAR_api-aarch64, task_id: 728, task_name: DASH_ZIP, resource_name: cpu3, ref_start_time: 2116370174124628, ref_stop_time: 2116370174208148, actual_exe_time: 83520, task_app_start_time:2116367583020641, task_sched_time:2116370174069788
app_id: 0, app_name: SAR_api-aarch64, task_id: 729, task_name: DASH_FFT, resource_name: fft1, ref_start_time: 2116370175252598, ref_stop_time: 2116370175368218, actual_exe_time: 115620, task_app_start_time:2116367583020641, task_sched_time:2116370175246628
app_id: 0, app_name: SAR_api-aarch64, task_id: 730, task_name: DASH_FFT, resource_name: fft2, ref_start_time: 2116370178596489, ref_stop_time: 2116370178675719, actual_exe_time: 79230, task_app_start_time:2116367583020641, task_sched_time:2116370178587639
app_id: 0, app_name: SAR_api-aarch64, task_id: 731, task_name: DASH_ZIP, resource_name: zip1, ref_start_time: 2116370183090160, ref_stop_time: 2116370183586270, actual_exe_time: 496110, task_app_start_time:2116367583020641, task_sched_time:2116370182996979
app_id: 0, app_name: SAR_api-aarch64, task_id: 732, task_name: DASH_FFT, resource_name: cpu1, ref_start_time: 2116370189043330, ref_stop_time: 2116370189146050, actual_exe_time: 102720, task_app_start_time:2116367583020641, task_sched_time:2116370189030820
app_id: 0, app_name: SAR_api-aarch64, task_id: 733, task_name: DASH_FFT, resource_name: cpu2, ref_start_time: 2116370190196231, ref_stop_time: 2116370190288451, actual_exe_time: 92220, task_app_start_time:2116367583020641, task_sched_time:2116370190190921
app_id: 0, app_name: SAR_api-aarch64, task_id: 734, task_name: DASH_ZIP, resource_name: cpu3, ref_start_time: 2116370194846171, ref_stop_time: 2116370194931341, actual_exe_time: 85170, task_app_start_time:2116367583020641, task_sched_time:2116370194613071
app_id: 0, app_name: SAR_api-aarch64, task_id: 735, task_name: DASH_FFT, resource_name: fft1, ref_start_time: 2116370198588732, ref_stop_time: 2116370198707922, actual_exe_time: 119190, task_app_start_time:2116367583020641, task_sched_time:2116370198578082
app_id: 0, app_name: SAR_api-aarch64, task_id: 736, task_name: DASH_FFT, resource_name: fft2, ref_start_time: 2116370202921363, ref_stop_time: 2116370202996783, actual_exe_time: 75420, task_app_start_time:2116367583020641, task_sched_time:2116370202917013
app_id: 0, app_name: SAR_api-aarch64, task_id: 737, task_name: DASH_ZIP, resource_name: zip1, ref_start_time: 2116370205598593, ref_stop_time: 2116370205723213, actual_exe_time: 124620, task_app_start_time:2116367583020641, task_sched_time:2116370205594813
app_id: 0, app_name: SAR_api-aarch64, task_id: 738, task_name: DASH_FFT, resource_name: cpu1, ref_start_time: 2116370210691934, ref_stop_time: 2116370210797684, actual_exe_time: 105750, task_app_start_time:2116367583020641, task_sched_time:2116370210685484
app_id: 0, app_name: SAR_api-aarch64, task_id: 739, task_name: DASH_FFT, resource_name: cpu2, ref_start_time: 2116370214708545, ref_stop_time: 2116370214806315, actual_exe_time: 97770, task_app_start_time:2116367583020641, task_sched_time:2116370214701375
app_id: 0, app_name: SAR_api-aarch64, task_id: 740, task_name: DASH_ZIP, resource_name: cpu3, ref_start_time: 2116370218516175, ref_stop_time: 2116370218603115, actual_exe_time: 86940, task_app_start_time:2116367583020641, task_sched_time:2116370218506395
app_id: 0, app_name: SAR_api-aarch64, task_id: 741, task_name: DASH_FFT, resource_name: fft1, ref_start_time: 2116370220176675, ref_stop_time: 2116370220305555, actual_exe_time: 128880, task_app_start_time:2116367583020641, task_sched_time:2116370220166655
app_id: 0, app_name: SAR_api-aarch64, task_id: 742, task_name: DASH_FFT, resource_name: fft2, ref_start_time: 2116370226869047, ref_stop_time: 2116370226953767, actual_exe_time: 84720, task_app_start_time:2116367583020641, task_sched_time:2116370226863347
app_id: 0, app_name: SAR_api-aarch64, task_id: 743, task_name: DASH_ZIP, resource_name: zip1, ref_start_time: 2116370233401338, ref_stop_time: 2116370233530908, actual_exe_time: 129570, task_app_start_time:2116367583020641, task_sched_time:2116370233394588
app_id: 0, app_name: SAR_api-aarch64, task_id: 744, task_name: DASH_FFT, resource_name: cpu1, ref_start_time: 2116370234578388, ref_stop_time: 2116370234681588, actual_exe_time: 103200, task_app_start_time:2116367583020641, task_sched_time:2116370234568188
app_id: 0, app_name: SAR_api-aarch64, task_id: 745, task_name: DASH_FFT, resource_name: cpu2, ref_start_time: 2116370238873668, ref_stop_time: 2116370238980589, actual_exe_time: 106921, task_app_start_time:2116367583020641, task_sched_time:2116370238867188
app_id: 0, app_name: SAR_api-aarch64, task_id: 746, task_name: DASH_ZIP, resource_name: cpu3, ref_start_time: 2116370246705680, ref_stop_time: 2116370246790640, actual_exe_time: 84960, task_app_start_time:2116367583020641, task_sched_time:2116370246593570
app_id: 0, app_name: SAR_api-aarch64, task_id: 747, task_name: DASH_FFT, resource_name: fft1, ref_start_time: 2116370248564180, ref_stop_time: 2116370248683490, actual_exe_time: 119310, task_app_start_time:2116367583020641, task_sched_time:2116370248554190
app_id: 0, app_name: SAR_api-aarch64, task_id: 748, task_name: DASH_FFT, resource_name: fft2, ref_start_time: 2116370254528481, ref_stop_time: 2116370254617941, actual_exe_time: 89460, task_app_start_time:2116367583020641, task_sched_time:2116370252179151
app_id: 0, app_name: SAR_api-aarch64, task_id: 749, task_name: DASH_ZIP, resource_name: zip1, ref_start_time: 2116370258684922, ref_stop_time: 2116370258810682, actual_exe_time: 125760, task_app_start_time:2116367583020641, task_sched_time:2116370258562912
app_id: 0, app_name: SAR_api-aarch64, task_id: 750, task_name: DASH_FFT, resource_name: cpu1, ref_start_time: 2116370262070812, ref_stop_time: 2116370262176892, actual_exe_time: 106080, task_app_start_time:2116367583020641, task_sched_time:2116370262058632
app_id: 0, app_name: SAR_api-aarch64, task_id: 751, task_name: DASH_FFT, resource_name: cpu2, ref_start_time: 2116370265870643, ref_stop_time: 2116370265976963, actual_exe_time: 106320, task_app_start_time:2116367583020641, task_sched_time:2116370265862333
app_id: 0, app_name: SAR_api-aarch64, task_id: 752, task_name: DASH_ZIP, resource_name: cpu3, ref_start_time: 2116370267005393, ref_stop_time: 2116370270592344, actual_exe_time: 3586951, task_app_start_time:2116367583020641, task_sched_time:2116370266957813
app_id: 0, app_name: SAR_api-aarch64, task_id: 753, task_name: DASH_FFT, resource_name: fft1, ref_start_time: 2116370274760784, ref_stop_time: 2116370274879704, actual_exe_time: 118920, task_app_start_time:2116367583020641, task_sched_time:2116370274755594
app_id: 0, app_name: SAR_api-aarch64, task_id: 754, task_name: DASH_FFT, resource_name: fft2, ref_start_time: 2116370277443505, ref_stop_time: 2116370277518265, actual_exe_time: 74760, task_app_start_time:2116367583020641, task_sched_time:2116370277435975
app_id: 0, app_name: SAR_api-aarch64, task_id: 755, task_name: DASH_ZIP, resource_name: zip1, ref_start_time: 2116370278306605, ref_stop_time: 2116370278432185, actual_exe_time: 125580, task_app_start_time:2116367583020641, task_sched_time:2116370278254945
app_id: 0, app_name: SAR_api-aarch64, task_id: 756, task_name: DASH_FFT, resource_name: cpu1, ref_start_time: 2116370279477985, ref_stop_time: 2116370279583585, actual_exe_time: 105600, task_app_start_time:2116367583020641, task_sched_time:2116370279472345
app_id: 0, app_name: SAR_api-aarch64, task_id: 757, task_name: DASH_FFT, resource_name: cpu2, ref_start_time: 2116370281022295, ref_stop_time: 2116370281122525, actual_exe_time: 100230, task_app_start_time:2116367583020641, task_sched_time:2116370280105795
app_id: 0, app_name: SAR_api-aarch64, task_id: 758, task_name: DASH_ZIP, resource_name: cpu3, ref_start_time: 2116370281715475, ref_stop_time: 2116370281794525, actual_exe_time: 79050, task_app_start_time:2116367583020641, task_sched_time:2116370281705065
app_id: 0, app_name: SAR_api-aarch64, task_id: 759, task_name: DASH_FFT, resource_name: fft1, ref_start_time: 2116370286765136, ref_stop_time: 2116370286883816, actual_exe_time: 118680, task_app_start_time:2116367583020641, task_sched_time:2116370286759466
app_id: 0, app_name: SAR_api-aarch64, task_id: 760, task_name: DASH_FFT, resource_name: fft2, ref_start_time: 2116370287577746, ref_stop_time: 2116370287650856, actual_exe_time: 73110, task_app_start_time:2116367583020641, task_sched_time:2116370287569346
app_id: 0, app_name: SAR_api-aarch64, task_id: 761, task_name: DASH_ZIP, resource_name: zip1, ref_start_time: 2116370288129866, ref_stop_time: 2116370288252446, actual_exe_time: 122580, task_app_start_time:2116367583020641, task_sched_time:2116370288124496
app_id: 0, app_name: SAR_api-aarch64, task_id: 762, task_name: DASH_FFT, resource_name: cpu1, ref_start_time: 2116370288954447, ref_stop_time: 2116370289049487, actual_exe_time: 95040, task_app_start_time:2116367583020641, task_sched_time:2116370288940977
app_id: 0, app_name: SAR_api-aarch64, task_id: 763, task_name: DASH_FFT, resource_name: cpu2, ref_start_time: 2116370289622187, ref_stop_time: 2116370289717317, actual_exe_time: 95130, task_app_start_time:2116367583020641, task_sched_time:2116370289616367
app_id: 0, app_name: SAR_api-aarch64, task_id: 764, task_name: DASH_ZIP, resource_name: cpu3, ref_start_time: 2116370292237137, ref_stop_time: 2116370292315377, actual_exe_time: 78240, task_app_start_time:2116367583020641, task_sched_time:2116370290383947
app_id: 0, app_name: SAR_api-aarch64, task_id: 765, task_name: DASH_FFT, resource_name: fft1, ref_start_time: 2116370293013717, ref_stop_time: 2116370293128437, actual_exe_time: 114720, task_app_start_time:2116367583020641, task_sched_time:2116370293002437
app_id: 0, app_name: SAR_api-aarch64, task_id: 766, task_name: DASH_FFT, resource_name: fft2, ref_start_time: 2116370293769957, ref_stop_time: 2116370293842497, actual_exe_time: 72540, task_app_start_time:2116367583020641, task_sched_time:2116370293759187
app_id: 0, app_name: SAR_api-aarch64, task_id: 767, task_name: DASH_ZIP, resource_name: zip1, ref_start_time: 2116370298720588, ref_stop_time: 2116370298847188, actual_exe_time: 126600, task_app_start_time:2116367583020641, task_sched_time:2116370298711318
app_id: 0, app_name: SAR_api-aarch64, task_id: 768, task_name: DASH_FFT, resource_name: cpu1, ref_start_time: 2116370302665109, ref_stop_time: 2116370302770979, actual_exe_time: 105870, task_app_start_time:2116367583020641, task_sched_time:2116370302656349
app_id: 0, app_name: SAR_api-aarch64, task_id: 769, task_name: DASH_FFT, resource_name: cpu2, ref_start_time: 2116370344920446, ref_stop_time: 2116370344975136, actual_exe_time: 54690, task_app_start_time:2116367583020641, task_sched_time:2116370344909766
app_id: 0, app_name: SAR_api-aarch64, task_id: 770, task_name: DASH_FFT, resource_name: cpu3, ref_start_time: 2116370346505556, ref_stop_time: 2116370346573866, actual_exe_time: 68310, task_app_start_time:2116367583020641, task_sched_time:2116370345416316
app_id: 0, app_name: SAR_api-aarch64, task_id: 771, task_name: DASH_FFT, resource_name: fft1, ref_start_time: 2116370347347836, ref_stop_time: 2116370347389716, actual_exe_time: 41880, task_app_start_time:2116367583020641, task_sched_time:2116370347233596
app_id: 0, app_name: SAR_api-aarch64, task_id: 772, task_name: DASH_FFT, resource_name: fft2, ref_start_time: 2116370347820576, ref_stop_time: 2116370347874486, actual_exe_time: 53910, task_app_start_time:2116367583020641, task_sched_time:2116370347814246
app_id: 0, app_name: SAR_api-aarch64, task_id: 773, task_name: DASH_FFT, resource_name: cpu1, ref_start_time: 2116370366705729, ref_stop_time: 2116370366761739, actual_exe_time: 56010, task_app_start_time:2116367583020641, task_sched_time:2116370366693159
app_id: 0, app_name: SAR_api-aarch64, task_id: 774, task_name: DASH_FFT, resource_name: cpu2, ref_start_time: 2116370366953169, ref_stop_time: 2116370367014159, actual_exe_time: 60990, task_app_start_time:2116367583020641, task_sched_time:2116370366947589
app_id: 0, app_name: SAR_api-aarch64, task_id: 775, task_name: DASH_FFT, resource_name: cpu3, ref_start_time: 2116370371061790, ref_stop_time: 2116370371109310, actual_exe_time: 47520, task_app_start_time:2116367583020641, task_sched_time:2116370371053540
app_id: 0, app_name: SAR_api-aarch64, task_id: 776, task_name: DASH_FFT, resource_name: fft1, ref_start_time: 2116370374510770, ref_stop_time: 2116370374696110, actual_exe_time: 185340, task_app_start_time:2116367583020641, task_sched_time:2116370374497510
app_id: 0, app_name: SAR_api-aarch64, task_id: 777, task_name: DASH_FFT, resource_name: fft2, ref_start_time: 2116370375125320, ref_stop_time: 2116370375166060, actual_exe_time: 40740, task_app_start_time:2116367583020641, task_sched_time:2116370375117700
app_id: 0, app_name: SAR_api-aarch64, task_id: 778, task_name: DASH_FFT, resource_name: cpu1, ref_start_time: 2116370376520441, ref_stop_time: 2116370376577381, actual_exe_time: 56940, task_app_start_time:2116367583020641, task_sched_time:2116370376410641
app_id: 0, app_name: SAR_api-aarch64, task_id: 779, task_name: DASH_FFT, resource_name: cpu2, ref_start_time: 2116370382986072, ref_stop_time: 2116370383040372, actual_exe_time: 54300, task_app_start_time:2116367583020641, task_sched_time:2116370382976682
app_id: 0, app_name: SAR_api-aarch64, task_id: 780, task_name: DASH_FFT, resource_name: cpu3, ref_start_time: 2116370383578452, ref_stop_time: 2116370383631612, actual_exe_time: 53160, task_app_start_time:2116367583020641, task_sched_time:2116370383571612
app_id: 0, app_name: SAR_api-aarch64, task_id: 781, task_name: DASH_FFT, resource_name: fft1, ref_start_time: 2116370384250332, ref_stop_time: 2116370384291462, actual_exe_time: 41130, task_app_start_time:2116367583020641, task_sched_time:2116370384157212
app_id: 0, app_name: SAR_api-aarch64, task_id: 782, task_name: DASH_FFT, resource_name: fft2, ref_start_time: 2116370398777264, ref_stop_time: 2116370398846264, actual_exe_time: 69000, task_app_start_time:2116367583020641, task_sched_time:2116370398768444
app_id: 0, app_name: SAR_api-aarch64, task_id: 783, task_name: DASH_FFT, resource_name: cpu1, ref_start_time: 2116370399540554, ref_stop_time: 2116370399586844, actual_exe_time: 46290, task_app_start_time:2116367583020641, task_sched_time:2116370399526184
app_id: 0, app_name: SAR_api-aarch64, task_id: 784, task_name: DASH_FFT, resource_name: cpu2, ref_start_time: 2116370400057784, ref_stop_time: 2116370400112654, actual_exe_time: 54870, task_app_start_time:2116367583020641, task_sched_time:2116370400049414
app_id: 0, app_name: SAR_api-aarch64, task_id: 785, task_name: DASH_FFT, resource_name: cpu3, ref_start_time: 2116370403673235, ref_stop_time: 2116370403718595, actual_exe_time: 45360, task_app_start_time:2116367583020641, task_sched_time:2116370403667985
app_id: 0, app_name: SAR_api-aarch64, task_id: 786, task_name: DASH_FFT, resource_name: fft1, ref_start_time: 2116370404181705, ref_stop_time: 2116370404233575, actual_exe_time: 51870, task_app_start_time:2116367583020641, task_sched_time:2116370404176275
app_id: 0, app_name: SAR_api-aarch64, task_id: 787, task_name: DASH_FFT, resource_name: fft2, ref_start_time: 2116370404606685, ref_stop_time: 2116370404647485, actual_exe_time: 40800, task_app_start_time:2116367583020641, task_sched_time:2116370404597295
app_id: 0, app_name: SAR_api-aarch64, task_id: 788, task_name: DASH_FFT, resource_name: cpu1, ref_start_time: 2116370405711705, ref_stop_time: 2116370405768825, actual_exe_time: 57120, task_app_start_time:2116367583020641, task_sched_time:2116370405707115
app_id: 0, app_name: SAR_api-aarch64, task_id: 789, task_name: DASH_FFT, resource_name: cpu2, ref_start_time: 2116370409640236, ref_stop_time: 2116370409695676, actual_exe_time: 55440, task_app_start_time:2116367583020641, task_sched_time:2116370409633726
app_id: 0, app_name: SAR_api-aarch64, task_id: 790, task_name: DASH_FFT, resource_name: cpu3, ref_start_time: 2116370410280076, ref_stop_time: 2116370410330266, actual_exe_time: 50190, task_app_start_time:2116367583020641, task_sched_time:2116370410273056
app_id: 0, app_name: SAR_api-aarch64, task_id: 791, task_name: DASH_FFT, resource_name: fft1, ref_start_time: 2116370410894986, ref_stop_time: 2116370410936236, actual_exe_time: 41250, task_app_start_time:2116367583020641, task_sched_time:2116370410888956
app_id: 0, app_name: SAR_api-aarch64, task_id: 792, task_name: DASH_FFT, resource_name: fft2, ref_start_time: 2116370411344446, ref_stop_time: 2116370411408226, actual_exe_time: 63780, task_app_start_time:2116367583020641, task_sched_time:2116370411337216
app_id: 0, app_name: SAR_api-aarch64, task_id: 793, task_name: DASH_FFT, resource_name: cpu1, ref_start_time: 2116370415258787, ref_stop_time: 2116370415307327, actual_exe_time: 48540, task_app_start_time:2116367583020641, task_sched_time:2116370415243847
app_id: 0, app_name: SAR_api-aarch64, task_id: 794, task_name: DASH_FFT, resource_name: cpu2, ref_start_time: 2116370415775507, ref_stop_time: 2116370415831787, actual_exe_time: 56280, task_app_start_time:2116367583020641, task_sched_time:2116370415769867
app_id: 0, app_name: SAR_api-aarch64, task_id: 795, task_name: DASH_FFT, resource_name: cpu3, ref_start_time: 2116370418960637, ref_stop_time: 2116370419002427, actual_exe_time: 41790, task_app_start_time:2116367583020641, task_sched_time:2116370418955507
app_id: 0, app_name: SAR_api-aarch64, task_id: 796, task_name: DASH_FFT, resource_name: fft1, ref_start_time: 2116370422007528, ref_stop_time: 2116370422058918, actual_exe_time: 51390, task_app_start_time:2116367583020641, task_sched_time:2116370422000448
app_id: 0, app_name: SAR_api-aarch64, task_id: 797, task_name: DASH_FFT, resource_name: fft2, ref_start_time: 2116370422438718, ref_stop_time: 2116370422496918, actual_exe_time: 58200, task_app_start_time:2116367583020641, task_sched_time:2116370422434128
app_id: 0, app_name: SAR_api-aarch64, task_id: 798, task_name: DASH_FFT, resource_name: cpu1, ref_start_time: 2116370423942558, ref_stop_time: 2116370424007958, actual_exe_time: 65400, task_app_start_time:2116367583020641, task_sched_time:2116370423938178
app_id: 0, app_name: SAR_api-aarch64, task_id: 799, task_name: DASH_FFT, resource_name: cpu2, ref_start_time: 2116370424614858, ref_stop_time: 2116370424659978, actual_exe_time: 45120, task_app_start_time:2116367583020641, task_sched_time:2116370424610958
app_id: 0, app_name: SAR_api-aarch64, task_id: 800, task_name: DASH_FFT, resource_name: cpu3, ref_start_time: 2116370430844809, ref_stop_time: 2116370431078599, actual_exe_time: 233790, task_app_start_time:2116367583020641, task_sched_time:2116370430838869
app_id: 0, app_name: SAR_api-aarch64, task_id: 801, task_name: DASH_FFT, resource_name: fft1, ref_start_time: 2116370431667170, ref_stop_time: 2116370431708990, actual_exe_time: 41820, task_app_start_time:2116367583020641, task_sched_time:2116370431662100
app_id: 0, app_name: SAR_api-aarch64, task_id: 802, task_name: DASH_FFT, resource_name: fft2, ref_start_time: 2116370434550860, ref_stop_time: 2116370434607200, actual_exe_time: 56340, task_app_start_time:2116367583020641, task_sched_time:2116370434542100
app_id: 0, app_name: SAR_api-aarch64, task_id: 803, task_name: DASH_FFT, resource_name: cpu1, ref_start_time: 2116370435102620, ref_stop_time: 2116370435146990, actual_exe_time: 44370, task_app_start_time:2116367583020641, task_sched_time:2116370435081560
app_id: 0, app_name: SAR_api-aarch64, task_id: 804, task_name: DASH_FFT, resource_name: cpu2, ref_start_time: 2116370438850251, ref_stop_time: 2116370438910821, actual_exe_time: 60570, task_app_start_time:2116367583020641, task_sched_time:2116370438845751
app_id: 0, app_name: SAR_api-aarch64, task_id: 805, task_name: DASH_FFT, resource_name: cpu3, ref_start_time: 2116370439361691, ref_stop_time: 2116370439402551, actual_exe_time: 40860, task_app_start_time:2116367583020641, task_sched_time:2116370439354551
app_id: 0, app_name: SAR_api-aarch64, task_id: 806, task_name: DASH_FFT, resource_name: fft1, ref_start_time: 2116370440213691, ref_stop_time: 2116370440263461, actual_exe_time: 49770, task_app_start_time:2116367583020641, task_sched_time:2116370440208981
app_id: 0, app_name: SAR_api-aarch64, task_id: 807, task_name: DASH_FFT, resource_name: fft2, ref_start_time: 2116370440752551, ref_stop_time: 2116370440793741, actual_exe_time: 41190, task_app_start_time:2116367583020641, task_sched_time:2116370440748801
app_id: 0, app_name: SAR_api-aarch64, task_id: 808, task_name: DASH_FFT, resource_name: cpu1, ref_start_time: 2116370441601731, ref_stop_time: 2116370441653721, actual_exe_time: 51990, task_app_start_time:2116367583020641, task_sched_time:2116370441581331
app_id: 0, app_name: SAR_api-aarch64, task_id: 809, task_name: DASH_FFT, resource_name: cpu2, ref_start_time: 2116370446544892, ref_stop_time: 2116370446599942, actual_exe_time: 55050, task_app_start_time:2116367583020641, task_sched_time:2116370446538772
app_id: 0, app_name: SAR_api-aarch64, task_id: 810, task_name: DASH_FFT, resource_name: cpu3, ref_start_time: 2116370447236152, ref_stop_time: 2116370447287752, actual_exe_time: 51600, task_app_start_time:2116367583020641, task_sched_time:2116370447228112
app_id: 0, app_name: SAR_api-aarch64, task_id: 811, task_name: DASH_FFT, resource_name: fft1, ref_start_time: 2116370450691193, ref_stop_time: 2116370450734153, actual_exe_time: 42960, task_app_start_time:2116367583020641, task_sched_time:2116370450657143
app_id: 0, app_name: SAR_api-aarch64, task_id: 812, task_name: DASH_FFT, resource_name: fft2, ref_start_time: 2116370454635323, ref_stop_time: 2116370454695473, actual_exe_time: 60150, task_app_start_time:2116367583020641, task_sched_time:2116370454625243
app_id: 0, app_name: SAR_api-aarch64, task_id: 813, task_name: DASH_FFT, resource_name: cpu1, ref_start_time: 2116370456414683, ref_stop_time: 2116370456468714, actual_exe_time: 54031, task_app_start_time:2116367583020641, task_sched_time:2116370456403703
app_id: 0, app_name: SAR_api-aarch64, task_id: 814, task_name: DASH_FFT, resource_name: cpu2, ref_start_time: 2116370457224624, ref_stop_time: 2116370457280274, actual_exe_time: 55650, task_app_start_time:2116367583020641, task_sched_time:2116370457218144
app_id: 0, app_name: SAR_api-aarch64, task_id: 815, task_name: DASH_FFT, resource_name: cpu3, ref_start_time: 2116370460453614, ref_stop_time: 2116370460506444, actual_exe_time: 52830, task_app_start_time:2116367583020641, task_sched_time:2116370457716804
app_id: 0, app_name: SAR_api-aarch64, task_id: 816, task_name: DASH_FFT, resource_name: fft1, ref_start_time: 2116370466843945, ref_stop_time: 2116370466904605, actual_exe_time: 60660, task_app_start_time:2116367583020641, task_sched_time:2116370466830385
app_id: 0, app_name: SAR_api-aarch64, task_id: 817, task_name: DASH_FFT, resource_name: fft2, ref_start_time: 2116370467101225, ref_stop_time: 2116370467144215, actual_exe_time: 42990, task_app_start_time:2116367583020641, task_sched_time:2116370467096965
app_id: 0, app_name: SAR_api-aarch64, task_id: 818, task_name: DASH_FFT, resource_name: cpu1, ref_start_time: 2116370469920986, ref_stop_time: 2116370469977746, actual_exe_time: 56760, task_app_start_time:2116367583020641, task_sched_time:2116370469914836
app_id: 0, app_name: SAR_api-aarch64, task_id: 819, task_name: DASH_FFT, resource_name: cpu2, ref_start_time: 2116370471161546, ref_stop_time: 2116370471208646, actual_exe_time: 47100, task_app_start_time:2116367583020641, task_sched_time:2116370471078086
app_id: 0, app_name: SAR_api-aarch64, task_id: 820, task_name: DASH_FFT, resource_name: cpu3, ref_start_time: 2116370471901226, ref_stop_time: 2116370471958436, actual_exe_time: 57210, task_app_start_time:2116367583020641, task_sched_time:2116370471896636
app_id: 0, app_name: SAR_api-aarch64, task_id: 821, task_name: DASH_FFT, resource_name: fft1, ref_start_time: 2116370475275447, ref_stop_time: 2116370475322097, actual_exe_time: 46650, task_app_start_time:2116367583020641, task_sched_time:2116370475144587
app_id: 0, app_name: SAR_api-aarch64, task_id: 822, task_name: DASH_FFT, resource_name: fft2, ref_start_time: 2116370482559958, ref_stop_time: 2116370482625388, actual_exe_time: 65430, task_app_start_time:2116367583020641, task_sched_time:2116370482548798
app_id: 0, app_name: SAR_api-aarch64, task_id: 823, task_name: DASH_FFT, resource_name: cpu1, ref_start_time: 2116370485221078, ref_stop_time: 2116370485276488, actual_exe_time: 55410, task_app_start_time:2116367583020641, task_sched_time:2116370485215378
app_id: 0, app_name: SAR_api-aarch64, task_id: 824, task_name: DASH_FFT, resource_name: cpu2, ref_start_time: 2116370486092668, ref_stop_time: 2116370486154558, actual_exe_time: 61890, task_app_start_time:2116367583020641, task_sched_time:2116370486079498
app_id: 0, app_name: SAR_api-aarch64, task_id: 825, task_name: DASH_FFT, resource_name: cpu3, ref_start_time: 2116370490611629, ref_stop_time: 2116370490664489, actual_exe_time: 52860, task_app_start_time:2116367583020641, task_sched_time:2116370490604129
app_id: 0, app_name: SAR_api-aarch64, task_id: 826, task_name: DASH_FFT, resource_name: fft1, ref_start_time: 2116370494899200, ref_stop_time: 2116370494955690, actual_exe_time: 56490, task_app_start_time:2116367583020641, task_sched_time:2116370494890980
app_id: 0, app_name: SAR_api-aarch64, task_id: 827, task_name: DASH_FFT, resource_name: fft2, ref_start_time: 2116370498552030, ref_stop_time: 2116370498597660, actual_exe_time: 45630, task_app_start_time:2116367583020641, task_sched_time:2116370498542790
app_id: 0, app_name: SAR_api-aarch64, task_id: 828, task_name: DASH_FFT, resource_name: cpu1, ref_start_time: 2116370500146771, ref_stop_time: 2116370500205961, actual_exe_time: 59190, task_app_start_time:2116367583020641, task_sched_time:2116370500134771
app_id: 0, app_name: SAR_api-aarch64, task_id: 829, task_name: DASH_FFT, resource_name: cpu2, ref_start_time: 2116370507081092, ref_stop_time: 2116370507255152, actual_exe_time: 174060, task_app_start_time:2116367583020641, task_sched_time:2116370507073022
app_id: 0, app_name: SAR_api-aarch64, task_id: 830, task_name: DASH_FFT, resource_name: cpu3, ref_start_time: 2116370510545582, ref_stop_time: 2116370510611252, actual_exe_time: 65670, task_app_start_time:2116367583020641, task_sched_time:2116370510541892
app_id: 0, app_name: SAR_api-aarch64, task_id: 831, task_name: DASH_FFT, resource_name: fft1, ref_start_time: 2116370510923012, ref_stop_time: 2116370510966842, actual_exe_time: 43830, task_app_start_time:2116367583020641, task_sched_time:2116370510912182
app_id: 0, app_name: SAR_api-aarch64, task_id: 832, task_name: DASH_FFT, resource_name: fft2, ref_start_time: 2116370514245963, ref_stop_time: 2116370514374963, actual_exe_time: 129000, task_app_start_time:2116367583020641, task_sched_time:2116370514241403
app_id: 0, app_name: SAR_api-aarch64, task_id: 833, task_name: DASH_FFT, resource_name: cpu1, ref_start_time: 2116370515199453, ref_stop_time: 2116370515248233, actual_exe_time: 48780, task_app_start_time:2116367583020641, task_sched_time:2116370515151213
app_id: 0, app_name: SAR_api-aarch64, task_id: 834, task_name: DASH_FFT, resource_name: cpu2, ref_start_time: 2116370519320794, ref_stop_time: 2116370519387964, actual_exe_time: 67170, task_app_start_time:2116367583020641, task_sched_time:2116370519102754
app_id: 0, app_name: SAR_api-aarch64, task_id: 835, task_name: DASH_FFT, resource_name: cpu3, ref_start_time: 2116370522562294, ref_stop_time: 2116370522612754, actual_exe_time: 50460, task_app_start_time:2116367583020641, task_sched_time:2116370522555184
app_id: 0, app_name: SAR_api-aarch64, task_id: 836, task_name: DASH_FFT, resource_name: fft1, ref_start_time: 2116370526576745, ref_stop_time: 2116370526635335, actual_exe_time: 58590, task_app_start_time:2116367583020641, task_sched_time:2116370526566185
app_id: 0, app_name: SAR_api-aarch64, task_id: 837, task_name: DASH_FFT, resource_name: fft2, ref_start_time: 2116370528476015, ref_stop_time: 2116370528559775, actual_exe_time: 83760, task_app_start_time:2116367583020641, task_sched_time:2116370528470795
app_id: 0, app_name: SAR_api-aarch64, task_id: 838, task_name: DASH_FFT, resource_name: cpu1, ref_start_time: 2116370531009725, ref_stop_time: 2116370531071406, actual_exe_time: 61681, task_app_start_time:2116367583020641, task_sched_time:2116370530952335
app_id: 0, app_name: SAR_api-aarch64, task_id: 839, task_name: DASH_FFT, resource_name: cpu2, ref_start_time: 2116370538879777, ref_stop_time: 2116370538939177, actual_exe_time: 59400, task_app_start_time:2116367583020641, task_sched_time:2116370538869007
app_id: 0, app_name: SAR_api-aarch64, task_id: 840, task_name: DASH_FFT, resource_name: cpu3, ref_start_time: 2116370539347747, ref_stop_time: 2116370539405797, actual_exe_time: 58050, task_app_start_time:2116367583020641, task_sched_time:2116370539338117
app_id: 0, app_name: SAR_api-aarch64, task_id: 841, task_name: DASH_FFT, resource_name: fft1, ref_start_time: 2116370542557447, ref_stop_time: 2116370542599717, actual_exe_time: 42270, task_app_start_time:2116367583020641, task_sched_time:2116370542545567
app_id: 0, app_name: SAR_api-aarch64, task_id: 842, task_name: DASH_FFT, resource_name: fft2, ref_start_time: 2116370542910307, ref_stop_time: 2116370542968447, actual_exe_time: 58140, task_app_start_time:2116367583020641, task_sched_time:2116370542906257
app_id: 0, app_name: SAR_api-aarch64, task_id: 843, task_name: DASH_FFT, resource_name: cpu1, ref_start_time: 2116370546990938, ref_stop_time: 2116370547043768, actual_exe_time: 52830, task_app_start_time:2116367583020641, task_sched_time:2116370546974528
app_id: 0, app_name: SAR_api-aarch64, task_id: 844, task_name: DASH_FFT, resource_name: cpu2, ref_start_time: 2116370550588149, ref_stop_time: 2116370550668519, actual_exe_time: 80370, task_app_start_time:2116367583020641, task_sched_time:2116370550582449
app_id: 0, app_name: SAR_api-aarch64, task_id: 845, task_name: DASH_FFT, resource_name: cpu3, ref_start_time: 2116370554731209, ref_stop_time: 2116370554781489, actual_exe_time: 50280, task_app_start_time:2116367583020641, task_sched_time:2116370554724999
app_id: 0, app_name: SAR_api-aarch64, task_id: 846, task_name: DASH_FFT, resource_name: fft1, ref_start_time: 2116370557076580, ref_stop_time: 2116370557134270, actual_exe_time: 57690, task_app_start_time:2116367583020641, task_sched_time:2116370557066080
app_id: 0, app_name: SAR_api-aarch64, task_id: 847, task_name: DASH_FFT, resource_name: fft2, ref_start_time: 2116370557641180, ref_stop_time: 2116370557689150, actual_exe_time: 47970, task_app_start_time:2116367583020641, task_sched_time:2116370557572450
app_id: 0, app_name: SAR_api-aarch64, task_id: 848, task_name: DASH_FFT, resource_name: cpu1, ref_start_time: 2116370566620061, ref_stop_time: 2116370566685311, actual_exe_time: 65250, task_app_start_time:2116367583020641, task_sched_time:2116370566604401
app_id: 0, app_name: SAR_api-aarch64, task_id: 849, task_name: DASH_FFT, resource_name: cpu2, ref_start_time: 2116370567133451, ref_stop_time: 2116370567179501, actual_exe_time: 46050, task_app_start_time:2116367583020641, task_sched_time:2116370567126791
app_id: 0, app_name: SAR_api-aarch64, task_id: 850, task_name: DASH_FFT, resource_name: cpu3, ref_start_time: 2116370571359162, ref_stop_time: 2116370571423602, actual_exe_time: 64440, task_app_start_time:2116367583020641, task_sched_time:2116370571179132
app_id: 0, app_name: SAR_api-aarch64, task_id: 851, task_name: DASH_FFT, resource_name: fft1, ref_start_time: 2116370574538083, ref_stop_time: 2116370574584853, actual_exe_time: 46770, task_app_start_time:2116367583020641, task_sched_time:2116370574530793
app_id: 0, app_name: SAR_api-aarch64, task_id: 852, task_name: DASH_FFT, resource_name: fft2, ref_start_time: 2116370578612743, ref_stop_time: 2116370578676343, actual_exe_time: 63600, task_app_start_time:2116367583020641, task_sched_time:2116370578606503
app_id: 0, app_name: SAR_api-aarch64, task_id: 853, task_name: DASH_FFT, resource_name: cpu1, ref_start_time: 2116370582678074, ref_stop_time: 2116370582727964, actual_exe_time: 49890, task_app_start_time:2116367583020641, task_sched_time:2116370582621824
app_id: 0, app_name: SAR_api-aarch64, task_id: 854, task_name: DASH_FFT, resource_name: cpu2, ref_start_time: 2116370584824814, ref_stop_time: 2116370584890454, actual_exe_time: 65640, task_app_start_time:2116367583020641, task_sched_time:2116370584821004
app_id: 0, app_name: SAR_api-aarch64, task_id: 855, task_name: DASH_FFT, resource_name: cpu3, ref_start_time: 2116370585326654, ref_stop_time: 2116370585371834, actual_exe_time: 45180, task_app_start_time:2116367583020641, task_sched_time:2116370585259994
app_id: 0, app_name: SAR_api-aarch64, task_id: 856, task_name: DASH_FFT, resource_name: fft1, ref_start_time: 2116370590742045, ref_stop_time: 2116370590798715, actual_exe_time: 56670, task_app_start_time:2116367583020641, task_sched_time:2116370590599875
app_id: 0, app_name: SAR_api-aarch64, task_id: 857, task_name: DASH_FFT, resource_name: fft2, ref_start_time: 2116370598268506, ref_stop_time: 2116370598324336, actual_exe_time: 55830, task_app_start_time:2116367583020641, task_sched_time:2116370598259596
app_id: 0, app_name: SAR_api-aarch64, task_id: 858, task_name: DASH_FFT, resource_name: cpu1, ref_start_time: 2116370602802407, ref_stop_time: 2116370602866037, actual_exe_time: 63630, task_app_start_time:2116367583020641, task_sched_time:2116370602780927
app_id: 0, app_name: SAR_api-aarch64, task_id: 859, task_name: DASH_FFT, resource_name: cpu2, ref_start_time: 2116370603277967, ref_stop_time: 2116370603324917, actual_exe_time: 46950, task_app_start_time:2116367583020641, task_sched_time:2116370603038177
app_id: 0, app_name: SAR_api-aarch64, task_id: 860, task_name: DASH_FFT, resource_name: cpu3, ref_start_time: 2116370611071728, ref_stop_time: 2116370611146638, actual_exe_time: 74910, task_app_start_time:2116367583020641, task_sched_time:2116370611063028
app_id: 0, app_name: SAR_api-aarch64, task_id: 861, task_name: DASH_FFT, resource_name: fft1, ref_start_time: 2116370612436099, ref_stop_time: 2116370612613129, actual_exe_time: 177030, task_app_start_time:2116367583020641, task_sched_time:2116370612401959
app_id: 0, app_name: SAR_api-aarch64, task_id: 862, task_name: DASH_FFT, resource_name: fft2, ref_start_time: 2116370618608570, ref_stop_time: 2116370618711050, actual_exe_time: 102480, task_app_start_time:2116367583020641, task_sched_time:2116370618600950
app_id: 0, app_name: SAR_api-aarch64, task_id: 863, task_name: DASH_FFT, resource_name: cpu1, ref_start_time: 2116370625639431, ref_stop_time: 2116370625690431, actual_exe_time: 51000, task_app_start_time:2116367583020641, task_sched_time:2116370625631601
app_id: 0, app_name: SAR_api-aarch64, task_id: 864, task_name: DASH_FFT, resource_name: cpu2, ref_start_time: 2116370626328141, ref_stop_time: 2116370626397441, actual_exe_time: 69300, task_app_start_time:2116367583020641, task_sched_time:2116370626321001
app_id: 0, app_name: SAR_api-aarch64, task_id: 865, task_name: DASH_FFT, resource_name: cpu3, ref_start_time: 2116370630586522, ref_stop_time: 2116370630639772, actual_exe_time: 53250, task_app_start_time:2116367583020641, task_sched_time:2116370630580912
app_id: 0, app_name: SAR_api-aarch64, task_id: 866, task_name: DASH_FFT, resource_name: fft1, ref_start_time: 2116370634651222, ref_stop_time: 2116370634707592, actual_exe_time: 56370, task_app_start_time:2116367583020641, task_sched_time:2116370634577722
app_id: 0, app_name: SAR_api-aarch64, task_id: 867, task_name: DASH_FFT, resource_name: fft2, ref_start_time: 2116370638554103, ref_stop_time: 2116370638598353, actual_exe_time: 44250, task_app_start_time:2116367583020641, task_sched_time:2116370638546153
app_id: 0, app_name: SAR_api-aarch64, task_id: 868, task_name: DASH_FFT, resource_name: cpu1, ref_start_time: 2116370640010063, ref_stop_time: 2116370640069073, actual_exe_time: 59010, task_app_start_time:2116367583020641, task_sched_time:2116370640002983
app_id: 0, app_name: SAR_api-aarch64, task_id: 869, task_name: DASH_FFT, resource_name: cpu2, ref_start_time: 2116370640341233, ref_stop_time: 2116370640756013, actual_exe_time: 414780, task_app_start_time:2116367583020641, task_sched_time:2116370640338293
app_id: 0, app_name: SAR_api-aarch64, task_id: 870, task_name: DASH_FFT, resource_name: cpu3, ref_start_time: 2116370646763874, ref_stop_time: 2116370646835634, actual_exe_time: 71760, task_app_start_time:2116367583020641, task_sched_time:2116370646756764
app_id: 0, app_name: SAR_api-aarch64, task_id: 871, task_name: DASH_FFT, resource_name: fft1, ref_start_time: 2116370650566375, ref_stop_time: 2116370650610445, actual_exe_time: 44070, task_app_start_time:2116367583020641, task_sched_time:2116370650549635
app_id: 0, app_name: SAR_api-aarch64, task_id: 872, task_name: DASH_FFT, resource_name: fft2, ref_start_time: 2116370654155335, ref_stop_time: 2116370654215755, actual_exe_time: 60420, task_app_start_time:2116367583020641, task_sched_time:2116370654150925
app_id: 0, app_name: SAR_api-aarch64, task_id: 873, task_name: DASH_FFT, resource_name: cpu1, ref_start_time: 2116370659565866, ref_stop_time: 2116370659614976, actual_exe_time: 49110, task_app_start_time:2116367583020641, task_sched_time:2116370659548136
app_id: 0, app_name: SAR_api-aarch64, task_id: 874, task_name: DASH_FFT, resource_name: cpu2, ref_start_time: 2116370660122696, ref_stop_time: 2116370660181436, actual_exe_time: 58740, task_app_start_time:2116367583020641, task_sched_time:2116370660113396
app_id: 0, app_name: SAR_api-aarch64, task_id: 875, task_name: DASH_FFT, resource_name: cpu3, ref_start_time: 2116370660647756, ref_stop_time: 2116370660693146, actual_exe_time: 45390, task_app_start_time:2116367583020641, task_sched_time:2116370660639926
app_id: 0, app_name: SAR_api-aarch64, task_id: 876, task_name: DASH_FFT, resource_name: fft1, ref_start_time: 2116370667210257, ref_stop_time: 2116370667278927, actual_exe_time: 68670, task_app_start_time:2116367583020641, task_sched_time:2116370667194837
app_id: 0, app_name: SAR_api-aarch64, task_id: 877, task_name: DASH_FFT, resource_name: fft2, ref_start_time: 2116370667737028, ref_stop_time: 2116370667777108, actual_exe_time: 40080, task_app_start_time:2116367583020641, task_sched_time:2116370667732378
app_id: 0, app_name: SAR_api-aarch64, task_id: 878, task_name: DASH_FFT, resource_name: cpu1, ref_start_time: 2116370668344198, ref_stop_time: 2116370668397118, actual_exe_time: 52920, task_app_start_time:2116367583020641, task_sched_time:2116370668340568
app_id: 0, app_name: SAR_api-aarch64, task_id: 879, task_name: DASH_FFT, resource_name: cpu2, ref_start_time: 2116370668808898, ref_stop_time: 2116370668854348, actual_exe_time: 45450, task_app_start_time:2116367583020641, task_sched_time:2116370668804278
app_id: 0, app_name: SAR_api-aarch64, task_id: 880, task_name: DASH_FFT, resource_name: cpu3, ref_start_time: 2116370670920088, ref_stop_time: 2116370670978798, actual_exe_time: 58710, task_app_start_time:2116367583020641, task_sched_time:2116370670864228
app_id: 0, app_name: SAR_api-aarch64, task_id: 881, task_name: DASH_FFT, resource_name: fft1, ref_start_time: 2116370671447638, ref_stop_time: 2116370671487718, actual_exe_time: 40080, task_app_start_time:2116367583020641, task_sched_time:2116370671425228
app_id: 0, app_name: SAR_api-aarch64, task_id: 882, task_name: DASH_FFT, resource_name: fft2, ref_start_time: 2116370671899858, ref_stop_time: 2116370671951188, actual_exe_time: 51330, task_app_start_time:2116367583020641, task_sched_time:2116370671893288
app_id: 0, app_name: SAR_api-aarch64, task_id: 883, task_name: DASH_FFT, resource_name: cpu1, ref_start_time: 2116370672778318, ref_stop_time: 2116370672823498, actual_exe_time: 45180, task_app_start_time:2116367583020641, task_sched_time:2116370672727408
app_id: 0, app_name: SAR_api-aarch64, task_id: 884, task_name: DASH_FFT, resource_name: cpu2, ref_start_time: 2116370673258888, ref_stop_time: 2116370673315048, actual_exe_time: 56160, task_app_start_time:2116367583020641, task_sched_time:2116370673255708
app_id: 0, app_name: SAR_api-aarch64, task_id: 885, task_name: DASH_FFT, resource_name: cpu3, ref_start_time: 2116370674547359, ref_stop_time: 2116370674595959, actual_exe_time: 48600, task_app_start_time:2116367583020641, task_sched_time:2116370673932869
app_id: 0, app_name: SAR_api-aarch64, task_id: 886, task_name: DASH_FFT, resource_name: fft1, ref_start_time: 2116370675058379, ref_stop_time: 2116370675108899, actual_exe_time: 50520, task_app_start_time:2116367583020641, task_sched_time:2116370675047849
app_id: 0, app_name: SAR_api-aarch64, task_id: 887, task_name: DASH_FFT, resource_name: fft2, ref_start_time: 2116370678797069, ref_stop_time: 2116370678846509, actual_exe_time: 49440, task_app_start_time:2116367583020641, task_sched_time:2116370678787919
app_id: 0, app_name: SAR_api-aarch64, task_id: 888, task_name: DASH_FFT, resource_name: cpu1, ref_start_time: 2116370682530060, ref_stop_time: 2116370682601640, actual_exe_time: 71580, task_app_start_time:2116367583020641, task_sched_time:2116370682521900
app_id: 0, app_name: SAR_api-aarch64, task_id: 889, task_name: DASH_FFT, resource_name: cpu2, ref_start_time: 2116370683171190, ref_stop_time: 2116370683216910, actual_exe_time: 45720, task_app_start_time:2116367583020641, task_sched_time:2116370683162040
app_id: 0, app_name: SAR_api-aarch64, task_id: 890, task_name: DASH_FFT, resource_name: cpu3, ref_start_time: 2116370686676061, ref_stop_time: 2116370686736841, actual_exe_time: 60780, task_app_start_time:2116367583020641, task_sched_time:2116370686669521
app_id: 0, app_name: SAR_api-aarch64, task_id: 891, task_name: DASH_FFT, resource_name: fft1, ref_start_time: 2116370687172051, ref_stop_time: 2116370687211831, actual_exe_time: 39780, task_app_start_time:2116367583020641, task_sched_time:2116370687131011
app_id: 0, app_name: SAR_api-aarch64, task_id: 892, task_name: DASH_FFT, resource_name: fft2, ref_start_time: 2116370687581881, ref_stop_time: 2116370687634081, actual_exe_time: 52200, task_app_start_time:2116367583020641, task_sched_time:2116370687577111
app_id: 0, app_name: SAR_api-aarch64, task_id: 893, task_name: DASH_FFT, resource_name: cpu1, ref_start_time: 2116370689430331, ref_stop_time: 2116370689481601, actual_exe_time: 51270, task_app_start_time:2116367583020641, task_sched_time:2116370689409091
app_id: 0, app_name: SAR_api-aarch64, task_id: 894, task_name: DASH_FFT, resource_name: cpu2, ref_start_time: 2116370695109422, ref_stop_time: 2116370695180192, actual_exe_time: 70770, task_app_start_time:2116367583020641, task_sched_time:2116370695102132
app_id: 0, app_name: SAR_api-aarch64, task_id: 895, task_name: DASH_FFT, resource_name: cpu3, ref_start_time: 2116370695528012, ref_stop_time: 2116370695571632, actual_exe_time: 43620, task_app_start_time:2116367583020641, task_sched_time:2116370695518862
app_id: 0, app_name: SAR_api-aarch64, task_id: 896, task_name: DASH_FFT, resource_name: fft1, ref_start_time: 2116370696237032, ref_stop_time: 2116370696286922, actual_exe_time: 49890, task_app_start_time:2116367583020641, task_sched_time:2116370696233942
app_id: 0, app_name: SAR_api-aarch64, task_id: 897, task_name: DASH_FFT, resource_name: fft2, ref_start_time: 2116370696740822, ref_stop_time: 2116370696782342, actual_exe_time: 41520, task_app_start_time:2116367583020641, task_sched_time:2116370696733682
app_id: 0, app_name: SAR_api-aarch64, task_id: 898, task_name: DASH_FFT, resource_name: cpu1, ref_start_time: 2116370703368693, ref_stop_time: 2116370703429683, actual_exe_time: 60990, task_app_start_time:2116367583020641, task_sched_time:2116370703343523
app_id: 0, app_name: SAR_api-aarch64, task_id: 899, task_name: DASH_FFT, resource_name: cpu2, ref_start_time: 2116370703979703, ref_stop_time: 2116370704024283, actual_exe_time: 44580, task_app_start_time:2116367583020641, task_sched_time:2116370703971663
app_id: 0, app_name: SAR_api-aarch64, task_id: 900, task_name: DASH_FFT, resource_name: cpu3, ref_start_time: 2116370704470563, ref_stop_time: 2116370704524743, actual_exe_time: 54180, task_app_start_time:2116367583020641, task_sched_time:2116370704462373
app_id: 0, app_name: SAR_api-aarch64, task_id: 901, task_name: DASH_FFT, resource_name: fft1, ref_start_time: 2116370704943063, ref_stop_time: 2116370704983023, actual_exe_time: 39960, task_app_start_time:2116367583020641, task_sched_time:2116370704889693
app_id: 0, app_name: SAR_api-aarch64, task_id: 902, task_name: DASH_FFT, resource_name: fft2, ref_start_time: 2116370706120534, ref_stop_time: 2116370706173124, actual_exe_time: 52590, task_app_start_time:2116367583020641, task_sched_time:2116370706115614
app_id: 0, app_name: SAR_api-aarch64, task_id: 903, task_name: DASH_FFT, resource_name: cpu1, ref_start_time: 2116370707700064, ref_stop_time: 2116370707745634, actual_exe_time: 45570, task_app_start_time:2116367583020641, task_sched_time:2116370707691124
app_id: 0, app_name: SAR_api-aarch64, task_id: 904, task_name: DASH_FFT, resource_name: cpu2, ref_start_time: 2116370710792824, ref_stop_time: 2116370710856844, actual_exe_time: 64020, task_app_start_time:2116367583020641, task_sched_time:2116370710786044
app_id: 0, app_name: SAR_api-aarch64, task_id: 905, task_name: DASH_FFT, resource_name: cpu3, ref_start_time: 2116370714532385, ref_stop_time: 2116370714588065, actual_exe_time: 55680, task_app_start_time:2116367583020641, task_sched_time:2116370711943775
app_id: 0, app_name: SAR_api-aarch64, task_id: 906, task_name: DASH_FFT, resource_name: fft1, ref_start_time: 2116370718811976, ref_stop_time: 2116370718870506, actual_exe_time: 58530, task_app_start_time:2116367583020641, task_sched_time:2116370718807716
app_id: 0, app_name: SAR_api-aarch64, task_id: 907, task_name: DASH_FFT, resource_name: fft2, ref_start_time: 2116370719363646, ref_stop_time: 2116370719404386, actual_exe_time: 40740, task_app_start_time:2116367583020641, task_sched_time:2116370719358816
app_id: 0, app_name: SAR_api-aarch64, task_id: 908, task_name: DASH_FFT, resource_name: cpu1, ref_start_time: 2116370722772696, ref_stop_time: 2116370722829066, actual_exe_time: 56370, task_app_start_time:2116367583020641, task_sched_time:2116370722756166
app_id: 0, app_name: SAR_api-aarch64, task_id: 909, task_name: DASH_FFT, resource_name: cpu2, ref_start_time: 2116370726843817, ref_stop_time: 2116370726901687, actual_exe_time: 57870, task_app_start_time:2116367583020641, task_sched_time:2116370726835207
app_id: 0, app_name: SAR_api-aarch64, task_id: 910, task_name: DASH_FFT, resource_name: cpu3, ref_start_time: 2116370730834058, ref_stop_time: 2116370730899368, actual_exe_time: 65310, task_app_start_time:2116367583020641, task_sched_time:2116370730827698
app_id: 0, app_name: SAR_api-aarch64, task_id: 911, task_name: DASH_FFT, resource_name: fft1, ref_start_time: 2116370734649608, ref_stop_time: 2116370734693048, actual_exe_time: 43440, task_app_start_time:2116367583020641, task_sched_time:2116370734526728
app_id: 0, app_name: SAR_api-aarch64, task_id: 912, task_name: DASH_FFT, resource_name: fft2, ref_start_time: 2116370735116288, ref_stop_time: 2116370735173588, actual_exe_time: 57300, task_app_start_time:2116367583020641, task_sched_time:2116370735112838
app_id: 0, app_name: SAR_api-aarch64, task_id: 913, task_name: DASH_FFT, resource_name: cpu1, ref_start_time: 2116370737609499, ref_stop_time: 2116370737658009, actual_exe_time: 48510, task_app_start_time:2116367583020641, task_sched_time:2116370737603379
app_id: 0, app_name: SAR_api-aarch64, task_id: 914, task_name: DASH_FFT, resource_name: cpu2, ref_start_time: 2116370738244149, ref_stop_time: 2116370738303009, actual_exe_time: 58860, task_app_start_time:2116367583020641, task_sched_time:2116370738234819
app_id: 0, app_name: SAR_api-aarch64, task_id: 915, task_name: DASH_FFT, resource_name: cpu3, ref_start_time: 2116370742088079, ref_stop_time: 2116370742137189, actual_exe_time: 49110, task_app_start_time:2116367583020641, task_sched_time:2116370742079079
app_id: 0, app_name: SAR_api-aarch64, task_id: 916, task_name: DASH_FFT, resource_name: fft1, ref_start_time: 2116370743390500, ref_stop_time: 2116370743459500, actual_exe_time: 69000, task_app_start_time:2116367583020641, task_sched_time:2116370743378860
app_id: 0, app_name: SAR_api-aarch64, task_id: 917, task_name: DASH_FFT, resource_name: fft2, ref_start_time: 2116370746524630, ref_stop_time: 2116370746569750, actual_exe_time: 45120, task_app_start_time:2116367583020641, task_sched_time:2116370743904430
app_id: 0, app_name: SAR_api-aarch64, task_id: 918, task_name: DASH_FFT, resource_name: cpu1, ref_start_time: 2116370747223840, ref_stop_time: 2116370747283720, actual_exe_time: 59880, task_app_start_time:2116367583020641, task_sched_time:2116370747178210
app_id: 0, app_name: SAR_api-aarch64, task_id: 919, task_name: DASH_FFT, resource_name: cpu2, ref_start_time: 2116370750519821, ref_stop_time: 2116370750570671, actual_exe_time: 50850, task_app_start_time:2116367583020641, task_sched_time:2116370747835000
app_id: 0, app_name: SAR_api-aarch64, task_id: 920, task_name: DASH_FFT, resource_name: cpu3, ref_start_time: 2116370751026611, ref_stop_time: 2116370751090121, actual_exe_time: 63510, task_app_start_time:2116367583020641, task_sched_time:2116370751018721
app_id: 0, app_name: SAR_api-aarch64, task_id: 921, task_name: DASH_FFT, resource_name: fft1, ref_start_time: 2116370751503281, ref_stop_time: 2116370751547321, actual_exe_time: 44040, task_app_start_time:2116367583020641, task_sched_time:2116370751451081
app_id: 0, app_name: SAR_api-aarch64, task_id: 922, task_name: DASH_FFT, resource_name: fft2, ref_start_time: 2116370752139851, ref_stop_time: 2116370752193041, actual_exe_time: 53190, task_app_start_time:2116367583020641, task_sched_time:2116370752042021
app_id: 0, app_name: SAR_api-aarch64, task_id: 923, task_name: DASH_FFT, resource_name: cpu1, ref_start_time: 2116370752779721, ref_stop_time: 2116370752823971, actual_exe_time: 44250, task_app_start_time:2116367583020641, task_sched_time:2116370752775071
app_id: 0, app_name: SAR_api-aarch64, task_id: 924, task_name: DASH_FFT, resource_name: cpu2, ref_start_time: 2116370754847982, ref_stop_time: 2116370754912452, actual_exe_time: 64470, task_app_start_time:2116367583020641, task_sched_time:2116370754842612
app_id: 0, app_name: SAR_api-aarch64, task_id: 925, task_name: DASH_FFT, resource_name: cpu3, ref_start_time: 2116370758633982, ref_stop_time: 2116370758690742, actual_exe_time: 56760, task_app_start_time:2116367583020641, task_sched_time:2116370758626752
app_id: 0, app_name: SAR_api-aarch64, task_id: 926, task_name: DASH_FFT, resource_name: fft1, ref_start_time: 2116370762865783, ref_stop_time: 2116370762922003, actual_exe_time: 56220, task_app_start_time:2116367583020641, task_sched_time:2116370762855313
app_id: 0, app_name: SAR_api-aarch64, task_id: 927, task_name: DASH_FFT, resource_name: fft2, ref_start_time: 2116370763316953, ref_stop_time: 2116370763355473, actual_exe_time: 38520, task_app_start_time:2116367583020641, task_sched_time:2116370763307353
app_id: 0, app_name: SAR_api-aarch64, task_id: 928, task_name: DASH_FFT, resource_name: cpu1, ref_start_time: 2116370764114653, ref_stop_time: 2116370764168953, actual_exe_time: 54300, task_app_start_time:2116367583020641, task_sched_time:2116370764106823
app_id: 0, app_name: SAR_api-aarch64, task_id: 929, task_name: DASH_FFT, resource_name: cpu2, ref_start_time: 2116370767001493, ref_stop_time: 2116370767045893, actual_exe_time: 44400, task_app_start_time:2116367583020641, task_sched_time:2116370766998763
app_id: 0, app_name: SAR_api-aarch64, task_id: 930, task_name: DASH_FFT, resource_name: cpu3, ref_start_time: 2116370767215664, ref_stop_time: 2116370767277674, actual_exe_time: 62010, task_app_start_time:2116367583020641, task_sched_time:2116370767210264
app_id: 0, app_name: SAR_api-aarch64, task_id: 931, task_name: DASH_FFT, resource_name: fft1, ref_start_time: 2116370768641984, ref_stop_time: 2116370768685424, actual_exe_time: 43440, task_app_start_time:2116367583020641, task_sched_time:2116370768627164
app_id: 0, app_name: SAR_api-aarch64, task_id: 932, task_name: DASH_FFT, resource_name: fft2, ref_start_time: 2116370770713694, ref_stop_time: 2116370770770484, actual_exe_time: 56790, task_app_start_time:2116367583020641, task_sched_time:2116370770569934
app_id: 0, app_name: SAR_api-aarch64, task_id: 933, task_name: DASH_FFT, resource_name: cpu1, ref_start_time: 2116370775093065, ref_stop_time: 2116370775149465, actual_exe_time: 56400, task_app_start_time:2116367583020641, task_sched_time:2116370775069695
app_id: 0, app_name: SAR_api-aarch64, task_id: 934, task_name: DASH_FFT, resource_name: cpu2, ref_start_time: 2116370775650195, ref_stop_time: 2116370775702335, actual_exe_time: 52140, task_app_start_time:2116367583020641, task_sched_time:2116370775641615
app_id: 0, app_name: SAR_api-aarch64, task_id: 935, task_name: DASH_FFT, resource_name: cpu3, ref_start_time: 2116370775856235, ref_stop_time: 2116370775901415, actual_exe_time: 45180, task_app_start_time:2116367583020641, task_sched_time:2116370775841235
app_id: 0, app_name: SAR_api-aarch64, task_id: 936, task_name: DASH_FFT, resource_name: fft1, ref_start_time: 2116370778641105, ref_stop_time: 2116370778693065, actual_exe_time: 51960, task_app_start_time:2116367583020641, task_sched_time:2116370778635255
app_id: 0, app_name: SAR_api-aarch64, task_id: 937, task_name: DASH_FFT, resource_name: fft2, ref_start_time: 2116370779165055, ref_stop_time: 2116370779203005, actual_exe_time: 37950, task_app_start_time:2116367583020641, task_sched_time:2116370779158815
app_id: 0, app_name: SAR_api-aarch64, task_id: 938, task_name: DASH_FFT, resource_name: cpu1, ref_start_time: 2116370782718346, ref_stop_time: 2116370782776066, actual_exe_time: 57720, task_app_start_time:2116367583020641, task_sched_time:2116370782695516
app_id: 0, app_name: SAR_api-aarch64, task_id: 939, task_name: DASH_FFT, resource_name: cpu2, ref_start_time: 2116370783145906, ref_stop_time: 2116370783187456, actual_exe_time: 41550, task_app_start_time:2116367583020641, task_sched_time:2116370783142456
app_id: 0, app_name: SAR_api-aarch64, task_id: 940, task_name: DASH_FFT, resource_name: cpu3, ref_start_time: 2116370783685756, ref_stop_time: 2116370783745126, actual_exe_time: 59370, task_app_start_time:2116367583020641, task_sched_time:2116370783676846
app_id: 0, app_name: SAR_api-aarch64, task_id: 941, task_name: DASH_FFT, resource_name: fft1, ref_start_time: 2116370786130097, ref_stop_time: 2116370786173987, actual_exe_time: 43890, task_app_start_time:2116367583020641, task_sched_time:2116370786122357
app_id: 0, app_name: SAR_api-aarch64, task_id: 942, task_name: DASH_FFT, resource_name: fft2, ref_start_time: 2116370786742277, ref_stop_time: 2116370786796727, actual_exe_time: 54450, task_app_start_time:2116367583020641, task_sched_time:2116370786732797
app_id: 0, app_name: SAR_api-aarch64, task_id: 943, task_name: DASH_FFT, resource_name: cpu1, ref_start_time: 2116370787057637, ref_stop_time: 2116370787102547, actual_exe_time: 44910, task_app_start_time:2116367583020641, task_sched_time:2116370787051277
app_id: 0, app_name: SAR_api-aarch64, task_id: 944, task_name: DASH_FFT, resource_name: cpu2, ref_start_time: 2116370787645247, ref_stop_time: 2116370787695107, actual_exe_time: 49860, task_app_start_time:2116367583020641, task_sched_time:2116370787638767
app_id: 0, app_name: SAR_api-aarch64, task_id: 945, task_name: DASH_FFT, resource_name: cpu3, ref_start_time: 2116370790858337, ref_stop_time: 2116370790913297, actual_exe_time: 54960, task_app_start_time:2116367583020641, task_sched_time:2116370790653947
app_id: 0, app_name: SAR_api-aarch64, task_id: 946, task_name: DASH_FFT, resource_name: fft1, ref_start_time: 2116370791554397, ref_stop_time: 2116370791606897, actual_exe_time: 52500, task_app_start_time:2116367583020641, task_sched_time:2116370791535797
app_id: 0, app_name: SAR_api-aarch64, task_id: 947, task_name: DASH_FFT, resource_name: fft2, ref_start_time: 2116370795010158, ref_stop_time: 2116370795053478, actual_exe_time: 43320, task_app_start_time:2116367583020641, task_sched_time:2116370795001638
app_id: 0, app_name: SAR_api-aarch64, task_id: 948, task_name: DASH_FFT, resource_name: cpu1, ref_start_time: 2116370798799249, ref_stop_time: 2116370798870499, actual_exe_time: 71250, task_app_start_time:2116367583020641, task_sched_time:2116370798784939
app_id: 0, app_name: SAR_api-aarch64, task_id: 949, task_name: DASH_FFT, resource_name: cpu2, ref_start_time: 2116370799339669, ref_stop_time: 2116370799381669, actual_exe_time: 42000, task_app_start_time:2116367583020641, task_sched_time:2116370799333189
app_id: 0, app_name: SAR_api-aarch64, task_id: 950, task_name: DASH_FFT, resource_name: cpu3, ref_start_time: 2116370803026069, ref_stop_time: 2116370803094259, actual_exe_time: 68190, task_app_start_time:2116367583020641, task_sched_time:2116370803018899
app_id: 0, app_name: SAR_api-aarch64, task_id: 951, task_name: DASH_FFT, resource_name: fft1, ref_start_time: 2116370803643799, ref_stop_time: 2116370803684359, actual_exe_time: 40560, task_app_start_time:2116367583020641, task_sched_time:2116370803625649
app_id: 0, app_name: SAR_api-aarch64, task_id: 952, task_name: DASH_FFT, resource_name: fft2, ref_start_time: 2116370803851729, ref_stop_time: 2116370803900509, actual_exe_time: 48780, task_app_start_time:2116367583020641, task_sched_time:2116370803845039
app_id: 0, app_name: SAR_api-aarch64, task_id: 953, task_name: DASH_FFT, resource_name: cpu1, ref_start_time: 2116370805735280, ref_stop_time: 2116370805782020, actual_exe_time: 46740, task_app_start_time:2116367583020641, task_sched_time:2116370805696490
app_id: 0, app_name: SAR_api-aarch64, task_id: 954, task_name: DASH_FFT, resource_name: cpu2, ref_start_time: 2116370806404340, ref_stop_time: 2116370806461010, actual_exe_time: 56670, task_app_start_time:2116367583020641, task_sched_time:2116370806395760
app_id: 0, app_name: SAR_api-aarch64, task_id: 955, task_name: DASH_FFT, resource_name: cpu3, ref_start_time: 2116370806986160, ref_stop_time: 2116370807033350, actual_exe_time: 47190, task_app_start_time:2116367583020641, task_sched_time:2116370806979890
app_id: 0, app_name: SAR_api-aarch64, task_id: 956, task_name: DASH_FFT, resource_name: fft1, ref_start_time: 2116370807577490, ref_stop_time: 2116370807632870, actual_exe_time: 55380, task_app_start_time:2116367583020641, task_sched_time:2116370807557300
app_id: 0, app_name: SAR_api-aarch64, task_id: 957, task_name: DASH_FFT, resource_name: fft2, ref_start_time: 2116370809690330, ref_stop_time: 2116370809733650, actual_exe_time: 43320, task_app_start_time:2116367583020641, task_sched_time:2116370808153940
app_id: 0, app_name: SAR_api-aarch64, task_id: 958, task_name: DASH_FFT, resource_name: cpu1, ref_start_time: 2116370815201751, ref_stop_time: 2116370815262381, actual_exe_time: 60630, task_app_start_time:2116367583020641, task_sched_time:2116370815140221
app_id: 0, app_name: SAR_api-aarch64, task_id: 959, task_name: DASH_FFT, resource_name: cpu2, ref_start_time: 2116370818743912, ref_stop_time: 2116370818792092, actual_exe_time: 48180, task_app_start_time:2116367583020641, task_sched_time:2116370818734852
app_id: 0, app_name: SAR_api-aarch64, task_id: 960, task_name: DASH_FFT, resource_name: cpu3, ref_start_time: 2116370820839472, ref_stop_time: 2116370820901752, actual_exe_time: 62280, task_app_start_time:2116367583020641, task_sched_time:2116370820831492
app_id: 0, app_name: SAR_api-aarch64, task_id: 961, task_name: DASH_FFT, resource_name: fft1, ref_start_time: 2116370821480422, ref_stop_time: 2116370821521402, actual_exe_time: 40980, task_app_start_time:2116367583020641, task_sched_time:2116370821471362
app_id: 0, app_name: SAR_api-aarch64, task_id: 962, task_name: DASH_FFT, resource_name: fft2, ref_start_time: 2116370824901623, ref_stop_time: 2116370824962403, actual_exe_time: 60780, task_app_start_time:2116367583020641, task_sched_time:2116370821878492
app_id: 0, app_name: SAR_api-aarch64, task_id: 963, task_name: DASH_FFT, resource_name: cpu1, ref_start_time: 2116370830803584, ref_stop_time: 2116370830854764, actual_exe_time: 51180, task_app_start_time:2116367583020641, task_sched_time:2116370830769564
app_id: 0, app_name: SAR_api-aarch64, task_id: 964, task_name: DASH_FFT, resource_name: cpu2, ref_start_time: 2116370831031584, ref_stop_time: 2116370831094944, actual_exe_time: 63360, task_app_start_time:2116367583020641, task_sched_time:2116370831024444
app_id: 0, app_name: SAR_api-aarch64, task_id: 965, task_name: DASH_FFT, resource_name: cpu3, ref_start_time: 2116370835401384, ref_stop_time: 2116370835453374, actual_exe_time: 51990, task_app_start_time:2116367583020641, task_sched_time:2116370835393404
app_id: 0, app_name: SAR_api-aarch64, task_id: 966, task_name: DASH_FFT, resource_name: fft1, ref_start_time: 2116370838730395, ref_stop_time: 2116370838785625, actual_exe_time: 55230, task_app_start_time:2116367583020641, task_sched_time:2116370838722685
app_id: 0, app_name: SAR_api-aarch64, task_id: 967, task_name: DASH_FFT, resource_name: fft2, ref_start_time: 2116370842607266, ref_stop_time: 2116370842655566, actual_exe_time: 48300, task_app_start_time:2116367583020641, task_sched_time:2116370842597636
app_id: 0, app_name: SAR_api-aarch64, task_id: 968, task_name: DASH_FFT, resource_name: cpu1, ref_start_time: 2116370848657427, ref_stop_time: 2116370848717757, actual_exe_time: 60330, task_app_start_time:2116367583020641, task_sched_time:2116370848606277
app_id: 0, app_name: SAR_api-aarch64, task_id: 969, task_name: DASH_FFT, resource_name: cpu2, ref_start_time: 2116370849552057, ref_stop_time: 2116370849597657, actual_exe_time: 45600, task_app_start_time:2116367583020641, task_sched_time:2116370849545547
app_id: 0, app_name: SAR_api-aarch64, task_id: 970, task_name: DASH_FFT, resource_name: cpu3, ref_start_time: 2116370854699638, ref_stop_time: 2116370854768758, actual_exe_time: 69120, task_app_start_time:2116367583020641, task_sched_time:2116370854690248
app_id: 0, app_name: SAR_api-aarch64, task_id: 971, task_name: DASH_FFT, resource_name: fft1, ref_start_time: 2116370858582568, ref_stop_time: 2116370858625948, actual_exe_time: 43380, task_app_start_time:2116367583020641, task_sched_time:2116370858572908
app_id: 0, app_name: SAR_api-aarch64, task_id: 972, task_name: DASH_FFT, resource_name: fft2, ref_start_time: 2116370862459469, ref_stop_time: 2116370862521419, actual_exe_time: 61950, task_app_start_time:2116367583020641, task_sched_time:2116370862454189
app_id: 0, app_name: SAR_api-aarch64, task_id: 973, task_name: DASH_FFT, resource_name: cpu1, ref_start_time: 2116370866651370, ref_stop_time: 2116370866702700, actual_exe_time: 51330, task_app_start_time:2116367583020641, task_sched_time:2116370866641140
app_id: 0, app_name: SAR_api-aarch64, task_id: 974, task_name: DASH_FFT, resource_name: cpu2, ref_start_time: 2116370870617520, ref_stop_time: 2116370870692370, actual_exe_time: 74850, task_app_start_time:2116367583020641, task_sched_time:2116370870606900
app_id: 0, app_name: SAR_api-aarch64, task_id: 975, task_name: DASH_FFT, resource_name: cpu3, ref_start_time: 2116370874857451, ref_stop_time: 2116370874910131, actual_exe_time: 52680, task_app_start_time:2116367583020641, task_sched_time:2116370874849051
app_id: 0, app_name: SAR_api-aarch64, task_id: 976, task_name: DASH_FFT, resource_name: fft1, ref_start_time: 2116370877569751, ref_stop_time: 2116370877624051, actual_exe_time: 54300, task_app_start_time:2116367583020641, task_sched_time:2116370877554841
app_id: 0, app_name: SAR_api-aarch64, task_id: 977, task_name: DASH_FFT, resource_name: fft2, ref_start_time: 2116370878070541, ref_stop_time: 2116370878113981, actual_exe_time: 43440, task_app_start_time:2116367583020641, task_sched_time:2116370878060881
app_id: 0, app_name: SAR_api-aarch64, task_id: 978, task_name: DASH_FFT, resource_name: cpu1, ref_start_time: 2116370882800222, ref_stop_time: 2116370882861932, actual_exe_time: 61710, task_app_start_time:2116367583020641, task_sched_time:2116370882776342
app_id: 0, app_name: SAR_api-aarch64, task_id: 979, task_name: DASH_FFT, resource_name: cpu2, ref_start_time: 2116370886830483, ref_stop_time: 2116370886882983, actual_exe_time: 52500, task_app_start_time:2116367583020641, task_sched_time:2116370886825983
app_id: 0, app_name: SAR_api-aarch64, task_id: 980, task_name: DASH_FFT, resource_name: cpu3, ref_start_time: 2116370890559903, ref_stop_time: 2116370891560854, actual_exe_time: 1000951, task_app_start_time:2116367583020641, task_sched_time:2116370890529993
app_id: 0, app_name: SAR_api-aarch64, task_id: 981, task_name: DASH_FFT, resource_name: fft1, ref_start_time: 2116370892060174, ref_stop_time: 2116370892102654, actual_exe_time: 42480, task_app_start_time:2116367583020641, task_sched_time:2116370892054834
app_id: 0, app_name: SAR_api-aarch64, task_id: 982, task_name: DASH_FFT, resource_name: fft2, ref_start_time: 2116370898672955, ref_stop_time: 2116370898737695, actual_exe_time: 64740, task_app_start_time:2116367583020641, task_sched_time:2116370898668095
app_id: 0, app_name: SAR_api-aarch64, task_id: 983, task_name: DASH_FFT, resource_name: cpu1, ref_start_time: 2116370902995415, ref_stop_time: 2116370903044105, actual_exe_time: 48690, task_app_start_time:2116367583020641, task_sched_time:2116370902976725
app_id: 0, app_name: SAR_api-aarch64, task_id: 984, task_name: DASH_FFT, resource_name: cpu2, ref_start_time: 2116370905511876, ref_stop_time: 2116370905570886, actual_exe_time: 59010, task_app_start_time:2116367583020641, task_sched_time:2116370905506866
app_id: 0, app_name: SAR_api-aarch64, task_id: 985, task_name: DASH_FFT, resource_name: cpu3, ref_start_time: 2116370914501497, ref_stop_time: 2116370914566147, actual_exe_time: 64650, task_app_start_time:2116367583020641, task_sched_time:2116370909305436
app_id: 0, app_name: SAR_api-aarch64, task_id: 986, task_name: DASH_FFT, resource_name: fft1, ref_start_time: 2116370917771198, ref_stop_time: 2116370917825678, actual_exe_time: 54480, task_app_start_time:2116367583020641, task_sched_time:2116370917760938
app_id: 0, app_name: SAR_api-aarch64, task_id: 987, task_name: DASH_FFT, resource_name: fft2, ref_start_time: 2116370918651998, ref_stop_time: 2116370918692738, actual_exe_time: 40740, task_app_start_time:2116367583020641, task_sched_time:2116370918648338
app_id: 0, app_name: SAR_api-aarch64, task_id: 988, task_name: DASH_FFT, resource_name: cpu1, ref_start_time: 2116370922356878, ref_stop_time: 2116370922419158, actual_exe_time: 62280, task_app_start_time:2116367583020641, task_sched_time:2116370922349588
app_id: 0, app_name: SAR_api-aarch64, task_id: 989, task_name: DASH_FFT, resource_name: cpu2, ref_start_time: 2116370922728879, ref_stop_time: 2116370922773069, actual_exe_time: 44190, task_app_start_time:2116367583020641, task_sched_time:2116370922720209
app_id: 0, app_name: SAR_api-aarch64, task_id: 990, task_name: DASH_FFT, resource_name: cpu3, ref_start_time: 2116370923605359, ref_stop_time: 2116370923668989, actual_exe_time: 63630, task_app_start_time:2116367583020641, task_sched_time:2116370923599419
app_id: 0, app_name: SAR_api-aarch64, task_id: 991, task_name: DASH_FFT, resource_name: fft1, ref_start_time: 2116370924108849, ref_stop_time: 2116370924152559, actual_exe_time: 43710, task_app_start_time:2116367583020641, task_sched_time:2116370924098859
app_id: 0, app_name: SAR_api-aarch64, task_id: 992, task_name: DASH_FFT, resource_name: fft2, ref_start_time: 2116370926527059, ref_stop_time: 2116370926585589, actual_exe_time: 58530, task_app_start_time:2116367583020641, task_sched_time:2116370924531039
app_id: 0, app_name: SAR_api-aarch64, task_id: 993, task_name: DASH_FFT, resource_name: cpu1, ref_start_time: 2116370927183129, ref_stop_time: 2116370927229299, actual_exe_time: 46170, task_app_start_time:2116367583020641, task_sched_time:2116370927179859
app_id: 0, app_name: SAR_api-aarch64, task_id: 994, task_name: DASH_FFT, resource_name: cpu2, ref_start_time: 2116370930553120, ref_stop_time: 2116370930610900, actual_exe_time: 57780, task_app_start_time:2116367583020641, task_sched_time:2116370930545740
app_id: 0, app_name: SAR_api-aarch64, task_id: 995, task_name: DASH_FFT, resource_name: cpu3, ref_start_time: 2116370933388450, ref_stop_time: 2116370933437650, actual_exe_time: 49200, task_app_start_time:2116367583020641, task_sched_time:2116370933383890
app_id: 0, app_name: SAR_api-aarch64, task_id: 996, task_name: DASH_FFT, resource_name: fft1, ref_start_time: 2116370934242520, ref_stop_time: 2116370934296310, actual_exe_time: 53790, task_app_start_time:2116367583020641, task_sched_time:2116370934225180
app_id: 0, app_name: SAR_api-aarch64, task_id: 997, task_name: DASH_FFT, resource_name: fft2, ref_start_time: 2116370937548971, ref_stop_time: 2116370937596521, actual_exe_time: 47550, task_app_start_time:2116367583020641, task_sched_time:2116370935099321
app_id: 0, app_name: SAR_api-aarch64, task_id: 998, task_name: DASH_FFT, resource_name: cpu1, ref_start_time: 2116370942978372, ref_stop_time: 2116370943043292, actual_exe_time: 64920, task_app_start_time:2116367583020641, task_sched_time:2116370942961872
app_id: 0, app_name: SAR_api-aarch64, task_id: 999, task_name: DASH_FFT, resource_name: cpu2, ref_start_time: 2116370946682682, ref_stop_time: 2116370946730772, actual_exe_time: 48090, task_app_start_time:2116367583020641, task_sched_time:2116370946674762
app_id: 0, app_name: SAR_api-aarch64, task_id: 1000, task_name: DASH_FFT, resource_name: cpu3, ref_start_time: 2116370948128413, ref_stop_time: 2116370948192133, actual_exe_time: 63720, task_app_start_time:2116367583020641, task_sched_time:2116370948118843
app_id: 0, app_name: SAR_api-aarch64, task_id: 1001, task_name: DASH_FFT, resource_name: fft1, ref_start_time: 2116370948547273, ref_stop_time: 2116370948591103, actual_exe_time: 43830, task_app_start_time:2116367583020641, task_sched_time:2116370948495073
app_id: 0, app_name: SAR_api-aarch64, task_id: 1002, task_name: DASH_FFT, resource_name: fft2, ref_start_time: 2116370949198213, ref_stop_time: 2116370949248853, actual_exe_time: 50640, task_app_start_time:2116367583020641, task_sched_time:2116370949192693
app_id: 0, app_name: SAR_api-aarch64, task_id: 1003, task_name: DASH_FFT, resource_name: cpu1, ref_start_time: 2116370954789014, ref_stop_time: 2116370954843074, actual_exe_time: 54060, task_app_start_time:2116367583020641, task_sched_time:2116370954703274
app_id: 0, app_name: SAR_api-aarch64, task_id: 1004, task_name: DASH_FFT, resource_name: cpu2, ref_start_time: 2116370958556234, ref_stop_time: 2116370958623104, actual_exe_time: 66870, task_app_start_time:2116367583020641, task_sched_time:2116370958549964
app_id: 0, app_name: SAR_api-aarch64, task_id: 1005, task_name: DASH_FFT, resource_name: cpu3, ref_start_time: 2116370962196465, ref_stop_time: 2116370962245965, actual_exe_time: 49500, task_app_start_time:2116367583020641, task_sched_time:2116370962186955
app_id: 0, app_name: SAR_api-aarch64, task_id: 1006, task_name: DASH_FFT, resource_name: fft1, ref_start_time: 2116370963030345, ref_stop_time: 2116370963377655, actual_exe_time: 347310, task_app_start_time:2116367583020641, task_sched_time:2116370963022035
app_id: 0, app_name: SAR_api-aarch64, task_id: 1007, task_name: DASH_FFT, resource_name: fft2, ref_start_time: 2116370966854146, ref_stop_time: 2116370966905086, actual_exe_time: 50940, task_app_start_time:2116367583020641, task_sched_time:2116370966848776
app_id: 0, app_name: SAR_api-aarch64, task_id: 1008, task_name: DASH_FFT, resource_name: cpu1, ref_start_time: 2116370970699186, ref_stop_time: 2116370970761556, actual_exe_time: 62370, task_app_start_time:2116367583020641, task_sched_time:2116370970695076
app_id: 0, app_name: SAR_api-aarch64, task_id: 1009, task_name: DASH_FFT, resource_name: cpu2, ref_start_time: 2116370974954777, ref_stop_time: 2116370975002327, actual_exe_time: 47550, task_app_start_time:2116367583020641, task_sched_time:2116370974944937
app_id: 0, app_name: SAR_api-aarch64, task_id: 1010, task_name: DASH_FFT, resource_name: cpu3, ref_start_time: 2116370976788587, ref_stop_time: 2116370976849607, actual_exe_time: 61020, task_app_start_time:2116367583020641, task_sched_time:2116370976781237
app_id: 0, app_name: SAR_api-aarch64, task_id: 1011, task_name: DASH_FFT, resource_name: fft1, ref_start_time: 2116370982684158, ref_stop_time: 2116370982729998, actual_exe_time: 45840, task_app_start_time:2116367583020641, task_sched_time:2116370982594158
app_id: 0, app_name: SAR_api-aarch64, task_id: 1012, task_name: DASH_FFT, resource_name: fft2, ref_start_time: 2116370986871499, ref_stop_time: 2116370986958319, actual_exe_time: 86820, task_app_start_time:2116367583020641, task_sched_time:2116370986864569
app_id: 0, app_name: SAR_api-aarch64, task_id: 1013, task_name: DASH_FFT, resource_name: cpu1, ref_start_time: 2116370987586129, ref_stop_time: 2116370987633649, actual_exe_time: 47520, task_app_start_time:2116367583020641, task_sched_time:2116370987574999
app_id: 0, app_name: SAR_api-aarch64, task_id: 1014, task_name: DASH_FFT, resource_name: cpu2, ref_start_time: 2116370990543439, ref_stop_time: 2116370990603019, actual_exe_time: 59580, task_app_start_time:2116367583020641, task_sched_time:2116370990537649
app_id: 0, app_name: SAR_api-aarch64, task_id: 1015, task_name: DASH_FFT, resource_name: cpu3, ref_start_time: 2116370991240490, ref_stop_time: 2116370991288250, actual_exe_time: 47760, task_app_start_time:2116367583020641, task_sched_time:2116370991231190
app_id: 0, app_name: SAR_api-aarch64, task_id: 1016, task_name: DASH_FFT, resource_name: fft1, ref_start_time: 2116370995061950, ref_stop_time: 2116370995121470, actual_exe_time: 59520, task_app_start_time:2116367583020641, task_sched_time:2116370994938710
app_id: 0, app_name: SAR_api-aarch64, task_id: 1017, task_name: DASH_FFT, resource_name: fft2, ref_start_time: 2116370998597631, ref_stop_time: 2116370998646531, actual_exe_time: 48900, task_app_start_time:2116367583020641, task_sched_time:2116370998592951
app_id: 0, app_name: SAR_api-aarch64, task_id: 1018, task_name: DASH_FFT, resource_name: cpu1, ref_start_time: 2116371002663711, ref_stop_time: 2116371002726561, actual_exe_time: 62850, task_app_start_time:2116367583020641, task_sched_time:2116371002656571
app_id: 0, app_name: SAR_api-aarch64, task_id: 1019, task_name: DASH_FFT, resource_name: cpu2, ref_start_time: 2116371005267382, ref_stop_time: 2116371005317182, actual_exe_time: 49800, task_app_start_time:2116367583020641, task_sched_time:2116371005257452
app_id: 0, app_name: SAR_api-aarch64, task_id: 1020, task_name: DASH_FFT, resource_name: cpu3, ref_start_time: 2116371005718612, ref_stop_time: 2116371005778222, actual_exe_time: 59610, task_app_start_time:2116367583020641, task_sched_time:2116371005711232
app_id: 0, app_name: SAR_api-aarch64, task_id: 1021, task_name: DASH_FFT, resource_name: fft1, ref_start_time: 2116371006704742, ref_stop_time: 2116371006755562, actual_exe_time: 50820, task_app_start_time:2116367583020641, task_sched_time:2116371006699642
app_id: 0, app_name: SAR_api-aarch64, task_id: 1022, task_name: DASH_FFT, resource_name: fft2, ref_start_time: 2116371010594273, ref_stop_time: 2116371010656883, actual_exe_time: 62610, task_app_start_time:2116367583020641, task_sched_time:2116371010588363
app_id: 0, app_name: SAR_api-aarch64, task_id: 1023, task_name: DASH_FFT, resource_name: cpu1, ref_start_time: 2116371014692843, ref_stop_time: 2116371014744773, actual_exe_time: 51930, task_app_start_time:2116367583020641, task_sched_time:2116371014686153
app_id: 0, app_name: SAR_api-aarch64, task_id: 1024, task_name: DASH_FFT, resource_name: cpu2, ref_start_time: 2116371018748694, ref_stop_time: 2116371018819614, actual_exe_time: 70920, task_app_start_time:2116367583020641, task_sched_time:2116371018744524
app_id: 0, app_name: SAR_api-aarch64, task_id: 1025, task_name: DASH_FFT, resource_name: cpu3, ref_start_time: 2116371019987784, ref_stop_time: 2116371020036654, actual_exe_time: 48870, task_app_start_time:2116367583020641, task_sched_time:2116371019980854
app_id: 0, app_name: SAR_api-aarch64, task_id: 1026, task_name: DASH_FFT, resource_name: fft1, ref_start_time: 2116371020447684, ref_stop_time: 2116371020504864, actual_exe_time: 57180, task_app_start_time:2116367583020641, task_sched_time:2116371020429144
app_id: 0, app_name: SAR_api-aarch64, task_id: 1027, task_name: DASH_FFT, resource_name: fft2, ref_start_time: 2116371026653665, ref_stop_time: 2116371026705775, actual_exe_time: 52110, task_app_start_time:2116367583020641, task_sched_time:2116371026645355
app_id: 0, app_name: SAR_api-aarch64, task_id: 1028, task_name: DASH_FFT, resource_name: cpu1, ref_start_time: 2116371027269895, ref_stop_time: 2116371027331935, actual_exe_time: 62040, task_app_start_time:2116367583020641, task_sched_time:2116371027266175
app_id: 0, app_name: SAR_api-aarch64, task_id: 1029, task_name: DASH_FFT, resource_name: cpu2, ref_start_time: 2116371030862636, ref_stop_time: 2116371030911626, actual_exe_time: 48990, task_app_start_time:2116367583020641, task_sched_time:2116371030858196
app_id: 0, app_name: SAR_api-aarch64, task_id: 1030, task_name: DASH_FFT, resource_name: cpu3, ref_start_time: 2116371033850426, ref_stop_time: 2116371033913906, actual_exe_time: 63480, task_app_start_time:2116367583020641, task_sched_time:2116371033842176
app_id: 0, app_name: SAR_api-aarch64, task_id: 1031, task_name: DASH_FFT, resource_name: fft1, ref_start_time: 2116371034312156, ref_stop_time: 2116371034354517, actual_exe_time: 42361, task_app_start_time:2116367583020641, task_sched_time:2116371034303906
app_id: 0, app_name: SAR_api-aarch64, task_id: 1032, task_name: DASH_FFT, resource_name: fft2, ref_start_time: 2116371034831607, ref_stop_time: 2116371034883687, actual_exe_time: 52080, task_app_start_time:2116367583020641, task_sched_time:2116371034740677
app_id: 0, app_name: SAR_api-aarch64, task_id: 1033, task_name: DASH_FFT, resource_name: cpu1, ref_start_time: 2116371042661578, ref_stop_time: 2116371042716688, actual_exe_time: 55110, task_app_start_time:2116367583020641, task_sched_time:2116371042625008
app_id: 0, app_name: SAR_api-aarch64, task_id: 1034, task_name: DASH_FFT, resource_name: cpu2, ref_start_time: 2116371046856179, ref_stop_time: 2116371046923409, actual_exe_time: 67230, task_app_start_time:2116367583020641, task_sched_time:2116371046851469
app_id: 0, app_name: SAR_api-aarch64, task_id: 1035, task_name: DASH_FFT, resource_name: cpu3, ref_start_time: 2116371048148279, ref_stop_time: 2116371048196429, actual_exe_time: 48150, task_app_start_time:2116367583020641, task_sched_time:2116371048138049
app_id: 0, app_name: SAR_api-aarch64, task_id: 1036, task_name: DASH_FFT, resource_name: fft1, ref_start_time: 2116371048582589, ref_stop_time: 2116371048636949, actual_exe_time: 54360, task_app_start_time:2116367583020641, task_sched_time:2116371048574099
app_id: 0, app_name: SAR_api-aarch64, task_id: 1037, task_name: DASH_FFT, resource_name: fft2, ref_start_time: 2116371049021279, ref_stop_time: 2116371049061239, actual_exe_time: 39960, task_app_start_time:2116367583020641, task_sched_time:2116371049017289
app_id: 0, app_name: SAR_api-aarch64, task_id: 1038, task_name: DASH_FFT, resource_name: cpu1, ref_start_time: 2116371055255070, ref_stop_time: 2116371055319570, actual_exe_time: 64500, task_app_start_time:2116367583020641, task_sched_time:2116371055146770
app_id: 0, app_name: SAR_api-aarch64, task_id: 1039, task_name: DASH_FFT, resource_name: cpu2, ref_start_time: 2116371058547570, ref_stop_time: 2116371058596980, actual_exe_time: 49410, task_app_start_time:2116367583020641, task_sched_time:2116371058539110
app_id: 0, app_name: SAR_api-aarch64, task_id: 1040, task_name: DASH_FFT, resource_name: cpu3, ref_start_time: 2116371062190621, ref_stop_time: 2116371062256381, actual_exe_time: 65760, task_app_start_time:2116367583020641, task_sched_time:2116371062183121
app_id: 0, app_name: SAR_api-aarch64, task_id: 1041, task_name: DASH_FFT, resource_name: fft1, ref_start_time: 2116371062425881, ref_stop_time: 2116371062495481, actual_exe_time: 69600, task_app_start_time:2116367583020641, task_sched_time:2116371062421021
app_id: 0, app_name: SAR_api-aarch64, task_id: 1042, task_name: DASH_FFT, resource_name: fft2, ref_start_time: 2116371063077631, ref_stop_time: 2116371063130401, actual_exe_time: 52770, task_app_start_time:2116367583020641, task_sched_time:2116371063074541
app_id: 0, app_name: SAR_api-aarch64, task_id: 1043, task_name: DASH_FFT, resource_name: cpu1, ref_start_time: 2116371067562122, ref_stop_time: 2116371067614802, actual_exe_time: 52680, task_app_start_time:2116367583020641, task_sched_time:2116371067509652
app_id: 0, app_name: SAR_api-aarch64, task_id: 1044, task_name: DASH_FFT, resource_name: cpu2, ref_start_time: 2116371071095792, ref_stop_time: 2116371071157232, actual_exe_time: 61440, task_app_start_time:2116367583020641, task_sched_time:2116371070989652
app_id: 0, app_name: SAR_api-aarch64, task_id: 1045, task_name: DASH_FFT, resource_name: cpu3, ref_start_time: 2116371074553323, ref_stop_time: 2116371074603033, actual_exe_time: 49710, task_app_start_time:2116367583020641, task_sched_time:2116371074542673
app_id: 0, app_name: SAR_api-aarch64, task_id: 1046, task_name: DASH_FFT, resource_name: fft1, ref_start_time: 2116371077360033, ref_stop_time: 2116371077419343, actual_exe_time: 59310, task_app_start_time:2116367583020641, task_sched_time:2116371077240243
app_id: 0, app_name: SAR_api-aarch64, task_id: 1047, task_name: DASH_FFT, resource_name: fft2, ref_start_time: 2116371078172464, ref_stop_time: 2116371078211674, actual_exe_time: 39210, task_app_start_time:2116367583020641, task_sched_time:2116371078168054
app_id: 0, app_name: SAR_api-aarch64, task_id: 1048, task_name: DASH_FFT, resource_name: cpu1, ref_start_time: 2116371079176684, ref_stop_time: 2116371079230474, actual_exe_time: 53790, task_app_start_time:2116367583020641, task_sched_time:2116371079160094
app_id: 0, app_name: SAR_api-aarch64, task_id: 1049, task_name: DASH_FFT, resource_name: cpu2, ref_start_time: 2116371083205894, ref_stop_time: 2116371083255544, actual_exe_time: 49650, task_app_start_time:2116367583020641, task_sched_time:2116371083197314
app_id: 0, app_name: SAR_api-aarch64, task_id: 1050, task_name: DASH_FFT, resource_name: cpu3, ref_start_time: 2116371086510875, ref_stop_time: 2116371086580775, actual_exe_time: 69900, task_app_start_time:2116367583020641, task_sched_time:2116371084024234
app_id: 0, app_name: SAR_api-aarch64, task_id: 1051, task_name: DASH_FFT, resource_name: fft1, ref_start_time: 2116371087238555, ref_stop_time: 2116371087281095, actual_exe_time: 42540, task_app_start_time:2116367583020641, task_sched_time:2116371087233365
app_id: 0, app_name: SAR_api-aarch64, task_id: 1052, task_name: DASH_FFT, resource_name: fft2, ref_start_time: 2116371091300316, ref_stop_time: 2116371091355306, actual_exe_time: 54990, task_app_start_time:2116367583020641, task_sched_time:2116371091290656
app_id: 0, app_name: SAR_api-aarch64, task_id: 1053, task_name: DASH_FFT, resource_name: cpu1, ref_start_time: 2116371097749357, ref_stop_time: 2116371097808637, actual_exe_time: 59280, task_app_start_time:2116367583020641, task_sched_time:2116371097740717
app_id: 0, app_name: SAR_api-aarch64, task_id: 1054, task_name: DASH_FFT, resource_name: cpu2, ref_start_time: 2116371102534507, ref_stop_time: 2116371102603597, actual_exe_time: 69090, task_app_start_time:2116367583020641, task_sched_time:2116371099076257
app_id: 0, app_name: SAR_api-aarch64, task_id: 1055, task_name: DASH_FFT, resource_name: cpu3, ref_start_time: 2116371103400788, ref_stop_time: 2116371103446898, actual_exe_time: 46110, task_app_start_time:2116367583020641, task_sched_time:2116371103391098
app_id: 0, app_name: SAR_api-aarch64, task_id: 1056, task_name: DASH_FFT, resource_name: fft1, ref_start_time: 2116371104046208, ref_stop_time: 2116371104098888, actual_exe_time: 52680, task_app_start_time:2116367583020641, task_sched_time:2116371104035078
app_id: 0, app_name: SAR_api-aarch64, task_id: 1057, task_name: DASH_FFT, resource_name: fft2, ref_start_time: 2116371104314318, ref_stop_time: 2116371104352598, actual_exe_time: 38280, task_app_start_time:2116367583020641, task_sched_time:2116371104305498
app_id: 0, app_name: SAR_api-aarch64, task_id: 1058, task_name: DASH_FFT, resource_name: cpu1, ref_start_time: 2116371105244768, ref_stop_time: 2116371105293968, actual_exe_time: 49200, task_app_start_time:2116367583020641, task_sched_time:2116371105238078
app_id: 0, app_name: SAR_api-aarch64, task_id: 1059, task_name: DASH_FFT, resource_name: cpu2, ref_start_time: 2116371106531708, ref_stop_time: 2116371106575358, actual_exe_time: 43650, task_app_start_time:2116367583020641, task_sched_time:2116371105821968
app_id: 0, app_name: SAR_api-aarch64, task_id: 1060, task_name: DASH_FFT, resource_name: cpu3, ref_start_time: 2116371107146588, ref_stop_time: 2116371107205328, actual_exe_time: 58740, task_app_start_time:2116367583020641, task_sched_time:2116371107137258
app_id: 0, app_name: SAR_api-aarch64, task_id: 1061, task_name: DASH_FFT, resource_name: fft1, ref_start_time: 2116371107989708, ref_stop_time: 2116371108029338, actual_exe_time: 39630, task_app_start_time:2116367583020641, task_sched_time:2116371107978638
app_id: 0, app_name: SAR_api-aarch64, task_id: 1062, task_name: DASH_FFT, resource_name: fft2, ref_start_time: 2116371108984479, ref_stop_time: 2116371109040699, actual_exe_time: 56220, task_app_start_time:2116367583020641, task_sched_time:2116371108687538
app_id: 0, app_name: SAR_api-aarch64, task_id: 1063, task_name: DASH_FFT, resource_name: cpu1, ref_start_time: 2116371110010359, ref_stop_time: 2116371110055659, actual_exe_time: 45300, task_app_start_time:2116367583020641, task_sched_time:2116371110006249
app_id: 0, app_name: SAR_api-aarch64, task_id: 1064, task_name: DASH_FFT, resource_name: cpu2, ref_start_time: 2116371110862899, ref_stop_time: 2116371110912249, actual_exe_time: 49350, task_app_start_time:2116367583020641, task_sched_time:2116371110857439
app_id: 0, app_name: SAR_api-aarch64, task_id: 1065, task_name: DASH_FFT, resource_name: cpu3, ref_start_time: 2116371111352529, ref_stop_time: 2116371111397199, actual_exe_time: 44670, task_app_start_time:2116367583020641, task_sched_time:2116371111345719
app_id: 0, app_name: SAR_api-aarch64, task_id: 1066, task_name: DASH_FFT, resource_name: fft1, ref_start_time: 2116371111734759, ref_stop_time: 2116371111784199, actual_exe_time: 49440, task_app_start_time:2116367583020641, task_sched_time:2116371111723719
app_id: 0, app_name: SAR_api-aarch64, task_id: 1067, task_name: DASH_FFT, resource_name: fft2, ref_start_time: 2116371114921839, ref_stop_time: 2116371114967229, actual_exe_time: 45390, task_app_start_time:2116367583020641, task_sched_time:2116371114915659
app_id: 0, app_name: SAR_api-aarch64, task_id: 1068, task_name: DASH_FFT, resource_name: cpu1, ref_start_time: 2116371119100210, ref_stop_time: 2116371119162010, actual_exe_time: 61800, task_app_start_time:2116367583020641, task_sched_time:2116371119087520
app_id: 0, app_name: SAR_api-aarch64, task_id: 1069, task_name: DASH_FFT, resource_name: cpu2, ref_start_time: 2116371119708970, ref_stop_time: 2116371119750910, actual_exe_time: 41940, task_app_start_time:2116367583020641, task_sched_time:2116371119703240
app_id: 0, app_name: SAR_api-aarch64, task_id: 1070, task_name: DASH_FFT, resource_name: cpu3, ref_start_time: 2116371123084421, ref_stop_time: 2116371123146761, actual_exe_time: 62340, task_app_start_time:2116367583020641, task_sched_time:2116371123074671
app_id: 0, app_name: SAR_api-aarch64, task_id: 1071, task_name: DASH_FFT, resource_name: fft1, ref_start_time: 2116371123702541, ref_stop_time: 2116371123742861, actual_exe_time: 40320, task_app_start_time:2116367583020641, task_sched_time:2116371123699841
app_id: 0, app_name: SAR_api-aarch64, task_id: 1072, task_name: DASH_FFT, resource_name: fft2, ref_start_time: 2116371126861211, ref_stop_time: 2116371126914701, actual_exe_time: 53490, task_app_start_time:2116367583020641, task_sched_time:2116371126851581
app_id: 0, app_name: SAR_api-aarch64, task_id: 1073, task_name: DASH_FFT, resource_name: cpu1, ref_start_time: 2116371127795082, ref_stop_time: 2116371127837682, actual_exe_time: 42600, task_app_start_time:2116367583020641, task_sched_time:2116371127788572
app_id: 0, app_name: SAR_api-aarch64, task_id: 1074, task_name: DASH_FFT, resource_name: cpu2, ref_start_time: 2116371130221752, ref_stop_time: 2116371130274822, actual_exe_time: 53070, task_app_start_time:2116367583020641, task_sched_time:2116371130218392
app_id: 0, app_name: SAR_api-aarch64, task_id: 1075, task_name: DASH_FFT, resource_name: cpu3, ref_start_time: 2116371131121302, ref_stop_time: 2116371131167862, actual_exe_time: 46560, task_app_start_time:2116367583020641, task_sched_time:2116371131112932
app_id: 0, app_name: SAR_api-aarch64, task_id: 1076, task_name: DASH_FFT, resource_name: fft1, ref_start_time: 2116371134964963, ref_stop_time: 2116371135025473, actual_exe_time: 60510, task_app_start_time:2116367583020641, task_sched_time:2116371134953623
app_id: 0, app_name: SAR_api-aarch64, task_id: 1077, task_name: DASH_FFT, resource_name: fft2, ref_start_time: 2116371139203183, ref_stop_time: 2116371139247163, actual_exe_time: 43980, task_app_start_time:2116367583020641, task_sched_time:2116371139192533
app_id: 0, app_name: SAR_api-aarch64, task_id: 1078, task_name: DASH_FFT, resource_name: cpu1, ref_start_time: 2116371143223574, ref_stop_time: 2116371143288614, actual_exe_time: 65040, task_app_start_time:2116367583020641, task_sched_time:2116371143210164
app_id: 0, app_name: SAR_api-aarch64, task_id: 1079, task_name: DASH_FFT, resource_name: cpu2, ref_start_time: 2116371146253365, ref_stop_time: 2116371146302055, actual_exe_time: 48690, task_app_start_time:2116367583020641, task_sched_time:2116371146245565
app_id: 0, app_name: SAR_api-aarch64, task_id: 1080, task_name: DASH_FFT, resource_name: cpu3, ref_start_time: 2116371146913155, ref_stop_time: 2116371146976635, actual_exe_time: 63480, task_app_start_time:2116367583020641, task_sched_time:2116371146908745
app_id: 0, app_name: SAR_api-aarch64, task_id: 1081, task_name: DASH_FFT, resource_name: fft1, ref_start_time: 2116371147793175, ref_stop_time: 2116371147837845, actual_exe_time: 44670, task_app_start_time:2116367583020641, task_sched_time:2116371147753725
app_id: 0, app_name: SAR_api-aarch64, task_id: 1082, task_name: DASH_FFT, resource_name: fft2, ref_start_time: 2116371151012445, ref_stop_time: 2116371151068515, actual_exe_time: 56070, task_app_start_time:2116367583020641, task_sched_time:2116371151003415
app_id: 0, app_name: SAR_api-aarch64, task_id: 1083, task_name: DASH_FFT, resource_name: cpu1, ref_start_time: 2116371152223035, ref_stop_time: 2116371152268185, actual_exe_time: 45150, task_app_start_time:2116367583020641, task_sched_time:2116371152215955
app_id: 0, app_name: SAR_api-aarch64, task_id: 1084, task_name: DASH_FFT, resource_name: cpu2, ref_start_time: 2116371154554306, ref_stop_time: 2116371154621326, actual_exe_time: 67020, task_app_start_time:2116367583020641, task_sched_time:2116371153010476
app_id: 0, app_name: SAR_api-aarch64, task_id: 1085, task_name: DASH_FFT, resource_name: cpu3, ref_start_time: 2116371155514276, ref_stop_time: 2116371155560296, actual_exe_time: 46020, task_app_start_time:2116367583020641, task_sched_time:2116371155508786
app_id: 0, app_name: SAR_api-aarch64, task_id: 1086, task_name: DASH_FFT, resource_name: fft1, ref_start_time: 2116371156213516, ref_stop_time: 2116371156267396, actual_exe_time: 53880, task_app_start_time:2116367583020641, task_sched_time:2116371156204546
app_id: 0, app_name: SAR_api-aarch64, task_id: 1087, task_name: DASH_FFT, resource_name: fft2, ref_start_time: 2116371158520036, ref_stop_time: 2116371158560776, actual_exe_time: 40740, task_app_start_time:2116367583020641, task_sched_time:2116371156930036
app_id: 0, app_name: SAR_api-aarch64, task_id: 1088, task_name: DASH_FFT, resource_name: cpu1, ref_start_time: 2116371159366217, ref_stop_time: 2116371159417967, actual_exe_time: 51750, task_app_start_time:2116367583020641, task_sched_time:2116371159353467
app_id: 0, app_name: SAR_api-aarch64, task_id: 1089, task_name: DASH_FFT, resource_name: cpu2, ref_start_time: 2116371162512317, ref_stop_time: 2116371162559357, actual_exe_time: 47040, task_app_start_time:2116367583020641, task_sched_time:2116371159974557
app_id: 0, app_name: SAR_api-aarch64, task_id: 1090, task_name: DASH_FFT, resource_name: cpu3, ref_start_time: 2116371163324687, ref_stop_time: 2116371163389307, actual_exe_time: 64620, task_app_start_time:2116367583020641, task_sched_time:2116371163318597
app_id: 0, app_name: SAR_api-aarch64, task_id: 1091, task_name: DASH_FFT, resource_name: fft1, ref_start_time: 2116371163949887, ref_stop_time: 2116371163988557, actual_exe_time: 38670, task_app_start_time:2116367583020641, task_sched_time:2116371163944247
app_id: 0, app_name: SAR_api-aarch64, task_id: 1092, task_name: DASH_FFT, resource_name: fft2, ref_start_time: 2116371164696317, ref_stop_time: 2116371164748727, actual_exe_time: 52410, task_app_start_time:2116367583020641, task_sched_time:2116371164691517
app_id: 0, app_name: SAR_api-aarch64, task_id: 1093, task_name: DASH_FFT, resource_name: cpu1, ref_start_time: 2116371165530558, ref_stop_time: 2116371165576848, actual_exe_time: 46290, task_app_start_time:2116367583020641, task_sched_time:2116371165458858
app_id: 0, app_name: SAR_api-aarch64, task_id: 1094, task_name: DASH_FFT, resource_name: cpu2, ref_start_time: 2116371174888219, ref_stop_time: 2116371174954039, actual_exe_time: 65820, task_app_start_time:2116367583020641, task_sched_time:2116371174880569
app_id: 0, app_name: SAR_api-aarch64, task_id: 1095, task_name: DASH_FFT, resource_name: cpu3, ref_start_time: 2116371175656879, ref_stop_time: 2116371175702239, actual_exe_time: 45360, task_app_start_time:2116367583020641, task_sched_time:2116371175653759
app_id: 0, app_name: SAR_api-aarch64, task_id: 1096, task_name: DASH_FFT, resource_name: fft1, ref_start_time: 2116371176356359, ref_stop_time: 2116371176410059, actual_exe_time: 53700, task_app_start_time:2116367583020641, task_sched_time:2116371176343339
app_id: 0, app_name: SAR_api-aarch64, task_id: 1097, task_name: DASH_FFT, resource_name: fft2, ref_start_time: 2116371176734779, ref_stop_time: 2116371176773029, actual_exe_time: 38250, task_app_start_time:2116367583020641, task_sched_time:2116371176730819
app_id: 0, app_name: SAR_api-aarch64, task_id: 1098, task_name: DASH_FFT, resource_name: cpu1, ref_start_time: 2116371180991420, ref_stop_time: 2116371181053310, actual_exe_time: 61890, task_app_start_time:2116367583020641, task_sched_time:2116371180980620
app_id: 0, app_name: SAR_api-aarch64, task_id: 1099, task_name: DASH_FFT, resource_name: cpu2, ref_start_time: 2116371181706410, ref_stop_time: 2116371181747450, actual_exe_time: 41040, task_app_start_time:2116367583020641, task_sched_time:2116371181698070
app_id: 0, app_name: SAR_api-aarch64, task_id: 1100, task_name: DASH_FFT, resource_name: cpu3, ref_start_time: 2116371182314030, ref_stop_time: 2116371182371390, actual_exe_time: 57360, task_app_start_time:2116367583020641, task_sched_time:2116371182304760
app_id: 0, app_name: SAR_api-aarch64, task_id: 1101, task_name: DASH_FFT, resource_name: fft1, ref_start_time: 2116371182976940, ref_stop_time: 2116371183020080, actual_exe_time: 43140, task_app_start_time:2116367583020641, task_sched_time:2116371182964820
app_id: 0, app_name: SAR_api-aarch64, task_id: 1102, task_name: DASH_FFT, resource_name: fft2, ref_start_time: 2116371183733121, ref_stop_time: 2116371183784301, actual_exe_time: 51180, task_app_start_time:2116367583020641, task_sched_time:2116371183724271
app_id: 0, app_name: SAR_api-aarch64, task_id: 1103, task_name: DASH_FFT, resource_name: cpu1, ref_start_time: 2116371186533681, ref_stop_time: 2116371186587921, actual_exe_time: 54240, task_app_start_time:2116367583020641, task_sched_time:2116371184889561
app_id: 0, app_name: SAR_api-aarch64, task_id: 1104, task_name: DASH_FFT, resource_name: cpu2, ref_start_time: 2116371191160702, ref_stop_time: 2116371191218032, actual_exe_time: 57330, task_app_start_time:2116367583020641, task_sched_time:2116371191154162
app_id: 0, app_name: SAR_api-aarch64, task_id: 1105, task_name: DASH_FFT, resource_name: cpu3, ref_start_time: 2116371191692482, ref_stop_time: 2116371191740452, actual_exe_time: 47970, task_app_start_time:2116367583020641, task_sched_time:2116371191687172
app_id: 0, app_name: SAR_api-aarch64, task_id: 1106, task_name: DASH_FFT, resource_name: fft1, ref_start_time: 2116371191896932, ref_stop_time: 2116371191951472, actual_exe_time: 54540, task_app_start_time:2116367583020641, task_sched_time:2116371191888742
app_id: 0, app_name: SAR_api-aarch64, task_id: 1107, task_name: DASH_FFT, resource_name: fft2, ref_start_time: 2116371192554532, ref_stop_time: 2116371192591702, actual_exe_time: 37170, task_app_start_time:2116367583020641, task_sched_time:2116371192551412
app_id: 0, app_name: SAR_api-aarch64, task_id: 1108, task_name: DASH_FFT, resource_name: cpu1, ref_start_time: 2116371193102572, ref_stop_time: 2116371193151112, actual_exe_time: 48540, task_app_start_time:2116367583020641, task_sched_time:2116371193099572
app_id: 0, app_name: SAR_api-aarch64, task_id: 1109, task_name: DASH_FFT, resource_name: cpu2, ref_start_time: 2116371193586172, ref_stop_time: 2116371193625892, actual_exe_time: 39720, task_app_start_time:2116367583020641, task_sched_time:2116371193577322
app_id: 0, app_name: SAR_api-aarch64, task_id: 1110, task_name: DASH_FFT, resource_name: cpu3, ref_start_time: 2116371194032812, ref_stop_time: 2116371194087712, actual_exe_time: 54900, task_app_start_time:2116367583020641, task_sched_time:2116371194029122
app_id: 0, app_name: SAR_api-aarch64, task_id: 1111, task_name: DASH_FFT, resource_name: fft1, ref_start_time: 2116371199208803, ref_stop_time: 2116371199251643, actual_exe_time: 42840, task_app_start_time:2116367583020641, task_sched_time:2116371199197343
app_id: 0, app_name: SAR_api-aarch64, task_id: 1112, task_name: DASH_FFT, resource_name: fft2, ref_start_time: 2116371199734523, ref_stop_time: 2116371199785043, actual_exe_time: 50520, task_app_start_time:2116367583020641, task_sched_time:2116371199726573
app_id: 0, app_name: SAR_api-aarch64, task_id: 1113, task_name: DASH_FFT, resource_name: cpu1, ref_start_time: 2116371200864383, ref_stop_time: 2116371200909563, actual_exe_time: 45180, task_app_start_time:2116367583020641, task_sched_time:2116371200855953
app_id: 0, app_name: SAR_api-aarch64, task_id: 1114, task_name: DASH_FFT, resource_name: cpu2, ref_start_time: 2116371201678553, ref_stop_time: 2116371201727423, actual_exe_time: 48870, task_app_start_time:2116367583020641, task_sched_time:2116371201674743
app_id: 0, app_name: SAR_api-aarch64, task_id: 1115, task_name: DASH_FFT, resource_name: cpu3, ref_start_time: 2116371202151624, ref_stop_time: 2116371202197854, actual_exe_time: 46230, task_app_start_time:2116367583020641, task_sched_time:2116371202144184
app_id: 0, app_name: SAR_api-aarch64, task_id: 1116, task_name: DASH_FFT, resource_name: fft1, ref_start_time: 2116371202638734, ref_stop_time: 2116371202689194, actual_exe_time: 50460, task_app_start_time:2116367583020641, task_sched_time:2116371202626374
app_id: 0, app_name: SAR_api-aarch64, task_id: 1117, task_name: DASH_FFT, resource_name: fft2, ref_start_time: 2116371202851014, ref_stop_time: 2116371202888724, actual_exe_time: 37710, task_app_start_time:2116367583020641, task_sched_time:2116371202847924
app_id: 0, app_name: SAR_api-aarch64, task_id: 1118, task_name: DASH_FFT, resource_name: cpu1, ref_start_time: 2116371203524034, ref_stop_time: 2116371203572214, actual_exe_time: 48180, task_app_start_time:2116367583020641, task_sched_time:2116371203516684
app_id: 0, app_name: SAR_api-aarch64, task_id: 1119, task_name: DASH_FFT, resource_name: cpu2, ref_start_time: 2116371204090014, ref_stop_time: 2116371204129884, actual_exe_time: 39870, task_app_start_time:2116367583020641, task_sched_time:2116371204086624
app_id: 0, app_name: SAR_api-aarch64, task_id: 1120, task_name: DASH_FFT, resource_name: cpu3, ref_start_time: 2116371204553034, ref_stop_time: 2116371204604634, actual_exe_time: 51600, task_app_start_time:2116367583020641, task_sched_time:2116371204548294
app_id: 0, app_name: SAR_api-aarch64, task_id: 1121, task_name: DASH_FFT, resource_name: fft1, ref_start_time: 2116371207851714, ref_stop_time: 2116371207899984, actual_exe_time: 48270, task_app_start_time:2116367583020641, task_sched_time:2116371205039634
app_id: 0, app_name: SAR_api-aarch64, task_id: 1122, task_name: DASH_FFT, resource_name: fft2, ref_start_time: 2116371211524675, ref_stop_time: 2116371211579695, actual_exe_time: 55020, task_app_start_time:2116367583020641, task_sched_time:2116371211518615
app_id: 0, app_name: SAR_api-aarch64, task_id: 1123, task_name: DASH_FFT, resource_name: cpu1, ref_start_time: 2116371212890665, ref_stop_time: 2116371212938035, actual_exe_time: 47370, task_app_start_time:2116367583020641, task_sched_time:2116371212879415
app_id: 0, app_name: SAR_api-aarch64, task_id: 1124, task_name: DASH_FFT, resource_name: cpu2, ref_start_time: 2116371219421336, ref_stop_time: 2116371219475636, actual_exe_time: 54300, task_app_start_time:2116367583020641, task_sched_time:2116371219416176
app_id: 0, app_name: SAR_api-aarch64, task_id: 1125, task_name: DASH_FFT, resource_name: cpu3, ref_start_time: 2116371219986026, ref_stop_time: 2116371220032376, actual_exe_time: 46350, task_app_start_time:2116367583020641, task_sched_time:2116371219977866
app_id: 0, app_name: SAR_api-aarch64, task_id: 1126, task_name: DASH_FFT, resource_name: fft1, ref_start_time: 2116371220763477, ref_stop_time: 2116371220814657, actual_exe_time: 51180, task_app_start_time:2116367583020641, task_sched_time:2116371220755017
app_id: 0, app_name: SAR_api-aarch64, task_id: 1127, task_name: DASH_FFT, resource_name: fft2, ref_start_time: 2116371221519807, ref_stop_time: 2116371221557367, actual_exe_time: 37560, task_app_start_time:2116367583020641, task_sched_time:2116371221512427
app_id: 0, app_name: SAR_api-aarch64, task_id: 1128, task_name: DASH_FFT, resource_name: cpu1, ref_start_time: 2116371222325787, ref_stop_time: 2116371222373517, actual_exe_time: 47730, task_app_start_time:2116367583020641, task_sched_time:2116371222321017
app_id: 0, app_name: SAR_api-aarch64, task_id: 1129, task_name: DASH_FFT, resource_name: cpu2, ref_start_time: 2116371222801377, ref_stop_time: 2116371222841547, actual_exe_time: 40170, task_app_start_time:2116367583020641, task_sched_time:2116371222796727
app_id: 0, app_name: SAR_api-aarch64, task_id: 1130, task_name: DASH_FFT, resource_name: cpu3, ref_start_time: 2116371224068067, ref_stop_time: 2116371224128337, actual_exe_time: 60270, task_app_start_time:2116367583020641, task_sched_time:2116371224063447
app_id: 0, app_name: SAR_api-aarch64, task_id: 1131, task_name: DASH_FFT, resource_name: fft1, ref_start_time: 2116371224692367, ref_stop_time: 2116371224732447, actual_exe_time: 40080, task_app_start_time:2116367583020641, task_sched_time:2116371224686787
app_id: 0, app_name: SAR_api-aarch64, task_id: 1132, task_name: DASH_FFT, resource_name: fft2, ref_start_time: 2116371225210587, ref_stop_time: 2116371225256427, actual_exe_time: 45840, task_app_start_time:2116367583020641, task_sched_time:2116371225203837
app_id: 0, app_name: SAR_api-aarch64, task_id: 1133, task_name: DASH_FFT, resource_name: cpu1, ref_start_time: 2116371226208837, ref_stop_time: 2116371226256327, actual_exe_time: 47490, task_app_start_time:2116367583020641, task_sched_time:2116371226195457
app_id: 0, app_name: SAR_api-aarch64, task_id: 1134, task_name: DASH_FFT, resource_name: cpu2, ref_start_time: 2116371228425148, ref_stop_time: 2116371228489438, actual_exe_time: 64290, task_app_start_time:2116367583020641, task_sched_time:2116371226762307
app_id: 0, app_name: SAR_api-aarch64, task_id: 1135, task_name: DASH_FFT, resource_name: cpu3, ref_start_time: 2116371229459728, ref_stop_time: 2116371229509348, actual_exe_time: 49620, task_app_start_time:2116367583020641, task_sched_time:2116371229454568
app_id: 0, app_name: SAR_api-aarch64, task_id: 1136, task_name: DASH_FFT, resource_name: fft1, ref_start_time: 2116371230555868, ref_stop_time: 2116371230612958, actual_exe_time: 57090, task_app_start_time:2116367583020641, task_sched_time:2116371230138328
app_id: 0, app_name: SAR_api-aarch64, task_id: 1137, task_name: DASH_FFT, resource_name: fft2, ref_start_time: 2116371231034458, ref_stop_time: 2116371231073218, actual_exe_time: 38760, task_app_start_time:2116367583020641, task_sched_time:2116371231030168
app_id: 0, app_name: SAR_api-aarch64, task_id: 1138, task_name: DASH_FFT, resource_name: cpu1, ref_start_time: 2116371231604818, ref_stop_time: 2116371231655788, actual_exe_time: 50970, task_app_start_time:2116367583020641, task_sched_time:2116371231600258
app_id: 0, app_name: SAR_api-aarch64, task_id: 1139, task_name: DASH_FFT, resource_name: cpu2, ref_start_time: 2116371232079568, ref_stop_time: 2116371232120488, actual_exe_time: 40920, task_app_start_time:2116367583020641, task_sched_time:2116371232071318
app_id: 0, app_name: SAR_api-aarch64, task_id: 1140, task_name: DASH_FFT, resource_name: cpu3, ref_start_time: 2116371232531548, ref_stop_time: 2116371232586898, actual_exe_time: 55350, task_app_start_time:2116367583020641, task_sched_time:2116371232523358
app_id: 0, app_name: SAR_api-aarch64, task_id: 1141, task_name: DASH_FFT, resource_name: fft1, ref_start_time: 2116371234500929, ref_stop_time: 2116371234541219, actual_exe_time: 40290, task_app_start_time:2116367583020641, task_sched_time:2116371232944138
app_id: 0, app_name: SAR_api-aarch64, task_id: 1142, task_name: DASH_FFT, resource_name: fft2, ref_start_time: 2116371235178509, ref_stop_time: 2116371235225999, actual_exe_time: 47490, task_app_start_time:2116367583020641, task_sched_time:2116371235171159
app_id: 0, app_name: SAR_api-aarch64, task_id: 1143, task_name: DASH_FFT, resource_name: cpu1, ref_start_time: 2116371238517869, ref_stop_time: 2116371238566649, actual_exe_time: 48780, task_app_start_time:2116367583020641, task_sched_time:2116371236386039
app_id: 0, app_name: SAR_api-aarch64, task_id: 1144, task_name: DASH_FFT, resource_name: cpu2, ref_start_time: 2116371239186059, ref_stop_time: 2116371239237059, actual_exe_time: 51000, task_app_start_time:2116367583020641, task_sched_time:2116371239177119
app_id: 0, app_name: SAR_api-aarch64, task_id: 1145, task_name: DASH_FFT, resource_name: cpu3, ref_start_time: 2116371240014390, ref_stop_time: 2116371240060530, actual_exe_time: 46140, task_app_start_time:2116367583020641, task_sched_time:2116371240005780
app_id: 0, app_name: SAR_api-aarch64, task_id: 1146, task_name: DASH_FFT, resource_name: fft1, ref_start_time: 2116371240726980, ref_stop_time: 2116371240780620, actual_exe_time: 53640, task_app_start_time:2116367583020641, task_sched_time:2116371240700040
app_id: 0, app_name: SAR_api-aarch64, task_id: 1147, task_name: DASH_FFT, resource_name: fft2, ref_start_time: 2116371241342730, ref_stop_time: 2116371241380110, actual_exe_time: 37380, task_app_start_time:2116367583020641, task_sched_time:2116371241338200
app_id: 0, app_name: SAR_api-aarch64, task_id: 1148, task_name: DASH_FFT, resource_name: cpu1, ref_start_time: 2116371242151110, ref_stop_time: 2116371242204510, actual_exe_time: 53400, task_app_start_time:2116367583020641, task_sched_time:2116371242139320
app_id: 0, app_name: SAR_api-aarch64, task_id: 1149, task_name: DASH_FFT, resource_name: cpu2, ref_start_time: 2116371246561891, ref_stop_time: 2116371246616431, actual_exe_time: 54540, task_app_start_time:2116367583020641, task_sched_time:2116371246555321
app_id: 0, app_name: SAR_api-aarch64, task_id: 1150, task_name: DASH_FFT, resource_name: cpu3, ref_start_time: 2116371247389141, ref_stop_time: 2116371247448121, actual_exe_time: 58980, task_app_start_time:2116367583020641, task_sched_time:2116371247382511
app_id: 0, app_name: SAR_api-aarch64, task_id: 1151, task_name: DASH_FFT, resource_name: fft1, ref_start_time: 2116371250932531, ref_stop_time: 2116371250978281, actual_exe_time: 45750, task_app_start_time:2116367583020641, task_sched_time:2116371250925271
app_id: 0, app_name: SAR_api-aarch64, task_id: 1152, task_name: DASH_FFT, resource_name: fft2, ref_start_time: 2116371254560672, ref_stop_time: 2116371254617672, actual_exe_time: 57000, task_app_start_time:2116367583020641, task_sched_time:2116371254539192
app_id: 0, app_name: SAR_api-aarch64, task_id: 1153, task_name: DASH_FFT, resource_name: cpu1, ref_start_time: 2116371257805412, ref_stop_time: 2116371257854762, actual_exe_time: 49350, task_app_start_time:2116367583020641, task_sched_time:2116371257797822
app_id: 0, app_name: SAR_api-aarch64, task_id: 1154, task_name: DASH_FFT, resource_name: cpu2, ref_start_time: 2116371258320273, ref_stop_time: 2116371258397373, actual_exe_time: 77100, task_app_start_time:2116367583020641, task_sched_time:2116371258313133
app_id: 0, app_name: SAR_api-aarch64, task_id: 1155, task_name: DASH_FFT, resource_name: cpu3, ref_start_time: 2116371258719783, ref_stop_time: 2116371258765893, actual_exe_time: 46110, task_app_start_time:2116367583020641, task_sched_time:2116371258715643
app_id: 0, app_name: SAR_api-aarch64, task_id: 1156, task_name: DASH_FFT, resource_name: fft1, ref_start_time: 2116371259493303, ref_stop_time: 2116371259548353, actual_exe_time: 55050, task_app_start_time:2116367583020641, task_sched_time:2116371259422473
app_id: 0, app_name: SAR_api-aarch64, task_id: 1157, task_name: DASH_FFT, resource_name: fft2, ref_start_time: 2116371263076833, ref_stop_time: 2116371263119643, actual_exe_time: 42810, task_app_start_time:2116367583020641, task_sched_time:2116371263021513
app_id: 0, app_name: SAR_api-aarch64, task_id: 1158, task_name: DASH_FFT, resource_name: cpu1, ref_start_time: 2116371264038933, ref_stop_time: 2116371264100793, actual_exe_time: 61860, task_app_start_time:2116367583020641, task_sched_time:2116371264031253
app_id: 0, app_name: SAR_api-aarch64, task_id: 1159, task_name: DASH_FFT, resource_name: cpu2, ref_start_time: 2116371267080874, ref_stop_time: 2116371267128784, actual_exe_time: 47910, task_app_start_time:2116367583020641, task_sched_time:2116371267072564
app_id: 0, app_name: SAR_api-aarch64, task_id: 1160, task_name: DASH_FFT, resource_name: cpu3, ref_start_time: 2116371270823765, ref_stop_time: 2116371270893185, actual_exe_time: 69420, task_app_start_time:2116367583020641, task_sched_time:2116371270816805
app_id: 0, app_name: SAR_api-aarch64, task_id: 1161, task_name: DASH_FFT, resource_name: fft1, ref_start_time: 2116371271337365, ref_stop_time: 2116371271377685, actual_exe_time: 40320, task_app_start_time:2116367583020641, task_sched_time:2116371271333825
app_id: 0, app_name: SAR_api-aarch64, task_id: 1162, task_name: DASH_FFT, resource_name: fft2, ref_start_time: 2116371271707985, ref_stop_time: 2116371271756525, actual_exe_time: 48540, task_app_start_time:2116367583020641, task_sched_time:2116371271696765
app_id: 0, app_name: SAR_api-aarch64, task_id: 1163, task_name: DASH_FFT, resource_name: cpu1, ref_start_time: 2116371274517845, ref_stop_time: 2116371274572895, actual_exe_time: 55050, task_app_start_time:2116367583020641, task_sched_time:2116371274499635
app_id: 0, app_name: SAR_api-aarch64, task_id: 1164, task_name: DASH_FFT, resource_name: cpu2, ref_start_time: 2116371282533666, ref_stop_time: 2116371282604256, actual_exe_time: 70590, task_app_start_time:2116367583020641, task_sched_time:2116371278423756
app_id: 0, app_name: SAR_api-aarch64, task_id: 1165, task_name: DASH_FFT, resource_name: cpu3, ref_start_time: 2116371283477977, ref_stop_time: 2116371283524117, actual_exe_time: 46140, task_app_start_time:2116367583020641, task_sched_time:2116371283472157
app_id: 0, app_name: SAR_api-aarch64, task_id: 1166, task_name: DASH_FFT, resource_name: fft1, ref_start_time: 2116371283807497, ref_stop_time: 2116371283861227, actual_exe_time: 53730, task_app_start_time:2116367583020641, task_sched_time:2116371283797177
app_id: 0, app_name: SAR_api-aarch64, task_id: 1167, task_name: DASH_FFT, resource_name: fft2, ref_start_time: 2116371284356227, ref_stop_time: 2116371284395857, actual_exe_time: 39630, task_app_start_time:2116367583020641, task_sched_time:2116371284350287
app_id: 0, app_name: SAR_api-aarch64, task_id: 1168, task_name: DASH_FFT, resource_name: cpu1, ref_start_time: 2116371285004737, ref_stop_time: 2116371285054327, actual_exe_time: 49590, task_app_start_time:2116367583020641, task_sched_time:2116371285002067
app_id: 0, app_name: SAR_api-aarch64, task_id: 1169, task_name: DASH_FFT, resource_name: cpu2, ref_start_time: 2116371285397887, ref_stop_time: 2116371285440127, actual_exe_time: 42240, task_app_start_time:2116367583020641, task_sched_time:2116371285395217
app_id: 0, app_name: SAR_api-aarch64, task_id: 1170, task_name: DASH_FFT, resource_name: cpu3, ref_start_time: 2116371285900807, ref_stop_time: 2116371285957867, actual_exe_time: 57060, task_app_start_time:2116367583020641, task_sched_time:2116371285896157
app_id: 0, app_name: SAR_api-aarch64, task_id: 1171, task_name: DASH_FFT, resource_name: fft1, ref_start_time: 2116371286215537, ref_stop_time: 2116371286448967, actual_exe_time: 233430, task_app_start_time:2116367583020641, task_sched_time:2116371286207797
app_id: 0, app_name: SAR_api-aarch64, task_id: 1172, task_name: DASH_FFT, resource_name: fft2, ref_start_time: 2116371289192888, ref_stop_time: 2116371289248208, actual_exe_time: 55320, task_app_start_time:2116367583020641, task_sched_time:2116371287088117
app_id: 0, app_name: SAR_api-aarch64, task_id: 1173, task_name: DASH_FFT, resource_name: cpu1, ref_start_time: 2116371290396458, ref_stop_time: 2116371290442808, actual_exe_time: 46350, task_app_start_time:2116367583020641, task_sched_time:2116371290384758
app_id: 0, app_name: SAR_api-aarch64, task_id: 1174, task_name: DASH_FFT, resource_name: cpu2, ref_start_time: 2116371291351868, ref_stop_time: 2116371291405898, actual_exe_time: 54030, task_app_start_time:2116367583020641, task_sched_time:2116371291347158
app_id: 0, app_name: SAR_api-aarch64, task_id: 1175, task_name: DASH_FFT, resource_name: cpu3, ref_start_time: 2116371295503179, ref_stop_time: 2116371295554779, actual_exe_time: 51600, task_app_start_time:2116367583020641, task_sched_time:2116371295494599
app_id: 0, app_name: SAR_api-aarch64, task_id: 1176, task_name: DASH_FFT, resource_name: fft1, ref_start_time: 2116371296317919, ref_stop_time: 2116371296376479, actual_exe_time: 58560, task_app_start_time:2116367583020641, task_sched_time:2116371296313509
app_id: 0, app_name: SAR_api-aarch64, task_id: 1177, task_name: DASH_FFT, resource_name: fft2, ref_start_time: 2116371297031559, ref_stop_time: 2116371297068999, actual_exe_time: 37440, task_app_start_time:2116367583020641, task_sched_time:2116371297024869
app_id: 0, app_name: SAR_api-aarch64, task_id: 1178, task_name: DASH_FFT, resource_name: cpu1, ref_start_time: 2116371302554770, ref_stop_time: 2116371302627190, actual_exe_time: 72420, task_app_start_time:2116367583020641, task_sched_time:2116371298662569
app_id: 0, app_name: SAR_api-aarch64, task_id: 1179, task_name: DASH_FFT, resource_name: cpu2, ref_start_time: 2116371303201720, ref_stop_time: 2116371303244260, actual_exe_time: 42540, task_app_start_time:2116367583020641, task_sched_time:2116371303192180
app_id: 0, app_name: SAR_api-aarch64, task_id: 1180, task_name: DASH_FFT, resource_name: cpu3, ref_start_time: 2116371303673440, ref_stop_time: 2116371303731100, actual_exe_time: 57660, task_app_start_time:2116367583020641, task_sched_time:2116371303664890
app_id: 0, app_name: SAR_api-aarch64, task_id: 1181, task_name: DASH_FFT, resource_name: fft1, ref_start_time: 2116371304176570, ref_stop_time: 2116371304217310, actual_exe_time: 40740, task_app_start_time:2116367583020641, task_sched_time:2116371304164660
app_id: 0, app_name: SAR_api-aarch64, task_id: 1182, task_name: DASH_FFT, resource_name: fft2, ref_start_time: 2116371304588890, ref_stop_time: 2116371304637130, actual_exe_time: 48240, task_app_start_time:2116367583020641, task_sched_time:2116371304579830
app_id: 0, app_name: SAR_api-aarch64, task_id: 1183, task_name: DASH_FFT, resource_name: cpu1, ref_start_time: 2116371305180160, ref_stop_time: 2116371305220600, actual_exe_time: 40440, task_app_start_time:2116367583020641, task_sched_time:2116371305175840
app_id: 0, app_name: SAR_api-aarch64, task_id: 1184, task_name: DASH_FFT, resource_name: cpu2, ref_start_time: 2116371305583210, ref_stop_time: 2116371305629200, actual_exe_time: 45990, task_app_start_time:2116367583020641, task_sched_time:2116371305580030
app_id: 0, app_name: SAR_api-aarch64, task_id: 1185, task_name: DASH_FFT, resource_name: cpu3, ref_start_time: 2116371305803770, ref_stop_time: 2116371305847330, actual_exe_time: 43560, task_app_start_time:2116367583020641, task_sched_time:2116371305800830
app_id: 0, app_name: SAR_api-aarch64, task_id: 1186, task_name: DASH_FFT, resource_name: fft1, ref_start_time: 2116371306531450, ref_stop_time: 2116371306579240, actual_exe_time: 47790, task_app_start_time:2116367583020641, task_sched_time:2116371306466980
app_id: 0, app_name: SAR_api-aarch64, task_id: 1187, task_name: DASH_FFT, resource_name: fft2, ref_start_time: 2116371306999930, ref_stop_time: 2116371307038390, actual_exe_time: 38460, task_app_start_time:2116367583020641, task_sched_time:2116371306992640
app_id: 0, app_name: SAR_api-aarch64, task_id: 1188, task_name: DASH_FFT, resource_name: cpu1, ref_start_time: 2116371310085191, ref_stop_time: 2116371310142821, actual_exe_time: 57630, task_app_start_time:2116367583020641, task_sched_time:2116371307536030
app_id: 0, app_name: SAR_api-aarch64, task_id: 1189, task_name: DASH_FFT, resource_name: cpu2, ref_start_time: 2116371310797781, ref_stop_time: 2116371310840471, actual_exe_time: 42690, task_app_start_time:2116367583020641, task_sched_time:2116371310794421
app_id: 0, app_name: SAR_api-aarch64, task_id: 1190, task_name: DASH_FFT, resource_name: cpu3, ref_start_time: 2116371311602981, ref_stop_time: 2116371311656891, actual_exe_time: 53910, task_app_start_time:2116367583020641, task_sched_time:2116371311595001
app_id: 0, app_name: SAR_api-aarch64, task_id: 1191, task_name: DASH_FFT, resource_name: fft1, ref_start_time: 2116371312090481, ref_stop_time: 2116371312129211, actual_exe_time: 38730, task_app_start_time:2116367583020641, task_sched_time:2116371312085801
app_id: 0, app_name: SAR_api-aarch64, task_id: 1192, task_name: DASH_FFT, resource_name: fft2, ref_start_time: 2116371312537211, ref_stop_time: 2116371312584461, actual_exe_time: 47250, task_app_start_time:2116367583020641, task_sched_time:2116371312534511
app_id: 0, app_name: SAR_api-aarch64, task_id: 1193, task_name: DASH_FFT, resource_name: cpu1, ref_start_time: 2116371312933691, ref_stop_time: 2116371312975961, actual_exe_time: 42270, task_app_start_time:2116367583020641, task_sched_time:2116371312824671
app_id: 0, app_name: SAR_api-aarch64, task_id: 1194, task_name: DASH_FFT, resource_name: cpu2, ref_start_time: 2116371313815841, ref_stop_time: 2116371313866121, actual_exe_time: 50280, task_app_start_time:2116367583020641, task_sched_time:2116371313806511
app_id: 0, app_name: SAR_api-aarch64, task_id: 1195, task_name: DASH_FFT, resource_name: cpu3, ref_start_time: 2116371317922512, ref_stop_time: 2116371317982092, actual_exe_time: 59580, task_app_start_time:2116367583020641, task_sched_time:2116371317912342
app_id: 0, app_name: SAR_api-aarch64, task_id: 1196, task_name: DASH_FFT, resource_name: fft1, ref_start_time: 2116371322651473, ref_stop_time: 2116371322711743, actual_exe_time: 60270, task_app_start_time:2116367583020641, task_sched_time:2116371318918122
app_id: 0, app_name: SAR_api-aarch64, task_id: 1197, task_name: DASH_FFT, resource_name: fft2, ref_start_time: 2116371323421693, ref_stop_time: 2116371323460273, actual_exe_time: 38580, task_app_start_time:2116367583020641, task_sched_time:2116371323416263
app_id: 0, app_name: SAR_api-aarch64, task_id: 1198, task_name: DASH_FFT, resource_name: cpu1, ref_start_time: 2116371324628563, ref_stop_time: 2116371324681813, actual_exe_time: 53250, task_app_start_time:2116367583020641, task_sched_time:2116371324619773
app_id: 0, app_name: SAR_api-aarch64, task_id: 1199, task_name: DASH_FFT, resource_name: cpu2, ref_start_time: 2116371325442283, ref_stop_time: 2116371325484193, actual_exe_time: 41910, task_app_start_time:2116367583020641, task_sched_time:2116371325437993
app_id: 0, app_name: SAR_api-aarch64, task_id: 1200, task_name: DASH_FFT, resource_name: cpu3, ref_start_time: 2116371326224683, ref_stop_time: 2116371326282283, actual_exe_time: 57600, task_app_start_time:2116367583020641, task_sched_time:2116371326216193
app_id: 0, app_name: SAR_api-aarch64, task_id: 1201, task_name: DASH_FFT, resource_name: fft1, ref_start_time: 2116371326954224, ref_stop_time: 2116371326994064, actual_exe_time: 39840, task_app_start_time:2116367583020641, task_sched_time:2116371326944414
app_id: 0, app_name: SAR_api-aarch64, task_id: 1202, task_name: DASH_FFT, resource_name: fft2, ref_start_time: 2116371327819004, ref_stop_time: 2116371327866224, actual_exe_time: 47220, task_app_start_time:2116367583020641, task_sched_time:2116371327814444
app_id: 0, app_name: SAR_api-aarch64, task_id: 1203, task_name: DASH_FFT, resource_name: cpu1, ref_start_time: 2116371329627404, ref_stop_time: 2116371329672704, actual_exe_time: 45300, task_app_start_time:2116367583020641, task_sched_time:2116371329040004
app_id: 0, app_name: SAR_api-aarch64, task_id: 1204, task_name: DASH_FFT, resource_name: cpu2, ref_start_time: 2116371330251704, ref_stop_time: 2116371330299794, actual_exe_time: 48090, task_app_start_time:2116367583020641, task_sched_time:2116371330243544
app_id: 0, app_name: SAR_api-aarch64, task_id: 1205, task_name: DASH_FFT, resource_name: cpu3, ref_start_time: 2116371331039414, ref_stop_time: 2116371331084414, actual_exe_time: 45000, task_app_start_time:2116367583020641, task_sched_time:2116371331031734
app_id: 0, app_name: SAR_api-aarch64, task_id: 1206, task_name: DASH_FFT, resource_name: fft1, ref_start_time: 2116371331847884, ref_stop_time: 2116371331902484, actual_exe_time: 54600, task_app_start_time:2116367583020641, task_sched_time:2116371331837984
app_id: 0, app_name: SAR_api-aarch64, task_id: 1207, task_name: DASH_FFT, resource_name: fft2, ref_start_time: 2116371332475004, ref_stop_time: 2116371332512924, actual_exe_time: 37920, task_app_start_time:2116367583020641, task_sched_time:2116371332470384
app_id: 0, app_name: SAR_api-aarch64, task_id: 1208, task_name: DASH_FFT, resource_name: cpu1, ref_start_time: 2116371333404765, ref_stop_time: 2116371333454175, actual_exe_time: 49410, task_app_start_time:2116367583020641, task_sched_time:2116371333399245
app_id: 0, app_name: SAR_api-aarch64, task_id: 1209, task_name: DASH_FFT, resource_name: cpu2, ref_start_time: 2116371336760025, ref_stop_time: 2116371336811925, actual_exe_time: 51900, task_app_start_time:2116367583020641, task_sched_time:2116371334088075
app_id: 0, app_name: SAR_api-aarch64, task_id: 1210, task_name: DASH_FFT, resource_name: cpu3, ref_start_time: 2116371337017875, ref_stop_time: 2116371337075715, actual_exe_time: 57840, task_app_start_time:2116367583020641, task_sched_time:2116371337004345
app_id: 0, app_name: SAR_api-aarch64, task_id: 1211, task_name: DASH_FFT, resource_name: fft1, ref_start_time: 2116371337983395, ref_stop_time: 2116371338025365, actual_exe_time: 41970, task_app_start_time:2116367583020641, task_sched_time:2116371337978175
app_id: 0, app_name: SAR_api-aarch64, task_id: 1212, task_name: DASH_FFT, resource_name: fft2, ref_start_time: 2116371338592395, ref_stop_time: 2116371338643365, actual_exe_time: 50970, task_app_start_time:2116367583020641, task_sched_time:2116371338589035
app_id: 0, app_name: SAR_api-aarch64, task_id: 1213, task_name: DASH_FFT, resource_name: cpu1, ref_start_time: 2116371342920586, ref_stop_time: 2116371342970056, actual_exe_time: 49470, task_app_start_time:2116367583020641, task_sched_time:2116371342913026
app_id: 0, app_name: SAR_api-aarch64, task_id: 1214, task_name: DASH_FFT, resource_name: cpu2, ref_start_time: 2116371343411266, ref_stop_time: 2116371343462146, actual_exe_time: 50880, task_app_start_time:2116367583020641, task_sched_time:2116371343406166
app_id: 0, app_name: SAR_api-aarch64, task_id: 1215, task_name: DASH_FFT, resource_name: cpu3, ref_start_time: 2116371343842456, ref_stop_time: 2116371343887606, actual_exe_time: 45150, task_app_start_time:2116367583020641, task_sched_time:2116371343836696
app_id: 0, app_name: SAR_api-aarch64, task_id: 1216, task_name: DASH_FFT, resource_name: fft1, ref_start_time: 2116371344261136, ref_stop_time: 2116371344313366, actual_exe_time: 52230, task_app_start_time:2116367583020641, task_sched_time:2116371344252646
app_id: 0, app_name: SAR_api-aarch64, task_id: 1217, task_name: DASH_FFT, resource_name: fft2, ref_start_time: 2116371344675256, ref_stop_time: 2116371344713206, actual_exe_time: 37950, task_app_start_time:2116367583020641, task_sched_time:2116371344668716
app_id: 0, app_name: SAR_api-aarch64, task_id: 1218, task_name: DASH_FFT, resource_name: cpu1, ref_start_time: 2116371346958197, ref_stop_time: 2116371347015587, actual_exe_time: 57390, task_app_start_time:2116367583020641, task_sched_time:2116371346953847
app_id: 0, app_name: SAR_api-aarch64, task_id: 1219, task_name: DASH_FFT, resource_name: cpu2, ref_start_time: 2116371350712007, ref_stop_time: 2116371350758087, actual_exe_time: 46080, task_app_start_time:2116367583020641, task_sched_time:2116371350707087
app_id: 0, app_name: SAR_api-aarch64, task_id: 1220, task_name: DASH_FFT, resource_name: cpu3, ref_start_time: 2116371351265808, ref_stop_time: 2116371351322388, actual_exe_time: 56580, task_app_start_time:2116367583020641, task_sched_time:2116371351256298
app_id: 0, app_name: SAR_api-aarch64, task_id: 1221, task_name: DASH_FFT, resource_name: fft1, ref_start_time: 2116371351707588, ref_stop_time: 2116371351748688, actual_exe_time: 41100, task_app_start_time:2116367583020641, task_sched_time:2116371351697958
app_id: 0, app_name: SAR_api-aarch64, task_id: 1222, task_name: DASH_FFT, resource_name: fft2, ref_start_time: 2116371352241828, ref_stop_time: 2116371352293998, actual_exe_time: 52170, task_app_start_time:2116367583020641, task_sched_time:2116371352232768
app_id: 0, app_name: SAR_api-aarch64, task_id: 1223, task_name: DASH_FFT, resource_name: cpu1, ref_start_time: 2116371353038658, ref_stop_time: 2116371353083058, actual_exe_time: 44400, task_app_start_time:2116367583020641, task_sched_time:2116371352875938
app_id: 0, app_name: SAR_api-aarch64, task_id: 1224, task_name: DASH_FFT, resource_name: cpu2, ref_start_time: 2116371353535038, ref_stop_time: 2116371353583128, actual_exe_time: 48090, task_app_start_time:2116367583020641, task_sched_time:2116371353530658
app_id: 0, app_name: SAR_api-aarch64, task_id: 1225, task_name: DASH_FFT, resource_name: cpu3, ref_start_time: 2116371353966618, ref_stop_time: 2116371354011768, actual_exe_time: 45150, task_app_start_time:2116367583020641, task_sched_time:2116371353963768
app_id: 0, app_name: SAR_api-aarch64, task_id: 1226, task_name: DASH_FFT, resource_name: fft1, ref_start_time: 2116371354451148, ref_stop_time: 2116371354711428, actual_exe_time: 260280, task_app_start_time:2116367583020641, task_sched_time:2116371354445868
app_id: 0, app_name: SAR_api-aarch64, task_id: 1227, task_name: DASH_FFT, resource_name: fft2, ref_start_time: 2116371358798209, ref_stop_time: 2116371358845129, actual_exe_time: 46920, task_app_start_time:2116367583020641, task_sched_time:2116371358791879
app_id: 0, app_name: SAR_api-aarch64, task_id: 1228, task_name: DASH_FFT, resource_name: cpu1, ref_start_time: 2116371362728089, ref_stop_time: 2116371362794569, actual_exe_time: 66480, task_app_start_time:2116367583020641, task_sched_time:2116371362715999
app_id: 0, app_name: SAR_api-aarch64, task_id: 1229, task_name: DASH_FFT, resource_name: cpu2, ref_start_time: 2116371363231309, ref_stop_time: 2116371363273759, actual_exe_time: 42450, task_app_start_time:2116367583020641, task_sched_time:2116371363226629
app_id: 0, app_name: SAR_api-aarch64, task_id: 1230, task_name: DASH_FFT, resource_name: cpu3, ref_start_time: 2116371366898630, ref_stop_time: 2116371366959320, actual_exe_time: 60690, task_app_start_time:2116367583020641, task_sched_time:2116371366893110
app_id: 0, app_name: SAR_api-aarch64, task_id: 1231, task_name: DASH_FFT, resource_name: fft1, ref_start_time: 2116371367347010, ref_stop_time: 2116371367388680, actual_exe_time: 41670, task_app_start_time:2116367583020641, task_sched_time:2116371367332730
app_id: 0, app_name: SAR_api-aarch64, task_id: 1232, task_name: DASH_FFT, resource_name: fft2, ref_start_time: 2116371369782830, ref_stop_time: 2116371369858880, actual_exe_time: 76050, task_app_start_time:2116367583020641, task_sched_time:2116371369775750
app_id: 0, app_name: SAR_api-aarch64, task_id: 1233, task_name: DASH_FFT, resource_name: cpu1, ref_start_time: 2116371374147291, ref_stop_time: 2116371374202941, actual_exe_time: 55650, task_app_start_time:2116367583020641, task_sched_time:2116371374135591
app_id: 0, app_name: SAR_api-aarch64, task_id: 1234, task_name: DASH_FFT, resource_name: cpu2, ref_start_time: 2116371378526602, ref_stop_time: 2116371378595542, actual_exe_time: 68940, task_app_start_time:2116367583020641, task_sched_time:2116371374975621
app_id: 0, app_name: SAR_api-aarch64, task_id: 1235, task_name: DASH_FFT, resource_name: cpu3, ref_start_time: 2116371379253682, ref_stop_time: 2116371379298922, actual_exe_time: 45240, task_app_start_time:2116367583020641, task_sched_time:2116371379244712
app_id: 0, app_name: SAR_api-aarch64, task_id: 1236, task_name: DASH_FFT, resource_name: fft1, ref_start_time: 2116371379976082, ref_stop_time: 2116371380030562, actual_exe_time: 54480, task_app_start_time:2116367583020641, task_sched_time:2116371379967412
app_id: 0, app_name: SAR_api-aarch64, task_id: 1237, task_name: DASH_FFT, resource_name: fft2, ref_start_time: 2116371382514113, ref_stop_time: 2116371382557373, actual_exe_time: 43260, task_app_start_time:2116367583020641, task_sched_time:2116371380459232
app_id: 0, app_name: SAR_api-aarch64, task_id: 1238, task_name: DASH_FFT, resource_name: cpu1, ref_start_time: 2116371383233873, ref_stop_time: 2116371383285263, actual_exe_time: 51390, task_app_start_time:2116367583020641, task_sched_time:2116371383223163
app_id: 0, app_name: SAR_api-aarch64, task_id: 1239, task_name: DASH_FFT, resource_name: cpu2, ref_start_time: 2116371383733313, ref_stop_time: 2116371383778223, actual_exe_time: 44910, task_app_start_time:2116367583020641, task_sched_time:2116371383727493
app_id: 0, app_name: SAR_api-aarch64, task_id: 1240, task_name: DASH_FFT, resource_name: cpu3, ref_start_time: 2116371384201193, ref_stop_time: 2116371384262003, actual_exe_time: 60810, task_app_start_time:2116367583020641, task_sched_time:2116371384197893
app_id: 0, app_name: SAR_api-aarch64, task_id: 1241, task_name: DASH_FFT, resource_name: fft1, ref_start_time: 2116371384528313, ref_stop_time: 2116371384568123, actual_exe_time: 39810, task_app_start_time:2116367583020641, task_sched_time:2116371384519343
app_id: 0, app_name: SAR_api-aarch64, task_id: 1242, task_name: DASH_FFT, resource_name: fft2, ref_start_time: 2116371385089253, ref_stop_time: 2116371385139833, actual_exe_time: 50580, task_app_start_time:2116367583020641, task_sched_time:2116371385081873
app_id: 0, app_name: SAR_api-aarch64, task_id: 1243, task_name: DASH_FFT, resource_name: cpu1, ref_start_time: 2116371388536074, ref_stop_time: 2116371388590314, actual_exe_time: 54240, task_app_start_time:2116367583020641, task_sched_time:2116371385583533
app_id: 0, app_name: SAR_api-aarch64, task_id: 1244, task_name: DASH_FFT, resource_name: cpu2, ref_start_time: 2116371389261654, ref_stop_time: 2116371389313824, actual_exe_time: 52170, task_app_start_time:2116367583020641, task_sched_time:2116371389254934
app_id: 0, app_name: SAR_api-aarch64, task_id: 1245, task_name: DASH_FFT, resource_name: cpu3, ref_start_time: 2116371394585964, ref_stop_time: 2116371394642274, actual_exe_time: 56310, task_app_start_time:2116367583020641, task_sched_time:2116371394577894
app_id: 0, app_name: SAR_api-aarch64, task_id: 1246, task_name: DASH_FFT, resource_name: fft1, ref_start_time: 2116371395517225, ref_stop_time: 2116371395573805, actual_exe_time: 56580, task_app_start_time:2116367583020641, task_sched_time:2116371395507265
app_id: 0, app_name: SAR_api-aarch64, task_id: 1247, task_name: DASH_FFT, resource_name: fft2, ref_start_time: 2116371396218265, ref_stop_time: 2116371396258045, actual_exe_time: 39780, task_app_start_time:2116367583020641, task_sched_time:2116371396209535
app_id: 0, app_name: SAR_api-aarch64, task_id: 1248, task_name: DASH_FFT, resource_name: cpu1, ref_start_time: 2116371397121865, ref_stop_time: 2116371397170795, actual_exe_time: 48930, task_app_start_time:2116367583020641, task_sched_time:2116371397117845
app_id: 0, app_name: SAR_api-aarch64, task_id: 1249, task_name: DASH_FFT, resource_name: cpu2, ref_start_time: 2116371399381165, ref_stop_time: 2116371399423375, actual_exe_time: 42210, task_app_start_time:2116367583020641, task_sched_time:2116371399374955
app_id: 0, app_name: SAR_api-aarch64, task_id: 1250, task_name: DASH_FFT, resource_name: cpu3, ref_start_time: 2116371402859426, ref_stop_time: 2116371402923326, actual_exe_time: 63900, task_app_start_time:2116367583020641, task_sched_time:2116371402854746
app_id: 0, app_name: SAR_api-aarch64, task_id: 1251, task_name: DASH_FFT, resource_name: fft1, ref_start_time: 2116371406460536, ref_stop_time: 2116371406606966, actual_exe_time: 146430, task_app_start_time:2116367583020641, task_sched_time:2116371403817416
app_id: 0, app_name: SAR_api-aarch64, task_id: 1252, task_name: DASH_FFT, resource_name: fft2, ref_start_time: 2116371407169197, ref_stop_time: 2116371407224817, actual_exe_time: 55620, task_app_start_time:2116367583020641, task_sched_time:2116371407163887
app_id: 0, app_name: SAR_api-aarch64, task_id: 1253, task_name: DASH_FFT, resource_name: cpu1, ref_start_time: 2116371411334007, ref_stop_time: 2116371411384047, actual_exe_time: 50040, task_app_start_time:2116367583020641, task_sched_time:2116371411320477
app_id: 0, app_name: SAR_api-aarch64, task_id: 1254, task_name: DASH_FFT, resource_name: cpu2, ref_start_time: 2116371411831557, ref_stop_time: 2116371411883607, actual_exe_time: 52050, task_app_start_time:2116367583020641, task_sched_time:2116371411827657
app_id: 0, app_name: SAR_api-aarch64, task_id: 1255, task_name: DASH_FFT, resource_name: cpu3, ref_start_time: 2116371412377287, ref_stop_time: 2116371412423067, actual_exe_time: 45780, task_app_start_time:2116367583020641, task_sched_time:2116371412367867
app_id: 0, app_name: SAR_api-aarch64, task_id: 1256, task_name: DASH_FFT, resource_name: fft1, ref_start_time: 2116371412837637, ref_stop_time: 2116371412887347, actual_exe_time: 49710, task_app_start_time:2116367583020641, task_sched_time:2116371412824737
app_id: 0, app_name: SAR_api-aarch64, task_id: 1257, task_name: DASH_FFT, resource_name: fft2, ref_start_time: 2116371418267968, ref_stop_time: 2116371418312848, actual_exe_time: 44880, task_app_start_time:2116367583020641, task_sched_time:2116371418263588
app_id: 0, app_name: SAR_api-aarch64, task_id: 1258, task_name: DASH_FFT, resource_name: cpu1, ref_start_time: 2116371419544858, ref_stop_time: 2116371419606899, actual_exe_time: 62041, task_app_start_time:2116367583020641, task_sched_time:2116371419539938
app_id: 0, app_name: SAR_api-aarch64, task_id: 1259, task_name: DASH_FFT, resource_name: cpu2, ref_start_time: 2116371420480019, ref_stop_time: 2116371420522379, actual_exe_time: 42360, task_app_start_time:2116367583020641, task_sched_time:2116371420474199
app_id: 0, app_name: SAR_api-aarch64, task_id: 1260, task_name: DASH_FFT, resource_name: cpu3, ref_start_time: 2116371421212349, ref_stop_time: 2116371421272499, actual_exe_time: 60150, task_app_start_time:2116367583020641, task_sched_time:2116371421203649
app_id: 0, app_name: SAR_api-aarch64, task_id: 1261, task_name: DASH_FFT, resource_name: fft1, ref_start_time: 2116371423647959, ref_stop_time: 2116371423692869, actual_exe_time: 44910, task_app_start_time:2116367583020641, task_sched_time:2116371421704919
app_id: 0, app_name: SAR_api-aarch64, task_id: 1262, task_name: DASH_FFT, resource_name: fft2, ref_start_time: 2116371427222010, ref_stop_time: 2116371427275140, actual_exe_time: 53130, task_app_start_time:2116367583020641, task_sched_time:2116371427206020
app_id: 0, app_name: SAR_api-aarch64, task_id: 1263, task_name: DASH_FFT, resource_name: cpu1, ref_start_time: 2116371434720301, ref_stop_time: 2116371434774271, actual_exe_time: 53970, task_app_start_time:2116367583020641, task_sched_time:2116371434706951
app_id: 0, app_name: SAR_api-aarch64, task_id: 1264, task_name: DASH_FFT, resource_name: cpu2, ref_start_time: 2116371435505491, ref_stop_time: 2116371435559941, actual_exe_time: 54450, task_app_start_time:2116367583020641, task_sched_time:2116371435498081
app_id: 0, app_name: SAR_api-aarch64, task_id: 1265, task_name: DASH_FFT, resource_name: cpu3, ref_start_time: 2116371436038681, ref_stop_time: 2116371436087281, actual_exe_time: 48600, task_app_start_time:2116367583020641, task_sched_time:2116371436031961
app_id: 0, app_name: SAR_api-aarch64, task_id: 1266, task_name: DASH_FFT, resource_name: fft1, ref_start_time: 2116371438359722, ref_stop_time: 2116371438417922, actual_exe_time: 58200, task_app_start_time:2116367583020641, task_sched_time:2116371436563171
app_id: 0, app_name: SAR_api-aarch64, task_id: 1267, task_name: DASH_FFT, resource_name: fft2, ref_start_time: 2116371439269742, ref_stop_time: 2116371439307932, actual_exe_time: 38190, task_app_start_time:2116367583020641, task_sched_time:2116371439263922
app_id: 0, app_name: SAR_api-aarch64, task_id: 1268, task_name: DASH_FFT, resource_name: cpu1, ref_start_time: 2116371440119072, ref_stop_time: 2116371440171062, actual_exe_time: 51990, task_app_start_time:2116367583020641, task_sched_time:2116371440111092
app_id: 0, app_name: SAR_api-aarch64, task_id: 1269, task_name: DASH_FFT, resource_name: cpu2, ref_start_time: 2116371440839822, ref_stop_time: 2116371440879992, actual_exe_time: 40170, task_app_start_time:2116367583020641, task_sched_time:2116371440831542
app_id: 0, app_name: SAR_api-aarch64, task_id: 1270, task_name: DASH_FFT, resource_name: cpu3, ref_start_time: 2116371441296842, ref_stop_time: 2116371441354292, actual_exe_time: 57450, task_app_start_time:2116367583020641, task_sched_time:2116371441288172
app_id: 0, app_name: SAR_api-aarch64, task_id: 1271, task_name: DASH_FFT, resource_name: fft1, ref_start_time: 2116371441965692, ref_stop_time: 2116371442005832, actual_exe_time: 40140, task_app_start_time:2116367583020641, task_sched_time:2116371441955282
app_id: 0, app_name: SAR_api-aarch64, task_id: 1272, task_name: DASH_FFT, resource_name: fft2, ref_start_time: 2116371442647172, ref_stop_time: 2116371442693912, actual_exe_time: 46740, task_app_start_time:2116367583020641, task_sched_time:2116371442644412
app_id: 0, app_name: SAR_api-aarch64, task_id: 1273, task_name: DASH_FFT, resource_name: cpu1, ref_start_time: 2116371447140003, ref_stop_time: 2116371447193013, actual_exe_time: 53010, task_app_start_time:2116367583020641, task_sched_time:2116371447129983
app_id: 0, app_name: SAR_api-aarch64, task_id: 1274, task_name: DASH_FFT, resource_name: cpu2, ref_start_time: 2116371447767813, ref_stop_time: 2116371447815843, actual_exe_time: 48030, task_app_start_time:2116367583020641, task_sched_time:2116371447757013
app_id: 0, app_name: SAR_api-aarch64, task_id: 1275, task_name: DASH_FFT, resource_name: cpu3, ref_start_time: 2116371448142453, ref_stop_time: 2116371448187363, actual_exe_time: 44910, task_app_start_time:2116367583020641, task_sched_time:2116371448136273
app_id: 0, app_name: SAR_api-aarch64, task_id: 1276, task_name: DASH_FFT, resource_name: fft1, ref_start_time: 2116371448487993, ref_stop_time: 2116371448538633, actual_exe_time: 50640, task_app_start_time:2116367583020641, task_sched_time:2116371448476773
app_id: 0, app_name: SAR_api-aarch64, task_id: 1277, task_name: DASH_FFT, resource_name: fft2, ref_start_time: 2116371449198333, ref_stop_time: 2116371449235413, actual_exe_time: 37080, task_app_start_time:2116367583020641, task_sched_time:2116371449192573
app_id: 0, app_name: SAR_api-aarch64, task_id: 1278, task_name: DASH_FFT, resource_name: cpu1, ref_start_time: 2116371455501724, ref_stop_time: 2116371455559774, actual_exe_time: 58050, task_app_start_time:2116367583020641, task_sched_time:2116371455494494
app_id: 0, app_name: SAR_api-aarch64, task_id: 1279, task_name: DASH_FFT, resource_name: cpu2, ref_start_time: 2116371456014034, ref_stop_time: 2116371456054744, actual_exe_time: 40710, task_app_start_time:2116367583020641, task_sched_time:2116371456005094
app_id: 0, app_name: SAR_api-aarch64, task_id: 1280, task_name: DASH_FFT, resource_name: cpu3, ref_start_time: 2116371456639144, ref_stop_time: 2116371456694914, actual_exe_time: 55770, task_app_start_time:2116367583020641, task_sched_time:2116371456632754
app_id: 0, app_name: SAR_api-aarch64, task_id: 1281, task_name: DASH_ZIP, resource_name: zip1, ref_start_time: 2116371457303525, ref_stop_time: 2116371457435015, actual_exe_time: 131490, task_app_start_time:2116367583020641, task_sched_time:2116371457295095
app_id: 0, app_name: SAR_api-aarch64, task_id: 1282, task_name: DASH_FFT, resource_name: cpu1, ref_start_time: 2116371458372065, ref_stop_time: 2116371458414005, actual_exe_time: 41940, task_app_start_time:2116367583020641, task_sched_time:2116371458359645
app_id: 0, app_name: SAR_api-aarch64, task_id: 1283, task_name: DASH_ZIP, resource_name: cpu2, ref_start_time: 2116371462013495, ref_stop_time: 2116371462091255, actual_exe_time: 77760, task_app_start_time:2116367583020641, task_sched_time:2116371462004465
app_id: 0, app_name: SAR_api-aarch64, task_id: 1284, task_name: DASH_FFT, resource_name: cpu3, ref_start_time: 2116371465698966, ref_stop_time: 2116371465766376, actual_exe_time: 67410, task_app_start_time:2116367583020641, task_sched_time:2116371465689846
app_id: 0, app_name: SAR_api-aarch64, task_id: 1285, task_name: DASH_ZIP, resource_name: zip1, ref_start_time: 2116371467033276, ref_stop_time: 2116371467156876, actual_exe_time: 123600, task_app_start_time:2116367583020641, task_sched_time:2116371467024066
app_id: 0, app_name: SAR_api-aarch64, task_id: 1286, task_name: DASH_FFT, resource_name: cpu1, ref_start_time: 2116371470517357, ref_stop_time: 2116371470570157, actual_exe_time: 52800, task_app_start_time:2116367583020641, task_sched_time:2116371467825126
app_id: 0, app_name: SAR_api-aarch64, task_id: 1287, task_name: DASH_ZIP, resource_name: cpu2, ref_start_time: 2116371471298857, ref_stop_time: 2116371471374367, actual_exe_time: 75510, task_app_start_time:2116367583020641, task_sched_time:2116371471291327
app_id: 0, app_name: SAR_api-aarch64, task_id: 1288, task_name: DASH_FFT, resource_name: cpu3, ref_start_time: 2116371471997197, ref_stop_time: 2116371472062237, actual_exe_time: 65040, task_app_start_time:2116367583020641, task_sched_time:2116371471990387
app_id: 0, app_name: SAR_api-aarch64, task_id: 1289, task_name: DASH_ZIP, resource_name: zip1, ref_start_time: 2116371472768977, ref_stop_time: 2116371472891437, actual_exe_time: 122460, task_app_start_time:2116367583020641, task_sched_time:2116371472763337
app_id: 0, app_name: SAR_api-aarch64, task_id: 1290, task_name: DASH_FFT, resource_name: cpu1, ref_start_time: 2116371476636548, ref_stop_time: 2116371476688388, actual_exe_time: 51840, task_app_start_time:2116367583020641, task_sched_time:2116371473374287
app_id: 0, app_name: SAR_api-aarch64, task_id: 1291, task_name: DASH_ZIP, resource_name: cpu2, ref_start_time: 2116371477287968, ref_stop_time: 2116371477363148, actual_exe_time: 75180, task_app_start_time:2116367583020641, task_sched_time:2116371477284758
app_id: 0, app_name: SAR_api-aarch64, task_id: 1292, task_name: DASH_FFT, resource_name: cpu3, ref_start_time: 2116371477824158, ref_stop_time: 2116371477882958, actual_exe_time: 58800, task_app_start_time:2116367583020641, task_sched_time:2116371477816358
app_id: 0, app_name: SAR_api-aarch64, task_id: 1293, task_name: DASH_ZIP, resource_name: zip1, ref_start_time: 2116371478700518, ref_stop_time: 2116371478822318, actual_exe_time: 121800, task_app_start_time:2116367583020641, task_sched_time:2116371478693138
app_id: 0, app_name: SAR_api-aarch64, task_id: 1294, task_name: DASH_FFT, resource_name: cpu1, ref_start_time: 2116371479270248, ref_stop_time: 2116371479313658, actual_exe_time: 43410, task_app_start_time:2116367583020641, task_sched_time:2116371479260738
app_id: 0, app_name: SAR_api-aarch64, task_id: 1295, task_name: DASH_ZIP, resource_name: cpu2, ref_start_time: 2116371479830078, ref_stop_time: 2116371479903278, actual_exe_time: 73200, task_app_start_time:2116367583020641, task_sched_time:2116371479822008
app_id: 0, app_name: SAR_api-aarch64, task_id: 1296, task_name: DASH_FFT, resource_name: cpu3, ref_start_time: 2116371480543448, ref_stop_time: 2116371480603238, actual_exe_time: 59790, task_app_start_time:2116367583020641, task_sched_time:2116371480536308
app_id: 0, app_name: SAR_api-aarch64, task_id: 1297, task_name: DASH_ZIP, resource_name: zip1, ref_start_time: 2116371481952309, ref_stop_time: 2116371482078729, actual_exe_time: 126420, task_app_start_time:2116367583020641, task_sched_time:2116371481945919
app_id: 0, app_name: SAR_api-aarch64, task_id: 1298, task_name: DASH_FFT, resource_name: cpu1, ref_start_time: 2116371482971469, ref_stop_time: 2116371483023759, actual_exe_time: 52290, task_app_start_time:2116367583020641, task_sched_time:2116371482963669
app_id: 0, app_name: SAR_api-aarch64, task_id: 1299, task_name: DASH_ZIP, resource_name: cpu2, ref_start_time: 2116371486521339, ref_stop_time: 2116371486605069, actual_exe_time: 83730, task_app_start_time:2116367583020641, task_sched_time:2116371483810899
app_id: 0, app_name: SAR_api-aarch64, task_id: 1300, task_name: DASH_FFT, resource_name: cpu3, ref_start_time: 2116371487258199, ref_stop_time: 2116371487324169, actual_exe_time: 65970, task_app_start_time:2116367583020641, task_sched_time:2116371487254299
app_id: 0, app_name: SAR_api-aarch64, task_id: 1301, task_name: DASH_ZIP, resource_name: zip1, ref_start_time: 2116371488658630, ref_stop_time: 2116371488783370, actual_exe_time: 124740, task_app_start_time:2116367583020641, task_sched_time:2116371488655210
app_id: 0, app_name: SAR_api-aarch64, task_id: 1302, task_name: DASH_FFT, resource_name: cpu1, ref_start_time: 2116371489199770, ref_stop_time: 2116371489242490, actual_exe_time: 42720, task_app_start_time:2116367583020641, task_sched_time:2116371489191640
app_id: 0, app_name: SAR_api-aarch64, task_id: 1303, task_name: DASH_ZIP, resource_name: cpu2, ref_start_time: 2116371489764220, ref_stop_time: 2116371489837510, actual_exe_time: 73290, task_app_start_time:2116367583020641, task_sched_time:2116371489758340
app_id: 0, app_name: SAR_api-aarch64, task_id: 1304, task_name: DASH_FFT, resource_name: cpu3, ref_start_time: 2116371490214040, ref_stop_time: 2116371490270620, actual_exe_time: 56580, task_app_start_time:2116367583020641, task_sched_time:2116371490207440
app_id: 0, app_name: SAR_api-aarch64, task_id: 1305, task_name: DASH_ZIP, resource_name: zip1, ref_start_time: 2116371490875360, ref_stop_time: 2116371490996050, actual_exe_time: 120690, task_app_start_time:2116367583020641, task_sched_time:2116371490866390
app_id: 0, app_name: SAR_api-aarch64, task_id: 1306, task_name: DASH_FFT, resource_name: cpu1, ref_start_time: 2116371491489850, ref_stop_time: 2116371491532330, actual_exe_time: 42480, task_app_start_time:2116367583020641, task_sched_time:2116371491478270
app_id: 0, app_name: SAR_api-aarch64, task_id: 1307, task_name: DASH_ZIP, resource_name: cpu2, ref_start_time: 2116371494521441, ref_stop_time: 2116371494598841, actual_exe_time: 77400, task_app_start_time:2116367583020641, task_sched_time:2116371491998200
app_id: 0, app_name: SAR_api-aarch64, task_id: 1308, task_name: DASH_FFT, resource_name: cpu3, ref_start_time: 2116371495175771, ref_stop_time: 2116371495242401, actual_exe_time: 66630, task_app_start_time:2116367583020641, task_sched_time:2116371495167641
app_id: 0, app_name: SAR_api-aarch64, task_id: 1309, task_name: DASH_ZIP, resource_name: zip1, ref_start_time: 2116371496458631, ref_stop_time: 2116371496580731, actual_exe_time: 122100, task_app_start_time:2116367583020641, task_sched_time:2116371496454281
app_id: 0, app_name: SAR_api-aarch64, task_id: 1310, task_name: DASH_FFT, resource_name: cpu1, ref_start_time: 2116371497435251, ref_stop_time: 2116371497479111, actual_exe_time: 43860, task_app_start_time:2116367583020641, task_sched_time:2116371497432401
app_id: 0, app_name: SAR_api-aarch64, task_id: 1311, task_name: DASH_ZIP, resource_name: cpu2, ref_start_time: 2116371498533581, ref_stop_time: 2116371498609871, actual_exe_time: 76290, task_app_start_time:2116367583020641, task_sched_time:2116371498270481
app_id: 0, app_name: SAR_api-aarch64, task_id: 1312, task_name: DASH_FFT, resource_name: cpu3, ref_start_time: 2116371499427221, ref_stop_time: 2116371499490701, actual_exe_time: 63480, task_app_start_time:2116367583020641, task_sched_time:2116371499417981
app_id: 0, app_name: SAR_api-aarch64, task_id: 1313, task_name: DASH_ZIP, resource_name: zip1, ref_start_time: 2116371500569172, ref_stop_time: 2116371500692562, actual_exe_time: 123390, task_app_start_time:2116367583020641, task_sched_time:2116371500563142
app_id: 0, app_name: SAR_api-aarch64, task_id: 1314, task_name: DASH_FFT, resource_name: cpu1, ref_start_time: 2116371501552692, ref_stop_time: 2116371501597002, actual_exe_time: 44310, task_app_start_time:2116367583020641, task_sched_time:2116371501543422
app_id: 0, app_name: SAR_api-aarch64, task_id: 1315, task_name: DASH_ZIP, resource_name: cpu2, ref_start_time: 2116371502230362, ref_stop_time: 2116371502305002, actual_exe_time: 74640, task_app_start_time:2116367583020641, task_sched_time:2116371502225232
app_id: 0, app_name: SAR_api-aarch64, task_id: 1316, task_name: DASH_FFT, resource_name: cpu3, ref_start_time: 2116371502734002, ref_stop_time: 2116371502797932, actual_exe_time: 63930, task_app_start_time:2116367583020641, task_sched_time:2116371502727642
app_id: 0, app_name: SAR_api-aarch64, task_id: 1317, task_name: DASH_ZIP, resource_name: zip1, ref_start_time: 2116371504261602, ref_stop_time: 2116371504384002, actual_exe_time: 122400, task_app_start_time:2116367583020641, task_sched_time:2116371504256592
app_id: 0, app_name: SAR_api-aarch64, task_id: 1318, task_name: DASH_FFT, resource_name: cpu1, ref_start_time: 2116371511143693, ref_stop_time: 2116371511201383, actual_exe_time: 57690, task_app_start_time:2116367583020641, task_sched_time:2116371511132983
app_id: 0, app_name: SAR_api-aarch64, task_id: 1319, task_name: DASH_ZIP, resource_name: cpu2, ref_start_time: 2116371511950153, ref_stop_time: 2116371512026413, actual_exe_time: 76260, task_app_start_time:2116367583020641, task_sched_time:2116371511942023
app_id: 0, app_name: SAR_api-aarch64, task_id: 1320, task_name: DASH_FFT, resource_name: cpu3, ref_start_time: 2116371512695233, ref_stop_time: 2116371512761353, actual_exe_time: 66120, task_app_start_time:2116367583020641, task_sched_time:2116371512689893
app_id: 0, app_name: SAR_api-aarch64, task_id: 1321, task_name: DASH_ZIP, resource_name: zip1, ref_start_time: 2116371518547484, ref_stop_time: 2116371518677984, actual_exe_time: 130500, task_app_start_time:2116367583020641, task_sched_time:2116371518537254
app_id: 0, app_name: SAR_api-aarch64, task_id: 1322, task_name: DASH_FFT, resource_name: cpu1, ref_start_time: 2116371519582635, ref_stop_time: 2116371519628655, actual_exe_time: 46020, task_app_start_time:2116367583020641, task_sched_time:2116371519570635
app_id: 0, app_name: SAR_api-aarch64, task_id: 1323, task_name: DASH_ZIP, resource_name: cpu2, ref_start_time: 2116371520463105, ref_stop_time: 2116371520541915, actual_exe_time: 78810, task_app_start_time:2116367583020641, task_sched_time:2116371520456565
app_id: 0, app_name: SAR_api-aarch64, task_id: 1324, task_name: DASH_FFT, resource_name: cpu3, ref_start_time: 2116371521153375, ref_stop_time: 2116371521222225, actual_exe_time: 68850, task_app_start_time:2116367583020641, task_sched_time:2116371521150225
app_id: 0, app_name: SAR_api-aarch64, task_id: 1325, task_name: DASH_ZIP, resource_name: zip1, ref_start_time: 2116371522175175, ref_stop_time: 2116371522297125, actual_exe_time: 121950, task_app_start_time:2116367583020641, task_sched_time:2116371522165875
app_id: 0, app_name: SAR_api-aarch64, task_id: 1326, task_name: DASH_FFT, resource_name: cpu1, ref_start_time: 2116371524276525, ref_stop_time: 2116371524322575, actual_exe_time: 46050, task_app_start_time:2116367583020641, task_sched_time:2116371524265455
app_id: 0, app_name: SAR_api-aarch64, task_id: 1327, task_name: DASH_ZIP, resource_name: cpu2, ref_start_time: 2116371524946875, ref_stop_time: 2116371525023735, actual_exe_time: 76860, task_app_start_time:2116367583020641, task_sched_time:2116371524940935
app_id: 0, app_name: SAR_api-aarch64, task_id: 1328, task_name: DASH_FFT, resource_name: cpu3, ref_start_time: 2116371527219946, ref_stop_time: 2116371527290146, actual_exe_time: 70200, task_app_start_time:2116367583020641, task_sched_time:2116371527211846
app_id: 0, app_name: SAR_api-aarch64, task_id: 1329, task_name: DASH_ZIP, resource_name: zip1, ref_start_time: 2116371534513067, ref_stop_time: 2116371534648037, actual_exe_time: 134970, task_app_start_time:2116367583020641, task_sched_time:2116371530309616
app_id: 0, app_name: SAR_api-aarch64, task_id: 1330, task_name: DASH_FFT, resource_name: cpu1, ref_start_time: 2116371535814167, ref_stop_time: 2116371535862257, actual_exe_time: 48090, task_app_start_time:2116367583020641, task_sched_time:2116371535805977
app_id: 0, app_name: SAR_api-aarch64, task_id: 1331, task_name: DASH_ZIP, resource_name: cpu2, ref_start_time: 2116371536534647, ref_stop_time: 2116371536610607, actual_exe_time: 75960, task_app_start_time:2116367583020641, task_sched_time:2116371536530837
app_id: 0, app_name: SAR_api-aarch64, task_id: 1332, task_name: DASH_FFT, resource_name: cpu3, ref_start_time: 2116371537247507, ref_stop_time: 2116371537311047, actual_exe_time: 63540, task_app_start_time:2116367583020641, task_sched_time:2116371537239047
app_id: 0, app_name: SAR_api-aarch64, task_id: 1333, task_name: DASH_ZIP, resource_name: zip1, ref_start_time: 2116371541730348, ref_stop_time: 2116371541853318, actual_exe_time: 122970, task_app_start_time:2116367583020641, task_sched_time:2116371541722098
app_id: 0, app_name: SAR_api-aarch64, task_id: 1334, task_name: DASH_FFT, resource_name: cpu1, ref_start_time: 2116371542193218, ref_stop_time: 2116371542238878, actual_exe_time: 45660, task_app_start_time:2116367583020641, task_sched_time:2116371542190038
app_id: 0, app_name: SAR_api-aarch64, task_id: 1335, task_name: DASH_ZIP, resource_name: cpu2, ref_start_time: 2116371546576759, ref_stop_time: 2116371546659379, actual_exe_time: 82620, task_app_start_time:2116367583020641, task_sched_time:2116371543423698
app_id: 0, app_name: SAR_api-aarch64, task_id: 1336, task_name: DASH_FFT, resource_name: cpu3, ref_start_time: 2116371547384029, ref_stop_time: 2116371547455399, actual_exe_time: 71370, task_app_start_time:2116367583020641, task_sched_time:2116371547377939
app_id: 0, app_name: SAR_api-aarch64, task_id: 1337, task_name: DASH_ZIP, resource_name: zip1, ref_start_time: 2116371548709129, ref_stop_time: 2116371548837679, actual_exe_time: 128550, task_app_start_time:2116367583020641, task_sched_time:2116371548703099
app_id: 0, app_name: SAR_api-aarch64, task_id: 1338, task_name: DASH_FFT, resource_name: cpu1, ref_start_time: 2116371549684339, ref_stop_time: 2116371549738369, actual_exe_time: 54030, task_app_start_time:2116367583020641, task_sched_time:2116371549672999
app_id: 0, app_name: SAR_api-aarch64, task_id: 1339, task_name: DASH_ZIP, resource_name: cpu2, ref_start_time: 2116371550643140, ref_stop_time: 2116371550719340, actual_exe_time: 76200, task_app_start_time:2116367583020641, task_sched_time:2116371550634710
app_id: 0, app_name: SAR_api-aarch64, task_id: 1340, task_name: DASH_FFT, resource_name: cpu3, ref_start_time: 2116371551404270, ref_stop_time: 2116371551469130, actual_exe_time: 64860, task_app_start_time:2116367583020641, task_sched_time:2116371551396710
app_id: 0, app_name: SAR_api-aarch64, task_id: 1341, task_name: DASH_ZIP, resource_name: zip1, ref_start_time: 2116371552794890, ref_stop_time: 2116371552920590, actual_exe_time: 125700, task_app_start_time:2116367583020641, task_sched_time:2116371552788620
app_id: 0, app_name: SAR_api-aarch64, task_id: 1342, task_name: DASH_FFT, resource_name: cpu1, ref_start_time: 2116371553581880, ref_stop_time: 2116371553625590, actual_exe_time: 43710, task_app_start_time:2116367583020641, task_sched_time:2116371553572730
app_id: 0, app_name: SAR_api-aarch64, task_id: 1343, task_name: DASH_ZIP, resource_name: cpu2, ref_start_time: 2116371554505640, ref_stop_time: 2116371554581690, actual_exe_time: 76050, task_app_start_time:2116367583020641, task_sched_time:2116371554371240
app_id: 0, app_name: SAR_api-aarch64, task_id: 1344, task_name: DASH_FFT, resource_name: cpu3, ref_start_time: 2116371555056320, ref_stop_time: 2116371555120640, actual_exe_time: 64320, task_app_start_time:2116367583020641, task_sched_time:2116371555049870
app_id: 0, app_name: SAR_api-aarch64, task_id: 1345, task_name: DASH_ZIP, resource_name: zip1, ref_start_time: 2116371556210570, ref_stop_time: 2116371556331981, actual_exe_time: 121411, task_app_start_time:2116367583020641, task_sched_time:2116371556200640
app_id: 0, app_name: SAR_api-aarch64, task_id: 1346, task_name: DASH_FFT, resource_name: cpu1, ref_start_time: 2116371557275751, ref_stop_time: 2116371557319881, actual_exe_time: 44130, task_app_start_time:2116367583020641, task_sched_time:2116371557270441
app_id: 0, app_name: SAR_api-aarch64, task_id: 1347, task_name: DASH_ZIP, resource_name: cpu2, ref_start_time: 2116371558525221, ref_stop_time: 2116371558601751, actual_exe_time: 76530, task_app_start_time:2116367583020641, task_sched_time:2116371557985611
app_id: 0, app_name: SAR_api-aarch64, task_id: 1348, task_name: DASH_FFT, resource_name: cpu3, ref_start_time: 2116371559226801, ref_stop_time: 2116371559288601, actual_exe_time: 61800, task_app_start_time:2116367583020641, task_sched_time:2116371559220801
app_id: 0, app_name: SAR_api-aarch64, task_id: 1349, task_name: DASH_ZIP, resource_name: zip1, ref_start_time: 2116371560671061, ref_stop_time: 2116371560799011, actual_exe_time: 127950, task_app_start_time:2116367583020641, task_sched_time:2116371560662991
app_id: 0, app_name: SAR_api-aarch64, task_id: 1350, task_name: DASH_FFT, resource_name: cpu1, ref_start_time: 2116371563570832, ref_stop_time: 2116371563621082, actual_exe_time: 50250, task_app_start_time:2116367583020641, task_sched_time:2116371563561322
app_id: 0, app_name: SAR_api-aarch64, task_id: 1351, task_name: DASH_ZIP, resource_name: cpu2, ref_start_time: 2116371565914882, ref_stop_time: 2116371566178972, actual_exe_time: 264090, task_app_start_time:2116367583020641, task_sched_time:2116371565907082
app_id: 0, app_name: SAR_api-aarch64, task_id: 1352, task_name: DASH_FFT, resource_name: cpu3, ref_start_time: 2116371566710962, ref_stop_time: 2116371566781432, actual_exe_time: 70470, task_app_start_time:2116367583020641, task_sched_time:2116371566704632
app_id: 0, app_name: SAR_api-aarch64, task_id: 1353, task_name: DASH_ZIP, resource_name: zip1, ref_start_time: 2116371567970512, ref_stop_time: 2116371568096392, actual_exe_time: 125880, task_app_start_time:2116367583020641, task_sched_time:2116371567959892
app_id: 0, app_name: SAR_api-aarch64, task_id: 1354, task_name: DASH_FFT, resource_name: cpu1, ref_start_time: 2116371570559873, ref_stop_time: 2116371570610603, actual_exe_time: 50730, task_app_start_time:2116367583020641, task_sched_time:2116371568735093
app_id: 0, app_name: SAR_api-aarch64, task_id: 1355, task_name: DASH_ZIP, resource_name: cpu2, ref_start_time: 2116371571336123, ref_stop_time: 2116371571411573, actual_exe_time: 75450, task_app_start_time:2116367583020641, task_sched_time:2116371571332043
app_id: 0, app_name: SAR_api-aarch64, task_id: 1356, task_name: DASH_FFT, resource_name: cpu3, ref_start_time: 2116371571754743, ref_stop_time: 2116371572153443, actual_exe_time: 398700, task_app_start_time:2116367583020641, task_sched_time:2116371571745863
app_id: 0, app_name: SAR_api-aarch64, task_id: 1357, task_name: DASH_ZIP, resource_name: zip1, ref_start_time: 2116371573085663, ref_stop_time: 2116371573208213, actual_exe_time: 122550, task_app_start_time:2116367583020641, task_sched_time:2116371573080203
app_id: 0, app_name: SAR_api-aarch64, task_id: 1358, task_name: DASH_FFT, resource_name: cpu1, ref_start_time: 2116371573648223, ref_stop_time: 2116371573690193, actual_exe_time: 41970, task_app_start_time:2116367583020641, task_sched_time:2116371573642763
app_id: 0, app_name: SAR_api-aarch64, task_id: 1359, task_name: DASH_ZIP, resource_name: cpu2, ref_start_time: 2116371574408153, ref_stop_time: 2116371574494943, actual_exe_time: 86790, task_app_start_time:2116367583020641, task_sched_time:2116371574404313
app_id: 0, app_name: SAR_api-aarch64, task_id: 1360, task_name: DASH_FFT, resource_name: cpu3, ref_start_time: 2116371575028044, ref_stop_time: 2116371575083034, actual_exe_time: 54990, task_app_start_time:2116367583020641, task_sched_time:2116371575020634
app_id: 0, app_name: SAR_api-aarch64, task_id: 1361, task_name: DASH_ZIP, resource_name: zip1, ref_start_time: 2116371576316094, ref_stop_time: 2116371576436424, actual_exe_time: 120330, task_app_start_time:2116367583020641, task_sched_time:2116371576312434
app_id: 0, app_name: SAR_api-aarch64, task_id: 1362, task_name: DASH_FFT, resource_name: cpu1, ref_start_time: 2116371578504204, ref_stop_time: 2116371578553374, actual_exe_time: 49170, task_app_start_time:2116367583020641, task_sched_time:2116371577143134
app_id: 0, app_name: SAR_api-aarch64, task_id: 1363, task_name: DASH_ZIP, resource_name: cpu2, ref_start_time: 2116371579117224, ref_stop_time: 2116371579192764, actual_exe_time: 75540, task_app_start_time:2116367583020641, task_sched_time:2116371579113444
app_id: 0, app_name: SAR_api-aarch64, task_id: 1364, task_name: DASH_FFT, resource_name: cpu3, ref_start_time: 2116371579787904, ref_stop_time: 2116371579849644, actual_exe_time: 61740, task_app_start_time:2116367583020641, task_sched_time:2116371579782984
app_id: 0, app_name: SAR_api-aarch64, task_id: 1365, task_name: DASH_ZIP, resource_name: zip1, ref_start_time: 2116371580467284, ref_stop_time: 2116371580590434, actual_exe_time: 123150, task_app_start_time:2116367583020641, task_sched_time:2116371580459274
app_id: 0, app_name: SAR_api-aarch64, task_id: 1366, task_name: DASH_FFT, resource_name: cpu1, ref_start_time: 2116371580904804, ref_stop_time: 2116371580947164, actual_exe_time: 42360, task_app_start_time:2116367583020641, task_sched_time:2116371580902134
app_id: 0, app_name: SAR_api-aarch64, task_id: 1367, task_name: DASH_ZIP, resource_name: cpu2, ref_start_time: 2116371581669805, ref_stop_time: 2116371581743005, actual_exe_time: 73200, task_app_start_time:2116367583020641, task_sched_time:2116371581665245
app_id: 0, app_name: SAR_api-aarch64, task_id: 1368, task_name: DASH_FFT, resource_name: cpu3, ref_start_time: 2116371582462315, ref_stop_time: 2116371582538095, actual_exe_time: 75780, task_app_start_time:2116367583020641, task_sched_time:2116371582459585
app_id: 0, app_name: SAR_api-aarch64, task_id: 1369, task_name: DASH_ZIP, resource_name: zip1, ref_start_time: 2116371584197095, ref_stop_time: 2116371584320395, actual_exe_time: 123300, task_app_start_time:2116367583020641, task_sched_time:2116371584192565
app_id: 0, app_name: SAR_api-aarch64, task_id: 1370, task_name: DASH_FFT, resource_name: cpu1, ref_start_time: 2116371587484316, ref_stop_time: 2116371587670616, actual_exe_time: 186300, task_app_start_time:2116367583020641, task_sched_time:2116371587476606
app_id: 0, app_name: SAR_api-aarch64, task_id: 1371, task_name: DASH_ZIP, resource_name: cpu2, ref_start_time: 2116371589717576, ref_stop_time: 2116371589795756, actual_exe_time: 78180, task_app_start_time:2116367583020641, task_sched_time:2116371589712086
app_id: 0, app_name: SAR_api-aarch64, task_id: 1372, task_name: DASH_FFT, resource_name: cpu3, ref_start_time: 2116371590270236, ref_stop_time: 2116371590334676, actual_exe_time: 64440, task_app_start_time:2116367583020641, task_sched_time:2116371590264866
app_id: 0, app_name: SAR_api-aarch64, task_id: 1373, task_name: DASH_ZIP, resource_name: zip1, ref_start_time: 2116371591384526, ref_stop_time: 2116371591507616, actual_exe_time: 123090, task_app_start_time:2116367583020641, task_sched_time:2116371591378616
app_id: 0, app_name: SAR_api-aarch64, task_id: 1374, task_name: DASH_FFT, resource_name: cpu1, ref_start_time: 2116371592374076, ref_stop_time: 2116371592419946, actual_exe_time: 45870, task_app_start_time:2116367583020641, task_sched_time:2116371592361566
app_id: 0, app_name: SAR_api-aarch64, task_id: 1375, task_name: DASH_ZIP, resource_name: cpu2, ref_start_time: 2116371599012537, ref_stop_time: 2116371599089967, actual_exe_time: 77430, task_app_start_time:2116367583020641, task_sched_time:2116371599002727
app_id: 0, app_name: SAR_api-aarch64, task_id: 1376, task_name: DASH_FFT, resource_name: cpu3, ref_start_time: 2116371599393717, ref_stop_time: 2116371599468237, actual_exe_time: 74520, task_app_start_time:2116367583020641, task_sched_time:2116371599386907
app_id: 0, app_name: SAR_api-aarch64, task_id: 1377, task_name: DASH_ZIP, resource_name: zip1, ref_start_time: 2116371600533718, ref_stop_time: 2116371600658068, actual_exe_time: 124350, task_app_start_time:2116367583020641, task_sched_time:2116371600525978
app_id: 0, app_name: SAR_api-aarch64, task_id: 1378, task_name: DASH_FFT, resource_name: cpu1, ref_start_time: 2116371601462008, ref_stop_time: 2116371601505358, actual_exe_time: 43350, task_app_start_time:2116367583020641, task_sched_time:2116371601452288
app_id: 0, app_name: SAR_api-aarch64, task_id: 1379, task_name: DASH_ZIP, resource_name: cpu2, ref_start_time: 2116371602126928, ref_stop_time: 2116371602200158, actual_exe_time: 73230, task_app_start_time:2116367583020641, task_sched_time:2116371602121528
app_id: 0, app_name: SAR_api-aarch64, task_id: 1380, task_name: DASH_FFT, resource_name: cpu3, ref_start_time: 2116371602623548, ref_stop_time: 2116371602681688, actual_exe_time: 58140, task_app_start_time:2116367583020641, task_sched_time:2116371602613198
app_id: 0, app_name: SAR_api-aarch64, task_id: 1381, task_name: DASH_ZIP, resource_name: zip1, ref_start_time: 2116371603301338, ref_stop_time: 2116371603421098, actual_exe_time: 119760, task_app_start_time:2116367583020641, task_sched_time:2116371603291948
app_id: 0, app_name: SAR_api-aarch64, task_id: 1382, task_name: DASH_FFT, resource_name: cpu1, ref_start_time: 2116371603856218, ref_stop_time: 2116371603898338, actual_exe_time: 42120, task_app_start_time:2116367583020641, task_sched_time:2116371603852258
app_id: 0, app_name: SAR_api-aarch64, task_id: 1383, task_name: DASH_ZIP, resource_name: cpu2, ref_start_time: 2116371606920359, ref_stop_time: 2116371606996469, actual_exe_time: 76110, task_app_start_time:2116367583020641, task_sched_time:2116371606914779
app_id: 0, app_name: SAR_api-aarch64, task_id: 1384, task_name: DASH_FFT, resource_name: cpu3, ref_start_time: 2116371608072539, ref_stop_time: 2116371608141329, actual_exe_time: 68790, task_app_start_time:2116367583020641, task_sched_time:2116371608063959
app_id: 0, app_name: SAR_api-aarch64, task_id: 1385, task_name: DASH_ZIP, resource_name: zip1, ref_start_time: 2116371609336199, ref_stop_time: 2116371609463519, actual_exe_time: 127320, task_app_start_time:2116367583020641, task_sched_time:2116371609326449
app_id: 0, app_name: SAR_api-aarch64, task_id: 1386, task_name: DASH_FFT, resource_name: cpu1, ref_start_time: 2116371610410469, ref_stop_time: 2116371610457509, actual_exe_time: 47040, task_app_start_time:2116367583020641, task_sched_time:2116371610400929
app_id: 0, app_name: SAR_api-aarch64, task_id: 1387, task_name: DASH_ZIP, resource_name: cpu2, ref_start_time: 2116371611352079, ref_stop_time: 2116371611428159, actual_exe_time: 76080, task_app_start_time:2116367583020641, task_sched_time:2116371611348269
app_id: 0, app_name: SAR_api-aarch64, task_id: 1388, task_name: DASH_FFT, resource_name: cpu3, ref_start_time: 2116371612294470, ref_stop_time: 2116371612358310, actual_exe_time: 63840, task_app_start_time:2116367583020641, task_sched_time:2116371612285110
app_id: 0, app_name: SAR_api-aarch64, task_id: 1389, task_name: DASH_ZIP, resource_name: zip1, ref_start_time: 2116371613137560, ref_stop_time: 2116371613264430, actual_exe_time: 126870, task_app_start_time:2116367583020641, task_sched_time:2116371613133480
app_id: 0, app_name: SAR_api-aarch64, task_id: 1390, task_name: DASH_FFT, resource_name: cpu1, ref_start_time: 2116371614020970, ref_stop_time: 2116371614070170, actual_exe_time: 49200, task_app_start_time:2116367583020641, task_sched_time:2116371614015900
app_id: 0, app_name: SAR_api-aarch64, task_id: 1391, task_name: DASH_ZIP, resource_name: cpu2, ref_start_time: 2116371614876060, ref_stop_time: 2116371614952950, actual_exe_time: 76890, task_app_start_time:2116367583020641, task_sched_time:2116371614871410
app_id: 0, app_name: SAR_api-aarch64, task_id: 1392, task_name: DASH_FFT, resource_name: cpu3, ref_start_time: 2116371615446630, ref_stop_time: 2116371615507950, actual_exe_time: 61320, task_app_start_time:2116367583020641, task_sched_time:2116371615442850
app_id: 0, app_name: SAR_api-aarch64, task_id: 1393, task_name: DASH_ZIP, resource_name: zip1, ref_start_time: 2116371616634090, ref_stop_time: 2116371616757000, actual_exe_time: 122910, task_app_start_time:2116367583020641, task_sched_time:2116371616628330
app_id: 0, app_name: SAR_api-aarch64, task_id: 1394, task_name: DASH_FFT, resource_name: cpu1, ref_start_time: 2116371617534480, ref_stop_time: 2116371617578370, actual_exe_time: 43890, task_app_start_time:2116367583020641, task_sched_time:2116371617522720
app_id: 0, app_name: SAR_api-aarch64, task_id: 1395, task_name: DASH_ZIP, resource_name: cpu2, ref_start_time: 2116371618519981, ref_stop_time: 2116371618596091, actual_exe_time: 76110, task_app_start_time:2116367583020641, task_sched_time:2116371618482691
app_id: 0, app_name: SAR_api-aarch64, task_id: 1396, task_name: DASH_FFT, resource_name: cpu3, ref_start_time: 2116371619315101, ref_stop_time: 2116371619377111, actual_exe_time: 62010, task_app_start_time:2116367583020641, task_sched_time:2116371619307751
app_id: 0, app_name: SAR_api-aarch64, task_id: 1397, task_name: DASH_ZIP, resource_name: zip1, ref_start_time: 2116371619993401, ref_stop_time: 2116371620113431, actual_exe_time: 120030, task_app_start_time:2116367583020641, task_sched_time:2116371619988691
app_id: 0, app_name: SAR_api-aarch64, task_id: 1398, task_name: DASH_FFT, resource_name: cpu1, ref_start_time: 2116371620424561, ref_stop_time: 2116371620467041, actual_exe_time: 42480, task_app_start_time:2116367583020641, task_sched_time:2116371620414451
app_id: 0, app_name: SAR_api-aarch64, task_id: 1399, task_name: DASH_ZIP, resource_name: cpu2, ref_start_time: 2116371622538511, ref_stop_time: 2116371622614861, actual_exe_time: 76350, task_app_start_time:2116367583020641, task_sched_time:2116371621253881
app_id: 0, app_name: SAR_api-aarch64, task_id: 1400, task_name: DASH_FFT, resource_name: cpu3, ref_start_time: 2116371623020851, ref_stop_time: 2116371623085591, actual_exe_time: 64740, task_app_start_time:2116367583020641, task_sched_time:2116371623014371
app_id: 0, app_name: SAR_api-aarch64, task_id: 1401, task_name: DASH_ZIP, resource_name: zip1, ref_start_time: 2116371623711421, ref_stop_time: 2116371623832801, actual_exe_time: 121380, task_app_start_time:2116367583020641, task_sched_time:2116371623703891
app_id: 0, app_name: SAR_api-aarch64, task_id: 1402, task_name: DASH_FFT, resource_name: cpu1, ref_start_time: 2116371624334401, ref_stop_time: 2116371624376941, actual_exe_time: 42540, task_app_start_time:2116367583020641, task_sched_time:2116371624322971
app_id: 0, app_name: SAR_api-aarch64, task_id: 1403, task_name: DASH_ZIP, resource_name: cpu2, ref_start_time: 2116371626222692, ref_stop_time: 2116371626301802, actual_exe_time: 79110, task_app_start_time:2116367583020641, task_sched_time:2116371624957232
app_id: 0, app_name: SAR_api-aarch64, task_id: 1404, task_name: DASH_FFT, resource_name: cpu3, ref_start_time: 2116371631103243, ref_stop_time: 2116371631175273, actual_exe_time: 72030, task_app_start_time:2116367583020641, task_sched_time:2116371631092383
app_id: 0, app_name: SAR_api-aarch64, task_id: 1405, task_name: DASH_ZIP, resource_name: zip1, ref_start_time: 2116371632227163, ref_stop_time: 2116371632355203, actual_exe_time: 128040, task_app_start_time:2116367583020641, task_sched_time:2116371632217413
app_id: 0, app_name: SAR_api-aarch64, task_id: 1406, task_name: DASH_FFT, resource_name: cpu1, ref_start_time: 2116371633101543, ref_stop_time: 2116371633148973, actual_exe_time: 47430, task_app_start_time:2116367583020641, task_sched_time:2116371633096533
app_id: 0, app_name: SAR_api-aarch64, task_id: 1407, task_name: DASH_ZIP, resource_name: cpu2, ref_start_time: 2116371634835603, ref_stop_time: 2116371634913153, actual_exe_time: 77550, task_app_start_time:2116367583020641, task_sched_time:2116371634025003
app_id: 0, app_name: SAR_api-aarch64, task_id: 1408, task_name: DASH_FFT, resource_name: cpu3, ref_start_time: 2116371635545733, ref_stop_time: 2116371635608943, actual_exe_time: 63210, task_app_start_time:2116367583020641, task_sched_time:2116371635536163
app_id: 0, app_name: SAR_api-aarch64, task_id: 1409, task_name: DASH_ZIP, resource_name: zip1, ref_start_time: 2116371636743573, ref_stop_time: 2116371636868283, actual_exe_time: 124710, task_app_start_time:2116367583020641, task_sched_time:2116371636740363
app_id: 0, app_name: SAR_api-aarch64, task_id: 1410, task_name: DASH_FFT, resource_name: cpu1, ref_start_time: 2116371637468044, ref_stop_time: 2116371637510374, actual_exe_time: 42330, task_app_start_time:2116367583020641, task_sched_time:2116371637454304
app_id: 0, app_name: SAR_api-aarch64, task_id: 1411, task_name: DASH_ZIP, resource_name: cpu2, ref_start_time: 2116371642244194, ref_stop_time: 2116371642324984, actual_exe_time: 80790, task_app_start_time:2116367583020641, task_sched_time:2116371638258124
app_id: 0, app_name: SAR_api-aarch64, task_id: 1412, task_name: DASH_FFT, resource_name: cpu3, ref_start_time: 2116371643326205, ref_stop_time: 2116371643393285, actual_exe_time: 67080, task_app_start_time:2116367583020641, task_sched_time:2116371643319935
app_id: 0, app_name: SAR_api-aarch64, task_id: 1413, task_name: DASH_ZIP, resource_name: zip1, ref_start_time: 2116371644761675, ref_stop_time: 2116371644892415, actual_exe_time: 130740, task_app_start_time:2116367583020641, task_sched_time:2116371644757955
app_id: 0, app_name: SAR_api-aarch64, task_id: 1414, task_name: DASH_FFT, resource_name: cpu1, ref_start_time: 2116371646515175, ref_stop_time: 2116371646568845, actual_exe_time: 53670, task_app_start_time:2116367583020641, task_sched_time:2116371645807355
app_id: 0, app_name: SAR_api-aarch64, task_id: 1415, task_name: DASH_ZIP, resource_name: cpu2, ref_start_time: 2116371647229715, ref_stop_time: 2116371647305675, actual_exe_time: 75960, task_app_start_time:2116367583020641, task_sched_time:2116371647221705
app_id: 0, app_name: SAR_api-aarch64, task_id: 1416, task_name: DASH_FFT, resource_name: cpu3, ref_start_time: 2116371647690425, ref_stop_time: 2116371647753335, actual_exe_time: 62910, task_app_start_time:2116367583020641, task_sched_time:2116371647686255
app_id: 0, app_name: SAR_api-aarch64, task_id: 1417, task_name: DASH_ZIP, resource_name: zip1, ref_start_time: 2116371648398005, ref_stop_time: 2116371648518455, actual_exe_time: 120450, task_app_start_time:2116367583020641, task_sched_time:2116371648392245
app_id: 0, app_name: SAR_api-aarch64, task_id: 1418, task_name: DASH_FFT, resource_name: cpu1, ref_start_time: 2116371648959395, ref_stop_time: 2116371649001395, actual_exe_time: 42000, task_app_start_time:2116367583020641, task_sched_time:2116371648947335
app_id: 0, app_name: SAR_api-aarch64, task_id: 1419, task_name: DASH_ZIP, resource_name: cpu2, ref_start_time: 2116371649456225, ref_stop_time: 2116371649529456, actual_exe_time: 73231, task_app_start_time:2116367583020641, task_sched_time:2116371649452025
app_id: 0, app_name: SAR_api-aarch64, task_id: 1420, task_name: DASH_FFT, resource_name: cpu3, ref_start_time: 2116371654619136, ref_stop_time: 2116371654693686, actual_exe_time: 74550, task_app_start_time:2116367583020641, task_sched_time:2116371654609896
app_id: 0, app_name: SAR_api-aarch64, task_id: 1421, task_name: DASH_ZIP, resource_name: zip1, ref_start_time: 2116371655356506, ref_stop_time: 2116371655480046, actual_exe_time: 123540, task_app_start_time:2116367583020641, task_sched_time:2116371655352546
app_id: 0, app_name: SAR_api-aarch64, task_id: 1422, task_name: DASH_FFT, resource_name: cpu1, ref_start_time: 2116371655947537, ref_stop_time: 2116371655994367, actual_exe_time: 46830, task_app_start_time:2116367583020641, task_sched_time:2116371655863237
app_id: 0, app_name: SAR_api-aarch64, task_id: 1423, task_name: DASH_ZIP, resource_name: cpu2, ref_start_time: 2116371656479167, ref_stop_time: 2116371656553807, actual_exe_time: 74640, task_app_start_time:2116367583020641, task_sched_time:2116371656474157
app_id: 0, app_name: SAR_api-aarch64, task_id: 1424, task_name: DASH_FFT, resource_name: cpu3, ref_start_time: 2116371660352857, ref_stop_time: 2116371660420027, actual_exe_time: 67170, task_app_start_time:2116367583020641, task_sched_time:2116371660343407
app_id: 0, app_name: SAR_api-aarch64, task_id: 1425, task_name: DASH_ZIP, resource_name: zip1, ref_start_time: 2116371661024677, ref_stop_time: 2116371661147077, actual_exe_time: 122400, task_app_start_time:2116367583020641, task_sched_time:2116371661018647
app_id: 0, app_name: SAR_api-aarch64, task_id: 1426, task_name: DASH_FFT, resource_name: cpu1, ref_start_time: 2116371661985608, ref_stop_time: 2116371662038018, actual_exe_time: 52410, task_app_start_time:2116367583020641, task_sched_time:2116371661835637
app_id: 0, app_name: SAR_api-aarch64, task_id: 1427, task_name: DASH_ZIP, resource_name: cpu2, ref_start_time: 2116371666644338, ref_stop_time: 2116371666724618, actual_exe_time: 80280, task_app_start_time:2116367583020641, task_sched_time:2116371666635608
app_id: 0, app_name: SAR_api-aarch64, task_id: 1428, task_name: DASH_FFT, resource_name: cpu3, ref_start_time: 2116371667142488, ref_stop_time: 2116371667209868, actual_exe_time: 67380, task_app_start_time:2116367583020641, task_sched_time:2116371667137838
app_id: 0, app_name: SAR_api-aarch64, task_id: 1429, task_name: DASH_ZIP, resource_name: zip1, ref_start_time: 2116371670707659, ref_stop_time: 2116371670834199, actual_exe_time: 126540, task_app_start_time:2116367583020641, task_sched_time:2116371670701629
app_id: 0, app_name: SAR_api-aarch64, task_id: 1430, task_name: DASH_FFT, resource_name: cpu1, ref_start_time: 2116371674617200, ref_stop_time: 2116371674826900, actual_exe_time: 209700, task_app_start_time:2116367583020641, task_sched_time:2116371674593500
app_id: 0, app_name: SAR_api-aarch64, task_id: 1431, task_name: DASH_ZIP, resource_name: cpu2, ref_start_time: 2116371676291440, ref_stop_time: 2116371676367040, actual_exe_time: 75600, task_app_start_time:2116367583020641, task_sched_time:2116371676282590
app_id: 0, app_name: SAR_api-aarch64, task_id: 1432, task_name: DASH_FFT, resource_name: cpu3, ref_start_time: 2116371677160000, ref_stop_time: 2116371677228130, actual_exe_time: 68130, task_app_start_time:2116367583020641, task_sched_time:2116371677156850
app_id: 0, app_name: SAR_api-aarch64, task_id: 1433, task_name: DASH_ZIP, resource_name: zip1, ref_start_time: 2116371682958491, ref_stop_time: 2116371683088271, actual_exe_time: 129780, task_app_start_time:2116367583020641, task_sched_time:2116371682947181
app_id: 0, app_name: SAR_api-aarch64, task_id: 1434, task_name: DASH_FFT, resource_name: cpu1, ref_start_time: 2116371683754181, ref_stop_time: 2116371683805421, actual_exe_time: 51240, task_app_start_time:2116367583020641, task_sched_time:2116371683549341
app_id: 0, app_name: SAR_api-aarch64, task_id: 1435, task_name: DASH_ZIP, resource_name: cpu2, ref_start_time: 2116371686565631, ref_stop_time: 2116371686644021, actual_exe_time: 78390, task_app_start_time:2116367583020641, task_sched_time:2116371686561911
app_id: 0, app_name: SAR_api-aarch64, task_id: 1436, task_name: DASH_FFT, resource_name: cpu3, ref_start_time: 2116371690902012, ref_stop_time: 2116371690984662, actual_exe_time: 82650, task_app_start_time:2116367583020641, task_sched_time:2116371690892082
app_id: 0, app_name: SAR_api-aarch64, task_id: 1437, task_name: DASH_ZIP, resource_name: zip1, ref_start_time: 2116371691886102, ref_stop_time: 2116371692008892, actual_exe_time: 122790, task_app_start_time:2116367583020641, task_sched_time:2116371691879862
app_id: 0, app_name: SAR_api-aarch64, task_id: 1438, task_name: DASH_FFT, resource_name: cpu1, ref_start_time: 2116371692804972, ref_stop_time: 2116371692889182, actual_exe_time: 84210, task_app_start_time:2116367583020641, task_sched_time:2116371692758742
app_id: 0, app_name: SAR_api-aarch64, task_id: 1439, task_name: DASH_ZIP, resource_name: cpu2, ref_start_time: 2116371698855553, ref_stop_time: 2116371699134043, actual_exe_time: 278490, task_app_start_time:2116367583020641, task_sched_time:2116371698849493
app_id: 0, app_name: SAR_api-aarch64, task_id: 1440, task_name: DASH_FFT, resource_name: cpu3, ref_start_time: 2116371699546574, ref_stop_time: 2116371699614674, actual_exe_time: 68100, task_app_start_time:2116367583020641, task_sched_time:2116371699540844
app_id: 0, app_name: SAR_api-aarch64, task_id: 1441, task_name: DASH_ZIP, resource_name: zip1, ref_start_time: 2116371702782584, ref_stop_time: 2116371702904714, actual_exe_time: 122130, task_app_start_time:2116367583020641, task_sched_time:2116371702777994
app_id: 0, app_name: SAR_api-aarch64, task_id: 1442, task_name: DASH_FFT, resource_name: cpu1, ref_start_time: 2116371706625975, ref_stop_time: 2116371706677455, actual_exe_time: 51480, task_app_start_time:2116367583020641, task_sched_time:2116371706613015
app_id: 0, app_name: SAR_api-aarch64, task_id: 1443, task_name: DASH_ZIP, resource_name: cpu2, ref_start_time: 2116371707193545, ref_stop_time: 2116371707269655, actual_exe_time: 76110, task_app_start_time:2116367583020641, task_sched_time:2116371707190065
app_id: 0, app_name: SAR_api-aarch64, task_id: 1444, task_name: DASH_FFT, resource_name: cpu3, ref_start_time: 2116371708003905, ref_stop_time: 2116371708071405, actual_exe_time: 67500, task_app_start_time:2116367583020641, task_sched_time:2116371707999255
app_id: 0, app_name: SAR_api-aarch64, task_id: 1445, task_name: DASH_ZIP, resource_name: zip1, ref_start_time: 2116371710753045, ref_stop_time: 2116371710878655, actual_exe_time: 125610, task_app_start_time:2116367583020641, task_sched_time:2116371710744405
app_id: 0, app_name: SAR_api-aarch64, task_id: 1446, task_name: DASH_FFT, resource_name: cpu1, ref_start_time: 2116371715137156, ref_stop_time: 2116371715191126, actual_exe_time: 53970, task_app_start_time:2116367583020641, task_sched_time:2116371715008876
app_id: 0, app_name: SAR_api-aarch64, task_id: 1447, task_name: DASH_ZIP, resource_name: cpu2, ref_start_time: 2116371718558627, ref_stop_time: 2116371718634047, actual_exe_time: 75420, task_app_start_time:2116367583020641, task_sched_time:2116371718550737
app_id: 0, app_name: SAR_api-aarch64, task_id: 1448, task_name: DASH_FFT, resource_name: cpu3, ref_start_time: 2116371722033557, ref_stop_time: 2116371722103877, actual_exe_time: 70320, task_app_start_time:2116367583020641, task_sched_time:2116371722028007
app_id: 0, app_name: SAR_api-aarch64, task_id: 1449, task_name: DASH_ZIP, resource_name: zip1, ref_start_time: 2116371722400817, ref_stop_time: 2116371722538937, actual_exe_time: 138120, task_app_start_time:2116367583020641, task_sched_time:2116371722396527
app_id: 0, app_name: SAR_api-aarch64, task_id: 1450, task_name: DASH_FFT, resource_name: cpu1, ref_start_time: 2116371723386197, ref_stop_time: 2116371723432397, actual_exe_time: 46200, task_app_start_time:2116367583020641, task_sched_time:2116371723329377
app_id: 0, app_name: SAR_api-aarch64, task_id: 1451, task_name: DASH_ZIP, resource_name: cpu2, ref_start_time: 2116371723814207, ref_stop_time: 2116371723889177, actual_exe_time: 74970, task_app_start_time:2116367583020641, task_sched_time:2116371723805267
app_id: 0, app_name: SAR_api-aarch64, task_id: 1452, task_name: DASH_FFT, resource_name: cpu3, ref_start_time: 2116371724305698, ref_stop_time: 2116371724365248, actual_exe_time: 59550, task_app_start_time:2116367583020641, task_sched_time:2116371724299638
app_id: 0, app_name: SAR_api-aarch64, task_id: 1453, task_name: DASH_ZIP, resource_name: zip1, ref_start_time: 2116371724835828, ref_stop_time: 2116371724958678, actual_exe_time: 122850, task_app_start_time:2116367583020641, task_sched_time:2116371724645508
app_id: 0, app_name: SAR_api-aarch64, task_id: 1454, task_name: DASH_FFT, resource_name: cpu1, ref_start_time: 2116371731221959, ref_stop_time: 2116371731275959, actual_exe_time: 54000, task_app_start_time:2116367583020641, task_sched_time:2116371731047569
app_id: 0, app_name: SAR_api-aarch64, task_id: 1455, task_name: DASH_ZIP, resource_name: cpu2, ref_start_time: 2116371731866749, ref_stop_time: 2116371731942589, actual_exe_time: 75840, task_app_start_time:2116367583020641, task_sched_time:2116371731860509
app_id: 0, app_name: SAR_api-aarch64, task_id: 1456, task_name: DASH_FFT, resource_name: cpu3, ref_start_time: 2116371734567649, ref_stop_time: 2116371734639709, actual_exe_time: 72060, task_app_start_time:2116367583020641, task_sched_time:2116371734559039
app_id: 0, app_name: SAR_api-aarch64, task_id: 1457, task_name: DASH_ZIP, resource_name: zip1, ref_start_time: 2116371738684760, ref_stop_time: 2116371738809530, actual_exe_time: 124770, task_app_start_time:2116367583020641, task_sched_time:2116371738678310
app_id: 0, app_name: SAR_api-aarch64, task_id: 1458, task_name: DASH_FFT, resource_name: cpu1, ref_start_time: 2116371739444420, ref_stop_time: 2116371739492960, actual_exe_time: 48540, task_app_start_time:2116367583020641, task_sched_time:2116371739256470
app_id: 0, app_name: SAR_api-aarch64, task_id: 1459, task_name: DASH_ZIP, resource_name: cpu2, ref_start_time: 2116371740338870, ref_stop_time: 2116371740414410, actual_exe_time: 75540, task_app_start_time:2116367583020641, task_sched_time:2116371740331880
app_id: 0, app_name: SAR_api-aarch64, task_id: 1460, task_name: DASH_FFT, resource_name: cpu3, ref_start_time: 2116371742931711, ref_stop_time: 2116371743007371, actual_exe_time: 75660, task_app_start_time:2116367583020641, task_sched_time:2116371742925981
app_id: 0, app_name: SAR_api-aarch64, task_id: 1461, task_name: DASH_ZIP, resource_name: zip1, ref_start_time: 2116371746723651, ref_stop_time: 2116371746851391, actual_exe_time: 127740, task_app_start_time:2116367583020641, task_sched_time:2116371746714681
app_id: 0, app_name: SAR_api-aarch64, task_id: 1462, task_name: DASH_FFT, resource_name: cpu1, ref_start_time: 2116371750625002, ref_stop_time: 2116371750677652, actual_exe_time: 52650, task_app_start_time:2116367583020641, task_sched_time:2116371750608982
app_id: 0, app_name: SAR_api-aarch64, task_id: 1463, task_name: DASH_ZIP, resource_name: cpu2, ref_start_time: 2116371751219632, ref_stop_time: 2116371751296582, actual_exe_time: 76950, task_app_start_time:2116367583020641, task_sched_time:2116371751213572
app_id: 0, app_name: SAR_api-aarch64, task_id: 1464, task_name: DASH_FFT, resource_name: cpu3, ref_start_time: 2116371754638822, ref_stop_time: 2116371754712742, actual_exe_time: 73920, task_app_start_time:2116367583020641, task_sched_time:2116371754632222
app_id: 0, app_name: SAR_api-aarch64, task_id: 1465, task_name: DASH_ZIP, resource_name: zip1, ref_start_time: 2116371755806723, ref_stop_time: 2116371755932933, actual_exe_time: 126210, task_app_start_time:2116367583020641, task_sched_time:2116371755734453
app_id: 0, app_name: SAR_api-aarch64, task_id: 1466, task_name: DASH_FFT, resource_name: cpu1, ref_start_time: 2116371763057484, ref_stop_time: 2116371763113614, actual_exe_time: 56130, task_app_start_time:2116367583020641, task_sched_time:2116371762934094
app_id: 0, app_name: SAR_api-aarch64, task_id: 1467, task_name: DASH_ZIP, resource_name: cpu2, ref_start_time: 2116371769281495, ref_stop_time: 2116371769361595, actual_exe_time: 80100, task_app_start_time:2116367583020641, task_sched_time:2116371769273845
app_id: 0, app_name: SAR_api-aarch64, task_id: 1468, task_name: DASH_FFT, resource_name: cpu3, ref_start_time: 2116371774695776, ref_stop_time: 2116371774776056, actual_exe_time: 80280, task_app_start_time:2116367583020641, task_sched_time:2116371774687496
app_id: 0, app_name: SAR_api-aarch64, task_id: 1469, task_name: DASH_ZIP, resource_name: zip1, ref_start_time: 2116371778664116, ref_stop_time: 2116371778788346, actual_exe_time: 124230, task_app_start_time:2116367583020641, task_sched_time:2116371778657366
app_id: 0, app_name: SAR_api-aarch64, task_id: 1470, task_name: DASH_FFT, resource_name: cpu1, ref_start_time: 2116371782651777, ref_stop_time: 2116371782704067, actual_exe_time: 52290, task_app_start_time:2116367583020641, task_sched_time:2116371782609987
app_id: 0, app_name: SAR_api-aarch64, task_id: 1471, task_name: DASH_ZIP, resource_name: cpu2, ref_start_time: 2116371783307007, ref_stop_time: 2116371783384017, actual_exe_time: 77010, task_app_start_time:2116367583020641, task_sched_time:2116371783301547
app_id: 0, app_name: SAR_api-aarch64, task_id: 1472, task_name: DASH_FFT, resource_name: cpu3, ref_start_time: 2116371783721247, ref_stop_time: 2116371784153667, actual_exe_time: 432420, task_app_start_time:2116367583020641, task_sched_time:2116371783718097
app_id: 0, app_name: SAR_api-aarch64, task_id: 1473, task_name: DASH_ZIP, resource_name: zip1, ref_start_time: 2116371790716288, ref_stop_time: 2116371790843968, actual_exe_time: 127680, task_app_start_time:2116367583020641, task_sched_time:2116371790707648
app_id: 0, app_name: SAR_api-aarch64, task_id: 1474, task_name: DASH_FFT, resource_name: cpu1, ref_start_time: 2116371795020539, ref_stop_time: 2116371795071059, actual_exe_time: 50520, task_app_start_time:2116367583020641, task_sched_time:2116371794972509
app_id: 0, app_name: SAR_api-aarch64, task_id: 1475, task_name: DASH_ZIP, resource_name: cpu2, ref_start_time: 2116371797311219, ref_stop_time: 2116371797388949, actual_exe_time: 77730, task_app_start_time:2116367583020641, task_sched_time:2116371797307409
app_id: 0, app_name: SAR_api-aarch64, task_id: 1476, task_name: DASH_FFT, resource_name: cpu3, ref_start_time: 2116371802539530, ref_stop_time: 2116371802618130, actual_exe_time: 78600, task_app_start_time:2116367583020641, task_sched_time:2116371802530500
app_id: 0, app_name: SAR_api-aarch64, task_id: 1477, task_name: DASH_ZIP, resource_name: zip1, ref_start_time: 2116371806670321, ref_stop_time: 2116371806795151, actual_exe_time: 124830, task_app_start_time:2116367583020641, task_sched_time:2116371806663601
app_id: 0, app_name: SAR_api-aarch64, task_id: 1478, task_name: DASH_FFT, resource_name: cpu1, ref_start_time: 2116371811034091, ref_stop_time: 2116371811086862, actual_exe_time: 52771, task_app_start_time:2116367583020641, task_sched_time:2116371810869271
app_id: 0, app_name: SAR_api-aarch64, task_id: 1479, task_name: DASH_ZIP, resource_name: cpu2, ref_start_time: 2116371811952422, ref_stop_time: 2116371812030812, actual_exe_time: 78390, task_app_start_time:2116367583020641, task_sched_time:2116371811943542
app_id: 0, app_name: SAR_api-aarch64, task_id: 1480, task_name: DASH_FFT, resource_name: cpu3, ref_start_time: 2116371812321722, ref_stop_time: 2116371812931982, actual_exe_time: 610260, task_app_start_time:2116367583020641, task_sched_time:2116371812316472
app_id: 0, app_name: SAR_api-aarch64, task_id: 1481, task_name: DASH_ZIP, resource_name: zip1, ref_start_time: 2116371818877173, ref_stop_time: 2116371819005663, actual_exe_time: 128490, task_app_start_time:2116367583020641, task_sched_time:2116371818869373
app_id: 0, app_name: SAR_api-aarch64, task_id: 1482, task_name: DASH_FFT, resource_name: cpu1, ref_start_time: 2116371822763463, ref_stop_time: 2116371822816053, actual_exe_time: 52590, task_app_start_time:2116367583020641, task_sched_time:2116371822611543
app_id: 0, app_name: SAR_api-aarch64, task_id: 1483, task_name: DASH_ZIP, resource_name: cpu2, ref_start_time: 2116371825731754, ref_stop_time: 2116371825810894, actual_exe_time: 79140, task_app_start_time:2116367583020641, task_sched_time:2116371825727554
app_id: 0, app_name: SAR_api-aarch64, task_id: 1484, task_name: DASH_FFT, resource_name: cpu3, ref_start_time: 2116371830554825, ref_stop_time: 2116371830632465, actual_exe_time: 77640, task_app_start_time:2116367583020641, task_sched_time:2116371830544715
app_id: 0, app_name: SAR_api-aarch64, task_id: 1485, task_name: DASH_ZIP, resource_name: zip1, ref_start_time: 2116371834689875, ref_stop_time: 2116371834816145, actual_exe_time: 126270, task_app_start_time:2116367583020641, task_sched_time:2116371834682045
app_id: 0, app_name: SAR_api-aarch64, task_id: 1486, task_name: DASH_FFT, resource_name: cpu1, ref_start_time: 2116371838648106, ref_stop_time: 2116371838700606, actual_exe_time: 52500, task_app_start_time:2116367583020641, task_sched_time:2116371838620356
app_id: 0, app_name: SAR_api-aarch64, task_id: 1487, task_name: DASH_ZIP, resource_name: cpu2, ref_start_time: 2116371840070106, ref_stop_time: 2116371840150146, actual_exe_time: 80040, task_app_start_time:2116367583020641, task_sched_time:2116371840061016
app_id: 0, app_name: SAR_api-aarch64, task_id: 1488, task_name: DASH_FFT, resource_name: cpu3, ref_start_time: 2116371840639686, ref_stop_time: 2116371841082846, actual_exe_time: 443160, task_app_start_time:2116367583020641, task_sched_time:2116371840462536
app_id: 0, app_name: SAR_api-aarch64, task_id: 1489, task_name: DASH_ZIP, resource_name: zip1, ref_start_time: 2116371846695667, ref_stop_time: 2116371846827097, actual_exe_time: 131430, task_app_start_time:2116367583020641, task_sched_time:2116371846686727
app_id: 0, app_name: SAR_api-aarch64, task_id: 1490, task_name: DASH_FFT, resource_name: cpu1, ref_start_time: 2116371850946008, ref_stop_time: 2116371850998748, actual_exe_time: 52740, task_app_start_time:2116367583020641, task_sched_time:2116371850940818
app_id: 0, app_name: SAR_api-aarch64, task_id: 1491, task_name: DASH_ZIP, resource_name: cpu2, ref_start_time: 2116371854266798, ref_stop_time: 2116371854346958, actual_exe_time: 80160, task_app_start_time:2116367583020641, task_sched_time:2116371854259958
app_id: 0, app_name: SAR_api-aarch64, task_id: 1492, task_name: DASH_FFT, resource_name: cpu3, ref_start_time: 2116371854844779, ref_stop_time: 2116371854915999, actual_exe_time: 71220, task_app_start_time:2116367583020641, task_sched_time:2116371854690759
app_id: 0, app_name: SAR_api-aarch64, task_id: 1493, task_name: DASH_ZIP, resource_name: zip1, ref_start_time: 2116371862743960, ref_stop_time: 2116371862874250, actual_exe_time: 130290, task_app_start_time:2116367583020641, task_sched_time:2116371862736490
app_id: 0, app_name: SAR_api-aarch64, task_id: 1494, task_name: DASH_FFT, resource_name: cpu1, ref_start_time: 2116371867106891, ref_stop_time: 2116371867161251, actual_exe_time: 54360, task_app_start_time:2116367583020641, task_sched_time:2116371866981851
app_id: 0, app_name: SAR_api-aarch64, task_id: 1495, task_name: DASH_ZIP, resource_name: cpu2, ref_start_time: 2116371868519351, ref_stop_time: 2116371868597621, actual_exe_time: 78270, task_app_start_time:2116367583020641, task_sched_time:2116371868509961
app_id: 0, app_name: SAR_api-aarch64, task_id: 1496, task_name: DASH_FFT, resource_name: cpu3, ref_start_time: 2116371874667972, ref_stop_time: 2116371874747982, actual_exe_time: 80010, task_app_start_time:2116367583020641, task_sched_time:2116371874657832
app_id: 0, app_name: SAR_api-aarch64, task_id: 1497, task_name: DASH_ZIP, resource_name: zip1, ref_start_time: 2116371878941892, ref_stop_time: 2116371879067622, actual_exe_time: 125730, task_app_start_time:2116367583020641, task_sched_time:2116371878934512
app_id: 0, app_name: SAR_api-aarch64, task_id: 1498, task_name: DASH_FFT, resource_name: cpu1, ref_start_time: 2116371882147903, ref_stop_time: 2116371882202203, actual_exe_time: 54300, task_app_start_time:2116367583020641, task_sched_time:2116371882140463
app_id: 0, app_name: SAR_api-aarch64, task_id: 1499, task_name: DASH_ZIP, resource_name: cpu2, ref_start_time: 2116371886616884, ref_stop_time: 2116371886697914, actual_exe_time: 81030, task_app_start_time:2116367583020641, task_sched_time:2116371886609564
app_id: 0, app_name: SAR_api-aarch64, task_id: 1500, task_name: DASH_FFT, resource_name: cpu3, ref_start_time: 2116371887154394, ref_stop_time: 2116371887226064, actual_exe_time: 71670, task_app_start_time:2116367583020641, task_sched_time:2116371887150884
app_id: 0, app_name: SAR_api-aarch64, task_id: 1501, task_name: DASH_ZIP, resource_name: zip1, ref_start_time: 2116371894579935, ref_stop_time: 2116371894705845, actual_exe_time: 125910, task_app_start_time:2116367583020641, task_sched_time:2116371894574565
app_id: 0, app_name: SAR_api-aarch64, task_id: 1502, task_name: DASH_FFT, resource_name: cpu1, ref_start_time: 2116371896599175, ref_stop_time: 2116371896650685, actual_exe_time: 51510, task_app_start_time:2116367583020641, task_sched_time:2116371896339945
app_id: 0, app_name: SAR_api-aarch64, task_id: 1503, task_name: DASH_ZIP, resource_name: cpu2, ref_start_time: 2116371902852586, ref_stop_time: 2116371903146976, actual_exe_time: 294390, task_app_start_time:2116367583020641, task_sched_time:2116371902843496
app_id: 0, app_name: SAR_api-aarch64, task_id: 1504, task_name: DASH_FFT, resource_name: cpu3, ref_start_time: 2116371906555607, ref_stop_time: 2116371906634147, actual_exe_time: 78540, task_app_start_time:2116367583020641, task_sched_time:2116371906549517
app_id: 0, app_name: SAR_api-aarch64, task_id: 1505, task_name: DASH_ZIP, resource_name: zip1, ref_start_time: 2116371910975208, ref_stop_time: 2116371911103638, actual_exe_time: 128430, task_app_start_time:2116367583020641, task_sched_time:2116371910833428
app_id: 0, app_name: SAR_api-aarch64, task_id: 1506, task_name: DASH_FFT, resource_name: cpu1, ref_start_time: 2116371918821979, ref_stop_time: 2116371918885339, actual_exe_time: 63360, task_app_start_time:2116367583020641, task_sched_time:2116371918815979
app_id: 0, app_name: SAR_api-aarch64, task_id: 1507, task_name: DASH_ZIP, resource_name: cpu2, ref_start_time: 2116371922680969, ref_stop_time: 2116371922759389, actual_exe_time: 78420, task_app_start_time:2116367583020641, task_sched_time:2116371922548129
app_id: 0, app_name: SAR_api-aarch64, task_id: 1508, task_name: DASH_FFT, resource_name: cpu3, ref_start_time: 2116371924637240, ref_stop_time: 2116371924709180, actual_exe_time: 71940, task_app_start_time:2116367583020641, task_sched_time:2116371924469360
app_id: 0, app_name: SAR_api-aarch64, task_id: 1509, task_name: DASH_ZIP, resource_name: zip1, ref_start_time: 2116371931064921, ref_stop_time: 2116371931192571, actual_exe_time: 127650, task_app_start_time:2116367583020641, task_sched_time:2116371931056881
app_id: 0, app_name: SAR_api-aarch64, task_id: 1510, task_name: DASH_FFT, resource_name: cpu1, ref_start_time: 2116371934797071, ref_stop_time: 2116371934848341, actual_exe_time: 51270, task_app_start_time:2116367583020641, task_sched_time:2116371934579961
app_id: 0, app_name: SAR_api-aarch64, task_id: 1511, task_name: DASH_ZIP, resource_name: cpu2, ref_start_time: 2116371938426592, ref_stop_time: 2116371938518842, actual_exe_time: 92250, task_app_start_time:2116367583020641, task_sched_time:2116371938417682
app_id: 0, app_name: SAR_api-aarch64, task_id: 1512, task_name: DASH_FFT, resource_name: cpu3, ref_start_time: 2116371938775492, ref_stop_time: 2116371938847642, actual_exe_time: 72150, task_app_start_time:2116367583020641, task_sched_time:2116371938688042
app_id: 0, app_name: SAR_api-aarch64, task_id: 1513, task_name: DASH_ZIP, resource_name: zip1, ref_start_time: 2116371946927603, ref_stop_time: 2116371947057113, actual_exe_time: 129510, task_app_start_time:2116367583020641, task_sched_time:2116371946916773
app_id: 0, app_name: SAR_api-aarch64, task_id: 1514, task_name: DASH_FFT, resource_name: cpu1, ref_start_time: 2116371952052264, ref_stop_time: 2116371952116584, actual_exe_time: 64320, task_app_start_time:2116367583020641, task_sched_time:2116371952044824
app_id: 0, app_name: SAR_api-aarch64, task_id: 1515, task_name: DASH_ZIP, resource_name: cpu2, ref_start_time: 2116371958900155, ref_stop_time: 2116371958981665, actual_exe_time: 81510, task_app_start_time:2116367583020641, task_sched_time:2116371958889865
app_id: 0, app_name: SAR_api-aarch64, task_id: 1516, task_name: DASH_FFT, resource_name: cpu3, ref_start_time: 2116371959185695, ref_stop_time: 2116371959258385, actual_exe_time: 72690, task_app_start_time:2116367583020641, task_sched_time:2116371959181405
app_id: 0, app_name: SAR_api-aarch64, task_id: 1517, task_name: DASH_ZIP, resource_name: zip1, ref_start_time: 2116371965874826, ref_stop_time: 2116371966004246, actual_exe_time: 129420, task_app_start_time:2116367583020641, task_sched_time:2116371965853526
app_id: 0, app_name: SAR_api-aarch64, task_id: 1518, task_name: DASH_FFT, resource_name: cpu1, ref_start_time: 2116371971160677, ref_stop_time: 2116371971216417, actual_exe_time: 55740, task_app_start_time:2116367583020641, task_sched_time:2116371971063867
app_id: 0, app_name: SAR_api-aarch64, task_id: 1519, task_name: DASH_ZIP, resource_name: cpu2, ref_start_time: 2116371974559858, ref_stop_time: 2116371974637978, actual_exe_time: 78120, task_app_start_time:2116367583020641, task_sched_time:2116371974553768
app_id: 0, app_name: SAR_api-aarch64, task_id: 1520, task_name: DASH_FFT, resource_name: cpu3, ref_start_time: 2116371978545088, ref_stop_time: 2116371978622008, actual_exe_time: 76920, task_app_start_time:2116367583020641, task_sched_time:2116371978540648
app_id: 0, app_name: SAR_api-aarch64, task_id: 1521, task_name: DASH_ZIP, resource_name: zip1, ref_start_time: 2116371980376619, ref_stop_time: 2116371980501689, actual_exe_time: 125070, task_app_start_time:2116367583020641, task_sched_time:2116371980312509
app_id: 0, app_name: SAR_api-aarch64, task_id: 1522, task_name: DASH_FFT, resource_name: cpu1, ref_start_time: 2116371987069560, ref_stop_time: 2116371987126650, actual_exe_time: 57090, task_app_start_time:2116367583020641, task_sched_time:2116371987026780
app_id: 0, app_name: SAR_api-aarch64, task_id: 1523, task_name: DASH_ZIP, resource_name: cpu2, ref_start_time: 2116371990547040, ref_stop_time: 2116371990625880, actual_exe_time: 78840, task_app_start_time:2116367583020641, task_sched_time:2116371990538070
app_id: 0, app_name: SAR_api-aarch64, task_id: 1524, task_name: DASH_FFT, resource_name: cpu3, ref_start_time: 2116371994058301, ref_stop_time: 2116371994132101, actual_exe_time: 73800, task_app_start_time:2116367583020641, task_sched_time:2116371993903861
app_id: 0, app_name: SAR_api-aarch64, task_id: 1525, task_name: DASH_ZIP, resource_name: zip1, ref_start_time: 2116371999048892, ref_stop_time: 2116371999178102, actual_exe_time: 129210, task_app_start_time:2116367583020641, task_sched_time:2116371999040282
app_id: 0, app_name: SAR_api-aarch64, task_id: 1526, task_name: DASH_FFT, resource_name: cpu1, ref_start_time: 2116372002642952, ref_stop_time: 2116372002696532, actual_exe_time: 53580, task_app_start_time:2116367583020641, task_sched_time:2116372002635272
app_id: 0, app_name: SAR_api-aarch64, task_id: 1527, task_name: DASH_ZIP, resource_name: cpu2, ref_start_time: 2116372008107093, ref_stop_time: 2116372008187433, actual_exe_time: 80340, task_app_start_time:2116367583020641, task_sched_time:2116372008100403
app_id: 0, app_name: SAR_api-aarch64, task_id: 1528, task_name: DASH_FFT, resource_name: cpu3, ref_start_time: 2116372012894794, ref_stop_time: 2116372012973604, actual_exe_time: 78810, task_app_start_time:2116367583020641, task_sched_time:2116372012883634
app_id: 0, app_name: SAR_api-aarch64, task_id: 1529, task_name: DASH_ZIP, resource_name: zip1, ref_start_time: 2116372018702375, ref_stop_time: 2116372018828585, actual_exe_time: 126210, task_app_start_time:2116367583020641, task_sched_time:2116372018694815
app_id: 0, app_name: SAR_api-aarch64, task_id: 1530, task_name: DASH_FFT, resource_name: cpu1, ref_start_time: 2116372022052355, ref_stop_time: 2116372022106115, actual_exe_time: 53760, task_app_start_time:2116367583020641, task_sched_time:2116372022027005
app_id: 0, app_name: SAR_api-aarch64, task_id: 1531, task_name: DASH_ZIP, resource_name: cpu2, ref_start_time: 2116372026642596, ref_stop_time: 2116372026723086, actual_exe_time: 80490, task_app_start_time:2116367583020641, task_sched_time:2116372026637586
app_id: 0, app_name: SAR_api-aarch64, task_id: 1532, task_name: DASH_FFT, resource_name: cpu3, ref_start_time: 2116372027047206, ref_stop_time: 2116372027113926, actual_exe_time: 66720, task_app_start_time:2116367583020641, task_sched_time:2116372027037576
app_id: 0, app_name: SAR_api-aarch64, task_id: 1533, task_name: DASH_ZIP, resource_name: zip1, ref_start_time: 2116372034558607, ref_stop_time: 2116372034881078, actual_exe_time: 322471, task_app_start_time:2116367583020641, task_sched_time:2116372034509527
app_id: 0, app_name: SAR_api-aarch64, task_id: 1534, task_name: DASH_FFT, resource_name: cpu1, ref_start_time: 2116372035189178, ref_stop_time: 2116372035239758, actual_exe_time: 50580, task_app_start_time:2116367583020641, task_sched_time:2116372035181948
app_id: 0, app_name: SAR_api-aarch64, task_id: 1535, task_name: DASH_ZIP, resource_name: cpu2, ref_start_time: 2116372036568458, ref_stop_time: 2116372036646398, actual_exe_time: 77940, task_app_start_time:2116367583020641, task_sched_time:2116372036558858
app_id: 0, app_name: SAR_api-aarch64, task_id: 1536, task_name: DASH_FFT, resource_name: cpu3, ref_start_time: 2116372042945769, ref_stop_time: 2116372043024099, actual_exe_time: 78330, task_app_start_time:2116367583020641, task_sched_time:2116372042934699
app_id: 0, app_name: SAR_api-aarch64, task_id: 1537, task_name: DASH_ZIP, resource_name: zip1, ref_start_time: 2116372043427209, ref_stop_time: 2116372043556719, actual_exe_time: 129510, task_app_start_time:2116367583020641, task_sched_time:2116372043421509
app_id: 0, app_name: SAR_api-aarch64, task_id: 1538, task_name: DASH_FFT, resource_name: cpu1, ref_start_time: 2116372050108540, ref_stop_time: 2116372050160650, actual_exe_time: 52110, task_app_start_time:2116367583020641, task_sched_time:2116372049926350
app_id: 0, app_name: SAR_api-aarch64, task_id: 1539, task_name: DASH_ZIP, resource_name: cpu2, ref_start_time: 2116372050963000, ref_stop_time: 2116372051039590, actual_exe_time: 76590, task_app_start_time:2116367583020641, task_sched_time:2116372050954750
app_id: 0, app_name: SAR_api-aarch64, task_id: 1540, task_name: DASH_FFT, resource_name: cpu3, ref_start_time: 2116372054768351, ref_stop_time: 2116372054845811, actual_exe_time: 77460, task_app_start_time:2116367583020641, task_sched_time:2116372054757911
app_id: 0, app_name: SAR_api-aarch64, task_id: 1541, task_name: DASH_ZIP, resource_name: zip1, ref_start_time: 2116372062674132, ref_stop_time: 2116372062802292, actual_exe_time: 128160, task_app_start_time:2116367583020641, task_sched_time:2116372062663632
app_id: 0, app_name: SAR_api-aarch64, task_id: 1542, task_name: DASH_FFT, resource_name: cpu1, ref_start_time: 2116372064194682, ref_stop_time: 2116372064247032, actual_exe_time: 52350, task_app_start_time:2116367583020641, task_sched_time:2116372064184722
app_id: 0, app_name: SAR_api-aarch64, task_id: 1543, task_name: DASH_ZIP, resource_name: cpu2, ref_start_time: 2116372064892302, ref_stop_time: 2116372065094262, actual_exe_time: 201960, task_app_start_time:2116367583020641, task_sched_time:2116372064885192
app_id: 0, app_name: SAR_api-aarch64, task_id: 1544, task_name: DASH_FFT, resource_name: cpu3, ref_start_time: 2116372070680623, ref_stop_time: 2116372070756793, actual_exe_time: 76170, task_app_start_time:2116367583020641, task_sched_time:2116372070673933
app_id: 0, app_name: SAR_api-aarch64, task_id: 1545, task_name: DASH_ZIP, resource_name: zip1, ref_start_time: 2116372074937744, ref_stop_time: 2116372075342174, actual_exe_time: 404430, task_app_start_time:2116367583020641, task_sched_time:2116372074932164
app_id: 0, app_name: SAR_api-aarch64, task_id: 1546, task_name: DASH_FFT, resource_name: cpu1, ref_start_time: 2116372078822835, ref_stop_time: 2116372078875065, actual_exe_time: 52230, task_app_start_time:2116367583020641, task_sched_time:2116372078793915
app_id: 0, app_name: SAR_api-aarch64, task_id: 1547, task_name: DASH_ZIP, resource_name: cpu2, ref_start_time: 2116372082971505, ref_stop_time: 2116372083050105, actual_exe_time: 78600, task_app_start_time:2116367583020641, task_sched_time:2116372082961005
app_id: 0, app_name: SAR_api-aarch64, task_id: 1548, task_name: DASH_FFT, resource_name: cpu3, ref_start_time: 2116372086579966, ref_stop_time: 2116372086655716, actual_exe_time: 75750, task_app_start_time:2116367583020641, task_sched_time:2116372086569616
app_id: 0, app_name: SAR_api-aarch64, task_id: 1549, task_name: DASH_ZIP, resource_name: zip1, ref_start_time: 2116372090839427, ref_stop_time: 2116372090962937, actual_exe_time: 123510, task_app_start_time:2116367583020641, task_sched_time:2116372090832767
app_id: 0, app_name: SAR_api-aarch64, task_id: 1550, task_name: DASH_FFT, resource_name: cpu1, ref_start_time: 2116372093273327, ref_stop_time: 2116372093322827, actual_exe_time: 49500, task_app_start_time:2116367583020641, task_sched_time:2116372093153687
app_id: 0, app_name: SAR_api-aarch64, task_id: 1551, task_name: DASH_ZIP, resource_name: cpu2, ref_start_time: 2116372098672998, ref_stop_time: 2116372098752198, actual_exe_time: 79200, task_app_start_time:2116367583020641, task_sched_time:2116372098667568
app_id: 0, app_name: SAR_api-aarch64, task_id: 1552, task_name: DASH_FFT, resource_name: cpu3, ref_start_time: 2116372098922568, ref_stop_time: 2116372098995408, actual_exe_time: 72840, task_app_start_time:2116367583020641, task_sched_time:2116372098910358
app_id: 0, app_name: SAR_api-aarch64, task_id: 1553, task_name: DASH_ZIP, resource_name: zip1, ref_start_time: 2116372106465949, ref_stop_time: 2116372106605629, actual_exe_time: 139680, task_app_start_time:2116367583020641, task_sched_time:2116372106446689
app_id: 0, app_name: SAR_api-aarch64, task_id: 1554, task_name: DASH_FFT, resource_name: cpu1, ref_start_time: 2116372107553239, ref_stop_time: 2116372107603039, actual_exe_time: 49800, task_app_start_time:2116367583020641, task_sched_time:2116372107252429
app_id: 0, app_name: SAR_api-aarch64, task_id: 1555, task_name: DASH_ZIP, resource_name: cpu2, ref_start_time: 2116372114643710, ref_stop_time: 2116372114725130, actual_exe_time: 81420, task_app_start_time:2116367583020641, task_sched_time:2116372114633840
app_id: 0, app_name: SAR_api-aarch64, task_id: 1556, task_name: DASH_FFT, resource_name: cpu3, ref_start_time: 2116372118762531, ref_stop_time: 2116372118841311, actual_exe_time: 78780, task_app_start_time:2116367583020641, task_sched_time:2116372118754731
app_id: 0, app_name: SAR_api-aarch64, task_id: 1557, task_name: DASH_ZIP, resource_name: zip1, ref_start_time: 2116372120901171, ref_stop_time: 2116372121036321, actual_exe_time: 135150, task_app_start_time:2116367583020641, task_sched_time:2116372120838261
app_id: 0, app_name: SAR_api-aarch64, task_id: 1558, task_name: DASH_FFT, resource_name: cpu1, ref_start_time: 2116372126782792, ref_stop_time: 2116372126838412, actual_exe_time: 55620, task_app_start_time:2116367583020641, task_sched_time:2116372126718142
app_id: 0, app_name: SAR_api-aarch64, task_id: 1559, task_name: DASH_ZIP, resource_name: cpu2, ref_start_time: 2116372130526853, ref_stop_time: 2116372130773603, actual_exe_time: 246750, task_app_start_time:2116367583020641, task_sched_time:2116372130521603
app_id: 0, app_name: SAR_api-aarch64, task_id: 1560, task_name: DASH_FFT, resource_name: cpu3, ref_start_time: 2116372134306884, ref_stop_time: 2116372134380894, actual_exe_time: 74010, task_app_start_time:2116367583020641, task_sched_time:2116372134151033
app_id: 0, app_name: SAR_api-aarch64, task_id: 1561, task_name: DASH_ZIP, resource_name: zip1, ref_start_time: 2116372135177484, ref_stop_time: 2116372135299404, actual_exe_time: 121920, task_app_start_time:2116367583020641, task_sched_time:2116372135172204
app_id: 0, app_name: SAR_api-aarch64, task_id: 1562, task_name: DASH_FFT, resource_name: cpu1, ref_start_time: 2116372142536605, ref_stop_time: 2116372142599395, actual_exe_time: 62790, task_app_start_time:2116367583020641, task_sched_time:2116372142525595
app_id: 0, app_name: SAR_api-aarch64, task_id: 1563, task_name: DASH_ZIP, resource_name: cpu2, ref_start_time: 2116372142853195, ref_stop_time: 2116372142929425, actual_exe_time: 76230, task_app_start_time:2116367583020641, task_sched_time:2116372142843355
app_id: 0, app_name: SAR_api-aarch64, task_id: 1564, task_name: DASH_FFT, resource_name: cpu3, ref_start_time: 2116372146587175, ref_stop_time: 2116372146665806, actual_exe_time: 78631, task_app_start_time:2116367583020641, task_sched_time:2116372146578625
app_id: 0, app_name: SAR_api-aarch64, task_id: 1565, task_name: DASH_ZIP, resource_name: zip1, ref_start_time: 2116372149035266, ref_stop_time: 2116372149160906, actual_exe_time: 125640, task_app_start_time:2116367583020641, task_sched_time:2116372149030346
app_id: 0, app_name: SAR_api-aarch64, task_id: 1566, task_name: DASH_FFT, resource_name: cpu1, ref_start_time: 2116372149637186, ref_stop_time: 2116372149686446, actual_exe_time: 49260, task_app_start_time:2116367583020641, task_sched_time:2116372149627016
app_id: 0, app_name: SAR_api-aarch64, task_id: 1567, task_name: DASH_ZIP, resource_name: cpu2, ref_start_time: 2116372155037247, ref_stop_time: 2116372155117947, actual_exe_time: 80700, task_app_start_time:2116367583020641, task_sched_time:2116372155026867
app_id: 0, app_name: SAR_api-aarch64, task_id: 1568, task_name: DASH_FFT, resource_name: cpu3, ref_start_time: 2116372158551987, ref_stop_time: 2116372158628547, actual_exe_time: 76560, task_app_start_time:2116367583020641, task_sched_time:2116372158548657
app_id: 0, app_name: SAR_api-aarch64, task_id: 1569, task_name: DASH_ZIP, resource_name: zip1, ref_start_time: 2116372162670718, ref_stop_time: 2116372162795338, actual_exe_time: 124620, task_app_start_time:2116367583020641, task_sched_time:2116372162662348
app_id: 0, app_name: SAR_api-aarch64, task_id: 1570, task_name: DASH_FFT, resource_name: cpu1, ref_start_time: 2116372163635038, ref_stop_time: 2116372163685258, actual_exe_time: 50220, task_app_start_time:2116367583020641, task_sched_time:2116372163368578
app_id: 0, app_name: SAR_api-aarch64, task_id: 1571, task_name: DASH_ZIP, resource_name: cpu2, ref_start_time: 2116372166598679, ref_stop_time: 2116372166679199, actual_exe_time: 80520, task_app_start_time:2116367583020641, task_sched_time:2116372166590999
app_id: 0, app_name: SAR_api-aarch64, task_id: 1572, task_name: DASH_FFT, resource_name: cpu3, ref_start_time: 2116372174535030, ref_stop_time: 2116372174614170, actual_exe_time: 79140, task_app_start_time:2116367583020641, task_sched_time:2116372174530170
app_id: 0, app_name: SAR_api-aarch64, task_id: 1573, task_name: DASH_ZIP, resource_name: zip1, ref_start_time: 2116372177180310, ref_stop_time: 2116372177307840, actual_exe_time: 127530, task_app_start_time:2116367583020641, task_sched_time:2116372177172900
app_id: 0, app_name: SAR_api-aarch64, task_id: 1574, task_name: DASH_FFT, resource_name: cpu1, ref_start_time: 2116372178903241, ref_stop_time: 2116372178964201, actual_exe_time: 60960, task_app_start_time:2116367583020641, task_sched_time:2116372178890491
app_id: 0, app_name: SAR_api-aarch64, task_id: 1575, task_name: DASH_ZIP, resource_name: cpu2, ref_start_time: 2116372186606462, ref_stop_time: 2116372186687582, actual_exe_time: 81120, task_app_start_time:2116367583020641, task_sched_time:2116372186596922
app_id: 0, app_name: SAR_api-aarch64, task_id: 1576, task_name: DASH_FFT, resource_name: cpu3, ref_start_time: 2116372187126062, ref_stop_time: 2116372187195992, actual_exe_time: 69930, task_app_start_time:2116367583020641, task_sched_time:2116372187118232
app_id: 0, app_name: SAR_api-aarch64, task_id: 1577, task_name: DASH_ZIP, resource_name: zip1, ref_start_time: 2116372191079223, ref_stop_time: 2116372191207173, actual_exe_time: 127950, task_app_start_time:2116367583020641, task_sched_time:2116372191072563
app_id: 0, app_name: SAR_api-aarch64, task_id: 1578, task_name: DASH_FFT, resource_name: cpu1, ref_start_time: 2116372192061423, ref_stop_time: 2116372192112033, actual_exe_time: 50610, task_app_start_time:2116367583020641, task_sched_time:2116372191832403
app_id: 0, app_name: SAR_api-aarch64, task_id: 1579, task_name: DASH_ZIP, resource_name: cpu2, ref_start_time: 2116372198625844, ref_stop_time: 2116372198706934, actual_exe_time: 81090, task_app_start_time:2116367583020641, task_sched_time:2116372198616274
app_id: 0, app_name: SAR_api-aarch64, task_id: 1580, task_name: DASH_FFT, resource_name: cpu3, ref_start_time: 2116372202608255, ref_stop_time: 2116372202684215, actual_exe_time: 75960, task_app_start_time:2116367583020641, task_sched_time:2116372202602105
app_id: 0, app_name: SAR_api-aarch64, task_id: 1581, task_name: DASH_ZIP, resource_name: zip1, ref_start_time: 2116372205626825, ref_stop_time: 2116372205752885, actual_exe_time: 126060, task_app_start_time:2116367583020641, task_sched_time:2116372205620045
app_id: 0, app_name: SAR_api-aarch64, task_id: 1582, task_name: DASH_FFT, resource_name: cpu1, ref_start_time: 2116372206547945, ref_stop_time: 2116372206605935, actual_exe_time: 57990, task_app_start_time:2116367583020641, task_sched_time:2116372206460375
app_id: 0, app_name: SAR_api-aarch64, task_id: 1583, task_name: DASH_ZIP, resource_name: cpu2, ref_start_time: 2116372211498186, ref_stop_time: 2116372211576276, actual_exe_time: 78090, task_app_start_time:2116367583020641, task_sched_time:2116372211490986
app_id: 0, app_name: SAR_api-aarch64, task_id: 1584, task_name: DASH_FFT, resource_name: cpu3, ref_start_time: 2116372214911076, ref_stop_time: 2116372214979597, actual_exe_time: 68521, task_app_start_time:2116367583020641, task_sched_time:2116372214903426
app_id: 0, app_name: SAR_api-aarch64, task_id: 1585, task_name: DASH_ZIP, resource_name: zip1, ref_start_time: 2116372219500927, ref_stop_time: 2116372219628427, actual_exe_time: 127500, task_app_start_time:2116367583020641, task_sched_time:2116372219494897
app_id: 0, app_name: SAR_api-aarch64, task_id: 1586, task_name: DASH_FFT, resource_name: cpu1, ref_start_time: 2116372219866687, ref_stop_time: 2116372219924407, actual_exe_time: 57720, task_app_start_time:2116367583020641, task_sched_time:2116372219862667
app_id: 0, app_name: SAR_api-aarch64, task_id: 1587, task_name: DASH_ZIP, resource_name: cpu2, ref_start_time: 2116372226809918, ref_stop_time: 2116372226891218, actual_exe_time: 81300, task_app_start_time:2116367583020641, task_sched_time:2116372226801998
app_id: 0, app_name: SAR_api-aarch64, task_id: 1588, task_name: DASH_FFT, resource_name: cpu3, ref_start_time: 2116372227328498, ref_stop_time: 2116372227397289, actual_exe_time: 68791, task_app_start_time:2116367583020641, task_sched_time:2116372227321508
app_id: 0, app_name: SAR_api-aarch64, task_id: 1589, task_name: DASH_ZIP, resource_name: zip1, ref_start_time: 2116372233383579, ref_stop_time: 2116372233513389, actual_exe_time: 129810, task_app_start_time:2116367583020641, task_sched_time:2116372233375989
app_id: 0, app_name: SAR_api-aarch64, task_id: 1590, task_name: DASH_FFT, resource_name: cpu1, ref_start_time: 2116372234058670, ref_stop_time: 2116372234110540, actual_exe_time: 51870, task_app_start_time:2116367583020641, task_sched_time:2116372234050510
app_id: 0, app_name: SAR_api-aarch64, task_id: 1591, task_name: DASH_ZIP, resource_name: cpu2, ref_start_time: 2116372234612830, ref_stop_time: 2116372234688070, actual_exe_time: 75240, task_app_start_time:2116367583020641, task_sched_time:2116372234608030
app_id: 0, app_name: SAR_api-aarch64, task_id: 1592, task_name: DASH_FFT, resource_name: cpu3, ref_start_time: 2116372238740230, ref_stop_time: 2116372238813100, actual_exe_time: 72870, task_app_start_time:2116367583020641, task_sched_time:2116372238733480
app_id: 0, app_name: SAR_api-aarch64, task_id: 1593, task_name: DASH_ZIP, resource_name: zip1, ref_start_time: 2116372243185751, ref_stop_time: 2116372243311901, actual_exe_time: 126150, task_app_start_time:2116367583020641, task_sched_time:2116372243175941
app_id: 0, app_name: SAR_api-aarch64, task_id: 1594, task_name: DASH_FFT, resource_name: cpu1, ref_start_time: 2116372246730312, ref_stop_time: 2116372246782602, actual_exe_time: 52290, task_app_start_time:2116367583020641, task_sched_time:2116372246719122
app_id: 0, app_name: SAR_api-aarch64, task_id: 1595, task_name: DASH_ZIP, resource_name: cpu2, ref_start_time: 2116372249506842, ref_stop_time: 2116372249583642, actual_exe_time: 76800, task_app_start_time:2116367583020641, task_sched_time:2116372249501922
app_id: 0, app_name: SAR_api-aarch64, task_id: 1596, task_name: DASH_FFT, resource_name: cpu3, ref_start_time: 2116372249971422, ref_stop_time: 2116372250041982, actual_exe_time: 70560, task_app_start_time:2116367583020641, task_sched_time:2116372249963952
app_id: 0, app_name: SAR_api-aarch64, task_id: 1597, task_name: DASH_ZIP, resource_name: zip1, ref_start_time: 2116372255146003, ref_stop_time: 2116372255274433, actual_exe_time: 128430, task_app_start_time:2116367583020641, task_sched_time:2116372255138443
app_id: 0, app_name: SAR_api-aarch64, task_id: 1598, task_name: DASH_FFT, resource_name: cpu1, ref_start_time: 2116372255742103, ref_stop_time: 2116372255792563, actual_exe_time: 50460, task_app_start_time:2116367583020641, task_sched_time:2116372255729173
app_id: 0, app_name: SAR_api-aarch64, task_id: 1599, task_name: DASH_ZIP, resource_name: cpu2, ref_start_time: 2116372258564084, ref_stop_time: 2116372258640764, actual_exe_time: 76680, task_app_start_time:2116367583020641, task_sched_time:2116372258557154
app_id: 0, app_name: SAR_api-aarch64, task_id: 1600, task_name: DASH_FFT, resource_name: cpu3, ref_start_time: 2116372262894824, ref_stop_time: 2116372262969224, actual_exe_time: 74400, task_app_start_time:2116367583020641, task_sched_time:2116372262888854
app_id: 0, app_name: SAR_api-aarch64, task_id: 1601, task_name: DASH_ZIP, resource_name: zip1, ref_start_time: 2116372265061725, ref_stop_time: 2116372265188295, actual_exe_time: 126570, task_app_start_time:2116367583020641, task_sched_time:2116372265055545
app_id: 0, app_name: SAR_api-aarch64, task_id: 1602, task_name: DASH_FFT, resource_name: cpu1, ref_start_time: 2116372265403485, ref_stop_time: 2116372265452505, actual_exe_time: 49020, task_app_start_time:2116367583020641, task_sched_time:2116372265395235
app_id: 0, app_name: SAR_api-aarch64, task_id: 1603, task_name: DASH_ZIP, resource_name: cpu2, ref_start_time: 2116372270666685, ref_stop_time: 2116372270746725, actual_exe_time: 80040, task_app_start_time:2116367583020641, task_sched_time:2116372270661135
app_id: 0, app_name: SAR_api-aarch64, task_id: 1604, task_name: DASH_FFT, resource_name: cpu3, ref_start_time: 2116372274538816, ref_stop_time: 2116372274755026, actual_exe_time: 216210, task_app_start_time:2116367583020641, task_sched_time:2116372274519796
app_id: 0, app_name: SAR_api-aarch64, task_id: 1605, task_name: DASH_ZIP, resource_name: zip1, ref_start_time: 2116372278507847, ref_stop_time: 2116372278633907, actual_exe_time: 126060, task_app_start_time:2116367583020641, task_sched_time:2116372278493477
app_id: 0, app_name: SAR_api-aarch64, task_id: 1606, task_name: DASH_FFT, resource_name: cpu1, ref_start_time: 2116372279229347, ref_stop_time: 2116372279279777, actual_exe_time: 50430, task_app_start_time:2116367583020641, task_sched_time:2116372279134697
app_id: 0, app_name: SAR_api-aarch64, task_id: 1607, task_name: DASH_ZIP, resource_name: cpu2, ref_start_time: 2116372283239927, ref_stop_time: 2116372283320118, actual_exe_time: 80191, task_app_start_time:2116367583020641, task_sched_time:2116372283234917
app_id: 0, app_name: SAR_api-aarch64, task_id: 1608, task_name: DASH_FFT, resource_name: cpu3, ref_start_time: 2116372290506859, ref_stop_time: 2116372290588969, actual_exe_time: 82110, task_app_start_time:2116367583020641, task_sched_time:2116372284445058
app_id: 0, app_name: SAR_api-aarch64, task_id: 1609, task_name: DASH_ZIP, resource_name: zip1, ref_start_time: 2116372290984249, ref_stop_time: 2116372291108149, actual_exe_time: 123900, task_app_start_time:2116367583020641, task_sched_time:2116372290975579
app_id: 0, app_name: SAR_api-aarch64, task_id: 1610, task_name: DASH_FFT, resource_name: cpu1, ref_start_time: 2116372292155599, ref_stop_time: 2116372292201589, actual_exe_time: 45990, task_app_start_time:2116367583020641, task_sched_time:2116372292113959
app_id: 0, app_name: SAR_api-aarch64, task_id: 1611, task_name: DASH_ZIP, resource_name: cpu2, ref_start_time: 2116372294723989, ref_stop_time: 2116372294800759, actual_exe_time: 76770, task_app_start_time:2116367583020641, task_sched_time:2116372294718409
app_id: 0, app_name: SAR_api-aarch64, task_id: 1612, task_name: DASH_FFT, resource_name: cpu3, ref_start_time: 2116372299180670, ref_stop_time: 2116372299258490, actual_exe_time: 77820, task_app_start_time:2116367583020641, task_sched_time:2116372299170290
app_id: 0, app_name: SAR_api-aarch64, task_id: 1613, task_name: DASH_ZIP, resource_name: zip1, ref_start_time: 2116372300169410, ref_stop_time: 2116372300293700, actual_exe_time: 124290, task_app_start_time:2116367583020641, task_sched_time:2116372300162690
app_id: 0, app_name: SAR_api-aarch64, task_id: 1614, task_name: DASH_FFT, resource_name: cpu1, ref_start_time: 2116372306859651, ref_stop_time: 2116372306915931, actual_exe_time: 56280, task_app_start_time:2116367583020641, task_sched_time:2116372306853711
app_id: 0, app_name: SAR_api-aarch64, task_id: 1615, task_name: DASH_ZIP, resource_name: cpu2, ref_start_time: 2116372307660141, ref_stop_time: 2116372307737361, actual_exe_time: 77220, task_app_start_time:2116367583020641, task_sched_time:2116372307655401
app_id: 0, app_name: SAR_api-aarch64, task_id: 1616, task_name: DASH_FFT, resource_name: cpu3, ref_start_time: 2116372307864531, ref_stop_time: 2116372307924861, actual_exe_time: 60330, task_app_start_time:2116367583020641, task_sched_time:2116372307854601
app_id: 0, app_name: SAR_api-aarch64, task_id: 1617, task_name: DASH_ZIP, resource_name: zip1, ref_start_time: 2116372308734292, ref_stop_time: 2116372308855942, actual_exe_time: 121650, task_app_start_time:2116367583020641, task_sched_time:2116372308728742
app_id: 0, app_name: SAR_api-aarch64, task_id: 1618, task_name: DASH_FFT, resource_name: cpu1, ref_start_time: 2116372311471432, ref_stop_time: 2116372311519102, actual_exe_time: 47670, task_app_start_time:2116367583020641, task_sched_time:2116372311341952
app_id: 0, app_name: SAR_api-aarch64, task_id: 1619, task_name: DASH_ZIP, resource_name: cpu2, ref_start_time: 2116372314550963, ref_stop_time: 2116372314720763, actual_exe_time: 169800, task_app_start_time:2116367583020641, task_sched_time:2116372314542773
app_id: 0, app_name: SAR_api-aarch64, task_id: 1620, task_name: DASH_FFT, resource_name: cpu3, ref_start_time: 2116372315191463, ref_stop_time: 2116372315262053, actual_exe_time: 70590, task_app_start_time:2116367583020641, task_sched_time:2116372315187473
app_id: 0, app_name: SAR_api-aarch64, task_id: 1621, task_name: DASH_ZIP, resource_name: zip1, ref_start_time: 2116372316993653, ref_stop_time: 2116372317119623, actual_exe_time: 125970, task_app_start_time:2116367583020641, task_sched_time:2116372316988403
app_id: 0, app_name: SAR_api-aarch64, task_id: 1622, task_name: DASH_FFT, resource_name: cpu1, ref_start_time: 2116372317516763, ref_stop_time: 2116372317565813, actual_exe_time: 49050, task_app_start_time:2116367583020641, task_sched_time:2116372317509503
app_id: 0, app_name: SAR_api-aarch64, task_id: 1623, task_name: DASH_ZIP, resource_name: cpu2, ref_start_time: 2116372322541254, ref_stop_time: 2116372322625014, actual_exe_time: 83760, task_app_start_time:2116367583020641, task_sched_time:2116372318203193
app_id: 0, app_name: SAR_api-aarch64, task_id: 1624, task_name: DASH_FFT, resource_name: cpu3, ref_start_time: 2116372323068354, ref_stop_time: 2116372323138104, actual_exe_time: 69750, task_app_start_time:2116367583020641, task_sched_time:2116372323059114
app_id: 0, app_name: SAR_api-aarch64, task_id: 1625, task_name: DASH_ZIP, resource_name: zip1, ref_start_time: 2116372323883394, ref_stop_time: 2116372324009244, actual_exe_time: 125850, task_app_start_time:2116367583020641, task_sched_time:2116372323878504
app_id: 0, app_name: SAR_api-aarch64, task_id: 1626, task_name: DASH_FFT, resource_name: cpu1, ref_start_time: 2116372324320134, ref_stop_time: 2116372324364504, actual_exe_time: 44370, task_app_start_time:2116367583020641, task_sched_time:2116372324308824
app_id: 0, app_name: SAR_api-aarch64, task_id: 1627, task_name: DASH_ZIP, resource_name: cpu2, ref_start_time: 2116372327971825, ref_stop_time: 2116372328052165, actual_exe_time: 80340, task_app_start_time:2116367583020641, task_sched_time:2116372325048534
app_id: 0, app_name: SAR_api-aarch64, task_id: 1628, task_name: DASH_FFT, resource_name: cpu3, ref_start_time: 2116372328613375, ref_stop_time: 2116372328683845, actual_exe_time: 70470, task_app_start_time:2116367583020641, task_sched_time:2116372328608005
app_id: 0, app_name: SAR_api-aarch64, task_id: 1629, task_name: DASH_ZIP, resource_name: zip1, ref_start_time: 2116372329336765, ref_stop_time: 2116372329463725, actual_exe_time: 126960, task_app_start_time:2116367583020641, task_sched_time:2116372329332115
app_id: 0, app_name: SAR_api-aarch64, task_id: 1630, task_name: DASH_FFT, resource_name: cpu1, ref_start_time: 2116372333449046, ref_stop_time: 2116372333506106, actual_exe_time: 57060, task_app_start_time:2116367583020641, task_sched_time:2116372333437676
app_id: 0, app_name: SAR_api-aarch64, task_id: 1631, task_name: DASH_ZIP, resource_name: cpu2, ref_start_time: 2116372338988186, ref_stop_time: 2116372339066966, actual_exe_time: 78780, task_app_start_time:2116367583020641, task_sched_time:2116372338982846
app_id: 0, app_name: SAR_api-aarch64, task_id: 1632, task_name: DASH_FFT, resource_name: cpu3, ref_start_time: 2116372339577087, ref_stop_time: 2116372339648247, actual_exe_time: 71160, task_app_start_time:2116367583020641, task_sched_time:2116372339569947
app_id: 0, app_name: SAR_api-aarch64, task_id: 1633, task_name: DASH_ZIP, resource_name: zip1, ref_start_time: 2116372340393987, ref_stop_time: 2116372340517377, actual_exe_time: 123390, task_app_start_time:2116367583020641, task_sched_time:2116372340387297
app_id: 0, app_name: SAR_api-aarch64, task_id: 1634, task_name: DASH_FFT, resource_name: cpu1, ref_start_time: 2116372340827757, ref_stop_time: 2116372340871917, actual_exe_time: 44160, task_app_start_time:2116367583020641, task_sched_time:2116372340783957
app_id: 0, app_name: SAR_api-aarch64, task_id: 1635, task_name: DASH_ZIP, resource_name: cpu2, ref_start_time: 2116372341596297, ref_stop_time: 2116372341669347, actual_exe_time: 73050, task_app_start_time:2116367583020641, task_sched_time:2116372341585467
app_id: 0, app_name: SAR_api-aarch64, task_id: 1636, task_name: DASH_FFT, resource_name: cpu3, ref_start_time: 2116372345023257, ref_stop_time: 2116372345092377, actual_exe_time: 69120, task_app_start_time:2116367583020641, task_sched_time:2116372345013627
app_id: 0, app_name: SAR_api-aarch64, task_id: 1637, task_name: DASH_ZIP, resource_name: zip1, ref_start_time: 2116372345924968, ref_stop_time: 2116372346048328, actual_exe_time: 123360, task_app_start_time:2116367583020641, task_sched_time:2116372345919778
app_id: 0, app_name: SAR_api-aarch64, task_id: 1638, task_name: DASH_FFT, resource_name: cpu1, ref_start_time: 2116372346580078, ref_stop_time: 2116372346630448, actual_exe_time: 50370, task_app_start_time:2116367583020641, task_sched_time:2116372346503428
app_id: 0, app_name: SAR_api-aarch64, task_id: 1639, task_name: DASH_ZIP, resource_name: cpu2, ref_start_time: 2116372350792048, ref_stop_time: 2116372350874218, actual_exe_time: 82170, task_app_start_time:2116367583020641, task_sched_time:2116372350785298
app_id: 0, app_name: SAR_api-aarch64, task_id: 1640, task_name: DASH_FFT, resource_name: cpu3, ref_start_time: 2116372351053528, ref_stop_time: 2116372351121778, actual_exe_time: 68250, task_app_start_time:2116367583020641, task_sched_time:2116372351044888
app_id: 0, app_name: SAR_api-aarch64, task_id: 1641, task_name: DASH_ZIP, resource_name: zip1, ref_start_time: 2116372352119129, ref_stop_time: 2116372352242429, actual_exe_time: 123300, task_app_start_time:2116367583020641, task_sched_time:2116372352113609
app_id: 0, app_name: SAR_api-aarch64, task_id: 1642, task_name: DASH_FFT, resource_name: cpu1, ref_start_time: 2116372358625500, ref_stop_time: 2116372358685770, actual_exe_time: 60270, task_app_start_time:2116367583020641, task_sched_time:2116372358615210
app_id: 0, app_name: SAR_api-aarch64, task_id: 1643, task_name: DASH_ZIP, resource_name: cpu2, ref_start_time: 2116372359475010, ref_stop_time: 2116372359550790, actual_exe_time: 75780, task_app_start_time:2116367583020641, task_sched_time:2116372359466070
app_id: 0, app_name: SAR_api-aarch64, task_id: 1644, task_name: DASH_FFT, resource_name: cpu3, ref_start_time: 2116372359960920, ref_stop_time: 2116372360029740, actual_exe_time: 68820, task_app_start_time:2116367583020641, task_sched_time:2116372359956900
app_id: 0, app_name: SAR_api-aarch64, task_id: 1645, task_name: DASH_ZIP, resource_name: zip1, ref_start_time: 2116372360715600, ref_stop_time: 2116372360838120, actual_exe_time: 122520, task_app_start_time:2116367583020641, task_sched_time:2116372360706360
app_id: 0, app_name: SAR_api-aarch64, task_id: 1646, task_name: DASH_FFT, resource_name: cpu1, ref_start_time: 2116372361282930, ref_stop_time: 2116372361326580, actual_exe_time: 43650, task_app_start_time:2116367583020641, task_sched_time:2116372361275400
app_id: 0, app_name: SAR_api-aarch64, task_id: 1647, task_name: DASH_ZIP, resource_name: cpu2, ref_start_time: 2116372364027300, ref_stop_time: 2116372364104701, actual_exe_time: 77401, task_app_start_time:2116367583020641, task_sched_time:2116372364022350
app_id: 0, app_name: SAR_api-aarch64, task_id: 1648, task_name: DASH_FFT, resource_name: cpu3, ref_start_time: 2116372364722101, ref_stop_time: 2116372364787801, actual_exe_time: 65700, task_app_start_time:2116367583020641, task_sched_time:2116372364717511
app_id: 0, app_name: SAR_api-aarch64, task_id: 1649, task_name: DASH_ZIP, resource_name: zip1, ref_start_time: 2116372365498801, ref_stop_time: 2116372365621981, actual_exe_time: 123180, task_app_start_time:2116367583020641, task_sched_time:2116372365495831
app_id: 0, app_name: SAR_api-aarch64, task_id: 1650, task_name: DASH_FFT, resource_name: cpu1, ref_start_time: 2116372369627461, ref_stop_time: 2116372369683261, actual_exe_time: 55800, task_app_start_time:2116367583020641, task_sched_time:2116372369616901
app_id: 0, app_name: SAR_api-aarch64, task_id: 1651, task_name: DASH_ZIP, resource_name: cpu2, ref_start_time: 2116372370290161, ref_stop_time: 2116372370368312, actual_exe_time: 78151, task_app_start_time:2116367583020641, task_sched_time:2116372370284281
app_id: 0, app_name: SAR_api-aarch64, task_id: 1652, task_name: DASH_FFT, resource_name: cpu3, ref_start_time: 2116372370778022, ref_stop_time: 2116372370841592, actual_exe_time: 63570, task_app_start_time:2116367583020641, task_sched_time:2116372370768782
app_id: 0, app_name: SAR_api-aarch64, task_id: 1653, task_name: DASH_ZIP, resource_name: zip1, ref_start_time: 2116372371398182, ref_stop_time: 2116372371523672, actual_exe_time: 125490, task_app_start_time:2116367583020641, task_sched_time:2116372371393052
app_id: 0, app_name: SAR_api-aarch64, task_id: 1654, task_name: DASH_FFT, resource_name: cpu1, ref_start_time: 2116372372292002, ref_stop_time: 2116372372341532, actual_exe_time: 49530, task_app_start_time:2116367583020641, task_sched_time:2116372372242022
app_id: 0, app_name: SAR_api-aarch64, task_id: 1655, task_name: DASH_ZIP, resource_name: cpu2, ref_start_time: 2116372374540382, ref_stop_time: 2116372374618322, actual_exe_time: 77940, task_app_start_time:2116367583020641, task_sched_time:2116372372571152
app_id: 0, app_name: SAR_api-aarch64, task_id: 1656, task_name: DASH_FFT, resource_name: cpu3, ref_start_time: 2116372378694093, ref_stop_time: 2116372378768103, actual_exe_time: 74010, task_app_start_time:2116367583020641, task_sched_time:2116372378688753
app_id: 0, app_name: SAR_api-aarch64, task_id: 1657, task_name: DASH_ZIP, resource_name: zip1, ref_start_time: 2116372379814563, ref_stop_time: 2116372379939183, actual_exe_time: 124620, task_app_start_time:2116367583020641, task_sched_time:2116372379805293
app_id: 0, app_name: SAR_api-aarch64, task_id: 1658, task_name: DASH_FFT, resource_name: cpu1, ref_start_time: 2116372381873103, ref_stop_time: 2116372381922123, actual_exe_time: 49020, task_app_start_time:2116367583020641, task_sched_time:2116372381772303
app_id: 0, app_name: SAR_api-aarch64, task_id: 1659, task_name: DASH_ZIP, resource_name: cpu2, ref_start_time: 2116372382568653, ref_stop_time: 2116372382644223, actual_exe_time: 75570, task_app_start_time:2116367583020641, task_sched_time:2116372382562653
app_id: 0, app_name: SAR_api-aarch64, task_id: 1660, task_name: DASH_FFT, resource_name: cpu3, ref_start_time: 2116372383142944, ref_stop_time: 2116372383204924, actual_exe_time: 61980, task_app_start_time:2116367583020641, task_sched_time:2116372383139704
app_id: 0, app_name: SAR_api-aarch64, task_id: 1661, task_name: DASH_ZIP, resource_name: zip1, ref_start_time: 2116372383776304, ref_stop_time: 2116372383898284, actual_exe_time: 121980, task_app_start_time:2116367583020641, task_sched_time:2116372383772944
app_id: 0, app_name: SAR_api-aarch64, task_id: 1662, task_name: DASH_FFT, resource_name: cpu1, ref_start_time: 2116372384308834, ref_stop_time: 2116372384355394, actual_exe_time: 46560, task_app_start_time:2116367583020641, task_sched_time:2116372384167264
app_id: 0, app_name: SAR_api-aarch64, task_id: 1663, task_name: DASH_ZIP, resource_name: cpu2, ref_start_time: 2116372386541134, ref_stop_time: 2116372386621024, actual_exe_time: 79890, task_app_start_time:2116367583020641, task_sched_time:2116372385028534
app_id: 0, app_name: SAR_api-aarch64, task_id: 1664, task_name: DASH_FFT, resource_name: cpu3, ref_start_time: 2116372387111704, ref_stop_time: 2116372387177764, actual_exe_time: 66060, task_app_start_time:2116367583020641, task_sched_time:2116372387105944
app_id: 0, app_name: SAR_api-aarch64, task_id: 1665, task_name: DASH_ZIP, resource_name: zip1, ref_start_time: 2116372387833144, ref_stop_time: 2116372387958844, actual_exe_time: 125700, task_app_start_time:2116367583020641, task_sched_time:2116372387823754
app_id: 0, app_name: SAR_api-aarch64, task_id: 1666, task_name: DASH_FFT, resource_name: cpu1, ref_start_time: 2116372388393694, ref_stop_time: 2116372388442114, actual_exe_time: 48420, task_app_start_time:2116367583020641, task_sched_time:2116372388385984
app_id: 0, app_name: SAR_api-aarch64, task_id: 1667, task_name: DASH_ZIP, resource_name: cpu2, ref_start_time: 2116372390660105, ref_stop_time: 2116372390740595, actual_exe_time: 80490, task_app_start_time:2116367583020641, task_sched_time:2116372388922294
app_id: 0, app_name: SAR_api-aarch64, task_id: 1668, task_name: DASH_FFT, resource_name: cpu3, ref_start_time: 2116372391069575, ref_stop_time: 2116372391134135, actual_exe_time: 64560, task_app_start_time:2116367583020641, task_sched_time:2116372391065315
app_id: 0, app_name: SAR_api-aarch64, task_id: 1669, task_name: DASH_ZIP, resource_name: zip1, ref_start_time: 2116372392206965, ref_stop_time: 2116372392329845, actual_exe_time: 122880, task_app_start_time:2116367583020641, task_sched_time:2116372392197275
app_id: 0, app_name: SAR_api-aarch64, task_id: 1670, task_name: DASH_FFT, resource_name: cpu1, ref_start_time: 2116372392565195, ref_stop_time: 2116372392610825, actual_exe_time: 45630, task_app_start_time:2116367583020641, task_sched_time:2116372392497035
app_id: 0, app_name: SAR_api-aarch64, task_id: 1671, task_name: DASH_ZIP, resource_name: cpu2, ref_start_time: 2116372394524465, ref_stop_time: 2116372394600545, actual_exe_time: 76080, task_app_start_time:2116367583020641, task_sched_time:2116372393308115
app_id: 0, app_name: SAR_api-aarch64, task_id: 1672, task_name: DASH_FFT, resource_name: cpu3, ref_start_time: 2116372395011425, ref_stop_time: 2116372395076735, actual_exe_time: 65310, task_app_start_time:2116367583020641, task_sched_time:2116372395005095
app_id: 0, app_name: SAR_api-aarch64, task_id: 1673, task_name: DASH_ZIP, resource_name: zip1, ref_start_time: 2116372395676196, ref_stop_time: 2116372395800516, actual_exe_time: 124320, task_app_start_time:2116367583020641, task_sched_time:2116372395666626
app_id: 0, app_name: SAR_api-aarch64, task_id: 1674, task_name: DASH_FFT, resource_name: cpu1, ref_start_time: 2116372396395746, ref_stop_time: 2116372396440566, actual_exe_time: 44820, task_app_start_time:2116367583020641, task_sched_time:2116372396381676
app_id: 0, app_name: SAR_api-aarch64, task_id: 1675, task_name: DASH_ZIP, resource_name: cpu2, ref_start_time: 2116372398526286, ref_stop_time: 2116372398604886, actual_exe_time: 78600, task_app_start_time:2116367583020641, task_sched_time:2116372396965896
app_id: 0, app_name: SAR_api-aarch64, task_id: 1676, task_name: DASH_FFT, resource_name: cpu3, ref_start_time: 2116372399011926, ref_stop_time: 2116372399072016, actual_exe_time: 60090, task_app_start_time:2116367583020641, task_sched_time:2116372399004126
app_id: 0, app_name: SAR_api-aarch64, task_id: 1677, task_name: DASH_ZIP, resource_name: zip1, ref_start_time: 2116372399640456, ref_stop_time: 2116372399762016, actual_exe_time: 121560, task_app_start_time:2116367583020641, task_sched_time:2116372399631456
app_id: 0, app_name: SAR_api-aarch64, task_id: 1678, task_name: DASH_FFT, resource_name: cpu1, ref_start_time: 2116372400161736, ref_stop_time: 2116372400205446, actual_exe_time: 43710, task_app_start_time:2116367583020641, task_sched_time:2116372400144516
app_id: 0, app_name: SAR_api-aarch64, task_id: 1679, task_name: DASH_ZIP, resource_name: cpu2, ref_start_time: 2116372400837426, ref_stop_time: 2116372400914166, actual_exe_time: 76740, task_app_start_time:2116367583020641, task_sched_time:2116372400833406
app_id: 0, app_name: SAR_api-aarch64, task_id: 1680, task_name: DASH_FFT, resource_name: cpu3, ref_start_time: 2116372401250556, ref_stop_time: 2116372401313766, actual_exe_time: 63210, task_app_start_time:2116367583020641, task_sched_time:2116372401246566
app_id: 0, app_name: SAR_api-aarch64, task_id: 1681, task_name: DASH_ZIP, resource_name: zip1, ref_start_time: 2116372402940967, ref_stop_time: 2116372403066457, actual_exe_time: 125490, task_app_start_time:2116367583020641, task_sched_time:2116372402933977
app_id: 0, app_name: SAR_api-aarch64, task_id: 1682, task_name: DASH_FFT, resource_name: cpu1, ref_start_time: 2116372406966067, ref_stop_time: 2116372407021537, actual_exe_time: 55470, task_app_start_time:2116367583020641, task_sched_time:2116372406956527
app_id: 0, app_name: SAR_api-aarch64, task_id: 1683, task_name: DASH_ZIP, resource_name: cpu2, ref_start_time: 2116372407603118, ref_stop_time: 2116372407679348, actual_exe_time: 76230, task_app_start_time:2116367583020641, task_sched_time:2116372407597298
app_id: 0, app_name: SAR_api-aarch64, task_id: 1684, task_name: DASH_FFT, resource_name: cpu3, ref_start_time: 2116372408110898, ref_stop_time: 2116372408174678, actual_exe_time: 63780, task_app_start_time:2116367583020641, task_sched_time:2116372408103578
app_id: 0, app_name: SAR_api-aarch64, task_id: 1685, task_name: DASH_ZIP, resource_name: zip1, ref_start_time: 2116372415189729, ref_stop_time: 2116372415318639, actual_exe_time: 128910, task_app_start_time:2116367583020641, task_sched_time:2116372415184449
app_id: 0, app_name: SAR_api-aarch64, task_id: 1686, task_name: DASH_FFT, resource_name: cpu1, ref_start_time: 2116372415912039, ref_stop_time: 2116372415961209, actual_exe_time: 49170, task_app_start_time:2116367583020641, task_sched_time:2116372415907449
app_id: 0, app_name: SAR_api-aarch64, task_id: 1687, task_name: DASH_ZIP, resource_name: cpu2, ref_start_time: 2116372416447449, ref_stop_time: 2116372416522569, actual_exe_time: 75120, task_app_start_time:2116367583020641, task_sched_time:2116372416441809
app_id: 0, app_name: SAR_api-aarch64, task_id: 1688, task_name: DASH_FFT, resource_name: cpu3, ref_start_time: 2116372416945209, ref_stop_time: 2116372417021799, actual_exe_time: 76590, task_app_start_time:2116367583020641, task_sched_time:2116372416940979
app_id: 0, app_name: SAR_api-aarch64, task_id: 1689, task_name: DASH_ZIP, resource_name: zip1, ref_start_time: 2116372417873259, ref_stop_time: 2116372417993619, actual_exe_time: 120360, task_app_start_time:2116367583020641, task_sched_time:2116372417865699
app_id: 0, app_name: SAR_api-aarch64, task_id: 1690, task_name: DASH_FFT, resource_name: cpu1, ref_start_time: 2116372419948449, ref_stop_time: 2116372419999989, actual_exe_time: 51540, task_app_start_time:2116367583020641, task_sched_time:2116372419942059
app_id: 0, app_name: SAR_api-aarch64, task_id: 1691, task_name: DASH_ZIP, resource_name: cpu2, ref_start_time: 2116372420391250, ref_stop_time: 2116372420467630, actual_exe_time: 76380, task_app_start_time:2116367583020641, task_sched_time:2116372420387320
app_id: 0, app_name: SAR_api-aarch64, task_id: 1692, task_name: DASH_FFT, resource_name: cpu3, ref_start_time: 2116372421019120, ref_stop_time: 2116372421080410, actual_exe_time: 61290, task_app_start_time:2116367583020641, task_sched_time:2116372421010480
app_id: 0, app_name: SAR_api-aarch64, task_id: 1693, task_name: DASH_ZIP, resource_name: zip1, ref_start_time: 2116372426692781, ref_stop_time: 2116372426821571, actual_exe_time: 128790, task_app_start_time:2116367583020641, task_sched_time:2116372426687111
app_id: 0, app_name: SAR_api-aarch64, task_id: 1694, task_name: DASH_FFT, resource_name: cpu1, ref_start_time: 2116372427407381, ref_stop_time: 2116372427457271, actual_exe_time: 49890, task_app_start_time:2116367583020641, task_sched_time:2116372427393521
app_id: 0, app_name: SAR_api-aarch64, task_id: 1695, task_name: DASH_ZIP, resource_name: cpu2, ref_start_time: 2116372427999461, ref_stop_time: 2116372428074191, actual_exe_time: 74730, task_app_start_time:2116367583020641, task_sched_time:2116372427995141
app_id: 0, app_name: SAR_api-aarch64, task_id: 1696, task_name: DASH_FFT, resource_name: cpu3, ref_start_time: 2116372428413311, ref_stop_time: 2116372428476431, actual_exe_time: 63120, task_app_start_time:2116367583020641, task_sched_time:2116372428407281
app_id: 0, app_name: SAR_api-aarch64, task_id: 1697, task_name: DASH_ZIP, resource_name: zip1, ref_start_time: 2116372429160881, ref_stop_time: 2116372429283851, actual_exe_time: 122970, task_app_start_time:2116367583020641, task_sched_time:2116372429154041
app_id: 0, app_name: SAR_api-aarch64, task_id: 1698, task_name: DASH_FFT, resource_name: cpu1, ref_start_time: 2116372434930302, ref_stop_time: 2116372434984302, actual_exe_time: 54000, task_app_start_time:2116367583020641, task_sched_time:2116372434916532
app_id: 0, app_name: SAR_api-aarch64, task_id: 1699, task_name: DASH_ZIP, resource_name: cpu2, ref_start_time: 2116372435544222, ref_stop_time: 2116372435775132, actual_exe_time: 230910, task_app_start_time:2116367583020641, task_sched_time:2116372435540502
app_id: 0, app_name: SAR_api-aarch64, task_id: 1700, task_name: DASH_FFT, resource_name: cpu3, ref_start_time: 2116372436190422, ref_stop_time: 2116372436256452, actual_exe_time: 66030, task_app_start_time:2116367583020641, task_sched_time:2116372436183672
app_id: 0, app_name: SAR_api-aarch64, task_id: 1701, task_name: DASH_ZIP, resource_name: zip1, ref_start_time: 2116372437041222, ref_stop_time: 2116372437162782, actual_exe_time: 121560, task_app_start_time:2116367583020641, task_sched_time:2116372437032252
app_id: 0, app_name: SAR_api-aarch64, task_id: 1702, task_name: DASH_FFT, resource_name: cpu1, ref_start_time: 2116372437547952, ref_stop_time: 2116372437592742, actual_exe_time: 44790, task_app_start_time:2116367583020641, task_sched_time:2116372437540182
app_id: 0, app_name: SAR_api-aarch64, task_id: 1703, task_name: DASH_ZIP, resource_name: cpu2, ref_start_time: 2116372440239373, ref_stop_time: 2116372440316383, actual_exe_time: 77010, task_app_start_time:2116367583020641, task_sched_time:2116372440230523
app_id: 0, app_name: SAR_api-aarch64, task_id: 1704, task_name: DASH_FFT, resource_name: cpu3, ref_start_time: 2116372440787743, ref_stop_time: 2116372440854133, actual_exe_time: 66390, task_app_start_time:2116367583020641, task_sched_time:2116372440784953
app_id: 0, app_name: SAR_api-aarch64, task_id: 1705, task_name: DASH_ZIP, resource_name: zip1, ref_start_time: 2116372441574523, ref_stop_time: 2116372441696743, actual_exe_time: 122220, task_app_start_time:2116367583020641, task_sched_time:2116372441569063
app_id: 0, app_name: SAR_api-aarch64, task_id: 1706, task_name: DASH_FFT, resource_name: cpu1, ref_start_time: 2116372445109064, ref_stop_time: 2116372445168074, actual_exe_time: 59010, task_app_start_time:2116367583020641, task_sched_time:2116372445098624
app_id: 0, app_name: SAR_api-aarch64, task_id: 1707, task_name: DASH_ZIP, resource_name: cpu2, ref_start_time: 2116372445991064, ref_stop_time: 2116372446067894, actual_exe_time: 76830, task_app_start_time:2116367583020641, task_sched_time:2116372445985784
app_id: 0, app_name: SAR_api-aarch64, task_id: 1708, task_name: DASH_FFT, resource_name: cpu3, ref_start_time: 2116372446395854, ref_stop_time: 2116372446458764, actual_exe_time: 62910, task_app_start_time:2116367583020641, task_sched_time:2116372446389314
app_id: 0, app_name: SAR_api-aarch64, task_id: 1709, task_name: DASH_ZIP, resource_name: zip1, ref_start_time: 2116372450912564, ref_stop_time: 2116372451041654, actual_exe_time: 129090, task_app_start_time:2116367583020641, task_sched_time:2116372450905034
app_id: 0, app_name: SAR_api-aarch64, task_id: 1710, task_name: DASH_FFT, resource_name: cpu1, ref_start_time: 2116372451582525, ref_stop_time: 2116372451632115, actual_exe_time: 49590, task_app_start_time:2116367583020641, task_sched_time:2116372451540615
app_id: 0, app_name: SAR_api-aarch64, task_id: 1711, task_name: DASH_ZIP, resource_name: cpu2, ref_start_time: 2116372452126635, ref_stop_time: 2116372452200585, actual_exe_time: 73950, task_app_start_time:2116367583020641, task_sched_time:2116372452123245
app_id: 0, app_name: SAR_api-aarch64, task_id: 1712, task_name: DASH_FFT, resource_name: cpu3, ref_start_time: 2116372452573815, ref_stop_time: 2116372452636005, actual_exe_time: 62190, task_app_start_time:2116367583020641, task_sched_time:2116372452569255
app_id: 0, app_name: SAR_api-aarch64, task_id: 1713, task_name: DASH_ZIP, resource_name: zip1, ref_start_time: 2116372459350066, ref_stop_time: 2116372459476456, actual_exe_time: 126390, task_app_start_time:2116367583020641, task_sched_time:2116372459342596
app_id: 0, app_name: SAR_api-aarch64, task_id: 1714, task_name: DASH_FFT, resource_name: cpu1, ref_start_time: 2116372460171736, ref_stop_time: 2116372460219766, actual_exe_time: 48030, task_app_start_time:2116367583020641, task_sched_time:2116372460159076
app_id: 0, app_name: SAR_api-aarch64, task_id: 1715, task_name: DASH_ZIP, resource_name: cpu2, ref_start_time: 2116372460805606, ref_stop_time: 2116372460879526, actual_exe_time: 73920, task_app_start_time:2116367583020641, task_sched_time:2116372460798976
app_id: 0, app_name: SAR_api-aarch64, task_id: 1716, task_name: DASH_FFT, resource_name: cpu3, ref_start_time: 2116372461201876, ref_stop_time: 2116372461260886, actual_exe_time: 59010, task_app_start_time:2116367583020641, task_sched_time:2116372461195906
app_id: 0, app_name: SAR_api-aarch64, task_id: 1717, task_name: DASH_ZIP, resource_name: zip1, ref_start_time: 2116372462153986, ref_stop_time: 2116372462277046, actual_exe_time: 123060, task_app_start_time:2116367583020641, task_sched_time:2116372462147146
app_id: 0, app_name: SAR_api-aarch64, task_id: 1718, task_name: DASH_FFT, resource_name: cpu1, ref_start_time: 2116372466816767, ref_stop_time: 2116372466876047, actual_exe_time: 59280, task_app_start_time:2116367583020641, task_sched_time:2116372466810527
app_id: 0, app_name: SAR_api-aarch64, task_id: 1719, task_name: DASH_ZIP, resource_name: cpu2, ref_start_time: 2116372467505657, ref_stop_time: 2116372467581497, actual_exe_time: 75840, task_app_start_time:2116367583020641, task_sched_time:2116372467498787
app_id: 0, app_name: SAR_api-aarch64, task_id: 1720, task_name: DASH_FFT, resource_name: cpu3, ref_start_time: 2116372468081207, ref_stop_time: 2116372468144747, actual_exe_time: 63540, task_app_start_time:2116367583020641, task_sched_time:2116372468072927
app_id: 0, app_name: SAR_api-aarch64, task_id: 1721, task_name: DASH_ZIP, resource_name: zip1, ref_start_time: 2116372471436228, ref_stop_time: 2116372471558838, actual_exe_time: 122610, task_app_start_time:2116367583020641, task_sched_time:2116372471425698
app_id: 0, app_name: SAR_api-aarch64, task_id: 1722, task_name: DASH_FFT, resource_name: cpu1, ref_start_time: 2116372474794218, ref_stop_time: 2116372474844408, actual_exe_time: 50190, task_app_start_time:2116367583020641, task_sched_time:2116372474771178
app_id: 0, app_name: SAR_api-aarch64, task_id: 1723, task_name: DASH_ZIP, resource_name: cpu2, ref_start_time: 2116372475450198, ref_stop_time: 2116372475531528, actual_exe_time: 81330, task_app_start_time:2116367583020641, task_sched_time:2116372475435138
app_id: 0, app_name: SAR_api-aarch64, task_id: 1724, task_name: DASH_FFT, resource_name: cpu3, ref_start_time: 2116372478490399, ref_stop_time: 2116372478560299, actual_exe_time: 69900, task_app_start_time:2116367583020641, task_sched_time:2116372478467179
app_id: 0, app_name: SAR_api-aarch64, task_id: 1725, task_name: DASH_ZIP, resource_name: zip1, ref_start_time: 2116372479068949, ref_stop_time: 2116372479195189, actual_exe_time: 126240, task_app_start_time:2116367583020641, task_sched_time:2116372479063219
app_id: 0, app_name: SAR_api-aarch64, task_id: 1726, task_name: DASH_FFT, resource_name: cpu1, ref_start_time: 2116372482904120, ref_stop_time: 2116372482960160, actual_exe_time: 56040, task_app_start_time:2116367583020641, task_sched_time:2116372482883360
app_id: 0, app_name: SAR_api-aarch64, task_id: 1727, task_name: DASH_ZIP, resource_name: cpu2, ref_start_time: 2116372486593460, ref_stop_time: 2116372486680430, actual_exe_time: 86970, task_app_start_time:2116367583020641, task_sched_time:2116372486586410
app_id: 0, app_name: SAR_api-aarch64, task_id: 1728, task_name: DASH_FFT, resource_name: cpu3, ref_start_time: 2116372490728271, ref_stop_time: 2116372490800901, actual_exe_time: 72630, task_app_start_time:2116367583020641, task_sched_time:2116372490724641
app_id: 0, app_name: SAR_api-aarch64, task_id: 1729, task_name: DASH_ZIP, resource_name: zip1, ref_start_time: 2116372493286191, ref_stop_time: 2116372493413361, actual_exe_time: 127170, task_app_start_time:2116367583020641, task_sched_time:2116372493280281
app_id: 0, app_name: SAR_api-aarch64, task_id: 1730, task_name: DASH_FFT, resource_name: cpu1, ref_start_time: 2116372498666572, ref_stop_time: 2116372498722102, actual_exe_time: 55530, task_app_start_time:2116367583020641, task_sched_time:2116372498657662
app_id: 0, app_name: SAR_api-aarch64, task_id: 1731, task_name: DASH_ZIP, resource_name: cpu2, ref_start_time: 2116372502550283, ref_stop_time: 2116372502629633, actual_exe_time: 79350, task_app_start_time:2116367583020641, task_sched_time:2116372502546503
app_id: 0, app_name: SAR_api-aarch64, task_id: 1732, task_name: DASH_FFT, resource_name: cpu3, ref_start_time: 2116372506719083, ref_stop_time: 2116372507085594, actual_exe_time: 366511, task_app_start_time:2116367583020641, task_sched_time:2116372506714403
app_id: 0, app_name: SAR_api-aarch64, task_id: 1733, task_name: DASH_ZIP, resource_name: zip1, ref_start_time: 2116372514659545, ref_stop_time: 2116372514787975, actual_exe_time: 128430, task_app_start_time:2116367583020641, task_sched_time:2116372514650755
app_id: 0, app_name: SAR_api-aarch64, task_id: 1734, task_name: DASH_FFT, resource_name: cpu1, ref_start_time: 2116372518628335, ref_stop_time: 2116372518681075, actual_exe_time: 52740, task_app_start_time:2116367583020641, task_sched_time:2116372518609795
app_id: 0, app_name: SAR_api-aarch64, task_id: 1735, task_name: DASH_ZIP, resource_name: cpu2, ref_start_time: 2116372520859406, ref_stop_time: 2116372520936836, actual_exe_time: 77430, task_app_start_time:2116367583020641, task_sched_time:2116372520851366
app_id: 0, app_name: SAR_api-aarch64, task_id: 1736, task_name: DASH_FFT, resource_name: cpu3, ref_start_time: 2116372527326717, ref_stop_time: 2116372527397037, actual_exe_time: 70320, task_app_start_time:2116367583020641, task_sched_time:2116372527317687
app_id: 0, app_name: SAR_api-aarch64, task_id: 1737, task_name: DASH_ZIP, resource_name: zip1, ref_start_time: 2116372530649577, ref_stop_time: 2116372530775547, actual_exe_time: 125970, task_app_start_time:2116367583020641, task_sched_time:2116372530639887
app_id: 0, app_name: SAR_api-aarch64, task_id: 1738, task_name: DASH_FFT, resource_name: cpu1, ref_start_time: 2116372534261998, ref_stop_time: 2116372534313478, actual_exe_time: 51480, task_app_start_time:2116367583020641, task_sched_time:2116372534256418
app_id: 0, app_name: SAR_api-aarch64, task_id: 1739, task_name: DASH_ZIP, resource_name: cpu2, ref_start_time: 2116372535220978, ref_stop_time: 2116372535298348, actual_exe_time: 77370, task_app_start_time:2116367583020641, task_sched_time:2116372535217078
app_id: 0, app_name: SAR_api-aarch64, task_id: 1740, task_name: DASH_FFT, resource_name: cpu3, ref_start_time: 2116372538600989, ref_stop_time: 2116372538673259, actual_exe_time: 72270, task_app_start_time:2116367583020641, task_sched_time:2116372538590099
app_id: 0, app_name: SAR_api-aarch64, task_id: 1741, task_name: DASH_ZIP, resource_name: zip1, ref_start_time: 2116372542712129, ref_stop_time: 2116372542839959, actual_exe_time: 127830, task_app_start_time:2116367583020641, task_sched_time:2116372542704299
app_id: 0, app_name: SAR_api-aarch64, task_id: 1742, task_name: DASH_FFT, resource_name: cpu1, ref_start_time: 2116372547424200, ref_stop_time: 2116372547474420, actual_exe_time: 50220, task_app_start_time:2116367583020641, task_sched_time:2116372547406500
app_id: 0, app_name: SAR_api-aarch64, task_id: 1743, task_name: DASH_ZIP, resource_name: cpu2, ref_start_time: 2116372549799750, ref_stop_time: 2116372549878380, actual_exe_time: 78630, task_app_start_time:2116367583020641, task_sched_time:2116372549791410
app_id: 0, app_name: SAR_api-aarch64, task_id: 1744, task_name: DASH_FFT, resource_name: cpu3, ref_start_time: 2116372554603831, ref_stop_time: 2116372554675351, actual_exe_time: 71520, task_app_start_time:2116367583020641, task_sched_time:2116372554595671
app_id: 0, app_name: SAR_api-aarch64, task_id: 1745, task_name: DASH_ZIP, resource_name: zip1, ref_start_time: 2116372558889812, ref_stop_time: 2116372559018662, actual_exe_time: 128850, task_app_start_time:2116367583020641, task_sched_time:2116372558881922
app_id: 0, app_name: SAR_api-aarch64, task_id: 1746, task_name: DASH_FFT, resource_name: cpu1, ref_start_time: 2116372562605552, ref_stop_time: 2116372562655982, actual_exe_time: 50430, task_app_start_time:2116367583020641, task_sched_time:2116372562601232
app_id: 0, app_name: SAR_api-aarch64, task_id: 1747, task_name: DASH_ZIP, resource_name: cpu2, ref_start_time: 2116372564149053, ref_stop_time: 2116372564227323, actual_exe_time: 78270, task_app_start_time:2116367583020641, task_sched_time:2116372564139423
app_id: 0, app_name: SAR_api-aarch64, task_id: 1748, task_name: DASH_FFT, resource_name: cpu3, ref_start_time: 2116372566900863, ref_stop_time: 2116372566973853, actual_exe_time: 72990, task_app_start_time:2116367583020641, task_sched_time:2116372566895073
app_id: 0, app_name: SAR_api-aarch64, task_id: 1749, task_name: DASH_ZIP, resource_name: zip1, ref_start_time: 2116372570712994, ref_stop_time: 2116372570974294, actual_exe_time: 261300, task_app_start_time:2116367583020641, task_sched_time:2116372570705884
app_id: 0, app_name: SAR_api-aarch64, task_id: 1750, task_name: DASH_FFT, resource_name: cpu1, ref_start_time: 2116372574629224, ref_stop_time: 2116372574680074, actual_exe_time: 50850, task_app_start_time:2116367583020641, task_sched_time:2116372574616954
app_id: 0, app_name: SAR_api-aarch64, task_id: 1751, task_name: DASH_ZIP, resource_name: cpu2, ref_start_time: 2116372578244825, ref_stop_time: 2116372578323725, actual_exe_time: 78900, task_app_start_time:2116367583020641, task_sched_time:2116372578236785
app_id: 0, app_name: SAR_api-aarch64, task_id: 1752, task_name: DASH_FFT, resource_name: cpu3, ref_start_time: 2116372579381465, ref_stop_time: 2116372579451785, actual_exe_time: 70320, task_app_start_time:2116367583020641, task_sched_time:2116372579373095
app_id: 0, app_name: SAR_api-aarch64, task_id: 1753, task_name: DASH_ZIP, resource_name: zip1, ref_start_time: 2116372582717826, ref_stop_time: 2116372582845506, actual_exe_time: 127680, task_app_start_time:2116367583020641, task_sched_time:2116372582709306
app_id: 0, app_name: SAR_api-aarch64, task_id: 1754, task_name: DASH_FFT, resource_name: cpu1, ref_start_time: 2116372586685296, ref_stop_time: 2116372586739866, actual_exe_time: 54570, task_app_start_time:2116367583020641, task_sched_time:2116372586674586
app_id: 0, app_name: SAR_api-aarch64, task_id: 1755, task_name: DASH_ZIP, resource_name: cpu2, ref_start_time: 2116372592996697, ref_stop_time: 2116372593083907, actual_exe_time: 87210, task_app_start_time:2116367583020641, task_sched_time:2116372592992047
app_id: 0, app_name: SAR_api-aarch64, task_id: 1756, task_name: DASH_FFT, resource_name: cpu3, ref_start_time: 2116372593876387, ref_stop_time: 2116372593946377, actual_exe_time: 69990, task_app_start_time:2116367583020641, task_sched_time:2116372593868257
app_id: 0, app_name: SAR_api-aarch64, task_id: 1757, task_name: DASH_ZIP, resource_name: zip1, ref_start_time: 2116372598806828, ref_stop_time: 2116372599211168, actual_exe_time: 404340, task_app_start_time:2116367583020641, task_sched_time:2116372598800168
app_id: 0, app_name: SAR_api-aarch64, task_id: 1758, task_name: DASH_FFT, resource_name: cpu1, ref_start_time: 2116372606663860, ref_stop_time: 2116372606717440, actual_exe_time: 53580, task_app_start_time:2116367583020641, task_sched_time:2116372606655820
app_id: 0, app_name: SAR_api-aarch64, task_id: 1759, task_name: DASH_ZIP, resource_name: cpu2, ref_start_time: 2116372607864580, ref_stop_time: 2116372607943060, actual_exe_time: 78480, task_app_start_time:2116367583020641, task_sched_time:2116372607859570
app_id: 0, app_name: SAR_api-aarch64, task_id: 1760, task_name: DASH_FFT, resource_name: cpu3, ref_start_time: 2116372614509401, ref_stop_time: 2116372614590071, actual_exe_time: 80670, task_app_start_time:2116367583020641, task_sched_time:2116372611473880
app_id: 0, app_name: SAR_api-aarch64, task_id: 1761, task_name: DASH_ZIP, resource_name: zip1, ref_start_time: 2116372618663111, ref_stop_time: 2116372618788331, actual_exe_time: 125220, task_app_start_time:2116367583020641, task_sched_time:2116372618658401
app_id: 0, app_name: SAR_api-aarch64, task_id: 1762, task_name: DASH_FFT, resource_name: cpu1, ref_start_time: 2116372621000562, ref_stop_time: 2116372621051652, actual_exe_time: 51090, task_app_start_time:2116367583020641, task_sched_time:2116372620989612
app_id: 0, app_name: SAR_api-aarch64, task_id: 1763, task_name: DASH_ZIP, resource_name: cpu2, ref_start_time: 2116372626603273, ref_stop_time: 2116372626694473, actual_exe_time: 91200, task_app_start_time:2116367583020641, task_sched_time:2116372626595653
app_id: 0, app_name: SAR_api-aarch64, task_id: 1764, task_name: DASH_FFT, resource_name: cpu3, ref_start_time: 2116372630567473, ref_stop_time: 2116372630640853, actual_exe_time: 73380, task_app_start_time:2116367583020641, task_sched_time:2116372630561503
app_id: 0, app_name: SAR_api-aarch64, task_id: 1765, task_name: DASH_ZIP, resource_name: zip1, ref_start_time: 2116372634529934, ref_stop_time: 2116372634657344, actual_exe_time: 127410, task_app_start_time:2116367583020641, task_sched_time:2116372634523754
app_id: 0, app_name: SAR_api-aarch64, task_id: 1766, task_name: DASH_FFT, resource_name: cpu1, ref_start_time: 2116372635356284, ref_stop_time: 2116372635411244, actual_exe_time: 54960, task_app_start_time:2116367583020641, task_sched_time:2116372635352264
app_id: 0, app_name: SAR_api-aarch64, task_id: 1767, task_name: DASH_ZIP, resource_name: cpu2, ref_start_time: 2116372638825545, ref_stop_time: 2116372638914015, actual_exe_time: 88470, task_app_start_time:2116367583020641, task_sched_time:2116372638815705
app_id: 0, app_name: SAR_api-aarch64, task_id: 1768, task_name: DASH_FFT, resource_name: cpu3, ref_start_time: 2116372642596335, ref_stop_time: 2116372642674545, actual_exe_time: 78210, task_app_start_time:2116367583020641, task_sched_time:2116372642591265
app_id: 0, app_name: SAR_api-aarch64, task_id: 1769, task_name: DASH_ZIP, resource_name: zip1, ref_start_time: 2116372646967576, ref_stop_time: 2116372647093036, actual_exe_time: 125460, task_app_start_time:2116367583020641, task_sched_time:2116372646958066
app_id: 0, app_name: SAR_api-aarch64, task_id: 1770, task_name: DASH_FFT, resource_name: cpu1, ref_start_time: 2116372650022507, ref_stop_time: 2116372650078817, actual_exe_time: 56310, task_app_start_time:2116367583020641, task_sched_time:2116372650009937
app_id: 0, app_name: SAR_api-aarch64, task_id: 1771, task_name: DASH_ZIP, resource_name: cpu2, ref_start_time: 2116372653682477, ref_stop_time: 2116372653773287, actual_exe_time: 90810, task_app_start_time:2116367583020641, task_sched_time:2116372653672157
app_id: 0, app_name: SAR_api-aarch64, task_id: 1772, task_name: DASH_FFT, resource_name: cpu3, ref_start_time: 2116372658518148, ref_stop_time: 2116372658592098, actual_exe_time: 73950, task_app_start_time:2116367583020641, task_sched_time:2116372654835617
app_id: 0, app_name: SAR_api-aarch64, task_id: 1773, task_name: DASH_ZIP, resource_name: zip1, ref_start_time: 2116372663173789, ref_stop_time: 2116372663296879, actual_exe_time: 123090, task_app_start_time:2116367583020641, task_sched_time:2116372663164729
app_id: 0, app_name: SAR_api-aarch64, task_id: 1774, task_name: DASH_FFT, resource_name: cpu1, ref_start_time: 2116372664088459, ref_stop_time: 2116372664137779, actual_exe_time: 49320, task_app_start_time:2116367583020641, task_sched_time:2116372664072589
app_id: 0, app_name: SAR_api-aarch64, task_id: 1775, task_name: DASH_ZIP, resource_name: cpu2, ref_start_time: 2116372670993530, ref_stop_time: 2116372671073810, actual_exe_time: 80280, task_app_start_time:2116367583020641, task_sched_time:2116372670987680
app_id: 0, app_name: SAR_api-aarch64, task_id: 1776, task_name: DASH_FFT, resource_name: cpu3, ref_start_time: 2116372674558070, ref_stop_time: 2116372674626230, actual_exe_time: 68160, task_app_start_time:2116367583020641, task_sched_time:2116372674549250
app_id: 0, app_name: SAR_api-aarch64, task_id: 1777, task_name: DASH_ZIP, resource_name: zip1, ref_start_time: 2116372678053851, ref_stop_time: 2116372678175201, actual_exe_time: 121350, task_app_start_time:2116367583020641, task_sched_time:2116372678044971
app_id: 0, app_name: SAR_api-aarch64, task_id: 1778, task_name: DASH_FFT, resource_name: cpu1, ref_start_time: 2116372678905161, ref_stop_time: 2116372678955831, actual_exe_time: 50670, task_app_start_time:2116367583020641, task_sched_time:2116372678878311
app_id: 0, app_name: SAR_api-aarch64, task_id: 1779, task_name: DASH_ZIP, resource_name: cpu2, ref_start_time: 2116372682422632, ref_stop_time: 2116372686576462, actual_exe_time: 4153830, task_app_start_time:2116367583020641, task_sched_time:2116372682418132
app_id: 0, app_name: SAR_api-aarch64, task_id: 1780, task_name: DASH_FFT, resource_name: cpu3, ref_start_time: 2116372690555093, ref_stop_time: 2116372690627873, actual_exe_time: 72780, task_app_start_time:2116367583020641, task_sched_time:2116372690546843
app_id: 0, app_name: SAR_api-aarch64, task_id: 1781, task_name: DASH_ZIP, resource_name: zip1, ref_start_time: 2116372692340573, ref_stop_time: 2116372692465643, actual_exe_time: 125070, task_app_start_time:2116367583020641, task_sched_time:2116372692334843
app_id: 0, app_name: SAR_api-aarch64, task_id: 1782, task_name: DASH_FFT, resource_name: cpu1, ref_start_time: 2116372699151564, ref_stop_time: 2116372699206764, actual_exe_time: 55200, task_app_start_time:2116367583020641, task_sched_time:2116372699050524
app_id: 0, app_name: SAR_api-aarch64, task_id: 1783, task_name: DASH_ZIP, resource_name: cpu2, ref_start_time: 2116372705388565, ref_stop_time: 2116372705472865, actual_exe_time: 84300, task_app_start_time:2116367583020641, task_sched_time:2116372705380315
app_id: 0, app_name: SAR_api-aarch64, task_id: 1784, task_name: DASH_FFT, resource_name: cpu3, ref_start_time: 2116372706272066, ref_stop_time: 2116372706339746, actual_exe_time: 67680, task_app_start_time:2116367583020641, task_sched_time:2116372706267116
app_id: 0, app_name: SAR_api-aarch64, task_id: 1785, task_name: DASH_ZIP, resource_name: zip1, ref_start_time: 2116372711011136, ref_stop_time: 2116372711136626, actual_exe_time: 125490, task_app_start_time:2116367583020641, task_sched_time:2116372711000426
app_id: 0, app_name: SAR_api-aarch64, task_id: 1786, task_name: DASH_FFT, resource_name: cpu1, ref_start_time: 2116372714641317, ref_stop_time: 2116372714692347, actual_exe_time: 51030, task_app_start_time:2116367583020641, task_sched_time:2116372714613507
app_id: 0, app_name: SAR_api-aarch64, task_id: 1787, task_name: DASH_ZIP, resource_name: cpu2, ref_start_time: 2116372718826108, ref_stop_time: 2116372719057048, actual_exe_time: 230940, task_app_start_time:2116367583020641, task_sched_time:2116372718822568
app_id: 0, app_name: SAR_api-aarch64, task_id: 1788, task_name: DASH_FFT, resource_name: cpu3, ref_start_time: 2116372720223028, ref_stop_time: 2116372720412268, actual_exe_time: 189240, task_app_start_time:2116367583020641, task_sched_time:2116372720213758
app_id: 0, app_name: SAR_api-aarch64, task_id: 1789, task_name: DASH_ZIP, resource_name: zip1, ref_start_time: 2116372724387658, ref_stop_time: 2116372724517199, actual_exe_time: 129541, task_app_start_time:2116367583020641, task_sched_time:2116372724377848
app_id: 0, app_name: SAR_api-aarch64, task_id: 1790, task_name: DASH_FFT, resource_name: cpu1, ref_start_time: 2116372730747060, ref_stop_time: 2116372730802110, actual_exe_time: 55050, task_app_start_time:2116367583020641, task_sched_time:2116372730680279
app_id: 0, app_name: SAR_api-aarch64, task_id: 1791, task_name: DASH_ZIP, resource_name: cpu2, ref_start_time: 2116372734811100, ref_stop_time: 2116372735035290, actual_exe_time: 224190, task_app_start_time:2116367583020641, task_sched_time:2116372734804890
app_id: 0, app_name: SAR_api-aarch64, task_id: 1792, task_name: DASH_FFT, resource_name: cpu3, ref_start_time: 2116372738609071, ref_stop_time: 2116372738679661, actual_exe_time: 70590, task_app_start_time:2116367583020641, task_sched_time:2116372738602471
app_id: 0, app_name: SAR_api-aarch64, task_id: 1793, task_name: DASH_ZIP, resource_name: zip1, ref_start_time: 2116372746727162, ref_stop_time: 2116372746854872, actual_exe_time: 127710, task_app_start_time:2116367583020641, task_sched_time:2116372746716092
app_id: 0, app_name: SAR_api-aarch64, task_id: 1794, task_name: DASH_FFT, resource_name: cpu1, ref_start_time: 2116372749481313, ref_stop_time: 2116372749533393, actual_exe_time: 52080, task_app_start_time:2116367583020641, task_sched_time:2116372749474533
app_id: 0, app_name: SAR_api-aarch64, task_id: 1795, task_name: DASH_ZIP, resource_name: cpu2, ref_start_time: 2116372754657423, ref_stop_time: 2116372754743493, actual_exe_time: 86070, task_app_start_time:2116367583020641, task_sched_time:2116372754650673
app_id: 0, app_name: SAR_api-aarch64, task_id: 1796, task_name: DASH_FFT, resource_name: cpu3, ref_start_time: 2116372758701634, ref_stop_time: 2116372758772524, actual_exe_time: 70890, task_app_start_time:2116367583020641, task_sched_time:2116372758695634
app_id: 0, app_name: SAR_api-aarch64, task_id: 1797, task_name: DASH_ZIP, resource_name: zip1, ref_start_time: 2116372762673995, ref_stop_time: 2116372762794325, actual_exe_time: 120330, task_app_start_time:2116367583020641, task_sched_time:2116372762660135
app_id: 0, app_name: SAR_api-aarch64, task_id: 1798, task_name: DASH_FFT, resource_name: cpu1, ref_start_time: 2116372763622145, ref_stop_time: 2116372763670715, actual_exe_time: 48570, task_app_start_time:2116367583020641, task_sched_time:2116372763616535
app_id: 0, app_name: SAR_api-aarch64, task_id: 1799, task_name: DASH_ZIP, resource_name: cpu2, ref_start_time: 2116372770649286, ref_stop_time: 2116372770867026, actual_exe_time: 217740, task_app_start_time:2116367583020641, task_sched_time:2116372770644126
app_id: 0, app_name: SAR_api-aarch64, task_id: 1800, task_name: DASH_FFT, resource_name: cpu3, ref_start_time: 2116372774851027, ref_stop_time: 2116372774924617, actual_exe_time: 73590, task_app_start_time:2116367583020641, task_sched_time:2116372774840527
app_id: 0, app_name: SAR_api-aarch64, task_id: 1801, task_name: DASH_ZIP, resource_name: zip1, ref_start_time: 2116372777244637, ref_stop_time: 2116372777367127, actual_exe_time: 122490, task_app_start_time:2116367583020641, task_sched_time:2116372777192227
app_id: 0, app_name: SAR_api-aarch64, task_id: 1802, task_name: DASH_FFT, resource_name: cpu1, ref_start_time: 2116372782863728, ref_stop_time: 2116372783183798, actual_exe_time: 320070, task_app_start_time:2116367583020641, task_sched_time:2116372782846178
app_id: 0, app_name: SAR_api-aarch64, task_id: 1803, task_name: DASH_ZIP, resource_name: cpu2, ref_start_time: 2116372790568419, ref_stop_time: 2116372790658629, actual_exe_time: 90210, task_app_start_time:2116367583020641, task_sched_time:2116372790562779
app_id: 0, app_name: SAR_api-aarch64, task_id: 1804, task_name: DASH_FFT, resource_name: cpu3, ref_start_time: 2116372791485549, ref_stop_time: 2116372791553199, actual_exe_time: 67650, task_app_start_time:2116367583020641, task_sched_time:2116372791304379
app_id: 0, app_name: SAR_api-aarch64, task_id: 1805, task_name: DASH_ZIP, resource_name: zip1, ref_start_time: 2116372795048530, ref_stop_time: 2116372795173570, actual_exe_time: 125040, task_app_start_time:2116367583020641, task_sched_time:2116372795040910
app_id: 0, app_name: SAR_api-aarch64, task_id: 1806, task_name: DASH_FFT, resource_name: cpu1, ref_start_time: 2116372802585311, ref_stop_time: 2116372802640871, actual_exe_time: 55560, task_app_start_time:2116367583020641, task_sched_time:2116372802509831
app_id: 0, app_name: SAR_api-aarch64, task_id: 1807, task_name: DASH_ZIP, resource_name: cpu2, ref_start_time: 2116372805292512, ref_stop_time: 2116372805374652, actual_exe_time: 82140, task_app_start_time:2116367583020641, task_sched_time:2116372805281952
app_id: 0, app_name: SAR_api-aarch64, task_id: 1808, task_name: DASH_FFT, resource_name: cpu3, ref_start_time: 2116372805772212, ref_stop_time: 2116372805840642, actual_exe_time: 68430, task_app_start_time:2116367583020641, task_sched_time:2116372805662112
app_id: 0, app_name: SAR_api-aarch64, task_id: 1809, task_name: DASH_ZIP, resource_name: zip1, ref_start_time: 2116372810738232, ref_stop_time: 2116372810865072, actual_exe_time: 126840, task_app_start_time:2116367583020641, task_sched_time:2116372810731692
app_id: 0, app_name: SAR_api-aarch64, task_id: 1810, task_name: DASH_FFT, resource_name: cpu1, ref_start_time: 2116372814946933, ref_stop_time: 2116372814997753, actual_exe_time: 50820, task_app_start_time:2116367583020641, task_sched_time:2116372814902743
app_id: 0, app_name: SAR_api-aarch64, task_id: 1811, task_name: DASH_ZIP, resource_name: cpu2, ref_start_time: 2116372819612714, ref_stop_time: 2116372819700464, actual_exe_time: 87750, task_app_start_time:2116367583020641, task_sched_time:2116372819604914
app_id: 0, app_name: SAR_api-aarch64, task_id: 1812, task_name: DASH_FFT, resource_name: cpu3, ref_start_time: 2116372822538584, ref_stop_time: 2116372822613284, actual_exe_time: 74700, task_app_start_time:2116367583020641, task_sched_time:2116372822528324
app_id: 0, app_name: SAR_api-aarch64, task_id: 1813, task_name: DASH_ZIP, resource_name: zip1, ref_start_time: 2116372827016865, ref_stop_time: 2116372827141395, actual_exe_time: 124530, task_app_start_time:2116367583020641, task_sched_time:2116372827008885
app_id: 0, app_name: SAR_api-aarch64, task_id: 1814, task_name: DASH_FFT, resource_name: cpu1, ref_start_time: 2116372833480546, ref_stop_time: 2116372833750066, actual_exe_time: 269520, task_app_start_time:2116367583020641, task_sched_time:2116372833469506
app_id: 0, app_name: SAR_api-aarch64, task_id: 1815, task_name: DASH_ZIP, resource_name: cpu2, ref_start_time: 2116372838862397, ref_stop_time: 2116372838954707, actual_exe_time: 92310, task_app_start_time:2116367583020641, task_sched_time:2116372838850847
app_id: 0, app_name: SAR_api-aarch64, task_id: 1816, task_name: DASH_FFT, resource_name: cpu3, ref_start_time: 2116372842693428, ref_stop_time: 2116372842763148, actual_exe_time: 69720, task_app_start_time:2116367583020641, task_sched_time:2116372842687368
app_id: 0, app_name: SAR_api-aarch64, task_id: 1817, task_name: DASH_ZIP, resource_name: zip1, ref_start_time: 2116372846893668, ref_stop_time: 2116372847013818, actual_exe_time: 120150, task_app_start_time:2116367583020641, task_sched_time:2116372846887728
app_id: 0, app_name: SAR_api-aarch64, task_id: 1818, task_name: DASH_FFT, resource_name: cpu1, ref_start_time: 2116372848080348, ref_stop_time: 2116372848130748, actual_exe_time: 50400, task_app_start_time:2116367583020641, task_sched_time:2116372848074048
app_id: 0, app_name: SAR_api-aarch64, task_id: 1819, task_name: DASH_ZIP, resource_name: cpu2, ref_start_time: 2116372854656169, ref_stop_time: 2116372854928569, actual_exe_time: 272400, task_app_start_time:2116367583020641, task_sched_time:2116372854646689
app_id: 0, app_name: SAR_api-aarch64, task_id: 1820, task_name: DASH_FFT, resource_name: cpu3, ref_start_time: 2116372858547080, ref_stop_time: 2116372858620160, actual_exe_time: 73080, task_app_start_time:2116367583020641, task_sched_time:2116372858536940
app_id: 0, app_name: SAR_api-aarch64, task_id: 1821, task_name: DASH_ZIP, resource_name: zip1, ref_start_time: 2116372861410881, ref_stop_time: 2116372861533131, actual_exe_time: 122250, task_app_start_time:2116367583020641, task_sched_time:2116372861402781
app_id: 0, app_name: SAR_api-aarch64, task_id: 1822, task_name: DASH_FFT, resource_name: cpu1, ref_start_time: 2116372862060231, ref_stop_time: 2116372862109161, actual_exe_time: 48930, task_app_start_time:2116367583020641, task_sched_time:2116372862048111
app_id: 0, app_name: SAR_api-aarch64, task_id: 1823, task_name: DASH_ZIP, resource_name: cpu2, ref_start_time: 2116372867915632, ref_stop_time: 2116372867995972, actual_exe_time: 80340, task_app_start_time:2116367583020641, task_sched_time:2116372867904262
app_id: 0, app_name: SAR_api-aarch64, task_id: 1824, task_name: DASH_FFT, resource_name: cpu3, ref_start_time: 2116372874572033, ref_stop_time: 2116372874647873, actual_exe_time: 75840, task_app_start_time:2116367583020641, task_sched_time:2116372874564143
app_id: 0, app_name: SAR_api-aarch64, task_id: 1825, task_name: DASH_ZIP, resource_name: zip1, ref_start_time: 2116372876238503, ref_stop_time: 2116372876359673, actual_exe_time: 121170, task_app_start_time:2116367583020641, task_sched_time:2116372876172833
app_id: 0, app_name: SAR_api-aarch64, task_id: 1826, task_name: DASH_FFT, resource_name: cpu1, ref_start_time: 2116372882737284, ref_stop_time: 2116372882791584, actual_exe_time: 54300, task_app_start_time:2116367583020641, task_sched_time:2116372882725254
app_id: 0, app_name: SAR_api-aarch64, task_id: 1827, task_name: DASH_ZIP, resource_name: cpu2, ref_start_time: 2116372886546055, ref_stop_time: 2116372886627325, actual_exe_time: 81270, task_app_start_time:2116367583020641, task_sched_time:2116372886538495
app_id: 0, app_name: SAR_api-aarch64, task_id: 1828, task_name: DASH_FFT, resource_name: cpu3, ref_start_time: 2116372889731665, ref_stop_time: 2116372889799705, actual_exe_time: 68040, task_app_start_time:2116367583020641, task_sched_time:2116372889574495
app_id: 0, app_name: SAR_api-aarch64, task_id: 1829, task_name: DASH_ZIP, resource_name: zip1, ref_start_time: 2116372894726936, ref_stop_time: 2116372898702717, actual_exe_time: 3975781, task_app_start_time:2116367583020641, task_sched_time:2116372894718686
app_id: 0, app_name: SAR_api-aarch64, task_id: 1830, task_name: DASH_FFT, resource_name: cpu1, ref_start_time: 2116372902935447, ref_stop_time: 2116372902987917, actual_exe_time: 52470, task_app_start_time:2116367583020641, task_sched_time:2116372902931007
app_id: 0, app_name: SAR_api-aarch64, task_id: 1831, task_name: DASH_ZIP, resource_name: cpu2, ref_start_time: 2116372903901687, ref_stop_time: 2116372904284727, actual_exe_time: 383040, task_app_start_time:2116367583020641, task_sched_time:2116372903897097
app_id: 0, app_name: SAR_api-aarch64, task_id: 1832, task_name: DASH_FFT, resource_name: cpu3, ref_start_time: 2116372910985529, ref_stop_time: 2116372911062599, actual_exe_time: 77070, task_app_start_time:2116367583020641, task_sched_time:2116372910977789
app_id: 0, app_name: SAR_api-aarch64, task_id: 1833, task_name: DASH_ZIP, resource_name: zip1, ref_start_time: 2116372914657559, ref_stop_time: 2116372914778519, actual_exe_time: 120960, task_app_start_time:2116367583020641, task_sched_time:2116372914650569
app_id: 0, app_name: SAR_api-aarch64, task_id: 1834, task_name: DASH_FFT, resource_name: cpu1, ref_start_time: 2116372918207520, ref_stop_time: 2116372918258100, actual_exe_time: 50580, task_app_start_time:2116367583020641, task_sched_time:2116372918203020
app_id: 0, app_name: SAR_api-aarch64, task_id: 1835, task_name: DASH_ZIP, resource_name: cpu2, ref_start_time: 2116372922701460, ref_stop_time: 2116372922792240, actual_exe_time: 90780, task_app_start_time:2116367583020641, task_sched_time:2116372922694170
app_id: 0, app_name: SAR_api-aarch64, task_id: 1836, task_name: DASH_FFT, resource_name: cpu3, ref_start_time: 2116372926573141, ref_stop_time: 2116372926645021, actual_exe_time: 71880, task_app_start_time:2116367583020641, task_sched_time:2116372926563301
app_id: 0, app_name: SAR_api-aarch64, task_id: 1837, task_name: DASH_ZIP, resource_name: zip1, ref_start_time: 2116372930828792, ref_stop_time: 2116372930949362, actual_exe_time: 120570, task_app_start_time:2116367583020641, task_sched_time:2116372930822102
app_id: 0, app_name: SAR_api-aarch64, task_id: 1838, task_name: DASH_FFT, resource_name: cpu1, ref_start_time: 2116372932052882, ref_stop_time: 2116372932102142, actual_exe_time: 49260, task_app_start_time:2116367583020641, task_sched_time:2116372932031042
app_id: 0, app_name: SAR_api-aarch64, task_id: 1839, task_name: DASH_ZIP, resource_name: cpu2, ref_start_time: 2116372938933773, ref_stop_time: 2116372939027463, actual_exe_time: 93690, task_app_start_time:2116367583020641, task_sched_time:2116372938923543
app_id: 0, app_name: SAR_api-aarch64, task_id: 1840, task_name: DASH_FFT, resource_name: cpu3, ref_start_time: 2116372939811303, ref_stop_time: 2116372939877783, actual_exe_time: 66480, task_app_start_time:2116367583020641, task_sched_time:2116372939805333
app_id: 0, app_name: SAR_api-aarch64, task_id: 1841, task_name: DASH_ZIP, resource_name: zip1, ref_start_time: 2116372942643514, ref_stop_time: 2116372942764144, actual_exe_time: 120630, task_app_start_time:2116367583020641, task_sched_time:2116372942639644
app_id: 0, app_name: SAR_api-aarch64, task_id: 1842, task_name: DASH_FFT, resource_name: cpu1, ref_start_time: 2116372946049024, ref_stop_time: 2116372946100144, actual_exe_time: 51120, task_app_start_time:2116367583020641, task_sched_time:2116372946038824
app_id: 0, app_name: SAR_api-aarch64, task_id: 1843, task_name: DASH_ZIP, resource_name: cpu2, ref_start_time: 2116372950814195, ref_stop_time: 2116372951059295, actual_exe_time: 245100, task_app_start_time:2116367583020641, task_sched_time:2116372950808645
app_id: 0, app_name: SAR_api-aarch64, task_id: 1844, task_name: DASH_FFT, resource_name: cpu3, ref_start_time: 2116372958584766, ref_stop_time: 2116372958664956, actual_exe_time: 80190, task_app_start_time:2116367583020641, task_sched_time:2116372958577836
app_id: 0, app_name: SAR_api-aarch64, task_id: 1845, task_name: DASH_ZIP, resource_name: zip1, ref_start_time: 2116372960212806, ref_stop_time: 2116372960334486, actual_exe_time: 121680, task_app_start_time:2116367583020641, task_sched_time:2116372960154096
app_id: 0, app_name: SAR_api-aarch64, task_id: 1846, task_name: DASH_FFT, resource_name: cpu1, ref_start_time: 2116372966663497, ref_stop_time: 2116372966719717, actual_exe_time: 56220, task_app_start_time:2116367583020641, task_sched_time:2116372966643727
app_id: 0, app_name: SAR_api-aarch64, task_id: 1847, task_name: DASH_ZIP, resource_name: cpu2, ref_start_time: 2116372970548858, ref_stop_time: 2116372970630878, actual_exe_time: 82020, task_app_start_time:2116367583020641, task_sched_time:2116372970540008
app_id: 0, app_name: SAR_api-aarch64, task_id: 1848, task_name: DASH_FFT, resource_name: cpu3, ref_start_time: 2116372973673359, ref_stop_time: 2116372973740379, actual_exe_time: 67020, task_app_start_time:2116367583020641, task_sched_time:2116372973525219
app_id: 0, app_name: SAR_api-aarch64, task_id: 1849, task_name: DASH_ZIP, resource_name: zip1, ref_start_time: 2116372978726379, ref_stop_time: 2116372978856399, actual_exe_time: 130020, task_app_start_time:2116367583020641, task_sched_time:2116372978718369
app_id: 0, app_name: SAR_api-aarch64, task_id: 1850, task_name: DASH_FFT, resource_name: cpu1, ref_start_time: 2116372986984991, ref_stop_time: 2116372987039501, actual_exe_time: 54510, task_app_start_time:2116367583020641, task_sched_time:2116372986973921
app_id: 0, app_name: SAR_api-aarch64, task_id: 1851, task_name: DASH_ZIP, resource_name: cpu2, ref_start_time: 2116372988215441, ref_stop_time: 2116372988296111, actual_exe_time: 80670, task_app_start_time:2116367583020641, task_sched_time:2116372988207551
app_id: 0, app_name: SAR_api-aarch64, task_id: 1852, task_name: DASH_FFT, resource_name: cpu3, ref_start_time: 2116372988706451, ref_stop_time: 2116372988774311, actual_exe_time: 67860, task_app_start_time:2116367583020641, task_sched_time:2116372988619481
app_id: 0, app_name: SAR_api-aarch64, task_id: 1853, task_name: DASH_ZIP, resource_name: zip1, ref_start_time: 2116372995044372, ref_stop_time: 2116372995170192, actual_exe_time: 125820, task_app_start_time:2116367583020641, task_sched_time:2116372995038342
app_id: 0, app_name: SAR_api-aarch64, task_id: 1854, task_name: DASH_FFT, resource_name: cpu1, ref_start_time: 2116373001465783, ref_stop_time: 2116373001693843, actual_exe_time: 228060, task_app_start_time:2116367583020641, task_sched_time:2116373001455703
app_id: 0, app_name: SAR_api-aarch64, task_id: 1855, task_name: DASH_ZIP, resource_name: cpu2, ref_start_time: 2116373006600554, ref_stop_time: 2116373006690914, actual_exe_time: 90360, task_app_start_time:2116367583020641, task_sched_time:2116373006595154
app_id: 0, app_name: SAR_api-aarch64, task_id: 1856, task_name: DASH_FFT, resource_name: cpu3, ref_start_time: 2116373007398194, ref_stop_time: 2116373007465394, actual_exe_time: 67200, task_app_start_time:2116367583020641, task_sched_time:2116373007388024
app_id: 0, app_name: SAR_api-aarch64, task_id: 1857, task_name: DASH_ZIP, resource_name: zip1, ref_start_time: 2116373014657475, ref_stop_time: 2116373014780715, actual_exe_time: 123240, task_app_start_time:2116367583020641, task_sched_time:2116373014651865
app_id: 0, app_name: SAR_api-aarch64, task_id: 1858, task_name: DASH_FFT, resource_name: cpu1, ref_start_time: 2116373015885795, ref_stop_time: 2116373015936075, actual_exe_time: 50280, task_app_start_time:2116367583020641, task_sched_time:2116373015879405
app_id: 0, app_name: SAR_api-aarch64, task_id: 1859, task_name: DASH_ZIP, resource_name: cpu2, ref_start_time: 2116373022954907, ref_stop_time: 2116373023047127, actual_exe_time: 92220, task_app_start_time:2116367583020641, task_sched_time:2116373022945787
app_id: 0, app_name: SAR_api-aarch64, task_id: 1860, task_name: DASH_FFT, resource_name: cpu3, ref_start_time: 2116373023734877, ref_stop_time: 2116373023801897, actual_exe_time: 67020, task_app_start_time:2116367583020641, task_sched_time:2116373023727317
app_id: 0, app_name: SAR_api-aarch64, task_id: 1861, task_name: DASH_ZIP, resource_name: zip1, ref_start_time: 2116373029483358, ref_stop_time: 2116373029607108, actual_exe_time: 123750, task_app_start_time:2116367583020641, task_sched_time:2116373029358738
app_id: 0, app_name: SAR_api-aarch64, task_id: 1862, task_name: DASH_FFT, resource_name: cpu1, ref_start_time: 2116373030169038, ref_stop_time: 2116373030218808, actual_exe_time: 49770, task_app_start_time:2116367583020641, task_sched_time:2116373030165408
app_id: 0, app_name: SAR_api-aarch64, task_id: 1863, task_name: DASH_ZIP, resource_name: cpu2, ref_start_time: 2116373038610889, ref_stop_time: 2116373038874319, actual_exe_time: 263430, task_app_start_time:2116367583020641, task_sched_time:2116373038603359
app_id: 0, app_name: SAR_api-aarch64, task_id: 1864, task_name: DASH_FFT, resource_name: cpu3, ref_start_time: 2116373042549470, ref_stop_time: 2116373042624590, actual_exe_time: 75120, task_app_start_time:2116367583020641, task_sched_time:2116373042541880
app_id: 0, app_name: SAR_api-aarch64, task_id: 1865, task_name: DASH_ZIP, resource_name: zip1, ref_start_time: 2116373043266350, ref_stop_time: 2116373043394120, actual_exe_time: 127770, task_app_start_time:2116367583020641, task_sched_time:2116373043256480
app_id: 0, app_name: SAR_api-aarch64, task_id: 1866, task_name: DASH_FFT, resource_name: cpu1, ref_start_time: 2116373046861190, ref_stop_time: 2116373046920410, actual_exe_time: 59220, task_app_start_time:2116367583020641, task_sched_time:2116373046851830
app_id: 0, app_name: SAR_api-aarch64, task_id: 1867, task_name: DASH_ZIP, resource_name: cpu2, ref_start_time: 2116373047569970, ref_stop_time: 2116373047950131, actual_exe_time: 380161, task_app_start_time:2116367583020641, task_sched_time:2116373047557220
app_id: 0, app_name: SAR_api-aarch64, task_id: 1868, task_name: DASH_FFT, resource_name: cpu3, ref_start_time: 2116373054540862, ref_stop_time: 2116373054615112, actual_exe_time: 74250, task_app_start_time:2116367583020641, task_sched_time:2116373050956941
app_id: 0, app_name: SAR_api-aarch64, task_id: 1869, task_name: DASH_ZIP, resource_name: zip1, ref_start_time: 2116373055397602, ref_stop_time: 2116373055517302, actual_exe_time: 119700, task_app_start_time:2116367583020641, task_sched_time:2116373055391302
app_id: 0, app_name: SAR_api-aarch64, task_id: 1870, task_name: DASH_FFT, resource_name: cpu1, ref_start_time: 2116373058382992, ref_stop_time: 2116373058429912, actual_exe_time: 46920, task_app_start_time:2116367583020641, task_sched_time:2116373058378642
app_id: 0, app_name: SAR_api-aarch64, task_id: 1871, task_name: DASH_ZIP, resource_name: cpu2, ref_start_time: 2116373062610143, ref_stop_time: 2116373062695583, actual_exe_time: 85440, task_app_start_time:2116367583020641, task_sched_time:2116373062602523
app_id: 0, app_name: SAR_api-aarch64, task_id: 1872, task_name: DASH_FFT, resource_name: cpu3, ref_start_time: 2116373063388973, ref_stop_time: 2116373063455333, actual_exe_time: 66360, task_app_start_time:2116367583020641, task_sched_time:2116373063378983
app_id: 0, app_name: SAR_api-aarch64, task_id: 1873, task_name: DASH_ZIP, resource_name: zip1, ref_start_time: 2116373066640044, ref_stop_time: 2116373066763344, actual_exe_time: 123300, task_app_start_time:2116367583020641, task_sched_time:2116373066633594
app_id: 0, app_name: SAR_api-aarch64, task_id: 1874, task_name: DASH_FFT, resource_name: cpu1, ref_start_time: 2116373067428174, ref_stop_time: 2116373067475574, actual_exe_time: 47400, task_app_start_time:2116367583020641, task_sched_time:2116373067424244
app_id: 0, app_name: SAR_api-aarch64, task_id: 1875, task_name: DASH_ZIP, resource_name: cpu2, ref_start_time: 2116373070589784, ref_stop_time: 2116373071054184, actual_exe_time: 464400, task_app_start_time:2116367583020641, task_sched_time:2116373070586034
app_id: 0, app_name: SAR_api-aarch64, task_id: 1876, task_name: DASH_FFT, resource_name: cpu3, ref_start_time: 2116373071362344, ref_stop_time: 2116373071425314, actual_exe_time: 62970, task_app_start_time:2116367583020641, task_sched_time:2116373071356224
app_id: 0, app_name: SAR_api-aarch64, task_id: 1877, task_name: DASH_ZIP, resource_name: zip1, ref_start_time: 2116373074913835, ref_stop_time: 2116373075035755, actual_exe_time: 121920, task_app_start_time:2116367583020641, task_sched_time:2116373074904655
app_id: 0, app_name: SAR_api-aarch64, task_id: 1878, task_name: DASH_FFT, resource_name: cpu1, ref_start_time: 2116373075989665, ref_stop_time: 2116373076036375, actual_exe_time: 46710, task_app_start_time:2116367583020641, task_sched_time:2116373075980845
app_id: 0, app_name: SAR_api-aarch64, task_id: 1879, task_name: DASH_ZIP, resource_name: cpu2, ref_start_time: 2116373076662685, ref_stop_time: 2116373076740595, actual_exe_time: 77910, task_app_start_time:2116367583020641, task_sched_time:2116373076646455
app_id: 0, app_name: SAR_api-aarch64, task_id: 1880, task_name: DASH_FFT, resource_name: cpu3, ref_start_time: 2116373077140945, ref_stop_time: 2116373077206435, actual_exe_time: 65490, task_app_start_time:2116367583020641, task_sched_time:2116373077132875
app_id: 0, app_name: SAR_api-aarch64, task_id: 1881, task_name: DASH_ZIP, resource_name: zip1, ref_start_time: 2116373082937816, ref_stop_time: 2116373083066396, actual_exe_time: 128580, task_app_start_time:2116367583020641, task_sched_time:2116373082926386
app_id: 0, app_name: SAR_api-aarch64, task_id: 1882, task_name: DASH_FFT, resource_name: cpu1, ref_start_time: 2116373083729396, ref_stop_time: 2116373083776226, actual_exe_time: 46830, task_app_start_time:2116367583020641, task_sched_time:2116373083725016
app_id: 0, app_name: SAR_api-aarch64, task_id: 1883, task_name: DASH_ZIP, resource_name: cpu2, ref_start_time: 2116373084355466, ref_stop_time: 2116373084439406, actual_exe_time: 83940, task_app_start_time:2116367583020641, task_sched_time:2116373084342116
app_id: 0, app_name: SAR_api-aarch64, task_id: 1884, task_name: DASH_FFT, resource_name: cpu3, ref_start_time: 2116373087173937, ref_stop_time: 2116373087236397, actual_exe_time: 62460, task_app_start_time:2116367583020641, task_sched_time:2116373087168237
app_id: 0, app_name: SAR_api-aarch64, task_id: 1885, task_name: DASH_ZIP, resource_name: zip1, ref_start_time: 2116373090788907, ref_stop_time: 2116373090910287, actual_exe_time: 121380, task_app_start_time:2116367583020641, task_sched_time:2116373090780327
app_id: 0, app_name: SAR_api-aarch64, task_id: 1886, task_name: DASH_FFT, resource_name: cpu1, ref_start_time: 2116373091549618, ref_stop_time: 2116373091593688, actual_exe_time: 44070, task_app_start_time:2116367583020641, task_sched_time:2116373091539838
app_id: 0, app_name: SAR_api-aarch64, task_id: 1887, task_name: DASH_ZIP, resource_name: cpu2, ref_start_time: 2116373094506538, ref_stop_time: 2116373094863658, actual_exe_time: 357120, task_app_start_time:2116367583020641, task_sched_time:2116373094462558
app_id: 0, app_name: SAR_api-aarch64, task_id: 1888, task_name: DASH_FFT, resource_name: cpu3, ref_start_time: 2116373095222818, ref_stop_time: 2116373095290738, actual_exe_time: 67920, task_app_start_time:2116367583020641, task_sched_time:2116373095203498
app_id: 0, app_name: SAR_api-aarch64, task_id: 1889, task_name: DASH_ZIP, resource_name: zip1, ref_start_time: 2116373096009628, ref_stop_time: 2116373096127738, actual_exe_time: 118110, task_app_start_time:2116367583020641, task_sched_time:2116373096004228
app_id: 0, app_name: SAR_api-aarch64, task_id: 1890, task_name: DASH_FFT, resource_name: cpu1, ref_start_time: 2116373099270389, ref_stop_time: 2116373099322619, actual_exe_time: 52230, task_app_start_time:2116367583020641, task_sched_time:2116373099258089
app_id: 0, app_name: SAR_api-aarch64, task_id: 1891, task_name: DASH_ZIP, resource_name: cpu2, ref_start_time: 2116373101388179, ref_stop_time: 2116373101468939, actual_exe_time: 80760, task_app_start_time:2116367583020641, task_sched_time:2116373101380349
app_id: 0, app_name: SAR_api-aarch64, task_id: 1892, task_name: DASH_FFT, resource_name: cpu3, ref_start_time: 2116373106547310, ref_stop_time: 2116373106625340, actual_exe_time: 78030, task_app_start_time:2116367583020641, task_sched_time:2116373102089219
app_id: 0, app_name: SAR_api-aarch64, task_id: 1893, task_name: DASH_ZIP, resource_name: zip1, ref_start_time: 2116373107675790, ref_stop_time: 2116373107796570, actual_exe_time: 120780, task_app_start_time:2116367583020641, task_sched_time:2116373107667750
app_id: 0, app_name: SAR_api-aarch64, task_id: 1894, task_name: DASH_FFT, resource_name: cpu1, ref_start_time: 2116373110668921, ref_stop_time: 2116373110715991, actual_exe_time: 47070, task_app_start_time:2116367583020641, task_sched_time:2116373110657131
app_id: 0, app_name: SAR_api-aarch64, task_id: 1895, task_name: DASH_ZIP, resource_name: cpu2, ref_start_time: 2116373112124701, ref_stop_time: 2116373112223731, actual_exe_time: 99030, task_app_start_time:2116367583020641, task_sched_time:2116373112116841
app_id: 0, app_name: SAR_api-aarch64, task_id: 1896, task_name: DASH_FFT, resource_name: cpu3, ref_start_time: 2116373112660351, ref_stop_time: 2116373112723141, actual_exe_time: 62790, task_app_start_time:2116367583020641, task_sched_time:2116373112657141
app_id: 0, app_name: SAR_api-aarch64, task_id: 1897, task_name: DASH_ZIP, resource_name: zip1, ref_start_time: 2116373117096542, ref_stop_time: 2116373117225122, actual_exe_time: 128580, task_app_start_time:2116367583020641, task_sched_time:2116373117089102
app_id: 0, app_name: SAR_api-aarch64, task_id: 1898, task_name: DASH_FFT, resource_name: cpu1, ref_start_time: 2116373119241632, ref_stop_time: 2116373119290352, actual_exe_time: 48720, task_app_start_time:2116367583020641, task_sched_time:2116373119235872
app_id: 0, app_name: SAR_api-aarch64, task_id: 1899, task_name: DASH_ZIP, resource_name: cpu2, ref_start_time: 2116373123003393, ref_stop_time: 2116373123082923, actual_exe_time: 79530, task_app_start_time:2116367583020641, task_sched_time:2116373122995353
app_id: 0, app_name: SAR_api-aarch64, task_id: 1900, task_name: DASH_FFT, resource_name: cpu3, ref_start_time: 2116373123785613, ref_stop_time: 2116373123853833, actual_exe_time: 68220, task_app_start_time:2116367583020641, task_sched_time:2116373123782163
app_id: 0, app_name: SAR_api-aarch64, task_id: 1901, task_name: DASH_ZIP, resource_name: zip1, ref_start_time: 2116373127228443, ref_stop_time: 2116373127349073, actual_exe_time: 120630, task_app_start_time:2116367583020641, task_sched_time:2116373127220253
app_id: 0, app_name: SAR_api-aarch64, task_id: 1902, task_name: DASH_FFT, resource_name: cpu1, ref_start_time: 2116373128540374, ref_stop_time: 2116373128588404, actual_exe_time: 48030, task_app_start_time:2116367583020641, task_sched_time:2116373128532184
app_id: 0, app_name: SAR_api-aarch64, task_id: 1903, task_name: DASH_ZIP, resource_name: cpu2, ref_start_time: 2116373129247864, ref_stop_time: 2116373129327034, actual_exe_time: 79170, task_app_start_time:2116367583020641, task_sched_time:2116373129241654
app_id: 0, app_name: SAR_api-aarch64, task_id: 1904, task_name: DASH_FFT, resource_name: cpu3, ref_start_time: 2116373130740394, ref_stop_time: 2116373130810654, actual_exe_time: 70260, task_app_start_time:2116367583020641, task_sched_time:2116373129468244
app_id: 0, app_name: SAR_api-aarch64, task_id: 1905, task_name: DASH_ZIP, resource_name: zip1, ref_start_time: 2116373132915424, ref_stop_time: 2116373133042324, actual_exe_time: 126900, task_app_start_time:2116367583020641, task_sched_time:2116373131677114
app_id: 0, app_name: SAR_api-aarch64, task_id: 1906, task_name: DASH_FFT, resource_name: cpu1, ref_start_time: 2116373138507365, ref_stop_time: 2116373138566855, actual_exe_time: 59490, task_app_start_time:2116367583020641, task_sched_time:2116373133944664
app_id: 0, app_name: SAR_api-aarch64, task_id: 1907, task_name: DASH_ZIP, resource_name: cpu2, ref_start_time: 2116373139441715, ref_stop_time: 2116373139520315, actual_exe_time: 78600, task_app_start_time:2116367583020641, task_sched_time:2116373139438295
app_id: 0, app_name: SAR_api-aarch64, task_id: 1908, task_name: DASH_FFT, resource_name: cpu3, ref_start_time: 2116373140149235, ref_stop_time: 2116373140213555, actual_exe_time: 64320, task_app_start_time:2116367583020641, task_sched_time:2116373140144825
app_id: 0, app_name: SAR_api-aarch64, task_id: 1909, task_name: DASH_ZIP, resource_name: zip1, ref_start_time: 2116373141266556, ref_stop_time: 2116373141385536, actual_exe_time: 118980, task_app_start_time:2116367583020641, task_sched_time:2116373141260946
app_id: 0, app_name: SAR_api-aarch64, task_id: 1910, task_name: DASH_FFT, resource_name: cpu1, ref_start_time: 2116373144298836, ref_stop_time: 2116373144347916, actual_exe_time: 49080, task_app_start_time:2116367583020641, task_sched_time:2116373142083666
app_id: 0, app_name: SAR_api-aarch64, task_id: 1911, task_name: DASH_ZIP, resource_name: cpu2, ref_start_time: 2116373145108356, ref_stop_time: 2116373145187346, actual_exe_time: 78990, task_app_start_time:2116367583020641, task_sched_time:2116373145105356
app_id: 0, app_name: SAR_api-aarch64, task_id: 1912, task_name: DASH_FFT, resource_name: cpu3, ref_start_time: 2116373145885296, ref_stop_time: 2116373145946886, actual_exe_time: 61590, task_app_start_time:2116367583020641, task_sched_time:2116373145876986
app_id: 0, app_name: SAR_api-aarch64, task_id: 1913, task_name: DASH_ZIP, resource_name: zip1, ref_start_time: 2116373155475098, ref_stop_time: 2116373155602388, actual_exe_time: 127290, task_app_start_time:2116367583020641, task_sched_time:2116373155468558
app_id: 0, app_name: SAR_api-aarch64, task_id: 1914, task_name: DASH_FFT, resource_name: cpu1, ref_start_time: 2116373156790628, ref_stop_time: 2116373156839258, actual_exe_time: 48630, task_app_start_time:2116367583020641, task_sched_time:2116373156779858
app_id: 0, app_name: SAR_api-aarch64, task_id: 1915, task_name: DASH_ZIP, resource_name: cpu2, ref_start_time: 2116373160917249, ref_stop_time: 2116373161000289, actual_exe_time: 83040, task_app_start_time:2116367583020641, task_sched_time:2116373160910109
app_id: 0, app_name: SAR_api-aarch64, task_id: 1916, task_name: DASH_FFT, resource_name: cpu3, ref_start_time: 2116373161860779, ref_stop_time: 2116373161926929, actual_exe_time: 66150, task_app_start_time:2116367583020641, task_sched_time:2116373161853429
app_id: 0, app_name: SAR_api-aarch64, task_id: 1917, task_name: DASH_ZIP, resource_name: zip1, ref_start_time: 2116373162873249, ref_stop_time: 2116373162992019, actual_exe_time: 118770, task_app_start_time:2116367583020641, task_sched_time:2116373162870219
app_id: 0, app_name: SAR_api-aarch64, task_id: 1918, task_name: DASH_FFT, resource_name: cpu1, ref_start_time: 2116373163586619, ref_stop_time: 2116373163632969, actual_exe_time: 46350, task_app_start_time:2116367583020641, task_sched_time:2116373163581369
app_id: 0, app_name: SAR_api-aarch64, task_id: 1919, task_name: DASH_ZIP, resource_name: cpu2, ref_start_time: 2116373164336709, ref_stop_time: 2116373164416839, actual_exe_time: 80130, task_app_start_time:2116367583020641, task_sched_time:2116373164333109
app_id: 0, app_name: SAR_api-aarch64, task_id: 1920, task_name: DASH_FFT, resource_name: cpu3, ref_start_time: 2116373166531240, ref_stop_time: 2116373166599040, actual_exe_time: 67800, task_app_start_time:2116367583020641, task_sched_time:2116373165048699
app_id: 0, app_name: SAR_api-aarch64, task_id: 1921, task_name: DASH_ZIP, resource_name: zip1, ref_start_time: 2116373167297560, ref_stop_time: 2116373167419750, actual_exe_time: 122190, task_app_start_time:2116367583020641, task_sched_time:2116373167287390
app_id: 0, app_name: SAR_api-aarch64, task_id: 1922, task_name: DASH_FFT, resource_name: cpu1, ref_start_time: 2116373167908030, ref_stop_time: 2116373167954410, actual_exe_time: 46380, task_app_start_time:2116367583020641, task_sched_time:2116373167904670
app_id: 0, app_name: SAR_api-aarch64, task_id: 1923, task_name: DASH_ZIP, resource_name: cpu2, ref_start_time: 2116373168499540, ref_stop_time: 2116373168579040, actual_exe_time: 79500, task_app_start_time:2116367583020641, task_sched_time:2116373168495880
app_id: 0, app_name: SAR_api-aarch64, task_id: 1924, task_name: DASH_FFT, resource_name: cpu3, ref_start_time: 2116373170566570, ref_stop_time: 2116373170636050, actual_exe_time: 69480, task_app_start_time:2116367583020641, task_sched_time:2116373169062310
app_id: 0, app_name: SAR_api-aarch64, task_id: 1925, task_name: DASH_ZIP, resource_name: zip1, ref_start_time: 2116373171581350, ref_stop_time: 2116373171700900, actual_exe_time: 119550, task_app_start_time:2116367583020641, task_sched_time:2116373171571510
app_id: 0, app_name: SAR_api-aarch64, task_id: 1926, task_name: DASH_FFT, resource_name: cpu1, ref_start_time: 2116373172146911, ref_stop_time: 2116373172191011, actual_exe_time: 44100, task_app_start_time:2116367583020641, task_sched_time:2116373172142321
app_id: 0, app_name: SAR_api-aarch64, task_id: 1927, task_name: DASH_ZIP, resource_name: cpu2, ref_start_time: 2116373172779851, ref_stop_time: 2116373172857041, actual_exe_time: 77190, task_app_start_time:2116367583020641, task_sched_time:2116373172774331
app_id: 0, app_name: SAR_api-aarch64, task_id: 1928, task_name: DASH_FFT, resource_name: cpu3, ref_start_time: 2116373174510281, ref_stop_time: 2116373174576521, actual_exe_time: 66240, task_app_start_time:2116367583020641, task_sched_time:2116373173294561
app_id: 0, app_name: SAR_api-aarch64, task_id: 1929, task_name: DASH_ZIP, resource_name: zip1, ref_start_time: 2116373175201691, ref_stop_time: 2116373175320161, actual_exe_time: 118470, task_app_start_time:2116367583020641, task_sched_time:2116373175194641
app_id: 0, app_name: SAR_api-aarch64, task_id: 1930, task_name: DASH_FFT, resource_name: cpu1, ref_start_time: 2116373175765181, ref_stop_time: 2116373175808441, actual_exe_time: 43260, task_app_start_time:2116367583020641, task_sched_time:2116373175759421
app_id: 0, app_name: SAR_api-aarch64, task_id: 1931, task_name: DASH_ZIP, resource_name: cpu2, ref_start_time: 2116373176466431, ref_stop_time: 2116373176544311, actual_exe_time: 77880, task_app_start_time:2116367583020641, task_sched_time:2116373176461661
app_id: 0, app_name: SAR_api-aarch64, task_id: 1932, task_name: DASH_FFT, resource_name: cpu3, ref_start_time: 2116373178536282, ref_stop_time: 2116373178597242, actual_exe_time: 60960, task_app_start_time:2116367583020641, task_sched_time:2116373177100631
app_id: 0, app_name: SAR_api-aarch64, task_id: 1933, task_name: DASH_ZIP, resource_name: zip1, ref_start_time: 2116373179243712, ref_stop_time: 2116373179361882, actual_exe_time: 118170, task_app_start_time:2116367583020641, task_sched_time:2116373179239062
app_id: 0, app_name: SAR_api-aarch64, task_id: 1934, task_name: DASH_FFT, resource_name: cpu1, ref_start_time: 2116373179805942, ref_stop_time: 2116373179848662, actual_exe_time: 42720, task_app_start_time:2116367583020641, task_sched_time:2116373179799762
app_id: 0, app_name: SAR_api-aarch64, task_id: 1935, task_name: DASH_ZIP, resource_name: cpu2, ref_start_time: 2116373183854562, ref_stop_time: 2116373183938172, actual_exe_time: 83610, task_app_start_time:2116367583020641, task_sched_time:2116373180868752
app_id: 0, app_name: SAR_api-aarch64, task_id: 1936, task_name: DASH_FFT, resource_name: cpu3, ref_start_time: 2116373187241893, ref_stop_time: 2116373187310203, actual_exe_time: 68310, task_app_start_time:2116367583020641, task_sched_time:2116373187233403
app_id: 0, app_name: SAR_api-aarch64, task_id: 1937, task_name: DASH_ZIP, resource_name: zip1, ref_start_time: 2116373191397494, ref_stop_time: 2116373191519654, actual_exe_time: 122160, task_app_start_time:2116367583020641, task_sched_time:2116373191386784
app_id: 0, app_name: SAR_api-aarch64, task_id: 1938, task_name: DASH_FFT, resource_name: cpu1, ref_start_time: 2116373192110324, ref_stop_time: 2116373192155624, actual_exe_time: 45300, task_app_start_time:2116367583020641, task_sched_time:2116373192105374
app_id: 0, app_name: SAR_api-aarch64, task_id: 1939, task_name: DASH_ZIP, resource_name: cpu2, ref_start_time: 2116373194638184, ref_stop_time: 2116373194717684, actual_exe_time: 79500, task_app_start_time:2116367583020641, task_sched_time:2116373194631554
app_id: 0, app_name: SAR_api-aarch64, task_id: 1940, task_name: DASH_FFT, resource_name: cpu3, ref_start_time: 2116373195429854, ref_stop_time: 2116373195492644, actual_exe_time: 62790, task_app_start_time:2116367583020641, task_sched_time:2116373195426104
app_id: 0, app_name: SAR_api-aarch64, task_id: 1941, task_name: DASH_ZIP, resource_name: zip1, ref_start_time: 2116373198127545, ref_stop_time: 2116373198246435, actual_exe_time: 118890, task_app_start_time:2116367583020641, task_sched_time:2116373198120855
app_id: 0, app_name: SAR_api-aarch64, task_id: 1942, task_name: DASH_FFT, resource_name: cpu1, ref_start_time: 2116373199488975, ref_stop_time: 2116373199533645, actual_exe_time: 44670, task_app_start_time:2116367583020641, task_sched_time:2116373199475685
app_id: 0, app_name: SAR_api-aarch64, task_id: 1943, task_name: DASH_ZIP, resource_name: cpu2, ref_start_time: 2116373200377185, ref_stop_time: 2116373200454855, actual_exe_time: 77670, task_app_start_time:2116367583020641, task_sched_time:2116373200370585
app_id: 0, app_name: SAR_api-aarch64, task_id: 1944, task_name: DASH_FFT, resource_name: cpu3, ref_start_time: 2116373200931315, ref_stop_time: 2116373200989035, actual_exe_time: 57720, task_app_start_time:2116367583020641, task_sched_time:2116373200926905
app_id: 0, app_name: SAR_api-aarch64, task_id: 1945, task_name: DASH_ZIP, resource_name: zip1, ref_start_time: 2116373202005585, ref_stop_time: 2116373202122345, actual_exe_time: 116760, task_app_start_time:2116367583020641, task_sched_time:2116373201997875
app_id: 0, app_name: SAR_api-aarch64, task_id: 1946, task_name: DASH_FFT, resource_name: cpu1, ref_start_time: 2116373206168746, ref_stop_time: 2116373206222686, actual_exe_time: 53940, task_app_start_time:2116367583020641, task_sched_time:2116373206154796
app_id: 0, app_name: SAR_api-aarch64, task_id: 1947, task_name: DASH_ZIP, resource_name: cpu2, ref_start_time: 2116373211464407, ref_stop_time: 2116373211545227, actual_exe_time: 80820, task_app_start_time:2116367583020641, task_sched_time:2116373211453517
app_id: 0, app_name: SAR_api-aarch64, task_id: 1948, task_name: DASH_FFT, resource_name: cpu3, ref_start_time: 2116373212213537, ref_stop_time: 2116373212276537, actual_exe_time: 63000, task_app_start_time:2116367583020641, task_sched_time:2116373212207627
app_id: 0, app_name: SAR_api-aarch64, task_id: 1949, task_name: DASH_ZIP, resource_name: zip1, ref_start_time: 2116373213278897, ref_stop_time: 2116373213397967, actual_exe_time: 119070, task_app_start_time:2116367583020641, task_sched_time:2116373213274337
app_id: 0, app_name: SAR_api-aarch64, task_id: 1950, task_name: DASH_FFT, resource_name: cpu1, ref_start_time: 2116373214290767, ref_stop_time: 2116373214332857, actual_exe_time: 42090, task_app_start_time:2116367583020641, task_sched_time:2116373214286267
app_id: 0, app_name: SAR_api-aarch64, task_id: 1951, task_name: DASH_ZIP, resource_name: cpu2, ref_start_time: 2116373223224559, ref_stop_time: 2116373223309369, actual_exe_time: 84810, task_app_start_time:2116367583020641, task_sched_time:2116373223217749
app_id: 0, app_name: SAR_api-aarch64, task_id: 1952, task_name: DASH_FFT, resource_name: cpu3, ref_start_time: 2116373226850419, ref_stop_time: 2116373226915909, actual_exe_time: 65490, task_app_start_time:2116367583020641, task_sched_time:2116373226844149
app_id: 0, app_name: SAR_api-aarch64, task_id: 1953, task_name: DASH_ZIP, resource_name: zip1, ref_start_time: 2116373228179090, ref_stop_time: 2116373228300110, actual_exe_time: 121020, task_app_start_time:2116367583020641, task_sched_time:2116373228175460
app_id: 0, app_name: SAR_api-aarch64, task_id: 1954, task_name: DASH_FFT, resource_name: cpu1, ref_start_time: 2116373234809961, ref_stop_time: 2116373234863181, actual_exe_time: 53220, task_app_start_time:2116367583020641, task_sched_time:2116373234797571
app_id: 0, app_name: SAR_api-aarch64, task_id: 1955, task_name: DASH_ZIP, resource_name: cpu2, ref_start_time: 2116373235734621, ref_stop_time: 2116373235814241, actual_exe_time: 79620, task_app_start_time:2116367583020641, task_sched_time:2116373235724931
app_id: 0, app_name: SAR_api-aarch64, task_id: 1956, task_name: DASH_FFT, resource_name: cpu3, ref_start_time: 2116373236497731, ref_stop_time: 2116373236556381, actual_exe_time: 58650, task_app_start_time:2116367583020641, task_sched_time:2116373236492991
app_id: 0, app_name: SAR_api-aarch64, task_id: 1957, task_name: DASH_ZIP, resource_name: zip1, ref_start_time: 2116373237696861, ref_stop_time: 2116373237818151, actual_exe_time: 121290, task_app_start_time:2116367583020641, task_sched_time:2116373237688071
app_id: 0, app_name: SAR_api-aarch64, task_id: 1958, task_name: DASH_FFT, resource_name: cpu1, ref_start_time: 2116373238586451, ref_stop_time: 2116373238629171, actual_exe_time: 42720, task_app_start_time:2116367583020641, task_sched_time:2116373238582851
app_id: 0, app_name: SAR_api-aarch64, task_id: 1959, task_name: DASH_ZIP, resource_name: cpu2, ref_start_time: 2116373239482251, ref_stop_time: 2116373239560161, actual_exe_time: 77910, task_app_start_time:2116367583020641, task_sched_time:2116373239472951
app_id: 0, app_name: SAR_api-aarch64, task_id: 1960, task_name: DASH_FFT, resource_name: cpu3, ref_start_time: 2116373240215301, ref_stop_time: 2116373240273412, actual_exe_time: 58111, task_app_start_time:2116367583020641, task_sched_time:2116373240208611
app_id: 0, app_name: SAR_api-aarch64, task_id: 1961, task_name: DASH_ZIP, resource_name: zip1, ref_start_time: 2116373243533902, ref_stop_time: 2116373243660082, actual_exe_time: 126180, task_app_start_time:2116367583020641, task_sched_time:2116373241382392
app_id: 0, app_name: SAR_api-aarch64, task_id: 1962, task_name: DASH_FFT, resource_name: cpu1, ref_start_time: 2116373247044203, ref_stop_time: 2116373247099133, actual_exe_time: 54930, task_app_start_time:2116367583020641, task_sched_time:2116373247031783
app_id: 0, app_name: SAR_api-aarch64, task_id: 1963, task_name: DASH_ZIP, resource_name: cpu2, ref_start_time: 2116373247825073, ref_stop_time: 2116373247903883, actual_exe_time: 78810, task_app_start_time:2116367583020641, task_sched_time:2116373247820693
app_id: 0, app_name: SAR_api-aarch64, task_id: 1964, task_name: DASH_FFT, resource_name: cpu3, ref_start_time: 2116373251463503, ref_stop_time: 2116373251531363, actual_exe_time: 67860, task_app_start_time:2116367583020641, task_sched_time:2116373251458463
app_id: 0, app_name: SAR_api-aarch64, task_id: 1965, task_name: DASH_ZIP, resource_name: zip1, ref_start_time: 2116373252546683, ref_stop_time: 2116373252668094, actual_exe_time: 121411, task_app_start_time:2116367583020641, task_sched_time:2116373252539183
app_id: 0, app_name: SAR_api-aarch64, task_id: 1966, task_name: DASH_FFT, resource_name: cpu1, ref_start_time: 2116373256864344, ref_stop_time: 2116373256914654, actual_exe_time: 50310, task_app_start_time:2116367583020641, task_sched_time:2116373256848654
app_id: 0, app_name: SAR_api-aarch64, task_id: 1967, task_name: DASH_ZIP, resource_name: cpu2, ref_start_time: 2116373257633934, ref_stop_time: 2116373257716224, actual_exe_time: 82290, task_app_start_time:2116367583020641, task_sched_time:2116373257629794
app_id: 0, app_name: SAR_api-aarch64, task_id: 1968, task_name: DASH_FFT, resource_name: cpu3, ref_start_time: 2116373258552954, ref_stop_time: 2116373258620004, actual_exe_time: 67050, task_app_start_time:2116367583020641, task_sched_time:2116373258350184
app_id: 0, app_name: SAR_api-aarch64, task_id: 1969, task_name: DASH_ZIP, resource_name: zip1, ref_start_time: 2116373261077275, ref_stop_time: 2116373261200575, actual_exe_time: 123300, task_app_start_time:2116367583020641, task_sched_time:2116373259732675
app_id: 0, app_name: SAR_api-aarch64, task_id: 1970, task_name: DASH_FFT, resource_name: cpu1, ref_start_time: 2116373261952315, ref_stop_time: 2116373262000015, actual_exe_time: 47700, task_app_start_time:2116367583020641, task_sched_time:2116373261942235
app_id: 0, app_name: SAR_api-aarch64, task_id: 1971, task_name: DASH_ZIP, resource_name: cpu2, ref_start_time: 2116373266713436, ref_stop_time: 2116373266795336, actual_exe_time: 81900, task_app_start_time:2116367583020641, task_sched_time:2116373266709026
app_id: 0, app_name: SAR_api-aarch64, task_id: 1972, task_name: DASH_FFT, resource_name: cpu3, ref_start_time: 2116373267708416, ref_stop_time: 2116373267773366, actual_exe_time: 64950, task_app_start_time:2116367583020641, task_sched_time:2116373267703946
app_id: 0, app_name: SAR_api-aarch64, task_id: 1973, task_name: DASH_ZIP, resource_name: zip1, ref_start_time: 2116373273962547, ref_stop_time: 2116373274089537, actual_exe_time: 126990, task_app_start_time:2116367583020641, task_sched_time:2116373273954417
app_id: 0, app_name: SAR_api-aarch64, task_id: 1974, task_name: DASH_FFT, resource_name: cpu1, ref_start_time: 2116373275000397, ref_stop_time: 2116373275047767, actual_exe_time: 47370, task_app_start_time:2116367583020641, task_sched_time:2116373274996467
app_id: 0, app_name: SAR_api-aarch64, task_id: 1975, task_name: DASH_ZIP, resource_name: cpu2, ref_start_time: 2116373275656947, ref_stop_time: 2116373275734557, actual_exe_time: 77610, task_app_start_time:2116367583020641, task_sched_time:2116373275651637
app_id: 0, app_name: SAR_api-aarch64, task_id: 1976, task_name: DASH_FFT, resource_name: cpu3, ref_start_time: 2116373279436378, ref_stop_time: 2116373279506878, actual_exe_time: 70500, task_app_start_time:2116367583020641, task_sched_time:2116373276510657
app_id: 0, app_name: SAR_api-aarch64, task_id: 1977, task_name: DASH_ZIP, resource_name: zip1, ref_start_time: 2116373283250788, ref_stop_time: 2116373283374598, actual_exe_time: 123810, task_app_start_time:2116367583020641, task_sched_time:2116373283240888
app_id: 0, app_name: SAR_api-aarch64, task_id: 1978, task_name: DASH_FFT, resource_name: cpu1, ref_start_time: 2116373286959179, ref_stop_time: 2116373287015129, actual_exe_time: 55950, task_app_start_time:2116367583020641, task_sched_time:2116373286789199
app_id: 0, app_name: SAR_api-aarch64, task_id: 1979, task_name: DASH_ZIP, resource_name: cpu2, ref_start_time: 2116373290277030, ref_stop_time: 2116373290358030, actual_exe_time: 81000, task_app_start_time:2116367583020641, task_sched_time:2116373290089500
app_id: 0, app_name: SAR_api-aarch64, task_id: 1980, task_name: DASH_FFT, resource_name: cpu3, ref_start_time: 2116373294629100, ref_stop_time: 2116373294697290, actual_exe_time: 68190, task_app_start_time:2116367583020641, task_sched_time:2116373294619650
app_id: 0, app_name: SAR_api-aarch64, task_id: 1981, task_name: DASH_ZIP, resource_name: zip1, ref_start_time: 2116373295508940, ref_stop_time: 2116373295629960, actual_exe_time: 121020, task_app_start_time:2116367583020641, task_sched_time:2116373295501410
app_id: 0, app_name: SAR_api-aarch64, task_id: 1982, task_name: DASH_FFT, resource_name: cpu1, ref_start_time: 2116373299187091, ref_stop_time: 2116373299238091, actual_exe_time: 51000, task_app_start_time:2116367583020641, task_sched_time:2116373299175841
app_id: 0, app_name: SAR_api-aarch64, task_id: 1983, task_name: DASH_ZIP, resource_name: cpu2, ref_start_time: 2116373302725202, ref_stop_time: 2116373302806112, actual_exe_time: 80910, task_app_start_time:2116367583020641, task_sched_time:2116373302721662
app_id: 0, app_name: SAR_api-aarch64, task_id: 1984, task_name: DASH_FFT, resource_name: cpu3, ref_start_time: 2116373303214742, ref_stop_time: 2116373303276242, actual_exe_time: 61500, task_app_start_time:2116367583020641, task_sched_time:2116373303205652
app_id: 0, app_name: SAR_api-aarch64, task_id: 1985, task_name: DASH_ZIP, resource_name: zip1, ref_start_time: 2116373305695472, ref_stop_time: 2116373305819432, actual_exe_time: 123960, task_app_start_time:2116367583020641, task_sched_time:2116373305688242
app_id: 0, app_name: SAR_api-aarch64, task_id: 1986, task_name: DASH_FFT, resource_name: cpu1, ref_start_time: 2116373310138503, ref_stop_time: 2116373310193103, actual_exe_time: 54600, task_app_start_time:2116367583020641, task_sched_time:2116373309892113
app_id: 0, app_name: SAR_api-aarch64, task_id: 1987, task_name: DASH_ZIP, resource_name: cpu2, ref_start_time: 2116373310931703, ref_stop_time: 2116373311014443, actual_exe_time: 82740, task_app_start_time:2116367583020641, task_sched_time:2116373310924803
app_id: 0, app_name: SAR_api-aarch64, task_id: 1988, task_name: DASH_FFT, resource_name: cpu3, ref_start_time: 2116373314516343, ref_stop_time: 2116373314589813, actual_exe_time: 73470, task_app_start_time:2116367583020641, task_sched_time:2116373311500143
app_id: 0, app_name: SAR_api-aarch64, task_id: 1989, task_name: DASH_ZIP, resource_name: zip1, ref_start_time: 2116373318818464, ref_stop_time: 2116373318939934, actual_exe_time: 121470, task_app_start_time:2116367583020641, task_sched_time:2116373318809944
app_id: 0, app_name: SAR_api-aarch64, task_id: 1990, task_name: DASH_FFT, resource_name: cpu1, ref_start_time: 2116373320262814, ref_stop_time: 2116373320313664, actual_exe_time: 50850, task_app_start_time:2116367583020641, task_sched_time:2116373320257144
app_id: 0, app_name: SAR_api-aarch64, task_id: 1991, task_name: DASH_ZIP, resource_name: cpu2, ref_start_time: 2116373323019545, ref_stop_time: 2116373323101055, actual_exe_time: 81510, task_app_start_time:2116367583020641, task_sched_time:2116373323010665
app_id: 0, app_name: SAR_api-aarch64, task_id: 1992, task_name: DASH_FFT, resource_name: cpu3, ref_start_time: 2116373323269325, ref_stop_time: 2116373323330405, actual_exe_time: 61080, task_app_start_time:2116367583020641, task_sched_time:2116373323262725
app_id: 0, app_name: SAR_api-aarch64, task_id: 1993, task_name: DASH_ZIP, resource_name: zip1, ref_start_time: 2116373330510606, ref_stop_time: 2116373330638586, actual_exe_time: 127980, task_app_start_time:2116367583020641, task_sched_time:2116373325936085
app_id: 0, app_name: SAR_api-aarch64, task_id: 1994, task_name: DASH_FFT, resource_name: cpu1, ref_start_time: 2116373331551276, ref_stop_time: 2116373331601196, actual_exe_time: 49920, task_app_start_time:2116367583020641, task_sched_time:2116373331542366
app_id: 0, app_name: SAR_api-aarch64, task_id: 1995, task_name: DASH_ZIP, resource_name: cpu2, ref_start_time: 2116373332100936, ref_stop_time: 2116373332179266, actual_exe_time: 78330, task_app_start_time:2116367583020641, task_sched_time:2116373332095326
app_id: 0, app_name: SAR_api-aarch64, task_id: 1996, task_name: DASH_FFT, resource_name: cpu3, ref_start_time: 2116373334501777, ref_stop_time: 2116373334571287, actual_exe_time: 69510, task_app_start_time:2116367583020641, task_sched_time:2116373332380836
app_id: 0, app_name: SAR_api-aarch64, task_id: 1997, task_name: DASH_ZIP, resource_name: zip1, ref_start_time: 2116373335836117, ref_stop_time: 2116373335962117, actual_exe_time: 126000, task_app_start_time:2116367583020641, task_sched_time:2116373335417827
app_id: 0, app_name: SAR_api-aarch64, task_id: 1998, task_name: DASH_FFT, resource_name: cpu1, ref_start_time: 2116373338910757, ref_stop_time: 2116373338964967, actual_exe_time: 54210, task_app_start_time:2116367583020641, task_sched_time:2116373338903917
app_id: 0, app_name: SAR_api-aarch64, task_id: 1999, task_name: DASH_ZIP, resource_name: cpu2, ref_start_time: 2116373342733058, ref_stop_time: 2116373342816698, actual_exe_time: 83640, task_app_start_time:2116367583020641, task_sched_time:2116373342725528
app_id: 0, app_name: SAR_api-aarch64, task_id: 2000, task_name: DASH_FFT, resource_name: cpu3, ref_start_time: 2116373343289168, ref_stop_time: 2116373343357448, actual_exe_time: 68280, task_app_start_time:2116367583020641, task_sched_time:2116373343281548
app_id: 0, app_name: SAR_api-aarch64, task_id: 2001, task_name: DASH_ZIP, resource_name: zip1, ref_start_time: 2116373346850589, ref_stop_time: 2116373346974339, actual_exe_time: 123750, task_app_start_time:2116367583020641, task_sched_time:2116373346843089
app_id: 0, app_name: SAR_api-aarch64, task_id: 2002, task_name: DASH_FFT, resource_name: cpu1, ref_start_time: 2116373347547039, ref_stop_time: 2116373347595219, actual_exe_time: 48180, task_app_start_time:2116367583020641, task_sched_time:2116373347538279
app_id: 0, app_name: SAR_api-aarch64, task_id: 2003, task_name: DASH_ZIP, resource_name: cpu2, ref_start_time: 2116373350812509, ref_stop_time: 2116373350892009, actual_exe_time: 79500, task_app_start_time:2116367583020641, task_sched_time:2116373350803719
app_id: 0, app_name: SAR_api-aarch64, task_id: 2004, task_name: DASH_FFT, resource_name: cpu3, ref_start_time: 2116373351264939, ref_stop_time: 2116373351328479, actual_exe_time: 63540, task_app_start_time:2116367583020641, task_sched_time:2116373351260559
app_id: 0, app_name: SAR_api-aarch64, task_id: 2005, task_name: DASH_ZIP, resource_name: zip1, ref_start_time: 2116373353250970, ref_stop_time: 2116373353373040, actual_exe_time: 122070, task_app_start_time:2116367583020641, task_sched_time:2116373353240680
app_id: 0, app_name: SAR_api-aarch64, task_id: 2006, task_name: DASH_FFT, resource_name: cpu1, ref_start_time: 2116373354703750, ref_stop_time: 2116373354754780, actual_exe_time: 51030, task_app_start_time:2116367583020641, task_sched_time:2116373354696880
app_id: 0, app_name: SAR_api-aarch64, task_id: 2007, task_name: DASH_ZIP, resource_name: cpu2, ref_start_time: 2116373362559641, ref_stop_time: 2116373362648681, actual_exe_time: 89040, task_app_start_time:2116367583020641, task_sched_time:2116373358068040
app_id: 0, app_name: SAR_api-aarch64, task_id: 2008, task_name: DASH_FFT, resource_name: cpu3, ref_start_time: 2116373363315941, ref_stop_time: 2116373363382031, actual_exe_time: 66090, task_app_start_time:2116367583020641, task_sched_time:2116373363307421
app_id: 0, app_name: SAR_api-aarch64, task_id: 2009, task_name: DASH_ZIP, resource_name: zip1, ref_start_time: 2116373363910001, ref_stop_time: 2116373364029581, actual_exe_time: 119580, task_app_start_time:2116367583020641, task_sched_time:2116373363907151
app_id: 0, app_name: SAR_api-aarch64, task_id: 2010, task_name: DASH_FFT, resource_name: cpu1, ref_start_time: 2116373367209102, ref_stop_time: 2116373367257882, actual_exe_time: 48780, task_app_start_time:2116367583020641, task_sched_time:2116373367190772
app_id: 0, app_name: SAR_api-aarch64, task_id: 2011, task_name: DASH_ZIP, resource_name: cpu2, ref_start_time: 2116373370604592, ref_stop_time: 2116373370689282, actual_exe_time: 84690, task_app_start_time:2116367583020641, task_sched_time:2116373370596972
app_id: 0, app_name: SAR_api-aarch64, task_id: 2012, task_name: DASH_FFT, resource_name: cpu3, ref_start_time: 2116373375079033, ref_stop_time: 2116373375144223, actual_exe_time: 65190, task_app_start_time:2116367583020641, task_sched_time:2116373375068383
app_id: 0, app_name: SAR_api-aarch64, task_id: 2013, task_name: DASH_ZIP, resource_name: zip1, ref_start_time: 2116373378666854, ref_stop_time: 2116373378788504, actual_exe_time: 121650, task_app_start_time:2116367583020641, task_sched_time:2116373378661004
app_id: 0, app_name: SAR_api-aarch64, task_id: 2014, task_name: DASH_FFT, resource_name: cpu1, ref_start_time: 2116373379359014, ref_stop_time: 2116373379406654, actual_exe_time: 47640, task_app_start_time:2116367583020641, task_sched_time:2116373379347044
app_id: 0, app_name: SAR_api-aarch64, task_id: 2015, task_name: DASH_ZIP, resource_name: cpu2, ref_start_time: 2116373382873514, ref_stop_time: 2116373382951604, actual_exe_time: 78090, task_app_start_time:2116367583020641, task_sched_time:2116373382845134
app_id: 0, app_name: SAR_api-aarch64, task_id: 2016, task_name: DASH_FFT, resource_name: cpu3, ref_start_time: 2116373386664105, ref_stop_time: 2116373386729925, actual_exe_time: 65820, task_app_start_time:2116367583020641, task_sched_time:2116373386654115
app_id: 0, app_name: SAR_api-aarch64, task_id: 2017, task_name: DASH_ZIP, resource_name: zip1, ref_start_time: 2116373390726706, ref_stop_time: 2116373390853696, actual_exe_time: 126990, task_app_start_time:2116367583020641, task_sched_time:2116373390719086
app_id: 0, app_name: SAR_api-aarch64, task_id: 2018, task_name: DASH_FFT, resource_name: cpu1, ref_start_time: 2116373397260377, ref_stop_time: 2116373397313147, actual_exe_time: 52770, task_app_start_time:2116367583020641, task_sched_time:2116373397229567
app_id: 0, app_name: SAR_api-aarch64, task_id: 2019, task_name: DASH_ZIP, resource_name: cpu2, ref_start_time: 2116373402697788, ref_stop_time: 2116373402784278, actual_exe_time: 86490, task_app_start_time:2116367583020641, task_sched_time:2116373402614118
app_id: 0, app_name: SAR_api-aarch64, task_id: 2020, task_name: DASH_FFT, resource_name: cpu3, ref_start_time: 2116373410842159, ref_stop_time: 2116373410912959, actual_exe_time: 70800, task_app_start_time:2116367583020641, task_sched_time:2116373410836339
app_id: 0, app_name: SAR_api-aarch64, task_id: 2021, task_name: DASH_ZIP, resource_name: zip1, ref_start_time: 2116373411775879, ref_stop_time: 2116373411898459, actual_exe_time: 122580, task_app_start_time:2116367583020641, task_sched_time:2116373411771259
app_id: 0, app_name: SAR_api-aarch64, task_id: 2022, task_name: DASH_FFT, resource_name: cpu1, ref_start_time: 2116373418934600, ref_stop_time: 2116373418995080, actual_exe_time: 60480, task_app_start_time:2116367583020641, task_sched_time:2116373418922330
app_id: 0, app_name: SAR_api-aarch64, task_id: 2023, task_name: DASH_ZIP, resource_name: cpu2, ref_start_time: 2116373422576361, ref_stop_time: 2116373422657181, actual_exe_time: 80820, task_app_start_time:2116367583020641, task_sched_time:2116373422566611
app_id: 0, app_name: SAR_api-aarch64, task_id: 2024, task_name: DASH_FFT, resource_name: cpu3, ref_start_time: 2116373425881251, ref_stop_time: 2116373425943321, actual_exe_time: 62070, task_app_start_time:2116367583020641, task_sched_time:2116373425871831
app_id: 0, app_name: SAR_api-aarch64, task_id: 2025, task_name: DASH_ZIP, resource_name: zip1, ref_start_time: 2116373430963432, ref_stop_time: 2116373431089012, actual_exe_time: 125580, task_app_start_time:2116367583020641, task_sched_time:2116373430955392
app_id: 0, app_name: SAR_api-aarch64, task_id: 2026, task_name: DASH_FFT, resource_name: cpu1, ref_start_time: 2116373434706353, ref_stop_time: 2116373434759903, actual_exe_time: 53550, task_app_start_time:2116367583020641, task_sched_time:2116373434618573
app_id: 0, app_name: SAR_api-aarch64, task_id: 2027, task_name: DASH_ZIP, resource_name: cpu2, ref_start_time: 2116373440206434, ref_stop_time: 2116373441095904, actual_exe_time: 889470, task_app_start_time:2116367583020641, task_sched_time:2116373440192844
app_id: 0, app_name: SAR_api-aarch64, task_id: 2028, task_name: DASH_FFT, resource_name: cpu3, ref_start_time: 2116373446639755, ref_stop_time: 2116373446714065, actual_exe_time: 74310, task_app_start_time:2116367583020641, task_sched_time:2116373446633605
app_id: 0, app_name: SAR_api-aarch64, task_id: 2029, task_name: DASH_ZIP, resource_name: zip1, ref_start_time: 2116373450662965, ref_stop_time: 2116373450784735, actual_exe_time: 121770, task_app_start_time:2116367583020641, task_sched_time:2116373450652765
app_id: 0, app_name: SAR_api-aarch64, task_id: 2030, task_name: DASH_FFT, resource_name: cpu1, ref_start_time: 2116373455057876, ref_stop_time: 2116373455110796, actual_exe_time: 52920, task_app_start_time:2116367583020641, task_sched_time:2116373455047196
app_id: 0, app_name: SAR_api-aarch64, task_id: 2031, task_name: DASH_ZIP, resource_name: cpu2, ref_start_time: 2116373462569547, ref_stop_time: 2116373462662397, actual_exe_time: 92850, task_app_start_time:2116367583020641, task_sched_time:2116373462559257
app_id: 0, app_name: SAR_api-aarch64, task_id: 2032, task_name: DASH_FFT, resource_name: cpu3, ref_start_time: 2116373466559818, ref_stop_time: 2116373466627948, actual_exe_time: 68130, task_app_start_time:2116367583020641, task_sched_time:2116373466555798
app_id: 0, app_name: SAR_api-aarch64, task_id: 2033, task_name: DASH_ZIP, resource_name: zip1, ref_start_time: 2116373468805498, ref_stop_time: 2116373468928708, actual_exe_time: 123210, task_app_start_time:2116367583020641, task_sched_time:2116373468800998
app_id: 0, app_name: SAR_api-aarch64, task_id: 2034, task_name: DASH_FFT, resource_name: cpu1, ref_start_time: 2116373474713819, ref_stop_time: 2116373474773219, actual_exe_time: 59400, task_app_start_time:2116367583020641, task_sched_time:2116373474699269
app_id: 0, app_name: SAR_api-aarch64, task_id: 2035, task_name: DASH_ZIP, resource_name: cpu2, ref_start_time: 2116373478918770, ref_stop_time: 2116373478999440, actual_exe_time: 80670, task_app_start_time:2116367583020641, task_sched_time:2116373478856580
app_id: 0, app_name: SAR_api-aarch64, task_id: 2036, task_name: DASH_FFT, resource_name: cpu3, ref_start_time: 2116373482766301, ref_stop_time: 2116373482827231, actual_exe_time: 60930, task_app_start_time:2116367583020641, task_sched_time:2116373482758651
app_id: 0, app_name: SAR_api-aarch64, task_id: 2037, task_name: DASH_ZIP, resource_name: zip1, ref_start_time: 2116373483851641, ref_stop_time: 2116373483972601, actual_exe_time: 120960, task_app_start_time:2116367583020641, task_sched_time:2116373483847021
app_id: 0, app_name: SAR_api-aarch64, task_id: 2038, task_name: DASH_FFT, resource_name: cpu1, ref_start_time: 2116373490737422, ref_stop_time: 2116373490803632, actual_exe_time: 66210, task_app_start_time:2116367583020641, task_sched_time:2116373490731902
app_id: 0, app_name: SAR_api-aarch64, task_id: 2039, task_name: DASH_ZIP, resource_name: cpu2, ref_start_time: 2116373497217273, ref_stop_time: 2116373497304483, actual_exe_time: 87210, task_app_start_time:2116367583020641, task_sched_time:2116373496940403
app_id: 0, app_name: SAR_api-aarch64, task_id: 2040, task_name: DASH_FFT, resource_name: cpu3, ref_start_time: 2116373502639204, ref_stop_time: 2116373502705234, actual_exe_time: 66030, task_app_start_time:2116367583020641, task_sched_time:2116373502632334
app_id: 0, app_name: SAR_api-aarch64, task_id: 2041, task_name: DASH_ZIP, resource_name: zip1, ref_start_time: 2116373510881825, ref_stop_time: 2116373511010075, actual_exe_time: 128250, task_app_start_time:2116367583020641, task_sched_time:2116373510871655
app_id: 0, app_name: SAR_api-aarch64, task_id: 2042, task_name: DASH_FFT, resource_name: cpu1, ref_start_time: 2116373514669806, ref_stop_time: 2116373514724826, actual_exe_time: 55020, task_app_start_time:2116367583020641, task_sched_time:2116373514657446
app_id: 0, app_name: SAR_api-aarch64, task_id: 2043, task_name: DASH_ZIP, resource_name: cpu2, ref_start_time: 2116373522676357, ref_stop_time: 2116373522759847, actual_exe_time: 83490, task_app_start_time:2116367583020641, task_sched_time:2116373522602827
app_id: 0, app_name: SAR_api-aarch64, task_id: 2044, task_name: DASH_FFT, resource_name: cpu3, ref_start_time: 2116373525079537, ref_stop_time: 2116373525143827, actual_exe_time: 64290, task_app_start_time:2116367583020641, task_sched_time:2116373525076027
app_id: 0, app_name: SAR_api-aarch64, task_id: 2045, task_name: DASH_ZIP, resource_name: zip1, ref_start_time: 2116373525597307, ref_stop_time: 2116373526321868, actual_exe_time: 724561, task_app_start_time:2116367583020641, task_sched_time:2116373525588127
app_id: 0, app_name: SAR_api-aarch64, task_id: 2046, task_name: DASH_FFT, resource_name: cpu1, ref_start_time: 2116373534961419, ref_stop_time: 2116373535024179, actual_exe_time: 62760, task_app_start_time:2116367583020641, task_sched_time:2116373534952899
app_id: 0, app_name: SAR_api-aarch64, task_id: 2047, task_name: DASH_ZIP, resource_name: cpu2, ref_start_time: 2116373538566400, ref_stop_time: 2116373538645600, actual_exe_time: 79200, task_app_start_time:2116367583020641, task_sched_time:2116373538560010
app_id: 0, app_name: SAR_api-aarch64, task_id: 2048, task_name: DASH_FFT, resource_name: cpu3, ref_start_time: 2116373539411860, ref_stop_time: 2116373539489500, actual_exe_time: 77640, task_app_start_time:2116367583020641, task_sched_time:2116373539403640
app_id: 0, app_name: SAR_api-aarch64, task_id: 2049, task_name: DASH_ZIP, resource_name: zip1, ref_start_time: 2116373543067210, ref_stop_time: 2116373543193660, actual_exe_time: 126450, task_app_start_time:2116367583020641, task_sched_time:2116373543058060
app_id: 0, app_name: SAR_api-aarch64, task_id: 2050, task_name: DASH_FFT, resource_name: cpu1, ref_start_time: 2116373550861721, ref_stop_time: 2116373550916262, actual_exe_time: 54541, task_app_start_time:2116367583020641, task_sched_time:2116373550698371
app_id: 0, app_name: SAR_api-aarch64, task_id: 2051, task_name: DASH_ZIP, resource_name: cpu2, ref_start_time: 2116373553951602, ref_stop_time: 2116373554040162, actual_exe_time: 88560, task_app_start_time:2116367583020641, task_sched_time:2116373553706772
app_id: 0, app_name: SAR_api-aarch64, task_id: 2052, task_name: DASH_FFT, resource_name: cpu3, ref_start_time: 2116373554218812, ref_stop_time: 2116373554281032, actual_exe_time: 62220, task_app_start_time:2116367583020641, task_sched_time:2116373554215662
app_id: 0, app_name: SAR_api-aarch64, task_id: 2053, task_name: DASH_ZIP, resource_name: zip1, ref_start_time: 2116373562526053, ref_stop_time: 2116373562652563, actual_exe_time: 126510, task_app_start_time:2116367583020641, task_sched_time:2116373562518973
app_id: 0, app_name: SAR_api-aarch64, task_id: 2054, task_name: DASH_FFT, resource_name: cpu1, ref_start_time: 2116373566764214, ref_stop_time: 2116373566815544, actual_exe_time: 51330, task_app_start_time:2116367583020641, task_sched_time:2116373566630564
app_id: 0, app_name: SAR_api-aarch64, task_id: 2055, task_name: DASH_ZIP, resource_name: cpu2, ref_start_time: 2116373567780944, ref_stop_time: 2116373567860624, actual_exe_time: 79680, task_app_start_time:2116367583020641, task_sched_time:2116373567776414
app_id: 0, app_name: SAR_api-aarch64, task_id: 2056, task_name: DASH_FFT, resource_name: cpu3, ref_start_time: 2116373568243154, ref_stop_time: 2116373568302164, actual_exe_time: 59010, task_app_start_time:2116367583020641, task_sched_time:2116373568234934
app_id: 0, app_name: SAR_api-aarch64, task_id: 2057, task_name: DASH_ZIP, resource_name: zip1, ref_start_time: 2116373574777965, ref_stop_time: 2116373574901895, actual_exe_time: 123930, task_app_start_time:2116367583020641, task_sched_time:2116373574767255
app_id: 0, app_name: SAR_api-aarch64, task_id: 2058, task_name: DASH_FFT, resource_name: cpu1, ref_start_time: 2116373578694766, ref_stop_time: 2116373578746486, actual_exe_time: 51720, task_app_start_time:2116367583020641, task_sched_time:2116373578599246
app_id: 0, app_name: SAR_api-aarch64, task_id: 2059, task_name: DASH_ZIP, resource_name: cpu2, ref_start_time: 2116373581842996, ref_stop_time: 2116373581923786, actual_exe_time: 80790, task_app_start_time:2116367583020641, task_sched_time:2116373581826436
app_id: 0, app_name: SAR_api-aarch64, task_id: 2060, task_name: DASH_FFT, resource_name: cpu3, ref_start_time: 2116373587369147, ref_stop_time: 2116373587433257, actual_exe_time: 64110, task_app_start_time:2116367583020641, task_sched_time:2116373587358167
app_id: 0, app_name: SAR_api-aarch64, task_id: 2061, task_name: DASH_ZIP, resource_name: zip1, ref_start_time: 2116373594713869, ref_stop_time: 2116373594836929, actual_exe_time: 123060, task_app_start_time:2116367583020641, task_sched_time:2116373594706729
app_id: 0, app_name: SAR_api-aarch64, task_id: 2062, task_name: DASH_FFT, resource_name: cpu1, ref_start_time: 2116373595835809, ref_stop_time: 2116373595886719, actual_exe_time: 50910, task_app_start_time:2116367583020641, task_sched_time:2116373595825939
app_id: 0, app_name: SAR_api-aarch64, task_id: 2063, task_name: DASH_ZIP, resource_name: cpu2, ref_start_time: 2116373599031979, ref_stop_time: 2116373599115889, actual_exe_time: 83910, task_app_start_time:2116367583020641, task_sched_time:2116373599018419
app_id: 0, app_name: SAR_api-aarch64, task_id: 2064, task_name: DASH_FFT, resource_name: cpu3, ref_start_time: 2116373602622260, ref_stop_time: 2116373602687960, actual_exe_time: 65700, task_app_start_time:2116367583020641, task_sched_time:2116373602611700
app_id: 0, app_name: SAR_api-aarch64, task_id: 2065, task_name: DASH_ZIP, resource_name: zip1, ref_start_time: 2116373610234281, ref_stop_time: 2116373610356441, actual_exe_time: 122160, task_app_start_time:2116367583020641, task_sched_time:2116373610227861
app_id: 0, app_name: SAR_api-aarch64, task_id: 2066, task_name: DASH_FFT, resource_name: cpu1, ref_start_time: 2116373614732392, ref_stop_time: 2116373614789932, actual_exe_time: 57540, task_app_start_time:2116367583020641, task_sched_time:2116373614719132
app_id: 0, app_name: SAR_api-aarch64, task_id: 2067, task_name: DASH_ZIP, resource_name: cpu2, ref_start_time: 2116373622663253, ref_stop_time: 2116373622747253, actual_exe_time: 84000, task_app_start_time:2116367583020641, task_sched_time:2116373622596683
app_id: 0, app_name: SAR_api-aarch64, task_id: 2068, task_name: DASH_FFT, resource_name: cpu3, ref_start_time: 2116373622950083, ref_stop_time: 2116373623013443, actual_exe_time: 63360, task_app_start_time:2116367583020641, task_sched_time:2116373622946783
app_id: 0, app_name: SAR_api-aarch64, task_id: 2069, task_name: DASH_ZIP, resource_name: zip1, ref_start_time: 2116373624777443, ref_stop_time: 2116373624896933, actual_exe_time: 119490, task_app_start_time:2116367583020641, task_sched_time:2116373624767963
app_id: 0, app_name: SAR_api-aarch64, task_id: 2070, task_name: DASH_FFT, resource_name: cpu1, ref_start_time: 2116373634616335, ref_stop_time: 2116373634674325, actual_exe_time: 57990, task_app_start_time:2116367583020641, task_sched_time:2116373634608895
app_id: 0, app_name: SAR_api-aarch64, task_id: 2071, task_name: DASH_ZIP, resource_name: cpu2, ref_start_time: 2116373638726456, ref_stop_time: 2116373638815616, actual_exe_time: 89160, task_app_start_time:2116367583020641, task_sched_time:2116373638445566
app_id: 0, app_name: SAR_api-aarch64, task_id: 2072, task_name: DASH_FFT, resource_name: cpu3, ref_start_time: 2116373642609866, ref_stop_time: 2116373642674726, actual_exe_time: 64860, task_app_start_time:2116367583020641, task_sched_time:2116373642598796
app_id: 0, app_name: SAR_api-aarch64, task_id: 2073, task_name: DASH_ZIP, resource_name: zip1, ref_start_time: 2116373650840218, ref_stop_time: 2116373650963548, actual_exe_time: 123330, task_app_start_time:2116367583020641, task_sched_time:2116373650834878
app_id: 0, app_name: SAR_api-aarch64, task_id: 2074, task_name: DASH_FFT, resource_name: cpu1, ref_start_time: 2116373651226258, ref_stop_time: 2116373651275698, actual_exe_time: 49440, task_app_start_time:2116367583020641, task_sched_time:2116373651221008
app_id: 0, app_name: SAR_api-aarch64, task_id: 2075, task_name: DASH_ZIP, resource_name: cpu2, ref_start_time: 2116373659038769, ref_stop_time: 2116373659123939, actual_exe_time: 85170, task_app_start_time:2116367583020641, task_sched_time:2116373658953029
app_id: 0, app_name: SAR_api-aarch64, task_id: 2076, task_name: DASH_FFT, resource_name: cpu3, ref_start_time: 2116373659709269, ref_stop_time: 2116373659770169, actual_exe_time: 60900, task_app_start_time:2116367583020641, task_sched_time:2116373659700149
app_id: 0, app_name: SAR_api-aarch64, task_id: 2077, task_name: DASH_ZIP, resource_name: zip1, ref_start_time: 2116373666454800, ref_stop_time: 2116373666592920, actual_exe_time: 138120, task_app_start_time:2116367583020641, task_sched_time:2116373666448590
app_id: 0, app_name: SAR_api-aarch64, task_id: 2078, task_name: DASH_FFT, resource_name: cpu1, ref_start_time: 2116373667624290, ref_stop_time: 2116373667676010, actual_exe_time: 51720, task_app_start_time:2116367583020641, task_sched_time:2116373667617600
app_id: 0, app_name: SAR_api-aarch64, task_id: 2079, task_name: DASH_ZIP, resource_name: cpu2, ref_start_time: 2116373674849581, ref_stop_time: 2116373674933521, actual_exe_time: 83940, task_app_start_time:2116367583020641, task_sched_time:2116373674782471
app_id: 0, app_name: SAR_api-aarch64, task_id: 2080, task_name: DASH_FFT, resource_name: cpu3, ref_start_time: 2116373678547382, ref_stop_time: 2116373678612542, actual_exe_time: 65160, task_app_start_time:2116367583020641, task_sched_time:2116373678540782
app_id: 0, app_name: SAR_api-aarch64, task_id: 2081, task_name: DASH_ZIP, resource_name: zip1, ref_start_time: 2116373681086462, ref_stop_time: 2116373681210122, actual_exe_time: 123660, task_app_start_time:2116367583020641, task_sched_time:2116373681078752
app_id: 0, app_name: SAR_api-aarch64, task_id: 2082, task_name: DASH_FFT, resource_name: cpu1, ref_start_time: 2116373681397142, ref_stop_time: 2116373681900153, actual_exe_time: 503011, task_app_start_time:2116367583020641, task_sched_time:2116373681381242
app_id: 0, app_name: SAR_api-aarch64, task_id: 2083, task_name: DASH_ZIP, resource_name: cpu2, ref_start_time: 2116373682171593, ref_stop_time: 2116373682253223, actual_exe_time: 81630, task_app_start_time:2116367583020641, task_sched_time:2116373682138023
app_id: 0, app_name: SAR_api-aarch64, task_id: 2084, task_name: DASH_FFT, resource_name: cpu3, ref_start_time: 2116373690692944, ref_stop_time: 2116373690767764, actual_exe_time: 74820, task_app_start_time:2116367583020641, task_sched_time:2116373683068773
app_id: 0, app_name: SAR_api-aarch64, task_id: 2085, task_name: DASH_ZIP, resource_name: zip1, ref_start_time: 2116373694802075, ref_stop_time: 2116373694925495, actual_exe_time: 123420, task_app_start_time:2116367583020641, task_sched_time:2116373694794365
app_id: 0, app_name: SAR_api-aarch64, task_id: 2086, task_name: DASH_FFT, resource_name: cpu1, ref_start_time: 2116373698914085, ref_stop_time: 2116373698970455, actual_exe_time: 56370, task_app_start_time:2116367583020641, task_sched_time:2116373698902025
app_id: 0, app_name: SAR_api-aarch64, task_id: 2087, task_name: DASH_ZIP, resource_name: cpu2, ref_start_time: 2116373706531687, ref_stop_time: 2116373706620877, actual_exe_time: 89190, task_app_start_time:2116367583020641, task_sched_time:2116373706523797
app_id: 0, app_name: SAR_api-aarch64, task_id: 2088, task_name: DASH_FFT, resource_name: cpu3, ref_start_time: 2116373708323947, ref_stop_time: 2116373708395257, actual_exe_time: 71310, task_app_start_time:2116367583020641, task_sched_time:2116373708319267
app_id: 0, app_name: SAR_api-aarch64, task_id: 2089, task_name: DASH_ZIP, resource_name: zip1, ref_start_time: 2116373714710678, ref_stop_time: 2116373714835088, actual_exe_time: 124410, task_app_start_time:2116367583020641, task_sched_time:2116373714703808
app_id: 0, app_name: SAR_api-aarch64, task_id: 2090, task_name: DASH_FFT, resource_name: cpu1, ref_start_time: 2116373718800579, ref_stop_time: 2116373719251869, actual_exe_time: 451290, task_app_start_time:2116367583020641, task_sched_time:2116373718795209
app_id: 0, app_name: SAR_api-aarch64, task_id: 2091, task_name: DASH_ZIP, resource_name: cpu2, ref_start_time: 2116373723247179, ref_stop_time: 2116373723330369, actual_exe_time: 83190, task_app_start_time:2116367583020641, task_sched_time:2116373723013119
app_id: 0, app_name: SAR_api-aarch64, task_id: 2092, task_name: DASH_FFT, resource_name: cpu3, ref_start_time: 2116373730888270, ref_stop_time: 2116373730960600, actual_exe_time: 72330, task_app_start_time:2116367583020641, task_sched_time:2116373730877500
app_id: 0, app_name: SAR_api-aarch64, task_id: 2093, task_name: DASH_ZIP, resource_name: zip1, ref_start_time: 2116373731298791, ref_stop_time: 2116373731418161, actual_exe_time: 119370, task_app_start_time:2116367583020641, task_sched_time:2116373731292581
app_id: 0, app_name: SAR_api-aarch64, task_id: 2094, task_name: DASH_FFT, resource_name: cpu1, ref_start_time: 2116373737169191, ref_stop_time: 2116373737221991, actual_exe_time: 52800, task_app_start_time:2116367583020641, task_sched_time:2116373737147891
app_id: 0, app_name: SAR_api-aarch64, task_id: 2095, task_name: DASH_ZIP, resource_name: cpu2, ref_start_time: 2116373742937442, ref_stop_time: 2116373743021352, actual_exe_time: 83910, task_app_start_time:2116367583020641, task_sched_time:2116373742830132
app_id: 0, app_name: SAR_api-aarch64, task_id: 2096, task_name: DASH_FFT, resource_name: cpu3, ref_start_time: 2116373746549623, ref_stop_time: 2116373746613043, actual_exe_time: 63420, task_app_start_time:2116367583020641, task_sched_time:2116373746541163
app_id: 0, app_name: SAR_api-aarch64, task_id: 2097, task_name: DASH_ZIP, resource_name: zip1, ref_start_time: 2116373751337294, ref_stop_time: 2116373751461794, actual_exe_time: 124500, task_app_start_time:2116367583020641, task_sched_time:2116373751328354
app_id: 0, app_name: SAR_api-aarch64, task_id: 2098, task_name: DASH_FFT, resource_name: cpu1, ref_start_time: 2116373751972934, ref_stop_time: 2116373752027984, actual_exe_time: 55050, task_app_start_time:2116367583020641, task_sched_time:2116373751885994
app_id: 0, app_name: SAR_api-aarch64, task_id: 2099, task_name: DASH_ZIP, resource_name: cpu2, ref_start_time: 2116373758568855, ref_stop_time: 2116373763129876, actual_exe_time: 4561021, task_app_start_time:2116367583020641, task_sched_time:2116373758559705
app_id: 0, app_name: SAR_api-aarch64, task_id: 2100, task_name: DASH_FFT, resource_name: cpu3, ref_start_time: 2116373765560026, ref_stop_time: 2116373765624466, actual_exe_time: 64440, task_app_start_time:2116367583020641, task_sched_time:2116373765549736
app_id: 0, app_name: SAR_api-aarch64, task_id: 2101, task_name: DASH_ZIP, resource_name: zip1, ref_start_time: 2116373770790677, ref_stop_time: 2116373770913347, actual_exe_time: 122670, task_app_start_time:2116367583020641, task_sched_time:2116373770784707
app_id: 0, app_name: SAR_api-aarch64, task_id: 2102, task_name: DASH_FFT, resource_name: cpu1, ref_start_time: 2116373771145457, ref_stop_time: 2116373771196097, actual_exe_time: 50640, task_app_start_time:2116367583020641, task_sched_time:2116373771142667
app_id: 0, app_name: SAR_api-aarch64, task_id: 2103, task_name: DASH_ZIP, resource_name: cpu2, ref_start_time: 2116373775307388, ref_stop_time: 2116373775387908, actual_exe_time: 80520, task_app_start_time:2116367583020641, task_sched_time:2116373775301448
app_id: 0, app_name: SAR_api-aarch64, task_id: 2104, task_name: DASH_FFT, resource_name: cpu3, ref_start_time: 2116373779455548, ref_stop_time: 2116373779517138, actual_exe_time: 61590, task_app_start_time:2116367583020641, task_sched_time:2116373779447748
app_id: 0, app_name: SAR_api-aarch64, task_id: 2105, task_name: DASH_ZIP, resource_name: zip1, ref_start_time: 2116373787047170, ref_stop_time: 2116373787171940, actual_exe_time: 124770, task_app_start_time:2116367583020641, task_sched_time:2116373787038980
app_id: 0, app_name: SAR_api-aarch64, task_id: 2106, task_name: DASH_FFT, resource_name: cpu1, ref_start_time: 2116373790609220, ref_stop_time: 2116373790660880, actual_exe_time: 51660, task_app_start_time:2116367583020641, task_sched_time:2116373790603250
app_id: 0, app_name: SAR_api-aarch64, task_id: 2107, task_name: DASH_ZIP, resource_name: cpu2, ref_start_time: 2116373794196381, ref_stop_time: 2116373794286651, actual_exe_time: 90270, task_app_start_time:2116367583020641, task_sched_time:2116373793952481
app_id: 0, app_name: SAR_api-aarch64, task_id: 2108, task_name: DASH_FFT, resource_name: cpu3, ref_start_time: 2116373798651231, ref_stop_time: 2116373798733671, actual_exe_time: 82440, task_app_start_time:2116367583020641, task_sched_time:2116373798645771
app_id: 0, app_name: SAR_api-aarch64, task_id: 2109, task_name: DASH_ZIP, resource_name: zip1, ref_start_time: 2116373806771753, ref_stop_time: 2116373806894633, actual_exe_time: 122880, task_app_start_time:2116367583020641, task_sched_time:2116373806765273
app_id: 0, app_name: SAR_api-aarch64, task_id: 2110, task_name: DASH_FFT, resource_name: cpu1, ref_start_time: 2116373808061693, ref_stop_time: 2116373808113503, actual_exe_time: 51810, task_app_start_time:2116367583020641, task_sched_time:2116373808053053
app_id: 0, app_name: SAR_api-aarch64, task_id: 2111, task_name: DASH_ZIP, resource_name: cpu2, ref_start_time: 2116373808434683, ref_stop_time: 2116373808514273, actual_exe_time: 79590, task_app_start_time:2116367583020641, task_sched_time:2116373808371953
app_id: 0, app_name: SAR_api-aarch64, task_id: 2112, task_name: DASH_FFT, resource_name: cpu3, ref_start_time: 2116373814976784, ref_stop_time: 2116373815042424, actual_exe_time: 65640, task_app_start_time:2116367583020641, task_sched_time:2116373814967814
app_id: 0, app_name: SAR_api-aarch64, task_id: 2113, task_name: DASH_ZIP, resource_name: zip1, ref_start_time: 2116373818656855, ref_stop_time: 2116373818778475, actual_exe_time: 121620, task_app_start_time:2116367583020641, task_sched_time:2116373818648935
app_id: 0, app_name: SAR_api-aarch64, task_id: 2114, task_name: DASH_FFT, resource_name: cpu1, ref_start_time: 2116373822297055, ref_stop_time: 2116373822349705, actual_exe_time: 52650, task_app_start_time:2116367583020641, task_sched_time:2116373822286825
app_id: 0, app_name: SAR_api-aarch64, task_id: 2115, task_name: DASH_ZIP, resource_name: cpu2, ref_start_time: 2116373830645487, ref_stop_time: 2116373830730447, actual_exe_time: 84960, task_app_start_time:2116367583020641, task_sched_time:2116373830638677
app_id: 0, app_name: SAR_api-aarch64, task_id: 2116, task_name: DASH_FFT, resource_name: cpu3, ref_start_time: 2116373830911257, ref_stop_time: 2116373830971947, actual_exe_time: 60690, task_app_start_time:2116367583020641, task_sched_time:2116373830905017
app_id: 0, app_name: SAR_api-aarch64, task_id: 2117, task_name: DASH_ZIP, resource_name: zip1, ref_start_time: 2116373836594667, ref_stop_time: 2116373836718027, actual_exe_time: 123360, task_app_start_time:2116367583020641, task_sched_time:2116373836586447
app_id: 0, app_name: SAR_api-aarch64, task_id: 2118, task_name: DASH_FFT, resource_name: cpu1, ref_start_time: 2116373842545528, ref_stop_time: 2116373842604118, actual_exe_time: 58590, task_app_start_time:2116367583020641, task_sched_time:2116373842533648
app_id: 0, app_name: SAR_api-aarch64, task_id: 2119, task_name: DASH_ZIP, resource_name: cpu2, ref_start_time: 2116373846905039, ref_stop_time: 2116373846986039, actual_exe_time: 81000, task_app_start_time:2116367583020641, task_sched_time:2116373846827699
app_id: 0, app_name: SAR_api-aarch64, task_id: 2120, task_name: DASH_FFT, resource_name: cpu3, ref_start_time: 2116373850541550, ref_stop_time: 2116373850606170, actual_exe_time: 64620, task_app_start_time:2116367583020641, task_sched_time:2116373850537050
app_id: 0, app_name: SAR_api-aarch64, task_id: 2121, task_name: DASH_ZIP, resource_name: zip1, ref_start_time: 2116373851411280, ref_stop_time: 2116373851535780, actual_exe_time: 124500, task_app_start_time:2116367583020641, task_sched_time:2116373851406090
app_id: 0, app_name: SAR_api-aarch64, task_id: 2122, task_name: DASH_FFT, resource_name: cpu1, ref_start_time: 2116373858717181, ref_stop_time: 2116373858782371, actual_exe_time: 65190, task_app_start_time:2116367583020641, task_sched_time:2116373858709831
app_id: 0, app_name: SAR_api-aarch64, task_id: 2123, task_name: DASH_ZIP, resource_name: cpu2, ref_start_time: 2116373865116452, ref_stop_time: 2116373865208672, actual_exe_time: 92220, task_app_start_time:2116367583020641, task_sched_time:2116373864874352
app_id: 0, app_name: SAR_api-aarch64, task_id: 2124, task_name: DASH_FFT, resource_name: cpu3, ref_start_time: 2116373865607192, ref_stop_time: 2116373865668302, actual_exe_time: 61110, task_app_start_time:2116367583020641, task_sched_time:2116373865601252
app_id: 0, app_name: SAR_api-aarch64, task_id: 2125, task_name: DASH_ZIP, resource_name: zip1, ref_start_time: 2116373874749604, ref_stop_time: 2116373874874344, actual_exe_time: 124740, task_app_start_time:2116367583020641, task_sched_time:2116373874739764
app_id: 0, app_name: SAR_api-aarch64, task_id: 2126, task_name: DASH_FFT, resource_name: cpu1, ref_start_time: 2116373878978194, ref_stop_time: 2116373879032134, actual_exe_time: 53940, task_app_start_time:2116367583020641, task_sched_time:2116373878970904
app_id: 0, app_name: SAR_api-aarch64, task_id: 2127, task_name: DASH_ZIP, resource_name: cpu2, ref_start_time: 2116373886550916, ref_stop_time: 2116373886637346, actual_exe_time: 86430, task_app_start_time:2116367583020641, task_sched_time:2116373886541886
app_id: 0, app_name: SAR_api-aarch64, task_id: 2128, task_name: DASH_FFT, resource_name: cpu3, ref_start_time: 2116373890527296, ref_stop_time: 2116373890594436, actual_exe_time: 67140, task_app_start_time:2116367583020641, task_sched_time:2116373890521776
app_id: 0, app_name: SAR_api-aarch64, task_id: 2129, task_name: DASH_ZIP, resource_name: zip1, ref_start_time: 2116373893202907, ref_stop_time: 2116373893325847, actual_exe_time: 122940, task_app_start_time:2116367583020641, task_sched_time:2116373893196997
app_id: 0, app_name: SAR_api-aarch64, task_id: 2130, task_name: DASH_FFT, resource_name: cpu1, ref_start_time: 2116373898545517, ref_stop_time: 2116373898856617, actual_exe_time: 311100, task_app_start_time:2116367583020641, task_sched_time:2116373898532107
app_id: 0, app_name: SAR_api-aarch64, task_id: 2131, task_name: DASH_ZIP, resource_name: cpu2, ref_start_time: 2116373907056999, ref_stop_time: 2116373907140249, actual_exe_time: 83250, task_app_start_time:2116367583020641, task_sched_time:2116373906956739
app_id: 0, app_name: SAR_api-aarch64, task_id: 2132, task_name: DASH_FFT, resource_name: cpu3, ref_start_time: 2116373907895919, ref_stop_time: 2116373907958109, actual_exe_time: 62190, task_app_start_time:2116367583020641, task_sched_time:2116373907888449
app_id: 0, app_name: SAR_api-aarch64, task_id: 2133, task_name: DASH_ZIP, resource_name: zip1, ref_start_time: 2116373914982070, ref_stop_time: 2116373915108940, actual_exe_time: 126870, task_app_start_time:2116367583020641, task_sched_time:2116373914971120
app_id: 0, app_name: SAR_api-aarch64, task_id: 2134, task_name: DASH_FFT, resource_name: cpu1, ref_start_time: 2116373920891951, ref_stop_time: 2116373920945171, actual_exe_time: 53220, task_app_start_time:2116367583020641, task_sched_time:2116373920886521
app_id: 0, app_name: SAR_api-aarch64, task_id: 2135, task_name: DASH_ZIP, resource_name: cpu2, ref_start_time: 2116373921817811, ref_stop_time: 2116373921897221, actual_exe_time: 79410, task_app_start_time:2116367583020641, task_sched_time:2116373921807611
app_id: 0, app_name: SAR_api-aarch64, task_id: 2136, task_name: DASH_FFT, resource_name: cpu3, ref_start_time: 2116373926896392, ref_stop_time: 2116373926961732, actual_exe_time: 65340, task_app_start_time:2116367583020641, task_sched_time:2116373926890722
app_id: 0, app_name: SAR_api-aarch64, task_id: 2137, task_name: DASH_ZIP, resource_name: zip1, ref_start_time: 2116373927346842, ref_stop_time: 2116373927467592, actual_exe_time: 120750, task_app_start_time:2116367583020641, task_sched_time:2116373927338982
app_id: 0, app_name: SAR_api-aarch64, task_id: 2138, task_name: DASH_FFT, resource_name: cpu1, ref_start_time: 2116373934808263, ref_stop_time: 2116373935073703, actual_exe_time: 265440, task_app_start_time:2116367583020641, task_sched_time:2116373934798873
app_id: 0, app_name: SAR_api-aarch64, task_id: 2139, task_name: DASH_ZIP, resource_name: cpu2, ref_start_time: 2116373936227954, ref_stop_time: 2116373936308384, actual_exe_time: 80430, task_app_start_time:2116367583020641, task_sched_time:2116373936224114
app_id: 0, app_name: SAR_api-aarch64, task_id: 2140, task_name: DASH_FFT, resource_name: cpu3, ref_start_time: 2116373942672195, ref_stop_time: 2116373942737595, actual_exe_time: 65400, task_app_start_time:2116367583020641, task_sched_time:2116373942662805
app_id: 0, app_name: SAR_api-aarch64, task_id: 2141, task_name: DASH_ZIP, resource_name: zip1, ref_start_time: 2116373949858486, ref_stop_time: 2116373949983046, actual_exe_time: 124560, task_app_start_time:2116367583020641, task_sched_time:2116373949847326
app_id: 0, app_name: SAR_api-aarch64, task_id: 2142, task_name: DASH_FFT, resource_name: cpu1, ref_start_time: 2116373951131056, ref_stop_time: 2116373951182956, actual_exe_time: 51900, task_app_start_time:2116367583020641, task_sched_time:2116373951120406
app_id: 0, app_name: SAR_api-aarch64, task_id: 2143, task_name: DASH_ZIP, resource_name: cpu2, ref_start_time: 2116373958764467, ref_stop_time: 2116373959146487, actual_exe_time: 382020, task_app_start_time:2116367583020641, task_sched_time:2116373958756757
app_id: 0, app_name: SAR_api-aarch64, task_id: 2144, task_name: DASH_FFT, resource_name: cpu3, ref_start_time: 2116373962548338, ref_stop_time: 2116373962615418, actual_exe_time: 67080, task_app_start_time:2116367583020641, task_sched_time:2116373962538708
app_id: 0, app_name: SAR_api-aarch64, task_id: 2145, task_name: DASH_ZIP, resource_name: zip1, ref_start_time: 2116373964422288, ref_stop_time: 2116373964846368, actual_exe_time: 424080, task_app_start_time:2116367583020641, task_sched_time:2116373964413708
app_id: 0, app_name: SAR_api-aarch64, task_id: 2146, task_name: DASH_FFT, resource_name: cpu1, ref_start_time: 2116373970729369, ref_stop_time: 2116373970793389, actual_exe_time: 64020, task_app_start_time:2116367583020641, task_sched_time:2116373970713889
app_id: 0, app_name: SAR_api-aarch64, task_id: 2147, task_name: DASH_ZIP, resource_name: cpu2, ref_start_time: 2116373974612930, ref_stop_time: 2116373974693720, actual_exe_time: 80790, task_app_start_time:2116367583020641, task_sched_time:2116373974553080
app_id: 0, app_name: SAR_api-aarch64, task_id: 2148, task_name: DASH_FFT, resource_name: cpu3, ref_start_time: 2116373978397070, ref_stop_time: 2116373978459020, actual_exe_time: 61950, task_app_start_time:2116367583020641, task_sched_time:2116373978383630
app_id: 0, app_name: SAR_api-aarch64, task_id: 2149, task_name: DASH_ZIP, resource_name: zip1, ref_start_time: 2116373982694781, ref_stop_time: 2116373982818411, actual_exe_time: 123630, task_app_start_time:2116367583020641, task_sched_time:2116373982688091
app_id: 0, app_name: SAR_api-aarch64, task_id: 2150, task_name: DASH_FFT, resource_name: cpu1, ref_start_time: 2116373986665942, ref_stop_time: 2116373986722252, actual_exe_time: 56310, task_app_start_time:2116367583020641, task_sched_time:2116373986659582
app_id: 0, app_name: SAR_api-aarch64, task_id: 2151, task_name: DASH_ZIP, resource_name: cpu2, ref_start_time: 2116373992664203, ref_stop_time: 2116373993519263, actual_exe_time: 855060, task_app_start_time:2116367583020641, task_sched_time:2116373992649383
app_id: 0, app_name: SAR_api-aarch64, task_id: 2152, task_name: DASH_FFT, resource_name: cpu3, ref_start_time: 2116373998961894, ref_stop_time: 2116373999030264, actual_exe_time: 68370, task_app_start_time:2116367583020641, task_sched_time:2116373998951874
app_id: 0, app_name: SAR_api-aarch64, task_id: 2153, task_name: DASH_ZIP, resource_name: zip1, ref_start_time: 2116374002655284, ref_stop_time: 2116374002778644, actual_exe_time: 123360, task_app_start_time:2116367583020641, task_sched_time:2116374002649854
app_id: 0, app_name: SAR_api-aarch64, task_id: 2154, task_name: DASH_FFT, resource_name: cpu1, ref_start_time: 2116374006882975, ref_stop_time: 2116374006934245, actual_exe_time: 51270, task_app_start_time:2116367583020641, task_sched_time:2116374006876615
app_id: 0, app_name: SAR_api-aarch64, task_id: 2155, task_name: DASH_ZIP, resource_name: cpu2, ref_start_time: 2116374007754745, ref_stop_time: 2116374007834035, actual_exe_time: 79290, task_app_start_time:2116367583020641, task_sched_time:2116374007751685
app_id: 0, app_name: SAR_api-aarch64, task_id: 2156, task_name: DASH_FFT, resource_name: cpu3, ref_start_time: 2116374014676466, ref_stop_time: 2116374014740216, actual_exe_time: 63750, task_app_start_time:2116367583020641, task_sched_time:2116374014672506
app_id: 0, app_name: SAR_api-aarch64, task_id: 2157, task_name: DASH_ZIP, resource_name: zip1, ref_start_time: 2116374020562137, ref_stop_time: 2116374020685587, actual_exe_time: 123450, task_app_start_time:2116367583020641, task_sched_time:2116374020552207
app_id: 0, app_name: SAR_api-aarch64, task_id: 2158, task_name: DASH_FFT, resource_name: cpu1, ref_start_time: 2116374021420527, ref_stop_time: 2116374021472037, actual_exe_time: 51510, task_app_start_time:2116367583020641, task_sched_time:2116374021414947
app_id: 0, app_name: SAR_api-aarch64, task_id: 2159, task_name: DASH_ZIP, resource_name: cpu2, ref_start_time: 2116374027045498, ref_stop_time: 2116374027481788, actual_exe_time: 436290, task_app_start_time:2116367583020641, task_sched_time:2116374027040308
app_id: 0, app_name: SAR_api-aarch64, task_id: 2160, task_name: DASH_FFT, resource_name: cpu3, ref_start_time: 2116374034237639, ref_stop_time: 2116374034303009, actual_exe_time: 65370, task_app_start_time:2116367583020641, task_sched_time:2116374034230529
app_id: 0, app_name: SAR_api-aarch64, task_id: 2161, task_name: DASH_ZIP, resource_name: zip1, ref_start_time: 2116374042808551, ref_stop_time: 2116374042937131, actual_exe_time: 128580, task_app_start_time:2116367583020641, task_sched_time:2116374042800691
app_id: 0, app_name: SAR_api-aarch64, task_id: 2162, task_name: DASH_FFT, resource_name: cpu1, ref_start_time: 2116374046625811, ref_stop_time: 2116374046678581, actual_exe_time: 52770, task_app_start_time:2116367583020641, task_sched_time:2116374046622001
app_id: 0, app_name: SAR_api-aarch64, task_id: 2163, task_name: DASH_ZIP, resource_name: cpu2, ref_start_time: 2116374049233922, ref_stop_time: 2116374049634422, actual_exe_time: 400500, task_app_start_time:2116367583020641, task_sched_time:2116374049229062
app_id: 0, app_name: SAR_api-aarch64, task_id: 2164, task_name: DASH_FFT, resource_name: cpu3, ref_start_time: 2116374054848033, ref_stop_time: 2116374054915233, actual_exe_time: 67200, task_app_start_time:2116367583020641, task_sched_time:2116374054841523
app_id: 0, app_name: SAR_api-aarch64, task_id: 2165, task_name: DASH_ZIP, resource_name: zip1, ref_start_time: 2116374058643963, ref_stop_time: 2116374062220414, actual_exe_time: 3576451, task_app_start_time:2116367583020641, task_sched_time:2116374058639163
app_id: 0, app_name: SAR_api-aarch64, task_id: 2166, task_name: DASH_FFT, resource_name: cpu1, ref_start_time: 2116374063507354, ref_stop_time: 2116374063558954, actual_exe_time: 51600, task_app_start_time:2116367583020641, task_sched_time:2116374063494634
app_id: 0, app_name: SAR_api-aarch64, task_id: 2167, task_name: DASH_ZIP, resource_name: cpu2, ref_start_time: 2116374067089145, ref_stop_time: 2116374067171765, actual_exe_time: 82620, task_app_start_time:2116367583020641, task_sched_time:2116374067081885
app_id: 0, app_name: SAR_api-aarch64, task_id: 2168, task_name: DASH_FFT, resource_name: cpu3, ref_start_time: 2116374070595425, ref_stop_time: 2116374070667515, actual_exe_time: 72090, task_app_start_time:2116367583020641, task_sched_time:2116374070590355
app_id: 0, app_name: SAR_api-aarch64, task_id: 2169, task_name: DASH_ZIP, resource_name: zip1, ref_start_time: 2116374078099776, ref_stop_time: 2116374078225776, actual_exe_time: 126000, task_app_start_time:2116367583020641, task_sched_time:2116374078041486
app_id: 0, app_name: SAR_api-aarch64, task_id: 2170, task_name: DASH_FFT, resource_name: cpu1, ref_start_time: 2116374087338638, ref_stop_time: 2116374087390598, actual_exe_time: 51960, task_app_start_time:2116367583020641, task_sched_time:2116374087320038
app_id: 0, app_name: SAR_api-aarch64, task_id: 2171, task_name: DASH_ZIP, resource_name: cpu2, ref_start_time: 2116374090552778, ref_stop_time: 2116374090633958, actual_exe_time: 81180, task_app_start_time:2116367583020641, task_sched_time:2116374090542368
app_id: 0, app_name: SAR_api-aarch64, task_id: 2172, task_name: DASH_FFT, resource_name: cpu3, ref_start_time: 2116374091769879, ref_stop_time: 2116374091838189, actual_exe_time: 68310, task_app_start_time:2116367583020641, task_sched_time:2116374091760219
app_id: 0, app_name: SAR_api-aarch64, task_id: 2173, task_name: DASH_ZIP, resource_name: zip1, ref_start_time: 2116374095037239, ref_stop_time: 2116374095165549, actual_exe_time: 128310, task_app_start_time:2116367583020641, task_sched_time:2116374095027609
app_id: 0, app_name: SAR_api-aarch64, task_id: 2174, task_name: DASH_FFT, resource_name: cpu1, ref_start_time: 2116374102548370, ref_stop_time: 2116374102602520, actual_exe_time: 54150, task_app_start_time:2116367583020641, task_sched_time:2116374102529980
app_id: 0, app_name: SAR_api-aarch64, task_id: 2175, task_name: DASH_ZIP, resource_name: cpu2, ref_start_time: 2116374105363871, ref_stop_time: 2116374105443521, actual_exe_time: 79650, task_app_start_time:2116367583020641, task_sched_time:2116374105307951
app_id: 0, app_name: SAR_api-aarch64, task_id: 2176, task_name: DASH_FFT, resource_name: cpu3, ref_start_time: 2116374106306291, ref_stop_time: 2116374106368661, actual_exe_time: 62370, task_app_start_time:2116367583020641, task_sched_time:2116374106303201
app_id: 0, app_name: SAR_api-aarch64, task_id: 2177, task_name: DASH_ZIP, resource_name: zip1, ref_start_time: 2116374110745992, ref_stop_time: 2116374110870882, actual_exe_time: 124890, task_app_start_time:2116367583020641, task_sched_time:2116374110736392
app_id: 0, app_name: SAR_api-aarch64, task_id: 2178, task_name: DASH_FFT, resource_name: cpu1, ref_start_time: 2116374118671543, ref_stop_time: 2116374118726833, actual_exe_time: 55290, task_app_start_time:2116367583020641, task_sched_time:2116374118663593
app_id: 0, app_name: SAR_api-aarch64, task_id: 2179, task_name: DASH_ZIP, resource_name: cpu2, ref_start_time: 2116374120209463, ref_stop_time: 2116374120288633, actual_exe_time: 79170, task_app_start_time:2116367583020641, task_sched_time:2116374120203823
app_id: 0, app_name: SAR_api-aarch64, task_id: 2180, task_name: DASH_FFT, resource_name: cpu3, ref_start_time: 2116374122940844, ref_stop_time: 2116374123013804, actual_exe_time: 72960, task_app_start_time:2116367583020641, task_sched_time:2116374122929954
app_id: 0, app_name: SAR_api-aarch64, task_id: 2181, task_name: DASH_ZIP, resource_name: zip1, ref_start_time: 2116374126745954, ref_stop_time: 2116374126869014, actual_exe_time: 123060, task_app_start_time:2116367583020641, task_sched_time:2116374126736684
app_id: 0, app_name: SAR_api-aarch64, task_id: 2182, task_name: DASH_FFT, resource_name: cpu1, ref_start_time: 2116374134426375, ref_stop_time: 2116374134510795, actual_exe_time: 84420, task_app_start_time:2116367583020641, task_sched_time:2116374134414015
app_id: 0, app_name: SAR_api-aarch64, task_id: 2183, task_name: DASH_ZIP, resource_name: cpu2, ref_start_time: 2116374138517896, ref_stop_time: 2116374138600666, actual_exe_time: 82770, task_app_start_time:2116367583020641, task_sched_time:2116374138431586
app_id: 0, app_name: SAR_api-aarch64, task_id: 2184, task_name: DASH_FFT, resource_name: cpu3, ref_start_time: 2116374143165287, ref_stop_time: 2116374143237197, actual_exe_time: 71910, task_app_start_time:2116367583020641, task_sched_time:2116374143160967
app_id: 0, app_name: SAR_api-aarch64, task_id: 2185, task_name: DASH_ZIP, resource_name: zip1, ref_start_time: 2116374146656597, ref_stop_time: 2116374146777827, actual_exe_time: 121230, task_app_start_time:2116367583020641, task_sched_time:2116374146649217
app_id: 0, app_name: SAR_api-aarch64, task_id: 2186, task_name: DASH_FFT, resource_name: cpu1, ref_start_time: 2116374149205938, ref_stop_time: 2116374149257148, actual_exe_time: 51210, task_app_start_time:2116367583020641, task_sched_time:2116374149201828
app_id: 0, app_name: SAR_api-aarch64, task_id: 2187, task_name: DASH_ZIP, resource_name: cpu2, ref_start_time: 2116374154550229, ref_stop_time: 2116374155041389, actual_exe_time: 491160, task_app_start_time:2116367583020641, task_sched_time:2116374154539459
app_id: 0, app_name: SAR_api-aarch64, task_id: 2188, task_name: DASH_FFT, resource_name: cpu3, ref_start_time: 2116374158643729, ref_stop_time: 2116374158712939, actual_exe_time: 69210, task_app_start_time:2116367583020641, task_sched_time:2116374158638779
app_id: 0, app_name: SAR_api-aarch64, task_id: 2189, task_name: DASH_ZIP, resource_name: zip1, ref_start_time: 2116374163641250, ref_stop_time: 2116374163768900, actual_exe_time: 127650, task_app_start_time:2116367583020641, task_sched_time:2116374163524910
app_id: 0, app_name: SAR_api-aarch64, task_id: 2190, task_name: DASH_FFT, resource_name: cpu1, ref_start_time: 2116374166695941, ref_stop_time: 2116374166756901, actual_exe_time: 60960, task_app_start_time:2116367583020641, task_sched_time:2116374166685171
app_id: 0, app_name: SAR_api-aarch64, task_id: 2191, task_name: DASH_ZIP, resource_name: cpu2, ref_start_time: 2116374174900762, ref_stop_time: 2116374174983262, actual_exe_time: 82500, task_app_start_time:2116367583020641, task_sched_time:2116374174827202
app_id: 0, app_name: SAR_api-aarch64, task_id: 2192, task_name: DASH_FFT, resource_name: cpu3, ref_start_time: 2116374177066432, ref_stop_time: 2116374177135342, actual_exe_time: 68910, task_app_start_time:2116367583020641, task_sched_time:2116374177061152
app_id: 0, app_name: SAR_api-aarch64, task_id: 2193, task_name: DASH_ZIP, resource_name: zip1, ref_start_time: 2116374186511244, ref_stop_time: 2116374186637124, actual_exe_time: 125880, task_app_start_time:2116367583020641, task_sched_time:2116374181288213
app_id: 0, app_name: SAR_api-aarch64, task_id: 2194, task_name: DASH_FFT, resource_name: cpu1, ref_start_time: 2116374189912884, ref_stop_time: 2116374189964664, actual_exe_time: 51780, task_app_start_time:2116367583020641, task_sched_time:2116374189904184
app_id: 0, app_name: SAR_api-aarch64, task_id: 2195, task_name: DASH_ZIP, resource_name: cpu2, ref_start_time: 2116374190447244, ref_stop_time: 2116374190650314, actual_exe_time: 203070, task_app_start_time:2116367583020641, task_sched_time:2116374190441574
app_id: 0, app_name: SAR_api-aarch64, task_id: 2196, task_name: DASH_FFT, resource_name: cpu3, ref_start_time: 2116374195169395, ref_stop_time: 2116374195240135, actual_exe_time: 70740, task_app_start_time:2116367583020641, task_sched_time:2116374195164535
app_id: 0, app_name: SAR_api-aarch64, task_id: 2197, task_name: DASH_ZIP, resource_name: zip1, ref_start_time: 2116374202895986, ref_stop_time: 2116374203019166, actual_exe_time: 123180, task_app_start_time:2116367583020641, task_sched_time:2116374202888876
app_id: 0, app_name: SAR_api-aarch64, task_id: 2198, task_name: DASH_FFT, resource_name: cpu1, ref_start_time: 2116374204622427, ref_stop_time: 2116374204672977, actual_exe_time: 50550, task_app_start_time:2116367583020641, task_sched_time:2116374204523217
app_id: 0, app_name: SAR_api-aarch64, task_id: 2199, task_name: DASH_ZIP, resource_name: cpu2, ref_start_time: 2116374210705138, ref_stop_time: 2116374210789168, actual_exe_time: 84030, task_app_start_time:2116367583020641, task_sched_time:2116374210636168
app_id: 0, app_name: SAR_api-aarch64, task_id: 2200, task_name: DASH_FFT, resource_name: cpu3, ref_start_time: 2116374211022328, ref_stop_time: 2116374211090758, actual_exe_time: 68430, task_app_start_time:2116367583020641, task_sched_time:2116374211015758
app_id: 0, app_name: SAR_api-aarch64, task_id: 2201, task_name: DASH_ZIP, resource_name: zip1, ref_start_time: 2116374218219389, ref_stop_time: 2116374218345479, actual_exe_time: 126090, task_app_start_time:2116367583020641, task_sched_time:2116374218209039
app_id: 0, app_name: SAR_api-aarch64, task_id: 2202, task_name: DASH_FFT, resource_name: cpu1, ref_start_time: 2116374218998579, ref_stop_time: 2116374219049969, actual_exe_time: 51390, task_app_start_time:2116367583020641, task_sched_time:2116374218981479
app_id: 0, app_name: SAR_api-aarch64, task_id: 2203, task_name: DASH_ZIP, resource_name: cpu2, ref_start_time: 2116374222922070, ref_stop_time: 2116374223005290, actual_exe_time: 83220, task_app_start_time:2116367583020641, task_sched_time:2116374222850790
app_id: 0, app_name: SAR_api-aarch64, task_id: 2204, task_name: DASH_FFT, resource_name: cpu3, ref_start_time: 2116374226635800, ref_stop_time: 2116374226703600, actual_exe_time: 67800, task_app_start_time:2116367583020641, task_sched_time:2116374226628630
app_id: 0, app_name: SAR_api-aarch64, task_id: 2205, task_name: DASH_ZIP, resource_name: zip1, ref_start_time: 2116374233058501, ref_stop_time: 2116374233183361, actual_exe_time: 124860, task_app_start_time:2116367583020641, task_sched_time:2116374233051631
app_id: 0, app_name: SAR_api-aarch64, task_id: 2206, task_name: DASH_FFT, resource_name: cpu1, ref_start_time: 2116374233690811, ref_stop_time: 2116374233741391, actual_exe_time: 50580, task_app_start_time:2116367583020641, task_sched_time:2116374233537541
app_id: 0, app_name: SAR_api-aarch64, task_id: 2207, task_name: DASH_ZIP, resource_name: cpu2, ref_start_time: 2116374239019592, ref_stop_time: 2116374239104012, actual_exe_time: 84420, task_app_start_time:2116367583020641, task_sched_time:2116374239005492
app_id: 0, app_name: SAR_api-aarch64, task_id: 2208, task_name: DASH_FFT, resource_name: cpu3, ref_start_time: 2116374243044003, ref_stop_time: 2116374243106493, actual_exe_time: 62490, task_app_start_time:2116367583020641, task_sched_time:2116374243038513
app_id: 0, app_name: SAR_api-aarch64, task_id: 2209, task_name: DASH_ZIP, resource_name: zip1, ref_start_time: 2116374247555344, ref_stop_time: 2116374247677624, actual_exe_time: 122280, task_app_start_time:2116367583020641, task_sched_time:2116374247545264
app_id: 0, app_name: SAR_api-aarch64, task_id: 2210, task_name: DASH_FFT, resource_name: cpu1, ref_start_time: 2116374250708134, ref_stop_time: 2116374250763004, actual_exe_time: 54870, task_app_start_time:2116367583020641, task_sched_time:2116374250668954
app_id: 0, app_name: SAR_api-aarch64, task_id: 2211, task_name: DASH_ZIP, resource_name: cpu2, ref_start_time: 2116374254667985, ref_stop_time: 2116374254751325, actual_exe_time: 83340, task_app_start_time:2116367583020641, task_sched_time:2116374254593435
app_id: 0, app_name: SAR_api-aarch64, task_id: 2212, task_name: DASH_FFT, resource_name: cpu3, ref_start_time: 2116374259619426, ref_stop_time: 2116374259684826, actual_exe_time: 65400, task_app_start_time:2116367583020641, task_sched_time:2116374259612646
app_id: 0, app_name: SAR_api-aarch64, task_id: 2213, task_name: DASH_ZIP, resource_name: zip1, ref_start_time: 2116374262375766, ref_stop_time: 2116374262537916, actual_exe_time: 162150, task_app_start_time:2116367583020641, task_sched_time:2116374262367726
app_id: 0, app_name: SAR_api-aarch64, task_id: 2214, task_name: DASH_FFT, resource_name: cpu1, ref_start_time: 2116374266697117, ref_stop_time: 2116374266753577, actual_exe_time: 56460, task_app_start_time:2116367583020641, task_sched_time:2116374266684517
app_id: 0, app_name: SAR_api-aarch64, task_id: 2215, task_name: DASH_ZIP, resource_name: cpu2, ref_start_time: 2116374271054167, ref_stop_time: 2116374271137387, actual_exe_time: 83220, task_app_start_time:2116367583020641, task_sched_time:2116374271038597
app_id: 0, app_name: SAR_api-aarch64, task_id: 2216, task_name: DASH_FFT, resource_name: cpu3, ref_start_time: 2116374275019778, ref_stop_time: 2116374275092648, actual_exe_time: 72870, task_app_start_time:2116367583020641, task_sched_time:2116374275015098
app_id: 0, app_name: SAR_api-aarch64, task_id: 2217, task_name: DASH_ZIP, resource_name: zip1, ref_start_time: 2116374276937048, ref_stop_time: 2116374277060558, actual_exe_time: 123510, task_app_start_time:2116367583020641, task_sched_time:2116374276927838
app_id: 0, app_name: SAR_api-aarch64, task_id: 2218, task_name: DASH_FFT, resource_name: cpu1, ref_start_time: 2116374282719189, ref_stop_time: 2116374282775019, actual_exe_time: 55830, task_app_start_time:2116367583020641, task_sched_time:2116374282702239
app_id: 0, app_name: SAR_api-aarch64, task_id: 2219, task_name: DASH_ZIP, resource_name: cpu2, ref_start_time: 2116374286597380, ref_stop_time: 2116374286679160, actual_exe_time: 81780, task_app_start_time:2116367583020641, task_sched_time:2116374286540560
app_id: 0, app_name: SAR_api-aarch64, task_id: 2220, task_name: DASH_FFT, resource_name: cpu3, ref_start_time: 2116374290395951, ref_stop_time: 2116374290467081, actual_exe_time: 71130, task_app_start_time:2116367583020641, task_sched_time:2116374290387521
app_id: 0, app_name: SAR_api-aarch64, task_id: 2221, task_name: DASH_ZIP, resource_name: zip1, ref_start_time: 2116374291321211, ref_stop_time: 2116374291441871, actual_exe_time: 120660, task_app_start_time:2116367583020641, task_sched_time:2116374291317011
app_id: 0, app_name: SAR_api-aarch64, task_id: 2222, task_name: DASH_FFT, resource_name: cpu1, ref_start_time: 2116374298624142, ref_stop_time: 2116374298681922, actual_exe_time: 57780, task_app_start_time:2116367583020641, task_sched_time:2116374298531832
app_id: 0, app_name: SAR_api-aarch64, task_id: 2223, task_name: DASH_ZIP, resource_name: cpu2, ref_start_time: 2116374302597162, ref_stop_time: 2116374302678552, actual_exe_time: 81390, task_app_start_time:2116367583020641, task_sched_time:2116374302540462
app_id: 0, app_name: SAR_api-aarch64, task_id: 2224, task_name: DASH_FFT, resource_name: cpu3, ref_start_time: 2116374305181453, ref_stop_time: 2116374305260113, actual_exe_time: 78660, task_app_start_time:2116367583020641, task_sched_time:2116374305175483
app_id: 0, app_name: SAR_api-aarch64, task_id: 2225, task_name: DASH_ZIP, resource_name: zip1, ref_start_time: 2116374310684264, ref_stop_time: 2116374310811584, actual_exe_time: 127320, task_app_start_time:2116367583020641, task_sched_time:2116374310673914
app_id: 0, app_name: SAR_api-aarch64, task_id: 2226, task_name: DASH_FFT, resource_name: cpu1, ref_start_time: 2116374314647954, ref_stop_time: 2116374314702644, actual_exe_time: 54690, task_app_start_time:2116367583020641, task_sched_time:2116374314636614
app_id: 0, app_name: SAR_api-aarch64, task_id: 2227, task_name: DASH_ZIP, resource_name: cpu2, ref_start_time: 2116374319731035, ref_stop_time: 2116374319812215, actual_exe_time: 81180, task_app_start_time:2116367583020641, task_sched_time:2116374319725125
app_id: 0, app_name: SAR_api-aarch64, task_id: 2228, task_name: DASH_FFT, resource_name: cpu3, ref_start_time: 2116374326914326, ref_stop_time: 2116374326997966, actual_exe_time: 83640, task_app_start_time:2116367583020641, task_sched_time:2116374326908506
app_id: 0, app_name: SAR_api-aarch64, task_id: 2229, task_name: DASH_ZIP, resource_name: zip1, ref_start_time: 2116374327840277, ref_stop_time: 2116374327960547, actual_exe_time: 120270, task_app_start_time:2116367583020641, task_sched_time:2116374327836227
app_id: 0, app_name: SAR_api-aarch64, task_id: 2230, task_name: DASH_FFT, resource_name: cpu1, ref_start_time: 2116374330997267, ref_stop_time: 2116374331047157, actual_exe_time: 49890, task_app_start_time:2116367583020641, task_sched_time:2116374330992887
app_id: 0, app_name: SAR_api-aarch64, task_id: 2231, task_name: DASH_ZIP, resource_name: cpu2, ref_start_time: 2116374333798547, ref_stop_time: 2116374333880658, actual_exe_time: 82111, task_app_start_time:2116367583020641, task_sched_time:2116374333737707
app_id: 0, app_name: SAR_api-aarch64, task_id: 2232, task_name: DASH_FFT, resource_name: cpu3, ref_start_time: 2116374338852198, ref_stop_time: 2116374338933978, actual_exe_time: 81780, task_app_start_time:2116367583020641, task_sched_time:2116374338844158
app_id: 0, app_name: SAR_api-aarch64, task_id: 2233, task_name: DASH_ZIP, resource_name: zip1, ref_start_time: 2116374342777759, ref_stop_time: 2116374342901539, actual_exe_time: 123780, task_app_start_time:2116367583020641, task_sched_time:2116374342767979
app_id: 0, app_name: SAR_api-aarch64, task_id: 2234, task_name: DASH_FFT, resource_name: cpu1, ref_start_time: 2116374347045290, ref_stop_time: 2116374347095810, actual_exe_time: 50520, task_app_start_time:2116367583020641, task_sched_time:2116374347035210
app_id: 0, app_name: SAR_api-aarch64, task_id: 2235, task_name: DASH_ZIP, resource_name: cpu2, ref_start_time: 2116374348230110, ref_stop_time: 2116374348309640, actual_exe_time: 79530, task_app_start_time:2116367583020641, task_sched_time:2116374348226030
app_id: 0, app_name: SAR_api-aarch64, task_id: 2236, task_name: DASH_FFT, resource_name: cpu3, ref_start_time: 2116374354549671, ref_stop_time: 2116374354641411, actual_exe_time: 91740, task_app_start_time:2116367583020641, task_sched_time:2116374354543521
app_id: 0, app_name: SAR_api-aarch64, task_id: 2237, task_name: DASH_ZIP, resource_name: zip1, ref_start_time: 2116374358716162, ref_stop_time: 2116374358839972, actual_exe_time: 123810, task_app_start_time:2116367583020641, task_sched_time:2116374358650881
app_id: 0, app_name: SAR_api-aarch64, task_id: 2238, task_name: DASH_FFT, resource_name: cpu1, ref_start_time: 2116374361924482, ref_stop_time: 2116374361978152, actual_exe_time: 53670, task_app_start_time:2116367583020641, task_sched_time:2116374361903152
app_id: 0, app_name: SAR_api-aarch64, task_id: 2239, task_name: DASH_ZIP, resource_name: cpu2, ref_start_time: 2116374366669823, ref_stop_time: 2116374366754213, actual_exe_time: 84390, task_app_start_time:2116367583020641, task_sched_time:2116374366597343
app_id: 0, app_name: SAR_api-aarch64, task_id: 2240, task_name: DASH_FFT, resource_name: cpu3, ref_start_time: 2116374370574053, ref_stop_time: 2116374370653283, actual_exe_time: 79230, task_app_start_time:2116367583020641, task_sched_time:2116374370568023
app_id: 0, app_name: SAR_api-aarch64, task_id: 2241, task_name: DASH_ZIP, resource_name: zip1, ref_start_time: 2116374376513424, ref_stop_time: 2116374376637474, actual_exe_time: 124050, task_app_start_time:2116367583020641, task_sched_time:2116374376303094
app_id: 0, app_name: SAR_api-aarch64, task_id: 2242, task_name: DASH_FFT, resource_name: cpu1, ref_start_time: 2116374386512486, ref_stop_time: 2116374386569606, actual_exe_time: 57120, task_app_start_time:2116367583020641, task_sched_time:2116374386507026
app_id: 0, app_name: SAR_api-aarch64, task_id: 2243, task_name: DASH_ZIP, resource_name: cpu2, ref_start_time: 2116374389406046, ref_stop_time: 2116374389486716, actual_exe_time: 80670, task_app_start_time:2116367583020641, task_sched_time:2116374389401336
app_id: 0, app_name: SAR_api-aarch64, task_id: 2244, task_name: DASH_FFT, resource_name: cpu3, ref_start_time: 2116374390861167, ref_stop_time: 2116374390937217, actual_exe_time: 76050, task_app_start_time:2116367583020641, task_sched_time:2116374390856097
app_id: 0, app_name: SAR_api-aarch64, task_id: 2245, task_name: DASH_ZIP, resource_name: zip1, ref_start_time: 2116374398861358, ref_stop_time: 2116374398987478, actual_exe_time: 126120, task_app_start_time:2116367583020641, task_sched_time:2116374398852328
app_id: 0, app_name: SAR_api-aarch64, task_id: 2246, task_name: DASH_FFT, resource_name: cpu1, ref_start_time: 2116374402581029, ref_stop_time: 2116374402851059, actual_exe_time: 270030, task_app_start_time:2116367583020641, task_sched_time:2116374402575989
app_id: 0, app_name: SAR_api-aarch64, task_id: 2247, task_name: DASH_ZIP, resource_name: cpu2, ref_start_time: 2116374404027779, ref_stop_time: 2116374404108539, actual_exe_time: 80760, task_app_start_time:2116367583020641, task_sched_time:2116374404023579
app_id: 0, app_name: SAR_api-aarch64, task_id: 2248, task_name: DASH_FFT, resource_name: cpu3, ref_start_time: 2116374410866130, ref_stop_time: 2116374410949320, actual_exe_time: 83190, task_app_start_time:2116367583020641, task_sched_time:2116374410856350
app_id: 0, app_name: SAR_api-aarch64, task_id: 2249, task_name: DASH_ZIP, resource_name: zip1, ref_start_time: 2116374414520280, ref_stop_time: 2116374414647631, actual_exe_time: 127351, task_app_start_time:2116367583020641, task_sched_time:2116374414514220
app_id: 0, app_name: SAR_api-aarch64, task_id: 2250, task_name: DASH_FFT, resource_name: cpu1, ref_start_time: 2116374417950121, ref_stop_time: 2116374418001421, actual_exe_time: 51300, task_app_start_time:2116367583020641, task_sched_time:2116374417848871
app_id: 0, app_name: SAR_api-aarch64, task_id: 2251, task_name: DASH_ZIP, resource_name: cpu2, ref_start_time: 2116374422748682, ref_stop_time: 2116374422834962, actual_exe_time: 86280, task_app_start_time:2116367583020641, task_sched_time:2116374422743492
app_id: 0, app_name: SAR_api-aarch64, task_id: 2252, task_name: DASH_FFT, resource_name: cpu3, ref_start_time: 2116374426576712, ref_stop_time: 2116374426654172, actual_exe_time: 77460, task_app_start_time:2116367583020641, task_sched_time:2116374426567922
app_id: 0, app_name: SAR_api-aarch64, task_id: 2253, task_name: DASH_ZIP, resource_name: zip1, ref_start_time: 2116374430648073, ref_stop_time: 2116374430769813, actual_exe_time: 121740, task_app_start_time:2116367583020641, task_sched_time:2116374430643273
app_id: 0, app_name: SAR_api-aarch64, task_id: 2254, task_name: DASH_FFT, resource_name: cpu1, ref_start_time: 2116374432215753, ref_stop_time: 2116374432265853, actual_exe_time: 50100, task_app_start_time:2116367583020641, task_sched_time:2116374432143003
app_id: 0, app_name: SAR_api-aarch64, task_id: 2255, task_name: DASH_ZIP, resource_name: cpu2, ref_start_time: 2116374438574704, ref_stop_time: 2116374439023804, actual_exe_time: 449100, task_app_start_time:2116367583020641, task_sched_time:2116374438569154
app_id: 0, app_name: SAR_api-aarch64, task_id: 2256, task_name: DASH_FFT, resource_name: cpu3, ref_start_time: 2116374445689835, ref_stop_time: 2116374445765316, actual_exe_time: 75481, task_app_start_time:2116367583020641, task_sched_time:2116374445682185
app_id: 0, app_name: SAR_api-aarch64, task_id: 2257, task_name: DASH_ZIP, resource_name: zip1, ref_start_time: 2116374446104076, ref_stop_time: 2116374446237606, actual_exe_time: 133530, task_app_start_time:2116367583020641, task_sched_time:2116374446096456
app_id: 0, app_name: SAR_api-aarch64, task_id: 2258, task_name: DASH_FFT, resource_name: cpu1, ref_start_time: 2116374454525887, ref_stop_time: 2116374454586667, actual_exe_time: 60780, task_app_start_time:2116367583020641, task_sched_time:2116374454516407
app_id: 0, app_name: SAR_api-aarch64, task_id: 2259, task_name: DASH_ZIP, resource_name: cpu2, ref_start_time: 2116374458606158, ref_stop_time: 2116374458686348, actual_exe_time: 80190, task_app_start_time:2116367583020641, task_sched_time:2116374458546998
app_id: 0, app_name: SAR_api-aarch64, task_id: 2260, task_name: DASH_FFT, resource_name: cpu3, ref_start_time: 2116374459898798, ref_stop_time: 2116374459967138, actual_exe_time: 68340, task_app_start_time:2116367583020641, task_sched_time:2116374459891148
app_id: 0, app_name: SAR_api-aarch64, task_id: 2261, task_name: DASH_ZIP, resource_name: zip1, ref_start_time: 2116374462906088, ref_stop_time: 2116374463030438, actual_exe_time: 124350, task_app_start_time:2116367583020641, task_sched_time:2116374462894328
app_id: 0, app_name: SAR_api-aarch64, task_id: 2262, task_name: DASH_FFT, resource_name: cpu1, ref_start_time: 2116374470637990, ref_stop_time: 2116374470694720, actual_exe_time: 56730, task_app_start_time:2116367583020641, task_sched_time:2116374470628750
app_id: 0, app_name: SAR_api-aarch64, task_id: 2263, task_name: DASH_ZIP, resource_name: cpu2, ref_start_time: 2116374473756730, ref_stop_time: 2116374474140400, actual_exe_time: 383670, task_app_start_time:2116367583020641, task_sched_time:2116374473749110
app_id: 0, app_name: SAR_api-aarch64, task_id: 2264, task_name: DASH_FFT, resource_name: cpu3, ref_start_time: 2116374478792021, ref_stop_time: 2116374478870501, actual_exe_time: 78480, task_app_start_time:2116367583020641, task_sched_time:2116374478785511
app_id: 0, app_name: SAR_api-aarch64, task_id: 2265, task_name: DASH_ZIP, resource_name: zip1, ref_start_time: 2116374482660971, ref_stop_time: 2116374482783491, actual_exe_time: 122520, task_app_start_time:2116367583020641, task_sched_time:2116374482653411
app_id: 0, app_name: SAR_api-aarch64, task_id: 2266, task_name: DASH_FFT, resource_name: cpu1, ref_start_time: 2116374486977672, ref_stop_time: 2116374487030382, actual_exe_time: 52710, task_app_start_time:2116367583020641, task_sched_time:2116374486973262
app_id: 0, app_name: SAR_api-aarch64, task_id: 2267, task_name: DASH_ZIP, resource_name: cpu2, ref_start_time: 2116374488354882, ref_stop_time: 2116374488436512, actual_exe_time: 81630, task_app_start_time:2116367583020641, task_sched_time:2116374488349002
app_id: 0, app_name: SAR_api-aarch64, task_id: 2268, task_name: DASH_FFT, resource_name: cpu3, ref_start_time: 2116374494605623, ref_stop_time: 2116374494689323, actual_exe_time: 83700, task_app_start_time:2116367583020641, task_sched_time:2116374494597793
app_id: 0, app_name: SAR_api-aarch64, task_id: 2269, task_name: DASH_ZIP, resource_name: zip1, ref_start_time: 2116374495539614, ref_stop_time: 2116374495660814, actual_exe_time: 121200, task_app_start_time:2116367583020641, task_sched_time:2116374495534664
app_id: 0, app_name: SAR_api-aarch64, task_id: 2270, task_name: DASH_FFT, resource_name: cpu1, ref_start_time: 2116374498574084, ref_stop_time: 2116374498628324, actual_exe_time: 54240, task_app_start_time:2116367583020641, task_sched_time:2116374496205164
app_id: 0, app_name: SAR_api-aarch64, task_id: 2271, task_name: DASH_ZIP, resource_name: cpu2, ref_start_time: 2116374501094384, ref_stop_time: 2116374501174784, actual_exe_time: 80400, task_app_start_time:2116367583020641, task_sched_time:2116374501081754
app_id: 0, app_name: SAR_api-aarch64, task_id: 2272, task_name: DASH_FFT, resource_name: cpu3, ref_start_time: 2116374501788735, ref_stop_time: 2116374501857045, actual_exe_time: 68310, task_app_start_time:2116367583020641, task_sched_time:2116374501785735
app_id: 0, app_name: SAR_api-aarch64, task_id: 2273, task_name: DASH_ZIP, resource_name: zip1, ref_start_time: 2116374510712266, ref_stop_time: 2116374510838536, actual_exe_time: 126270, task_app_start_time:2116367583020641, task_sched_time:2116374510704706
app_id: 0, app_name: SAR_api-aarch64, task_id: 2274, task_name: DASH_FFT, resource_name: cpu1, ref_start_time: 2116374511247436, ref_stop_time: 2116374511456566, actual_exe_time: 209130, task_app_start_time:2116367583020641, task_sched_time:2116374511234596
app_id: 0, app_name: SAR_api-aarch64, task_id: 2275, task_name: DASH_ZIP, resource_name: cpu2, ref_start_time: 2116374515754637, ref_stop_time: 2116374515839237, actual_exe_time: 84600, task_app_start_time:2116367583020641, task_sched_time:2116374515681437
app_id: 0, app_name: SAR_api-aarch64, task_id: 2276, task_name: DASH_FFT, resource_name: cpu3, ref_start_time: 2116374522635828, ref_stop_time: 2116374522709988, actual_exe_time: 74160, task_app_start_time:2116367583020641, task_sched_time:2116374522624638
app_id: 0, app_name: SAR_api-aarch64, task_id: 2277, task_name: DASH_ZIP, resource_name: zip1, ref_start_time: 2116374528739479, ref_stop_time: 2116374528861909, actual_exe_time: 122430, task_app_start_time:2116367583020641, task_sched_time:2116374528734769
app_id: 0, app_name: SAR_api-aarch64, task_id: 2278, task_name: DASH_FFT, resource_name: cpu1, ref_start_time: 2116374529494009, ref_stop_time: 2116374529543269, actual_exe_time: 49260, task_app_start_time:2116367583020641, task_sched_time:2116374529487919
app_id: 0, app_name: SAR_api-aarch64, task_id: 2279, task_name: DASH_ZIP, resource_name: cpu2, ref_start_time: 2116374534814480, ref_stop_time: 2116374535307650, actual_exe_time: 493170, task_app_start_time:2116367583020641, task_sched_time:2116374534808360
app_id: 0, app_name: SAR_api-aarch64, task_id: 2280, task_name: DASH_FFT, resource_name: cpu3, ref_start_time: 2116374542228321, ref_stop_time: 2116374542306981, actual_exe_time: 78660, task_app_start_time:2116367583020641, task_sched_time:2116374542220671
app_id: 0, app_name: SAR_api-aarch64, task_id: 2281, task_name: DASH_ZIP, resource_name: zip1, ref_start_time: 2116374543719981, ref_stop_time: 2116374543843971, actual_exe_time: 123990, task_app_start_time:2116367583020641, task_sched_time:2116374543714941
app_id: 0, app_name: SAR_api-aarch64, task_id: 2282, task_name: DASH_FFT, resource_name: cpu1, ref_start_time: 2116374546684372, ref_stop_time: 2116374546739452, actual_exe_time: 55080, task_app_start_time:2116367583020641, task_sched_time:2116374546674742
app_id: 0, app_name: SAR_api-aarch64, task_id: 2283, task_name: DASH_ZIP, resource_name: cpu2, ref_start_time: 2116374554664823, ref_stop_time: 2116374554749813, actual_exe_time: 84990, task_app_start_time:2116367583020641, task_sched_time:2116374554594053
app_id: 0, app_name: SAR_api-aarch64, task_id: 2284, task_name: DASH_FFT, resource_name: cpu3, ref_start_time: 2116374557306863, ref_stop_time: 2116374557384113, actual_exe_time: 77250, task_app_start_time:2116367583020641, task_sched_time:2116374557300983
app_id: 0, app_name: SAR_api-aarch64, task_id: 2285, task_name: DASH_ZIP, resource_name: zip1, ref_start_time: 2116374562358744, ref_stop_time: 2116374562520114, actual_exe_time: 161370, task_app_start_time:2116367583020641, task_sched_time:2116374562348634
app_id: 0, app_name: SAR_api-aarch64, task_id: 2286, task_name: DASH_FFT, resource_name: cpu1, ref_start_time: 2116374567044595, ref_stop_time: 2116374567098265, actual_exe_time: 53670, task_app_start_time:2116367583020641, task_sched_time:2116374567035745
app_id: 0, app_name: SAR_api-aarch64, task_id: 2287, task_name: DASH_ZIP, resource_name: cpu2, ref_start_time: 2116374572567656, ref_stop_time: 2116374572656546, actual_exe_time: 88890, task_app_start_time:2116367583020641, task_sched_time:2116374572559406
app_id: 0, app_name: SAR_api-aarch64, task_id: 2288, task_name: DASH_FFT, resource_name: cpu3, ref_start_time: 2116374573106516, ref_stop_time: 2116374573175576, actual_exe_time: 69060, task_app_start_time:2116367583020641, task_sched_time:2116374573099466
app_id: 0, app_name: SAR_api-aarch64, task_id: 2289, task_name: DASH_ZIP, resource_name: zip1, ref_start_time: 2116374577430567, ref_stop_time: 2116374577555007, actual_exe_time: 124440, task_app_start_time:2116367583020641, task_sched_time:2116374577423097
app_id: 0, app_name: SAR_api-aarch64, task_id: 2290, task_name: DASH_FFT, resource_name: cpu1, ref_start_time: 2116374578237747, ref_stop_time: 2116374578286227, actual_exe_time: 48480, task_app_start_time:2116367583020641, task_sched_time:2116374578223497
app_id: 0, app_name: SAR_api-aarch64, task_id: 2291, task_name: DASH_ZIP, resource_name: cpu2, ref_start_time: 2116374579013067, ref_stop_time: 2116374579092807, actual_exe_time: 79740, task_app_start_time:2116367583020641, task_sched_time:2116374579008777
app_id: 0, app_name: SAR_api-aarch64, task_id: 2292, task_name: DASH_FFT, resource_name: cpu3, ref_start_time: 2116374582520188, ref_stop_time: 2116374582592998, actual_exe_time: 72810, task_app_start_time:2116367583020641, task_sched_time:2116374579529427
app_id: 0, app_name: SAR_api-aarch64, task_id: 2293, task_name: DASH_ZIP, resource_name: zip1, ref_start_time: 2116374586663248, ref_stop_time: 2116374586785198, actual_exe_time: 121950, task_app_start_time:2116367583020641, task_sched_time:2116374586656948
app_id: 0, app_name: SAR_api-aarch64, task_id: 2294, task_name: DASH_FFT, resource_name: cpu1, ref_start_time: 2116374588163758, ref_stop_time: 2116374588212118, actual_exe_time: 48360, task_app_start_time:2116367583020641, task_sched_time:2116374588156888
app_id: 0, app_name: SAR_api-aarch64, task_id: 2295, task_name: DASH_ZIP, resource_name: cpu2, ref_start_time: 2116374592274839, ref_stop_time: 2116374592356439, actual_exe_time: 81600, task_app_start_time:2116367583020641, task_sched_time:2116374592266589
app_id: 0, app_name: SAR_api-aarch64, task_id: 2296, task_name: DASH_FFT, resource_name: cpu3, ref_start_time: 2116374595186010, ref_stop_time: 2116374595248020, actual_exe_time: 62010, task_app_start_time:2116367583020641, task_sched_time:2116374595177280
app_id: 0, app_name: SAR_api-aarch64, task_id: 2297, task_name: DASH_ZIP, resource_name: zip1, ref_start_time: 2116374598839020, ref_stop_time: 2116374598961090, actual_exe_time: 122070, task_app_start_time:2116367583020641, task_sched_time:2116374598830800
app_id: 0, app_name: SAR_api-aarch64, task_id: 2298, task_name: DASH_FFT, resource_name: cpu1, ref_start_time: 2116374602859681, ref_stop_time: 2116374602909421, actual_exe_time: 49740, task_app_start_time:2116367583020641, task_sched_time:2116374602853141
app_id: 0, app_name: SAR_api-aarch64, task_id: 2299, task_name: DASH_ZIP, resource_name: cpu2, ref_start_time: 2116374604299921, ref_stop_time: 2116374604379331, actual_exe_time: 79410, task_app_start_time:2116367583020641, task_sched_time:2116374604290831
app_id: 0, app_name: SAR_api-aarch64, task_id: 2300, task_name: DASH_FFT, resource_name: cpu3, ref_start_time: 2116374604898451, ref_stop_time: 2116374604963161, actual_exe_time: 64710, task_app_start_time:2116367583020641, task_sched_time:2116374604894671
app_id: 0, app_name: SAR_api-aarch64, task_id: 2301, task_name: DASH_ZIP, resource_name: zip1, ref_start_time: 2116374608762302, ref_stop_time: 2116374608897782, actual_exe_time: 135480, task_app_start_time:2116367583020641, task_sched_time:2116374608750542
app_id: 0, app_name: SAR_api-aarch64, task_id: 2302, task_name: DASH_FFT, resource_name: cpu1, ref_start_time: 2116374615322403, ref_stop_time: 2116374615375863, actual_exe_time: 53460, task_app_start_time:2116367583020641, task_sched_time:2116374615316673
app_id: 0, app_name: SAR_api-aarch64, task_id: 2303, task_name: DASH_ZIP, resource_name: cpu2, ref_start_time: 2116374618528623, ref_stop_time: 2116374618605483, actual_exe_time: 76860, task_app_start_time:2116367583020641, task_sched_time:2116374616241153
app_id: 0, app_name: SAR_api-aarch64, task_id: 2304, task_name: DASH_FFT, resource_name: cpu3, ref_start_time: 2116374619191773, ref_stop_time: 2116374619257293, actual_exe_time: 65520, task_app_start_time:2116367583020641, task_sched_time:2116374619185563
