app_id: 4, app_name: pulse_doppler_api-aarch64, task_id: 0, task_name: DASH_FFT, resource_name: cpu1, ref_start_time: 2114963158175733, ref_stop_time: 2114963158333293, actual_exe_time: 157560, task_app_start_time:2114963155753773, task_sched_time:2114963158165773
app_id: 4, app_name: pulse_doppler_api-aarch64, task_id: 1, task_name: DASH_FFT, resource_name: cpu2, ref_start_time: 2114963158776784, ref_stop_time: 2114963158842934, actual_exe_time: 66150, task_app_start_time:2114963155753773, task_sched_time:2114963158771144
app_id: 4, app_name: pulse_doppler_api-aarch64, task_id: 2, task_name: DASH_ZIP, resource_name: cpu3, ref_start_time: 2114963159295874, ref_stop_time: 2114963159318824, actual_exe_time: 22950, task_app_start_time:2114963155753773, task_sched_time:2114963159288854
app_id: 4, app_name: pulse_doppler_api-aarch64, task_id: 3, task_name: DASH_FFT, resource_name: fft1, ref_start_time: 2114963164996715, ref_stop_time: 2114963165091395, actual_exe_time: 94680, task_app_start_time:2114963155753773, task_sched_time:2114963163852574
app_id: 4, app_name: pulse_doppler_api-aarch64, task_id: 4, task_name: DASH_FFT, resource_name: fft2, ref_start_time: 2114963166135215, ref_stop_time: 2114963166180695, actual_exe_time: 45480, task_app_start_time:2114963155753773, task_sched_time:2114963166131735
app_id: 0, app_name: radar_correlator_api-aarch64, task_id: 0, task_name: DASH_FFT, resource_name: cpu2, ref_start_time: 2114963169401585, ref_stop_time: 2114963169496565, actual_exe_time: 94980, task_app_start_time:2114963165144645, task_sched_time:2114963169393845
app_id: 0, app_name: radar_correlator_api-aarch64, task_id: 1, task_name: DASH_FFT, resource_name: cpu3, ref_start_time: 2114963170067855, ref_stop_time: 2114963170237955, actual_exe_time: 170100, task_app_start_time:2114963165144645, task_sched_time:2114963170019705
app_id: 4, app_name: pulse_doppler_api-aarch64, task_id: 5, task_name: DASH_FFT, resource_name: cpu1, ref_start_time: 2114963170323305, ref_stop_time: 2114963170349495, actual_exe_time: 26190, task_app_start_time:2114963155753773, task_sched_time:2114963169105035
app_id: 0, app_name: radar_correlator_api-aarch64, task_id: 2, task_name: DASH_ZIP, resource_name: zip1, ref_start_time: 2114963171245536, ref_stop_time: 2114963171636526, actual_exe_time: 390990, task_app_start_time:2114963165144645, task_sched_time:2114963171241426
app_id: 4, app_name: pulse_doppler_api-aarch64, task_id: 6, task_name: DASH_ZIP, resource_name: zip2, ref_start_time: 2114963173150146, ref_stop_time: 2114963173210416, actual_exe_time: 60270, task_app_start_time:2114963155753773, task_sched_time:2114963173145646
app_id: 0, app_name: radar_correlator_api-aarch64, task_id: 3, task_name: DASH_FFT, resource_name: cpu1, ref_start_time: 2114963173529346, ref_stop_time: 2114963173641876, actual_exe_time: 112530, task_app_start_time:2114963165144645, task_sched_time:2114963173522206
app_id: 4, app_name: pulse_doppler_api-aarch64, task_id: 7, task_name: DASH_FFT, resource_name: cpu2, ref_start_time: 2114963173838046, ref_stop_time: 2114963173864416, actual_exe_time: 26370, task_app_start_time:2114963155753773, task_sched_time:2114963173834356
app_id: 4, app_name: pulse_doppler_api-aarch64, task_id: 8, task_name: DASH_FFT, resource_name: cpu3, ref_start_time: 2114963181188887, ref_stop_time: 2114963181222787, actual_exe_time: 33900, task_app_start_time:2114963155753773, task_sched_time:2114963181047077
app_id: 4, app_name: pulse_doppler_api-aarch64, task_id: 9, task_name: DASH_FFT, resource_name: fft1, ref_start_time: 2114963182405567, ref_stop_time: 2114963182434697, actual_exe_time: 29130, task_app_start_time:2114963155753773, task_sched_time:2114963181657397
app_id: 4, app_name: pulse_doppler_api-aarch64, task_id: 10, task_name: DASH_ZIP, resource_name: zip1, ref_start_time: 2114963201018650, ref_stop_time: 2114963201071390, actual_exe_time: 52740, task_app_start_time:2114963155753773, task_sched_time:2114963200936300
app_id: 1, app_name: radar_correlator_api-aarch64, task_id: 0, task_name: DASH_FFT, resource_name: fft2, ref_start_time: 2114963201483050, ref_stop_time: 2114963201561350, actual_exe_time: 78300, task_app_start_time:2114963181278287, task_sched_time:2114963200858600
app_id: 1, app_name: radar_correlator_api-aarch64, task_id: 1, task_name: DASH_FFT, resource_name: cpu1, ref_start_time: 2114963209135872, ref_stop_time: 2114963209228962, actual_exe_time: 93090, task_app_start_time:2114963181278287, task_sched_time:2114963209128312
app_id: 3, app_name: radar_correlator_api-aarch64, task_id: 0, task_name: DASH_FFT, resource_name: cpu2, ref_start_time: 2114963213023182, ref_stop_time: 2114963213340102, actual_exe_time: 316920, task_app_start_time:2114963202847841, task_sched_time:2114963213013702
app_id: 4, app_name: pulse_doppler_api-aarch64, task_id: 11, task_name: DASH_FFT, resource_name: cpu3, ref_start_time: 2114963213420322, ref_stop_time: 2114963213445792, actual_exe_time: 25470, task_app_start_time:2114963155753773, task_sched_time:2114963213244972
app_id: 1, app_name: radar_correlator_api-aarch64, task_id: 2, task_name: DASH_ZIP, resource_name: zip1, ref_start_time: 2114963213540202, ref_stop_time: 2114963213663052, actual_exe_time: 122850, task_app_start_time:2114963181278287, task_sched_time:2114963213512752
app_id: 2, app_name: radar_correlator_api-aarch64, task_id: 0, task_name: DASH_FFT, resource_name: cpu1, ref_start_time: 2114963214918853, ref_stop_time: 2114963215271743, actual_exe_time: 352890, task_app_start_time:2114963199956560, task_sched_time:2114963214908053
app_id: 4, app_name: pulse_doppler_api-aarch64, task_id: 12, task_name: DASH_FFT, resource_name: cpu2, ref_start_time: 2114963215593913, ref_stop_time: 2114963215619773, actual_exe_time: 25860, task_app_start_time:2114963155753773, task_sched_time:2114963215586383
app_id: 1, app_name: radar_correlator_api-aarch64, task_id: 3, task_name: DASH_FFT, resource_name: cpu3, ref_start_time: 2114963217353743, ref_stop_time: 2114963217677263, actual_exe_time: 323520, task_app_start_time:2114963181278287, task_sched_time:2114963217350173
app_id: 4, app_name: pulse_doppler_api-aarch64, task_id: 13, task_name: DASH_FFT, resource_name: fft1, ref_start_time: 2114963221074764, ref_stop_time: 2114963221268534, actual_exe_time: 193770, task_app_start_time:2114963155753773, task_sched_time:2114963221054064
app_id: 3, app_name: radar_correlator_api-aarch64, task_id: 1, task_name: DASH_FFT, resource_name: fft2, ref_start_time: 2114963221709174, ref_stop_time: 2114963221771274, actual_exe_time: 62100, task_app_start_time:2114963202847841, task_sched_time:2114963221676294
app_id: 2, app_name: radar_correlator_api-aarch64, task_id: 1, task_name: DASH_FFT, resource_name: cpu1, ref_start_time: 2114963222485844, ref_stop_time: 2114963222571344, actual_exe_time: 85500, task_app_start_time:2114963199956560, task_sched_time:2114963222477684
app_id: 2, app_name: radar_correlator_api-aarch64, task_id: 2, task_name: DASH_ZIP, resource_name: cpu2, ref_start_time: 2114963225010944, ref_stop_time: 2114963225094824, actual_exe_time: 83880, task_app_start_time:2114963199956560, task_sched_time:2114963225002754
app_id: 4, app_name: pulse_doppler_api-aarch64, task_id: 14, task_name: DASH_ZIP, resource_name: cpu3, ref_start_time: 2114963225433344, ref_stop_time: 2114963225455694, actual_exe_time: 22350, task_app_start_time:2114963155753773, task_sched_time:2114963225334794
app_id: 3, app_name: radar_correlator_api-aarch64, task_id: 2, task_name: DASH_ZIP, resource_name: zip1, ref_start_time: 2114963229272505, ref_stop_time: 2114963229908595, actual_exe_time: 636090, task_app_start_time:2114963202847841, task_sched_time:2114963229211005
app_id: 2, app_name: radar_correlator_api-aarch64, task_id: 3, task_name: DASH_FFT, resource_name: cpu1, ref_start_time: 2114963229761775, ref_stop_time: 2114963229850485, actual_exe_time: 88710, task_app_start_time:2114963199956560, task_sched_time:2114963229749895
app_id: 4, app_name: pulse_doppler_api-aarch64, task_id: 15, task_name: DASH_FFT, resource_name: cpu2, ref_start_time: 2114963231000655, ref_stop_time: 2114963231204895, actual_exe_time: 204240, task_app_start_time:2114963155753773, task_sched_time:2114963230986075
app_id: 3, app_name: radar_correlator_api-aarch64, task_id: 3, task_name: DASH_FFT, resource_name: cpu3, ref_start_time: 2114963233022535, ref_stop_time: 2114963233118596, actual_exe_time: 96061, task_app_start_time:2114963202847841, task_sched_time:2114963233003035
app_id: 4, app_name: pulse_doppler_api-aarch64, task_id: 16, task_name: DASH_FFT, resource_name: fft1, ref_start_time: 2114963237082496, ref_stop_time: 2114963237115796, actual_exe_time: 33300, task_app_start_time:2114963155753773, task_sched_time:2114963237067346
app_id: 4, app_name: pulse_doppler_api-aarch64, task_id: 17, task_name: DASH_FFT, resource_name: fft2, ref_start_time: 2114963237579836, ref_stop_time: 2114963237610766, actual_exe_time: 30930, task_app_start_time:2114963155753773, task_sched_time:2114963237572246
app_id: 4, app_name: pulse_doppler_api-aarch64, task_id: 18, task_name: DASH_ZIP, resource_name: zip1, ref_start_time: 2114963238012826, ref_stop_time: 2114963238055006, actual_exe_time: 42180, task_app_start_time:2114963155753773, task_sched_time:2114963237961886
app_id: 4, app_name: pulse_doppler_api-aarch64, task_id: 19, task_name: DASH_FFT, resource_name: cpu1, ref_start_time: 2114963241301067, ref_stop_time: 2114963241326807, actual_exe_time: 25740, task_app_start_time:2114963155753773, task_sched_time:2114963241291347
app_id: 4, app_name: pulse_doppler_api-aarch64, task_id: 20, task_name: DASH_FFT, resource_name: cpu2, ref_start_time: 2114963245005647, ref_stop_time: 2114963245035017, actual_exe_time: 29370, task_app_start_time:2114963155753773, task_sched_time:2114963244995957
app_id: 4, app_name: pulse_doppler_api-aarch64, task_id: 21, task_name: DASH_FFT, resource_name: cpu3, ref_start_time: 2114963246255058, ref_stop_time: 2114963246280378, actual_exe_time: 25320, task_app_start_time:2114963155753773, task_sched_time:2114963246246478
app_id: 4, app_name: pulse_doppler_api-aarch64, task_id: 22, task_name: DASH_ZIP, resource_name: zip1, ref_start_time: 2114963249196258, ref_stop_time: 2114963249242848, actual_exe_time: 46590, task_app_start_time:2114963155753773, task_sched_time:2114963249190528
app_id: 4, app_name: pulse_doppler_api-aarch64, task_id: 23, task_name: DASH_FFT, resource_name: cpu1, ref_start_time: 2114963253388939, ref_stop_time: 2114963253420919, actual_exe_time: 31980, task_app_start_time:2114963155753773, task_sched_time:2114963253378949
app_id: 4, app_name: pulse_doppler_api-aarch64, task_id: 24, task_name: DASH_FFT, resource_name: cpu2, ref_start_time: 2114963260076240, ref_stop_time: 2114963260107590, actual_exe_time: 31350, task_app_start_time:2114963155753773, task_sched_time:2114963260068980
app_id: 4, app_name: pulse_doppler_api-aarch64, task_id: 25, task_name: DASH_FFT, resource_name: cpu3, ref_start_time: 2114963260515020, ref_stop_time: 2114963260538960, actual_exe_time: 23940, task_app_start_time:2114963155753773, task_sched_time:2114963260511540
app_id: 4, app_name: pulse_doppler_api-aarch64, task_id: 26, task_name: DASH_ZIP, resource_name: zip1, ref_start_time: 2114963261478560, ref_stop_time: 2114963261527160, actual_exe_time: 48600, task_app_start_time:2114963155753773, task_sched_time:2114963261475470
app_id: 4, app_name: pulse_doppler_api-aarch64, task_id: 27, task_name: DASH_FFT, resource_name: cpu1, ref_start_time: 2114963265846111, ref_stop_time: 2114963265873441, actual_exe_time: 27330, task_app_start_time:2114963155753773, task_sched_time:2114963265838221
app_id: 4, app_name: pulse_doppler_api-aarch64, task_id: 28, task_name: DASH_FFT, resource_name: cpu2, ref_start_time: 2114963273055862, ref_stop_time: 2114963273090812, actual_exe_time: 34950, task_app_start_time:2114963155753773, task_sched_time:2114963273046922
app_id: 4, app_name: pulse_doppler_api-aarch64, task_id: 29, task_name: DASH_FFT, resource_name: cpu3, ref_start_time: 2114963273565712, ref_stop_time: 2114963273591032, actual_exe_time: 25320, task_app_start_time:2114963155753773, task_sched_time:2114963273530552
app_id: 4, app_name: pulse_doppler_api-aarch64, task_id: 30, task_name: DASH_ZIP, resource_name: zip1, ref_start_time: 2114963275976452, ref_stop_time: 2114963276026372, actual_exe_time: 49920, task_app_start_time:2114963155753773, task_sched_time:2114963275971832
app_id: 4, app_name: pulse_doppler_api-aarch64, task_id: 31, task_name: DASH_FFT, resource_name: cpu1, ref_start_time: 2114963281157393, ref_stop_time: 2114963281187273, actual_exe_time: 29880, task_app_start_time:2114963155753773, task_sched_time:2114963281151093
app_id: 4, app_name: pulse_doppler_api-aarch64, task_id: 32, task_name: DASH_FFT, resource_name: cpu2, ref_start_time: 2114963285014854, ref_stop_time: 2114963285044794, actual_exe_time: 29940, task_app_start_time:2114963155753773, task_sched_time:2114963285007924
app_id: 4, app_name: pulse_doppler_api-aarch64, task_id: 33, task_name: DASH_FFT, resource_name: cpu3, ref_start_time: 2114963285438724, ref_stop_time: 2114963285462964, actual_exe_time: 24240, task_app_start_time:2114963155753773, task_sched_time:2114963285434674
app_id: 4, app_name: pulse_doppler_api-aarch64, task_id: 34, task_name: DASH_ZIP, resource_name: zip1, ref_start_time: 2114963289450115, ref_stop_time: 2114963289493255, actual_exe_time: 43140, task_app_start_time:2114963155753773, task_sched_time:2114963289443185
app_id: 4, app_name: pulse_doppler_api-aarch64, task_id: 35, task_name: DASH_FFT, resource_name: cpu1, ref_start_time: 2114963290750045, ref_stop_time: 2114963290776895, actual_exe_time: 26850, task_app_start_time:2114963155753773, task_sched_time:2114963290746925
app_id: 4, app_name: pulse_doppler_api-aarch64, task_id: 36, task_name: DASH_FFT, resource_name: cpu2, ref_start_time: 2114963297312576, ref_stop_time: 2114963297349116, actual_exe_time: 36540, task_app_start_time:2114963155753773, task_sched_time:2114963297307056
app_id: 4, app_name: pulse_doppler_api-aarch64, task_id: 37, task_name: DASH_FFT, resource_name: cpu3, ref_start_time: 2114963301401096, ref_stop_time: 2114963301427587, actual_exe_time: 26491, task_app_start_time:2114963155753773, task_sched_time:2114963301390026
app_id: 4, app_name: pulse_doppler_api-aarch64, task_id: 38, task_name: DASH_ZIP, resource_name: zip1, ref_start_time: 2114963304899517, ref_stop_time: 2114963304944757, actual_exe_time: 45240, task_app_start_time:2114963155753773, task_sched_time:2114963304892797
app_id: 4, app_name: pulse_doppler_api-aarch64, task_id: 39, task_name: DASH_FFT, resource_name: cpu1, ref_start_time: 2114963312995048, ref_stop_time: 2114963313024088, actual_exe_time: 29040, task_app_start_time:2114963155753773, task_sched_time:2114963312980618
app_id: 4, app_name: pulse_doppler_api-aarch64, task_id: 40, task_name: DASH_FFT, resource_name: cpu2, ref_start_time: 2114963318610809, ref_stop_time: 2114963318643089, actual_exe_time: 32280, task_app_start_time:2114963155753773, task_sched_time:2114963318601299
app_id: 4, app_name: pulse_doppler_api-aarch64, task_id: 41, task_name: DASH_FFT, resource_name: cpu3, ref_start_time: 2114963321220900, ref_stop_time: 2114963325546450, actual_exe_time: 4325550, task_app_start_time:2114963155753773, task_sched_time:2114963321216040
app_id: 4, app_name: pulse_doppler_api-aarch64, task_id: 42, task_name: DASH_ZIP, resource_name: zip1, ref_start_time: 2114963329176991, ref_stop_time: 2114963329220941, actual_exe_time: 43950, task_app_start_time:2114963155753773, task_sched_time:2114963329115281
app_id: 4, app_name: pulse_doppler_api-aarch64, task_id: 43, task_name: DASH_FFT, resource_name: cpu1, ref_start_time: 2114963332205041, ref_stop_time: 2114963332231981, actual_exe_time: 26940, task_app_start_time:2114963155753773, task_sched_time:2114963332195591
app_id: 4, app_name: pulse_doppler_api-aarch64, task_id: 44, task_name: DASH_FFT, resource_name: cpu2, ref_start_time: 2114963337118022, ref_stop_time: 2114963337155012, actual_exe_time: 36990, task_app_start_time:2114963155753773, task_sched_time:2114963337110612
app_id: 4, app_name: pulse_doppler_api-aarch64, task_id: 45, task_name: DASH_FFT, resource_name: cpu3, ref_start_time: 2114963341243773, ref_stop_time: 2114963341274433, actual_exe_time: 30660, task_app_start_time:2114963155753773, task_sched_time:2114963341198923
app_id: 4, app_name: pulse_doppler_api-aarch64, task_id: 46, task_name: DASH_ZIP, resource_name: zip1, ref_start_time: 2114963345168734, ref_stop_time: 2114963345213044, actual_exe_time: 44310, task_app_start_time:2114963155753773, task_sched_time:2114963345087104
app_id: 4, app_name: pulse_doppler_api-aarch64, task_id: 47, task_name: DASH_FFT, resource_name: cpu1, ref_start_time: 2114963346873934, ref_stop_time: 2114963346901864, actual_exe_time: 27930, task_app_start_time:2114963155753773, task_sched_time:2114963346865534
app_id: 4, app_name: pulse_doppler_api-aarch64, task_id: 48, task_name: DASH_FFT, resource_name: cpu2, ref_start_time: 2114963353062545, ref_stop_time: 2114963353098665, actual_exe_time: 36120, task_app_start_time:2114963155753773, task_sched_time:2114963353052585
app_id: 4, app_name: pulse_doppler_api-aarch64, task_id: 49, task_name: DASH_FFT, resource_name: cpu3, ref_start_time: 2114963353552835, ref_stop_time: 2114963353577855, actual_exe_time: 25020, task_app_start_time:2114963155753773, task_sched_time:2114963353530965
app_id: 4, app_name: pulse_doppler_api-aarch64, task_id: 50, task_name: DASH_ZIP, resource_name: zip1, ref_start_time: 2114963357349156, ref_stop_time: 2114963357392416, actual_exe_time: 43260, task_app_start_time:2114963155753773, task_sched_time:2114963357330646
app_id: 4, app_name: pulse_doppler_api-aarch64, task_id: 51, task_name: DASH_FFT, resource_name: cpu1, ref_start_time: 2114963360736996, ref_stop_time: 2114963360766666, actual_exe_time: 29670, task_app_start_time:2114963155753773, task_sched_time:2114963360723526
app_id: 4, app_name: pulse_doppler_api-aarch64, task_id: 52, task_name: DASH_FFT, resource_name: cpu2, ref_start_time: 2114963362192566, ref_stop_time: 2114963362219626, actual_exe_time: 27060, task_app_start_time:2114963155753773, task_sched_time:2114963362188246
app_id: 4, app_name: pulse_doppler_api-aarch64, task_id: 53, task_name: DASH_FFT, resource_name: cpu3, ref_start_time: 2114963369162827, ref_stop_time: 2114963369197477, actual_exe_time: 34650, task_app_start_time:2114963155753773, task_sched_time:2114963369152117
app_id: 4, app_name: pulse_doppler_api-aarch64, task_id: 54, task_name: DASH_ZIP, resource_name: zip1, ref_start_time: 2114963374763948, ref_stop_time: 2114963374816208, actual_exe_time: 52260, task_app_start_time:2114963155753773, task_sched_time:2114963374757288
app_id: 4, app_name: pulse_doppler_api-aarch64, task_id: 55, task_name: DASH_FFT, resource_name: cpu1, ref_start_time: 2114963375844098, ref_stop_time: 2114963375874308, actual_exe_time: 30210, task_app_start_time:2114963155753773, task_sched_time:2114963375831858
app_id: 4, app_name: pulse_doppler_api-aarch64, task_id: 56, task_name: DASH_FFT, resource_name: cpu2, ref_start_time: 2114963381004669, ref_stop_time: 2114963381040759, actual_exe_time: 36090, task_app_start_time:2114963155753773, task_sched_time:2114963380998159
app_id: 4, app_name: pulse_doppler_api-aarch64, task_id: 57, task_name: DASH_FFT, resource_name: cpu3, ref_start_time: 2114963381497389, ref_stop_time: 2114963381522979, actual_exe_time: 25590, task_app_start_time:2114963155753773, task_sched_time:2114963381477919
app_id: 4, app_name: pulse_doppler_api-aarch64, task_id: 58, task_name: DASH_ZIP, resource_name: zip1, ref_start_time: 2114963385489280, ref_stop_time: 2114963385532390, actual_exe_time: 43110, task_app_start_time:2114963155753773, task_sched_time:2114963385439240
app_id: 4, app_name: pulse_doppler_api-aarch64, task_id: 59, task_name: DASH_FFT, resource_name: cpu1, ref_start_time: 2114963389537541, ref_stop_time: 2114963389564871, actual_exe_time: 27330, task_app_start_time:2114963155753773, task_sched_time:2114963389526681
app_id: 4, app_name: pulse_doppler_api-aarch64, task_id: 60, task_name: DASH_FFT, resource_name: cpu2, ref_start_time: 2114963391087761, ref_stop_time: 2114963391115781, actual_exe_time: 28020, task_app_start_time:2114963155753773, task_sched_time:2114963391081221
app_id: 4, app_name: pulse_doppler_api-aarch64, task_id: 61, task_name: DASH_FFT, resource_name: cpu3, ref_start_time: 2114963394814692, ref_stop_time: 2114963394847842, actual_exe_time: 33150, task_app_start_time:2114963155753773, task_sched_time:2114963394702672
app_id: 4, app_name: pulse_doppler_api-aarch64, task_id: 62, task_name: DASH_ZIP, resource_name: zip1, ref_start_time: 2114963400956683, ref_stop_time: 2114963401007263, actual_exe_time: 50580, task_app_start_time:2114963155753773, task_sched_time:2114963395761762
app_id: 4, app_name: pulse_doppler_api-aarch64, task_id: 63, task_name: DASH_FFT, resource_name: cpu1, ref_start_time: 2114963401927843, ref_stop_time: 2114963401954993, actual_exe_time: 27150, task_app_start_time:2114963155753773, task_sched_time:2114963401920463
app_id: 4, app_name: pulse_doppler_api-aarch64, task_id: 64, task_name: DASH_FFT, resource_name: cpu2, ref_start_time: 2114963405013793, ref_stop_time: 2114963405044843, actual_exe_time: 31050, task_app_start_time:2114963155753773, task_sched_time:2114963405006113
app_id: 4, app_name: pulse_doppler_api-aarch64, task_id: 65, task_name: DASH_FFT, resource_name: cpu3, ref_start_time: 2114963405665573, ref_stop_time: 2114963405689633, actual_exe_time: 24060, task_app_start_time:2114963155753773, task_sched_time:2114963405512333
app_id: 4, app_name: pulse_doppler_api-aarch64, task_id: 66, task_name: DASH_ZIP, resource_name: zip1, ref_start_time: 2114963406342253, ref_stop_time: 2114963406385453, actual_exe_time: 43200, task_app_start_time:2114963155753773, task_sched_time:2114963406336493
app_id: 4, app_name: pulse_doppler_api-aarch64, task_id: 67, task_name: DASH_FFT, resource_name: cpu1, ref_start_time: 2114963410136744, ref_stop_time: 2114963410169984, actual_exe_time: 33240, task_app_start_time:2114963155753773, task_sched_time:2114963410129604
app_id: 4, app_name: pulse_doppler_api-aarch64, task_id: 68, task_name: DASH_FFT, resource_name: cpu2, ref_start_time: 2114963411230424, ref_stop_time: 2114963411259854, actual_exe_time: 29430, task_app_start_time:2114963155753773, task_sched_time:2114963411225444
app_id: 4, app_name: pulse_doppler_api-aarch64, task_id: 69, task_name: DASH_FFT, resource_name: cpu3, ref_start_time: 2114963416966335, ref_stop_time: 2114963416998795, actual_exe_time: 32460, task_app_start_time:2114963155753773, task_sched_time:2114963411673194
app_id: 4, app_name: pulse_doppler_api-aarch64, task_id: 70, task_name: DASH_ZIP, resource_name: zip1, ref_start_time: 2114963418122955, ref_stop_time: 2114963418165225, actual_exe_time: 42270, task_app_start_time:2114963155753773, task_sched_time:2114963418115815
app_id: 4, app_name: pulse_doppler_api-aarch64, task_id: 71, task_name: DASH_FFT, resource_name: cpu1, ref_start_time: 2114963418973545, ref_stop_time: 2114963418997245, actual_exe_time: 23700, task_app_start_time:2114963155753773, task_sched_time:2114963418966105
app_id: 4, app_name: pulse_doppler_api-aarch64, task_id: 72, task_name: DASH_FFT, resource_name: cpu2, ref_start_time: 2114963420133826, ref_stop_time: 2114963420160196, actual_exe_time: 26370, task_app_start_time:2114963155753773, task_sched_time:2114963420130166
app_id: 4, app_name: pulse_doppler_api-aarch64, task_id: 73, task_name: DASH_FFT, resource_name: cpu3, ref_start_time: 2114963420727046, ref_stop_time: 2114963420750776, actual_exe_time: 23730, task_app_start_time:2114963155753773, task_sched_time:2114963420550796
app_id: 4, app_name: pulse_doppler_api-aarch64, task_id: 74, task_name: DASH_ZIP, resource_name: zip1, ref_start_time: 2114963421360886, ref_stop_time: 2114963421404926, actual_exe_time: 44040, task_app_start_time:2114963155753773, task_sched_time:2114963421350626
app_id: 4, app_name: pulse_doppler_api-aarch64, task_id: 75, task_name: DASH_FFT, resource_name: cpu1, ref_start_time: 2114963425154176, ref_stop_time: 2114963425189126, actual_exe_time: 34950, task_app_start_time:2114963155753773, task_sched_time:2114963425142686
app_id: 4, app_name: pulse_doppler_api-aarch64, task_id: 76, task_name: DASH_FFT, resource_name: cpu2, ref_start_time: 2114963426379437, ref_stop_time: 2114963426405267, actual_exe_time: 25830, task_app_start_time:2114963155753773, task_sched_time:2114963426373347
app_id: 4, app_name: pulse_doppler_api-aarch64, task_id: 77, task_name: DASH_FFT, resource_name: cpu3, ref_start_time: 2114963426849327, ref_stop_time: 2114963426872217, actual_exe_time: 22890, task_app_start_time:2114963155753773, task_sched_time:2114963426844047
app_id: 4, app_name: pulse_doppler_api-aarch64, task_id: 78, task_name: DASH_ZIP, resource_name: zip1, ref_start_time: 2114963431978128, ref_stop_time: 2114963432136378, actual_exe_time: 158250, task_app_start_time:2114963155753773, task_sched_time:2114963431969188
app_id: 4, app_name: pulse_doppler_api-aarch64, task_id: 79, task_name: DASH_FFT, resource_name: cpu1, ref_start_time: 2114963432626308, ref_stop_time: 2114963432651088, actual_exe_time: 24780, task_app_start_time:2114963155753773, task_sched_time:2114963432615358
app_id: 4, app_name: pulse_doppler_api-aarch64, task_id: 80, task_name: DASH_FFT, resource_name: cpu2, ref_start_time: 2114963437099008, ref_stop_time: 2114963437127898, actual_exe_time: 28890, task_app_start_time:2114963155753773, task_sched_time:2114963437093668
app_id: 4, app_name: pulse_doppler_api-aarch64, task_id: 81, task_name: DASH_FFT, resource_name: cpu3, ref_start_time: 2114963437901178, ref_stop_time: 2114963437923648, actual_exe_time: 22470, task_app_start_time:2114963155753773, task_sched_time:2114963437894038
app_id: 4, app_name: pulse_doppler_api-aarch64, task_id: 82, task_name: DASH_ZIP, resource_name: zip1, ref_start_time: 2114963439466639, ref_stop_time: 2114963439509209, actual_exe_time: 42570, task_app_start_time:2114963155753773, task_sched_time:2114963439458119
app_id: 4, app_name: pulse_doppler_api-aarch64, task_id: 83, task_name: DASH_FFT, resource_name: cpu1, ref_start_time: 2114963441446939, ref_stop_time: 2114963441480569, actual_exe_time: 33630, task_app_start_time:2114963155753773, task_sched_time:2114963441440369
app_id: 4, app_name: pulse_doppler_api-aarch64, task_id: 84, task_name: DASH_FFT, resource_name: cpu2, ref_start_time: 2114963448999620, ref_stop_time: 2114963449042130, actual_exe_time: 42510, task_app_start_time:2114963155753773, task_sched_time:2114963445058010
app_id: 4, app_name: pulse_doppler_api-aarch64, task_id: 85, task_name: DASH_FFT, resource_name: cpu3, ref_start_time: 2114963450186180, ref_stop_time: 2114963450209760, actual_exe_time: 23580, task_app_start_time:2114963155753773, task_sched_time:2114963450180150
app_id: 4, app_name: pulse_doppler_api-aarch64, task_id: 86, task_name: DASH_ZIP, resource_name: zip1, ref_start_time: 2114963450776161, ref_stop_time: 2114963450817501, actual_exe_time: 41340, task_app_start_time:2114963155753773, task_sched_time:2114963450771901
app_id: 4, app_name: pulse_doppler_api-aarch64, task_id: 87, task_name: DASH_FFT, resource_name: cpu1, ref_start_time: 2114963451295011, ref_stop_time: 2114963451317991, actual_exe_time: 22980, task_app_start_time:2114963155753773, task_sched_time:2114963451286911
app_id: 4, app_name: pulse_doppler_api-aarch64, task_id: 88, task_name: DASH_FFT, resource_name: cpu2, ref_start_time: 2114963456596521, ref_stop_time: 2114963456627901, actual_exe_time: 31380, task_app_start_time:2114963155753773, task_sched_time:2114963456588661
app_id: 4, app_name: pulse_doppler_api-aarch64, task_id: 89, task_name: DASH_FFT, resource_name: cpu3, ref_start_time: 2114963457397702, ref_stop_time: 2114963457420112, actual_exe_time: 22410, task_app_start_time:2114963155753773, task_sched_time:2114963457391342
app_id: 4, app_name: pulse_doppler_api-aarch64, task_id: 90, task_name: DASH_ZIP, resource_name: zip1, ref_start_time: 2114963461722382, ref_stop_time: 2114963461768642, actual_exe_time: 46260, task_app_start_time:2114963155753773, task_sched_time:2114963461716412
app_id: 4, app_name: pulse_doppler_api-aarch64, task_id: 91, task_name: DASH_FFT, resource_name: cpu1, ref_start_time: 2114963462770972, ref_stop_time: 2114963462798632, actual_exe_time: 27660, task_app_start_time:2114963155753773, task_sched_time:2114963462757382
app_id: 4, app_name: pulse_doppler_api-aarch64, task_id: 92, task_name: DASH_FFT, resource_name: cpu2, ref_start_time: 2114963469055223, ref_stop_time: 2114963469092153, actual_exe_time: 36930, task_app_start_time:2114963155753773, task_sched_time:2114963469044693
app_id: 4, app_name: pulse_doppler_api-aarch64, task_id: 93, task_name: DASH_FFT, resource_name: cpu3, ref_start_time: 2114963469256404, ref_stop_time: 2114963469279474, actual_exe_time: 23070, task_app_start_time:2114963155753773, task_sched_time:2114963469253434
app_id: 4, app_name: pulse_doppler_api-aarch64, task_id: 94, task_name: DASH_ZIP, resource_name: zip1, ref_start_time: 2114963469996174, ref_stop_time: 2114963470036974, actual_exe_time: 40800, task_app_start_time:2114963155753773, task_sched_time:2114963469987114
app_id: 4, app_name: pulse_doppler_api-aarch64, task_id: 95, task_name: DASH_FFT, resource_name: cpu1, ref_start_time: 2114963470490394, ref_stop_time: 2114963470515954, actual_exe_time: 25560, task_app_start_time:2114963155753773, task_sched_time:2114963470413204
app_id: 4, app_name: pulse_doppler_api-aarch64, task_id: 96, task_name: DASH_FFT, resource_name: cpu2, ref_start_time: 2114963474951334, ref_stop_time: 2114963474981244, actual_exe_time: 29910, task_app_start_time:2114963155753773, task_sched_time:2114963474947524
app_id: 4, app_name: pulse_doppler_api-aarch64, task_id: 97, task_name: DASH_FFT, resource_name: cpu3, ref_start_time: 2114963475532045, ref_stop_time: 2114963475554905, actual_exe_time: 22860, task_app_start_time:2114963155753773, task_sched_time:2114963475528445
app_id: 4, app_name: pulse_doppler_api-aarch64, task_id: 98, task_name: DASH_ZIP, resource_name: zip1, ref_start_time: 2114963476033135, ref_stop_time: 2114963476073605, actual_exe_time: 40470, task_app_start_time:2114963155753773, task_sched_time:2114963476028365
app_id: 4, app_name: pulse_doppler_api-aarch64, task_id: 99, task_name: DASH_FFT, resource_name: cpu1, ref_start_time: 2114963481157405, ref_stop_time: 2114963481192835, actual_exe_time: 35430, task_app_start_time:2114963155753773, task_sched_time:2114963481139075
app_id: 4, app_name: pulse_doppler_api-aarch64, task_id: 100, task_name: DASH_FFT, resource_name: cpu2, ref_start_time: 2114963489298177, ref_stop_time: 2114963489333697, actual_exe_time: 35520, task_app_start_time:2114963155753773, task_sched_time:2114963489287557
app_id: 4, app_name: pulse_doppler_api-aarch64, task_id: 101, task_name: DASH_FFT, resource_name: cpu3, ref_start_time: 2114963489962827, ref_stop_time: 2114963489986977, actual_exe_time: 24150, task_app_start_time:2114963155753773, task_sched_time:2114963489959527
app_id: 4, app_name: pulse_doppler_api-aarch64, task_id: 102, task_name: DASH_ZIP, resource_name: zip1, ref_start_time: 2114963493317577, ref_stop_time: 2114963493364107, actual_exe_time: 46530, task_app_start_time:2114963155753773, task_sched_time:2114963493312297
app_id: 4, app_name: pulse_doppler_api-aarch64, task_id: 103, task_name: DASH_FFT, resource_name: cpu1, ref_start_time: 2114963494603018, ref_stop_time: 2114963494631728, actual_exe_time: 28710, task_app_start_time:2114963155753773, task_sched_time:2114963494584388
app_id: 4, app_name: pulse_doppler_api-aarch64, task_id: 104, task_name: DASH_FFT, resource_name: cpu2, ref_start_time: 2114963495751058, ref_stop_time: 2114963495780758, actual_exe_time: 29700, task_app_start_time:2114963155753773, task_sched_time:2114963495746288
app_id: 4, app_name: pulse_doppler_api-aarch64, task_id: 105, task_name: DASH_FFT, resource_name: cpu3, ref_start_time: 2114963496964888, ref_stop_time: 2114963496993448, actual_exe_time: 28560, task_app_start_time:2114963155753773, task_sched_time:2114963496237388
app_id: 4, app_name: pulse_doppler_api-aarch64, task_id: 106, task_name: DASH_ZIP, resource_name: zip1, ref_start_time: 2114963500964429, ref_stop_time: 2114963501009669, actual_exe_time: 45240, task_app_start_time:2114963155753773, task_sched_time:2114963497536928
app_id: 4, app_name: pulse_doppler_api-aarch64, task_id: 107, task_name: DASH_FFT, resource_name: cpu1, ref_start_time: 2114963501638379, ref_stop_time: 2114963501665379, actual_exe_time: 27000, task_app_start_time:2114963155753773, task_sched_time:2114963501633039
app_id: 4, app_name: pulse_doppler_api-aarch64, task_id: 108, task_name: DASH_FFT, resource_name: cpu2, ref_start_time: 2114963502669329, ref_stop_time: 2114963502695069, actual_exe_time: 25740, task_app_start_time:2114963155753773, task_sched_time:2114963502666329
app_id: 4, app_name: pulse_doppler_api-aarch64, task_id: 109, task_name: DASH_FFT, resource_name: cpu3, ref_start_time: 2114963504298209, ref_stop_time: 2114963504323859, actual_exe_time: 25650, task_app_start_time:2114963155753773, task_sched_time:2114963503065719
app_id: 4, app_name: pulse_doppler_api-aarch64, task_id: 110, task_name: DASH_ZIP, resource_name: zip1, ref_start_time: 2114963505267329, ref_stop_time: 2114963505309479, actual_exe_time: 42150, task_app_start_time:2114963155753773, task_sched_time:2114963505261599
app_id: 4, app_name: pulse_doppler_api-aarch64, task_id: 111, task_name: DASH_FFT, resource_name: cpu1, ref_start_time: 2114963505941549, ref_stop_time: 2114963505966089, actual_exe_time: 24540, task_app_start_time:2114963155753773, task_sched_time:2114963505907409
app_id: 4, app_name: pulse_doppler_api-aarch64, task_id: 112, task_name: DASH_FFT, resource_name: cpu2, ref_start_time: 2114963506978860, ref_stop_time: 2114963507003760, actual_exe_time: 24900, task_app_start_time:2114963155753773, task_sched_time:2114963506968030
app_id: 4, app_name: pulse_doppler_api-aarch64, task_id: 113, task_name: DASH_FFT, resource_name: cpu3, ref_start_time: 2114963507394720, ref_stop_time: 2114963507416170, actual_exe_time: 21450, task_app_start_time:2114963155753773, task_sched_time:2114963507385420
app_id: 4, app_name: pulse_doppler_api-aarch64, task_id: 114, task_name: DASH_ZIP, resource_name: zip1, ref_start_time: 2114963513442421, ref_stop_time: 2114963513492341, actual_exe_time: 49920, task_app_start_time:2114963155753773, task_sched_time:2114963513433361
app_id: 4, app_name: pulse_doppler_api-aarch64, task_id: 115, task_name: DASH_FFT, resource_name: cpu1, ref_start_time: 2114963513975911, ref_stop_time: 2114963514003151, actual_exe_time: 27240, task_app_start_time:2114963155753773, task_sched_time:2114963513971441
app_id: 4, app_name: pulse_doppler_api-aarch64, task_id: 116, task_name: DASH_FFT, resource_name: cpu2, ref_start_time: 2114963521257512, ref_stop_time: 2114963521291682, actual_exe_time: 34170, task_app_start_time:2114963155753773, task_sched_time:2114963521248932
app_id: 4, app_name: pulse_doppler_api-aarch64, task_id: 117, task_name: DASH_FFT, resource_name: cpu3, ref_start_time: 2114963521726022, ref_stop_time: 2114963521820732, actual_exe_time: 94710, task_app_start_time:2114963155753773, task_sched_time:2114963521717892
app_id: 4, app_name: pulse_doppler_api-aarch64, task_id: 118, task_name: DASH_ZIP, resource_name: zip1, ref_start_time: 2114963522407562, ref_stop_time: 2114963522448782, actual_exe_time: 41220, task_app_start_time:2114963155753773, task_sched_time:2114963522404262
app_id: 4, app_name: pulse_doppler_api-aarch64, task_id: 119, task_name: DASH_FFT, resource_name: cpu1, ref_start_time: 2114963522999792, ref_stop_time: 2114963523023852, actual_exe_time: 24060, task_app_start_time:2114963155753773, task_sched_time:2114963522995502
app_id: 4, app_name: pulse_doppler_api-aarch64, task_id: 120, task_name: DASH_FFT, resource_name: cpu2, ref_start_time: 2114963524860452, ref_stop_time: 2114963524888982, actual_exe_time: 28530, task_app_start_time:2114963155753773, task_sched_time:2114963524737482
app_id: 4, app_name: pulse_doppler_api-aarch64, task_id: 121, task_name: DASH_FFT, resource_name: cpu3, ref_start_time: 2114963529352623, ref_stop_time: 2114963529384513, actual_exe_time: 31890, task_app_start_time:2114963155753773, task_sched_time:2114963529342453
app_id: 4, app_name: pulse_doppler_api-aarch64, task_id: 122, task_name: DASH_ZIP, resource_name: zip1, ref_start_time: 2114963529970923, ref_stop_time: 2114963530012323, actual_exe_time: 41400, task_app_start_time:2114963155753773, task_sched_time:2114963529962493
app_id: 4, app_name: pulse_doppler_api-aarch64, task_id: 123, task_name: DASH_FFT, resource_name: cpu1, ref_start_time: 2114963533216564, ref_stop_time: 2114963533243894, actual_exe_time: 27330, task_app_start_time:2114963155753773, task_sched_time:2114963533181404
app_id: 4, app_name: pulse_doppler_api-aarch64, task_id: 124, task_name: DASH_FFT, resource_name: cpu2, ref_start_time: 2114963537161264, ref_stop_time: 2114963537190154, actual_exe_time: 28890, task_app_start_time:2114963155753773, task_sched_time:2114963537156764
app_id: 4, app_name: pulse_doppler_api-aarch64, task_id: 125, task_name: DASH_FFT, resource_name: cpu3, ref_start_time: 2114963537637155, ref_stop_time: 2114963537659205, actual_exe_time: 22050, task_app_start_time:2114963155753773, task_sched_time:2114963537628455
app_id: 4, app_name: pulse_doppler_api-aarch64, task_id: 126, task_name: DASH_ZIP, resource_name: zip1, ref_start_time: 2114963540238905, ref_stop_time: 2114963540280275, actual_exe_time: 41370, task_app_start_time:2114963155753773, task_sched_time:2114963540232815
app_id: 4, app_name: pulse_doppler_api-aarch64, task_id: 127, task_name: DASH_FFT, resource_name: cpu1, ref_start_time: 2114963541515435, ref_stop_time: 2114963541541445, actual_exe_time: 26010, task_app_start_time:2114963155753773, task_sched_time:2114963541507755
app_id: 4, app_name: pulse_doppler_api-aarch64, task_id: 128, task_name: DASH_FFT, resource_name: cpu2, ref_start_time: 2114963545539336, ref_stop_time: 2114963545576176, actual_exe_time: 36840, task_app_start_time:2114963155753773, task_sched_time:2114963545531746
app_id: 4, app_name: pulse_doppler_api-aarch64, task_id: 129, task_name: DASH_FFT, resource_name: cpu3, ref_start_time: 2114963546012526, ref_stop_time: 2114963546035626, actual_exe_time: 23100, task_app_start_time:2114963155753773, task_sched_time:2114963546005386
app_id: 4, app_name: pulse_doppler_api-aarch64, task_id: 130, task_name: DASH_ZIP, resource_name: zip1, ref_start_time: 2114963547340476, ref_stop_time: 2114963547382896, actual_exe_time: 42420, task_app_start_time:2114963155753773, task_sched_time:2114963547336996
app_id: 4, app_name: pulse_doppler_api-aarch64, task_id: 131, task_name: DASH_FFT, resource_name: cpu1, ref_start_time: 2114963553221437, ref_stop_time: 2114963553250927, actual_exe_time: 29490, task_app_start_time:2114963155753773, task_sched_time:2114963553207667
app_id: 4, app_name: pulse_doppler_api-aarch64, task_id: 132, task_name: DASH_FFT, resource_name: cpu2, ref_start_time: 2114963556876278, ref_stop_time: 2114963556907508, actual_exe_time: 31230, task_app_start_time:2114963155753773, task_sched_time:2114963556868778
app_id: 4, app_name: pulse_doppler_api-aarch64, task_id: 133, task_name: DASH_FFT, resource_name: cpu3, ref_start_time: 2114963557696238, ref_stop_time: 2114963557719368, actual_exe_time: 23130, task_app_start_time:2114963155753773, task_sched_time:2114963557688888
app_id: 4, app_name: pulse_doppler_api-aarch64, task_id: 134, task_name: DASH_ZIP, resource_name: zip1, ref_start_time: 2114963559152048, ref_stop_time: 2114963559194018, actual_exe_time: 41970, task_app_start_time:2114963155753773, task_sched_time:2114963559144758
app_id: 4, app_name: pulse_doppler_api-aarch64, task_id: 135, task_name: DASH_FFT, resource_name: cpu1, ref_start_time: 2114963559705098, ref_stop_time: 2114963559729728, actual_exe_time: 24630, task_app_start_time:2114963155753773, task_sched_time:2114963559684908
app_id: 4, app_name: pulse_doppler_api-aarch64, task_id: 136, task_name: DASH_FFT, resource_name: cpu2, ref_start_time: 2114963560818818, ref_stop_time: 2114963560844678, actual_exe_time: 25860, task_app_start_time:2114963155753773, task_sched_time:2114963560809398
app_id: 4, app_name: pulse_doppler_api-aarch64, task_id: 137, task_name: DASH_FFT, resource_name: cpu3, ref_start_time: 2114963565089979, ref_stop_time: 2114963565119919, actual_exe_time: 29940, task_app_start_time:2114963155753773, task_sched_time:2114963565082599
app_id: 4, app_name: pulse_doppler_api-aarch64, task_id: 138, task_name: DASH_ZIP, resource_name: zip1, ref_start_time: 2114963565761019, ref_stop_time: 2114963565802269, actual_exe_time: 41250, task_app_start_time:2114963155753773, task_sched_time:2114963565752709
app_id: 4, app_name: pulse_doppler_api-aarch64, task_id: 139, task_name: DASH_FFT, resource_name: cpu1, ref_start_time: 2114963569290670, ref_stop_time: 2114963569319950, actual_exe_time: 29280, task_app_start_time:2114963155753773, task_sched_time:2114963569277140
app_id: 4, app_name: pulse_doppler_api-aarch64, task_id: 140, task_name: DASH_FFT, resource_name: cpu2, ref_start_time: 2114963573304910, ref_stop_time: 2114963573333590, actual_exe_time: 28680, task_app_start_time:2114963155753773, task_sched_time:2114963573299210
app_id: 4, app_name: pulse_doppler_api-aarch64, task_id: 141, task_name: DASH_FFT, resource_name: cpu3, ref_start_time: 2114963576645861, ref_stop_time: 2114963576669291, actual_exe_time: 23430, task_app_start_time:2114963155753773, task_sched_time:2114963576637611
app_id: 4, app_name: pulse_doppler_api-aarch64, task_id: 142, task_name: DASH_ZIP, resource_name: zip1, ref_start_time: 2114963578110161, ref_stop_time: 2114963578153151, actual_exe_time: 42990, task_app_start_time:2114963155753773, task_sched_time:2114963578100801
app_id: 4, app_name: pulse_doppler_api-aarch64, task_id: 143, task_name: DASH_FFT, resource_name: cpu1, ref_start_time: 2114963581593342, ref_stop_time: 2114963581622442, actual_exe_time: 29100, task_app_start_time:2114963155753773, task_sched_time:2114963581578432
app_id: 4, app_name: pulse_doppler_api-aarch64, task_id: 144, task_name: DASH_FFT, resource_name: cpu2, ref_start_time: 2114963582446272, ref_stop_time: 2114963582473122, actual_exe_time: 26850, task_app_start_time:2114963155753773, task_sched_time:2114963582442732
app_id: 4, app_name: pulse_doppler_api-aarch64, task_id: 145, task_name: DASH_FFT, resource_name: cpu3, ref_start_time: 2114963585812482, ref_stop_time: 2114963585836992, actual_exe_time: 24510, task_app_start_time:2114963155753773, task_sched_time:2114963585808552
app_id: 4, app_name: pulse_doppler_api-aarch64, task_id: 146, task_name: DASH_ZIP, resource_name: zip1, ref_start_time: 2114963586353922, ref_stop_time: 2114963586395412, actual_exe_time: 41490, task_app_start_time:2114963155753773, task_sched_time:2114963586350142
app_id: 4, app_name: pulse_doppler_api-aarch64, task_id: 147, task_name: DASH_FFT, resource_name: cpu1, ref_start_time: 2114963589328753, ref_stop_time: 2114963589355453, actual_exe_time: 26700, task_app_start_time:2114963155753773, task_sched_time:2114963589297013
app_id: 4, app_name: pulse_doppler_api-aarch64, task_id: 148, task_name: DASH_FFT, resource_name: cpu2, ref_start_time: 2114963589823903, ref_stop_time: 2114963589847903, actual_exe_time: 24000, task_app_start_time:2114963155753773, task_sched_time:2114963589817183
app_id: 4, app_name: pulse_doppler_api-aarch64, task_id: 149, task_name: DASH_FFT, resource_name: cpu3, ref_start_time: 2114963590689553, ref_stop_time: 2114963590714693, actual_exe_time: 25140, task_app_start_time:2114963155753773, task_sched_time:2114963590686463
app_id: 4, app_name: pulse_doppler_api-aarch64, task_id: 150, task_name: DASH_ZIP, resource_name: zip1, ref_start_time: 2114963591248843, ref_stop_time: 2114963591292733, actual_exe_time: 43890, task_app_start_time:2114963155753773, task_sched_time:2114963591243743
app_id: 4, app_name: pulse_doppler_api-aarch64, task_id: 151, task_name: DASH_FFT, resource_name: cpu1, ref_start_time: 2114963591895043, ref_stop_time: 2114963591919133, actual_exe_time: 24090, task_app_start_time:2114963155753773, task_sched_time:2114963591885653
app_id: 4, app_name: pulse_doppler_api-aarch64, task_id: 152, task_name: DASH_FFT, resource_name: cpu2, ref_start_time: 2114963592981823, ref_stop_time: 2114963593006873, actual_exe_time: 25050, task_app_start_time:2114963155753773, task_sched_time:2114963592603493
app_id: 4, app_name: pulse_doppler_api-aarch64, task_id: 153, task_name: DASH_FFT, resource_name: cpu3, ref_start_time: 2114963593412983, ref_stop_time: 2114963593437973, actual_exe_time: 24990, task_app_start_time:2114963155753773, task_sched_time:2114963593406713
app_id: 4, app_name: pulse_doppler_api-aarch64, task_id: 154, task_name: DASH_ZIP, resource_name: zip1, ref_start_time: 2114963593966034, ref_stop_time: 2114963594008514, actual_exe_time: 42480, task_app_start_time:2114963155753773, task_sched_time:2114963593957514
app_id: 4, app_name: pulse_doppler_api-aarch64, task_id: 155, task_name: DASH_FFT, resource_name: cpu1, ref_start_time: 2114963594479094, ref_stop_time: 2114963594502404, actual_exe_time: 23310, task_app_start_time:2114963155753773, task_sched_time:2114963594473544
app_id: 4, app_name: pulse_doppler_api-aarch64, task_id: 156, task_name: DASH_FFT, resource_name: cpu2, ref_start_time: 2114963595373814, ref_stop_time: 2114963595399194, actual_exe_time: 25380, task_app_start_time:2114963155753773, task_sched_time:2114963595148634
app_id: 4, app_name: pulse_doppler_api-aarch64, task_id: 157, task_name: DASH_FFT, resource_name: cpu3, ref_start_time: 2114963595967904, ref_stop_time: 2114963595993494, actual_exe_time: 25590, task_app_start_time:2114963155753773, task_sched_time:2114963595964664
app_id: 4, app_name: pulse_doppler_api-aarch64, task_id: 158, task_name: DASH_ZIP, resource_name: zip1, ref_start_time: 2114963596431314, ref_stop_time: 2114963596475654, actual_exe_time: 44340, task_app_start_time:2114963155753773, task_sched_time:2114963596425614
app_id: 4, app_name: pulse_doppler_api-aarch64, task_id: 159, task_name: DASH_FFT, resource_name: cpu1, ref_start_time: 2114963601475845, ref_stop_time: 2114963601507555, actual_exe_time: 31710, task_app_start_time:2114963155753773, task_sched_time:2114963601464475
app_id: 4, app_name: pulse_doppler_api-aarch64, task_id: 160, task_name: DASH_FFT, resource_name: cpu2, ref_start_time: 2114963602225755, ref_stop_time: 2114963602248405, actual_exe_time: 22650, task_app_start_time:2114963155753773, task_sched_time:2114963602216995
app_id: 4, app_name: pulse_doppler_api-aarch64, task_id: 161, task_name: DASH_FFT, resource_name: cpu3, ref_start_time: 2114963605175415, ref_stop_time: 2114963605203015, actual_exe_time: 27600, task_app_start_time:2114963155753773, task_sched_time:2114963605169745
app_id: 4, app_name: pulse_doppler_api-aarch64, task_id: 162, task_name: DASH_ZIP, resource_name: zip1, ref_start_time: 2114963605733685, ref_stop_time: 2114963605778835, actual_exe_time: 45150, task_app_start_time:2114963155753773, task_sched_time:2114963605729155
app_id: 4, app_name: pulse_doppler_api-aarch64, task_id: 163, task_name: DASH_FFT, resource_name: cpu1, ref_start_time: 2114963609312446, ref_stop_time: 2114963609339866, actual_exe_time: 27420, task_app_start_time:2114963155753773, task_sched_time:2114963609259136
app_id: 4, app_name: pulse_doppler_api-aarch64, task_id: 164, task_name: DASH_FFT, resource_name: cpu2, ref_start_time: 2114963609895526, ref_stop_time: 2114963609918326, actual_exe_time: 22800, task_app_start_time:2114963155753773, task_sched_time:2114963609890756
app_id: 4, app_name: pulse_doppler_api-aarch64, task_id: 165, task_name: DASH_FFT, resource_name: cpu3, ref_start_time: 2114963612266187, ref_stop_time: 2114963612292107, actual_exe_time: 25920, task_app_start_time:2114963155753773, task_sched_time:2114963612256017
app_id: 4, app_name: pulse_doppler_api-aarch64, task_id: 166, task_name: DASH_ZIP, resource_name: zip1, ref_start_time: 2114963613923447, ref_stop_time: 2114963613970007, actual_exe_time: 46560, task_app_start_time:2114963155753773, task_sched_time:2114963613912917
app_id: 4, app_name: pulse_doppler_api-aarch64, task_id: 167, task_name: DASH_FFT, resource_name: cpu1, ref_start_time: 2114963617426757, ref_stop_time: 2114963617461077, actual_exe_time: 34320, task_app_start_time:2114963155753773, task_sched_time:2114963617418357
app_id: 4, app_name: pulse_doppler_api-aarch64, task_id: 168, task_name: DASH_FFT, resource_name: cpu2, ref_start_time: 2114963618463528, ref_stop_time: 2114963618487048, actual_exe_time: 23520, task_app_start_time:2114963155753773, task_sched_time:2114963618460408
app_id: 4, app_name: pulse_doppler_api-aarch64, task_id: 169, task_name: DASH_FFT, resource_name: cpu3, ref_start_time: 2114963621566218, ref_stop_time: 2114963621597838, actual_exe_time: 31620, task_app_start_time:2114963155753773, task_sched_time:2114963621558178
app_id: 4, app_name: pulse_doppler_api-aarch64, task_id: 170, task_name: DASH_ZIP, resource_name: zip1, ref_start_time: 2114963622324168, ref_stop_time: 2114963622369078, actual_exe_time: 44910, task_app_start_time:2114963155753773, task_sched_time:2114963622321228
app_id: 4, app_name: pulse_doppler_api-aarch64, task_id: 171, task_name: DASH_FFT, resource_name: cpu1, ref_start_time: 2114963622753528, ref_stop_time: 2114963622777618, actual_exe_time: 24090, task_app_start_time:2114963155753773, task_sched_time:2114963622749988
app_id: 4, app_name: pulse_doppler_api-aarch64, task_id: 172, task_name: DASH_FFT, resource_name: cpu2, ref_start_time: 2114963630044039, ref_stop_time: 2114963630072599, actual_exe_time: 28560, task_app_start_time:2114963155753773, task_sched_time:2114963630036059
app_id: 4, app_name: pulse_doppler_api-aarch64, task_id: 173, task_name: DASH_FFT, resource_name: cpu3, ref_start_time: 2114963633611940, ref_stop_time: 2114963633644700, actual_exe_time: 32760, task_app_start_time:2114963155753773, task_sched_time:2114963633604110
app_id: 4, app_name: pulse_doppler_api-aarch64, task_id: 174, task_name: DASH_ZIP, resource_name: zip1, ref_start_time: 2114963637420951, ref_stop_time: 2114963637470481, actual_exe_time: 49530, task_app_start_time:2114963155753773, task_sched_time:2114963637410331
app_id: 4, app_name: pulse_doppler_api-aarch64, task_id: 175, task_name: DASH_FFT, resource_name: cpu1, ref_start_time: 2114963638023171, ref_stop_time: 2114963638050201, actual_exe_time: 27030, task_app_start_time:2114963155753773, task_sched_time:2114963638013481
app_id: 4, app_name: pulse_doppler_api-aarch64, task_id: 176, task_name: DASH_FFT, resource_name: cpu2, ref_start_time: 2114963641698471, ref_stop_time: 2114963641723281, actual_exe_time: 24810, task_app_start_time:2114963155753773, task_sched_time:2114963641691811
app_id: 4, app_name: pulse_doppler_api-aarch64, task_id: 177, task_name: DASH_FFT, resource_name: cpu3, ref_start_time: 2114963642296221, ref_stop_time: 2114963642321661, actual_exe_time: 25440, task_app_start_time:2114963155753773, task_sched_time:2114963642274081
app_id: 4, app_name: pulse_doppler_api-aarch64, task_id: 178, task_name: DASH_ZIP, resource_name: zip1, ref_start_time: 2114963645282542, ref_stop_time: 2114963645328742, actual_exe_time: 46200, task_app_start_time:2114963155753773, task_sched_time:2114963645277562
app_id: 4, app_name: pulse_doppler_api-aarch64, task_id: 179, task_name: DASH_FFT, resource_name: cpu1, ref_start_time: 2114963645964652, ref_stop_time: 2114963645990152, actual_exe_time: 25500, task_app_start_time:2114963155753773, task_sched_time:2114963645944162
app_id: 4, app_name: pulse_doppler_api-aarch64, task_id: 180, task_name: DASH_FFT, resource_name: cpu2, ref_start_time: 2114963646610792, ref_stop_time: 2114963646632992, actual_exe_time: 22200, task_app_start_time:2114963155753773, task_sched_time:2114963646606742
app_id: 4, app_name: pulse_doppler_api-aarch64, task_id: 181, task_name: DASH_FFT, resource_name: cpu3, ref_start_time: 2114963647837192, ref_stop_time: 2114963647863322, actual_exe_time: 26130, task_app_start_time:2114963155753773, task_sched_time:2114963647833922
app_id: 4, app_name: pulse_doppler_api-aarch64, task_id: 182, task_name: DASH_ZIP, resource_name: zip1, ref_start_time: 2114963653915913, ref_stop_time: 2114963653963433, actual_exe_time: 47520, task_app_start_time:2114963155753773, task_sched_time:2114963653906763
app_id: 4, app_name: pulse_doppler_api-aarch64, task_id: 183, task_name: DASH_FFT, resource_name: cpu1, ref_start_time: 2114963654543663, ref_stop_time: 2114963654571683, actual_exe_time: 28020, task_app_start_time:2114963155753773, task_sched_time:2114963654534423
app_id: 4, app_name: pulse_doppler_api-aarch64, task_id: 184, task_name: DASH_FFT, resource_name: cpu2, ref_start_time: 2114963660976504, ref_stop_time: 2114963661005574, actual_exe_time: 29070, task_app_start_time:2114963155753773, task_sched_time:2114963660971764
app_id: 4, app_name: pulse_doppler_api-aarch64, task_id: 185, task_name: DASH_FFT, resource_name: cpu3, ref_start_time: 2114963661759714, ref_stop_time: 2114963661787104, actual_exe_time: 27390, task_app_start_time:2114963155753773, task_sched_time:2114963661754974
app_id: 4, app_name: pulse_doppler_api-aarch64, task_id: 186, task_name: DASH_ZIP, resource_name: zip1, ref_start_time: 2114963662335985, ref_stop_time: 2114963662380685, actual_exe_time: 44700, task_app_start_time:2114963155753773, task_sched_time:2114963662328905
app_id: 4, app_name: pulse_doppler_api-aarch64, task_id: 187, task_name: DASH_FFT, resource_name: cpu1, ref_start_time: 2114963662710235, ref_stop_time: 2114963662734685, actual_exe_time: 24450, task_app_start_time:2114963155753773, task_sched_time:2114963662702195
app_id: 4, app_name: pulse_doppler_api-aarch64, task_id: 188, task_name: DASH_FFT, resource_name: cpu2, ref_start_time: 2114963664142165, ref_stop_time: 2114963664163705, actual_exe_time: 21540, task_app_start_time:2114963155753773, task_sched_time:2114963664137455
app_id: 4, app_name: pulse_doppler_api-aarch64, task_id: 189, task_name: DASH_FFT, resource_name: cpu3, ref_start_time: 2114963665613275, ref_stop_time: 2114963665641955, actual_exe_time: 28680, task_app_start_time:2114963155753773, task_sched_time:2114963665602625
app_id: 4, app_name: pulse_doppler_api-aarch64, task_id: 190, task_name: DASH_ZIP, resource_name: zip1, ref_start_time: 2114963669254706, ref_stop_time: 2114963669304326, actual_exe_time: 49620, task_app_start_time:2114963155753773, task_sched_time:2114963669246576
app_id: 4, app_name: pulse_doppler_api-aarch64, task_id: 191, task_name: DASH_FFT, resource_name: cpu1, ref_start_time: 2114963673267296, ref_stop_time: 2114963673299066, actual_exe_time: 31770, task_app_start_time:2114963155753773, task_sched_time:2114963673258296
app_id: 4, app_name: pulse_doppler_api-aarch64, task_id: 192, task_name: DASH_FFT, resource_name: cpu2, ref_start_time: 2114963673960956, ref_stop_time: 2114963673983576, actual_exe_time: 22620, task_app_start_time:2114963155753773, task_sched_time:2114963673952346
app_id: 4, app_name: pulse_doppler_api-aarch64, task_id: 193, task_name: DASH_FFT, resource_name: cpu3, ref_start_time: 2114963677140357, ref_stop_time: 2114963677167567, actual_exe_time: 27210, task_app_start_time:2114963155753773, task_sched_time:2114963677135047
app_id: 4, app_name: pulse_doppler_api-aarch64, task_id: 194, task_name: DASH_ZIP, resource_name: zip1, ref_start_time: 2114963677652277, ref_stop_time: 2114963677697367, actual_exe_time: 45090, task_app_start_time:2114963155753773, task_sched_time:2114963677646727
app_id: 4, app_name: pulse_doppler_api-aarch64, task_id: 195, task_name: DASH_FFT, resource_name: cpu1, ref_start_time: 2114963681361388, ref_stop_time: 2114963681390098, actual_exe_time: 28710, task_app_start_time:2114963155753773, task_sched_time:2114963681356228
app_id: 4, app_name: pulse_doppler_api-aarch64, task_id: 196, task_name: DASH_FFT, resource_name: cpu2, ref_start_time: 2114963682097798, ref_stop_time: 2114963682119728, actual_exe_time: 21930, task_app_start_time:2114963155753773, task_sched_time:2114963682092998
app_id: 4, app_name: pulse_doppler_api-aarch64, task_id: 197, task_name: DASH_FFT, resource_name: cpu3, ref_start_time: 2114963683147738, ref_stop_time: 2114963683174738, actual_exe_time: 27000, task_app_start_time:2114963155753773, task_sched_time:2114963683141228
app_id: 4, app_name: pulse_doppler_api-aarch64, task_id: 198, task_name: DASH_ZIP, resource_name: zip1, ref_start_time: 2114963683744888, ref_stop_time: 2114963683789528, actual_exe_time: 44640, task_app_start_time:2114963155753773, task_sched_time:2114963683741828
app_id: 4, app_name: pulse_doppler_api-aarch64, task_id: 199, task_name: DASH_FFT, resource_name: cpu1, ref_start_time: 2114963684359408, ref_stop_time: 2114963684383288, actual_exe_time: 23880, task_app_start_time:2114963155753773, task_sched_time:2114963684347048
app_id: 4, app_name: pulse_doppler_api-aarch64, task_id: 200, task_name: DASH_FFT, resource_name: cpu2, ref_start_time: 2114963685109018, ref_stop_time: 2114963685130228, actual_exe_time: 21210, task_app_start_time:2114963155753773, task_sched_time:2114963685101068
app_id: 4, app_name: pulse_doppler_api-aarch64, task_id: 201, task_name: DASH_FFT, resource_name: cpu3, ref_start_time: 2114963689194359, ref_stop_time: 2114963689229519, actual_exe_time: 35160, task_app_start_time:2114963155753773, task_sched_time:2114963689186559
app_id: 4, app_name: pulse_doppler_api-aarch64, task_id: 202, task_name: DASH_ZIP, resource_name: zip1, ref_start_time: 2114963689821869, ref_stop_time: 2114963689867739, actual_exe_time: 45870, task_app_start_time:2114963155753773, task_sched_time:2114963689813259
app_id: 4, app_name: pulse_doppler_api-aarch64, task_id: 203, task_name: DASH_FFT, resource_name: cpu1, ref_start_time: 2114963693257950, ref_stop_time: 2114963693288580, actual_exe_time: 30630, task_app_start_time:2114963155753773, task_sched_time:2114963693251350
app_id: 4, app_name: pulse_doppler_api-aarch64, task_id: 204, task_name: DASH_FFT, resource_name: cpu2, ref_start_time: 2114963697162210, ref_stop_time: 2114963697188460, actual_exe_time: 26250, task_app_start_time:2114963155753773, task_sched_time:2114963697156840
app_id: 4, app_name: pulse_doppler_api-aarch64, task_id: 205, task_name: DASH_FFT, resource_name: cpu3, ref_start_time: 2114963697612930, ref_stop_time: 2114963697640200, actual_exe_time: 27270, task_app_start_time:2114963155753773, task_sched_time:2114963697606300
app_id: 4, app_name: pulse_doppler_api-aarch64, task_id: 206, task_name: DASH_ZIP, resource_name: zip1, ref_start_time: 2114963700717361, ref_stop_time: 2114963700763201, actual_exe_time: 45840, task_app_start_time:2114963155753773, task_sched_time:2114963700709141
app_id: 4, app_name: pulse_doppler_api-aarch64, task_id: 207, task_name: DASH_FFT, resource_name: cpu1, ref_start_time: 2114963701580731, ref_stop_time: 2114963701605781, actual_exe_time: 25050, task_app_start_time:2114963155753773, task_sched_time:2114963701575271
app_id: 4, app_name: pulse_doppler_api-aarch64, task_id: 208, task_name: DASH_FFT, resource_name: cpu2, ref_start_time: 2114963702847691, ref_stop_time: 2114963702870221, actual_exe_time: 22530, task_app_start_time:2114963155753773, task_sched_time:2114963702838961
app_id: 4, app_name: pulse_doppler_api-aarch64, task_id: 209, task_name: DASH_FFT, resource_name: cpu3, ref_start_time: 2114963706550172, ref_stop_time: 2114963706584702, actual_exe_time: 34530, task_app_start_time:2114963155753773, task_sched_time:2114963706540152
app_id: 4, app_name: pulse_doppler_api-aarch64, task_id: 210, task_name: DASH_ZIP, resource_name: zip1, ref_start_time: 2114963707230572, ref_stop_time: 2114963707275692, actual_exe_time: 45120, task_app_start_time:2114963155753773, task_sched_time:2114963707226732
app_id: 4, app_name: pulse_doppler_api-aarch64, task_id: 211, task_name: DASH_FFT, resource_name: cpu1, ref_start_time: 2114963707670672, ref_stop_time: 2114963707696682, actual_exe_time: 26010, task_app_start_time:2114963155753773, task_sched_time:2114963707665062
app_id: 4, app_name: pulse_doppler_api-aarch64, task_id: 212, task_name: DASH_FFT, resource_name: cpu2, ref_start_time: 2114963709650672, ref_stop_time: 2114963709676142, actual_exe_time: 25470, task_app_start_time:2114963155753773, task_sched_time:2114963709643352
app_id: 4, app_name: pulse_doppler_api-aarch64, task_id: 213, task_name: DASH_FFT, resource_name: cpu3, ref_start_time: 2114963712963003, ref_stop_time: 2114963712991983, actual_exe_time: 28980, task_app_start_time:2114963155753773, task_sched_time:2114963710274402
app_id: 4, app_name: pulse_doppler_api-aarch64, task_id: 214, task_name: DASH_ZIP, resource_name: zip1, ref_start_time: 2114963713712223, ref_stop_time: 2114963713754463, actual_exe_time: 42240, task_app_start_time:2114963155753773, task_sched_time:2114963713705263
app_id: 4, app_name: pulse_doppler_api-aarch64, task_id: 215, task_name: DASH_FFT, resource_name: cpu1, ref_start_time: 2114963714406633, ref_stop_time: 2114963714434743, actual_exe_time: 28110, task_app_start_time:2114963155753773, task_sched_time:2114963714394633
app_id: 4, app_name: pulse_doppler_api-aarch64, task_id: 216, task_name: DASH_FFT, resource_name: cpu2, ref_start_time: 2114963715311013, ref_stop_time: 2114963715333123, actual_exe_time: 22110, task_app_start_time:2114963155753773, task_sched_time:2114963715302703
app_id: 4, app_name: pulse_doppler_api-aarch64, task_id: 217, task_name: DASH_FFT, resource_name: cpu3, ref_start_time: 2114963718615574, ref_stop_time: 2114963718642394, actual_exe_time: 26820, task_app_start_time:2114963155753773, task_sched_time:2114963715847233
app_id: 4, app_name: pulse_doppler_api-aarch64, task_id: 218, task_name: DASH_ZIP, resource_name: zip1, ref_start_time: 2114963719769374, ref_stop_time: 2114963719811884, actual_exe_time: 42510, task_app_start_time:2114963155753773, task_sched_time:2114963719762504
app_id: 4, app_name: pulse_doppler_api-aarch64, task_id: 219, task_name: DASH_FFT, resource_name: cpu1, ref_start_time: 2114963724175055, ref_stop_time: 2114963724214145, actual_exe_time: 39090, task_app_start_time:2114963155753773, task_sched_time:2114963724117485
app_id: 4, app_name: pulse_doppler_api-aarch64, task_id: 220, task_name: DASH_FFT, resource_name: cpu2, ref_start_time: 2114963724971165, ref_stop_time: 2114963724999365, actual_exe_time: 28200, task_app_start_time:2114963155753773, task_sched_time:2114963724493025
app_id: 4, app_name: pulse_doppler_api-aarch64, task_id: 221, task_name: DASH_FFT, resource_name: cpu3, ref_start_time: 2114963726229155, ref_stop_time: 2114963726251685, actual_exe_time: 22530, task_app_start_time:2114963155753773, task_sched_time:2114963726225525
app_id: 4, app_name: pulse_doppler_api-aarch64, task_id: 222, task_name: DASH_ZIP, resource_name: zip1, ref_start_time: 2114963727028145, ref_stop_time: 2114963727069635, actual_exe_time: 41490, task_app_start_time:2114963155753773, task_sched_time:2114963727020255
app_id: 4, app_name: pulse_doppler_api-aarch64, task_id: 223, task_name: DASH_FFT, resource_name: cpu1, ref_start_time: 2114963727763025, ref_stop_time: 2114963727791915, actual_exe_time: 28890, task_app_start_time:2114963155753773, task_sched_time:2114963727725765
app_id: 4, app_name: pulse_doppler_api-aarch64, task_id: 224, task_name: DASH_FFT, resource_name: cpu2, ref_start_time: 2114963728954385, ref_stop_time: 2114963728980185, actual_exe_time: 25800, task_app_start_time:2114963155753773, task_sched_time:2114963728671905
app_id: 4, app_name: pulse_doppler_api-aarch64, task_id: 225, task_name: DASH_FFT, resource_name: cpu3, ref_start_time: 2114963729538245, ref_stop_time: 2114963729561345, actual_exe_time: 23100, task_app_start_time:2114963155753773, task_sched_time:2114963729533235
app_id: 4, app_name: pulse_doppler_api-aarch64, task_id: 226, task_name: DASH_ZIP, resource_name: zip1, ref_start_time: 2114963730355896, ref_stop_time: 2114963730396936, actual_exe_time: 41040, task_app_start_time:2114963155753773, task_sched_time:2114963730351366
app_id: 4, app_name: pulse_doppler_api-aarch64, task_id: 227, task_name: DASH_FFT, resource_name: cpu1, ref_start_time: 2114963731101576, ref_stop_time: 2114963731135716, actual_exe_time: 34140, task_app_start_time:2114963155753773, task_sched_time:2114963731060626
app_id: 4, app_name: pulse_doppler_api-aarch64, task_id: 228, task_name: DASH_FFT, resource_name: cpu2, ref_start_time: 2114963732975196, ref_stop_time: 2114963733000006, actual_exe_time: 24810, task_app_start_time:2114963155753773, task_sched_time:2114963732067546
app_id: 4, app_name: pulse_doppler_api-aarch64, task_id: 229, task_name: DASH_FFT, resource_name: cpu3, ref_start_time: 2114963733520326, ref_stop_time: 2114963733541596, actual_exe_time: 21270, task_app_start_time:2114963155753773, task_sched_time:2114963733513366
app_id: 4, app_name: pulse_doppler_api-aarch64, task_id: 230, task_name: DASH_ZIP, resource_name: zip1, ref_start_time: 2114963734344906, ref_stop_time: 2114963734384746, actual_exe_time: 39840, task_app_start_time:2114963155753773, task_sched_time:2114963734337676
app_id: 4, app_name: pulse_doppler_api-aarch64, task_id: 231, task_name: DASH_FFT, resource_name: cpu1, ref_start_time: 2114963735116056, ref_stop_time: 2114963735143386, actual_exe_time: 27330, task_app_start_time:2114963155753773, task_sched_time:2114963735094936
app_id: 4, app_name: pulse_doppler_api-aarch64, task_id: 232, task_name: DASH_FFT, resource_name: cpu2, ref_start_time: 2114963736021426, ref_stop_time: 2114963736046176, actual_exe_time: 24750, task_app_start_time:2114963155753773, task_sched_time:2114963736017496
app_id: 4, app_name: pulse_doppler_api-aarch64, task_id: 233, task_name: DASH_FFT, resource_name: cpu3, ref_start_time: 2114963739486277, ref_stop_time: 2114963739514087, actual_exe_time: 27810, task_app_start_time:2114963155753773, task_sched_time:2114963739480757
app_id: 4, app_name: pulse_doppler_api-aarch64, task_id: 234, task_name: DASH_ZIP, resource_name: zip1, ref_start_time: 2114963745375968, ref_stop_time: 2114963745423128, actual_exe_time: 47160, task_app_start_time:2114963155753773, task_sched_time:2114963745367208
app_id: 4, app_name: pulse_doppler_api-aarch64, task_id: 235, task_name: DASH_FFT, resource_name: cpu1, ref_start_time: 2114963746183778, ref_stop_time: 2114963746213658, actual_exe_time: 29880, task_app_start_time:2114963155753773, task_sched_time:2114963746177478
app_id: 4, app_name: pulse_doppler_api-aarch64, task_id: 236, task_name: DASH_FFT, resource_name: cpu2, ref_start_time: 2114963746552508, ref_stop_time: 2114963746575848, actual_exe_time: 23340, task_app_start_time:2114963155753773, task_sched_time:2114963746547828
app_id: 4, app_name: pulse_doppler_api-aarch64, task_id: 237, task_name: DASH_FFT, resource_name: cpu3, ref_start_time: 2114963752339419, ref_stop_time: 2114963752365639, actual_exe_time: 26220, task_app_start_time:2114963155753773, task_sched_time:2114963752332129
app_id: 4, app_name: pulse_doppler_api-aarch64, task_id: 238, task_name: DASH_ZIP, resource_name: zip1, ref_start_time: 2114963753203239, ref_stop_time: 2114963753245629, actual_exe_time: 42390, task_app_start_time:2114963155753773, task_sched_time:2114963753195799
app_id: 4, app_name: pulse_doppler_api-aarch64, task_id: 239, task_name: DASH_FFT, resource_name: cpu1, ref_start_time: 2114963753913729, ref_stop_time: 2114963753942169, actual_exe_time: 28440, task_app_start_time:2114963155753773, task_sched_time:2114963753904129
app_id: 4, app_name: pulse_doppler_api-aarch64, task_id: 240, task_name: DASH_FFT, resource_name: cpu2, ref_start_time: 2114963755263430, ref_stop_time: 2114963755287040, actual_exe_time: 23610, task_app_start_time:2114963155753773, task_sched_time:2114963755256410
app_id: 4, app_name: pulse_doppler_api-aarch64, task_id: 241, task_name: DASH_FFT, resource_name: cpu3, ref_start_time: 2114963760216190, ref_stop_time: 2114963760246370, actual_exe_time: 30180, task_app_start_time:2114963155753773, task_sched_time:2114963760206950
app_id: 4, app_name: pulse_doppler_api-aarch64, task_id: 242, task_name: DASH_ZIP, resource_name: zip1, ref_start_time: 2114963760590950, ref_stop_time: 2114963760632470, actual_exe_time: 41520, task_app_start_time:2114963155753773, task_sched_time:2114963760583870
app_id: 4, app_name: pulse_doppler_api-aarch64, task_id: 243, task_name: DASH_FFT, resource_name: cpu1, ref_start_time: 2114963761633601, ref_stop_time: 2114963761661531, actual_exe_time: 27930, task_app_start_time:2114963155753773, task_sched_time:2114963761612301
app_id: 4, app_name: pulse_doppler_api-aarch64, task_id: 244, task_name: DASH_FFT, resource_name: cpu2, ref_start_time: 2114963765859701, ref_stop_time: 2114963766217871, actual_exe_time: 358170, task_app_start_time:2114963155753773, task_sched_time:2114963765852201
app_id: 4, app_name: pulse_doppler_api-aarch64, task_id: 245, task_name: DASH_FFT, resource_name: cpu3, ref_start_time: 2114963766859391, ref_stop_time: 2114963766881441, actual_exe_time: 22050, task_app_start_time:2114963155753773, task_sched_time:2114963766852071
app_id: 4, app_name: pulse_doppler_api-aarch64, task_id: 246, task_name: DASH_ZIP, resource_name: zip1, ref_start_time: 2114963771638272, ref_stop_time: 2114963771681382, actual_exe_time: 43110, task_app_start_time:2114963155753773, task_sched_time:2114963771627862
app_id: 4, app_name: pulse_doppler_api-aarch64, task_id: 247, task_name: DASH_FFT, resource_name: cpu1, ref_start_time: 2114963772212592, ref_stop_time: 2114963772242382, actual_exe_time: 29790, task_app_start_time:2114963155753773, task_sched_time:2114963772198792
app_id: 4, app_name: pulse_doppler_api-aarch64, task_id: 248, task_name: DASH_FFT, resource_name: cpu2, ref_start_time: 2114963773591002, ref_stop_time: 2114963773614162, actual_exe_time: 23160, task_app_start_time:2114963155753773, task_sched_time:2114963773586532
app_id: 4, app_name: pulse_doppler_api-aarch64, task_id: 249, task_name: DASH_FFT, resource_name: cpu3, ref_start_time: 2114963773783603, ref_stop_time: 2114963773805593, actual_exe_time: 21990, task_app_start_time:2114963155753773, task_sched_time:2114963773780153
app_id: 4, app_name: pulse_doppler_api-aarch64, task_id: 250, task_name: DASH_ZIP, resource_name: zip1, ref_start_time: 2114963777522713, ref_stop_time: 2114963777567143, actual_exe_time: 44430, task_app_start_time:2114963155753773, task_sched_time:2114963777515273
app_id: 4, app_name: pulse_doppler_api-aarch64, task_id: 251, task_name: DASH_FFT, resource_name: cpu1, ref_start_time: 2114963778860413, ref_stop_time: 2114963778893143, actual_exe_time: 32730, task_app_start_time:2114963155753773, task_sched_time:2114963778815653
app_id: 4, app_name: pulse_doppler_api-aarch64, task_id: 252, task_name: DASH_FFT, resource_name: cpu2, ref_start_time: 2114963780980604, ref_stop_time: 2114963781009014, actual_exe_time: 28410, task_app_start_time:2114963155753773, task_sched_time:2114963779903454
app_id: 4, app_name: pulse_doppler_api-aarch64, task_id: 253, task_name: DASH_FFT, resource_name: cpu3, ref_start_time: 2114963781585194, ref_stop_time: 2114963781607874, actual_exe_time: 22680, task_app_start_time:2114963155753773, task_sched_time:2114963781582554
app_id: 4, app_name: pulse_doppler_api-aarch64, task_id: 254, task_name: DASH_ZIP, resource_name: zip1, ref_start_time: 2114963782402064, ref_stop_time: 2114963782443584, actual_exe_time: 41520, task_app_start_time:2114963155753773, task_sched_time:2114963782388804
app_id: 4, app_name: pulse_doppler_api-aarch64, task_id: 255, task_name: DASH_FFT, resource_name: cpu1, ref_start_time: 2114963783202854, ref_stop_time: 2114963783230904, actual_exe_time: 28050, task_app_start_time:2114963155753773, task_sched_time:2114963783147324
app_id: 4, app_name: pulse_doppler_api-aarch64, task_id: 256, task_name: DASH_FFT, resource_name: cpu2, ref_start_time: 2114963784972644, ref_stop_time: 2114963784998774, actual_exe_time: 26130, task_app_start_time:2114963155753773, task_sched_time:2114963783633534
app_id: 4, app_name: pulse_doppler_api-aarch64, task_id: 257, task_name: DASH_FFT, resource_name: cpu3, ref_start_time: 2114963786069174, ref_stop_time: 2114963786091405, actual_exe_time: 22231, task_app_start_time:2114963155753773, task_sched_time:2114963786066234
app_id: 4, app_name: pulse_doppler_api-aarch64, task_id: 258, task_name: DASH_ZIP, resource_name: zip1, ref_start_time: 2114963787017445, ref_stop_time: 2114963787058335, actual_exe_time: 40890, task_app_start_time:2114963155753773, task_sched_time:2114963787014055
app_id: 4, app_name: pulse_doppler_api-aarch64, task_id: 259, task_name: DASH_FFT, resource_name: cpu1, ref_start_time: 2114963787694005, ref_stop_time: 2114963787721665, actual_exe_time: 27660, task_app_start_time:2114963155753773, task_sched_time:2114963787688905
app_id: 4, app_name: pulse_doppler_api-aarch64, task_id: 260, task_name: DASH_FFT, resource_name: cpu2, ref_start_time: 2114963788790505, ref_stop_time: 2114963788814565, actual_exe_time: 24060, task_app_start_time:2114963155753773, task_sched_time:2114963788579995
app_id: 4, app_name: pulse_doppler_api-aarch64, task_id: 261, task_name: DASH_FFT, resource_name: cpu3, ref_start_time: 2114963789708805, ref_stop_time: 2114963789730825, actual_exe_time: 22020, task_app_start_time:2114963155753773, task_sched_time:2114963789699265
app_id: 4, app_name: pulse_doppler_api-aarch64, task_id: 262, task_name: DASH_ZIP, resource_name: zip1, ref_start_time: 2114963790419775, ref_stop_time: 2114963790460605, actual_exe_time: 40830, task_app_start_time:2114963155753773, task_sched_time:2114963790413685
app_id: 4, app_name: pulse_doppler_api-aarch64, task_id: 263, task_name: DASH_FFT, resource_name: cpu1, ref_start_time: 2114963791335255, ref_stop_time: 2114963791364295, actual_exe_time: 29040, task_app_start_time:2114963155753773, task_sched_time:2114963791330155
app_id: 4, app_name: pulse_doppler_api-aarch64, task_id: 264, task_name: DASH_FFT, resource_name: cpu2, ref_start_time: 2114963792537416, ref_stop_time: 2114963792562406, actual_exe_time: 24990, task_app_start_time:2114963155753773, task_sched_time:2114963792530906
app_id: 4, app_name: pulse_doppler_api-aarch64, task_id: 265, task_name: DASH_FFT, resource_name: cpu3, ref_start_time: 2114963794072726, ref_stop_time: 2114963794101196, actual_exe_time: 28470, task_app_start_time:2114963155753773, task_sched_time:2114963793129736
app_id: 4, app_name: pulse_doppler_api-aarch64, task_id: 266, task_name: DASH_ZIP, resource_name: zip1, ref_start_time: 2114963797333126, ref_stop_time: 2114963797378516, actual_exe_time: 45390, task_app_start_time:2114963155753773, task_sched_time:2114963797328116
app_id: 4, app_name: pulse_doppler_api-aarch64, task_id: 267, task_name: DASH_FFT, resource_name: cpu1, ref_start_time: 2114963801508647, ref_stop_time: 2114963801544767, actual_exe_time: 36120, task_app_start_time:2114963155753773, task_sched_time:2114963801459957
app_id: 4, app_name: pulse_doppler_api-aarch64, task_id: 268, task_name: DASH_FFT, resource_name: cpu2, ref_start_time: 2114963801792867, ref_stop_time: 2114963801815697, actual_exe_time: 22830, task_app_start_time:2114963155753773, task_sched_time:2114963801786237
app_id: 4, app_name: pulse_doppler_api-aarch64, task_id: 269, task_name: DASH_FFT, resource_name: cpu3, ref_start_time: 2114963805117828, ref_stop_time: 2114963805140628, actual_exe_time: 22800, task_app_start_time:2114963155753773, task_sched_time:2114963805110538
app_id: 4, app_name: pulse_doppler_api-aarch64, task_id: 270, task_name: DASH_ZIP, resource_name: zip1, ref_start_time: 2114963806427028, ref_stop_time: 2114963806468428, actual_exe_time: 41400, task_app_start_time:2114963155753773, task_sched_time:2114963806422528
app_id: 4, app_name: pulse_doppler_api-aarch64, task_id: 271, task_name: DASH_FFT, resource_name: cpu1, ref_start_time: 2114963807488278, ref_stop_time: 2114963807517018, actual_exe_time: 28740, task_app_start_time:2114963155753773, task_sched_time:2114963807442468
app_id: 4, app_name: pulse_doppler_api-aarch64, task_id: 272, task_name: DASH_FFT, resource_name: cpu2, ref_start_time: 2114963808380988, ref_stop_time: 2114963808403188, actual_exe_time: 22200, task_app_start_time:2114963155753773, task_sched_time:2114963808371268
app_id: 4, app_name: pulse_doppler_api-aarch64, task_id: 273, task_name: DASH_FFT, resource_name: cpu3, ref_start_time: 2114963811987769, ref_stop_time: 2114963812020529, actual_exe_time: 32760, task_app_start_time:2114963155753773, task_sched_time:2114963809124118
app_id: 4, app_name: pulse_doppler_api-aarch64, task_id: 274, task_name: DASH_ZIP, resource_name: zip1, ref_start_time: 2114963817475100, ref_stop_time: 2114963817519530, actual_exe_time: 44430, task_app_start_time:2114963155753773, task_sched_time:2114963817464690
app_id: 4, app_name: pulse_doppler_api-aarch64, task_id: 275, task_name: DASH_FFT, resource_name: cpu1, ref_start_time: 2114963818272680, ref_stop_time: 2114963818302350, actual_exe_time: 29670, task_app_start_time:2114963155753773, task_sched_time:2114963818259840
app_id: 4, app_name: pulse_doppler_api-aarch64, task_id: 276, task_name: DASH_FFT, resource_name: cpu2, ref_start_time: 2114963818498280, ref_stop_time: 2114963818520450, actual_exe_time: 22170, task_app_start_time:2114963155753773, task_sched_time:2114963818489340
app_id: 4, app_name: pulse_doppler_api-aarch64, task_id: 277, task_name: DASH_FFT, resource_name: cpu3, ref_start_time: 2114963822606390, ref_stop_time: 2114963822630840, actual_exe_time: 24450, task_app_start_time:2114963155753773, task_sched_time:2114963822597300
app_id: 4, app_name: pulse_doppler_api-aarch64, task_id: 278, task_name: DASH_ZIP, resource_name: zip1, ref_start_time: 2114963824242801, ref_stop_time: 2114963824284231, actual_exe_time: 41430, task_app_start_time:2114963155753773, task_sched_time:2114963824235811
app_id: 4, app_name: pulse_doppler_api-aarch64, task_id: 279, task_name: DASH_FFT, resource_name: cpu1, ref_start_time: 2114963825253591, ref_stop_time: 2114963825282661, actual_exe_time: 29070, task_app_start_time:2114963155753773, task_sched_time:2114963825244531
app_id: 4, app_name: pulse_doppler_api-aarch64, task_id: 280, task_name: DASH_FFT, resource_name: cpu2, ref_start_time: 2114963829240681, ref_stop_time: 2114963829271671, actual_exe_time: 30990, task_app_start_time:2114963155753773, task_sched_time:2114963829233271
app_id: 4, app_name: pulse_doppler_api-aarch64, task_id: 281, task_name: DASH_FFT, resource_name: cpu3, ref_start_time: 2114963833252432, ref_stop_time: 2114963833281142, actual_exe_time: 28710, task_app_start_time:2114963155753773, task_sched_time:2114963833244362
app_id: 4, app_name: pulse_doppler_api-aarch64, task_id: 282, task_name: DASH_ZIP, resource_name: zip1, ref_start_time: 2114963833688092, ref_stop_time: 2114963833729882, actual_exe_time: 41790, task_app_start_time:2114963155753773, task_sched_time:2114963833677202
app_id: 4, app_name: pulse_doppler_api-aarch64, task_id: 283, task_name: DASH_FFT, resource_name: cpu1, ref_start_time: 2114963837723993, ref_stop_time: 2114963837754713, actual_exe_time: 30720, task_app_start_time:2114963155753773, task_sched_time:2114963837720333
app_id: 4, app_name: pulse_doppler_api-aarch64, task_id: 284, task_name: DASH_FFT, resource_name: cpu2, ref_start_time: 2114963840562173, ref_stop_time: 2114963840586773, actual_exe_time: 24600, task_app_start_time:2114963155753773, task_sched_time:2114963840551973
app_id: 4, app_name: pulse_doppler_api-aarch64, task_id: 285, task_name: DASH_FFT, resource_name: cpu3, ref_start_time: 2114963841625373, ref_stop_time: 2114963841648383, actual_exe_time: 23010, task_app_start_time:2114963155753773, task_sched_time:2114963841619733
app_id: 4, app_name: pulse_doppler_api-aarch64, task_id: 286, task_name: DASH_ZIP, resource_name: zip1, ref_start_time: 2114963845377204, ref_stop_time: 2114963845424034, actual_exe_time: 46830, task_app_start_time:2114963155753773, task_sched_time:2114963845372374
app_id: 4, app_name: pulse_doppler_api-aarch64, task_id: 287, task_name: DASH_FFT, resource_name: cpu1, ref_start_time: 2114963846793594, ref_stop_time: 2114963846826834, actual_exe_time: 33240, task_app_start_time:2114963155753773, task_sched_time:2114963846749494
app_id: 4, app_name: pulse_doppler_api-aarch64, task_id: 288, task_name: DASH_FFT, resource_name: cpu2, ref_start_time: 2114963848963105, ref_stop_time: 2114963848993285, actual_exe_time: 30180, task_app_start_time:2114963155753773, task_sched_time:2114963847791604
app_id: 4, app_name: pulse_doppler_api-aarch64, task_id: 289, task_name: DASH_FFT, resource_name: cpu3, ref_start_time: 2114963849578525, ref_stop_time: 2114963849601685, actual_exe_time: 23160, task_app_start_time:2114963155753773, task_sched_time:2114963849569165
app_id: 4, app_name: pulse_doppler_api-aarch64, task_id: 290, task_name: DASH_ZIP, resource_name: zip1, ref_start_time: 2114963850384145, ref_stop_time: 2114963850425995, actual_exe_time: 41850, task_app_start_time:2114963155753773, task_sched_time:2114963850377215
app_id: 4, app_name: pulse_doppler_api-aarch64, task_id: 291, task_name: DASH_FFT, resource_name: cpu1, ref_start_time: 2114963851015015, ref_stop_time: 2114963851042645, actual_exe_time: 27630, task_app_start_time:2114963155753773, task_sched_time:2114963851007905
app_id: 4, app_name: pulse_doppler_api-aarch64, task_id: 292, task_name: DASH_FFT, resource_name: cpu2, ref_start_time: 2114963852973145, ref_stop_time: 2114963853001375, actual_exe_time: 28230, task_app_start_time:2114963155753773, task_sched_time:2114963852072185
app_id: 4, app_name: pulse_doppler_api-aarch64, task_id: 293, task_name: DASH_FFT, resource_name: cpu3, ref_start_time: 2114963853180955, ref_stop_time: 2114963853202195, actual_exe_time: 21240, task_app_start_time:2114963155753773, task_sched_time:2114963853177595
app_id: 4, app_name: pulse_doppler_api-aarch64, task_id: 294, task_name: DASH_ZIP, resource_name: zip1, ref_start_time: 2114963854232755, ref_stop_time: 2114963854273165, actual_exe_time: 40410, task_app_start_time:2114963155753773, task_sched_time:2114963854228195
app_id: 4, app_name: pulse_doppler_api-aarch64, task_id: 295, task_name: DASH_FFT, resource_name: cpu1, ref_start_time: 2114963854913606, ref_stop_time: 2114963854941386, actual_exe_time: 27780, task_app_start_time:2114963155753773, task_sched_time:2114963854906226
app_id: 4, app_name: pulse_doppler_api-aarch64, task_id: 296, task_name: DASH_FFT, resource_name: cpu2, ref_start_time: 2114963856309986, ref_stop_time: 2114963856336236, actual_exe_time: 26250, task_app_start_time:2114963155753773, task_sched_time:2114963856163436
app_id: 4, app_name: pulse_doppler_api-aarch64, task_id: 297, task_name: DASH_FFT, resource_name: cpu3, ref_start_time: 2114963860783107, ref_stop_time: 2114963860816347, actual_exe_time: 33240, task_app_start_time:2114963155753773, task_sched_time:2114963860776687
app_id: 4, app_name: pulse_doppler_api-aarch64, task_id: 298, task_name: DASH_ZIP, resource_name: zip1, ref_start_time: 2114963861709147, ref_stop_time: 2114963861751627, actual_exe_time: 42480, task_app_start_time:2114963155753773, task_sched_time:2114963861700087
app_id: 4, app_name: pulse_doppler_api-aarch64, task_id: 299, task_name: DASH_FFT, resource_name: cpu1, ref_start_time: 2114963865843537, ref_stop_time: 2114963865875247, actual_exe_time: 31710, task_app_start_time:2114963155753773, task_sched_time:2114963865836997
app_id: 4, app_name: pulse_doppler_api-aarch64, task_id: 300, task_name: DASH_FFT, resource_name: cpu2, ref_start_time: 2114963869379968, ref_stop_time: 2114963869406218, actual_exe_time: 26250, task_app_start_time:2114963155753773, task_sched_time:2114963869317238
app_id: 4, app_name: pulse_doppler_api-aarch64, task_id: 301, task_name: DASH_FFT, resource_name: cpu3, ref_start_time: 2114963872494688, ref_stop_time: 2114963872518238, actual_exe_time: 23550, task_app_start_time:2114963155753773, task_sched_time:2114963872487788
app_id: 4, app_name: pulse_doppler_api-aarch64, task_id: 302, task_name: DASH_ZIP, resource_name: zip1, ref_start_time: 2114963873992739, ref_stop_time: 2114963874034799, actual_exe_time: 42060, task_app_start_time:2114963155753773, task_sched_time:2114963873987759
app_id: 4, app_name: pulse_doppler_api-aarch64, task_id: 303, task_name: DASH_FFT, resource_name: cpu1, ref_start_time: 2114963874860399, ref_stop_time: 2114963874891569, actual_exe_time: 31170, task_app_start_time:2114963155753773, task_sched_time:2114963874855419
app_id: 4, app_name: pulse_doppler_api-aarch64, task_id: 304, task_name: DASH_FFT, resource_name: cpu2, ref_start_time: 2114963875778519, ref_stop_time: 2114963875803929, actual_exe_time: 25410, task_app_start_time:2114963155753773, task_sched_time:2114963875772579
app_id: 4, app_name: pulse_doppler_api-aarch64, task_id: 305, task_name: DASH_FFT, resource_name: cpu3, ref_start_time: 2114963876988329, ref_stop_time: 2114963877015269, actual_exe_time: 26940, task_app_start_time:2114963155753773, task_sched_time:2114963876357549
app_id: 4, app_name: pulse_doppler_api-aarch64, task_id: 306, task_name: DASH_ZIP, resource_name: zip1, ref_start_time: 2114963877905129, ref_stop_time: 2114963877947669, actual_exe_time: 42540, task_app_start_time:2114963155753773, task_sched_time:2114963877895799
app_id: 4, app_name: pulse_doppler_api-aarch64, task_id: 307, task_name: DASH_FFT, resource_name: cpu1, ref_start_time: 2114963878629869, ref_stop_time: 2114963878658459, actual_exe_time: 28590, task_app_start_time:2114963155753773, task_sched_time:2114963878584629
app_id: 4, app_name: pulse_doppler_api-aarch64, task_id: 308, task_name: DASH_FFT, resource_name: cpu2, ref_start_time: 2114963885360430, ref_stop_time: 2114963885390280, actual_exe_time: 29850, task_app_start_time:2114963155753773, task_sched_time:2114963885349930
app_id: 4, app_name: pulse_doppler_api-aarch64, task_id: 309, task_name: DASH_FFT, resource_name: cpu3, ref_start_time: 2114963886157981, ref_stop_time: 2114963886182581, actual_exe_time: 24600, task_app_start_time:2114963155753773, task_sched_time:2114963886146851
app_id: 4, app_name: pulse_doppler_api-aarch64, task_id: 310, task_name: DASH_ZIP, resource_name: zip1, ref_start_time: 2114963886896371, ref_stop_time: 2114963886937861, actual_exe_time: 41490, task_app_start_time:2114963155753773, task_sched_time:2114963886887221
app_id: 4, app_name: pulse_doppler_api-aarch64, task_id: 311, task_name: DASH_FFT, resource_name: cpu1, ref_start_time: 2114963889122191, ref_stop_time: 2114963889150781, actual_exe_time: 28590, task_app_start_time:2114963155753773, task_sched_time:2114963889076531
app_id: 4, app_name: pulse_doppler_api-aarch64, task_id: 312, task_name: DASH_FFT, resource_name: cpu2, ref_start_time: 2114963889416971, ref_stop_time: 2114963889438241, actual_exe_time: 21270, task_app_start_time:2114963155753773, task_sched_time:2114963889408751
app_id: 4, app_name: pulse_doppler_api-aarch64, task_id: 313, task_name: DASH_FFT, resource_name: cpu3, ref_start_time: 2114963890983301, ref_stop_time: 2114963891005921, actual_exe_time: 22620, task_app_start_time:2114963155753773, task_sched_time:2114963890976311
app_id: 4, app_name: pulse_doppler_api-aarch64, task_id: 314, task_name: DASH_ZIP, resource_name: zip1, ref_start_time: 2114963891971562, ref_stop_time: 2114963892013172, actual_exe_time: 41610, task_app_start_time:2114963155753773, task_sched_time:2114963891963042
app_id: 4, app_name: pulse_doppler_api-aarch64, task_id: 315, task_name: DASH_FFT, resource_name: cpu1, ref_start_time: 2114963893267412, ref_stop_time: 2114963893298912, actual_exe_time: 31500, task_app_start_time:2114963155753773, task_sched_time:2114963893225262
app_id: 4, app_name: pulse_doppler_api-aarch64, task_id: 316, task_name: DASH_FFT, resource_name: cpu2, ref_start_time: 2114963897033792, ref_stop_time: 2114963897062622, actual_exe_time: 28830, task_app_start_time:2114963155753773, task_sched_time:2114963897026142
app_id: 4, app_name: pulse_doppler_api-aarch64, task_id: 317, task_name: DASH_FFT, resource_name: cpu3, ref_start_time: 2114963905038154, ref_stop_time: 2114963905072294, actual_exe_time: 34140, task_app_start_time:2114963155753773, task_sched_time:2114963905029814
app_id: 4, app_name: pulse_doppler_api-aarch64, task_id: 318, task_name: DASH_ZIP, resource_name: zip1, ref_start_time: 2114963905969264, ref_stop_time: 2114963906011624, actual_exe_time: 42360, task_app_start_time:2114963155753773, task_sched_time:2114963905964524
app_id: 4, app_name: pulse_doppler_api-aarch64, task_id: 319, task_name: DASH_FFT, resource_name: cpu1, ref_start_time: 2114963907447514, ref_stop_time: 2114963907477424, actual_exe_time: 29910, task_app_start_time:2114963155753773, task_sched_time:2114963907401554
app_id: 4, app_name: pulse_doppler_api-aarch64, task_id: 320, task_name: DASH_FFT, resource_name: cpu2, ref_start_time: 2114963913209825, ref_stop_time: 2114963913242435, actual_exe_time: 32610, task_app_start_time:2114963155753773, task_sched_time:2114963913200465
app_id: 4, app_name: pulse_doppler_api-aarch64, task_id: 321, task_name: DASH_FFT, resource_name: cpu3, ref_start_time: 2114963913439535, ref_stop_time: 2114963913992255, actual_exe_time: 552720, task_app_start_time:2114963155753773, task_sched_time:2114963913424985
app_id: 4, app_name: pulse_doppler_api-aarch64, task_id: 322, task_name: DASH_ZIP, resource_name: zip1, ref_start_time: 2114963917095156, ref_stop_time: 2114963917138656, actual_exe_time: 43500, task_app_start_time:2114963155753773, task_sched_time:2114963917089546
app_id: 4, app_name: pulse_doppler_api-aarch64, task_id: 323, task_name: DASH_FFT, resource_name: cpu1, ref_start_time: 2114963921206926, ref_stop_time: 2114963921238756, actual_exe_time: 31830, task_app_start_time:2114963155753773, task_sched_time:2114963921203596
app_id: 4, app_name: pulse_doppler_api-aarch64, task_id: 324, task_name: DASH_FFT, resource_name: cpu2, ref_start_time: 2114963922628296, ref_stop_time: 2114963922652566, actual_exe_time: 24270, task_app_start_time:2114963155753773, task_sched_time:2114963922621006
app_id: 4, app_name: pulse_doppler_api-aarch64, task_id: 325, task_name: DASH_FFT, resource_name: cpu3, ref_start_time: 2114963929313438, ref_stop_time: 2114963929348148, actual_exe_time: 34710, task_app_start_time:2114963155753773, task_sched_time:2114963929304018
app_id: 4, app_name: pulse_doppler_api-aarch64, task_id: 326, task_name: DASH_ZIP, resource_name: zip1, ref_start_time: 2114963929734338, ref_stop_time: 2114963929776338, actual_exe_time: 42000, task_app_start_time:2114963155753773, task_sched_time:2114963929729178
app_id: 4, app_name: pulse_doppler_api-aarch64, task_id: 327, task_name: DASH_FFT, resource_name: cpu1, ref_start_time: 2114963930784158, ref_stop_time: 2114963930812058, actual_exe_time: 27900, task_app_start_time:2114963155753773, task_sched_time:2114963930748698
app_id: 4, app_name: pulse_doppler_api-aarch64, task_id: 328, task_name: DASH_FFT, resource_name: cpu2, ref_start_time: 2114963937013659, ref_stop_time: 2114963937041529, actual_exe_time: 27870, task_app_start_time:2114963155753773, task_sched_time:2114963937007869
app_id: 4, app_name: pulse_doppler_api-aarch64, task_id: 329, task_name: DASH_FFT, resource_name: cpu3, ref_start_time: 2114963937744549, ref_stop_time: 2114963937769479, actual_exe_time: 24930, task_app_start_time:2114963155753773, task_sched_time:2114963937731139
app_id: 4, app_name: pulse_doppler_api-aarch64, task_id: 330, task_name: DASH_ZIP, resource_name: zip1, ref_start_time: 2114963938592649, ref_stop_time: 2114963938636359, actual_exe_time: 43710, task_app_start_time:2114963155753773, task_sched_time:2114963938456959
app_id: 4, app_name: pulse_doppler_api-aarch64, task_id: 331, task_name: DASH_FFT, resource_name: cpu1, ref_start_time: 2114963939019459, ref_stop_time: 2114963939047599, actual_exe_time: 28140, task_app_start_time:2114963155753773, task_sched_time:2114963939010789
app_id: 4, app_name: pulse_doppler_api-aarch64, task_id: 332, task_name: DASH_FFT, resource_name: cpu2, ref_start_time: 2114963941257129, ref_stop_time: 2114963941284699, actual_exe_time: 27570, task_app_start_time:2114963155753773, task_sched_time:2114963941248669
app_id: 4, app_name: pulse_doppler_api-aarch64, task_id: 333, task_name: DASH_FFT, resource_name: cpu3, ref_start_time: 2114963945006650, ref_stop_time: 2114963945512540, actual_exe_time: 505890, task_app_start_time:2114963155753773, task_sched_time:2114963944999720
app_id: 4, app_name: pulse_doppler_api-aarch64, task_id: 334, task_name: DASH_ZIP, resource_name: zip1, ref_start_time: 2114963949098411, ref_stop_time: 2114963949145331, actual_exe_time: 46920, task_app_start_time:2114963155753773, task_sched_time:2114963949093851
app_id: 4, app_name: pulse_doppler_api-aarch64, task_id: 335, task_name: DASH_FFT, resource_name: cpu1, ref_start_time: 2114963952955361, ref_stop_time: 2114963952990491, actual_exe_time: 35130, task_app_start_time:2114963155753773, task_sched_time:2114963952950951
app_id: 4, app_name: pulse_doppler_api-aarch64, task_id: 336, task_name: DASH_FFT, resource_name: cpu2, ref_start_time: 2114963954263362, ref_stop_time: 2114963954285652, actual_exe_time: 22290, task_app_start_time:2114963155753773, task_sched_time:2114963954254722
app_id: 4, app_name: pulse_doppler_api-aarch64, task_id: 337, task_name: DASH_FFT, resource_name: cpu3, ref_start_time: 2114963954898942, ref_stop_time: 2114963954924112, actual_exe_time: 25170, task_app_start_time:2114963155753773, task_sched_time:2114963954876982
app_id: 4, app_name: pulse_doppler_api-aarch64, task_id: 338, task_name: DASH_ZIP, resource_name: zip1, ref_start_time: 2114963960982163, ref_stop_time: 2114963961034513, actual_exe_time: 52350, task_app_start_time:2114963155753773, task_sched_time:2114963960976043
app_id: 4, app_name: pulse_doppler_api-aarch64, task_id: 339, task_name: DASH_FFT, resource_name: cpu1, ref_start_time: 2114963961329263, ref_stop_time: 2114963961358903, actual_exe_time: 29640, task_app_start_time:2114963155753773, task_sched_time:2114963961280663
app_id: 4, app_name: pulse_doppler_api-aarch64, task_id: 340, task_name: DASH_FFT, resource_name: cpu2, ref_start_time: 2114963969312864, ref_stop_time: 2114963969344184, actual_exe_time: 31320, task_app_start_time:2114963155753773, task_sched_time:2114963969305394
app_id: 4, app_name: pulse_doppler_api-aarch64, task_id: 341, task_name: DASH_FFT, resource_name: cpu3, ref_start_time: 2114963973057315, ref_stop_time: 2114963973091605, actual_exe_time: 34290, task_app_start_time:2114963155753773, task_sched_time:2114963973047115
app_id: 4, app_name: pulse_doppler_api-aarch64, task_id: 342, task_name: DASH_ZIP, resource_name: zip1, ref_start_time: 2114963981098396, ref_stop_time: 2114963981148196, actual_exe_time: 49800, task_app_start_time:2114963155753773, task_sched_time:2114963981093446
app_id: 4, app_name: pulse_doppler_api-aarch64, task_id: 343, task_name: DASH_FFT, resource_name: cpu1, ref_start_time: 2114963983568086, ref_stop_time: 2114963983601446, actual_exe_time: 33360, task_app_start_time:2114963155753773, task_sched_time:2114963983563916
app_id: 4, app_name: pulse_doppler_api-aarch64, task_id: 344, task_name: DASH_FFT, resource_name: cpu2, ref_start_time: 2114963983868596, ref_stop_time: 2114963983891306, actual_exe_time: 22710, task_app_start_time:2114963155753773, task_sched_time:2114963983865026
app_id: 4, app_name: pulse_doppler_api-aarch64, task_id: 345, task_name: DASH_FFT, resource_name: cpu3, ref_start_time: 2114963989407167, ref_stop_time: 2114963989438937, actual_exe_time: 31770, task_app_start_time:2114963155753773, task_sched_time:2114963989398827
app_id: 4, app_name: pulse_doppler_api-aarch64, task_id: 346, task_name: DASH_ZIP, resource_name: zip1, ref_start_time: 2114963997256368, ref_stop_time: 2114963997303768, actual_exe_time: 47400, task_app_start_time:2114963155753773, task_sched_time:2114963997245808
app_id: 4, app_name: pulse_doppler_api-aarch64, task_id: 347, task_name: DASH_FFT, resource_name: cpu1, ref_start_time: 2114963998296019, ref_stop_time: 2114963998328089, actual_exe_time: 32070, task_app_start_time:2114963155753773, task_sched_time:2114963998255459
app_id: 4, app_name: pulse_doppler_api-aarch64, task_id: 348, task_name: DASH_FFT, resource_name: cpu2, ref_start_time: 2114964005291480, ref_stop_time: 2114964005320820, actual_exe_time: 29340, task_app_start_time:2114963155753773, task_sched_time:2114964005281910
app_id: 4, app_name: pulse_doppler_api-aarch64, task_id: 349, task_name: DASH_FFT, resource_name: cpu3, ref_start_time: 2114964008997740, ref_stop_time: 2114964009025820, actual_exe_time: 28080, task_app_start_time:2114963155753773, task_sched_time:2114964008990540
app_id: 4, app_name: pulse_doppler_api-aarch64, task_id: 350, task_name: DASH_ZIP, resource_name: zip1, ref_start_time: 2114964017335762, ref_stop_time: 2114964017383702, actual_exe_time: 47940, task_app_start_time:2114963155753773, task_sched_time:2114964017326462
app_id: 4, app_name: pulse_doppler_api-aarch64, task_id: 351, task_name: DASH_FFT, resource_name: cpu1, ref_start_time: 2114964024973283, ref_stop_time: 2114964025013153, actual_exe_time: 39870, task_app_start_time:2114963155753773, task_sched_time:2114964024964133
app_id: 4, app_name: pulse_doppler_api-aarch64, task_id: 352, task_name: DASH_FFT, resource_name: cpu2, ref_start_time: 2114964025523633, ref_stop_time: 2114964025546583, actual_exe_time: 22950, task_app_start_time:2114963155753773, task_sched_time:2114964025519943
app_id: 4, app_name: pulse_doppler_api-aarch64, task_id: 353, task_name: DASH_FFT, resource_name: cpu3, ref_start_time: 2114964029570514, ref_stop_time: 2114964029605944, actual_exe_time: 35430, task_app_start_time:2114963155753773, task_sched_time:2114964029561874
app_id: 4, app_name: pulse_doppler_api-aarch64, task_id: 354, task_name: DASH_ZIP, resource_name: zip1, ref_start_time: 2114964033145584, ref_stop_time: 2114964037139905, actual_exe_time: 3994321, task_app_start_time:2114963155753773, task_sched_time:2114964033135204
app_id: 4, app_name: pulse_doppler_api-aarch64, task_id: 355, task_name: DASH_FFT, resource_name: cpu1, ref_start_time: 2114964040264375, ref_stop_time: 2114964040298605, actual_exe_time: 34230, task_app_start_time:2114963155753773, task_sched_time:2114964040259095
app_id: 4, app_name: pulse_doppler_api-aarch64, task_id: 356, task_name: DASH_FFT, resource_name: cpu2, ref_start_time: 2114964040684045, ref_stop_time: 2114964040708825, actual_exe_time: 24780, task_app_start_time:2114963155753773, task_sched_time:2114964040576375
app_id: 4, app_name: pulse_doppler_api-aarch64, task_id: 357, task_name: DASH_FFT, resource_name: cpu3, ref_start_time: 2114964045110456, ref_stop_time: 2114964045143456, actual_exe_time: 33000, task_app_start_time:2114963155753773, task_sched_time:2114964045102716
app_id: 4, app_name: pulse_doppler_api-aarch64, task_id: 358, task_name: DASH_ZIP, resource_name: zip1, ref_start_time: 2114964053169627, ref_stop_time: 2114964053217267, actual_exe_time: 47640, task_app_start_time:2114963155753773, task_sched_time:2114964053163087
app_id: 4, app_name: pulse_doppler_api-aarch64, task_id: 359, task_name: DASH_FFT, resource_name: cpu1, ref_start_time: 2114964054518608, ref_stop_time: 2114964054550138, actual_exe_time: 31530, task_app_start_time:2114963155753773, task_sched_time:2114964054473848
app_id: 4, app_name: pulse_doppler_api-aarch64, task_id: 360, task_name: DASH_FFT, resource_name: cpu2, ref_start_time: 2114964061461239, ref_stop_time: 2114964061499129, actual_exe_time: 37890, task_app_start_time:2114963155753773, task_sched_time:2114964061456319
app_id: 4, app_name: pulse_doppler_api-aarch64, task_id: 361, task_name: DASH_FFT, resource_name: cpu3, ref_start_time: 2114964061929059, ref_stop_time: 2114964061953629, actual_exe_time: 24570, task_app_start_time:2114963155753773, task_sched_time:2114964061915979
app_id: 4, app_name: pulse_doppler_api-aarch64, task_id: 362, task_name: DASH_ZIP, resource_name: zip1, ref_start_time: 2114964068859690, ref_stop_time: 2114964068905980, actual_exe_time: 46290, task_app_start_time:2114963155753773, task_sched_time:2114964068702190
app_id: 4, app_name: pulse_doppler_api-aarch64, task_id: 363, task_name: DASH_FFT, resource_name: cpu1, ref_start_time: 2114964073597561, ref_stop_time: 2114964073634161, actual_exe_time: 36600, task_app_start_time:2114963155753773, task_sched_time:2114964073526881
app_id: 4, app_name: pulse_doppler_api-aarch64, task_id: 364, task_name: DASH_FFT, resource_name: cpu2, ref_start_time: 2114964081022772, ref_stop_time: 2114964081056372, actual_exe_time: 33600, task_app_start_time:2114963155753773, task_sched_time:2114964081017792
app_id: 4, app_name: pulse_doppler_api-aarch64, task_id: 365, task_name: DASH_FFT, resource_name: cpu3, ref_start_time: 2114964082520732, ref_stop_time: 2114964082547372, actual_exe_time: 26640, task_app_start_time:2114963155753773, task_sched_time:2114964082516232
app_id: 4, app_name: pulse_doppler_api-aarch64, task_id: 366, task_name: DASH_ZIP, resource_name: zip1, ref_start_time: 2114964089216823, ref_stop_time: 2114964089263773, actual_exe_time: 46950, task_app_start_time:2114963155753773, task_sched_time:2114964089208663
app_id: 4, app_name: pulse_doppler_api-aarch64, task_id: 367, task_name: DASH_FFT, resource_name: cpu1, ref_start_time: 2114964089511783, ref_stop_time: 2114964089542833, actual_exe_time: 31050, task_app_start_time:2114963155753773, task_sched_time:2114964089503623
app_id: 4, app_name: pulse_doppler_api-aarch64, task_id: 368, task_name: DASH_FFT, resource_name: cpu2, ref_start_time: 2114964096963245, ref_stop_time: 2114964096996095, actual_exe_time: 32850, task_app_start_time:2114963155753773, task_sched_time:2114964096868265
app_id: 4, app_name: pulse_doppler_api-aarch64, task_id: 369, task_name: DASH_FFT, resource_name: cpu3, ref_start_time: 2114964101482955, ref_stop_time: 2114964101519165, actual_exe_time: 36210, task_app_start_time:2114963155753773, task_sched_time:2114964101477135
app_id: 4, app_name: pulse_doppler_api-aarch64, task_id: 370, task_name: DASH_ZIP, resource_name: zip1, ref_start_time: 2114964105114246, ref_stop_time: 2114964105386796, actual_exe_time: 272550, task_app_start_time:2114963155753773, task_sched_time:2114964105107856
app_id: 4, app_name: pulse_doppler_api-aarch64, task_id: 371, task_name: DASH_FFT, resource_name: cpu1, ref_start_time: 2114964111033667, ref_stop_time: 2114964111070477, actual_exe_time: 36810, task_app_start_time:2114963155753773, task_sched_time:2114964110987407
app_id: 4, app_name: pulse_doppler_api-aarch64, task_id: 372, task_name: DASH_FFT, resource_name: cpu2, ref_start_time: 2114964117055118, ref_stop_time: 2114964117091478, actual_exe_time: 36360, task_app_start_time:2114963155753773, task_sched_time:2114964117046478
app_id: 4, app_name: pulse_doppler_api-aarch64, task_id: 373, task_name: DASH_FFT, resource_name: cpu3, ref_start_time: 2114964121001108, ref_stop_time: 2114964121028168, actual_exe_time: 27060, task_app_start_time:2114963155753773, task_sched_time:2114964120994868
app_id: 4, app_name: pulse_doppler_api-aarch64, task_id: 374, task_name: DASH_ZIP, resource_name: zip1, ref_start_time: 2114964124798929, ref_stop_time: 2114964124843509, actual_exe_time: 44580, task_app_start_time:2114963155753773, task_sched_time:2114964124792149
app_id: 4, app_name: pulse_doppler_api-aarch64, task_id: 375, task_name: DASH_FFT, resource_name: cpu1, ref_start_time: 2114964129149800, ref_stop_time: 2114964129186940, actual_exe_time: 37140, task_app_start_time:2114963155753773, task_sched_time:2114964129140440
app_id: 4, app_name: pulse_doppler_api-aarch64, task_id: 376, task_name: DASH_FFT, resource_name: cpu2, ref_start_time: 2114964137038421, ref_stop_time: 2114964137073341, actual_exe_time: 34920, task_app_start_time:2114963155753773, task_sched_time:2114964137028131
app_id: 4, app_name: pulse_doppler_api-aarch64, task_id: 377, task_name: DASH_FFT, resource_name: cpu3, ref_start_time: 2114964138336491, ref_stop_time: 2114964138766751, actual_exe_time: 430260, task_app_start_time:2114963155753773, task_sched_time:2114964138333191
app_id: 4, app_name: pulse_doppler_api-aarch64, task_id: 378, task_name: DASH_ZIP, resource_name: zip1, ref_start_time: 2114964141623232, ref_stop_time: 2114964141670062, actual_exe_time: 46830, task_app_start_time:2114963155753773, task_sched_time:2114964141577752
app_id: 4, app_name: pulse_doppler_api-aarch64, task_id: 379, task_name: DASH_FFT, resource_name: cpu1, ref_start_time: 2114964145141602, ref_stop_time: 2114964145176942, actual_exe_time: 35340, task_app_start_time:2114963155753773, task_sched_time:2114964145131462
app_id: 4, app_name: pulse_doppler_api-aarch64, task_id: 380, task_name: DASH_FFT, resource_name: cpu2, ref_start_time: 2114964152719364, ref_stop_time: 2114964152867924, actual_exe_time: 148560, task_app_start_time:2114963155753773, task_sched_time:2114964152557273
app_id: 4, app_name: pulse_doppler_api-aarch64, task_id: 381, task_name: DASH_FFT, resource_name: cpu3, ref_start_time: 2114964153105134, ref_stop_time: 2114964153132104, actual_exe_time: 26970, task_app_start_time:2114963155753773, task_sched_time:2114964153089834
app_id: 4, app_name: pulse_doppler_api-aarch64, task_id: 382, task_name: DASH_ZIP, resource_name: zip1, ref_start_time: 2114964157550954, ref_stop_time: 2114964157598804, actual_exe_time: 47850, task_app_start_time:2114963155753773, task_sched_time:2114964157537154
app_id: 4, app_name: pulse_doppler_api-aarch64, task_id: 383, task_name: DASH_FFT, resource_name: cpu1, ref_start_time: 2114964165041535, ref_stop_time: 2114964165411466, actual_exe_time: 369931, task_app_start_time:2114963155753773, task_sched_time:2114964165035265
app_id: 4, app_name: pulse_doppler_api-aarch64, task_id: 384, task_name: DASH_FFT, resource_name: cpu2, ref_start_time: 2114964167700166, ref_stop_time: 2114964167727766, actual_exe_time: 27600, task_app_start_time:2114963155753773, task_sched_time:2114964167547796
app_id: 4, app_name: pulse_doppler_api-aarch64, task_id: 385, task_name: DASH_FFT, resource_name: cpu3, ref_start_time: 2114964168005656, ref_stop_time: 2114964168032356, actual_exe_time: 26700, task_app_start_time:2114963155753773, task_sched_time:2114964167999236
app_id: 4, app_name: pulse_doppler_api-aarch64, task_id: 386, task_name: DASH_ZIP, resource_name: zip1, ref_start_time: 2114964177321377, ref_stop_time: 2114964177378197, actual_exe_time: 56820, task_app_start_time:2114963155753773, task_sched_time:2114964177315437
app_id: 4, app_name: pulse_doppler_api-aarch64, task_id: 387, task_name: DASH_FFT, resource_name: cpu1, ref_start_time: 2114964181102428, ref_stop_time: 2114964181136868, actual_exe_time: 34440, task_app_start_time:2114963155753773, task_sched_time:2114964181063548
app_id: 4, app_name: pulse_doppler_api-aarch64, task_id: 388, task_name: DASH_FFT, resource_name: cpu2, ref_start_time: 2114964182043678, ref_stop_time: 2114964182068338, actual_exe_time: 24660, task_app_start_time:2114963155753773, task_sched_time:2114964182040378
app_id: 4, app_name: pulse_doppler_api-aarch64, task_id: 389, task_name: DASH_FFT, resource_name: cpu3, ref_start_time: 2114964185051599, ref_stop_time: 2114964185083369, actual_exe_time: 31770, task_app_start_time:2114963155753773, task_sched_time:2114964185044519
app_id: 4, app_name: pulse_doppler_api-aarch64, task_id: 390, task_name: DASH_ZIP, resource_name: zip1, ref_start_time: 2114964195381170, ref_stop_time: 2114964195430640, actual_exe_time: 49470, task_app_start_time:2114963155753773, task_sched_time:2114964193042520
app_id: 4, app_name: pulse_doppler_api-aarch64, task_id: 391, task_name: DASH_FFT, resource_name: cpu1, ref_start_time: 2114964195711410, ref_stop_time: 2114964195743090, actual_exe_time: 31680, task_app_start_time:2114963155753773, task_sched_time:2114964195701840
app_id: 4, app_name: pulse_doppler_api-aarch64, task_id: 392, task_name: DASH_FFT, resource_name: cpu2, ref_start_time: 2114964197234631, ref_stop_time: 2114964197265141, actual_exe_time: 30510, task_app_start_time:2114963155753773, task_sched_time:2114964197225421
app_id: 4, app_name: pulse_doppler_api-aarch64, task_id: 393, task_name: DASH_FFT, resource_name: cpu3, ref_start_time: 2114964201772491, ref_stop_time: 2114964201802131, actual_exe_time: 29640, task_app_start_time:2114963155753773, task_sched_time:2114964201764871
app_id: 4, app_name: pulse_doppler_api-aarch64, task_id: 394, task_name: DASH_ZIP, resource_name: zip1, ref_start_time: 2114964205146292, ref_stop_time: 2114964205189222, actual_exe_time: 42930, task_app_start_time:2114963155753773, task_sched_time:2114964205139602
app_id: 4, app_name: pulse_doppler_api-aarch64, task_id: 395, task_name: DASH_FFT, resource_name: cpu1, ref_start_time: 2114964209045753, ref_stop_time: 2114964209077313, actual_exe_time: 31560, task_app_start_time:2114963155753773, task_sched_time:2114964209029703
app_id: 4, app_name: pulse_doppler_api-aarch64, task_id: 396, task_name: DASH_FFT, resource_name: cpu2, ref_start_time: 2114964211031633, ref_stop_time: 2114964211057763, actual_exe_time: 26130, task_app_start_time:2114963155753773, task_sched_time:2114964210896063
app_id: 4, app_name: pulse_doppler_api-aarch64, task_id: 397, task_name: DASH_FFT, resource_name: cpu3, ref_start_time: 2114964211264823, ref_stop_time: 2114964211287083, actual_exe_time: 22260, task_app_start_time:2114963155753773, task_sched_time:2114964211259063
app_id: 4, app_name: pulse_doppler_api-aarch64, task_id: 398, task_name: DASH_ZIP, resource_name: zip1, ref_start_time: 2114964217026504, ref_stop_time: 2114964217078944, actual_exe_time: 52440, task_app_start_time:2114963155753773, task_sched_time:2114964216991674
app_id: 4, app_name: pulse_doppler_api-aarch64, task_id: 399, task_name: DASH_FFT, resource_name: cpu1, ref_start_time: 2114964217866534, ref_stop_time: 2114964217897494, actual_exe_time: 30960, task_app_start_time:2114963155753773, task_sched_time:2114964217862214
app_id: 4, app_name: pulse_doppler_api-aarch64, task_id: 400, task_name: DASH_FFT, resource_name: cpu2, ref_start_time: 2114964221006304, ref_stop_time: 2114964221034084, actual_exe_time: 27780, task_app_start_time:2114963155753773, task_sched_time:2114964220997814
app_id: 4, app_name: pulse_doppler_api-aarch64, task_id: 401, task_name: DASH_FFT, resource_name: cpu3, ref_start_time: 2114964225547165, ref_stop_time: 2114964225571825, actual_exe_time: 24660, task_app_start_time:2114963155753773, task_sched_time:2114964225541765
app_id: 4, app_name: pulse_doppler_api-aarch64, task_id: 402, task_name: DASH_ZIP, resource_name: zip1, ref_start_time: 2114964226635355, ref_stop_time: 2114964226678825, actual_exe_time: 43470, task_app_start_time:2114963155753773, task_sched_time:2114964226629925
app_id: 4, app_name: pulse_doppler_api-aarch64, task_id: 403, task_name: DASH_FFT, resource_name: cpu1, ref_start_time: 2114964227362826, ref_stop_time: 2114964227392376, actual_exe_time: 29550, task_app_start_time:2114963155753773, task_sched_time:2114964227309066
app_id: 4, app_name: pulse_doppler_api-aarch64, task_id: 404, task_name: DASH_FFT, resource_name: cpu2, ref_start_time: 2114964233053256, ref_stop_time: 2114964233089046, actual_exe_time: 35790, task_app_start_time:2114963155753773, task_sched_time:2114964233045396
app_id: 4, app_name: pulse_doppler_api-aarch64, task_id: 405, task_name: DASH_FFT, resource_name: cpu3, ref_start_time: 2114964237014607, ref_stop_time: 2114964237041697, actual_exe_time: 27090, task_app_start_time:2114963155753773, task_sched_time:2114964237007167
app_id: 4, app_name: pulse_doppler_api-aarch64, task_id: 406, task_name: DASH_ZIP, resource_name: zip1, ref_start_time: 2114964237345987, ref_stop_time: 2114964237386577, actual_exe_time: 40590, task_app_start_time:2114963155753773, task_sched_time:2114964237340167
app_id: 4, app_name: pulse_doppler_api-aarch64, task_id: 407, task_name: DASH_FFT, resource_name: cpu1, ref_start_time: 2114964241069888, ref_stop_time: 2114964241100398, actual_exe_time: 30510, task_app_start_time:2114963155753773, task_sched_time:2114964241057378
app_id: 4, app_name: pulse_doppler_api-aarch64, task_id: 408, task_name: DASH_FFT, resource_name: cpu2, ref_start_time: 2114964242820988, ref_stop_time: 2114964242847958, actual_exe_time: 26970, task_app_start_time:2114963155753773, task_sched_time:2114964242647768
app_id: 4, app_name: pulse_doppler_api-aarch64, task_id: 409, task_name: DASH_FFT, resource_name: cpu3, ref_start_time: 2114964249398159, ref_stop_time: 2114964249429959, actual_exe_time: 31800, task_app_start_time:2114963155753773, task_sched_time:2114964249391709
app_id: 4, app_name: pulse_doppler_api-aarch64, task_id: 410, task_name: DASH_ZIP, resource_name: zip1, ref_start_time: 2114964250258139, ref_stop_time: 2114964250298699, actual_exe_time: 40560, task_app_start_time:2114963155753773, task_sched_time:2114964250254689
app_id: 4, app_name: pulse_doppler_api-aarch64, task_id: 411, task_name: DASH_FFT, resource_name: cpu1, ref_start_time: 2114964250547819, ref_stop_time: 2114964250576289, actual_exe_time: 28470, task_app_start_time:2114963155753773, task_sched_time:2114964250544819
app_id: 4, app_name: pulse_doppler_api-aarch64, task_id: 412, task_name: DASH_FFT, resource_name: cpu2, ref_start_time: 2114964257027250, ref_stop_time: 2114964257058210, actual_exe_time: 30960, task_app_start_time:2114963155753773, task_sched_time:2114964257020620
app_id: 4, app_name: pulse_doppler_api-aarch64, task_id: 413, task_name: DASH_FFT, resource_name: cpu3, ref_start_time: 2114964257738340, ref_stop_time: 2114964257760330, actual_exe_time: 21990, task_app_start_time:2114963155753773, task_sched_time:2114964257733990
app_id: 4, app_name: pulse_doppler_api-aarch64, task_id: 414, task_name: DASH_ZIP, resource_name: zip1, ref_start_time: 2114964258492901, ref_stop_time: 2114964258533611, actual_exe_time: 40710, task_app_start_time:2114963155753773, task_sched_time:2114964258485581
app_id: 4, app_name: pulse_doppler_api-aarch64, task_id: 415, task_name: DASH_FFT, resource_name: cpu1, ref_start_time: 2114964258817351, ref_stop_time: 2114964258848431, actual_exe_time: 31080, task_app_start_time:2114963155753773, task_sched_time:2114964258807451
app_id: 4, app_name: pulse_doppler_api-aarch64, task_id: 416, task_name: DASH_FFT, resource_name: cpu2, ref_start_time: 2114964264993302, ref_stop_time: 2114964265027562, actual_exe_time: 34260, task_app_start_time:2114963155753773, task_sched_time:2114964264984302
app_id: 4, app_name: pulse_doppler_api-aarch64, task_id: 417, task_name: DASH_FFT, resource_name: cpu3, ref_start_time: 2114964268993802, ref_stop_time: 2114964269018042, actual_exe_time: 24240, task_app_start_time:2114963155753773, task_sched_time:2114964268989362
app_id: 4, app_name: pulse_doppler_api-aarch64, task_id: 418, task_name: DASH_ZIP, resource_name: zip1, ref_start_time: 2114964272282103, ref_stop_time: 2114964272324163, actual_exe_time: 42060, task_app_start_time:2114963155753773, task_sched_time:2114964272275563
app_id: 4, app_name: pulse_doppler_api-aarch64, task_id: 419, task_name: DASH_FFT, resource_name: cpu1, ref_start_time: 2114964277186354, ref_stop_time: 2114964277470814, actual_exe_time: 284460, task_app_start_time:2114963155753773, task_sched_time:2114964277179184
app_id: 4, app_name: pulse_doppler_api-aarch64, task_id: 420, task_name: DASH_FFT, resource_name: cpu2, ref_start_time: 2114964277847524, ref_stop_time: 2114964277872064, actual_exe_time: 24540, task_app_start_time:2114963155753773, task_sched_time:2114964277725454
app_id: 4, app_name: pulse_doppler_api-aarch64, task_id: 421, task_name: DASH_FFT, resource_name: cpu3, ref_start_time: 2114964286041635, ref_stop_time: 2114964286072985, actual_exe_time: 31350, task_app_start_time:2114963155753773, task_sched_time:2114964286033385
app_id: 4, app_name: pulse_doppler_api-aarch64, task_id: 422, task_name: DASH_ZIP, resource_name: zip1, ref_start_time: 2114964289445706, ref_stop_time: 2114964289490076, actual_exe_time: 44370, task_app_start_time:2114963155753773, task_sched_time:2114964289435506
app_id: 4, app_name: pulse_doppler_api-aarch64, task_id: 423, task_name: DASH_FFT, resource_name: cpu1, ref_start_time: 2114964297136237, ref_stop_time: 2114964297171907, actual_exe_time: 35670, task_app_start_time:2114963155753773, task_sched_time:2114964297131047
app_id: 4, app_name: pulse_doppler_api-aarch64, task_id: 424, task_name: DASH_FFT, resource_name: cpu2, ref_start_time: 2114964300391267, ref_stop_time: 2114964300420217, actual_exe_time: 28950, task_app_start_time:2114963155753773, task_sched_time:2114964300223177
app_id: 4, app_name: pulse_doppler_api-aarch64, task_id: 425, task_name: DASH_FFT, resource_name: cpu3, ref_start_time: 2114964300644917, ref_stop_time: 2114964300667447, actual_exe_time: 22530, task_app_start_time:2114963155753773, task_sched_time:2114964300640657
app_id: 4, app_name: pulse_doppler_api-aarch64, task_id: 426, task_name: DASH_ZIP, resource_name: zip1, ref_start_time: 2114964309271359, ref_stop_time: 2114964309320859, actual_exe_time: 49500, task_app_start_time:2114963155753773, task_sched_time:2114964309261309
app_id: 4, app_name: pulse_doppler_api-aarch64, task_id: 427, task_name: DASH_FFT, resource_name: cpu1, ref_start_time: 2114964314185539, ref_stop_time: 2114964314221269, actual_exe_time: 35730, task_app_start_time:2114963155753773, task_sched_time:2114964313045689
app_id: 4, app_name: pulse_doppler_api-aarch64, task_id: 428, task_name: DASH_FFT, resource_name: cpu2, ref_start_time: 2114964315015880, ref_stop_time: 2114964315259780, actual_exe_time: 243900, task_app_start_time:2114963155753773, task_sched_time:2114964314984350
app_id: 4, app_name: pulse_doppler_api-aarch64, task_id: 429, task_name: DASH_FFT, resource_name: cpu3, ref_start_time: 2114964321368441, ref_stop_time: 2114964321398591, actual_exe_time: 30150, task_app_start_time:2114963155753773, task_sched_time:2114964321357971
app_id: 4, app_name: pulse_doppler_api-aarch64, task_id: 430, task_name: DASH_ZIP, resource_name: zip1, ref_start_time: 2114964321706811, ref_stop_time: 2114964321747731, actual_exe_time: 40920, task_app_start_time:2114963155753773, task_sched_time:2114964321699011
app_id: 4, app_name: pulse_doppler_api-aarch64, task_id: 431, task_name: DASH_FFT, resource_name: cpu1, ref_start_time: 2114964325047641, ref_stop_time: 2114964325078931, actual_exe_time: 31290, task_app_start_time:2114963155753773, task_sched_time:2114964325044161
app_id: 4, app_name: pulse_doppler_api-aarch64, task_id: 432, task_name: DASH_FFT, resource_name: cpu2, ref_start_time: 2114964328994202, ref_stop_time: 2114964329020722, actual_exe_time: 26520, task_app_start_time:2114963155753773, task_sched_time:2114964328985622
app_id: 4, app_name: pulse_doppler_api-aarch64, task_id: 433, task_name: DASH_FFT, resource_name: cpu3, ref_start_time: 2114964330535962, ref_stop_time: 2114964330558942, actual_exe_time: 22980, task_app_start_time:2114963155753773, task_sched_time:2114964330528042
app_id: 4, app_name: pulse_doppler_api-aarch64, task_id: 434, task_name: DASH_ZIP, resource_name: zip1, ref_start_time: 2114964333788863, ref_stop_time: 2114964333834013, actual_exe_time: 45150, task_app_start_time:2114963155753773, task_sched_time:2114964333781873
app_id: 4, app_name: pulse_doppler_api-aarch64, task_id: 435, task_name: DASH_FFT, resource_name: cpu1, ref_start_time: 2114964335920273, ref_stop_time: 2114964335955463, actual_exe_time: 35190, task_app_start_time:2114963155753773, task_sched_time:2114964335911813
app_id: 4, app_name: pulse_doppler_api-aarch64, task_id: 436, task_name: DASH_FFT, resource_name: cpu2, ref_start_time: 2114964336991453, ref_stop_time: 2114964337019713, actual_exe_time: 28260, task_app_start_time:2114963155753773, task_sched_time:2114964336984823
app_id: 4, app_name: pulse_doppler_api-aarch64, task_id: 437, task_name: DASH_FFT, resource_name: cpu3, ref_start_time: 2114964337690123, ref_stop_time: 2114964337711873, actual_exe_time: 21750, task_app_start_time:2114963155753773, task_sched_time:2114964337687183
app_id: 4, app_name: pulse_doppler_api-aarch64, task_id: 438, task_name: DASH_ZIP, resource_name: zip1, ref_start_time: 2114964338581213, ref_stop_time: 2114964338622013, actual_exe_time: 40800, task_app_start_time:2114963155753773, task_sched_time:2114964338574373
app_id: 4, app_name: pulse_doppler_api-aarch64, task_id: 439, task_name: DASH_FFT, resource_name: cpu1, ref_start_time: 2114964339647924, ref_stop_time: 2114964339677684, actual_exe_time: 29760, task_app_start_time:2114963155753773, task_sched_time:2114964339634664
app_id: 4, app_name: pulse_doppler_api-aarch64, task_id: 440, task_name: DASH_FFT, resource_name: cpu2, ref_start_time: 2114964340974404, ref_stop_time: 2114964341000594, actual_exe_time: 26190, task_app_start_time:2114963155753773, task_sched_time:2114964340608854
app_id: 4, app_name: pulse_doppler_api-aarch64, task_id: 441, task_name: DASH_FFT, resource_name: cpu3, ref_start_time: 2114964341520674, ref_stop_time: 2114964341541554, actual_exe_time: 20880, task_app_start_time:2114963155753773, task_sched_time:2114964341515064
app_id: 4, app_name: pulse_doppler_api-aarch64, task_id: 442, task_name: DASH_ZIP, resource_name: zip1, ref_start_time: 2114964342568334, ref_stop_time: 2114964342608054, actual_exe_time: 39720, task_app_start_time:2114963155753773, task_sched_time:2114964342558554
app_id: 4, app_name: pulse_doppler_api-aarch64, task_id: 443, task_name: DASH_FFT, resource_name: cpu1, ref_start_time: 2114964343372424, ref_stop_time: 2114964343398944, actual_exe_time: 26520, task_app_start_time:2114963155753773, task_sched_time:2114964343369814
app_id: 4, app_name: pulse_doppler_api-aarch64, task_id: 444, task_name: DASH_FFT, resource_name: cpu2, ref_start_time: 2114964344951804, ref_stop_time: 2114964344978174, actual_exe_time: 26370, task_app_start_time:2114963155753773, task_sched_time:2114964343861994
app_id: 4, app_name: pulse_doppler_api-aarch64, task_id: 445, task_name: DASH_FFT, resource_name: cpu3, ref_start_time: 2114964345976305, ref_stop_time: 2114964345998085, actual_exe_time: 21780, task_app_start_time:2114963155753773, task_sched_time:2114964345971685
app_id: 4, app_name: pulse_doppler_api-aarch64, task_id: 446, task_name: DASH_ZIP, resource_name: zip1, ref_start_time: 2114964347217375, ref_stop_time: 2114964347257305, actual_exe_time: 39930, task_app_start_time:2114963155753773, task_sched_time:2114964347213385
app_id: 4, app_name: pulse_doppler_api-aarch64, task_id: 447, task_name: DASH_FFT, resource_name: cpu1, ref_start_time: 2114964348045375, ref_stop_time: 2114964348073185, actual_exe_time: 27810, task_app_start_time:2114963155753773, task_sched_time:2114964348031515
app_id: 4, app_name: pulse_doppler_api-aarch64, task_id: 448, task_name: DASH_FFT, resource_name: cpu2, ref_start_time: 2114964349015185, ref_stop_time: 2114964349042095, actual_exe_time: 26910, task_app_start_time:2114963155753773, task_sched_time:2114964349006755
app_id: 4, app_name: pulse_doppler_api-aarch64, task_id: 449, task_name: DASH_FFT, resource_name: cpu3, ref_start_time: 2114964351747616, ref_stop_time: 2114964351776146, actual_exe_time: 28530, task_app_start_time:2114963155753773, task_sched_time:2114964349655655
app_id: 4, app_name: pulse_doppler_api-aarch64, task_id: 450, task_name: DASH_ZIP, resource_name: zip1, ref_start_time: 2114964352621876, ref_stop_time: 2114964352663876, actual_exe_time: 42000, task_app_start_time:2114963155753773, task_sched_time:2114964352615426
app_id: 4, app_name: pulse_doppler_api-aarch64, task_id: 451, task_name: DASH_FFT, resource_name: cpu1, ref_start_time: 2114964357924137, ref_stop_time: 2114964357960137, actual_exe_time: 36000, task_app_start_time:2114963155753773, task_sched_time:2114964357911717
app_id: 4, app_name: pulse_doppler_api-aarch64, task_id: 452, task_name: DASH_FFT, resource_name: cpu2, ref_start_time: 2114964361027757, ref_stop_time: 2114964361051247, actual_exe_time: 23490, task_app_start_time:2114963155753773, task_sched_time:2114964361022087
app_id: 4, app_name: pulse_doppler_api-aarch64, task_id: 453, task_name: DASH_FFT, resource_name: cpu3, ref_start_time: 2114964361694147, ref_stop_time: 2114964361717157, actual_exe_time: 23010, task_app_start_time:2114963155753773, task_sched_time:2114964361684727
app_id: 4, app_name: pulse_doppler_api-aarch64, task_id: 454, task_name: DASH_ZIP, resource_name: zip1, ref_start_time: 2114964365338698, ref_stop_time: 2114964365382678, actual_exe_time: 43980, task_app_start_time:2114963155753773, task_sched_time:2114964365334078
app_id: 4, app_name: pulse_doppler_api-aarch64, task_id: 455, task_name: DASH_FFT, resource_name: cpu1, ref_start_time: 2114964366193698, ref_stop_time: 2114964366222618, actual_exe_time: 28920, task_app_start_time:2114963155753773, task_sched_time:2114964366182748
app_id: 4, app_name: pulse_doppler_api-aarch64, task_id: 456, task_name: DASH_FFT, resource_name: cpu2, ref_start_time: 2114964367114458, ref_stop_time: 2114964367137828, actual_exe_time: 23370, task_app_start_time:2114963155753773, task_sched_time:2114964367105578
app_id: 4, app_name: pulse_doppler_api-aarch64, task_id: 457, task_name: DASH_FFT, resource_name: cpu3, ref_start_time: 2114964367886838, ref_stop_time: 2114964367909428, actual_exe_time: 22590, task_app_start_time:2114963155753773, task_sched_time:2114964367884078
app_id: 4, app_name: pulse_doppler_api-aarch64, task_id: 458, task_name: DASH_ZIP, resource_name: zip1, ref_start_time: 2114964372544579, ref_stop_time: 2114964372594979, actual_exe_time: 50400, task_app_start_time:2114963155753773, task_sched_time:2114964372539899
app_id: 4, app_name: pulse_doppler_api-aarch64, task_id: 459, task_name: DASH_FFT, resource_name: cpu1, ref_start_time: 2114964373566379, ref_stop_time: 2114964373598869, actual_exe_time: 32490, task_app_start_time:2114963155753773, task_sched_time:2114964373559479
app_id: 4, app_name: pulse_doppler_api-aarch64, task_id: 460, task_name: DASH_FFT, resource_name: cpu2, ref_start_time: 2114964377244410, ref_stop_time: 2114964377273120, actual_exe_time: 28710, task_app_start_time:2114963155753773, task_sched_time:2114964374003359
app_id: 4, app_name: pulse_doppler_api-aarch64, task_id: 461, task_name: DASH_FFT, resource_name: cpu3, ref_start_time: 2114964378321980, ref_stop_time: 2114964378345140, actual_exe_time: 23160, task_app_start_time:2114963155753773, task_sched_time:2114964378314630
app_id: 4, app_name: pulse_doppler_api-aarch64, task_id: 462, task_name: DASH_ZIP, resource_name: zip1, ref_start_time: 2114964379068110, ref_stop_time: 2114964379109870, actual_exe_time: 41760, task_app_start_time:2114963155753773, task_sched_time:2114964379058450
app_id: 4, app_name: pulse_doppler_api-aarch64, task_id: 463, task_name: DASH_FFT, resource_name: cpu1, ref_start_time: 2114964379611290, ref_stop_time: 2114964379638590, actual_exe_time: 27300, task_app_start_time:2114963155753773, task_sched_time:2114964379602320
app_id: 4, app_name: pulse_doppler_api-aarch64, task_id: 464, task_name: DASH_FFT, resource_name: cpu2, ref_start_time: 2114964382292870, ref_stop_time: 2114964382320530, actual_exe_time: 27660, task_app_start_time:2114963155753773, task_sched_time:2114964380604230
app_id: 4, app_name: pulse_doppler_api-aarch64, task_id: 465, task_name: DASH_FFT, resource_name: cpu3, ref_start_time: 2114964382974201, ref_stop_time: 2114964382995651, actual_exe_time: 21450, task_app_start_time:2114963155753773, task_sched_time:2114964382970181
app_id: 4, app_name: pulse_doppler_api-aarch64, task_id: 466, task_name: DASH_ZIP, resource_name: zip1, ref_start_time: 2114964387043521, ref_stop_time: 2114964387090891, actual_exe_time: 47370, task_app_start_time:2114963155753773, task_sched_time:2114964383878281
app_id: 4, app_name: pulse_doppler_api-aarch64, task_id: 467, task_name: DASH_FFT, resource_name: cpu1, ref_start_time: 2114964393044812, ref_stop_time: 2114964393084592, actual_exe_time: 39780, task_app_start_time:2114963155753773, task_sched_time:2114964393032752
app_id: 4, app_name: pulse_doppler_api-aarch64, task_id: 468, task_name: DASH_FFT, resource_name: cpu2, ref_start_time: 2114964397173083, ref_stop_time: 2114964397201853, actual_exe_time: 28770, task_app_start_time:2114963155753773, task_sched_time:2114964397167173
app_id: 4, app_name: pulse_doppler_api-aarch64, task_id: 469, task_name: DASH_FFT, resource_name: cpu3, ref_start_time: 2114964397727783, ref_stop_time: 2114964397751543, actual_exe_time: 23760, task_app_start_time:2114963155753773, task_sched_time:2114964397724093
app_id: 4, app_name: pulse_doppler_api-aarch64, task_id: 470, task_name: DASH_ZIP, resource_name: zip1, ref_start_time: 2114964399881723, ref_stop_time: 2114964399923843, actual_exe_time: 42120, task_app_start_time:2114963155753773, task_sched_time:2114964399877613
app_id: 4, app_name: pulse_doppler_api-aarch64, task_id: 471, task_name: DASH_FFT, resource_name: cpu1, ref_start_time: 2114964400690403, ref_stop_time: 2114964400721243, actual_exe_time: 30840, task_app_start_time:2114963155753773, task_sched_time:2114964400685063
app_id: 4, app_name: pulse_doppler_api-aarch64, task_id: 472, task_name: DASH_FFT, resource_name: cpu2, ref_start_time: 2114964401607324, ref_stop_time: 2114964401633544, actual_exe_time: 26220, task_app_start_time:2114963155753773, task_sched_time:2114964401596794
app_id: 4, app_name: pulse_doppler_api-aarch64, task_id: 473, task_name: DASH_FFT, resource_name: cpu3, ref_start_time: 2114964404974794, ref_stop_time: 2114964405007494, actual_exe_time: 32700, task_app_start_time:2114963155753773, task_sched_time:2114964402563484
app_id: 4, app_name: pulse_doppler_api-aarch64, task_id: 474, task_name: DASH_ZIP, resource_name: zip1, ref_start_time: 2114964405934284, ref_stop_time: 2114964405976224, actual_exe_time: 41940, task_app_start_time:2114963155753773, task_sched_time:2114964405929754
app_id: 4, app_name: pulse_doppler_api-aarch64, task_id: 475, task_name: DASH_FFT, resource_name: cpu1, ref_start_time: 2114964407000874, ref_stop_time: 2114964407028204, actual_exe_time: 27330, task_app_start_time:2114963155753773, task_sched_time:2114964406986444
app_id: 4, app_name: pulse_doppler_api-aarch64, task_id: 476, task_name: DASH_FFT, resource_name: cpu2, ref_start_time: 2114964408070255, ref_stop_time: 2114964408092845, actual_exe_time: 22590, task_app_start_time:2114963155753773, task_sched_time:2114964408066865
app_id: 4, app_name: pulse_doppler_api-aarch64, task_id: 477, task_name: DASH_FFT, resource_name: cpu3, ref_start_time: 2114964412986925, ref_stop_time: 2114964413016835, actual_exe_time: 29910, task_app_start_time:2114963155753773, task_sched_time:2114964408737785
app_id: 4, app_name: pulse_doppler_api-aarch64, task_id: 478, task_name: DASH_ZIP, resource_name: zip1, ref_start_time: 2114964413975636, ref_stop_time: 2114964414017756, actual_exe_time: 42120, task_app_start_time:2114963155753773, task_sched_time:2114964413967656
app_id: 4, app_name: pulse_doppler_api-aarch64, task_id: 479, task_name: DASH_FFT, resource_name: cpu1, ref_start_time: 2114964414857516, ref_stop_time: 2114964414885536, actual_exe_time: 28020, task_app_start_time:2114963155753773, task_sched_time:2114964414849626
app_id: 4, app_name: pulse_doppler_api-aarch64, task_id: 480, task_name: DASH_FFT, resource_name: cpu2, ref_start_time: 2114964415877636, ref_stop_time: 2114964415901996, actual_exe_time: 24360, task_app_start_time:2114963155753773, task_sched_time:2114964415871096
app_id: 4, app_name: pulse_doppler_api-aarch64, task_id: 481, task_name: DASH_FFT, resource_name: cpu3, ref_start_time: 2114964416856986, ref_stop_time: 2114964416882456, actual_exe_time: 25470, task_app_start_time:2114963155753773, task_sched_time:2114964416847086
app_id: 4, app_name: pulse_doppler_api-aarch64, task_id: 482, task_name: DASH_ZIP, resource_name: zip1, ref_start_time: 2114964417885356, ref_stop_time: 2114964417928976, actual_exe_time: 43620, task_app_start_time:2114963155753773, task_sched_time:2114964417878966
app_id: 4, app_name: pulse_doppler_api-aarch64, task_id: 483, task_name: DASH_FFT, resource_name: cpu1, ref_start_time: 2114964418758386, ref_stop_time: 2114964418788506, actual_exe_time: 30120, task_app_start_time:2114963155753773, task_sched_time:2114964418753436
app_id: 4, app_name: pulse_doppler_api-aarch64, task_id: 484, task_name: DASH_FFT, resource_name: cpu2, ref_start_time: 2114964420802107, ref_stop_time: 2114964420831867, actual_exe_time: 29760, task_app_start_time:2114963155753773, task_sched_time:2114964419660846
app_id: 4, app_name: pulse_doppler_api-aarch64, task_id: 485, task_name: DASH_FFT, resource_name: cpu3, ref_start_time: 2114964421655997, ref_stop_time: 2114964421678347, actual_exe_time: 22350, task_app_start_time:2114963155753773, task_sched_time:2114964421647027
app_id: 4, app_name: pulse_doppler_api-aarch64, task_id: 486, task_name: DASH_ZIP, resource_name: zip1, ref_start_time: 2114964422899797, ref_stop_time: 2114964422941797, actual_exe_time: 42000, task_app_start_time:2114963155753773, task_sched_time:2114964422890167
app_id: 4, app_name: pulse_doppler_api-aarch64, task_id: 487, task_name: DASH_FFT, resource_name: cpu1, ref_start_time: 2114964423917817, ref_stop_time: 2114964423947457, actual_exe_time: 29640, task_app_start_time:2114963155753773, task_sched_time:2114964423908277
app_id: 4, app_name: pulse_doppler_api-aarch64, task_id: 488, task_name: DASH_FFT, resource_name: cpu2, ref_start_time: 2114964424964817, ref_stop_time: 2114964424991487, actual_exe_time: 26670, task_app_start_time:2114963155753773, task_sched_time:2114964424499817
app_id: 4, app_name: pulse_doppler_api-aarch64, task_id: 489, task_name: DASH_FFT, resource_name: cpu3, ref_start_time: 2114964425612337, ref_stop_time: 2114964425635407, actual_exe_time: 23070, task_app_start_time:2114963155753773, task_sched_time:2114964425609187
app_id: 4, app_name: pulse_doppler_api-aarch64, task_id: 490, task_name: DASH_ZIP, resource_name: zip1, ref_start_time: 2114964426669358, ref_stop_time: 2114964426710128, actual_exe_time: 40770, task_app_start_time:2114963155753773, task_sched_time:2114964426662938
app_id: 4, app_name: pulse_doppler_api-aarch64, task_id: 491, task_name: DASH_FFT, resource_name: cpu1, ref_start_time: 2114964427538158, ref_stop_time: 2114964427565968, actual_exe_time: 27810, task_app_start_time:2114963155753773, task_sched_time:2114964427533988
app_id: 4, app_name: pulse_doppler_api-aarch64, task_id: 492, task_name: DASH_FFT, resource_name: cpu2, ref_start_time: 2114964429010348, ref_stop_time: 2114964429034858, actual_exe_time: 24510, task_app_start_time:2114963155753773, task_sched_time:2114964428447848
app_id: 4, app_name: pulse_doppler_api-aarch64, task_id: 493, task_name: DASH_FFT, resource_name: cpu3, ref_start_time: 2114964429624448, ref_stop_time: 2114964429645628, actual_exe_time: 21180, task_app_start_time:2114963155753773, task_sched_time:2114964429615688
app_id: 4, app_name: pulse_doppler_api-aarch64, task_id: 494, task_name: DASH_ZIP, resource_name: zip1, ref_start_time: 2114964430563628, ref_stop_time: 2114964430603978, actual_exe_time: 40350, task_app_start_time:2114963155753773, task_sched_time:2114964430558018
app_id: 4, app_name: pulse_doppler_api-aarch64, task_id: 495, task_name: DASH_FFT, resource_name: cpu1, ref_start_time: 2114964431465008, ref_stop_time: 2114964431491738, actual_exe_time: 26730, task_app_start_time:2114963155753773, task_sched_time:2114964431451538
app_id: 4, app_name: pulse_doppler_api-aarch64, task_id: 496, task_name: DASH_FFT, resource_name: cpu2, ref_start_time: 2114964432553889, ref_stop_time: 2114964432578189, actual_exe_time: 24300, task_app_start_time:2114963155753773, task_sched_time:2114964432544139
app_id: 4, app_name: pulse_doppler_api-aarch64, task_id: 497, task_name: DASH_FFT, resource_name: cpu3, ref_start_time: 2114964433381409, ref_stop_time: 2114964433403099, actual_exe_time: 21690, task_app_start_time:2114963155753773, task_sched_time:2114964433371839
app_id: 4, app_name: pulse_doppler_api-aarch64, task_id: 498, task_name: DASH_ZIP, resource_name: zip1, ref_start_time: 2114964434157779, ref_stop_time: 2114964434199029, actual_exe_time: 41250, task_app_start_time:2114963155753773, task_sched_time:2114964434152079
app_id: 4, app_name: pulse_doppler_api-aarch64, task_id: 499, task_name: DASH_FFT, resource_name: cpu1, ref_start_time: 2114964435079409, ref_stop_time: 2114964435111059, actual_exe_time: 31650, task_app_start_time:2114963155753773, task_sched_time:2114964435071219
app_id: 4, app_name: pulse_doppler_api-aarch64, task_id: 500, task_name: DASH_FFT, resource_name: cpu2, ref_start_time: 2114964436968719, ref_stop_time: 2114964436997939, actual_exe_time: 29220, task_app_start_time:2114963155753773, task_sched_time:2114964435848909
app_id: 4, app_name: pulse_doppler_api-aarch64, task_id: 501, task_name: DASH_FFT, resource_name: cpu3, ref_start_time: 2114964437532089, ref_stop_time: 2114964437554439, actual_exe_time: 22350, task_app_start_time:2114963155753773, task_sched_time:2114964437525669
app_id: 4, app_name: pulse_doppler_api-aarch64, task_id: 502, task_name: DASH_ZIP, resource_name: zip1, ref_start_time: 2114964438576480, ref_stop_time: 2114964438621540, actual_exe_time: 45060, task_app_start_time:2114963155753773, task_sched_time:2114964438572250
app_id: 4, app_name: pulse_doppler_api-aarch64, task_id: 503, task_name: DASH_FFT, resource_name: cpu1, ref_start_time: 2114964439438860, ref_stop_time: 2114964439469190, actual_exe_time: 30330, task_app_start_time:2114963155753773, task_sched_time:2114964439429080
app_id: 4, app_name: pulse_doppler_api-aarch64, task_id: 504, task_name: DASH_FFT, resource_name: cpu2, ref_start_time: 2114964440974320, ref_stop_time: 2114964441000840, actual_exe_time: 26520, task_app_start_time:2114963155753773, task_sched_time:2114964440414820
app_id: 4, app_name: pulse_doppler_api-aarch64, task_id: 505, task_name: DASH_FFT, resource_name: cpu3, ref_start_time: 2114964441594900, ref_stop_time: 2114964441616890, actual_exe_time: 21990, task_app_start_time:2114963155753773, task_sched_time:2114964441584190
app_id: 4, app_name: pulse_doppler_api-aarch64, task_id: 506, task_name: DASH_ZIP, resource_name: zip1, ref_start_time: 2114964442550100, ref_stop_time: 2114964442590270, actual_exe_time: 40170, task_app_start_time:2114963155753773, task_sched_time:2114964442545450
app_id: 4, app_name: pulse_doppler_api-aarch64, task_id: 507, task_name: DASH_FFT, resource_name: cpu1, ref_start_time: 2114964443346600, ref_stop_time: 2114964443374050, actual_exe_time: 27450, task_app_start_time:2114963155753773, task_sched_time:2114964443335320
app_id: 4, app_name: pulse_doppler_api-aarch64, task_id: 508, task_name: DASH_FFT, resource_name: cpu2, ref_start_time: 2114964444958651, ref_stop_time: 2114964444984031, actual_exe_time: 25380, task_app_start_time:2114963155753773, task_sched_time:2114964444240720
app_id: 4, app_name: pulse_doppler_api-aarch64, task_id: 509, task_name: DASH_FFT, resource_name: cpu3, ref_start_time: 2114964445491121, ref_stop_time: 2114964445512091, actual_exe_time: 20970, task_app_start_time:2114963155753773, task_sched_time:2114964445487821
app_id: 4, app_name: pulse_doppler_api-aarch64, task_id: 510, task_name: DASH_ZIP, resource_name: zip1, ref_start_time: 2114964446595151, ref_stop_time: 2114964446635381, actual_exe_time: 40230, task_app_start_time:2114963155753773, task_sched_time:2114964446587651
app_id: 4, app_name: pulse_doppler_api-aarch64, task_id: 511, task_name: DASH_FFT, resource_name: cpu1, ref_start_time: 2114964447357391, ref_stop_time: 2114964447385141, actual_exe_time: 27750, task_app_start_time:2114963155753773, task_sched_time:2114964447349801
