app_id: 0, app_name: pulse_doppler_api-aarch64, task_id: 0, task_name: DASH_FFT, resource_name: cpu1, ref_start_time: 2119848333138577, ref_stop_time: 2119848333359347, actual_exe_time: 220770, task_app_start_time:2119848319684985, task_sched_time:2119848333131827
app_id: 0, app_name: pulse_doppler_api-aarch64, task_id: 1, task_name: DASH_FFT, resource_name: cpu2, ref_start_time: 2119848337609838, ref_stop_time: 2119848337721318, actual_exe_time: 111480, task_app_start_time:2119848319684985, task_sched_time:2119848337597418
app_id: 0, app_name: pulse_doppler_api-aarch64, task_id: 2, task_name: DASH_ZIP, resource_name: cpu3, ref_start_time: 2119848342332348, ref_stop_time: 2119848342359288, actual_exe_time: 26940, task_app_start_time:2119848319684985, task_sched_time:2119848338526548
app_id: 0, app_name: pulse_doppler_api-aarch64, task_id: 3, task_name: DASH_FFT, resource_name: fft1, ref_start_time: 2119848343028979, ref_stop_time: 2119848343119129, actual_exe_time: 90150, task_app_start_time:2119848319684985, task_sched_time:2119848343023519
app_id: 0, app_name: pulse_doppler_api-aarch64, task_id: 4, task_name: DASH_FFT, resource_name: fft2, ref_start_time: 2119848344383959, ref_stop_time: 2119848344432469, actual_exe_time: 48510, task_app_start_time:2119848319684985, task_sched_time:2119848344367429
app_id: 0, app_name: pulse_doppler_api-aarch64, task_id: 5, task_name: DASH_FFT, resource_name: cpu1, ref_start_time: 2119848345023739, ref_stop_time: 2119848345049929, actual_exe_time: 26190, task_app_start_time:2119848319684985, task_sched_time:2119848345019359
app_id: 0, app_name: pulse_doppler_api-aarch64, task_id: 6, task_name: DASH_ZIP, resource_name: cpu2, ref_start_time: 2119848345543909, ref_stop_time: 2119848345568689, actual_exe_time: 24780, task_app_start_time:2119848319684985, task_sched_time:2119848345535029
app_id: 0, app_name: pulse_doppler_api-aarch64, task_id: 7, task_name: DASH_FFT, resource_name: cpu3, ref_start_time: 2119848346241019, ref_stop_time: 2119848346854339, actual_exe_time: 613320, task_app_start_time:2119848319684985, task_sched_time:2119848346234719
app_id: 0, app_name: pulse_doppler_api-aarch64, task_id: 8, task_name: DASH_FFT, resource_name: fft1, ref_start_time: 2119848350504500, ref_stop_time: 2119848350537620, actual_exe_time: 33120, task_app_start_time:2119848319684985, task_sched_time:2119848350492890
app_id: 0, app_name: pulse_doppler_api-aarch64, task_id: 9, task_name: DASH_FFT, resource_name: fft2, ref_start_time: 2119848351641950, ref_stop_time: 2119848351670900, actual_exe_time: 28950, task_app_start_time:2119848319684985, task_sched_time:2119848351619900
app_id: 0, app_name: pulse_doppler_api-aarch64, task_id: 10, task_name: DASH_ZIP, resource_name: zip1, ref_start_time: 2119848354814360, ref_stop_time: 2119848354893080, actual_exe_time: 78720, task_app_start_time:2119848319684985, task_sched_time:2119848354809650
app_id: 0, app_name: pulse_doppler_api-aarch64, task_id: 11, task_name: DASH_FFT, resource_name: cpu1, ref_start_time: 2119848358623641, ref_stop_time: 2119848358652081, actual_exe_time: 28440, task_app_start_time:2119848319684985, task_sched_time:2119848358611611
app_id: 0, app_name: pulse_doppler_api-aarch64, task_id: 12, task_name: DASH_FFT, resource_name: cpu2, ref_start_time: 2119848359753531, ref_stop_time: 2119848359780021, actual_exe_time: 26490, task_app_start_time:2119848319684985, task_sched_time:2119848359742611
app_id: 0, app_name: pulse_doppler_api-aarch64, task_id: 13, task_name: DASH_FFT, resource_name: cpu3, ref_start_time: 2119848362630262, ref_stop_time: 2119848362653632, actual_exe_time: 23370, task_app_start_time:2119848319684985, task_sched_time:2119848362626902
app_id: 0, app_name: pulse_doppler_api-aarch64, task_id: 14, task_name: DASH_ZIP, resource_name: zip1, ref_start_time: 2119848363254772, ref_stop_time: 2119848363295302, actual_exe_time: 40530, task_app_start_time:2119848319684985, task_sched_time:2119848363250542
app_id: 0, app_name: pulse_doppler_api-aarch64, task_id: 15, task_name: DASH_FFT, resource_name: cpu1, ref_start_time: 2119848364335282, ref_stop_time: 2119848364358592, actual_exe_time: 23310, task_app_start_time:2119848319684985, task_sched_time:2119848364325232
app_id: 0, app_name: pulse_doppler_api-aarch64, task_id: 16, task_name: DASH_FFT, resource_name: cpu2, ref_start_time: 2119848365593242, ref_stop_time: 2119848365620152, actual_exe_time: 26910, task_app_start_time:2119848319684985, task_sched_time:2119848365584452
app_id: 0, app_name: pulse_doppler_api-aarch64, task_id: 17, task_name: DASH_FFT, resource_name: cpu3, ref_start_time: 2119848370621813, ref_stop_time: 2119848370652833, actual_exe_time: 31020, task_app_start_time:2119848319684985, task_sched_time:2119848370613323
app_id: 0, app_name: pulse_doppler_api-aarch64, task_id: 18, task_name: DASH_ZIP, resource_name: zip1, ref_start_time: 2119848371377243, ref_stop_time: 2119848371418193, actual_exe_time: 40950, task_app_start_time:2119848319684985, task_sched_time:2119848371370013
app_id: 0, app_name: pulse_doppler_api-aarch64, task_id: 19, task_name: DASH_FFT, resource_name: cpu1, ref_start_time: 2119848371936503, ref_stop_time: 2119848371961883, actual_exe_time: 25380, task_app_start_time:2119848319684985, task_sched_time:2119848371932963
app_id: 0, app_name: pulse_doppler_api-aarch64, task_id: 20, task_name: DASH_FFT, resource_name: cpu2, ref_start_time: 2119848374688734, ref_stop_time: 2119848374717474, actual_exe_time: 28740, task_app_start_time:2119848319684985, task_sched_time:2119848374674514
app_id: 0, app_name: pulse_doppler_api-aarch64, task_id: 21, task_name: DASH_FFT, resource_name: cpu3, ref_start_time: 2119848378517694, ref_stop_time: 2119848378539594, actual_exe_time: 21900, task_app_start_time:2119848319684985, task_sched_time:2119848378512714
app_id: 0, app_name: pulse_doppler_api-aarch64, task_id: 22, task_name: DASH_ZIP, resource_name: zip1, ref_start_time: 2119848379130894, ref_stop_time: 2119848379171184, actual_exe_time: 40290, task_app_start_time:2119848319684985, task_sched_time:2119848379127474
app_id: 0, app_name: pulse_doppler_api-aarch64, task_id: 23, task_name: DASH_FFT, resource_name: cpu1, ref_start_time: 2119848379671374, ref_stop_time: 2119848379695374, actual_exe_time: 24000, task_app_start_time:2119848319684985, task_sched_time:2119848379658594
app_id: 0, app_name: pulse_doppler_api-aarch64, task_id: 24, task_name: DASH_FFT, resource_name: cpu2, ref_start_time: 2119848383520135, ref_stop_time: 2119848383549985, actual_exe_time: 29850, task_app_start_time:2119848319684985, task_sched_time:2119848383510625
app_id: 0, app_name: pulse_doppler_api-aarch64, task_id: 25, task_name: DASH_FFT, resource_name: cpu3, ref_start_time: 2119848386346076, ref_stop_time: 2119848386373526, actual_exe_time: 27450, task_app_start_time:2119848319684985, task_sched_time:2119848386340976
app_id: 0, app_name: pulse_doppler_api-aarch64, task_id: 26, task_name: DASH_ZIP, resource_name: zip1, ref_start_time: 2119848387037846, ref_stop_time: 2119848387079126, actual_exe_time: 41280, task_app_start_time:2119848319684985, task_sched_time:2119848387033616
app_id: 0, app_name: pulse_doppler_api-aarch64, task_id: 27, task_name: DASH_FFT, resource_name: cpu1, ref_start_time: 2119848390697966, ref_stop_time: 2119848390725596, actual_exe_time: 27630, task_app_start_time:2119848319684985, task_sched_time:2119848390686326
app_id: 0, app_name: pulse_doppler_api-aarch64, task_id: 28, task_name: DASH_FFT, resource_name: cpu2, ref_start_time: 2119848394621937, ref_stop_time: 2119848394650407, actual_exe_time: 28470, task_app_start_time:2119848319684985, task_sched_time:2119848394617317
app_id: 0, app_name: pulse_doppler_api-aarch64, task_id: 29, task_name: DASH_FFT, resource_name: cpu3, ref_start_time: 2119848395083607, ref_stop_time: 2119848395105207, actual_exe_time: 21600, task_app_start_time:2119848319684985, task_sched_time:2119848395079767
app_id: 0, app_name: pulse_doppler_api-aarch64, task_id: 30, task_name: DASH_ZIP, resource_name: zip1, ref_start_time: 2119848398787798, ref_stop_time: 2119848398829558, actual_exe_time: 41760, task_app_start_time:2119848319684985, task_sched_time:2119848398779938
app_id: 0, app_name: pulse_doppler_api-aarch64, task_id: 31, task_name: DASH_FFT, resource_name: cpu1, ref_start_time: 2119848399455298, ref_stop_time: 2119848399479598, actual_exe_time: 24300, task_app_start_time:2119848319684985, task_sched_time:2119848399442038
app_id: 0, app_name: pulse_doppler_api-aarch64, task_id: 32, task_name: DASH_FFT, resource_name: cpu2, ref_start_time: 2119848401516208, ref_stop_time: 2119848401544618, actual_exe_time: 28410, task_app_start_time:2119848319684985, task_sched_time:2119848401342388
app_id: 0, app_name: pulse_doppler_api-aarch64, task_id: 33, task_name: DASH_FFT, resource_name: cpu3, ref_start_time: 2119848406741489, ref_stop_time: 2119848406770769, actual_exe_time: 29280, task_app_start_time:2119848319684985, task_sched_time:2119848406737139
app_id: 0, app_name: pulse_doppler_api-aarch64, task_id: 34, task_name: DASH_ZIP, resource_name: zip1, ref_start_time: 2119848407585659, ref_stop_time: 2119848407627449, actual_exe_time: 41790, task_app_start_time:2119848319684985, task_sched_time:2119848407578339
app_id: 0, app_name: pulse_doppler_api-aarch64, task_id: 35, task_name: DASH_FFT, resource_name: cpu1, ref_start_time: 2119848410399719, ref_stop_time: 2119848410427499, actual_exe_time: 27780, task_app_start_time:2119848319684985, task_sched_time:2119848410388949
app_id: 0, app_name: pulse_doppler_api-aarch64, task_id: 36, task_name: DASH_FFT, resource_name: cpu2, ref_start_time: 2119848414450320, ref_stop_time: 2119848414581840, actual_exe_time: 131520, task_app_start_time:2119848319684985, task_sched_time:2119848414442730
app_id: 0, app_name: pulse_doppler_api-aarch64, task_id: 37, task_name: DASH_FFT, resource_name: cpu3, ref_start_time: 2119848418382151, ref_stop_time: 2119848418409811, actual_exe_time: 27660, task_app_start_time:2119848319684985, task_sched_time:2119848418377111
app_id: 0, app_name: pulse_doppler_api-aarch64, task_id: 38, task_name: DASH_ZIP, resource_name: zip1, ref_start_time: 2119848422758041, ref_stop_time: 2119848422801871, actual_exe_time: 43830, task_app_start_time:2119848319684985, task_sched_time:2119848422750511
app_id: 0, app_name: pulse_doppler_api-aarch64, task_id: 39, task_name: DASH_FFT, resource_name: cpu1, ref_start_time: 2119848423406461, ref_stop_time: 2119848423433671, actual_exe_time: 27210, task_app_start_time:2119848319684985, task_sched_time:2119848423359061
app_id: 0, app_name: pulse_doppler_api-aarch64, task_id: 40, task_name: DASH_FFT, resource_name: cpu2, ref_start_time: 2119848426677842, ref_stop_time: 2119848426707542, actual_exe_time: 29700, task_app_start_time:2119848319684985, task_sched_time:2119848426669652
app_id: 0, app_name: pulse_doppler_api-aarch64, task_id: 41, task_name: DASH_FFT, resource_name: cpu3, ref_start_time: 2119848430454693, ref_stop_time: 2119848430478123, actual_exe_time: 23430, task_app_start_time:2119848319684985, task_sched_time:2119848430446593
app_id: 0, app_name: pulse_doppler_api-aarch64, task_id: 42, task_name: DASH_ZIP, resource_name: zip1, ref_start_time: 2119848431021753, ref_stop_time: 2119848431061623, actual_exe_time: 39870, task_app_start_time:2119848319684985, task_sched_time:2119848431018003
app_id: 0, app_name: pulse_doppler_api-aarch64, task_id: 43, task_name: DASH_FFT, resource_name: cpu1, ref_start_time: 2119848431466233, ref_stop_time: 2119848431490053, actual_exe_time: 23820, task_app_start_time:2119848319684985, task_sched_time:2119848431412413
app_id: 0, app_name: pulse_doppler_api-aarch64, task_id: 44, task_name: DASH_FFT, resource_name: cpu2, ref_start_time: 2119848433305233, ref_stop_time: 2119848433332623, actual_exe_time: 27390, task_app_start_time:2119848319684985, task_sched_time:2119848433227443
app_id: 0, app_name: pulse_doppler_api-aarch64, task_id: 45, task_name: DASH_FFT, resource_name: cpu3, ref_start_time: 2119848436090854, ref_stop_time: 2119848436116804, actual_exe_time: 25950, task_app_start_time:2119848319684985, task_sched_time:2119848436080984
app_id: 0, app_name: pulse_doppler_api-aarch64, task_id: 46, task_name: DASH_ZIP, resource_name: zip1, ref_start_time: 2119848436405614, ref_stop_time: 2119848436446414, actual_exe_time: 40800, task_app_start_time:2119848319684985, task_sched_time:2119848436400274
app_id: 0, app_name: pulse_doppler_api-aarch64, task_id: 47, task_name: DASH_FFT, resource_name: cpu1, ref_start_time: 2119848438638724, ref_stop_time: 2119848438666714, actual_exe_time: 27990, task_app_start_time:2119848319684985, task_sched_time:2119848438622164
app_id: 0, app_name: pulse_doppler_api-aarch64, task_id: 48, task_name: DASH_FFT, resource_name: cpu2, ref_start_time: 2119848446589595, ref_stop_time: 2119848446806375, actual_exe_time: 216780, task_app_start_time:2119848319684985, task_sched_time:2119848446580655
app_id: 0, app_name: pulse_doppler_api-aarch64, task_id: 49, task_name: DASH_FFT, resource_name: cpu3, ref_start_time: 2119848447413455, ref_stop_time: 2119848447434845, actual_exe_time: 21390, task_app_start_time:2119848319684985, task_sched_time:2119848447404815
app_id: 0, app_name: pulse_doppler_api-aarch64, task_id: 50, task_name: DASH_ZIP, resource_name: zip1, ref_start_time: 2119848449126216, ref_stop_time: 2119848449166896, actual_exe_time: 40680, task_app_start_time:2119848319684985, task_sched_time:2119848449120096
app_id: 0, app_name: pulse_doppler_api-aarch64, task_id: 51, task_name: DASH_FFT, resource_name: cpu1, ref_start_time: 2119848449462336, ref_stop_time: 2119848450002936, actual_exe_time: 540600, task_app_start_time:2119848319684985, task_sched_time:2119848449452856
app_id: 0, app_name: pulse_doppler_api-aarch64, task_id: 52, task_name: DASH_FFT, resource_name: cpu2, ref_start_time: 2119848458444337, ref_stop_time: 2119848458488437, actual_exe_time: 44100, task_app_start_time:2119848319684985, task_sched_time:2119848458434827
app_id: 0, app_name: pulse_doppler_api-aarch64, task_id: 53, task_name: DASH_FFT, resource_name: cpu3, ref_start_time: 2119848458978787, ref_stop_time: 2119848459000837, actual_exe_time: 22050, task_app_start_time:2119848319684985, task_sched_time:2119848458975127
app_id: 0, app_name: pulse_doppler_api-aarch64, task_id: 54, task_name: DASH_ZIP, resource_name: zip1, ref_start_time: 2119848462919258, ref_stop_time: 2119848462960838, actual_exe_time: 41580, task_app_start_time:2119848319684985, task_sched_time:2119848462912028
app_id: 0, app_name: pulse_doppler_api-aarch64, task_id: 55, task_name: DASH_FFT, resource_name: cpu1, ref_start_time: 2119848464452078, ref_stop_time: 2119848464760388, actual_exe_time: 308310, task_app_start_time:2119848319684985, task_sched_time:2119848464444308
app_id: 0, app_name: pulse_doppler_api-aarch64, task_id: 56, task_name: DASH_FFT, resource_name: cpu2, ref_start_time: 2119848470413829, ref_stop_time: 2119848470451809, actual_exe_time: 37980, task_app_start_time:2119848319684985, task_sched_time:2119848470406929
app_id: 0, app_name: pulse_doppler_api-aarch64, task_id: 57, task_name: DASH_FFT, resource_name: cpu3, ref_start_time: 2119848470853089, ref_stop_time: 2119848470875589, actual_exe_time: 22500, task_app_start_time:2119848319684985, task_sched_time:2119848470847659
app_id: 0, app_name: pulse_doppler_api-aarch64, task_id: 58, task_name: DASH_ZIP, resource_name: zip1, ref_start_time: 2119848471144659, ref_stop_time: 2119848471185849, actual_exe_time: 41190, task_app_start_time:2119848319684985, task_sched_time:2119848471137129
app_id: 0, app_name: pulse_doppler_api-aarch64, task_id: 59, task_name: DASH_FFT, resource_name: cpu1, ref_start_time: 2119848474608340, ref_stop_time: 2119848474634170, actual_exe_time: 25830, task_app_start_time:2119848319684985, task_sched_time:2119848474567510
app_id: 0, app_name: pulse_doppler_api-aarch64, task_id: 60, task_name: DASH_FFT, resource_name: cpu2, ref_start_time: 2119848479787721, ref_stop_time: 2119848480494401, actual_exe_time: 706680, task_app_start_time:2119848319684985, task_sched_time:2119848479765041
app_id: 0, app_name: pulse_doppler_api-aarch64, task_id: 61, task_name: DASH_FFT, resource_name: cpu3, ref_start_time: 2119848486690542, ref_stop_time: 2119848486722702, actual_exe_time: 32160, task_app_start_time:2119848319684985, task_sched_time:2119848486684542
app_id: 0, app_name: pulse_doppler_api-aarch64, task_id: 62, task_name: DASH_ZIP, resource_name: zip1, ref_start_time: 2119848490448522, ref_stop_time: 2119848490490732, actual_exe_time: 42210, task_app_start_time:2119848319684985, task_sched_time:2119848490439312
app_id: 0, app_name: pulse_doppler_api-aarch64, task_id: 63, task_name: DASH_FFT, resource_name: cpu1, ref_start_time: 2119848493183203, ref_stop_time: 2119848493212813, actual_exe_time: 29610, task_app_start_time:2119848319684985, task_sched_time:2119848493175943
app_id: 0, app_name: pulse_doppler_api-aarch64, task_id: 64, task_name: DASH_FFT, resource_name: cpu2, ref_start_time: 2119848502670674, ref_stop_time: 2119848502755904, actual_exe_time: 85230, task_app_start_time:2119848319684985, task_sched_time:2119848502662634
app_id: 0, app_name: pulse_doppler_api-aarch64, task_id: 65, task_name: DASH_FFT, resource_name: cpu3, ref_start_time: 2119848510419945, ref_stop_time: 2119848510451115, actual_exe_time: 31170, task_app_start_time:2119848319684985, task_sched_time:2119848510411215
app_id: 0, app_name: pulse_doppler_api-aarch64, task_id: 66, task_name: DASH_ZIP, resource_name: zip1, ref_start_time: 2119848511034136, ref_stop_time: 2119848511075386, actual_exe_time: 41250, task_app_start_time:2119848319684985, task_sched_time:2119848511028886
app_id: 0, app_name: pulse_doppler_api-aarch64, task_id: 67, task_name: DASH_FFT, resource_name: cpu1, ref_start_time: 2119848514862526, ref_stop_time: 2119848514891746, actual_exe_time: 29220, task_app_start_time:2119848319684985, task_sched_time:2119848514854816
app_id: 0, app_name: pulse_doppler_api-aarch64, task_id: 68, task_name: DASH_FFT, resource_name: cpu2, ref_start_time: 2119848520896997, ref_stop_time: 2119848520930957, actual_exe_time: 33960, task_app_start_time:2119848319684985, task_sched_time:2119848520818847
app_id: 0, app_name: pulse_doppler_api-aarch64, task_id: 69, task_name: DASH_FFT, resource_name: cpu3, ref_start_time: 2119848526445198, ref_stop_time: 2119848526476728, actual_exe_time: 31530, task_app_start_time:2119848319684985, task_sched_time:2119848526440758
app_id: 0, app_name: pulse_doppler_api-aarch64, task_id: 70, task_name: DASH_ZIP, resource_name: zip1, ref_start_time: 2119848530868759, ref_stop_time: 2119848530911779, actual_exe_time: 43020, task_app_start_time:2119848319684985, task_sched_time:2119848530863659
app_id: 0, app_name: pulse_doppler_api-aarch64, task_id: 71, task_name: DASH_FFT, resource_name: cpu1, ref_start_time: 2119848535054989, ref_stop_time: 2119848535083699, actual_exe_time: 28710, task_app_start_time:2119848319684985, task_sched_time:2119848534996999
app_id: 0, app_name: pulse_doppler_api-aarch64, task_id: 72, task_name: DASH_FFT, resource_name: cpu2, ref_start_time: 2119848538420360, ref_stop_time: 2119848538454530, actual_exe_time: 34170, task_app_start_time:2119848319684985, task_sched_time:2119848538410700
app_id: 0, app_name: pulse_doppler_api-aarch64, task_id: 73, task_name: DASH_FFT, resource_name: cpu3, ref_start_time: 2119848542599721, ref_stop_time: 2119848542764901, actual_exe_time: 165180, task_app_start_time:2119848319684985, task_sched_time:2119848542593751
app_id: 0, app_name: pulse_doppler_api-aarch64, task_id: 74, task_name: DASH_ZIP, resource_name: zip1, ref_start_time: 2119848548769192, ref_stop_time: 2119848548967702, actual_exe_time: 198510, task_app_start_time:2119848319684985, task_sched_time:2119848548758602
app_id: 0, app_name: pulse_doppler_api-aarch64, task_id: 75, task_name: DASH_FFT, resource_name: cpu1, ref_start_time: 2119848554498173, ref_stop_time: 2119848554529973, actual_exe_time: 31800, task_app_start_time:2119848319684985, task_sched_time:2119848554487583
app_id: 0, app_name: pulse_doppler_api-aarch64, task_id: 76, task_name: DASH_FFT, resource_name: cpu2, ref_start_time: 2119848562980284, ref_stop_time: 2119848563733464, actual_exe_time: 753180, task_app_start_time:2119848319684985, task_sched_time:2119848562970894
app_id: 0, app_name: pulse_doppler_api-aarch64, task_id: 77, task_name: DASH_FFT, resource_name: cpu3, ref_start_time: 2119848566900895, ref_stop_time: 2119848566930865, actual_exe_time: 29970, task_app_start_time:2119848319684985, task_sched_time:2119848566894925
app_id: 0, app_name: pulse_doppler_api-aarch64, task_id: 78, task_name: DASH_ZIP, resource_name: zip1, ref_start_time: 2119848570505395, ref_stop_time: 2119848570549465, actual_exe_time: 44070, task_app_start_time:2119848319684985, task_sched_time:2119848570496455
app_id: 0, app_name: pulse_doppler_api-aarch64, task_id: 79, task_name: DASH_FFT, resource_name: cpu1, ref_start_time: 2119848574552486, ref_stop_time: 2119848577648576, actual_exe_time: 3096090, task_app_start_time:2119848319684985, task_sched_time:2119848574539496
app_id: 0, app_name: pulse_doppler_api-aarch64, task_id: 80, task_name: DASH_FFT, resource_name: cpu2, ref_start_time: 2119848586635708, ref_stop_time: 2119848586717428, actual_exe_time: 81720, task_app_start_time:2119848319684985, task_sched_time:2119848586627698
app_id: 0, app_name: pulse_doppler_api-aarch64, task_id: 81, task_name: DASH_FFT, resource_name: cpu3, ref_start_time: 2119848590663118, ref_stop_time: 2119848590689848, actual_exe_time: 26730, task_app_start_time:2119848319684985, task_sched_time:2119848590653548
app_id: 0, app_name: pulse_doppler_api-aarch64, task_id: 82, task_name: DASH_ZIP, resource_name: zip1, ref_start_time: 2119848594711349, ref_stop_time: 2119848594755209, actual_exe_time: 43860, task_app_start_time:2119848319684985, task_sched_time:2119848594703669
app_id: 0, app_name: pulse_doppler_api-aarch64, task_id: 83, task_name: DASH_FFT, resource_name: cpu1, ref_start_time: 2119848598471730, ref_stop_time: 2119848598503770, actual_exe_time: 32040, task_app_start_time:2119848319684985, task_sched_time:2119848598463450
app_id: 0, app_name: pulse_doppler_api-aarch64, task_id: 84, task_name: DASH_FFT, resource_name: cpu2, ref_start_time: 2119848605770491, ref_stop_time: 2119848605805471, actual_exe_time: 34980, task_app_start_time:2119848319684985, task_sched_time:2119848605693781
app_id: 0, app_name: pulse_doppler_api-aarch64, task_id: 85, task_name: DASH_FFT, resource_name: cpu3, ref_start_time: 2119848614330812, ref_stop_time: 2119848614360242, actual_exe_time: 29430, task_app_start_time:2119848319684985, task_sched_time:2119848614321962
app_id: 0, app_name: pulse_doppler_api-aarch64, task_id: 86, task_name: DASH_ZIP, resource_name: zip1, ref_start_time: 2119848614936422, ref_stop_time: 2119848614978512, actual_exe_time: 42090, task_app_start_time:2119848319684985, task_sched_time:2119848614931892
app_id: 0, app_name: pulse_doppler_api-aarch64, task_id: 87, task_name: DASH_FFT, resource_name: cpu1, ref_start_time: 2119848619504283, ref_stop_time: 2119848619535063, actual_exe_time: 30780, task_app_start_time:2119848319684985, task_sched_time:2119848619494293
app_id: 0, app_name: pulse_doppler_api-aarch64, task_id: 88, task_name: DASH_FFT, resource_name: cpu2, ref_start_time: 2119848630332275, ref_stop_time: 2119848630430075, actual_exe_time: 97800, task_app_start_time:2119848319684985, task_sched_time:2119848630323305
app_id: 0, app_name: pulse_doppler_api-aarch64, task_id: 89, task_name: DASH_FFT, resource_name: cpu3, ref_start_time: 2119848630842485, ref_stop_time: 2119848630864475, actual_exe_time: 21990, task_app_start_time:2119848319684985, task_sched_time:2119848630833215
app_id: 0, app_name: pulse_doppler_api-aarch64, task_id: 90, task_name: DASH_ZIP, resource_name: zip1, ref_start_time: 2119848633869455, ref_stop_time: 2119848633910495, actual_exe_time: 41040, task_app_start_time:2119848319684985, task_sched_time:2119848633863845
app_id: 0, app_name: pulse_doppler_api-aarch64, task_id: 91, task_name: DASH_FFT, resource_name: cpu1, ref_start_time: 2119848639203276, ref_stop_time: 2119848639234326, actual_exe_time: 31050, task_app_start_time:2119848319684985, task_sched_time:2119848639188306
app_id: 0, app_name: pulse_doppler_api-aarch64, task_id: 92, task_name: DASH_FFT, resource_name: cpu2, ref_start_time: 2119848647980378, ref_stop_time: 2119848648017368, actual_exe_time: 36990, task_app_start_time:2119848319684985, task_sched_time:2119848647889508
app_id: 0, app_name: pulse_doppler_api-aarch64, task_id: 93, task_name: DASH_FFT, resource_name: cpu3, ref_start_time: 2119848650687788, ref_stop_time: 2119848654493589, actual_exe_time: 3805801, task_app_start_time:2119848319684985, task_sched_time:2119848650679598
app_id: 0, app_name: pulse_doppler_api-aarch64, task_id: 94, task_name: DASH_ZIP, resource_name: zip1, ref_start_time: 2119848661797060, ref_stop_time: 2119848661843650, actual_exe_time: 46590, task_app_start_time:2119848319684985, task_sched_time:2119848661788930
app_id: 0, app_name: pulse_doppler_api-aarch64, task_id: 95, task_name: DASH_FFT, resource_name: cpu1, ref_start_time: 2119848662841180, ref_stop_time: 2119848662869590, actual_exe_time: 28410, task_app_start_time:2119848319684985, task_sched_time:2119848662796900
app_id: 0, app_name: pulse_doppler_api-aarch64, task_id: 96, task_name: DASH_FFT, resource_name: cpu2, ref_start_time: 2119848670778401, ref_stop_time: 2119848670815301, actual_exe_time: 36900, task_app_start_time:2119848319684985, task_sched_time:2119848670772131
app_id: 0, app_name: pulse_doppler_api-aarch64, task_id: 97, task_name: DASH_FFT, resource_name: cpu3, ref_start_time: 2119848674321462, ref_stop_time: 2119848674508632, actual_exe_time: 187170, task_app_start_time:2119848319684985, task_sched_time:2119848674311622
app_id: 0, app_name: pulse_doppler_api-aarch64, task_id: 98, task_name: DASH_ZIP, resource_name: zip1, ref_start_time: 2119848676480802, ref_stop_time: 2119848676522442, actual_exe_time: 41640, task_app_start_time:2119848319684985, task_sched_time:2119848676471202
app_id: 0, app_name: pulse_doppler_api-aarch64, task_id: 99, task_name: DASH_FFT, resource_name: cpu1, ref_start_time: 2119848676757552, ref_stop_time: 2119848676783502, actual_exe_time: 25950, task_app_start_time:2119848319684985, task_sched_time:2119848676753742
app_id: 0, app_name: pulse_doppler_api-aarch64, task_id: 100, task_name: DASH_FFT, resource_name: cpu2, ref_start_time: 2119848690234664, ref_stop_time: 2119848690594484, actual_exe_time: 359820, task_app_start_time:2119848319684985, task_sched_time:2119848690047794
app_id: 0, app_name: pulse_doppler_api-aarch64, task_id: 101, task_name: DASH_FFT, resource_name: cpu3, ref_start_time: 2119848691119185, ref_stop_time: 2119848691141925, actual_exe_time: 22740, task_app_start_time:2119848319684985, task_sched_time:2119848691114175
app_id: 0, app_name: pulse_doppler_api-aarch64, task_id: 102, task_name: DASH_ZIP, resource_name: zip1, ref_start_time: 2119848698544846, ref_stop_time: 2119848698590536, actual_exe_time: 45690, task_app_start_time:2119848319684985, task_sched_time:2119848698537166
app_id: 0, app_name: pulse_doppler_api-aarch64, task_id: 103, task_name: DASH_FFT, resource_name: cpu1, ref_start_time: 2119848703883137, ref_stop_time: 2119848703914727, actual_exe_time: 31590, task_app_start_time:2119848319684985, task_sched_time:2119848702411636
app_id: 0, app_name: pulse_doppler_api-aarch64, task_id: 104, task_name: DASH_FFT, resource_name: cpu2, ref_start_time: 2119848710682668, ref_stop_time: 2119848710721548, actual_exe_time: 38880, task_app_start_time:2119848319684985, task_sched_time:2119848710675978
app_id: 0, app_name: pulse_doppler_api-aarch64, task_id: 105, task_name: DASH_FFT, resource_name: cpu3, ref_start_time: 2119848711217028, ref_stop_time: 2119848711239018, actual_exe_time: 21990, task_app_start_time:2119848319684985, task_sched_time:2119848711211418
app_id: 0, app_name: pulse_doppler_api-aarch64, task_id: 106, task_name: DASH_ZIP, resource_name: zip1, ref_start_time: 2119848714442568, ref_stop_time: 2119848714485048, actual_exe_time: 42480, task_app_start_time:2119848319684985, task_sched_time:2119848714435398
app_id: 0, app_name: pulse_doppler_api-aarch64, task_id: 107, task_name: DASH_FFT, resource_name: cpu1, ref_start_time: 2119848714828008, ref_stop_time: 2119848714853508, actual_exe_time: 25500, task_app_start_time:2119848319684985, task_sched_time:2119848714818048
app_id: 0, app_name: pulse_doppler_api-aarch64, task_id: 108, task_name: DASH_FFT, resource_name: cpu2, ref_start_time: 2119848719428839, ref_stop_time: 2119848719458269, actual_exe_time: 29430, task_app_start_time:2119848319684985, task_sched_time:2119848719425539
app_id: 0, app_name: pulse_doppler_api-aarch64, task_id: 109, task_name: DASH_FFT, resource_name: cpu3, ref_start_time: 2119848720039819, ref_stop_time: 2119848720061749, actual_exe_time: 21930, task_app_start_time:2119848319684985, task_sched_time:2119848720032439
app_id: 0, app_name: pulse_doppler_api-aarch64, task_id: 110, task_name: DASH_ZIP, resource_name: zip1, ref_start_time: 2119848722473570, ref_stop_time: 2119848722517700, actual_exe_time: 44130, task_app_start_time:2119848319684985, task_sched_time:2119848722467570
app_id: 0, app_name: pulse_doppler_api-aarch64, task_id: 111, task_name: DASH_FFT, resource_name: cpu1, ref_start_time: 2119848726529690, ref_stop_time: 2119848726562540, actual_exe_time: 32850, task_app_start_time:2119848319684985, task_sched_time:2119848726522160
app_id: 0, app_name: pulse_doppler_api-aarch64, task_id: 112, task_name: DASH_FFT, resource_name: cpu2, ref_start_time: 2119848727063000, ref_stop_time: 2119848727089010, actual_exe_time: 26010, task_app_start_time:2119848319684985, task_sched_time:2119848727059700
app_id: 0, app_name: pulse_doppler_api-aarch64, task_id: 113, task_name: DASH_FFT, resource_name: cpu3, ref_start_time: 2119848734384532, ref_stop_time: 2119848734413212, actual_exe_time: 28680, task_app_start_time:2119848319684985, task_sched_time:2119848734375022
app_id: 0, app_name: pulse_doppler_api-aarch64, task_id: 114, task_name: DASH_ZIP, resource_name: zip1, ref_start_time: 2119848735530622, ref_stop_time: 2119848735573582, actual_exe_time: 42960, task_app_start_time:2119848319684985, task_sched_time:2119848735526302
app_id: 0, app_name: pulse_doppler_api-aarch64, task_id: 115, task_name: DASH_FFT, resource_name: cpu1, ref_start_time: 2119848738814602, ref_stop_time: 2119848739072272, actual_exe_time: 257670, task_app_start_time:2119848319684985, task_sched_time:2119848738803472
app_id: 0, app_name: pulse_doppler_api-aarch64, task_id: 116, task_name: DASH_FFT, resource_name: cpu2, ref_start_time: 2119848746432863, ref_stop_time: 2119848746471083, actual_exe_time: 38220, task_app_start_time:2119848319684985, task_sched_time:2119848746421493
app_id: 0, app_name: pulse_doppler_api-aarch64, task_id: 117, task_name: DASH_FFT, resource_name: cpu3, ref_start_time: 2119848746617063, ref_stop_time: 2119848746639023, actual_exe_time: 21960, task_app_start_time:2119848319684985, task_sched_time:2119848746614123
app_id: 0, app_name: pulse_doppler_api-aarch64, task_id: 118, task_name: DASH_ZIP, resource_name: zip1, ref_start_time: 2119848750395264, ref_stop_time: 2119848750620564, actual_exe_time: 225300, task_app_start_time:2119848319684985, task_sched_time:2119848750387764
app_id: 0, app_name: pulse_doppler_api-aarch64, task_id: 119, task_name: DASH_FFT, resource_name: cpu1, ref_start_time: 2119848751221374, ref_stop_time: 2119848751500524, actual_exe_time: 279150, task_app_start_time:2119848319684985, task_sched_time:2119848751214594
app_id: 0, app_name: pulse_doppler_api-aarch64, task_id: 120, task_name: DASH_FFT, resource_name: cpu2, ref_start_time: 2119848758412435, ref_stop_time: 2119848758510565, actual_exe_time: 98130, task_app_start_time:2119848319684985, task_sched_time:2119848758405565
app_id: 0, app_name: pulse_doppler_api-aarch64, task_id: 121, task_name: DASH_FFT, resource_name: cpu3, ref_start_time: 2119848762659176, ref_stop_time: 2119848762684346, actual_exe_time: 25170, task_app_start_time:2119848319684985, task_sched_time:2119848762651616
app_id: 0, app_name: pulse_doppler_api-aarch64, task_id: 122, task_name: DASH_ZIP, resource_name: zip1, ref_start_time: 2119848762939406, ref_stop_time: 2119848763207636, actual_exe_time: 268230, task_app_start_time:2119848319684985, task_sched_time:2119848762936586
app_id: 0, app_name: pulse_doppler_api-aarch64, task_id: 123, task_name: DASH_FFT, resource_name: cpu1, ref_start_time: 2119848766108367, ref_stop_time: 2119848766135577, actual_exe_time: 27210, task_app_start_time:2119848319684985, task_sched_time:2119848766101827
app_id: 0, app_name: pulse_doppler_api-aarch64, task_id: 124, task_name: DASH_FFT, resource_name: cpu2, ref_start_time: 2119848770399867, ref_stop_time: 2119848770600237, actual_exe_time: 200370, task_app_start_time:2119848319684985, task_sched_time:2119848770394587
app_id: 0, app_name: pulse_doppler_api-aarch64, task_id: 125, task_name: DASH_FFT, resource_name: cpu3, ref_start_time: 2119848774384798, ref_stop_time: 2119848774416358, actual_exe_time: 31560, task_app_start_time:2119848319684985, task_sched_time:2119848774375918
app_id: 0, app_name: pulse_doppler_api-aarch64, task_id: 126, task_name: DASH_ZIP, resource_name: zip1, ref_start_time: 2119848778475359, ref_stop_time: 2119848778519399, actual_exe_time: 44040, task_app_start_time:2119848319684985, task_sched_time:2119848778468819
app_id: 0, app_name: pulse_doppler_api-aarch64, task_id: 127, task_name: DASH_FFT, resource_name: cpu1, ref_start_time: 2119848780370519, ref_stop_time: 2119848780399229, actual_exe_time: 28710, task_app_start_time:2119848319684985, task_sched_time:2119848780366409
app_id: 0, app_name: pulse_doppler_api-aarch64, task_id: 128, task_name: DASH_FFT, resource_name: cpu2, ref_start_time: 2119848786350000, ref_stop_time: 2119848786572960, actual_exe_time: 222960, task_app_start_time:2119848319684985, task_sched_time:2119848786344690
app_id: 0, app_name: pulse_doppler_api-aarch64, task_id: 129, task_name: DASH_FFT, resource_name: cpu3, ref_start_time: 2119848790356441, ref_stop_time: 2119848790384911, actual_exe_time: 28470, task_app_start_time:2119848319684985, task_sched_time:2119848790349451
app_id: 0, app_name: pulse_doppler_api-aarch64, task_id: 130, task_name: DASH_ZIP, resource_name: zip1, ref_start_time: 2119848794338521, ref_stop_time: 2119848794383851, actual_exe_time: 45330, task_app_start_time:2119848319684985, task_sched_time:2119848794333931
app_id: 0, app_name: pulse_doppler_api-aarch64, task_id: 131, task_name: DASH_FFT, resource_name: cpu1, ref_start_time: 2119848795149871, ref_stop_time: 2119848795177981, actual_exe_time: 28110, task_app_start_time:2119848319684985, task_sched_time:2119848795131601
app_id: 0, app_name: pulse_doppler_api-aarch64, task_id: 132, task_name: DASH_FFT, resource_name: cpu2, ref_start_time: 2119848806708903, ref_stop_time: 2119848806750003, actual_exe_time: 41100, task_app_start_time:2119848319684985, task_sched_time:2119848806699693
app_id: 0, app_name: pulse_doppler_api-aarch64, task_id: 133, task_name: DASH_FFT, resource_name: cpu3, ref_start_time: 2119848807180293, ref_stop_time: 2119848807210713, actual_exe_time: 30420, task_app_start_time:2119848319684985, task_sched_time:2119848807089543
app_id: 0, app_name: pulse_doppler_api-aarch64, task_id: 134, task_name: DASH_ZIP, resource_name: zip1, ref_start_time: 2119848809073654, ref_stop_time: 2119848809119374, actual_exe_time: 45720, task_app_start_time:2119848319684985, task_sched_time:2119848809069364
app_id: 0, app_name: pulse_doppler_api-aarch64, task_id: 135, task_name: DASH_FFT, resource_name: cpu1, ref_start_time: 2119848809412564, ref_stop_time: 2119848809785794, actual_exe_time: 373230, task_app_start_time:2119848319684985, task_sched_time:2119848809408184
app_id: 0, app_name: pulse_doppler_api-aarch64, task_id: 136, task_name: DASH_FFT, resource_name: cpu2, ref_start_time: 2119848814441914, ref_stop_time: 2119848814478154, actual_exe_time: 36240, task_app_start_time:2119848319684985, task_sched_time:2119848814435674
app_id: 0, app_name: pulse_doppler_api-aarch64, task_id: 137, task_name: DASH_FFT, resource_name: cpu3, ref_start_time: 2119848814651524, ref_stop_time: 2119848814676034, actual_exe_time: 24510, task_app_start_time:2119848319684985, task_sched_time:2119848814648464
app_id: 0, app_name: pulse_doppler_api-aarch64, task_id: 138, task_name: DASH_ZIP, resource_name: zip1, ref_start_time: 2119848822184226, ref_stop_time: 2119848822232676, actual_exe_time: 48450, task_app_start_time:2119848319684985, task_sched_time:2119848822178496
app_id: 0, app_name: pulse_doppler_api-aarch64, task_id: 139, task_name: DASH_FFT, resource_name: cpu1, ref_start_time: 2119848823117436, ref_stop_time: 2119848823147016, actual_exe_time: 29580, task_app_start_time:2119848319684985, task_sched_time:2119848823109546
app_id: 0, app_name: pulse_doppler_api-aarch64, task_id: 140, task_name: DASH_FFT, resource_name: cpu2, ref_start_time: 2119848830405337, ref_stop_time: 2119848830444727, actual_exe_time: 39390, task_app_start_time:2119848319684985, task_sched_time:2119848830394297
app_id: 0, app_name: pulse_doppler_api-aarch64, task_id: 141, task_name: DASH_FFT, resource_name: cpu3, ref_start_time: 2119848834786058, ref_stop_time: 2119848834812608, actual_exe_time: 26550, task_app_start_time:2119848319684985, task_sched_time:2119848834778888
app_id: 0, app_name: pulse_doppler_api-aarch64, task_id: 142, task_name: DASH_ZIP, resource_name: zip1, ref_start_time: 2119848836922178, ref_stop_time: 2119848836967058, actual_exe_time: 44880, task_app_start_time:2119848319684985, task_sched_time:2119848836912698
app_id: 0, app_name: pulse_doppler_api-aarch64, task_id: 143, task_name: DASH_FFT, resource_name: cpu1, ref_start_time: 2119848838910968, ref_stop_time: 2119848838941328, actual_exe_time: 30360, task_app_start_time:2119848319684985, task_sched_time:2119848838864738
app_id: 0, app_name: pulse_doppler_api-aarch64, task_id: 144, task_name: DASH_FFT, resource_name: cpu2, ref_start_time: 2119848846363000, ref_stop_time: 2119848846396180, actual_exe_time: 33180, task_app_start_time:2119848319684985, task_sched_time:2119848846358020
app_id: 0, app_name: pulse_doppler_api-aarch64, task_id: 145, task_name: DASH_FFT, resource_name: cpu3, ref_start_time: 2119848850585020, ref_stop_time: 2119848850739700, actual_exe_time: 154680, task_app_start_time:2119848319684985, task_sched_time:2119848850551180
app_id: 0, app_name: pulse_doppler_api-aarch64, task_id: 146, task_name: DASH_ZIP, resource_name: zip1, ref_start_time: 2119848851306100, ref_stop_time: 2119848851351760, actual_exe_time: 45660, task_app_start_time:2119848319684985, task_sched_time:2119848851300520
app_id: 0, app_name: pulse_doppler_api-aarch64, task_id: 147, task_name: DASH_FFT, resource_name: cpu1, ref_start_time: 2119848851671530, ref_stop_time: 2119848852067470, actual_exe_time: 395940, task_app_start_time:2119848319684985, task_sched_time:2119848851667060
app_id: 0, app_name: pulse_doppler_api-aarch64, task_id: 148, task_name: DASH_FFT, resource_name: cpu2, ref_start_time: 2119848854747581, ref_stop_time: 2119848854782981, actual_exe_time: 35400, task_app_start_time:2119848319684985, task_sched_time:2119848854742091
app_id: 0, app_name: pulse_doppler_api-aarch64, task_id: 149, task_name: DASH_FFT, resource_name: cpu3, ref_start_time: 2119848859049132, ref_stop_time: 2119848859077422, actual_exe_time: 28290, task_app_start_time:2119848319684985, task_sched_time:2119848858945002
app_id: 0, app_name: pulse_doppler_api-aarch64, task_id: 150, task_name: DASH_ZIP, resource_name: zip1, ref_start_time: 2119848865345803, ref_stop_time: 2119848865395513, actual_exe_time: 49710, task_app_start_time:2119848319684985, task_sched_time:2119848865335513
app_id: 0, app_name: pulse_doppler_api-aarch64, task_id: 151, task_name: DASH_FFT, resource_name: cpu1, ref_start_time: 2119848870493593, ref_stop_time: 2119848870527013, actual_exe_time: 33420, task_app_start_time:2119848319684985, task_sched_time:2119848870488133
app_id: 0, app_name: pulse_doppler_api-aarch64, task_id: 152, task_name: DASH_FFT, resource_name: cpu2, ref_start_time: 2119848870806943, ref_stop_time: 2119848870834543, actual_exe_time: 27600, task_app_start_time:2119848319684985, task_sched_time:2119848870785583
app_id: 0, app_name: pulse_doppler_api-aarch64, task_id: 153, task_name: DASH_FFT, resource_name: cpu3, ref_start_time: 2119848878370245, ref_stop_time: 2119848878403395, actual_exe_time: 33150, task_app_start_time:2119848319684985, task_sched_time:2119848878365895
app_id: 0, app_name: pulse_doppler_api-aarch64, task_id: 154, task_name: DASH_ZIP, resource_name: zip1, ref_start_time: 2119848879288485, ref_stop_time: 2119848879331415, actual_exe_time: 42930, task_app_start_time:2119848319684985, task_sched_time:2119848879282845
app_id: 0, app_name: pulse_doppler_api-aarch64, task_id: 155, task_name: DASH_FFT, resource_name: cpu1, ref_start_time: 2119848882477455, ref_stop_time: 2119848882509795, actual_exe_time: 32340, task_app_start_time:2119848319684985, task_sched_time:2119848882472175
app_id: 0, app_name: pulse_doppler_api-aarch64, task_id: 156, task_name: DASH_FFT, resource_name: cpu2, ref_start_time: 2119848886401786, ref_stop_time: 2119848886436526, actual_exe_time: 34740, task_app_start_time:2119848319684985, task_sched_time:2119848886391646
app_id: 0, app_name: pulse_doppler_api-aarch64, task_id: 157, task_name: DASH_FFT, resource_name: cpu3, ref_start_time: 2119848890751997, ref_stop_time: 2119848890940727, actual_exe_time: 188730, task_app_start_time:2119848319684985, task_sched_time:2119848890748757
app_id: 0, app_name: pulse_doppler_api-aarch64, task_id: 158, task_name: DASH_ZIP, resource_name: zip1, ref_start_time: 2119848893500327, ref_stop_time: 2119848893545117, actual_exe_time: 44790, task_app_start_time:2119848319684985, task_sched_time:2119848893495047
app_id: 0, app_name: pulse_doppler_api-aarch64, task_id: 159, task_name: DASH_FFT, resource_name: cpu1, ref_start_time: 2119848898785488, ref_stop_time: 2119848898818908, actual_exe_time: 33420, task_app_start_time:2119848319684985, task_sched_time:2119848898777118
app_id: 0, app_name: pulse_doppler_api-aarch64, task_id: 160, task_name: DASH_FFT, resource_name: cpu2, ref_start_time: 2119848902343999, ref_stop_time: 2119848902373579, actual_exe_time: 29580, task_app_start_time:2119848319684985, task_sched_time:2119848902333739
app_id: 0, app_name: pulse_doppler_api-aarch64, task_id: 161, task_name: DASH_FFT, resource_name: cpu3, ref_start_time: 2119848906347649, ref_stop_time: 2119848906376389, actual_exe_time: 28740, task_app_start_time:2119848319684985, task_sched_time:2119848906341379
app_id: 0, app_name: pulse_doppler_api-aarch64, task_id: 162, task_name: DASH_ZIP, resource_name: zip1, ref_start_time: 2119848907246809, ref_stop_time: 2119848907648299, actual_exe_time: 401490, task_app_start_time:2119848319684985, task_sched_time:2119848907237989
app_id: 0, app_name: pulse_doppler_api-aarch64, task_id: 163, task_name: DASH_FFT, resource_name: cpu1, ref_start_time: 2119848914879561, ref_stop_time: 2119848914911601, actual_exe_time: 32040, task_app_start_time:2119848319684985, task_sched_time:2119848914872241
app_id: 0, app_name: pulse_doppler_api-aarch64, task_id: 164, task_name: DASH_FFT, resource_name: cpu2, ref_start_time: 2119848918338291, ref_stop_time: 2119848918367541, actual_exe_time: 29250, task_app_start_time:2119848319684985, task_sched_time:2119848918333641
app_id: 0, app_name: pulse_doppler_api-aarch64, task_id: 165, task_name: DASH_FFT, resource_name: cpu3, ref_start_time: 2119848921063312, ref_stop_time: 2119848921090312, actual_exe_time: 27000, task_app_start_time:2119848319684985, task_sched_time:2119848921054552
app_id: 0, app_name: pulse_doppler_api-aarch64, task_id: 166, task_name: DASH_ZIP, resource_name: zip1, ref_start_time: 2119848926443632, ref_stop_time: 2119848926493672, actual_exe_time: 50040, task_app_start_time:2119848319684985, task_sched_time:2119848926434482
app_id: 0, app_name: pulse_doppler_api-aarch64, task_id: 167, task_name: DASH_FFT, resource_name: cpu1, ref_start_time: 2119848930957163, ref_stop_time: 2119848930990463, actual_exe_time: 33300, task_app_start_time:2119848319684985, task_sched_time:2119848930935233
app_id: 0, app_name: pulse_doppler_api-aarch64, task_id: 168, task_name: DASH_FFT, resource_name: cpu2, ref_start_time: 2119848935537144, ref_stop_time: 2119848935569934, actual_exe_time: 32790, task_app_start_time:2119848319684985, task_sched_time:2119848935350784
app_id: 0, app_name: pulse_doppler_api-aarch64, task_id: 169, task_name: DASH_FFT, resource_name: cpu3, ref_start_time: 2119848942611985, ref_stop_time: 2119848942648555, actual_exe_time: 36570, task_app_start_time:2119848319684985, task_sched_time:2119848942606015
app_id: 0, app_name: pulse_doppler_api-aarch64, task_id: 170, task_name: DASH_ZIP, resource_name: zip1, ref_start_time: 2119848943261935, ref_stop_time: 2119848943311015, actual_exe_time: 49080, task_app_start_time:2119848319684985, task_sched_time:2119848943090125
app_id: 0, app_name: pulse_doppler_api-aarch64, task_id: 171, task_name: DASH_FFT, resource_name: cpu1, ref_start_time: 2119848946398646, ref_stop_time: 2119848946426066, actual_exe_time: 27420, task_app_start_time:2119848319684985, task_sched_time:2119848946394446
app_id: 0, app_name: pulse_doppler_api-aarch64, task_id: 172, task_name: DASH_FFT, resource_name: cpu2, ref_start_time: 2119848949662706, ref_stop_time: 2119848949692706, actual_exe_time: 30000, task_app_start_time:2119848319684985, task_sched_time:2119848949510906
app_id: 0, app_name: pulse_doppler_api-aarch64, task_id: 173, task_name: DASH_FFT, resource_name: cpu3, ref_start_time: 2119848950520196, ref_stop_time: 2119848950546146, actual_exe_time: 25950, task_app_start_time:2119848319684985, task_sched_time:2119848950492656
app_id: 0, app_name: pulse_doppler_api-aarch64, task_id: 174, task_name: DASH_ZIP, resource_name: zip1, ref_start_time: 2119848954468947, ref_stop_time: 2119848954520427, actual_exe_time: 51480, task_app_start_time:2119848319684985, task_sched_time:2119848954458087
app_id: 0, app_name: pulse_doppler_api-aarch64, task_id: 175, task_name: DASH_FFT, resource_name: cpu1, ref_start_time: 2119848958762428, ref_stop_time: 2119848958795338, actual_exe_time: 32910, task_app_start_time:2119848319684985, task_sched_time:2119848958756338
app_id: 0, app_name: pulse_doppler_api-aarch64, task_id: 176, task_name: DASH_FFT, resource_name: cpu2, ref_start_time: 2119848964083408, ref_stop_time: 2119848964116348, actual_exe_time: 32940, task_app_start_time:2119848319684985, task_sched_time:2119848963936828
app_id: 0, app_name: pulse_doppler_api-aarch64, task_id: 177, task_name: DASH_FFT, resource_name: cpu3, ref_start_time: 2119848970961000, ref_stop_time: 2119848970994900, actual_exe_time: 33900, task_app_start_time:2119848319684985, task_sched_time:2119848970741640
app_id: 0, app_name: pulse_doppler_api-aarch64, task_id: 178, task_name: DASH_ZIP, resource_name: zip1, ref_start_time: 2119848974363000, ref_stop_time: 2119848974406770, actual_exe_time: 43770, task_app_start_time:2119848319684985, task_sched_time:2119848974355470
app_id: 0, app_name: pulse_doppler_api-aarch64, task_id: 179, task_name: DASH_FFT, resource_name: cpu1, ref_start_time: 2119848977546181, ref_stop_time: 2119848977576631, actual_exe_time: 30450, task_app_start_time:2119848319684985, task_sched_time:2119848977540631
app_id: 0, app_name: pulse_doppler_api-aarch64, task_id: 180, task_name: DASH_FFT, resource_name: cpu2, ref_start_time: 2119848978534141, ref_stop_time: 2119848978562311, actual_exe_time: 28170, task_app_start_time:2119848319684985, task_sched_time:2119848978527331
app_id: 0, app_name: pulse_doppler_api-aarch64, task_id: 181, task_name: DASH_FFT, resource_name: cpu3, ref_start_time: 2119848982842052, ref_stop_time: 2119848982877062, actual_exe_time: 35010, task_app_start_time:2119848319684985, task_sched_time:2119848982833772
app_id: 0, app_name: pulse_doppler_api-aarch64, task_id: 182, task_name: DASH_ZIP, resource_name: zip1, ref_start_time: 2119848986494102, ref_stop_time: 2119848986540122, actual_exe_time: 46020, task_app_start_time:2119848319684985, task_sched_time:2119848986479882
app_id: 0, app_name: pulse_doppler_api-aarch64, task_id: 183, task_name: DASH_FFT, resource_name: cpu1, ref_start_time: 2119848990405593, ref_stop_time: 2119848990435713, actual_exe_time: 30120, task_app_start_time:2119848319684985, task_sched_time:2119848990401093
app_id: 0, app_name: pulse_doppler_api-aarch64, task_id: 184, task_name: DASH_FFT, resource_name: cpu2, ref_start_time: 2119848992566853, ref_stop_time: 2119848992595983, actual_exe_time: 29130, task_app_start_time:2119848319684985, task_sched_time:2119848992395343
app_id: 0, app_name: pulse_doppler_api-aarch64, task_id: 185, task_name: DASH_FFT, resource_name: cpu3, ref_start_time: 2119848996987234, ref_stop_time: 2119848997020774, actual_exe_time: 33540, task_app_start_time:2119848319684985, task_sched_time:2119848996982704
app_id: 0, app_name: pulse_doppler_api-aarch64, task_id: 186, task_name: DASH_ZIP, resource_name: zip1, ref_start_time: 2119849002504115, ref_stop_time: 2119849002550165, actual_exe_time: 46050, task_app_start_time:2119848319684985, task_sched_time:2119849002495985
app_id: 0, app_name: pulse_doppler_api-aarch64, task_id: 187, task_name: DASH_FFT, resource_name: cpu1, ref_start_time: 2119849005833755, ref_stop_time: 2119849005864835, actual_exe_time: 31080, task_app_start_time:2119848319684985, task_sched_time:2119849005828955
app_id: 0, app_name: pulse_doppler_api-aarch64, task_id: 188, task_name: DASH_FFT, resource_name: cpu2, ref_start_time: 2119849006134475, ref_stop_time: 2119849006161175, actual_exe_time: 26700, task_app_start_time:2119848319684985, task_sched_time:2119849006103875
app_id: 0, app_name: pulse_doppler_api-aarch64, task_id: 189, task_name: DASH_FFT, resource_name: cpu3, ref_start_time: 2119849010391656, ref_stop_time: 2119849010426936, actual_exe_time: 35280, task_app_start_time:2119848319684985, task_sched_time:2119849010386436
app_id: 0, app_name: pulse_doppler_api-aarch64, task_id: 190, task_name: DASH_ZIP, resource_name: zip1, ref_start_time: 2119849014991377, ref_stop_time: 2119849015038477, actual_exe_time: 47100, task_app_start_time:2119848319684985, task_sched_time:2119849014983637
app_id: 0, app_name: pulse_doppler_api-aarch64, task_id: 191, task_name: DASH_FFT, resource_name: cpu1, ref_start_time: 2119849018396167, ref_stop_time: 2119849018424907, actual_exe_time: 28740, task_app_start_time:2119848319684985, task_sched_time:2119849018388967
app_id: 0, app_name: pulse_doppler_api-aarch64, task_id: 192, task_name: DASH_FFT, resource_name: cpu2, ref_start_time: 2119849020879358, ref_stop_time: 2119849020910498, actual_exe_time: 31140, task_app_start_time:2119848319684985, task_sched_time:2119849020721198
app_id: 0, app_name: pulse_doppler_api-aarch64, task_id: 193, task_name: DASH_FFT, resource_name: cpu3, ref_start_time: 2119849026793199, ref_stop_time: 2119849026826589, actual_exe_time: 33390, task_app_start_time:2119848319684985, task_sched_time:2119849026786269
app_id: 0, app_name: pulse_doppler_api-aarch64, task_id: 194, task_name: DASH_ZIP, resource_name: zip1, ref_start_time: 2119849030370849, ref_stop_time: 2119849030415549, actual_exe_time: 44700, task_app_start_time:2119848319684985, task_sched_time:2119849030363349
app_id: 0, app_name: pulse_doppler_api-aarch64, task_id: 195, task_name: DASH_FFT, resource_name: cpu1, ref_start_time: 2119849034314170, ref_stop_time: 2119849034346360, actual_exe_time: 32190, task_app_start_time:2119848319684985, task_sched_time:2119849034305980
app_id: 0, app_name: pulse_doppler_api-aarch64, task_id: 196, task_name: DASH_FFT, resource_name: cpu2, ref_start_time: 2119849035317640, ref_stop_time: 2119849035344640, actual_exe_time: 27000, task_app_start_time:2119848319684985, task_sched_time:2119849035309390
app_id: 0, app_name: pulse_doppler_api-aarch64, task_id: 197, task_name: DASH_FFT, resource_name: cpu3, ref_start_time: 2119849038497580, ref_stop_time: 2119849038532920, actual_exe_time: 35340, task_app_start_time:2119848319684985, task_sched_time:2119849038486960
app_id: 0, app_name: pulse_doppler_api-aarch64, task_id: 198, task_name: DASH_ZIP, resource_name: zip1, ref_start_time: 2119849042523761, ref_stop_time: 2119849042570801, actual_exe_time: 47040, task_app_start_time:2119848319684985, task_sched_time:2119849042518091
app_id: 0, app_name: pulse_doppler_api-aarch64, task_id: 199, task_name: DASH_FFT, resource_name: cpu1, ref_start_time: 2119849046592512, ref_stop_time: 2119849046621702, actual_exe_time: 29190, task_app_start_time:2119848319684985, task_sched_time:2119849046576942
app_id: 0, app_name: pulse_doppler_api-aarch64, task_id: 200, task_name: DASH_FFT, resource_name: cpu2, ref_start_time: 2119849047056312, ref_stop_time: 2119849047082952, actual_exe_time: 26640, task_app_start_time:2119848319684985, task_sched_time:2119849047050912
app_id: 0, app_name: pulse_doppler_api-aarch64, task_id: 201, task_name: DASH_FFT, resource_name: cpu3, ref_start_time: 2119849049341142, ref_stop_time: 2119849049366192, actual_exe_time: 25050, task_app_start_time:2119848319684985, task_sched_time:2119849049237702
app_id: 0, app_name: pulse_doppler_api-aarch64, task_id: 202, task_name: DASH_ZIP, resource_name: zip1, ref_start_time: 2119849054531623, ref_stop_time: 2119849054580043, actual_exe_time: 48420, task_app_start_time:2119848319684985, task_sched_time:2119849054525773
app_id: 0, app_name: pulse_doppler_api-aarch64, task_id: 203, task_name: DASH_FFT, resource_name: cpu1, ref_start_time: 2119849058742754, ref_stop_time: 2119849058773024, actual_exe_time: 30270, task_app_start_time:2119848319684985, task_sched_time:2119849058736514
app_id: 0, app_name: pulse_doppler_api-aarch64, task_id: 204, task_name: DASH_FFT, resource_name: cpu2, ref_start_time: 2119849063205974, ref_stop_time: 2119849063238944, actual_exe_time: 32970, task_app_start_time:2119848319684985, task_sched_time:2119849063195324
app_id: 0, app_name: pulse_doppler_api-aarch64, task_id: 205, task_name: DASH_FFT, resource_name: cpu3, ref_start_time: 2119849066377185, ref_stop_time: 2119849066409735, actual_exe_time: 32550, task_app_start_time:2119848319684985, task_sched_time:2119849066372325
app_id: 0, app_name: pulse_doppler_api-aarch64, task_id: 206, task_name: DASH_ZIP, resource_name: zip1, ref_start_time: 2119849070652276, ref_stop_time: 2119849070699676, actual_exe_time: 47400, task_app_start_time:2119848319684985, task_sched_time:2119849070644176
app_id: 0, app_name: pulse_doppler_api-aarch64, task_id: 207, task_name: DASH_FFT, resource_name: cpu1, ref_start_time: 2119849074465336, ref_stop_time: 2119849074495666, actual_exe_time: 30330, task_app_start_time:2119848319684985, task_sched_time:2119849074454446
app_id: 0, app_name: pulse_doppler_api-aarch64, task_id: 208, task_name: DASH_FFT, resource_name: cpu2, ref_start_time: 2119849076787517, ref_stop_time: 2119849076818747, actual_exe_time: 31230, task_app_start_time:2119848319684985, task_sched_time:2119849076781847
app_id: 0, app_name: pulse_doppler_api-aarch64, task_id: 209, task_name: DASH_FFT, resource_name: cpu3, ref_start_time: 2119849077545677, ref_stop_time: 2119849077570757, actual_exe_time: 25080, task_app_start_time:2119848319684985, task_sched_time:2119849077538987
app_id: 0, app_name: pulse_doppler_api-aarch64, task_id: 210, task_name: DASH_ZIP, resource_name: zip1, ref_start_time: 2119849083188048, ref_stop_time: 2119849083233078, actual_exe_time: 45030, task_app_start_time:2119848319684985, task_sched_time:2119849083159458
app_id: 0, app_name: pulse_doppler_api-aarch64, task_id: 211, task_name: DASH_FFT, resource_name: cpu1, ref_start_time: 2119849086388418, ref_stop_time: 2119849086417758, actual_exe_time: 29340, task_app_start_time:2119848319684985, task_sched_time:2119849086384578
app_id: 0, app_name: pulse_doppler_api-aarch64, task_id: 212, task_name: DASH_FFT, resource_name: cpu2, ref_start_time: 2119849090346229, ref_stop_time: 2119849090376679, actual_exe_time: 30450, task_app_start_time:2119848319684985, task_sched_time:2119849090336359
app_id: 0, app_name: pulse_doppler_api-aarch64, task_id: 213, task_name: DASH_FFT, resource_name: cpu3, ref_start_time: 2119849091001699, ref_stop_time: 2119849091026629, actual_exe_time: 24930, task_app_start_time:2119848319684985, task_sched_time:2119849090807059
app_id: 0, app_name: pulse_doppler_api-aarch64, task_id: 214, task_name: DASH_ZIP, resource_name: zip1, ref_start_time: 2119849094804230, ref_stop_time: 2119849094859880, actual_exe_time: 55650, task_app_start_time:2119848319684985, task_sched_time:2119849094796370
app_id: 0, app_name: pulse_doppler_api-aarch64, task_id: 215, task_name: DASH_FFT, resource_name: cpu1, ref_start_time: 2119849098463000, ref_stop_time: 2119849098495640, actual_exe_time: 32640, task_app_start_time:2119848319684985, task_sched_time:2119849098454810
app_id: 0, app_name: pulse_doppler_api-aarch64, task_id: 216, task_name: DASH_FFT, resource_name: cpu2, ref_start_time: 2119849102340711, ref_stop_time: 2119849102370651, actual_exe_time: 29940, task_app_start_time:2119848319684985, task_sched_time:2119849102336241
app_id: 0, app_name: pulse_doppler_api-aarch64, task_id: 217, task_name: DASH_FFT, resource_name: cpu3, ref_start_time: 2119849105208651, ref_stop_time: 2119849105235831, actual_exe_time: 27180, task_app_start_time:2119848319684985, task_sched_time:2119849105038281
app_id: 0, app_name: pulse_doppler_api-aarch64, task_id: 218, task_name: DASH_ZIP, resource_name: zip1, ref_start_time: 2119849110505362, ref_stop_time: 2119849110555672, actual_exe_time: 50310, task_app_start_time:2119848319684985, task_sched_time:2119849110496152
app_id: 0, app_name: pulse_doppler_api-aarch64, task_id: 219, task_name: DASH_FFT, resource_name: cpu1, ref_start_time: 2119849114604173, ref_stop_time: 2119849114638763, actual_exe_time: 34590, task_app_start_time:2119848319684985, task_sched_time:2119849114590133
app_id: 0, app_name: pulse_doppler_api-aarch64, task_id: 220, task_name: DASH_FFT, resource_name: cpu2, ref_start_time: 2119849118349733, ref_stop_time: 2119849118379553, actual_exe_time: 29820, task_app_start_time:2119848319684985, task_sched_time:2119849118341183
app_id: 0, app_name: pulse_doppler_api-aarch64, task_id: 221, task_name: DASH_FFT, resource_name: cpu3, ref_start_time: 2119849119420133, ref_stop_time: 2119849119452143, actual_exe_time: 32010, task_app_start_time:2119848319684985, task_sched_time:2119849119286723
app_id: 0, app_name: pulse_doppler_api-aarch64, task_id: 222, task_name: DASH_ZIP, resource_name: zip1, ref_start_time: 2119849119960884, ref_stop_time: 2119849120004354, actual_exe_time: 43470, task_app_start_time:2119848319684985, task_sched_time:2119849119917534
app_id: 0, app_name: pulse_doppler_api-aarch64, task_id: 223, task_name: DASH_FFT, resource_name: cpu1, ref_start_time: 2119849126786575, ref_stop_time: 2119849126819335, actual_exe_time: 32760, task_app_start_time:2119848319684985, task_sched_time:2119849126776405
app_id: 0, app_name: pulse_doppler_api-aarch64, task_id: 224, task_name: DASH_FFT, resource_name: cpu2, ref_start_time: 2119849130349075, ref_stop_time: 2119849130379255, actual_exe_time: 30180, task_app_start_time:2119848319684985, task_sched_time:2119849130338815
app_id: 0, app_name: pulse_doppler_api-aarch64, task_id: 225, task_name: DASH_FFT, resource_name: cpu3, ref_start_time: 2119849133502406, ref_stop_time: 2119849133537836, actual_exe_time: 35430, task_app_start_time:2119848319684985, task_sched_time:2119849133345656
app_id: 0, app_name: pulse_doppler_api-aarch64, task_id: 226, task_name: DASH_ZIP, resource_name: zip1, ref_start_time: 2119849138581947, ref_stop_time: 2119849138632377, actual_exe_time: 50430, task_app_start_time:2119848319684985, task_sched_time:2119849138575107
app_id: 0, app_name: pulse_doppler_api-aarch64, task_id: 227, task_name: DASH_FFT, resource_name: cpu1, ref_start_time: 2119849142597597, ref_stop_time: 2119849142628407, actual_exe_time: 30810, task_app_start_time:2119848319684985, task_sched_time:2119849142567597
app_id: 0, app_name: pulse_doppler_api-aarch64, task_id: 228, task_name: DASH_FFT, resource_name: cpu2, ref_start_time: 2119849146763668, ref_stop_time: 2119849146794628, actual_exe_time: 30960, task_app_start_time:2119848319684985, task_sched_time:2119849146754428
app_id: 0, app_name: pulse_doppler_api-aarch64, task_id: 229, task_name: DASH_FFT, resource_name: cpu3, ref_start_time: 2119849148880048, ref_stop_time: 2119849148906958, actual_exe_time: 26910, task_app_start_time:2119848319684985, task_sched_time:2119849148762058
app_id: 0, app_name: pulse_doppler_api-aarch64, task_id: 230, task_name: DASH_ZIP, resource_name: zip1, ref_start_time: 2119849149381078, ref_stop_time: 2119849149425208, actual_exe_time: 44130, task_app_start_time:2119848319684985, task_sched_time:2119849149372198
app_id: 0, app_name: pulse_doppler_api-aarch64, task_id: 231, task_name: DASH_FFT, resource_name: cpu1, ref_start_time: 2119849150177518, ref_stop_time: 2119849150204278, actual_exe_time: 26760, task_app_start_time:2119848319684985, task_sched_time:2119849150165728
app_id: 0, app_name: pulse_doppler_api-aarch64, task_id: 232, task_name: DASH_FFT, resource_name: cpu2, ref_start_time: 2119849150888279, ref_stop_time: 2119849150915339, actual_exe_time: 27060, task_app_start_time:2119848319684985, task_sched_time:2119849150885039
app_id: 0, app_name: pulse_doppler_api-aarch64, task_id: 233, task_name: DASH_FFT, resource_name: cpu3, ref_start_time: 2119849154348779, ref_stop_time: 2119849154382829, actual_exe_time: 34050, task_app_start_time:2119848319684985, task_sched_time:2119849151337619
app_id: 0, app_name: pulse_doppler_api-aarch64, task_id: 234, task_name: DASH_ZIP, resource_name: zip1, ref_start_time: 2119849155101359, ref_stop_time: 2119849155144529, actual_exe_time: 43170, task_app_start_time:2119848319684985, task_sched_time:2119849155092509
app_id: 0, app_name: pulse_doppler_api-aarch64, task_id: 235, task_name: DASH_FFT, resource_name: cpu1, ref_start_time: 2119849155635209, ref_stop_time: 2119849155661399, actual_exe_time: 26190, task_app_start_time:2119848319684985, task_sched_time:2119849155627529
app_id: 0, app_name: pulse_doppler_api-aarch64, task_id: 236, task_name: DASH_FFT, resource_name: cpu2, ref_start_time: 2119849155886249, ref_stop_time: 2119849155912589, actual_exe_time: 26340, task_app_start_time:2119848319684985, task_sched_time:2119849155882259
app_id: 0, app_name: pulse_doppler_api-aarch64, task_id: 237, task_name: DASH_FFT, resource_name: cpu3, ref_start_time: 2119849158318320, ref_stop_time: 2119849158345170, actual_exe_time: 26850, task_app_start_time:2119848319684985, task_sched_time:2119849156554949
app_id: 0, app_name: pulse_doppler_api-aarch64, task_id: 238, task_name: DASH_ZIP, resource_name: zip1, ref_start_time: 2119849158906260, ref_stop_time: 2119849158948500, actual_exe_time: 42240, task_app_start_time:2119848319684985, task_sched_time:2119849158901250
app_id: 0, app_name: pulse_doppler_api-aarch64, task_id: 239, task_name: DASH_FFT, resource_name: cpu1, ref_start_time: 2119849159513970, ref_stop_time: 2119849159538930, actual_exe_time: 24960, task_app_start_time:2119848319684985, task_sched_time:2119849159477850
app_id: 0, app_name: pulse_doppler_api-aarch64, task_id: 240, task_name: DASH_FFT, resource_name: cpu2, ref_start_time: 2119849160222990, ref_stop_time: 2119849160248760, actual_exe_time: 25770, task_app_start_time:2119848319684985, task_sched_time:2119849160218250
app_id: 0, app_name: pulse_doppler_api-aarch64, task_id: 241, task_name: DASH_FFT, resource_name: cpu3, ref_start_time: 2119849162327730, ref_stop_time: 2119849162352960, actual_exe_time: 25230, task_app_start_time:2119848319684985, task_sched_time:2119849160685650
app_id: 0, app_name: pulse_doppler_api-aarch64, task_id: 242, task_name: DASH_ZIP, resource_name: zip1, ref_start_time: 2119849163030990, ref_stop_time: 2119849163071791, actual_exe_time: 40801, task_app_start_time:2119848319684985, task_sched_time:2119849163025830
app_id: 0, app_name: pulse_doppler_api-aarch64, task_id: 243, task_name: DASH_FFT, resource_name: cpu1, ref_start_time: 2119849163667921, ref_stop_time: 2119849163694111, actual_exe_time: 26190, task_app_start_time:2119848319684985, task_sched_time:2119849163661501
app_id: 0, app_name: pulse_doppler_api-aarch64, task_id: 244, task_name: DASH_FFT, resource_name: cpu2, ref_start_time: 2119849164487071, ref_stop_time: 2119849164513711, actual_exe_time: 26640, task_app_start_time:2119848319684985, task_sched_time:2119849164480651
app_id: 0, app_name: pulse_doppler_api-aarch64, task_id: 245, task_name: DASH_FFT, resource_name: cpu3, ref_start_time: 2119849166563701, ref_stop_time: 2119849166594151, actual_exe_time: 30450, task_app_start_time:2119848319684985, task_sched_time:2119849166559501
app_id: 0, app_name: pulse_doppler_api-aarch64, task_id: 246, task_name: DASH_ZIP, resource_name: zip1, ref_start_time: 2119849170654262, ref_stop_time: 2119849170700612, actual_exe_time: 46350, task_app_start_time:2119848319684985, task_sched_time:2119849170644482
app_id: 0, app_name: pulse_doppler_api-aarch64, task_id: 247, task_name: DASH_FFT, resource_name: cpu1, ref_start_time: 2119849171301872, ref_stop_time: 2119849171329832, actual_exe_time: 27960, task_app_start_time:2119848319684985, task_sched_time:2119849171282042
app_id: 0, app_name: pulse_doppler_api-aarch64, task_id: 248, task_name: DASH_FFT, resource_name: cpu2, ref_start_time: 2119849174941082, ref_stop_time: 2119849174968982, actual_exe_time: 27900, task_app_start_time:2119848319684985, task_sched_time:2119849174932652
app_id: 0, app_name: pulse_doppler_api-aarch64, task_id: 249, task_name: DASH_FFT, resource_name: cpu3, ref_start_time: 2119849178489363, ref_stop_time: 2119849178513213, actual_exe_time: 23850, task_app_start_time:2119848319684985, task_sched_time:2119849178479553
app_id: 0, app_name: pulse_doppler_api-aarch64, task_id: 250, task_name: DASH_ZIP, resource_name: zip1, ref_start_time: 2119849178906213, ref_stop_time: 2119849178947013, actual_exe_time: 40800, task_app_start_time:2119848319684985, task_sched_time:2119849178900663
app_id: 0, app_name: pulse_doppler_api-aarch64, task_id: 251, task_name: DASH_FFT, resource_name: cpu1, ref_start_time: 2119849179533363, ref_stop_time: 2119849179558053, actual_exe_time: 24690, task_app_start_time:2119848319684985, task_sched_time:2119849179490373
app_id: 0, app_name: pulse_doppler_api-aarch64, task_id: 252, task_name: DASH_FFT, resource_name: cpu2, ref_start_time: 2119849181622473, ref_stop_time: 2119849181648573, actual_exe_time: 26100, task_app_start_time:2119848319684985, task_sched_time:2119849181615423
app_id: 0, app_name: pulse_doppler_api-aarch64, task_id: 253, task_name: DASH_FFT, resource_name: cpu3, ref_start_time: 2119849182257394, ref_stop_time: 2119849182634404, actual_exe_time: 377010, task_app_start_time:2119848319684985, task_sched_time:2119849182253464
app_id: 0, app_name: pulse_doppler_api-aarch64, task_id: 254, task_name: DASH_ZIP, resource_name: zip1, ref_start_time: 2119849187194794, ref_stop_time: 2119849187239284, actual_exe_time: 44490, task_app_start_time:2119848319684985, task_sched_time:2119849187189064
app_id: 0, app_name: pulse_doppler_api-aarch64, task_id: 255, task_name: DASH_FFT, resource_name: cpu1, ref_start_time: 2119849187484174, ref_stop_time: 2119849187511114, actual_exe_time: 26940, task_app_start_time:2119848319684985, task_sched_time:2119849187468184
app_id: 0, app_name: pulse_doppler_api-aarch64, task_id: 256, task_name: DASH_FFT, resource_name: cpu2, ref_start_time: 2119849190451535, ref_stop_time: 2119849190481115, actual_exe_time: 29580, task_app_start_time:2119848319684985, task_sched_time:2119849190442355
app_id: 0, app_name: pulse_doppler_api-aarch64, task_id: 257, task_name: DASH_FFT, resource_name: cpu3, ref_start_time: 2119849190861185, ref_stop_time: 2119849190883655, actual_exe_time: 22470, task_app_start_time:2119848319684985, task_sched_time:2119849190854105
app_id: 0, app_name: pulse_doppler_api-aarch64, task_id: 258, task_name: DASH_ZIP, resource_name: zip1, ref_start_time: 2119849194367736, ref_stop_time: 2119849194410066, actual_exe_time: 42330, task_app_start_time:2119848319684985, task_sched_time:2119849194361466
app_id: 0, app_name: pulse_doppler_api-aarch64, task_id: 259, task_name: DASH_FFT, resource_name: cpu1, ref_start_time: 2119849196926316, ref_stop_time: 2119849196955116, actual_exe_time: 28800, task_app_start_time:2119848319684985, task_sched_time:2119849196915486
app_id: 0, app_name: pulse_doppler_api-aarch64, task_id: 260, task_name: DASH_FFT, resource_name: cpu2, ref_start_time: 2119849197773786, ref_stop_time: 2119849197874436, actual_exe_time: 100650, task_app_start_time:2119848319684985, task_sched_time:2119849197751736
app_id: 0, app_name: pulse_doppler_api-aarch64, task_id: 261, task_name: DASH_FFT, resource_name: cpu3, ref_start_time: 2119849202458077, ref_stop_time: 2119849202489547, actual_exe_time: 31470, task_app_start_time:2119848319684985, task_sched_time:2119849202450337
app_id: 0, app_name: pulse_doppler_api-aarch64, task_id: 262, task_name: DASH_ZIP, resource_name: zip1, ref_start_time: 2119849210652008, ref_stop_time: 2119849210696558, actual_exe_time: 44550, task_app_start_time:2119848319684985, task_sched_time:2119849210562008
app_id: 0, app_name: pulse_doppler_api-aarch64, task_id: 263, task_name: DASH_FFT, resource_name: cpu1, ref_start_time: 2119849214323799, ref_stop_time: 2119849214359589, actual_exe_time: 35790, task_app_start_time:2119848319684985, task_sched_time:2119849214311589
app_id: 0, app_name: pulse_doppler_api-aarch64, task_id: 264, task_name: DASH_FFT, resource_name: cpu2, ref_start_time: 2119849224470370, ref_stop_time: 2119849224506700, actual_exe_time: 36330, task_app_start_time:2119848319684985, task_sched_time:2119849222351110
app_id: 0, app_name: pulse_doppler_api-aarch64, task_id: 265, task_name: DASH_FFT, resource_name: cpu3, ref_start_time: 2119849225110030, ref_stop_time: 2119849225134930, actual_exe_time: 24900, task_app_start_time:2119848319684985, task_sched_time:2119849225103850
app_id: 0, app_name: pulse_doppler_api-aarch64, task_id: 266, task_name: DASH_ZIP, resource_name: zip1, ref_start_time: 2119849231113541, ref_stop_time: 2119849231156951, actual_exe_time: 43410, task_app_start_time:2119848319684985, task_sched_time:2119849231106431
app_id: 0, app_name: pulse_doppler_api-aarch64, task_id: 267, task_name: DASH_FFT, resource_name: cpu1, ref_start_time: 2119849231613492, ref_stop_time: 2119849231641542, actual_exe_time: 28050, task_app_start_time:2119848319684985, task_sched_time:2119849231605122
app_id: 0, app_name: pulse_doppler_api-aarch64, task_id: 268, task_name: DASH_FFT, resource_name: cpu2, ref_start_time: 2119849234772642, ref_stop_time: 2119849234800782, actual_exe_time: 28140, task_app_start_time:2119848319684985, task_sched_time:2119849234768952
app_id: 0, app_name: pulse_doppler_api-aarch64, task_id: 269, task_name: DASH_FFT, resource_name: cpu3, ref_start_time: 2119849238348763, ref_stop_time: 2119849238372193, actual_exe_time: 23430, task_app_start_time:2119848319684985, task_sched_time:2119849238339343
app_id: 0, app_name: pulse_doppler_api-aarch64, task_id: 270, task_name: DASH_ZIP, resource_name: zip1, ref_start_time: 2119849239019203, ref_stop_time: 2119849239060483, actual_exe_time: 41280, task_app_start_time:2119848319684985, task_sched_time:2119849239015123
app_id: 0, app_name: pulse_doppler_api-aarch64, task_id: 271, task_name: DASH_FFT, resource_name: cpu1, ref_start_time: 2119849239861813, ref_stop_time: 2119849239888423, actual_exe_time: 26610, task_app_start_time:2119848319684985, task_sched_time:2119849239842553
app_id: 0, app_name: pulse_doppler_api-aarch64, task_id: 272, task_name: DASH_FFT, resource_name: cpu2, ref_start_time: 2119849240705983, ref_stop_time: 2119849240732473, actual_exe_time: 26490, task_app_start_time:2119848319684985, task_sched_time:2119849240696743
app_id: 0, app_name: pulse_doppler_api-aarch64, task_id: 273, task_name: DASH_FFT, resource_name: cpu3, ref_start_time: 2119849242601773, ref_stop_time: 2119849242631323, actual_exe_time: 29550, task_app_start_time:2119848319684985, task_sched_time:2119849242597423
app_id: 0, app_name: pulse_doppler_api-aarch64, task_id: 274, task_name: DASH_ZIP, resource_name: zip1, ref_start_time: 2119849246518034, ref_stop_time: 2119849246562974, actual_exe_time: 44940, task_app_start_time:2119848319684985, task_sched_time:2119849246508554
app_id: 0, app_name: pulse_doppler_api-aarch64, task_id: 275, task_name: DASH_FFT, resource_name: cpu1, ref_start_time: 2119849246899754, ref_stop_time: 2119849246928704, actual_exe_time: 28950, task_app_start_time:2119848319684985, task_sched_time:2119849246896694
app_id: 0, app_name: pulse_doppler_api-aarch64, task_id: 276, task_name: DASH_FFT, resource_name: cpu2, ref_start_time: 2119849250344595, ref_stop_time: 2119849250373245, actual_exe_time: 28650, task_app_start_time:2119848319684985, task_sched_time:2119849250339345
app_id: 0, app_name: pulse_doppler_api-aarch64, task_id: 277, task_name: DASH_FFT, resource_name: cpu3, ref_start_time: 2119849250529005, ref_stop_time: 2119849250550875, actual_exe_time: 21870, task_app_start_time:2119848319684985, task_sched_time:2119849250520785
app_id: 0, app_name: pulse_doppler_api-aarch64, task_id: 278, task_name: DASH_ZIP, resource_name: zip1, ref_start_time: 2119849254748055, ref_stop_time: 2119849254789575, actual_exe_time: 41520, task_app_start_time:2119848319684985, task_sched_time:2119849254738875
app_id: 0, app_name: pulse_doppler_api-aarch64, task_id: 279, task_name: DASH_FFT, resource_name: cpu1, ref_start_time: 2119849255047875, ref_stop_time: 2119849255074605, actual_exe_time: 26730, task_app_start_time:2119848319684985, task_sched_time:2119849254986975
app_id: 0, app_name: pulse_doppler_api-aarch64, task_id: 280, task_name: DASH_FFT, resource_name: cpu2, ref_start_time: 2119849256000945, ref_stop_time: 2119849256026835, actual_exe_time: 25890, task_app_start_time:2119848319684985, task_sched_time:2119849255997285
app_id: 0, app_name: pulse_doppler_api-aarch64, task_id: 281, task_name: DASH_FFT, resource_name: cpu3, ref_start_time: 2119849258600716, ref_stop_time: 2119849258630866, actual_exe_time: 30150, task_app_start_time:2119848319684985, task_sched_time:2119849258592526
app_id: 0, app_name: pulse_doppler_api-aarch64, task_id: 282, task_name: DASH_ZIP, resource_name: zip1, ref_start_time: 2119849262514217, ref_stop_time: 2119849262559187, actual_exe_time: 44970, task_app_start_time:2119848319684985, task_sched_time:2119849262506657
app_id: 0, app_name: pulse_doppler_api-aarch64, task_id: 283, task_name: DASH_FFT, resource_name: cpu1, ref_start_time: 2119849262913727, ref_stop_time: 2119849262941477, actual_exe_time: 27750, task_app_start_time:2119848319684985, task_sched_time:2119849262904607
app_id: 0, app_name: pulse_doppler_api-aarch64, task_id: 284, task_name: DASH_FFT, resource_name: cpu2, ref_start_time: 2119849266642127, ref_stop_time: 2119849266671377, actual_exe_time: 29250, task_app_start_time:2119848319684985, task_sched_time:2119849266632827
app_id: 0, app_name: pulse_doppler_api-aarch64, task_id: 285, task_name: DASH_FFT, resource_name: cpu3, ref_start_time: 2119849266824587, ref_stop_time: 2119849266846307, actual_exe_time: 21720, task_app_start_time:2119848319684985, task_sched_time:2119849266821647
app_id: 0, app_name: pulse_doppler_api-aarch64, task_id: 286, task_name: DASH_ZIP, resource_name: zip1, ref_start_time: 2119849270778738, ref_stop_time: 2119849270820618, actual_exe_time: 41880, task_app_start_time:2119848319684985, task_sched_time:2119849270772678
app_id: 0, app_name: pulse_doppler_api-aarch64, task_id: 287, task_name: DASH_FFT, resource_name: cpu1, ref_start_time: 2119849271458388, ref_stop_time: 2119849271485418, actual_exe_time: 27030, task_app_start_time:2119848319684985, task_sched_time:2119849271204558
app_id: 0, app_name: pulse_doppler_api-aarch64, task_id: 288, task_name: DASH_FFT, resource_name: cpu2, ref_start_time: 2119849272227498, ref_stop_time: 2119849272254018, actual_exe_time: 26520, task_app_start_time:2119848319684985, task_sched_time:2119849272219668
app_id: 0, app_name: pulse_doppler_api-aarch64, task_id: 289, task_name: DASH_FFT, resource_name: cpu3, ref_start_time: 2119849278715779, ref_stop_time: 2119849278750909, actual_exe_time: 35130, task_app_start_time:2119848319684985, task_sched_time:2119849278706839
app_id: 0, app_name: pulse_doppler_api-aarch64, task_id: 290, task_name: DASH_ZIP, resource_name: zip1, ref_start_time: 2119849279313229, ref_stop_time: 2119849279355679, actual_exe_time: 42450, task_app_start_time:2119848319684985, task_sched_time:2119849279305069
app_id: 0, app_name: pulse_doppler_api-aarch64, task_id: 291, task_name: DASH_FFT, resource_name: cpu1, ref_start_time: 2119849279656489, ref_stop_time: 2119849279680789, actual_exe_time: 24300, task_app_start_time:2119848319684985, task_sched_time:2119849279651659
app_id: 0, app_name: pulse_doppler_api-aarch64, task_id: 292, task_name: DASH_FFT, resource_name: cpu2, ref_start_time: 2119849282335160, ref_stop_time: 2119849282362310, actual_exe_time: 27150, task_app_start_time:2119848319684985, task_sched_time:2119849282331920
app_id: 0, app_name: pulse_doppler_api-aarch64, task_id: 293, task_name: DASH_FFT, resource_name: cpu3, ref_start_time: 2119849285810030, ref_stop_time: 2119849285833550, actual_exe_time: 23520, task_app_start_time:2119848319684985, task_sched_time:2119849285805290
app_id: 0, app_name: pulse_doppler_api-aarch64, task_id: 294, task_name: DASH_ZIP, resource_name: zip1, ref_start_time: 2119849286480740, ref_stop_time: 2119849286521780, actual_exe_time: 41040, task_app_start_time:2119848319684985, task_sched_time:2119849286473450
app_id: 0, app_name: pulse_doppler_api-aarch64, task_id: 295, task_name: DASH_FFT, resource_name: cpu1, ref_start_time: 2119849287403241, ref_stop_time: 2119849287430001, actual_exe_time: 26760, task_app_start_time:2119848319684985, task_sched_time:2119849287343961
app_id: 0, app_name: pulse_doppler_api-aarch64, task_id: 296, task_name: DASH_FFT, resource_name: cpu2, ref_start_time: 2119849290530111, ref_stop_time: 2119849290563771, actual_exe_time: 33660, task_app_start_time:2119848319684985, task_sched_time:2119849290521921
app_id: 0, app_name: pulse_doppler_api-aarch64, task_id: 297, task_name: DASH_FFT, resource_name: cpu3, ref_start_time: 2119849294396452, ref_stop_time: 2119849294428402, actual_exe_time: 31950, task_app_start_time:2119848319684985, task_sched_time:2119849294386792
app_id: 0, app_name: pulse_doppler_api-aarch64, task_id: 298, task_name: DASH_ZIP, resource_name: zip1, ref_start_time: 2119849298453862, ref_stop_time: 2119849298497692, actual_exe_time: 43830, task_app_start_time:2119848319684985, task_sched_time:2119849298449722
app_id: 0, app_name: pulse_doppler_api-aarch64, task_id: 299, task_name: DASH_FFT, resource_name: cpu1, ref_start_time: 2119849301119513, ref_stop_time: 2119849301148703, actual_exe_time: 29190, task_app_start_time:2119848319684985, task_sched_time:2119849301084293
app_id: 0, app_name: pulse_doppler_api-aarch64, task_id: 300, task_name: DASH_FFT, resource_name: cpu2, ref_start_time: 2119849306406804, ref_stop_time: 2119849306441544, actual_exe_time: 34740, task_app_start_time:2119848319684985, task_sched_time:2119849306395494
app_id: 0, app_name: pulse_doppler_api-aarch64, task_id: 301, task_name: DASH_FFT, resource_name: cpu3, ref_start_time: 2119849310638574, ref_stop_time: 2119849310669234, actual_exe_time: 30660, task_app_start_time:2119848319684985, task_sched_time:2119849310631824
app_id: 0, app_name: pulse_doppler_api-aarch64, task_id: 302, task_name: DASH_ZIP, resource_name: zip1, ref_start_time: 2119849314373275, ref_stop_time: 2119849314416895, actual_exe_time: 43620, task_app_start_time:2119848319684985, task_sched_time:2119849314368445
app_id: 0, app_name: pulse_doppler_api-aarch64, task_id: 303, task_name: DASH_FFT, resource_name: cpu1, ref_start_time: 2119849315451085, ref_stop_time: 2119849315479645, actual_exe_time: 28560, task_app_start_time:2119848319684985, task_sched_time:2119849315442865
app_id: 0, app_name: pulse_doppler_api-aarch64, task_id: 304, task_name: DASH_FFT, resource_name: cpu2, ref_start_time: 2119849318690606, ref_stop_time: 2119849318725226, actual_exe_time: 34620, task_app_start_time:2119848319684985, task_sched_time:2119849318681666
app_id: 0, app_name: pulse_doppler_api-aarch64, task_id: 305, task_name: DASH_FFT, resource_name: cpu3, ref_start_time: 2119849322387296, ref_stop_time: 2119849322417206, actual_exe_time: 29910, task_app_start_time:2119848319684985, task_sched_time:2119849322376436
app_id: 0, app_name: pulse_doppler_api-aarch64, task_id: 306, task_name: DASH_ZIP, resource_name: zip1, ref_start_time: 2119849326463307, ref_stop_time: 2119849326506417, actual_exe_time: 43110, task_app_start_time:2119848319684985, task_sched_time:2119849326455627
app_id: 0, app_name: pulse_doppler_api-aarch64, task_id: 307, task_name: DASH_FFT, resource_name: cpu1, ref_start_time: 2119849329648557, ref_stop_time: 2119849329679247, actual_exe_time: 30690, task_app_start_time:2119848319684985, task_sched_time:2119849329580757
app_id: 0, app_name: pulse_doppler_api-aarch64, task_id: 308, task_name: DASH_FFT, resource_name: cpu2, ref_start_time: 2119849334456988, ref_stop_time: 2119849334494098, actual_exe_time: 37110, task_app_start_time:2119848319684985, task_sched_time:2119849334447898
app_id: 0, app_name: pulse_doppler_api-aarch64, task_id: 309, task_name: DASH_FFT, resource_name: cpu3, ref_start_time: 2119849334807418, ref_stop_time: 2119849334830788, actual_exe_time: 23370, task_app_start_time:2119848319684985, task_sched_time:2119849334802828
app_id: 0, app_name: pulse_doppler_api-aarch64, task_id: 310, task_name: DASH_ZIP, resource_name: zip1, ref_start_time: 2119849338465859, ref_stop_time: 2119849338510019, actual_exe_time: 44160, task_app_start_time:2119848319684985, task_sched_time:2119849338455839
app_id: 0, app_name: pulse_doppler_api-aarch64, task_id: 311, task_name: DASH_FFT, resource_name: cpu1, ref_start_time: 2119849342889269, ref_stop_time: 2119849343210149, actual_exe_time: 320880, task_app_start_time:2119848319684985, task_sched_time:2119849342768219
app_id: 0, app_name: pulse_doppler_api-aarch64, task_id: 312, task_name: DASH_FFT, resource_name: cpu2, ref_start_time: 2119849344046730, ref_stop_time: 2119849344073730, actual_exe_time: 27000, task_app_start_time:2119848319684985, task_sched_time:2119849344040850
app_id: 0, app_name: pulse_doppler_api-aarch64, task_id: 313, task_name: DASH_FFT, resource_name: cpu3, ref_start_time: 2119849344441620, ref_stop_time: 2119849344465470, actual_exe_time: 23850, task_app_start_time:2119848319684985, task_sched_time:2119849344317870
app_id: 0, app_name: pulse_doppler_api-aarch64, task_id: 314, task_name: DASH_ZIP, resource_name: zip1, ref_start_time: 2119849347876320, ref_stop_time: 2119849347919760, actual_exe_time: 43440, task_app_start_time:2119848319684985, task_sched_time:2119849347868850
app_id: 0, app_name: pulse_doppler_api-aarch64, task_id: 315, task_name: DASH_FFT, resource_name: cpu1, ref_start_time: 2119849350912171, ref_stop_time: 2119849350944871, actual_exe_time: 32700, task_app_start_time:2119848319684985, task_sched_time:2119849350907641
app_id: 0, app_name: pulse_doppler_api-aarch64, task_id: 316, task_name: DASH_FFT, resource_name: cpu2, ref_start_time: 2119849354345521, ref_stop_time: 2119849354374561, actual_exe_time: 29040, task_app_start_time:2119848319684985, task_sched_time:2119849354337841
app_id: 0, app_name: pulse_doppler_api-aarch64, task_id: 317, task_name: DASH_FFT, resource_name: cpu3, ref_start_time: 2119849358617762, ref_stop_time: 2119849358644732, actual_exe_time: 26970, task_app_start_time:2119848319684985, task_sched_time:2119849358610982
app_id: 0, app_name: pulse_doppler_api-aarch64, task_id: 318, task_name: DASH_ZIP, resource_name: zip1, ref_start_time: 2119849366342703, ref_stop_time: 2119849366392623, actual_exe_time: 49920, task_app_start_time:2119848319684985, task_sched_time:2119849362498773
app_id: 0, app_name: pulse_doppler_api-aarch64, task_id: 319, task_name: DASH_FFT, resource_name: cpu1, ref_start_time: 2119849366976693, ref_stop_time: 2119849367005883, actual_exe_time: 29190, task_app_start_time:2119848319684985, task_sched_time:2119849366871783
app_id: 0, app_name: pulse_doppler_api-aarch64, task_id: 320, task_name: DASH_FFT, resource_name: cpu2, ref_start_time: 2119849367563133, ref_stop_time: 2119849367684603, actual_exe_time: 121470, task_app_start_time:2119848319684985, task_sched_time:2119849367554763
app_id: 0, app_name: pulse_doppler_api-aarch64, task_id: 321, task_name: DASH_FFT, resource_name: cpu3, ref_start_time: 2119849370326884, ref_stop_time: 2119849370353194, actual_exe_time: 26310, task_app_start_time:2119848319684985, task_sched_time:2119849368004463
app_id: 0, app_name: pulse_doppler_api-aarch64, task_id: 322, task_name: DASH_ZIP, resource_name: zip1, ref_start_time: 2119849370839584, ref_stop_time: 2119849370881494, actual_exe_time: 41910, task_app_start_time:2119848319684985, task_sched_time:2119849370831034
app_id: 0, app_name: pulse_doppler_api-aarch64, task_id: 323, task_name: DASH_FFT, resource_name: cpu1, ref_start_time: 2119849371075954, ref_stop_time: 2119849371100254, actual_exe_time: 24300, task_app_start_time:2119848319684985, task_sched_time:2119849371071634
app_id: 0, app_name: pulse_doppler_api-aarch64, task_id: 324, task_name: DASH_FFT, resource_name: cpu2, ref_start_time: 2119849371772194, ref_stop_time: 2119849371798504, actual_exe_time: 26310, task_app_start_time:2119848319684985, task_sched_time:2119849371767124
app_id: 0, app_name: pulse_doppler_api-aarch64, task_id: 325, task_name: DASH_FFT, resource_name: cpu3, ref_start_time: 2119849372380894, ref_stop_time: 2119849372404534, actual_exe_time: 23640, task_app_start_time:2119848319684985, task_sched_time:2119849372180434
app_id: 0, app_name: pulse_doppler_api-aarch64, task_id: 326, task_name: DASH_ZIP, resource_name: zip1, ref_start_time: 2119849373158884, ref_stop_time: 2119849373202414, actual_exe_time: 43530, task_app_start_time:2119848319684985, task_sched_time:2119849373154414
app_id: 0, app_name: pulse_doppler_api-aarch64, task_id: 327, task_name: DASH_FFT, resource_name: cpu1, ref_start_time: 2119849378585705, ref_stop_time: 2119849378619725, actual_exe_time: 34020, task_app_start_time:2119848319684985, task_sched_time:2119849378520905
app_id: 0, app_name: pulse_doppler_api-aarch64, task_id: 328, task_name: DASH_FFT, resource_name: cpu2, ref_start_time: 2119849379275405, ref_stop_time: 2119849379301505, actual_exe_time: 26100, task_app_start_time:2119848319684985, task_sched_time:2119849379272135
app_id: 0, app_name: pulse_doppler_api-aarch64, task_id: 329, task_name: DASH_FFT, resource_name: cpu3, ref_start_time: 2119849382998136, ref_stop_time: 2119849383023396, actual_exe_time: 25260, task_app_start_time:2119848319684985, task_sched_time:2119849382988386
app_id: 0, app_name: pulse_doppler_api-aarch64, task_id: 330, task_name: DASH_ZIP, resource_name: zip1, ref_start_time: 2119849386373766, ref_stop_time: 2119849386416966, actual_exe_time: 43200, task_app_start_time:2119848319684985, task_sched_time:2119849386365006
app_id: 0, app_name: pulse_doppler_api-aarch64, task_id: 331, task_name: DASH_FFT, resource_name: cpu1, ref_start_time: 2119849386899307, ref_stop_time: 2119849386925887, actual_exe_time: 26580, task_app_start_time:2119848319684985, task_sched_time:2119849386827667
app_id: 0, app_name: pulse_doppler_api-aarch64, task_id: 332, task_name: DASH_FFT, resource_name: cpu2, ref_start_time: 2119849388051247, ref_stop_time: 2119849388077527, actual_exe_time: 26280, task_app_start_time:2119848319684985, task_sched_time:2119849388047407
app_id: 0, app_name: pulse_doppler_api-aarch64, task_id: 333, task_name: DASH_FFT, resource_name: cpu3, ref_start_time: 2119849391785977, ref_stop_time: 2119849391814837, actual_exe_time: 28860, task_app_start_time:2119848319684985, task_sched_time:2119849391780217
app_id: 0, app_name: pulse_doppler_api-aarch64, task_id: 334, task_name: DASH_ZIP, resource_name: zip1, ref_start_time: 2119849394888338, ref_stop_time: 2119849394932828, actual_exe_time: 44490, task_app_start_time:2119848319684985, task_sched_time:2119849394880478
app_id: 0, app_name: pulse_doppler_api-aarch64, task_id: 335, task_name: DASH_FFT, resource_name: cpu1, ref_start_time: 2119849398623128, ref_stop_time: 2119849398654148, actual_exe_time: 31020, task_app_start_time:2119848319684985, task_sched_time:2119849398617218
app_id: 0, app_name: pulse_doppler_api-aarch64, task_id: 336, task_name: DASH_FFT, resource_name: cpu2, ref_start_time: 2119849399289339, ref_stop_time: 2119849399315439, actual_exe_time: 26100, task_app_start_time:2119848319684985, task_sched_time:2119849399284989
app_id: 0, app_name: pulse_doppler_api-aarch64, task_id: 337, task_name: DASH_FFT, resource_name: cpu3, ref_start_time: 2119849401812099, ref_stop_time: 2119849401835739, actual_exe_time: 23640, task_app_start_time:2119848319684985, task_sched_time:2119849401807029
app_id: 0, app_name: pulse_doppler_api-aarch64, task_id: 338, task_name: DASH_ZIP, resource_name: zip1, ref_start_time: 2119849403081579, ref_stop_time: 2119849403123909, actual_exe_time: 42330, task_app_start_time:2119848319684985, task_sched_time:2119849403077559
app_id: 0, app_name: pulse_doppler_api-aarch64, task_id: 339, task_name: DASH_FFT, resource_name: cpu1, ref_start_time: 2119849406495820, ref_stop_time: 2119849406528400, actual_exe_time: 32580, task_app_start_time:2119848319684985, task_sched_time:2119849406458500
app_id: 0, app_name: pulse_doppler_api-aarch64, task_id: 340, task_name: DASH_FFT, resource_name: cpu2, ref_start_time: 2119849410693870, ref_stop_time: 2119849410729540, actual_exe_time: 35670, task_app_start_time:2119848319684985, task_sched_time:2119849410687780
app_id: 0, app_name: pulse_doppler_api-aarch64, task_id: 341, task_name: DASH_FFT, resource_name: cpu3, ref_start_time: 2119849411164630, ref_stop_time: 2119849411187280, actual_exe_time: 22650, task_app_start_time:2119848319684985, task_sched_time:2119849411158000
app_id: 0, app_name: pulse_doppler_api-aarch64, task_id: 342, task_name: DASH_ZIP, resource_name: zip1, ref_start_time: 2119849414440421, ref_stop_time: 2119849414482601, actual_exe_time: 42180, task_app_start_time:2119848319684985, task_sched_time:2119849414436071
app_id: 0, app_name: pulse_doppler_api-aarch64, task_id: 343, task_name: DASH_FFT, resource_name: cpu1, ref_start_time: 2119849417198531, ref_stop_time: 2119849417227781, actual_exe_time: 29250, task_app_start_time:2119848319684985, task_sched_time:2119849417184521
app_id: 0, app_name: pulse_doppler_api-aarch64, task_id: 344, task_name: DASH_FFT, resource_name: cpu2, ref_start_time: 2119849418219582, ref_stop_time: 2119849418247002, actual_exe_time: 27420, task_app_start_time:2119848319684985, task_sched_time:2119849418214362
app_id: 0, app_name: pulse_doppler_api-aarch64, task_id: 345, task_name: DASH_FFT, resource_name: cpu3, ref_start_time: 2119849418637182, ref_stop_time: 2119849418659502, actual_exe_time: 22320, task_app_start_time:2119848319684985, task_sched_time:2119849418631872
app_id: 0, app_name: pulse_doppler_api-aarch64, task_id: 346, task_name: DASH_ZIP, resource_name: zip1, ref_start_time: 2119849422246212, ref_stop_time: 2119849422382352, actual_exe_time: 136140, task_app_start_time:2119848319684985, task_sched_time:2119849422236312
app_id: 0, app_name: pulse_doppler_api-aarch64, task_id: 347, task_name: DASH_FFT, resource_name: cpu1, ref_start_time: 2119849430450074, ref_stop_time: 2119849430480614, actual_exe_time: 30540, task_app_start_time:2119848319684985, task_sched_time:2119849430424274
app_id: 0, app_name: pulse_doppler_api-aarch64, task_id: 348, task_name: DASH_FFT, resource_name: cpu2, ref_start_time: 2119849430748184, ref_stop_time: 2119849430774254, actual_exe_time: 26070, task_app_start_time:2119848319684985, task_sched_time:2119849430742274
app_id: 0, app_name: pulse_doppler_api-aarch64, task_id: 349, task_name: DASH_FFT, resource_name: cpu3, ref_start_time: 2119849432600384, ref_stop_time: 2119849432623274, actual_exe_time: 22890, task_app_start_time:2119848319684985, task_sched_time:2119849432590604
app_id: 0, app_name: pulse_doppler_api-aarch64, task_id: 350, task_name: DASH_ZIP, resource_name: zip1, ref_start_time: 2119849434788914, ref_stop_time: 2119849434832924, actual_exe_time: 44010, task_app_start_time:2119848319684985, task_sched_time:2119849434778714
app_id: 0, app_name: pulse_doppler_api-aarch64, task_id: 351, task_name: DASH_FFT, resource_name: cpu1, ref_start_time: 2119849438518725, ref_stop_time: 2119849438551515, actual_exe_time: 32790, task_app_start_time:2119848319684985, task_sched_time:2119849438467815
app_id: 0, app_name: pulse_doppler_api-aarch64, task_id: 352, task_name: DASH_FFT, resource_name: cpu2, ref_start_time: 2119849442351315, ref_stop_time: 2119849442382305, actual_exe_time: 30990, task_app_start_time:2119848319684985, task_sched_time:2119849442343785
app_id: 0, app_name: pulse_doppler_api-aarch64, task_id: 353, task_name: DASH_FFT, resource_name: cpu3, ref_start_time: 2119849442786526, ref_stop_time: 2119849442807946, actual_exe_time: 21420, task_app_start_time:2119848319684985, task_sched_time:2119849442777736
app_id: 0, app_name: pulse_doppler_api-aarch64, task_id: 354, task_name: DASH_ZIP, resource_name: zip1, ref_start_time: 2119849446778656, ref_stop_time: 2119849446820176, actual_exe_time: 41520, task_app_start_time:2119848319684985, task_sched_time:2119849446771636
app_id: 0, app_name: pulse_doppler_api-aarch64, task_id: 355, task_name: DASH_FFT, resource_name: cpu1, ref_start_time: 2119849447240536, ref_stop_time: 2119849447266546, actual_exe_time: 26010, task_app_start_time:2119848319684985, task_sched_time:2119849447023336
app_id: 0, app_name: pulse_doppler_api-aarch64, task_id: 356, task_name: DASH_FFT, resource_name: cpu2, ref_start_time: 2119849447997016, ref_stop_time: 2119849448023416, actual_exe_time: 26400, task_app_start_time:2119848319684985, task_sched_time:2119849447992366
app_id: 0, app_name: pulse_doppler_api-aarch64, task_id: 357, task_name: DASH_FFT, resource_name: cpu3, ref_start_time: 2119849448442906, ref_stop_time: 2119849448465166, actual_exe_time: 22260, task_app_start_time:2119848319684985, task_sched_time:2119849448439546
app_id: 0, app_name: pulse_doppler_api-aarch64, task_id: 358, task_name: DASH_ZIP, resource_name: zip1, ref_start_time: 2119849454761597, ref_stop_time: 2119849454805817, actual_exe_time: 44220, task_app_start_time:2119848319684985, task_sched_time:2119849454753587
app_id: 0, app_name: pulse_doppler_api-aarch64, task_id: 359, task_name: DASH_FFT, resource_name: cpu1, ref_start_time: 2119849455480248, ref_stop_time: 2119849455559538, actual_exe_time: 79290, task_app_start_time:2119848319684985, task_sched_time:2119849455283838
app_id: 0, app_name: pulse_doppler_api-aarch64, task_id: 360, task_name: DASH_FFT, resource_name: cpu2, ref_start_time: 2119849458336728, ref_stop_time: 2119849458364448, actual_exe_time: 27720, task_app_start_time:2119848319684985, task_sched_time:2119849458330938
app_id: 0, app_name: pulse_doppler_api-aarch64, task_id: 361, task_name: DASH_FFT, resource_name: cpu3, ref_start_time: 2119849462140039, ref_stop_time: 2119849462163079, actual_exe_time: 23040, task_app_start_time:2119848319684985, task_sched_time:2119849462135809
app_id: 0, app_name: pulse_doppler_api-aarch64, task_id: 362, task_name: DASH_ZIP, resource_name: zip1, ref_start_time: 2119849462777869, ref_stop_time: 2119849462819209, actual_exe_time: 41340, task_app_start_time:2119848319684985, task_sched_time:2119849462770789
app_id: 0, app_name: pulse_doppler_api-aarch64, task_id: 363, task_name: DASH_FFT, resource_name: cpu1, ref_start_time: 2119849463250879, ref_stop_time: 2119849463276859, actual_exe_time: 25980, task_app_start_time:2119848319684985, task_sched_time:2119849463199369
app_id: 0, app_name: pulse_doppler_api-aarch64, task_id: 364, task_name: DASH_FFT, resource_name: cpu2, ref_start_time: 2119849464116919, ref_stop_time: 2119849464143559, actual_exe_time: 26640, task_app_start_time:2119848319684985, task_sched_time:2119849464110079
app_id: 0, app_name: pulse_doppler_api-aarch64, task_id: 365, task_name: DASH_FFT, resource_name: cpu3, ref_start_time: 2119849464479439, ref_stop_time: 2119849464500889, actual_exe_time: 21450, task_app_start_time:2119848319684985, task_sched_time:2119849464476049
app_id: 0, app_name: pulse_doppler_api-aarch64, task_id: 366, task_name: DASH_ZIP, resource_name: zip1, ref_start_time: 2119849470503350, ref_stop_time: 2119849470552670, actual_exe_time: 49320, task_app_start_time:2119848319684985, task_sched_time:2119849470496780
app_id: 0, app_name: pulse_doppler_api-aarch64, task_id: 367, task_name: DASH_FFT, resource_name: cpu1, ref_start_time: 2119849474476791, ref_stop_time: 2119849474508201, actual_exe_time: 31410, task_app_start_time:2119848319684985, task_sched_time:2119849474467281
app_id: 0, app_name: pulse_doppler_api-aarch64, task_id: 368, task_name: DASH_FFT, resource_name: cpu2, ref_start_time: 2119849478249591, ref_stop_time: 2119849478298431, actual_exe_time: 48840, task_app_start_time:2119848319684985, task_sched_time:2119849478244731
app_id: 0, app_name: pulse_doppler_api-aarch64, task_id: 369, task_name: DASH_FFT, resource_name: cpu3, ref_start_time: 2119849482316122, ref_stop_time: 2119849482351402, actual_exe_time: 35280, task_app_start_time:2119848319684985, task_sched_time:2119849479061481
app_id: 0, app_name: pulse_doppler_api-aarch64, task_id: 370, task_name: DASH_ZIP, resource_name: zip1, ref_start_time: 2119849483092702, ref_stop_time: 2119849483135032, actual_exe_time: 42330, task_app_start_time:2119848319684985, task_sched_time:2119849483086582
app_id: 0, app_name: pulse_doppler_api-aarch64, task_id: 371, task_name: DASH_FFT, resource_name: cpu1, ref_start_time: 2119849483595142, ref_stop_time: 2119849483621062, actual_exe_time: 25920, task_app_start_time:2119848319684985, task_sched_time:2119849483589502
app_id: 0, app_name: pulse_doppler_api-aarch64, task_id: 372, task_name: DASH_FFT, resource_name: cpu2, ref_start_time: 2119849484177862, ref_stop_time: 2119849484203662, actual_exe_time: 25800, task_app_start_time:2119848319684985, task_sched_time:2119849484171742
app_id: 0, app_name: pulse_doppler_api-aarch64, task_id: 373, task_name: DASH_FFT, resource_name: cpu3, ref_start_time: 2119849486330813, ref_stop_time: 2119849486356553, actual_exe_time: 25740, task_app_start_time:2119848319684985, task_sched_time:2119849484672832
app_id: 0, app_name: pulse_doppler_api-aarch64, task_id: 374, task_name: DASH_ZIP, resource_name: zip1, ref_start_time: 2119849486883233, ref_stop_time: 2119849486925383, actual_exe_time: 42150, task_app_start_time:2119848319684985, task_sched_time:2119849486875463
app_id: 0, app_name: pulse_doppler_api-aarch64, task_id: 375, task_name: DASH_FFT, resource_name: cpu1, ref_start_time: 2119849487444263, ref_stop_time: 2119849487468323, actual_exe_time: 24060, task_app_start_time:2119848319684985, task_sched_time:2119849487392243
app_id: 0, app_name: pulse_doppler_api-aarch64, task_id: 376, task_name: DASH_FFT, resource_name: cpu2, ref_start_time: 2119849488278143, ref_stop_time: 2119849488305563, actual_exe_time: 27420, task_app_start_time:2119848319684985, task_sched_time:2119849488274843
app_id: 0, app_name: pulse_doppler_api-aarch64, task_id: 377, task_name: DASH_FFT, resource_name: cpu3, ref_start_time: 2119849490331973, ref_stop_time: 2119849490356693, actual_exe_time: 24720, task_app_start_time:2119848319684985, task_sched_time:2119849488635863
app_id: 0, app_name: pulse_doppler_api-aarch64, task_id: 378, task_name: DASH_ZIP, resource_name: zip1, ref_start_time: 2119849491022633, ref_stop_time: 2119849491064513, actual_exe_time: 41880, task_app_start_time:2119848319684985, task_sched_time:2119849491016993
app_id: 0, app_name: pulse_doppler_api-aarch64, task_id: 379, task_name: DASH_FFT, resource_name: cpu1, ref_start_time: 2119849491492943, ref_stop_time: 2119849491516973, actual_exe_time: 24030, task_app_start_time:2119848319684985, task_sched_time:2119849491487093
app_id: 0, app_name: pulse_doppler_api-aarch64, task_id: 380, task_name: DASH_FFT, resource_name: cpu2, ref_start_time: 2119849492085023, ref_stop_time: 2119849492110253, actual_exe_time: 25230, task_app_start_time:2119848319684985, task_sched_time:2119849492078693
app_id: 0, app_name: pulse_doppler_api-aarch64, task_id: 381, task_name: DASH_FFT, resource_name: cpu3, ref_start_time: 2119849492978724, ref_stop_time: 2119849493003834, actual_exe_time: 25110, task_app_start_time:2119848319684985, task_sched_time:2119849492436924
app_id: 0, app_name: pulse_doppler_api-aarch64, task_id: 382, task_name: DASH_ZIP, resource_name: zip1, ref_start_time: 2119849493748314, ref_stop_time: 2119849493791154, actual_exe_time: 42840, task_app_start_time:2119848319684985, task_sched_time:2119849493742104
app_id: 0, app_name: pulse_doppler_api-aarch64, task_id: 383, task_name: DASH_FFT, resource_name: cpu1, ref_start_time: 2119849494593894, ref_stop_time: 2119849494620714, actual_exe_time: 26820, task_app_start_time:2119848319684985, task_sched_time:2119849494586094
app_id: 0, app_name: pulse_doppler_api-aarch64, task_id: 384, task_name: DASH_FFT, resource_name: cpu2, ref_start_time: 2119849495025354, ref_stop_time: 2119849495050734, actual_exe_time: 25380, task_app_start_time:2119848319684985, task_sched_time:2119849495020824
app_id: 0, app_name: pulse_doppler_api-aarch64, task_id: 385, task_name: DASH_FFT, resource_name: cpu3, ref_start_time: 2119849498566344, ref_stop_time: 2119849498596375, actual_exe_time: 30031, task_app_start_time:2119848319684985, task_sched_time:2119849498558634
app_id: 0, app_name: pulse_doppler_api-aarch64, task_id: 386, task_name: DASH_ZIP, resource_name: zip1, ref_start_time: 2119849499754675, ref_stop_time: 2119849499797785, actual_exe_time: 43110, task_app_start_time:2119848319684985, task_sched_time:2119849499750595
app_id: 0, app_name: pulse_doppler_api-aarch64, task_id: 387, task_name: DASH_FFT, resource_name: cpu1, ref_start_time: 2119849503050325, ref_stop_time: 2119849503080265, actual_exe_time: 29940, task_app_start_time:2119848319684985, task_sched_time:2119849503001125
app_id: 0, app_name: pulse_doppler_api-aarch64, task_id: 388, task_name: DASH_FFT, resource_name: cpu2, ref_start_time: 2119849506759256, ref_stop_time: 2119849506788176, actual_exe_time: 28920, task_app_start_time:2119848319684985, task_sched_time:2119849506752176
app_id: 0, app_name: pulse_doppler_api-aarch64, task_id: 389, task_name: DASH_FFT, resource_name: cpu3, ref_start_time: 2119849507199146, ref_stop_time: 2119849507222306, actual_exe_time: 23160, task_app_start_time:2119848319684985, task_sched_time:2119849507190866
app_id: 0, app_name: pulse_doppler_api-aarch64, task_id: 390, task_name: DASH_ZIP, resource_name: zip1, ref_start_time: 2119849508038696, ref_stop_time: 2119849508080396, actual_exe_time: 41700, task_app_start_time:2119848319684985, task_sched_time:2119849508032816
app_id: 0, app_name: pulse_doppler_api-aarch64, task_id: 391, task_name: DASH_FFT, resource_name: cpu1, ref_start_time: 2119849510503166, ref_stop_time: 2119849510529836, actual_exe_time: 26670, task_app_start_time:2119848319684985, task_sched_time:2119849510491286
app_id: 0, app_name: pulse_doppler_api-aarch64, task_id: 392, task_name: DASH_FFT, resource_name: cpu2, ref_start_time: 2119849511472017, ref_stop_time: 2119849511499707, actual_exe_time: 27690, task_app_start_time:2119848319684985, task_sched_time:2119849511463497
app_id: 0, app_name: pulse_doppler_api-aarch64, task_id: 393, task_name: DASH_FFT, resource_name: cpu3, ref_start_time: 2119849512027437, ref_stop_time: 2119849512049937, actual_exe_time: 22500, task_app_start_time:2119848319684985, task_sched_time:2119849512019727
app_id: 0, app_name: pulse_doppler_api-aarch64, task_id: 394, task_name: DASH_ZIP, resource_name: zip1, ref_start_time: 2119849514422007, ref_stop_time: 2119849514468327, actual_exe_time: 46320, task_app_start_time:2119848319684985, task_sched_time:2119849512900677
app_id: 0, app_name: pulse_doppler_api-aarch64, task_id: 395, task_name: DASH_FFT, resource_name: cpu1, ref_start_time: 2119849515061067, ref_stop_time: 2119849515087467, actual_exe_time: 26400, task_app_start_time:2119848319684985, task_sched_time:2119849515047177
app_id: 0, app_name: pulse_doppler_api-aarch64, task_id: 396, task_name: DASH_FFT, resource_name: cpu2, ref_start_time: 2119849515686117, ref_stop_time: 2119849515712667, actual_exe_time: 26550, task_app_start_time:2119848319684985, task_sched_time:2119849515677627
app_id: 0, app_name: pulse_doppler_api-aarch64, task_id: 397, task_name: DASH_FFT, resource_name: cpu3, ref_start_time: 2119849516740017, ref_stop_time: 2119849516765517, actual_exe_time: 25500, task_app_start_time:2119848319684985, task_sched_time:2119849515984617
app_id: 0, app_name: pulse_doppler_api-aarch64, task_id: 398, task_name: DASH_ZIP, resource_name: zip1, ref_start_time: 2119849522824798, ref_stop_time: 2119849522871238, actual_exe_time: 46440, task_app_start_time:2119848319684985, task_sched_time:2119849522814178
app_id: 0, app_name: pulse_doppler_api-aarch64, task_id: 399, task_name: DASH_FFT, resource_name: cpu1, ref_start_time: 2119849523417388, ref_stop_time: 2119849523444869, actual_exe_time: 27481, task_app_start_time:2119848319684985, task_sched_time:2119849523414028
app_id: 0, app_name: pulse_doppler_api-aarch64, task_id: 400, task_name: DASH_FFT, resource_name: cpu2, ref_start_time: 2119849524074689, ref_stop_time: 2119849524100249, actual_exe_time: 25560, task_app_start_time:2119848319684985, task_sched_time:2119849524069859
app_id: 0, app_name: pulse_doppler_api-aarch64, task_id: 401, task_name: DASH_FFT, resource_name: cpu3, ref_start_time: 2119849524438769, ref_stop_time: 2119849524460369, actual_exe_time: 21600, task_app_start_time:2119848319684985, task_sched_time:2119849524431659
app_id: 0, app_name: pulse_doppler_api-aarch64, task_id: 402, task_name: DASH_ZIP, resource_name: zip1, ref_start_time: 2119849527544069, ref_stop_time: 2119849527585319, actual_exe_time: 41250, task_app_start_time:2119848319684985, task_sched_time:2119849527539929
app_id: 0, app_name: pulse_doppler_api-aarch64, task_id: 403, task_name: DASH_FFT, resource_name: cpu1, ref_start_time: 2119849528249639, ref_stop_time: 2119849528274449, actual_exe_time: 24810, task_app_start_time:2119848319684985, task_sched_time:2119849528171219
app_id: 0, app_name: pulse_doppler_api-aarch64, task_id: 404, task_name: DASH_FFT, resource_name: cpu2, ref_start_time: 2119849529304709, ref_stop_time: 2119849529332309, actual_exe_time: 27600, task_app_start_time:2119848319684985, task_sched_time:2119849529296999
app_id: 0, app_name: pulse_doppler_api-aarch64, task_id: 405, task_name: DASH_FFT, resource_name: cpu3, ref_start_time: 2119849529679980, ref_stop_time: 2119849529701280, actual_exe_time: 21300, task_app_start_time:2119848319684985, task_sched_time:2119849529675570
app_id: 0, app_name: pulse_doppler_api-aarch64, task_id: 406, task_name: DASH_ZIP, resource_name: zip1, ref_start_time: 2119849538337711, ref_stop_time: 2119849538388501, actual_exe_time: 50790, task_app_start_time:2119848319684985, task_sched_time:2119849533907520
app_id: 0, app_name: pulse_doppler_api-aarch64, task_id: 407, task_name: DASH_FFT, resource_name: cpu1, ref_start_time: 2119849538736021, ref_stop_time: 2119849538765361, actual_exe_time: 29340, task_app_start_time:2119848319684985, task_sched_time:2119849538727051
app_id: 0, app_name: pulse_doppler_api-aarch64, task_id: 408, task_name: DASH_FFT, resource_name: cpu2, ref_start_time: 2119849539723111, ref_stop_time: 2119849539748581, actual_exe_time: 25470, task_app_start_time:2119848319684985, task_sched_time:2119849539720081
app_id: 0, app_name: pulse_doppler_api-aarch64, task_id: 409, task_name: DASH_FFT, resource_name: cpu3, ref_start_time: 2119849540138071, ref_stop_time: 2119849540161531, actual_exe_time: 23460, task_app_start_time:2119848319684985, task_sched_time:2119849540135041
app_id: 0, app_name: pulse_doppler_api-aarch64, task_id: 410, task_name: DASH_ZIP, resource_name: zip1, ref_start_time: 2119849540650951, ref_stop_time: 2119849540690641, actual_exe_time: 39690, task_app_start_time:2119848319684985, task_sched_time:2119849540647441
app_id: 0, app_name: pulse_doppler_api-aarch64, task_id: 411, task_name: DASH_FFT, resource_name: cpu1, ref_start_time: 2119849541156301, ref_stop_time: 2119849541179671, actual_exe_time: 23370, task_app_start_time:2119848319684985, task_sched_time:2119849541106921
app_id: 0, app_name: pulse_doppler_api-aarch64, task_id: 412, task_name: DASH_FFT, resource_name: cpu2, ref_start_time: 2119849541752731, ref_stop_time: 2119849541778231, actual_exe_time: 25500, task_app_start_time:2119848319684985, task_sched_time:2119849541746071
app_id: 0, app_name: pulse_doppler_api-aarch64, task_id: 413, task_name: DASH_FFT, resource_name: cpu3, ref_start_time: 2119849544184262, ref_stop_time: 2119849544213782, actual_exe_time: 29520, task_app_start_time:2119848319684985, task_sched_time:2119849542115732
app_id: 0, app_name: pulse_doppler_api-aarch64, task_id: 414, task_name: DASH_ZIP, resource_name: zip1, ref_start_time: 2119849554813114, ref_stop_time: 2119849554859404, actual_exe_time: 46290, task_app_start_time:2119848319684985, task_sched_time:2119849554802554
app_id: 0, app_name: pulse_doppler_api-aarch64, task_id: 415, task_name: DASH_FFT, resource_name: cpu1, ref_start_time: 2119849557290574, ref_stop_time: 2119849557320364, actual_exe_time: 29790, task_app_start_time:2119848319684985, task_sched_time:2119849557265044
app_id: 0, app_name: pulse_doppler_api-aarch64, task_id: 416, task_name: DASH_FFT, resource_name: cpu2, ref_start_time: 2119849557567444, ref_stop_time: 2119849557593004, actual_exe_time: 25560, task_app_start_time:2119848319684985, task_sched_time:2119849557558144
app_id: 0, app_name: pulse_doppler_api-aarch64, task_id: 417, task_name: DASH_FFT, resource_name: cpu3, ref_start_time: 2119849558858824, ref_stop_time: 2119849558883184, actual_exe_time: 24360, task_app_start_time:2119848319684985, task_sched_time:2119849558855944
app_id: 0, app_name: pulse_doppler_api-aarch64, task_id: 418, task_name: DASH_ZIP, resource_name: zip1, ref_start_time: 2119849562730775, ref_stop_time: 2119849562776525, actual_exe_time: 45750, task_app_start_time:2119848319684985, task_sched_time:2119849562725315
app_id: 0, app_name: pulse_doppler_api-aarch64, task_id: 419, task_name: DASH_FFT, resource_name: cpu1, ref_start_time: 2119849563318265, ref_stop_time: 2119849563345385, actual_exe_time: 27120, task_app_start_time:2119848319684985, task_sched_time:2119849563295195
app_id: 0, app_name: pulse_doppler_api-aarch64, task_id: 420, task_name: DASH_FFT, resource_name: cpu2, ref_start_time: 2119849566607705, ref_stop_time: 2119849566639985, actual_exe_time: 32280, task_app_start_time:2119848319684985, task_sched_time:2119849566602095
app_id: 0, app_name: pulse_doppler_api-aarch64, task_id: 421, task_name: DASH_FFT, resource_name: cpu3, ref_start_time: 2119849566805165, ref_stop_time: 2119849566828145, actual_exe_time: 22980, task_app_start_time:2119848319684985, task_sched_time:2119849566797125
app_id: 0, app_name: pulse_doppler_api-aarch64, task_id: 422, task_name: DASH_ZIP, resource_name: zip1, ref_start_time: 2119849567537256, ref_stop_time: 2119849567578086, actual_exe_time: 40830, task_app_start_time:2119848319684985, task_sched_time:2119849567532906
app_id: 0, app_name: pulse_doppler_api-aarch64, task_id: 423, task_name: DASH_FFT, resource_name: cpu1, ref_start_time: 2119849570855016, ref_stop_time: 2119849570881746, actual_exe_time: 26730, task_app_start_time:2119848319684985, task_sched_time:2119849570848746
app_id: 0, app_name: pulse_doppler_api-aarch64, task_id: 424, task_name: DASH_FFT, resource_name: cpu2, ref_start_time: 2119849571534966, ref_stop_time: 2119849571559776, actual_exe_time: 24810, task_app_start_time:2119848319684985, task_sched_time:2119849571527016
app_id: 0, app_name: pulse_doppler_api-aarch64, task_id: 425, task_name: DASH_FFT, resource_name: cpu3, ref_start_time: 2119849574442147, ref_stop_time: 2119849574465187, actual_exe_time: 23040, task_app_start_time:2119848319684985, task_sched_time:2119849574437497
app_id: 0, app_name: pulse_doppler_api-aarch64, task_id: 426, task_name: DASH_ZIP, resource_name: zip1, ref_start_time: 2119849575104007, ref_stop_time: 2119849575145107, actual_exe_time: 41100, task_app_start_time:2119848319684985, task_sched_time:2119849575100587
app_id: 0, app_name: pulse_doppler_api-aarch64, task_id: 427, task_name: DASH_FFT, resource_name: cpu1, ref_start_time: 2119849575516267, ref_stop_time: 2119849575539847, actual_exe_time: 23580, task_app_start_time:2119848319684985, task_sched_time:2119849575513357
app_id: 0, app_name: pulse_doppler_api-aarch64, task_id: 428, task_name: DASH_FFT, resource_name: cpu2, ref_start_time: 2119849577625627, ref_stop_time: 2119849577652177, actual_exe_time: 26550, task_app_start_time:2119848319684985, task_sched_time:2119849577618787
app_id: 0, app_name: pulse_doppler_api-aarch64, task_id: 429, task_name: DASH_FFT, resource_name: cpu3, ref_start_time: 2119849577927067, ref_stop_time: 2119849577949267, actual_exe_time: 22200, task_app_start_time:2119848319684985, task_sched_time:2119849577918757
app_id: 0, app_name: pulse_doppler_api-aarch64, task_id: 430, task_name: DASH_ZIP, resource_name: zip1, ref_start_time: 2119849579639468, ref_stop_time: 2119849579682218, actual_exe_time: 42750, task_app_start_time:2119848319684985, task_sched_time:2119849579634548
app_id: 0, app_name: pulse_doppler_api-aarch64, task_id: 431, task_name: DASH_FFT, resource_name: cpu1, ref_start_time: 2119849582676728, ref_stop_time: 2119849582710358, actual_exe_time: 33630, task_app_start_time:2119848319684985, task_sched_time:2119849582670518
app_id: 0, app_name: pulse_doppler_api-aarch64, task_id: 432, task_name: DASH_FFT, resource_name: cpu2, ref_start_time: 2119849586624249, ref_stop_time: 2119849586660009, actual_exe_time: 35760, task_app_start_time:2119848319684985, task_sched_time:2119849583917318
app_id: 0, app_name: pulse_doppler_api-aarch64, task_id: 433, task_name: DASH_FFT, resource_name: cpu3, ref_start_time: 2119849590352379, ref_stop_time: 2119849590377909, actual_exe_time: 25530, task_app_start_time:2119848319684985, task_sched_time:2119849590342869
app_id: 0, app_name: pulse_doppler_api-aarch64, task_id: 434, task_name: DASH_ZIP, resource_name: zip1, ref_start_time: 2119849590951089, ref_stop_time: 2119849590992399, actual_exe_time: 41310, task_app_start_time:2119848319684985, task_sched_time:2119849590942809
app_id: 0, app_name: pulse_doppler_api-aarch64, task_id: 435, task_name: DASH_FFT, resource_name: cpu1, ref_start_time: 2119849594336380, ref_stop_time: 2119849594364520, actual_exe_time: 28140, task_app_start_time:2119848319684985, task_sched_time:2119849594289100
app_id: 0, app_name: pulse_doppler_api-aarch64, task_id: 436, task_name: DASH_FFT, resource_name: cpu2, ref_start_time: 2119849594969020, ref_stop_time: 2119849594994730, actual_exe_time: 25710, task_app_start_time:2119848319684985, task_sched_time:2119849594959630
app_id: 0, app_name: pulse_doppler_api-aarch64, task_id: 437, task_name: DASH_FFT, resource_name: cpu3, ref_start_time: 2119849596520710, ref_stop_time: 2119849596544740, actual_exe_time: 24030, task_app_start_time:2119848319684985, task_sched_time:2119849596513630
app_id: 0, app_name: pulse_doppler_api-aarch64, task_id: 438, task_name: DASH_ZIP, resource_name: zip1, ref_start_time: 2119849597610460, ref_stop_time: 2119849597652850, actual_exe_time: 42390, task_app_start_time:2119848319684985, task_sched_time:2119849597554390
app_id: 0, app_name: pulse_doppler_api-aarch64, task_id: 439, task_name: DASH_FFT, resource_name: cpu1, ref_start_time: 2119849606674452, ref_stop_time: 2119849606708202, actual_exe_time: 33750, task_app_start_time:2119848319684985, task_sched_time:2119849606664672
app_id: 0, app_name: pulse_doppler_api-aarch64, task_id: 440, task_name: DASH_FFT, resource_name: cpu2, ref_start_time: 2119849607459732, ref_stop_time: 2119849607485952, actual_exe_time: 26220, task_app_start_time:2119848319684985, task_sched_time:2119849607451482
app_id: 0, app_name: pulse_doppler_api-aarch64, task_id: 441, task_name: DASH_FFT, resource_name: cpu3, ref_start_time: 2119849607998862, ref_stop_time: 2119849608021272, actual_exe_time: 22410, task_app_start_time:2119848319684985, task_sched_time:2119849607993372
app_id: 0, app_name: pulse_doppler_api-aarch64, task_id: 442, task_name: DASH_ZIP, resource_name: zip1, ref_start_time: 2119849611576543, ref_stop_time: 2119849611618933, actual_exe_time: 42390, task_app_start_time:2119848319684985, task_sched_time:2119849611573243
app_id: 0, app_name: pulse_doppler_api-aarch64, task_id: 443, task_name: DASH_FFT, resource_name: cpu1, ref_start_time: 2119849612014303, ref_stop_time: 2119849612038963, actual_exe_time: 24660, task_app_start_time:2119848319684985, task_sched_time:2119849612010823
app_id: 0, app_name: pulse_doppler_api-aarch64, task_id: 444, task_name: DASH_FFT, resource_name: cpu2, ref_start_time: 2119849613481933, ref_stop_time: 2119849613509923, actual_exe_time: 27990, task_app_start_time:2119848319684985, task_sched_time:2119849613475153
app_id: 0, app_name: pulse_doppler_api-aarch64, task_id: 445, task_name: DASH_FFT, resource_name: cpu3, ref_start_time: 2119849617181984, ref_stop_time: 2119849617210964, actual_exe_time: 28980, task_app_start_time:2119848319684985, task_sched_time:2119849617172864
app_id: 0, app_name: pulse_doppler_api-aarch64, task_id: 446, task_name: DASH_ZIP, resource_name: zip1, ref_start_time: 2119849617748804, ref_stop_time: 2119849617788974, actual_exe_time: 40170, task_app_start_time:2119848319684985, task_sched_time:2119849617744904
app_id: 0, app_name: pulse_doppler_api-aarch64, task_id: 447, task_name: DASH_FFT, resource_name: cpu1, ref_start_time: 2119849618531174, ref_stop_time: 2119849618557124, actual_exe_time: 25950, task_app_start_time:2119848319684985, task_sched_time:2119849618502614
app_id: 0, app_name: pulse_doppler_api-aarch64, task_id: 448, task_name: DASH_FFT, resource_name: cpu2, ref_start_time: 2119849622961875, ref_stop_time: 2119849622992805, actual_exe_time: 30930, task_app_start_time:2119848319684985, task_sched_time:2119849622958485
app_id: 0, app_name: pulse_doppler_api-aarch64, task_id: 449, task_name: DASH_FFT, resource_name: cpu3, ref_start_time: 2119849623429095, ref_stop_time: 2119849623451025, actual_exe_time: 21930, task_app_start_time:2119848319684985, task_sched_time:2119849623421145
app_id: 0, app_name: pulse_doppler_api-aarch64, task_id: 450, task_name: DASH_ZIP, resource_name: zip1, ref_start_time: 2119849624029425, ref_stop_time: 2119849624070825, actual_exe_time: 41400, task_app_start_time:2119848319684985, task_sched_time:2119849624025405
app_id: 0, app_name: pulse_doppler_api-aarch64, task_id: 451, task_name: DASH_FFT, resource_name: cpu1, ref_start_time: 2119849624487825, ref_stop_time: 2119849624512125, actual_exe_time: 24300, task_app_start_time:2119848319684985, task_sched_time:2119849624431395
app_id: 0, app_name: pulse_doppler_api-aarch64, task_id: 452, task_name: DASH_FFT, resource_name: cpu2, ref_start_time: 2119849629156756, ref_stop_time: 2119849629186756, actual_exe_time: 30000, task_app_start_time:2119848319684985, task_sched_time:2119849627339895
app_id: 0, app_name: pulse_doppler_api-aarch64, task_id: 453, task_name: DASH_FFT, resource_name: cpu3, ref_start_time: 2119849629775416, ref_stop_time: 2119849629797886, actual_exe_time: 22470, task_app_start_time:2119848319684985, task_sched_time:2119849629772506
app_id: 0, app_name: pulse_doppler_api-aarch64, task_id: 454, task_name: DASH_ZIP, resource_name: zip1, ref_start_time: 2119849630502796, ref_stop_time: 2119849630544046, actual_exe_time: 41250, task_app_start_time:2119848319684985, task_sched_time:2119849630498446
app_id: 0, app_name: pulse_doppler_api-aarch64, task_id: 455, task_name: DASH_FFT, resource_name: cpu1, ref_start_time: 2119849630828626, ref_stop_time: 2119849630855896, actual_exe_time: 27270, task_app_start_time:2119848319684985, task_sched_time:2119849630794186
app_id: 0, app_name: pulse_doppler_api-aarch64, task_id: 456, task_name: DASH_FFT, resource_name: cpu2, ref_start_time: 2119849634918646, ref_stop_time: 2119849634950296, actual_exe_time: 31650, task_app_start_time:2119848319684985, task_sched_time:2119849634913396
app_id: 0, app_name: pulse_doppler_api-aarch64, task_id: 457, task_name: DASH_FFT, resource_name: cpu3, ref_start_time: 2119849639126627, ref_stop_time: 2119849639154527, actual_exe_time: 27900, task_app_start_time:2119848319684985, task_sched_time:2119849639117447
app_id: 0, app_name: pulse_doppler_api-aarch64, task_id: 458, task_name: DASH_ZIP, resource_name: zip1, ref_start_time: 2119849642641758, ref_stop_time: 2119849642686728, actual_exe_time: 44970, task_app_start_time:2119848319684985, task_sched_time:2119849642636358
app_id: 0, app_name: pulse_doppler_api-aarch64, task_id: 459, task_name: DASH_FFT, resource_name: cpu1, ref_start_time: 2119849646326238, ref_stop_time: 2119849646358248, actual_exe_time: 32010, task_app_start_time:2119848319684985, task_sched_time:2119849646313608
app_id: 0, app_name: pulse_doppler_api-aarch64, task_id: 460, task_name: DASH_FFT, resource_name: cpu2, ref_start_time: 2119849647380048, ref_stop_time: 2119849647403688, actual_exe_time: 23640, task_app_start_time:2119848319684985, task_sched_time:2119849647373568
app_id: 0, app_name: pulse_doppler_api-aarch64, task_id: 461, task_name: DASH_FFT, resource_name: cpu3, ref_start_time: 2119849648665669, ref_stop_time: 2119849648688409, actual_exe_time: 22740, task_app_start_time:2119848319684985, task_sched_time:2119849648651599
app_id: 0, app_name: pulse_doppler_api-aarch64, task_id: 462, task_name: DASH_ZIP, resource_name: zip1, ref_start_time: 2119849652524419, ref_stop_time: 2119849652573559, actual_exe_time: 49140, task_app_start_time:2119848319684985, task_sched_time:2119849652517159
app_id: 0, app_name: pulse_doppler_api-aarch64, task_id: 463, task_name: DASH_FFT, resource_name: cpu1, ref_start_time: 2119849653614169, ref_stop_time: 2119849653645849, actual_exe_time: 31680, task_app_start_time:2119848319684985, task_sched_time:2119849653603699
app_id: 0, app_name: pulse_doppler_api-aarch64, task_id: 464, task_name: DASH_FFT, resource_name: cpu2, ref_start_time: 2119849654976920, ref_stop_time: 2119849655002570, actual_exe_time: 25650, task_app_start_time:2119848319684985, task_sched_time:2119849654971940
app_id: 0, app_name: pulse_doppler_api-aarch64, task_id: 465, task_name: DASH_FFT, resource_name: cpu3, ref_start_time: 2119849658357590, ref_stop_time: 2119849658385910, actual_exe_time: 28320, task_app_start_time:2119848319684985, task_sched_time:2119849655645080
app_id: 0, app_name: pulse_doppler_api-aarch64, task_id: 466, task_name: DASH_ZIP, resource_name: zip1, ref_start_time: 2119849659271090, ref_stop_time: 2119849659313180, actual_exe_time: 42090, task_app_start_time:2119848319684985, task_sched_time:2119849659261670
app_id: 0, app_name: pulse_doppler_api-aarch64, task_id: 467, task_name: DASH_FFT, resource_name: cpu1, ref_start_time: 2119849659942130, ref_stop_time: 2119849659969940, actual_exe_time: 27810, task_app_start_time:2119848319684985, task_sched_time:2119849659935020
app_id: 0, app_name: pulse_doppler_api-aarch64, task_id: 468, task_name: DASH_FFT, resource_name: cpu2, ref_start_time: 2119849660785401, ref_stop_time: 2119849660806551, actual_exe_time: 21150, task_app_start_time:2119848319684985, task_sched_time:2119849660777481
app_id: 0, app_name: pulse_doppler_api-aarch64, task_id: 469, task_name: DASH_FFT, resource_name: cpu3, ref_start_time: 2119849662300131, ref_stop_time: 2119849662324731, actual_exe_time: 24600, task_app_start_time:2119848319684985, task_sched_time:2119849661374241
app_id: 0, app_name: pulse_doppler_api-aarch64, task_id: 470, task_name: DASH_ZIP, resource_name: zip1, ref_start_time: 2119849663806701, ref_stop_time: 2119849663848431, actual_exe_time: 41730, task_app_start_time:2119848319684985, task_sched_time:2119849663239521
app_id: 0, app_name: pulse_doppler_api-aarch64, task_id: 471, task_name: DASH_FFT, resource_name: cpu1, ref_start_time: 2119849664837291, ref_stop_time: 2119849664866211, actual_exe_time: 28920, task_app_start_time:2119848319684985, task_sched_time:2119849664819561
app_id: 0, app_name: pulse_doppler_api-aarch64, task_id: 472, task_name: DASH_FFT, resource_name: cpu2, ref_start_time: 2119849665712691, ref_stop_time: 2119849665734111, actual_exe_time: 21420, task_app_start_time:2119848319684985, task_sched_time:2119849665704741
app_id: 0, app_name: pulse_doppler_api-aarch64, task_id: 473, task_name: DASH_FFT, resource_name: cpu3, ref_start_time: 2119849666366152, ref_stop_time: 2119849666389372, actual_exe_time: 23220, task_app_start_time:2119848319684985, task_sched_time:2119849666362912
app_id: 0, app_name: pulse_doppler_api-aarch64, task_id: 474, task_name: DASH_ZIP, resource_name: zip1, ref_start_time: 2119849670832822, ref_stop_time: 2119849670880432, actual_exe_time: 47610, task_app_start_time:2119848319684985, task_sched_time:2119849670822712
app_id: 0, app_name: pulse_doppler_api-aarch64, task_id: 475, task_name: DASH_FFT, resource_name: cpu1, ref_start_time: 2119849674913423, ref_stop_time: 2119849674945853, actual_exe_time: 32430, task_app_start_time:2119848319684985, task_sched_time:2119849674898873
app_id: 0, app_name: pulse_doppler_api-aarch64, task_id: 476, task_name: DASH_FFT, resource_name: cpu2, ref_start_time: 2119849678340893, ref_stop_time: 2119849678367173, actual_exe_time: 26280, task_app_start_time:2119848319684985, task_sched_time:2119849678334833
app_id: 0, app_name: pulse_doppler_api-aarch64, task_id: 477, task_name: DASH_FFT, resource_name: cpu3, ref_start_time: 2119849678990634, ref_stop_time: 2119849679013914, actual_exe_time: 23280, task_app_start_time:2119848319684985, task_sched_time:2119849678987934
app_id: 0, app_name: pulse_doppler_api-aarch64, task_id: 478, task_name: DASH_ZIP, resource_name: zip1, ref_start_time: 2119849681491434, ref_stop_time: 2119849681533194, actual_exe_time: 41760, task_app_start_time:2119848319684985, task_sched_time:2119849681488074
app_id: 0, app_name: pulse_doppler_api-aarch64, task_id: 479, task_name: DASH_FFT, resource_name: cpu1, ref_start_time: 2119849683161744, ref_stop_time: 2119849683194294, actual_exe_time: 32550, task_app_start_time:2119848319684985, task_sched_time:2119849683093014
app_id: 0, app_name: pulse_doppler_api-aarch64, task_id: 480, task_name: DASH_FFT, resource_name: cpu2, ref_start_time: 2119849684155464, ref_stop_time: 2119849684181564, actual_exe_time: 26100, task_app_start_time:2119848319684985, task_sched_time:2119849684148744
app_id: 0, app_name: pulse_doppler_api-aarch64, task_id: 481, task_name: DASH_FFT, resource_name: cpu3, ref_start_time: 2119849686322905, ref_stop_time: 2119849686352155, actual_exe_time: 29250, task_app_start_time:2119848319684985, task_sched_time:2119849684489874
app_id: 0, app_name: pulse_doppler_api-aarch64, task_id: 482, task_name: DASH_ZIP, resource_name: zip1, ref_start_time: 2119849690762425, ref_stop_time: 2119849690810965, actual_exe_time: 48540, task_app_start_time:2119848319684985, task_sched_time:2119849690752585
app_id: 0, app_name: pulse_doppler_api-aarch64, task_id: 483, task_name: DASH_FFT, resource_name: cpu1, ref_start_time: 2119849694742166, ref_stop_time: 2119849694774266, actual_exe_time: 32100, task_app_start_time:2119848319684985, task_sched_time:2119849694732146
app_id: 0, app_name: pulse_doppler_api-aarch64, task_id: 484, task_name: DASH_FFT, resource_name: cpu2, ref_start_time: 2119849698828767, ref_stop_time: 2119849698856577, actual_exe_time: 27810, task_app_start_time:2119848319684985, task_sched_time:2119849698702767
app_id: 0, app_name: pulse_doppler_api-aarch64, task_id: 485, task_name: DASH_FFT, resource_name: cpu3, ref_start_time: 2119849702378157, ref_stop_time: 2119849702413107, actual_exe_time: 34950, task_app_start_time:2119848319684985, task_sched_time:2119849699127147
app_id: 0, app_name: pulse_doppler_api-aarch64, task_id: 486, task_name: DASH_ZIP, resource_name: zip1, ref_start_time: 2119849706327358, ref_stop_time: 2119849706375988, actual_exe_time: 48630, task_app_start_time:2119848319684985, task_sched_time:2119849703782578
app_id: 0, app_name: pulse_doppler_api-aarch64, task_id: 487, task_name: DASH_FFT, resource_name: cpu1, ref_start_time: 2119849707185328, ref_stop_time: 2119849707216678, actual_exe_time: 31350, task_app_start_time:2119848319684985, task_sched_time:2119849707153498
app_id: 0, app_name: pulse_doppler_api-aarch64, task_id: 488, task_name: DASH_FFT, resource_name: cpu2, ref_start_time: 2119849708216698, ref_stop_time: 2119849708239288, actual_exe_time: 22590, task_app_start_time:2119848319684985, task_sched_time:2119849708207368
app_id: 0, app_name: pulse_doppler_api-aarch64, task_id: 489, task_name: DASH_FFT, resource_name: cpu3, ref_start_time: 2119849710326629, ref_stop_time: 2119849710352219, actual_exe_time: 25590, task_app_start_time:2119848319684985, task_sched_time:2119849708426398
app_id: 0, app_name: pulse_doppler_api-aarch64, task_id: 490, task_name: DASH_ZIP, resource_name: zip1, ref_start_time: 2119849712673709, ref_stop_time: 2119849712717059, actual_exe_time: 43350, task_app_start_time:2119848319684985, task_sched_time:2119849711127419
app_id: 0, app_name: pulse_doppler_api-aarch64, task_id: 491, task_name: DASH_FFT, resource_name: cpu1, ref_start_time: 2119849713710539, ref_stop_time: 2119849713739639, actual_exe_time: 29100, task_app_start_time:2119848319684985, task_sched_time:2119849713693919
app_id: 0, app_name: pulse_doppler_api-aarch64, task_id: 492, task_name: DASH_FFT, resource_name: cpu2, ref_start_time: 2119849722300861, ref_stop_time: 2119849722336171, actual_exe_time: 35310, task_app_start_time:2119848319684985, task_sched_time:2119849717204760
app_id: 0, app_name: pulse_doppler_api-aarch64, task_id: 493, task_name: DASH_FFT, resource_name: cpu3, ref_start_time: 2119849722581271, ref_stop_time: 2119849722604461, actual_exe_time: 23190, task_app_start_time:2119848319684985, task_sched_time:2119849722575241
app_id: 0, app_name: pulse_doppler_api-aarch64, task_id: 494, task_name: DASH_ZIP, resource_name: zip1, ref_start_time: 2119849723827801, ref_stop_time: 2119849723868751, actual_exe_time: 40950, task_app_start_time:2119848319684985, task_sched_time:2119849723818381
app_id: 0, app_name: pulse_doppler_api-aarch64, task_id: 495, task_name: DASH_FFT, resource_name: cpu1, ref_start_time: 2119849724654061, ref_stop_time: 2119849724681691, actual_exe_time: 27630, task_app_start_time:2119848319684985, task_sched_time:2119849724643981
app_id: 0, app_name: pulse_doppler_api-aarch64, task_id: 496, task_name: DASH_FFT, resource_name: cpu2, ref_start_time: 2119849727777001, ref_stop_time: 2119849727803821, actual_exe_time: 26820, task_app_start_time:2119848319684985, task_sched_time:2119849725531831
app_id: 0, app_name: pulse_doppler_api-aarch64, task_id: 497, task_name: DASH_FFT, resource_name: cpu3, ref_start_time: 2119849735016393, ref_stop_time: 2119849735047533, actual_exe_time: 31140, task_app_start_time:2119848319684985, task_sched_time:2119849735007483
app_id: 0, app_name: pulse_doppler_api-aarch64, task_id: 498, task_name: DASH_ZIP, resource_name: zip1, ref_start_time: 2119849736077763, ref_stop_time: 2119849736119853, actual_exe_time: 42090, task_app_start_time:2119848319684985, task_sched_time:2119849736070863
app_id: 0, app_name: pulse_doppler_api-aarch64, task_id: 499, task_name: DASH_FFT, resource_name: cpu1, ref_start_time: 2119849741983894, ref_stop_time: 2119849742019564, actual_exe_time: 35670, task_app_start_time:2119848319684985, task_sched_time:2119849741971594
app_id: 0, app_name: pulse_doppler_api-aarch64, task_id: 500, task_name: DASH_FFT, resource_name: cpu2, ref_start_time: 2119849743014304, ref_stop_time: 2119849743036954, actual_exe_time: 22650, task_app_start_time:2119848319684985, task_sched_time:2119849743006714
app_id: 0, app_name: pulse_doppler_api-aarch64, task_id: 501, task_name: DASH_FFT, resource_name: cpu3, ref_start_time: 2119849743317244, ref_stop_time: 2119849743339984, actual_exe_time: 22740, task_app_start_time:2119848319684985, task_sched_time:2119849743306534
app_id: 0, app_name: pulse_doppler_api-aarch64, task_id: 502, task_name: DASH_ZIP, resource_name: zip1, ref_start_time: 2119849744270854, ref_stop_time: 2119849744311444, actual_exe_time: 40590, task_app_start_time:2119848319684985, task_sched_time:2119849744266024
app_id: 0, app_name: pulse_doppler_api-aarch64, task_id: 503, task_name: DASH_FFT, resource_name: cpu1, ref_start_time: 2119849744603824, ref_stop_time: 2119849744631004, actual_exe_time: 27180, task_app_start_time:2119848319684985, task_sched_time:2119849744529694
app_id: 0, app_name: pulse_doppler_api-aarch64, task_id: 504, task_name: DASH_FFT, resource_name: cpu2, ref_start_time: 2119849746210864, ref_stop_time: 2119849746232134, actual_exe_time: 21270, task_app_start_time:2119848319684985, task_sched_time:2119849746202194
app_id: 0, app_name: pulse_doppler_api-aarch64, task_id: 505, task_name: DASH_FFT, resource_name: cpu3, ref_start_time: 2119849746924294, ref_stop_time: 2119849746945864, actual_exe_time: 21570, task_app_start_time:2119848319684985, task_sched_time:2119849746917574
app_id: 0, app_name: pulse_doppler_api-aarch64, task_id: 506, task_name: DASH_ZIP, resource_name: zip1, ref_start_time: 2119849747540735, ref_stop_time: 2119849747581775, actual_exe_time: 41040, task_app_start_time:2119848319684985, task_sched_time:2119849747535095
app_id: 0, app_name: pulse_doppler_api-aarch64, task_id: 507, task_name: DASH_FFT, resource_name: cpu1, ref_start_time: 2119849750940125, ref_stop_time: 2119849750972585, actual_exe_time: 32460, task_app_start_time:2119848319684985, task_sched_time:2119849750921555
app_id: 0, app_name: pulse_doppler_api-aarch64, task_id: 508, task_name: DASH_FFT, resource_name: cpu2, ref_start_time: 2119849754766746, ref_stop_time: 2119849754799506, actual_exe_time: 32760, task_app_start_time:2119848319684985, task_sched_time:2119849754755946
app_id: 0, app_name: pulse_doppler_api-aarch64, task_id: 509, task_name: DASH_FFT, resource_name: cpu3, ref_start_time: 2119849758486686, ref_stop_time: 2119849758511226, actual_exe_time: 24540, task_app_start_time:2119848319684985, task_sched_time:2119849758479906
app_id: 0, app_name: pulse_doppler_api-aarch64, task_id: 510, task_name: DASH_ZIP, resource_name: zip1, ref_start_time: 2119849759340486, ref_stop_time: 2119849759381526, actual_exe_time: 41040, task_app_start_time:2119848319684985, task_sched_time:2119849759334816
app_id: 0, app_name: pulse_doppler_api-aarch64, task_id: 511, task_name: DASH_FFT, resource_name: cpu1, ref_start_time: 2119849762630707, ref_stop_time: 2119849762659957, actual_exe_time: 29250, task_app_start_time:2119848319684985, task_sched_time:2119849762621917
