app_id: 0, app_name: SAR_api-aarch64, task_id: 0, task_name: DASH_FFT, resource_name: cpu1, ref_start_time: 2117231758555315, ref_stop_time: 2117231758787305, actual_exe_time: 231990, task_app_start_time:2117231035825139, task_sched_time:2117231758548565
app_id: 0, app_name: SAR_api-aarch64, task_id: 1, task_name: DASH_FFT, resource_name: cpu2, ref_start_time: 2117231767501316, ref_stop_time: 2117231767686236, actual_exe_time: 184920, task_app_start_time:2117231035825139, task_sched_time:2117231767494086
app_id: 0, app_name: SAR_api-aarch64, task_id: 2, task_name: DASH_ZIP, resource_name: cpu3, ref_start_time: 2117231771080947, ref_stop_time: 2117231771175267, actual_exe_time: 94320, task_app_start_time:2117231035825139, task_sched_time:2117231771076477
app_id: 0, app_name: SAR_api-aarch64, task_id: 3, task_name: DASH_FFT, resource_name: fft1, ref_start_time: 2117231774125828, ref_stop_time: 2117231774293138, actual_exe_time: 167310, task_app_start_time:2117231035825139, task_sched_time:2117231774119648
app_id: 0, app_name: SAR_api-aarch64, task_id: 4, task_name: DASH_FFT, resource_name: fft2, ref_start_time: 2117231779576858, ref_stop_time: 2117231779693168, actual_exe_time: 116310, task_app_start_time:2117231035825139, task_sched_time:2117231779569418
app_id: 0, app_name: SAR_api-aarch64, task_id: 5, task_name: DASH_ZIP, resource_name: zip1, ref_start_time: 2117231783403359, ref_stop_time: 2117231783573639, actual_exe_time: 170280, task_app_start_time:2117231035825139, task_sched_time:2117231783397149
app_id: 0, app_name: SAR_api-aarch64, task_id: 6, task_name: DASH_FFT, resource_name: cpu1, ref_start_time: 2117231787389640, ref_stop_time: 2117231787508020, actual_exe_time: 118380, task_app_start_time:2117231035825139, task_sched_time:2117231787379020
app_id: 0, app_name: SAR_api-aarch64, task_id: 7, task_name: DASH_FFT, resource_name: cpu2, ref_start_time: 2117231788732650, ref_stop_time: 2117231788836510, actual_exe_time: 103860, task_app_start_time:2117231035825139, task_sched_time:2117231788724430
app_id: 0, app_name: SAR_api-aarch64, task_id: 8, task_name: DASH_ZIP, resource_name: cpu3, ref_start_time: 2117231789268420, ref_stop_time: 2117231789344590, actual_exe_time: 76170, task_app_start_time:2117231035825139, task_sched_time:2117231789263080
app_id: 0, app_name: SAR_api-aarch64, task_id: 9, task_name: DASH_FFT, resource_name: fft1, ref_start_time: 2117231792995831, ref_stop_time: 2117231793118351, actual_exe_time: 122520, task_app_start_time:2117231035825139, task_sched_time:2117231792989201
app_id: 0, app_name: SAR_api-aarch64, task_id: 10, task_name: DASH_FFT, resource_name: fft2, ref_start_time: 2117231793600451, ref_stop_time: 2117231793676981, actual_exe_time: 76530, task_app_start_time:2117231035825139, task_sched_time:2117231793597421
app_id: 0, app_name: SAR_api-aarch64, task_id: 11, task_name: DASH_ZIP, resource_name: zip1, ref_start_time: 2117231798920412, ref_stop_time: 2117231799047462, actual_exe_time: 127050, task_app_start_time:2117231035825139, task_sched_time:2117231794146571
app_id: 0, app_name: SAR_api-aarch64, task_id: 12, task_name: DASH_FFT, resource_name: cpu1, ref_start_time: 2117231799905042, ref_stop_time: 2117231800011932, actual_exe_time: 106890, task_app_start_time:2117231035825139, task_sched_time:2117231799899792
app_id: 0, app_name: SAR_api-aarch64, task_id: 13, task_name: DASH_FFT, resource_name: cpu2, ref_start_time: 2117231800745192, ref_stop_time: 2117231800840172, actual_exe_time: 94980, task_app_start_time:2117231035825139, task_sched_time:2117231800738652
app_id: 0, app_name: SAR_api-aarch64, task_id: 14, task_name: DASH_ZIP, resource_name: cpu3, ref_start_time: 2117231801352302, ref_stop_time: 2117231801426282, actual_exe_time: 73980, task_app_start_time:2117231035825139, task_sched_time:2117231801342942
app_id: 0, app_name: SAR_api-aarch64, task_id: 15, task_name: DASH_FFT, resource_name: fft1, ref_start_time: 2117231803866812, ref_stop_time: 2117231803982852, actual_exe_time: 116040, task_app_start_time:2117231035825139, task_sched_time:2117231802026582
app_id: 0, app_name: SAR_api-aarch64, task_id: 16, task_name: DASH_FFT, resource_name: fft2, ref_start_time: 2117231804660522, ref_stop_time: 2117231804732852, actual_exe_time: 72330, task_app_start_time:2117231035825139, task_sched_time:2117231804657222
app_id: 0, app_name: SAR_api-aarch64, task_id: 17, task_name: DASH_ZIP, resource_name: zip1, ref_start_time: 2117231805375303, ref_stop_time: 2117231805494103, actual_exe_time: 118800, task_app_start_time:2117231035825139, task_sched_time:2117231805371583
app_id: 0, app_name: SAR_api-aarch64, task_id: 18, task_name: DASH_FFT, resource_name: cpu1, ref_start_time: 2117231806175253, ref_stop_time: 2117231806269633, actual_exe_time: 94380, task_app_start_time:2117231035825139, task_sched_time:2117231806161753
app_id: 0, app_name: SAR_api-aarch64, task_id: 19, task_name: DASH_FFT, resource_name: cpu2, ref_start_time: 2117231806763823, ref_stop_time: 2117231806856463, actual_exe_time: 92640, task_app_start_time:2117231035825139, task_sched_time:2117231806761093
app_id: 0, app_name: SAR_api-aarch64, task_id: 20, task_name: DASH_ZIP, resource_name: cpu3, ref_start_time: 2117231807390403, ref_stop_time: 2117231807465163, actual_exe_time: 74760, task_app_start_time:2117231035825139, task_sched_time:2117231807380863
app_id: 0, app_name: SAR_api-aarch64, task_id: 21, task_name: DASH_FFT, resource_name: fft1, ref_start_time: 2117231807821143, ref_stop_time: 2117231807927673, actual_exe_time: 106530, task_app_start_time:2117231035825139, task_sched_time:2117231807815743
app_id: 0, app_name: SAR_api-aarch64, task_id: 22, task_name: DASH_FFT, resource_name: fft2, ref_start_time: 2117231808278133, ref_stop_time: 2117231808349203, actual_exe_time: 71070, task_app_start_time:2117231035825139, task_sched_time:2117231808272883
app_id: 0, app_name: SAR_api-aarch64, task_id: 23, task_name: DASH_ZIP, resource_name: zip1, ref_start_time: 2117231808770433, ref_stop_time: 2117231808887163, actual_exe_time: 116730, task_app_start_time:2117231035825139, task_sched_time:2117231808761583
app_id: 0, app_name: SAR_api-aarch64, task_id: 24, task_name: DASH_FFT, resource_name: cpu1, ref_start_time: 2117231809260873, ref_stop_time: 2117231809351653, actual_exe_time: 90780, task_app_start_time:2117231035825139, task_sched_time:2117231809252503
app_id: 0, app_name: SAR_api-aarch64, task_id: 25, task_name: DASH_FFT, resource_name: cpu2, ref_start_time: 2117231809502973, ref_stop_time: 2117231809594893, actual_exe_time: 91920, task_app_start_time:2117231035825139, task_sched_time:2117231809492983
app_id: 0, app_name: SAR_api-aarch64, task_id: 26, task_name: DASH_ZIP, resource_name: cpu3, ref_start_time: 2117231812158694, ref_stop_time: 2117231812237324, actual_exe_time: 78630, task_app_start_time:2117231035825139, task_sched_time:2117231810311083
app_id: 0, app_name: SAR_api-aarch64, task_id: 27, task_name: DASH_FFT, resource_name: fft1, ref_start_time: 2117231812717444, ref_stop_time: 2117231812828384, actual_exe_time: 110940, task_app_start_time:2117231035825139, task_sched_time:2117231812710904
app_id: 0, app_name: SAR_api-aarch64, task_id: 28, task_name: DASH_FFT, resource_name: fft2, ref_start_time: 2117231813194114, ref_stop_time: 2117231813265184, actual_exe_time: 71070, task_app_start_time:2117231035825139, task_sched_time:2117231813187574
app_id: 0, app_name: SAR_api-aarch64, task_id: 29, task_name: DASH_ZIP, resource_name: zip1, ref_start_time: 2117231814036214, ref_stop_time: 2117231814156754, actual_exe_time: 120540, task_app_start_time:2117231035825139, task_sched_time:2117231813686834
app_id: 0, app_name: SAR_api-aarch64, task_id: 30, task_name: DASH_FFT, resource_name: cpu1, ref_start_time: 2117231815233514, ref_stop_time: 2117231815331974, actual_exe_time: 98460, task_app_start_time:2117231035825139, task_sched_time:2117231815228324
app_id: 0, app_name: SAR_api-aarch64, task_id: 31, task_name: DASH_FFT, resource_name: cpu2, ref_start_time: 2117231818982345, ref_stop_time: 2117231819084555, actual_exe_time: 102210, task_app_start_time:2117231035825139, task_sched_time:2117231818967525
app_id: 0, app_name: SAR_api-aarch64, task_id: 32, task_name: DASH_ZIP, resource_name: cpu3, ref_start_time: 2117231819700095, ref_stop_time: 2117231819777135, actual_exe_time: 77040, task_app_start_time:2117231035825139, task_sched_time:2117231819693285
app_id: 0, app_name: SAR_api-aarch64, task_id: 33, task_name: DASH_FFT, resource_name: fft1, ref_start_time: 2117231820553505, ref_stop_time: 2117231820666005, actual_exe_time: 112500, task_app_start_time:2117231035825139, task_sched_time:2117231820539975
app_id: 0, app_name: SAR_api-aarch64, task_id: 34, task_name: DASH_FFT, resource_name: fft2, ref_start_time: 2117231821223075, ref_stop_time: 2117231821294475, actual_exe_time: 71400, task_app_start_time:2117231035825139, task_sched_time:2117231821219835
app_id: 0, app_name: SAR_api-aarch64, task_id: 35, task_name: DASH_ZIP, resource_name: zip1, ref_start_time: 2117231826499116, ref_stop_time: 2117231826622806, actual_exe_time: 123690, task_app_start_time:2117231035825139, task_sched_time:2117231826359316
app_id: 0, app_name: SAR_api-aarch64, task_id: 36, task_name: DASH_FFT, resource_name: cpu1, ref_start_time: 2117231827419186, ref_stop_time: 2117231827528566, actual_exe_time: 109380, task_app_start_time:2117231035825139, task_sched_time:2117231827413996
app_id: 0, app_name: SAR_api-aarch64, task_id: 37, task_name: DASH_FFT, resource_name: cpu2, ref_start_time: 2117231827936326, ref_stop_time: 2117231828032206, actual_exe_time: 95880, task_app_start_time:2117231035825139, task_sched_time:2117231827931706
app_id: 0, app_name: SAR_api-aarch64, task_id: 38, task_name: DASH_ZIP, resource_name: cpu3, ref_start_time: 2117231828661666, ref_stop_time: 2117231828737026, actual_exe_time: 75360, task_app_start_time:2117231035825139, task_sched_time:2117231828657346
app_id: 0, app_name: SAR_api-aarch64, task_id: 39, task_name: DASH_FFT, resource_name: fft1, ref_start_time: 2117231829322356, ref_stop_time: 2117231829429996, actual_exe_time: 107640, task_app_start_time:2117231035825139, task_sched_time:2117231829312486
app_id: 0, app_name: SAR_api-aarch64, task_id: 40, task_name: DASH_FFT, resource_name: fft2, ref_start_time: 2117231829821256, ref_stop_time: 2117231829892026, actual_exe_time: 70770, task_app_start_time:2117231035825139, task_sched_time:2117231829813426
app_id: 0, app_name: SAR_api-aarch64, task_id: 41, task_name: DASH_ZIP, resource_name: zip1, ref_start_time: 2117231830588837, ref_stop_time: 2117231830706857, actual_exe_time: 118020, task_app_start_time:2117231035825139, task_sched_time:2117231830582477
app_id: 0, app_name: SAR_api-aarch64, task_id: 42, task_name: DASH_FFT, resource_name: cpu1, ref_start_time: 2117231831473627, ref_stop_time: 2117231831566507, actual_exe_time: 92880, task_app_start_time:2117231035825139, task_sched_time:2117231831463487
app_id: 0, app_name: SAR_api-aarch64, task_id: 43, task_name: DASH_FFT, resource_name: cpu2, ref_start_time: 2117231832107077, ref_stop_time: 2117231832203107, actual_exe_time: 96030, task_app_start_time:2117231035825139, task_sched_time:2117231832103687
app_id: 0, app_name: SAR_api-aarch64, task_id: 44, task_name: DASH_ZIP, resource_name: cpu3, ref_start_time: 2117231834919547, ref_stop_time: 2117231835001087, actual_exe_time: 81540, task_app_start_time:2117231035825139, task_sched_time:2117231832739327
app_id: 0, app_name: SAR_api-aarch64, task_id: 45, task_name: DASH_FFT, resource_name: fft1, ref_start_time: 2117231835634417, ref_stop_time: 2117231835748447, actual_exe_time: 114030, task_app_start_time:2117231035825139, task_sched_time:2117231835625387
app_id: 0, app_name: SAR_api-aarch64, task_id: 46, task_name: DASH_FFT, resource_name: fft2, ref_start_time: 2117231836252508, ref_stop_time: 2117231836336178, actual_exe_time: 83670, task_app_start_time:2117231035825139, task_sched_time:2117231836247348
app_id: 0, app_name: SAR_api-aarch64, task_id: 47, task_name: DASH_ZIP, resource_name: zip1, ref_start_time: 2117231838917978, ref_stop_time: 2117231839041428, actual_exe_time: 123450, task_app_start_time:2117231035825139, task_sched_time:2117231836896218
app_id: 0, app_name: SAR_api-aarch64, task_id: 48, task_name: DASH_FFT, resource_name: cpu1, ref_start_time: 2117231840000408, ref_stop_time: 2117231840100818, actual_exe_time: 100410, task_app_start_time:2117231035825139, task_sched_time:2117231839993598
app_id: 0, app_name: SAR_api-aarch64, task_id: 49, task_name: DASH_FFT, resource_name: cpu2, ref_start_time: 2117231840815208, ref_stop_time: 2117231840911448, actual_exe_time: 96240, task_app_start_time:2117231035825139, task_sched_time:2117231840808968
app_id: 0, app_name: SAR_api-aarch64, task_id: 50, task_name: DASH_ZIP, resource_name: cpu3, ref_start_time: 2117231843005149, ref_stop_time: 2117231843083029, actual_exe_time: 77880, task_app_start_time:2117231035825139, task_sched_time:2117231841523178
app_id: 0, app_name: SAR_api-aarch64, task_id: 51, task_name: DASH_FFT, resource_name: fft1, ref_start_time: 2117231843576919, ref_stop_time: 2117231843688399, actual_exe_time: 111480, task_app_start_time:2117231035825139, task_sched_time:2117231843564739
app_id: 0, app_name: SAR_api-aarch64, task_id: 52, task_name: DASH_FFT, resource_name: fft2, ref_start_time: 2117231844198159, ref_stop_time: 2117231844269829, actual_exe_time: 71670, task_app_start_time:2117231035825139, task_sched_time:2117231844190449
app_id: 0, app_name: SAR_api-aarch64, task_id: 53, task_name: DASH_ZIP, resource_name: zip1, ref_start_time: 2117231846954349, ref_stop_time: 2117231847078819, actual_exe_time: 124470, task_app_start_time:2117231035825139, task_sched_time:2117231844910329
app_id: 0, app_name: SAR_api-aarch64, task_id: 54, task_name: DASH_FFT, resource_name: cpu1, ref_start_time: 2117231847902679, ref_stop_time: 2117231848002249, actual_exe_time: 99570, task_app_start_time:2117231035825139, task_sched_time:2117231847893769
app_id: 0, app_name: SAR_api-aarch64, task_id: 55, task_name: DASH_FFT, resource_name: cpu2, ref_start_time: 2117231848600300, ref_stop_time: 2117231848693510, actual_exe_time: 93210, task_app_start_time:2117231035825139, task_sched_time:2117231848596580
app_id: 0, app_name: SAR_api-aarch64, task_id: 56, task_name: DASH_ZIP, resource_name: cpu3, ref_start_time: 2117231849393320, ref_stop_time: 2117231849469130, actual_exe_time: 75810, task_app_start_time:2117231035825139, task_sched_time:2117231849388730
app_id: 0, app_name: SAR_api-aarch64, task_id: 57, task_name: DASH_FFT, resource_name: fft1, ref_start_time: 2117231849925100, ref_stop_time: 2117231850047890, actual_exe_time: 122790, task_app_start_time:2117231035825139, task_sched_time:2117231849919040
app_id: 0, app_name: SAR_api-aarch64, task_id: 58, task_name: DASH_FFT, resource_name: fft2, ref_start_time: 2117231850604210, ref_stop_time: 2117231850684910, actual_exe_time: 80700, task_app_start_time:2117231035825139, task_sched_time:2117231850594940
app_id: 0, app_name: SAR_api-aarch64, task_id: 59, task_name: DASH_ZIP, resource_name: zip1, ref_start_time: 2117231853547690, ref_stop_time: 2117231853671560, actual_exe_time: 123870, task_app_start_time:2117231035825139, task_sched_time:2117231851280830
app_id: 0, app_name: SAR_api-aarch64, task_id: 60, task_name: DASH_FFT, resource_name: cpu1, ref_start_time: 2117231859973691, ref_stop_time: 2117231860083281, actual_exe_time: 109590, task_app_start_time:2117231035825139, task_sched_time:2117231859960791
app_id: 0, app_name: SAR_api-aarch64, task_id: 61, task_name: DASH_FFT, resource_name: cpu2, ref_start_time: 2117231860711301, ref_stop_time: 2117231860808861, actual_exe_time: 97560, task_app_start_time:2117231035825139, task_sched_time:2117231860703651
app_id: 0, app_name: SAR_api-aarch64, task_id: 62, task_name: DASH_ZIP, resource_name: cpu3, ref_start_time: 2117231861003952, ref_stop_time: 2117231861079072, actual_exe_time: 75120, task_app_start_time:2117231035825139, task_sched_time:2117231860996842
app_id: 0, app_name: SAR_api-aarch64, task_id: 63, task_name: DASH_FFT, resource_name: fft1, ref_start_time: 2117231861815872, ref_stop_time: 2117231861931702, actual_exe_time: 115830, task_app_start_time:2117231035825139, task_sched_time:2117231861805342
app_id: 0, app_name: SAR_api-aarch64, task_id: 64, task_name: DASH_FFT, resource_name: fft2, ref_start_time: 2117231863683492, ref_stop_time: 2117231863758582, actual_exe_time: 75090, task_app_start_time:2117231035825139, task_sched_time:2117231862653472
app_id: 0, app_name: SAR_api-aarch64, task_id: 65, task_name: DASH_ZIP, resource_name: zip1, ref_start_time: 2117231864315802, ref_stop_time: 2117231864435922, actual_exe_time: 120120, task_app_start_time:2117231035825139, task_sched_time:2117231864309742
app_id: 0, app_name: SAR_api-aarch64, task_id: 66, task_name: DASH_FFT, resource_name: cpu1, ref_start_time: 2117231865049752, ref_stop_time: 2117231865152862, actual_exe_time: 103110, task_app_start_time:2117231035825139, task_sched_time:2117231865041262
app_id: 0, app_name: SAR_api-aarch64, task_id: 67, task_name: DASH_FFT, resource_name: cpu2, ref_start_time: 2117231865644622, ref_stop_time: 2117231865736152, actual_exe_time: 91530, task_app_start_time:2117231035825139, task_sched_time:2117231865642042
app_id: 0, app_name: SAR_api-aarch64, task_id: 68, task_name: DASH_ZIP, resource_name: cpu3, ref_start_time: 2117231867067432, ref_stop_time: 2117231867148312, actual_exe_time: 80880, task_app_start_time:2117231035825139, task_sched_time:2117231866267062
app_id: 0, app_name: SAR_api-aarch64, task_id: 69, task_name: DASH_FFT, resource_name: fft1, ref_start_time: 2117231867781823, ref_stop_time: 2117231867899183, actual_exe_time: 117360, task_app_start_time:2117231035825139, task_sched_time:2117231867779063
app_id: 0, app_name: SAR_api-aarch64, task_id: 70, task_name: DASH_FFT, resource_name: fft2, ref_start_time: 2117231868487243, ref_stop_time: 2117231868555553, actual_exe_time: 68310, task_app_start_time:2117231035825139, task_sched_time:2117231868483073
app_id: 0, app_name: SAR_api-aarch64, task_id: 71, task_name: DASH_ZIP, resource_name: zip1, ref_start_time: 2117231869328623, ref_stop_time: 2117231869458133, actual_exe_time: 129510, task_app_start_time:2117231035825139, task_sched_time:2117231869208833
app_id: 0, app_name: SAR_api-aarch64, task_id: 72, task_name: DASH_FFT, resource_name: cpu1, ref_start_time: 2117231869990393, ref_stop_time: 2117231870094223, actual_exe_time: 103830, task_app_start_time:2117231035825139, task_sched_time:2117231869984993
app_id: 0, app_name: SAR_api-aarch64, task_id: 73, task_name: DASH_FFT, resource_name: cpu2, ref_start_time: 2117231870628853, ref_stop_time: 2117231870716723, actual_exe_time: 87870, task_app_start_time:2117231035825139, task_sched_time:2117231870622493
app_id: 0, app_name: SAR_api-aarch64, task_id: 74, task_name: DASH_ZIP, resource_name: cpu3, ref_start_time: 2117231875606934, ref_stop_time: 2117231875684634, actual_exe_time: 77700, task_app_start_time:2117231035825139, task_sched_time:2117231875597334
app_id: 0, app_name: SAR_api-aarch64, task_id: 75, task_name: DASH_FFT, resource_name: fft1, ref_start_time: 2117231876184734, ref_stop_time: 2117231876307644, actual_exe_time: 122910, task_app_start_time:2117231035825139, task_sched_time:2117231876175404
app_id: 0, app_name: SAR_api-aarch64, task_id: 76, task_name: DASH_FFT, resource_name: fft2, ref_start_time: 2117231876995874, ref_stop_time: 2117231877062654, actual_exe_time: 66780, task_app_start_time:2117231035825139, task_sched_time:2117231876987354
app_id: 0, app_name: SAR_api-aarch64, task_id: 77, task_name: DASH_ZIP, resource_name: zip1, ref_start_time: 2117231877748934, ref_stop_time: 2117231877866504, actual_exe_time: 117570, task_app_start_time:2117231035825139, task_sched_time:2117231877746114
app_id: 0, app_name: SAR_api-aarch64, task_id: 78, task_name: DASH_FFT, resource_name: cpu1, ref_start_time: 2117231878478714, ref_stop_time: 2117231878577924, actual_exe_time: 99210, task_app_start_time:2117231035825139, task_sched_time:2117231878465394
app_id: 0, app_name: SAR_api-aarch64, task_id: 79, task_name: DASH_FFT, resource_name: cpu2, ref_start_time: 2117231883549795, ref_stop_time: 2117231883650355, actual_exe_time: 100560, task_app_start_time:2117231035825139, task_sched_time:2117231883542235
app_id: 0, app_name: SAR_api-aarch64, task_id: 80, task_name: DASH_ZIP, resource_name: cpu3, ref_start_time: 2117231887116136, ref_stop_time: 2117231887201156, actual_exe_time: 85020, task_app_start_time:2117231035825139, task_sched_time:2117231884598325
app_id: 0, app_name: SAR_api-aarch64, task_id: 81, task_name: DASH_FFT, resource_name: fft1, ref_start_time: 2117231888223286, ref_stop_time: 2117231888351566, actual_exe_time: 128280, task_app_start_time:2117231035825139, task_sched_time:2117231888209606
app_id: 0, app_name: SAR_api-aarch64, task_id: 82, task_name: DASH_FFT, resource_name: fft2, ref_start_time: 2117231888864896, ref_stop_time: 2117231888941156, actual_exe_time: 76260, task_app_start_time:2117231035825139, task_sched_time:2117231888856976
app_id: 0, app_name: SAR_api-aarch64, task_id: 83, task_name: DASH_ZIP, resource_name: zip1, ref_start_time: 2117231890927546, ref_stop_time: 2117231891052916, actual_exe_time: 125370, task_app_start_time:2117231035825139, task_sched_time:2117231889648226
app_id: 0, app_name: SAR_api-aarch64, task_id: 84, task_name: DASH_FFT, resource_name: cpu1, ref_start_time: 2117231891826616, ref_stop_time: 2117231891930656, actual_exe_time: 104040, task_app_start_time:2117231035825139, task_sched_time:2117231891815096
app_id: 0, app_name: SAR_api-aarch64, task_id: 85, task_name: DASH_FFT, resource_name: cpu2, ref_start_time: 2117231892566147, ref_stop_time: 2117231892657467, actual_exe_time: 91320, task_app_start_time:2117231035825139, task_sched_time:2117231892561257
app_id: 0, app_name: SAR_api-aarch64, task_id: 86, task_name: DASH_ZIP, resource_name: cpu3, ref_start_time: 2117231894897027, ref_stop_time: 2117231894974667, actual_exe_time: 77640, task_app_start_time:2117231035825139, task_sched_time:2117231893312397
app_id: 0, app_name: SAR_api-aarch64, task_id: 87, task_name: DASH_FFT, resource_name: fft1, ref_start_time: 2117231895455297, ref_stop_time: 2117231895577667, actual_exe_time: 122370, task_app_start_time:2117231035825139, task_sched_time:2117231895446237
app_id: 0, app_name: SAR_api-aarch64, task_id: 88, task_name: DASH_FFT, resource_name: fft2, ref_start_time: 2117231896265657, ref_stop_time: 2117231896332167, actual_exe_time: 66510, task_app_start_time:2117231035825139, task_sched_time:2117231896256447
app_id: 0, app_name: SAR_api-aarch64, task_id: 89, task_name: DASH_ZIP, resource_name: zip1, ref_start_time: 2117231898913038, ref_stop_time: 2117231899034568, actual_exe_time: 121530, task_app_start_time:2117231035825139, task_sched_time:2117231896908947
app_id: 0, app_name: SAR_api-aarch64, task_id: 90, task_name: DASH_FFT, resource_name: cpu1, ref_start_time: 2117231899677918, ref_stop_time: 2117231899782438, actual_exe_time: 104520, task_app_start_time:2117231035825139, task_sched_time:2117231899664628
app_id: 0, app_name: SAR_api-aarch64, task_id: 91, task_name: DASH_FFT, resource_name: cpu2, ref_start_time: 2117231900230968, ref_stop_time: 2117231900317758, actual_exe_time: 86790, task_app_start_time:2117231035825139, task_sched_time:2117231900226678
app_id: 0, app_name: SAR_api-aarch64, task_id: 92, task_name: DASH_ZIP, resource_name: cpu3, ref_start_time: 2117231901509478, ref_stop_time: 2117231901584208, actual_exe_time: 74730, task_app_start_time:2117231035825139, task_sched_time:2117231900988678
app_id: 0, app_name: SAR_api-aarch64, task_id: 93, task_name: DASH_FFT, resource_name: fft1, ref_start_time: 2117231902039278, ref_stop_time: 2117231902153968, actual_exe_time: 114690, task_app_start_time:2117231035825139, task_sched_time:2117231902029618
app_id: 0, app_name: SAR_api-aarch64, task_id: 94, task_name: DASH_FFT, resource_name: fft2, ref_start_time: 2117231902830498, ref_stop_time: 2117231902913148, actual_exe_time: 82650, task_app_start_time:2117231035825139, task_sched_time:2117231902825818
app_id: 0, app_name: SAR_api-aarch64, task_id: 95, task_name: DASH_ZIP, resource_name: zip1, ref_start_time: 2117231907152989, ref_stop_time: 2117231907278689, actual_exe_time: 125700, task_app_start_time:2117231035825139, task_sched_time:2117231903919738
app_id: 0, app_name: SAR_api-aarch64, task_id: 96, task_name: DASH_FFT, resource_name: cpu1, ref_start_time: 2117231907872239, ref_stop_time: 2117231907979309, actual_exe_time: 107070, task_app_start_time:2117231035825139, task_sched_time:2117231907862129
app_id: 0, app_name: SAR_api-aarch64, task_id: 97, task_name: DASH_FFT, resource_name: cpu2, ref_start_time: 2117231909054929, ref_stop_time: 2117231909145559, actual_exe_time: 90630, task_app_start_time:2117231035825139, task_sched_time:2117231909048299
app_id: 0, app_name: SAR_api-aarch64, task_id: 98, task_name: DASH_ZIP, resource_name: cpu3, ref_start_time: 2117231910927350, ref_stop_time: 2117231911007270, actual_exe_time: 79920, task_app_start_time:2117231035825139, task_sched_time:2117231909696389
app_id: 0, app_name: SAR_api-aarch64, task_id: 99, task_name: DASH_FFT, resource_name: fft1, ref_start_time: 2117231911721420, ref_stop_time: 2117231911838660, actual_exe_time: 117240, task_app_start_time:2117231035825139, task_sched_time:2117231911716380
app_id: 0, app_name: SAR_api-aarch64, task_id: 100, task_name: DASH_FFT, resource_name: fft2, ref_start_time: 2117231912528330, ref_stop_time: 2117231912598830, actual_exe_time: 70500, task_app_start_time:2117231035825139, task_sched_time:2117231912522240
app_id: 0, app_name: SAR_api-aarch64, task_id: 101, task_name: DASH_ZIP, resource_name: zip1, ref_start_time: 2117231914910090, ref_stop_time: 2117231915029640, actual_exe_time: 119550, task_app_start_time:2117231035825139, task_sched_time:2117231913390770
app_id: 0, app_name: SAR_api-aarch64, task_id: 102, task_name: DASH_FFT, resource_name: cpu1, ref_start_time: 2117231915813870, ref_stop_time: 2117231915916290, actual_exe_time: 102420, task_app_start_time:2117231035825139, task_sched_time:2117231915808440
app_id: 0, app_name: SAR_api-aarch64, task_id: 103, task_name: DASH_FFT, resource_name: cpu2, ref_start_time: 2117231916387710, ref_stop_time: 2117231916477110, actual_exe_time: 89400, task_app_start_time:2117231035825139, task_sched_time:2117231916379490
app_id: 0, app_name: SAR_api-aarch64, task_id: 104, task_name: DASH_ZIP, resource_name: cpu3, ref_start_time: 2117231918928291, ref_stop_time: 2117231919005271, actual_exe_time: 76980, task_app_start_time:2117231035825139, task_sched_time:2117231917123641
app_id: 0, app_name: SAR_api-aarch64, task_id: 105, task_name: DASH_FFT, resource_name: fft1, ref_start_time: 2117231919760401, ref_stop_time: 2117231919875631, actual_exe_time: 115230, task_app_start_time:2117231035825139, task_sched_time:2117231919753411
app_id: 0, app_name: SAR_api-aarch64, task_id: 106, task_name: DASH_FFT, resource_name: fft2, ref_start_time: 2117231920307961, ref_stop_time: 2117231920386291, actual_exe_time: 78330, task_app_start_time:2117231035825139, task_sched_time:2117231920300911
app_id: 0, app_name: SAR_api-aarch64, task_id: 107, task_name: DASH_ZIP, resource_name: zip1, ref_start_time: 2117231920968231, ref_stop_time: 2117231921088051, actual_exe_time: 119820, task_app_start_time:2117231035825139, task_sched_time:2117231920959231
app_id: 0, app_name: SAR_api-aarch64, task_id: 108, task_name: DASH_FFT, resource_name: cpu1, ref_start_time: 2117231921765751, ref_stop_time: 2117231921867571, actual_exe_time: 101820, task_app_start_time:2117231035825139, task_sched_time:2117231921762541
app_id: 0, app_name: SAR_api-aarch64, task_id: 109, task_name: DASH_FFT, resource_name: cpu2, ref_start_time: 2117231922289191, ref_stop_time: 2117231922377781, actual_exe_time: 88590, task_app_start_time:2117231035825139, task_sched_time:2117231922285081
app_id: 0, app_name: SAR_api-aarch64, task_id: 110, task_name: DASH_ZIP, resource_name: cpu3, ref_start_time: 2117231923047861, ref_stop_time: 2117231923122201, actual_exe_time: 74340, task_app_start_time:2117231035825139, task_sched_time:2117231922945111
app_id: 0, app_name: SAR_api-aarch64, task_id: 111, task_name: DASH_FFT, resource_name: fft1, ref_start_time: 2117231923552462, ref_stop_time: 2117231923663942, actual_exe_time: 111480, task_app_start_time:2117231035825139, task_sched_time:2117231923545112
app_id: 0, app_name: SAR_api-aarch64, task_id: 112, task_name: DASH_FFT, resource_name: fft2, ref_start_time: 2117231924215312, ref_stop_time: 2117231924279752, actual_exe_time: 64440, task_app_start_time:2117231035825139, task_sched_time:2117231924206312
app_id: 0, app_name: SAR_api-aarch64, task_id: 113, task_name: DASH_ZIP, resource_name: zip1, ref_start_time: 2117231924935582, ref_stop_time: 2117231925055942, actual_exe_time: 120360, task_app_start_time:2117231035825139, task_sched_time:2117231924931832
app_id: 0, app_name: SAR_api-aarch64, task_id: 114, task_name: DASH_FFT, resource_name: cpu1, ref_start_time: 2117231925819052, ref_stop_time: 2117231925916432, actual_exe_time: 97380, task_app_start_time:2117231035825139, task_sched_time:2117231925812542
app_id: 0, app_name: SAR_api-aarch64, task_id: 115, task_name: DASH_FFT, resource_name: cpu2, ref_start_time: 2117231926452382, ref_stop_time: 2117231926538242, actual_exe_time: 85860, task_app_start_time:2117231035825139, task_sched_time:2117231926449982
app_id: 0, app_name: SAR_api-aarch64, task_id: 116, task_name: DASH_ZIP, resource_name: cpu3, ref_start_time: 2117231931245243, ref_stop_time: 2117231931327233, actual_exe_time: 81990, task_app_start_time:2117231035825139, task_sched_time:2117231931102353
app_id: 0, app_name: SAR_api-aarch64, task_id: 117, task_name: DASH_FFT, resource_name: fft1, ref_start_time: 2117231931970913, ref_stop_time: 2117231932092173, actual_exe_time: 121260, task_app_start_time:2117231035825139, task_sched_time:2117231931967403
app_id: 0, app_name: SAR_api-aarch64, task_id: 118, task_name: DASH_FFT, resource_name: fft2, ref_start_time: 2117231935252403, ref_stop_time: 2117231935324643, actual_exe_time: 72240, task_app_start_time:2117231035825139, task_sched_time:2117231935246133
app_id: 0, app_name: SAR_api-aarch64, task_id: 119, task_name: DASH_ZIP, resource_name: zip1, ref_start_time: 2117231936252124, ref_stop_time: 2117231936372424, actual_exe_time: 120300, task_app_start_time:2117231035825139, task_sched_time:2117231936249034
app_id: 0, app_name: SAR_api-aarch64, task_id: 120, task_name: DASH_FFT, resource_name: cpu1, ref_start_time: 2117231942291155, ref_stop_time: 2117231942401045, actual_exe_time: 109890, task_app_start_time:2117231035825139, task_sched_time:2117231942285965
app_id: 0, app_name: SAR_api-aarch64, task_id: 121, task_name: DASH_FFT, resource_name: cpu2, ref_start_time: 2117231942939935, ref_stop_time: 2117231943027445, actual_exe_time: 87510, task_app_start_time:2117231035825139, task_sched_time:2117231942935675
app_id: 0, app_name: SAR_api-aarch64, task_id: 122, task_name: DASH_ZIP, resource_name: cpu3, ref_start_time: 2117231943277825, ref_stop_time: 2117231943352345, actual_exe_time: 74520, task_app_start_time:2117231035825139, task_sched_time:2117231943272125
app_id: 0, app_name: SAR_api-aarch64, task_id: 123, task_name: DASH_FFT, resource_name: fft1, ref_start_time: 2117231944099195, ref_stop_time: 2117231944209865, actual_exe_time: 110670, task_app_start_time:2117231035825139, task_sched_time:2117231944090735
app_id: 0, app_name: SAR_api-aarch64, task_id: 124, task_name: DASH_FFT, resource_name: fft2, ref_start_time: 2117231944640845, ref_stop_time: 2117231944706305, actual_exe_time: 65460, task_app_start_time:2117231035825139, task_sched_time:2117231944635895
app_id: 0, app_name: SAR_api-aarch64, task_id: 125, task_name: DASH_ZIP, resource_name: zip1, ref_start_time: 2117231945980525, ref_stop_time: 2117231946100705, actual_exe_time: 120180, task_app_start_time:2117231035825139, task_sched_time:2117231945974345
app_id: 0, app_name: SAR_api-aarch64, task_id: 126, task_name: DASH_FFT, resource_name: cpu1, ref_start_time: 2117231946990175, ref_stop_time: 2117231947092775, actual_exe_time: 102600, task_app_start_time:2117231035825139, task_sched_time:2117231946977335
app_id: 0, app_name: SAR_api-aarch64, task_id: 127, task_name: DASH_FFT, resource_name: cpu2, ref_start_time: 2117231954927427, ref_stop_time: 2117231955036477, actual_exe_time: 109050, task_app_start_time:2117231035825139, task_sched_time:2117231951405066
app_id: 0, app_name: SAR_api-aarch64, task_id: 128, task_name: DASH_ZIP, resource_name: cpu3, ref_start_time: 2117231955856377, ref_stop_time: 2117231955931407, actual_exe_time: 75030, task_app_start_time:2117231035825139, task_sched_time:2117231955849717
app_id: 0, app_name: SAR_api-aarch64, task_id: 129, task_name: DASH_FFT, resource_name: fft1, ref_start_time: 2117231956603707, ref_stop_time: 2117231956719387, actual_exe_time: 115680, task_app_start_time:2117231035825139, task_sched_time:2117231956592607
app_id: 0, app_name: SAR_api-aarch64, task_id: 130, task_name: DASH_FFT, resource_name: fft2, ref_start_time: 2117231961257038, ref_stop_time: 2117231961339178, actual_exe_time: 82140, task_app_start_time:2117231035825139, task_sched_time:2117231957274627
app_id: 0, app_name: SAR_api-aarch64, task_id: 131, task_name: DASH_ZIP, resource_name: zip1, ref_start_time: 2117231962245118, ref_stop_time: 2117231962505428, actual_exe_time: 260310, task_app_start_time:2117231035825139, task_sched_time:2117231962236928
app_id: 0, app_name: SAR_api-aarch64, task_id: 132, task_name: DASH_FFT, resource_name: cpu1, ref_start_time: 2117231963346928, ref_stop_time: 2117231963453878, actual_exe_time: 106950, task_app_start_time:2117231035825139, task_sched_time:2117231963336128
app_id: 0, app_name: SAR_api-aarch64, task_id: 133, task_name: DASH_FFT, resource_name: cpu2, ref_start_time: 2117231971068959, ref_stop_time: 2117231971180229, actual_exe_time: 111270, task_app_start_time:2117231035825139, task_sched_time:2117231967839039
app_id: 0, app_name: SAR_api-aarch64, task_id: 134, task_name: DASH_ZIP, resource_name: cpu3, ref_start_time: 2117231971951679, ref_stop_time: 2117231972026949, actual_exe_time: 75270, task_app_start_time:2117231035825139, task_sched_time:2117231971947779
app_id: 0, app_name: SAR_api-aarch64, task_id: 135, task_name: DASH_FFT, resource_name: fft1, ref_start_time: 2117231973154710, ref_stop_time: 2117231973273000, actual_exe_time: 118290, task_app_start_time:2117231035825139, task_sched_time:2117231973146310
app_id: 0, app_name: SAR_api-aarch64, task_id: 136, task_name: DASH_FFT, resource_name: fft2, ref_start_time: 2117231977629030, ref_stop_time: 2117231977709820, actual_exe_time: 80790, task_app_start_time:2117231035825139, task_sched_time:2117231973830040
app_id: 0, app_name: SAR_api-aarch64, task_id: 137, task_name: DASH_ZIP, resource_name: zip1, ref_start_time: 2117231978924820, ref_stop_time: 2117231979048180, actual_exe_time: 123360, task_app_start_time:2117231035825139, task_sched_time:2117231978664210
app_id: 0, app_name: SAR_api-aarch64, task_id: 138, task_name: DASH_FFT, resource_name: cpu1, ref_start_time: 2117231979848941, ref_stop_time: 2117231979957061, actual_exe_time: 108120, task_app_start_time:2117231035825139, task_sched_time:2117231979835351
app_id: 0, app_name: SAR_api-aarch64, task_id: 139, task_name: DASH_FFT, resource_name: cpu2, ref_start_time: 2117231980591261, ref_stop_time: 2117231980686661, actual_exe_time: 95400, task_app_start_time:2117231035825139, task_sched_time:2117231980585141
app_id: 0, app_name: SAR_api-aarch64, task_id: 140, task_name: DASH_ZIP, resource_name: cpu3, ref_start_time: 2117231981830411, ref_stop_time: 2117231981907841, actual_exe_time: 77430, task_app_start_time:2117231035825139, task_sched_time:2117231981390071
app_id: 0, app_name: SAR_api-aarch64, task_id: 141, task_name: DASH_FFT, resource_name: fft1, ref_start_time: 2117231987524772, ref_stop_time: 2117231987647862, actual_exe_time: 123090, task_app_start_time:2117231035825139, task_sched_time:2117231987510312
app_id: 0, app_name: SAR_api-aarch64, task_id: 142, task_name: DASH_FFT, resource_name: fft2, ref_start_time: 2117231988306542, ref_stop_time: 2117231988376562, actual_exe_time: 70020, task_app_start_time:2117231035825139, task_sched_time:2117231988299792
app_id: 0, app_name: SAR_api-aarch64, task_id: 143, task_name: DASH_ZIP, resource_name: zip1, ref_start_time: 2117231992154193, ref_stop_time: 2117231992277883, actual_exe_time: 123690, task_app_start_time:2117231035825139, task_sched_time:2117231992148673
app_id: 0, app_name: SAR_api-aarch64, task_id: 144, task_name: DASH_FFT, resource_name: cpu1, ref_start_time: 2117231992954023, ref_stop_time: 2117231993059593, actual_exe_time: 105570, task_app_start_time:2117231035825139, task_sched_time:2117231992942083
app_id: 0, app_name: SAR_api-aarch64, task_id: 145, task_name: DASH_FFT, resource_name: cpu2, ref_start_time: 2117231994177633, ref_stop_time: 2117231994272043, actual_exe_time: 94410, task_app_start_time:2117231035825139, task_sched_time:2117231994170433
app_id: 0, app_name: SAR_api-aarch64, task_id: 146, task_name: DASH_ZIP, resource_name: cpu3, ref_start_time: 2117231994778773, ref_stop_time: 2117231994852423, actual_exe_time: 73650, task_app_start_time:2117231035825139, task_sched_time:2117231994773913
app_id: 0, app_name: SAR_api-aarch64, task_id: 147, task_name: DASH_FFT, resource_name: fft1, ref_start_time: 2117231995969353, ref_stop_time: 2117231996092023, actual_exe_time: 122670, task_app_start_time:2117231035825139, task_sched_time:2117231995963533
app_id: 0, app_name: SAR_api-aarch64, task_id: 148, task_name: DASH_FFT, resource_name: fft2, ref_start_time: 2117231996596173, ref_stop_time: 2117231996670813, actual_exe_time: 74640, task_app_start_time:2117231035825139, task_sched_time:2117231996589063
app_id: 0, app_name: SAR_api-aarch64, task_id: 149, task_name: DASH_ZIP, resource_name: zip1, ref_start_time: 2117231998543834, ref_stop_time: 2117231998672654, actual_exe_time: 128820, task_app_start_time:2117231035825139, task_sched_time:2117231997523653
app_id: 0, app_name: SAR_api-aarch64, task_id: 150, task_name: DASH_FFT, resource_name: cpu1, ref_start_time: 2117232003451834, ref_stop_time: 2117232003565594, actual_exe_time: 113760, task_app_start_time:2117231035825139, task_sched_time:2117232003443404
app_id: 0, app_name: SAR_api-aarch64, task_id: 151, task_name: DASH_FFT, resource_name: cpu2, ref_start_time: 2117232006924725, ref_stop_time: 2117232007020845, actual_exe_time: 96120, task_app_start_time:2117231035825139, task_sched_time:2117232006915905
app_id: 0, app_name: SAR_api-aarch64, task_id: 152, task_name: DASH_ZIP, resource_name: cpu3, ref_start_time: 2117232007740515, ref_stop_time: 2117232007815035, actual_exe_time: 74520, task_app_start_time:2117231035825139, task_sched_time:2117232007736195
app_id: 0, app_name: SAR_api-aarch64, task_id: 153, task_name: DASH_FFT, resource_name: fft1, ref_start_time: 2117232010474176, ref_stop_time: 2117232010595886, actual_exe_time: 121710, task_app_start_time:2117231035825139, task_sched_time:2117232010468386
app_id: 0, app_name: SAR_api-aarch64, task_id: 154, task_name: DASH_FFT, resource_name: fft2, ref_start_time: 2117232011468646, ref_stop_time: 2117232011542536, actual_exe_time: 73890, task_app_start_time:2117231035825139, task_sched_time:2117232011465286
app_id: 0, app_name: SAR_api-aarch64, task_id: 155, task_name: DASH_ZIP, resource_name: zip1, ref_start_time: 2117232012332676, ref_stop_time: 2117232012582246, actual_exe_time: 249570, task_app_start_time:2117231035825139, task_sched_time:2117232012327486
app_id: 0, app_name: SAR_api-aarch64, task_id: 156, task_name: DASH_FFT, resource_name: cpu1, ref_start_time: 2117232013333956, ref_stop_time: 2117232013447716, actual_exe_time: 113760, task_app_start_time:2117231035825139, task_sched_time:2117232013320396
app_id: 0, app_name: SAR_api-aarch64, task_id: 157, task_name: DASH_FFT, resource_name: cpu2, ref_start_time: 2117232014206626, ref_stop_time: 2117232014299236, actual_exe_time: 92610, task_app_start_time:2117231035825139, task_sched_time:2117232014197086
app_id: 0, app_name: SAR_api-aarch64, task_id: 158, task_name: DASH_ZIP, resource_name: cpu3, ref_start_time: 2117232015416676, ref_stop_time: 2117232015494646, actual_exe_time: 77970, task_app_start_time:2117231035825139, task_sched_time:2117232015408426
app_id: 0, app_name: SAR_api-aarch64, task_id: 159, task_name: DASH_FFT, resource_name: fft1, ref_start_time: 2117232015965676, ref_stop_time: 2117232016086006, actual_exe_time: 120330, task_app_start_time:2117231035825139, task_sched_time:2117232015960786
app_id: 0, app_name: SAR_api-aarch64, task_id: 160, task_name: DASH_FFT, resource_name: fft2, ref_start_time: 2117232016668847, ref_stop_time: 2117232016737307, actual_exe_time: 68460, task_app_start_time:2117231035825139, task_sched_time:2117232016661797
app_id: 0, app_name: SAR_api-aarch64, task_id: 161, task_name: DASH_ZIP, resource_name: zip1, ref_start_time: 2117232018971257, ref_stop_time: 2117232019103047, actual_exe_time: 131790, task_app_start_time:2117231035825139, task_sched_time:2117232017413717
app_id: 0, app_name: SAR_api-aarch64, task_id: 162, task_name: DASH_FFT, resource_name: cpu1, ref_start_time: 2117232020021467, ref_stop_time: 2117232020126437, actual_exe_time: 104970, task_app_start_time:2117231035825139, task_sched_time:2117232020012977
app_id: 0, app_name: SAR_api-aarch64, task_id: 163, task_name: DASH_FFT, resource_name: cpu2, ref_start_time: 2117232020916967, ref_stop_time: 2117232021008437, actual_exe_time: 91470, task_app_start_time:2117231035825139, task_sched_time:2117232020912467
app_id: 0, app_name: SAR_api-aarch64, task_id: 164, task_name: DASH_ZIP, resource_name: cpu3, ref_start_time: 2117232022912028, ref_stop_time: 2117232022990358, actual_exe_time: 78330, task_app_start_time:2117231035825139, task_sched_time:2117232021541747
app_id: 0, app_name: SAR_api-aarch64, task_id: 165, task_name: DASH_FFT, resource_name: fft1, ref_start_time: 2117232023160668, ref_stop_time: 2117232023281328, actual_exe_time: 120660, task_app_start_time:2117231035825139, task_sched_time:2117232023154488
app_id: 0, app_name: SAR_api-aarch64, task_id: 166, task_name: DASH_FFT, resource_name: fft2, ref_start_time: 2117232024091358, ref_stop_time: 2117232024158828, actual_exe_time: 67470, task_app_start_time:2117231035825139, task_sched_time:2117232024086288
app_id: 0, app_name: SAR_api-aarch64, task_id: 167, task_name: DASH_ZIP, resource_name: zip1, ref_start_time: 2117232026923928, ref_stop_time: 2117232027049508, actual_exe_time: 125580, task_app_start_time:2117231035825139, task_sched_time:2117232024968918
app_id: 0, app_name: SAR_api-aarch64, task_id: 168, task_name: DASH_FFT, resource_name: cpu1, ref_start_time: 2117232027561608, ref_stop_time: 2117232027666308, actual_exe_time: 104700, task_app_start_time:2117231035825139, task_sched_time:2117232027555758
app_id: 0, app_name: SAR_api-aarch64, task_id: 169, task_name: DASH_FFT, resource_name: cpu2, ref_start_time: 2117232028105928, ref_stop_time: 2117232028195148, actual_exe_time: 89220, task_app_start_time:2117231035825139, task_sched_time:2117232028101038
app_id: 0, app_name: SAR_api-aarch64, task_id: 170, task_name: DASH_ZIP, resource_name: cpu3, ref_start_time: 2117232029894889, ref_stop_time: 2117232029972829, actual_exe_time: 77940, task_app_start_time:2117231035825139, task_sched_time:2117232028811199
app_id: 0, app_name: SAR_api-aarch64, task_id: 171, task_name: DASH_FFT, resource_name: fft1, ref_start_time: 2117232030669249, ref_stop_time: 2117232030789039, actual_exe_time: 119790, task_app_start_time:2117231035825139, task_sched_time:2117232030664689
app_id: 0, app_name: SAR_api-aarch64, task_id: 172, task_name: DASH_FFT, resource_name: fft2, ref_start_time: 2117232031027929, ref_stop_time: 2117232031095699, actual_exe_time: 67770, task_app_start_time:2117231035825139, task_sched_time:2117232031024719
app_id: 0, app_name: SAR_api-aarch64, task_id: 173, task_name: DASH_ZIP, resource_name: zip1, ref_start_time: 2117232032267289, ref_stop_time: 2117232032392899, actual_exe_time: 125610, task_app_start_time:2117231035825139, task_sched_time:2117232032257569
app_id: 0, app_name: SAR_api-aarch64, task_id: 174, task_name: DASH_FFT, resource_name: cpu1, ref_start_time: 2117232035696200, ref_stop_time: 2117232035816050, actual_exe_time: 119850, task_app_start_time:2117231035825139, task_sched_time:2117232035684860
app_id: 0, app_name: SAR_api-aarch64, task_id: 175, task_name: DASH_FFT, resource_name: cpu2, ref_start_time: 2117232036449650, ref_stop_time: 2117232036537580, actual_exe_time: 87930, task_app_start_time:2117231035825139, task_sched_time:2117232036444340
app_id: 0, app_name: SAR_api-aarch64, task_id: 176, task_name: DASH_ZIP, resource_name: cpu3, ref_start_time: 2117232036979210, ref_stop_time: 2117232037054870, actual_exe_time: 75660, task_app_start_time:2117231035825139, task_sched_time:2117232036976150
app_id: 0, app_name: SAR_api-aarch64, task_id: 177, task_name: DASH_FFT, resource_name: fft1, ref_start_time: 2117232043475351, ref_stop_time: 2117232043604051, actual_exe_time: 128700, task_app_start_time:2117231035825139, task_sched_time:2117232043470011
app_id: 0, app_name: SAR_api-aarch64, task_id: 178, task_name: DASH_FFT, resource_name: fft2, ref_start_time: 2117232044157881, ref_stop_time: 2117232044236061, actual_exe_time: 78180, task_app_start_time:2117231035825139, task_sched_time:2117232044154641
app_id: 0, app_name: SAR_api-aarch64, task_id: 179, task_name: DASH_ZIP, resource_name: zip1, ref_start_time: 2117232047931942, ref_stop_time: 2117232048054372, actual_exe_time: 122430, task_app_start_time:2117231035825139, task_sched_time:2117232047924292
app_id: 0, app_name: SAR_api-aarch64, task_id: 180, task_name: DASH_FFT, resource_name: cpu1, ref_start_time: 2117232049145982, ref_stop_time: 2117232049251372, actual_exe_time: 105390, task_app_start_time:2117231035825139, task_sched_time:2117232049140882
app_id: 0, app_name: SAR_api-aarch64, task_id: 181, task_name: DASH_FFT, resource_name: cpu2, ref_start_time: 2117232050303712, ref_stop_time: 2117232050398152, actual_exe_time: 94440, task_app_start_time:2117231035825139, task_sched_time:2117232050296842
app_id: 0, app_name: SAR_api-aarch64, task_id: 182, task_name: DASH_ZIP, resource_name: cpu3, ref_start_time: 2117232054068713, ref_stop_time: 2117232054150763, actual_exe_time: 82050, task_app_start_time:2117231035825139, task_sched_time:2117232051295182
app_id: 0, app_name: SAR_api-aarch64, task_id: 183, task_name: DASH_FFT, resource_name: fft1, ref_start_time: 2117232059430313, ref_stop_time: 2117232059553673, actual_exe_time: 123360, task_app_start_time:2117231035825139, task_sched_time:2117232059416483
app_id: 0, app_name: SAR_api-aarch64, task_id: 184, task_name: DASH_FFT, resource_name: fft2, ref_start_time: 2117232060525134, ref_stop_time: 2117232060591914, actual_exe_time: 66780, task_app_start_time:2117231035825139, task_sched_time:2117232060516434
app_id: 0, app_name: SAR_api-aarch64, task_id: 185, task_name: DASH_ZIP, resource_name: zip1, ref_start_time: 2117232063604544, ref_stop_time: 2117232063727604, actual_exe_time: 123060, task_app_start_time:2117231035825139, task_sched_time:2117232063597914
app_id: 0, app_name: SAR_api-aarch64, task_id: 186, task_name: DASH_FFT, resource_name: cpu1, ref_start_time: 2117232066126285, ref_stop_time: 2117232066232095, actual_exe_time: 105810, task_app_start_time:2117231035825139, task_sched_time:2117232066119415
app_id: 0, app_name: SAR_api-aarch64, task_id: 187, task_name: DASH_FFT, resource_name: cpu2, ref_start_time: 2117232067483485, ref_stop_time: 2117232067576725, actual_exe_time: 93240, task_app_start_time:2117231035825139, task_sched_time:2117232067478595
app_id: 0, app_name: SAR_api-aarch64, task_id: 188, task_name: DASH_ZIP, resource_name: cpu3, ref_start_time: 2117232068522805, ref_stop_time: 2117232068597535, actual_exe_time: 74730, task_app_start_time:2117231035825139, task_sched_time:2117232068515455
app_id: 0, app_name: SAR_api-aarch64, task_id: 189, task_name: DASH_FFT, resource_name: fft1, ref_start_time: 2117232069362085, ref_stop_time: 2117232069483645, actual_exe_time: 121560, task_app_start_time:2117231035825139, task_sched_time:2117232069357645
app_id: 0, app_name: SAR_api-aarch64, task_id: 190, task_name: DASH_FFT, resource_name: fft2, ref_start_time: 2117232070159425, ref_stop_time: 2117232070232085, actual_exe_time: 72660, task_app_start_time:2117231035825139, task_sched_time:2117232070150125
app_id: 0, app_name: SAR_api-aarch64, task_id: 191, task_name: DASH_ZIP, resource_name: zip1, ref_start_time: 2117232072336016, ref_stop_time: 2117232072459346, actual_exe_time: 123330, task_app_start_time:2117231035825139, task_sched_time:2117232070969065
app_id: 0, app_name: SAR_api-aarch64, task_id: 192, task_name: DASH_FFT, resource_name: cpu1, ref_start_time: 2117232075471946, ref_stop_time: 2117232075580306, actual_exe_time: 108360, task_app_start_time:2117231035825139, task_sched_time:2117232075465226
app_id: 0, app_name: SAR_api-aarch64, task_id: 193, task_name: DASH_FFT, resource_name: cpu2, ref_start_time: 2117232079534007, ref_stop_time: 2117232079630187, actual_exe_time: 96180, task_app_start_time:2117231035825139, task_sched_time:2117232079524437
app_id: 0, app_name: SAR_api-aarch64, task_id: 194, task_name: DASH_ZIP, resource_name: cpu3, ref_start_time: 2117232080124557, ref_stop_time: 2117232080200697, actual_exe_time: 76140, task_app_start_time:2117231035825139, task_sched_time:2117232080121167
app_id: 0, app_name: SAR_api-aarch64, task_id: 195, task_name: DASH_FFT, resource_name: fft1, ref_start_time: 2117232084089447, ref_stop_time: 2117232084209387, actual_exe_time: 119940, task_app_start_time:2117231035825139, task_sched_time:2117232084077987
app_id: 0, app_name: SAR_api-aarch64, task_id: 196, task_name: DASH_FFT, resource_name: fft2, ref_start_time: 2117232084830838, ref_stop_time: 2117232084896778, actual_exe_time: 65940, task_app_start_time:2117231035825139, task_sched_time:2117232084827418
app_id: 0, app_name: SAR_api-aarch64, task_id: 197, task_name: DASH_ZIP, resource_name: zip1, ref_start_time: 2117232086316318, ref_stop_time: 2117232086438868, actual_exe_time: 122550, task_app_start_time:2117231035825139, task_sched_time:2117232086311128
app_id: 0, app_name: SAR_api-aarch64, task_id: 198, task_name: DASH_FFT, resource_name: cpu1, ref_start_time: 2117232087473178, ref_stop_time: 2117232087579798, actual_exe_time: 106620, task_app_start_time:2117231035825139, task_sched_time:2117232087468018
app_id: 0, app_name: SAR_api-aarch64, task_id: 199, task_name: DASH_FFT, resource_name: cpu2, ref_start_time: 2117232088250358, ref_stop_time: 2117232088341048, actual_exe_time: 90690, task_app_start_time:2117231035825139, task_sched_time:2117232088239738
app_id: 0, app_name: SAR_api-aarch64, task_id: 200, task_name: DASH_ZIP, resource_name: cpu3, ref_start_time: 2117232090927679, ref_stop_time: 2117232091008529, actual_exe_time: 80850, task_app_start_time:2117231035825139, task_sched_time:2117232089109438
app_id: 0, app_name: SAR_api-aarch64, task_id: 201, task_name: DASH_FFT, resource_name: fft1, ref_start_time: 2117232091366099, ref_stop_time: 2117232091484989, actual_exe_time: 118890, task_app_start_time:2117231035825139, task_sched_time:2117232091362139
app_id: 0, app_name: SAR_api-aarch64, task_id: 202, task_name: DASH_FFT, resource_name: fft2, ref_start_time: 2117232092421679, ref_stop_time: 2117232092493829, actual_exe_time: 72150, task_app_start_time:2117231035825139, task_sched_time:2117232092418679
app_id: 0, app_name: SAR_api-aarch64, task_id: 203, task_name: DASH_ZIP, resource_name: zip1, ref_start_time: 2117232095737939, ref_stop_time: 2117232095861239, actual_exe_time: 123300, task_app_start_time:2117231035825139, task_sched_time:2117232095733559
app_id: 0, app_name: SAR_api-aarch64, task_id: 204, task_name: DASH_FFT, resource_name: cpu1, ref_start_time: 2117232099728060, ref_stop_time: 2117232099838610, actual_exe_time: 110550, task_app_start_time:2117231035825139, task_sched_time:2117232099714110
app_id: 0, app_name: SAR_api-aarch64, task_id: 205, task_name: DASH_FFT, resource_name: cpu2, ref_start_time: 2117232103033550, ref_stop_time: 2117232103127780, actual_exe_time: 94230, task_app_start_time:2117231035825139, task_sched_time:2117232103027130
app_id: 0, app_name: SAR_api-aarch64, task_id: 206, task_name: DASH_ZIP, resource_name: cpu3, ref_start_time: 2117232105880311, ref_stop_time: 2117232105959331, actual_exe_time: 79020, task_app_start_time:2117231035825139, task_sched_time:2117232105874101
app_id: 0, app_name: SAR_api-aarch64, task_id: 207, task_name: DASH_FFT, resource_name: fft1, ref_start_time: 2117232106580031, ref_stop_time: 2117232106700571, actual_exe_time: 120540, task_app_start_time:2117231035825139, task_sched_time:2117232106576461
app_id: 0, app_name: SAR_api-aarch64, task_id: 208, task_name: DASH_FFT, resource_name: fft2, ref_start_time: 2117232107551101, ref_stop_time: 2117232107622651, actual_exe_time: 71550, task_app_start_time:2117231035825139, task_sched_time:2117232107390091
app_id: 0, app_name: SAR_api-aarch64, task_id: 209, task_name: DASH_ZIP, resource_name: zip1, ref_start_time: 2117232110698852, ref_stop_time: 2117232110827672, actual_exe_time: 128820, task_app_start_time:2117231035825139, task_sched_time:2117232108231411
app_id: 0, app_name: SAR_api-aarch64, task_id: 210, task_name: DASH_FFT, resource_name: cpu1, ref_start_time: 2117232115447252, ref_stop_time: 2117232115560712, actual_exe_time: 113460, task_app_start_time:2117231035825139, task_sched_time:2117232115438582
app_id: 0, app_name: SAR_api-aarch64, task_id: 211, task_name: DASH_FFT, resource_name: cpu2, ref_start_time: 2117232119352113, ref_stop_time: 2117232119449313, actual_exe_time: 97200, task_app_start_time:2117231035825139, task_sched_time:2117232119343323
app_id: 0, app_name: SAR_api-aarch64, task_id: 212, task_name: DASH_ZIP, resource_name: cpu3, ref_start_time: 2117232122443434, ref_stop_time: 2117232122524344, actual_exe_time: 80910, task_app_start_time:2117231035825139, task_sched_time:2117232122437224
app_id: 0, app_name: SAR_api-aarch64, task_id: 213, task_name: DASH_FFT, resource_name: fft1, ref_start_time: 2117232123367194, ref_stop_time: 2117232123490134, actual_exe_time: 122940, task_app_start_time:2117231035825139, task_sched_time:2117232123360024
app_id: 0, app_name: SAR_api-aarch64, task_id: 214, task_name: DASH_FFT, resource_name: fft2, ref_start_time: 2117232124137294, ref_stop_time: 2117232124213584, actual_exe_time: 76290, task_app_start_time:2117231035825139, task_sched_time:2117232124132404
app_id: 0, app_name: SAR_api-aarch64, task_id: 215, task_name: DASH_ZIP, resource_name: zip1, ref_start_time: 2117232126490464, ref_stop_time: 2117232126616614, actual_exe_time: 126150, task_app_start_time:2117231035825139, task_sched_time:2117232125274534
app_id: 0, app_name: SAR_api-aarch64, task_id: 216, task_name: DASH_FFT, resource_name: cpu1, ref_start_time: 2117232131689525, ref_stop_time: 2117232131800375, actual_exe_time: 110850, task_app_start_time:2117231035825139, task_sched_time:2117232131675995
app_id: 0, app_name: SAR_api-aarch64, task_id: 217, task_name: DASH_FFT, resource_name: cpu2, ref_start_time: 2117232135247856, ref_stop_time: 2117232135344696, actual_exe_time: 96840, task_app_start_time:2117231035825139, task_sched_time:2117232135240176
app_id: 0, app_name: SAR_api-aarch64, task_id: 218, task_name: DASH_ZIP, resource_name: cpu3, ref_start_time: 2117232137913416, ref_stop_time: 2117232137990906, actual_exe_time: 77490, task_app_start_time:2117231035825139, task_sched_time:2117232137906096
app_id: 0, app_name: SAR_api-aarch64, task_id: 219, task_name: DASH_FFT, resource_name: fft1, ref_start_time: 2117232138823916, ref_stop_time: 2117232138964496, actual_exe_time: 140580, task_app_start_time:2117231035825139, task_sched_time:2117232138811196
app_id: 0, app_name: SAR_api-aarch64, task_id: 220, task_name: DASH_FFT, resource_name: fft2, ref_start_time: 2117232139719416, ref_stop_time: 2117232139792586, actual_exe_time: 73170, task_app_start_time:2117231035825139, task_sched_time:2117232139712126
app_id: 0, app_name: SAR_api-aarch64, task_id: 221, task_name: DASH_ZIP, resource_name: zip1, ref_start_time: 2117232142268127, ref_stop_time: 2117232142395657, actual_exe_time: 127530, task_app_start_time:2117231035825139, task_sched_time:2117232140668317
app_id: 0, app_name: SAR_api-aarch64, task_id: 222, task_name: DASH_FFT, resource_name: cpu1, ref_start_time: 2117232147835048, ref_stop_time: 2117232147946918, actual_exe_time: 111870, task_app_start_time:2117231035825139, task_sched_time:2117232147826978
app_id: 0, app_name: SAR_api-aarch64, task_id: 223, task_name: DASH_FFT, resource_name: cpu2, ref_start_time: 2117232148605508, ref_stop_time: 2117232148695268, actual_exe_time: 89760, task_app_start_time:2117231035825139, task_sched_time:2117232148597138
app_id: 0, app_name: SAR_api-aarch64, task_id: 224, task_name: DASH_ZIP, resource_name: cpu3, ref_start_time: 2117232152962888, ref_stop_time: 2117232153041099, actual_exe_time: 78211, task_app_start_time:2117231035825139, task_sched_time:2117232152954008
app_id: 0, app_name: SAR_api-aarch64, task_id: 225, task_name: DASH_FFT, resource_name: fft1, ref_start_time: 2117232154408649, ref_stop_time: 2117232154530809, actual_exe_time: 122160, task_app_start_time:2117231035825139, task_sched_time:2117232154400669
app_id: 0, app_name: SAR_api-aarch64, task_id: 226, task_name: DASH_FFT, resource_name: fft2, ref_start_time: 2117232155384939, ref_stop_time: 2117232155462879, actual_exe_time: 77940, task_app_start_time:2117231035825139, task_sched_time:2117232155375279
app_id: 0, app_name: SAR_api-aarch64, task_id: 227, task_name: DASH_ZIP, resource_name: zip1, ref_start_time: 2117232158134739, ref_stop_time: 2117232158261939, actual_exe_time: 127200, task_app_start_time:2117231035825139, task_sched_time:2117232156031229
app_id: 0, app_name: SAR_api-aarch64, task_id: 228, task_name: DASH_FFT, resource_name: cpu1, ref_start_time: 2117232163615230, ref_stop_time: 2117232163729050, actual_exe_time: 113820, task_app_start_time:2117231035825139, task_sched_time:2117232163607040
app_id: 0, app_name: SAR_api-aarch64, task_id: 229, task_name: DASH_FFT, resource_name: cpu2, ref_start_time: 2117232167064571, ref_stop_time: 2117232167160271, actual_exe_time: 95700, task_app_start_time:2117231035825139, task_sched_time:2117232167060041
app_id: 0, app_name: SAR_api-aarch64, task_id: 230, task_name: DASH_ZIP, resource_name: cpu3, ref_start_time: 2117232169556731, ref_stop_time: 2117232169635811, actual_exe_time: 79080, task_app_start_time:2117231035825139, task_sched_time:2117232169550101
app_id: 0, app_name: SAR_api-aarch64, task_id: 231, task_name: DASH_FFT, resource_name: fft1, ref_start_time: 2117232170203651, ref_stop_time: 2117232170329231, actual_exe_time: 125580, task_app_start_time:2117231035825139, task_sched_time:2117232170199331
app_id: 0, app_name: SAR_api-aarch64, task_id: 232, task_name: DASH_FFT, resource_name: fft2, ref_start_time: 2117232170671021, ref_stop_time: 2117232170746201, actual_exe_time: 75180, task_app_start_time:2117231035825139, task_sched_time:2117232170665201
app_id: 0, app_name: SAR_api-aarch64, task_id: 233, task_name: DASH_ZIP, resource_name: zip1, ref_start_time: 2117232173612792, ref_stop_time: 2117232173738672, actual_exe_time: 125880, task_app_start_time:2117231035825139, task_sched_time:2117232171781592
app_id: 0, app_name: SAR_api-aarch64, task_id: 234, task_name: DASH_FFT, resource_name: cpu1, ref_start_time: 2117232179901033, ref_stop_time: 2117232180015303, actual_exe_time: 114270, task_app_start_time:2117231035825139, task_sched_time:2117232179804043
app_id: 0, app_name: SAR_api-aarch64, task_id: 235, task_name: DASH_FFT, resource_name: cpu2, ref_start_time: 2117232183055443, ref_stop_time: 2117232183153063, actual_exe_time: 97620, task_app_start_time:2117231035825139, task_sched_time:2117232183045453
app_id: 0, app_name: SAR_api-aarch64, task_id: 236, task_name: DASH_ZIP, resource_name: cpu3, ref_start_time: 2117232184412014, ref_stop_time: 2117232184490344, actual_exe_time: 78330, task_app_start_time:2117231035825139, task_sched_time:2117232184406704
app_id: 0, app_name: SAR_api-aarch64, task_id: 237, task_name: DASH_FFT, resource_name: fft1, ref_start_time: 2117232188765164, ref_stop_time: 2117232188887174, actual_exe_time: 122010, task_app_start_time:2117231035825139, task_sched_time:2117232188732464
app_id: 0, app_name: SAR_api-aarch64, task_id: 238, task_name: DASH_FFT, resource_name: fft2, ref_start_time: 2117232189520804, ref_stop_time: 2117232189601264, actual_exe_time: 80460, task_app_start_time:2117231035825139, task_sched_time:2117232189513214
app_id: 0, app_name: SAR_api-aarch64, task_id: 239, task_name: DASH_ZIP, resource_name: zip1, ref_start_time: 2117232194916815, ref_stop_time: 2117232195041345, actual_exe_time: 124530, task_app_start_time:2117231035825139, task_sched_time:2117232190283014
app_id: 0, app_name: SAR_api-aarch64, task_id: 240, task_name: DASH_FFT, resource_name: cpu1, ref_start_time: 2117232195560465, ref_stop_time: 2117232195671285, actual_exe_time: 110820, task_app_start_time:2117231035825139, task_sched_time:2117232195454385
app_id: 0, app_name: SAR_api-aarch64, task_id: 241, task_name: DASH_FFT, resource_name: cpu2, ref_start_time: 2117232196640106, ref_stop_time: 2117232196730436, actual_exe_time: 90330, task_app_start_time:2117231035825139, task_sched_time:2117232196633416
app_id: 0, app_name: SAR_api-aarch64, task_id: 242, task_name: DASH_ZIP, resource_name: cpu3, ref_start_time: 2117232198732396, ref_stop_time: 2117232198810126, actual_exe_time: 77730, task_app_start_time:2117231035825139, task_sched_time:2117232197386326
app_id: 0, app_name: SAR_api-aarch64, task_id: 243, task_name: DASH_FFT, resource_name: fft1, ref_start_time: 2117232199584096, ref_stop_time: 2117232199708536, actual_exe_time: 124440, task_app_start_time:2117231035825139, task_sched_time:2117232199526436
app_id: 0, app_name: SAR_api-aarch64, task_id: 244, task_name: DASH_FFT, resource_name: fft2, ref_start_time: 2117232206908147, ref_stop_time: 2117232206992897, actual_exe_time: 84750, task_app_start_time:2117231035825139, task_sched_time:2117232203898187
app_id: 0, app_name: SAR_api-aarch64, task_id: 245, task_name: DASH_ZIP, resource_name: zip1, ref_start_time: 2117232207885157, ref_stop_time: 2117232208006027, actual_exe_time: 120870, task_app_start_time:2117231035825139, task_sched_time:2117232207878137
app_id: 0, app_name: SAR_api-aarch64, task_id: 246, task_name: DASH_FFT, resource_name: cpu1, ref_start_time: 2117232208772527, ref_stop_time: 2117232208878667, actual_exe_time: 106140, task_app_start_time:2117231035825139, task_sched_time:2117232208765687
app_id: 0, app_name: SAR_api-aarch64, task_id: 247, task_name: DASH_FFT, resource_name: cpu2, ref_start_time: 2117232213014558, ref_stop_time: 2117232213116918, actual_exe_time: 102360, task_app_start_time:2117231035825139, task_sched_time:2117232209063078
app_id: 0, app_name: SAR_api-aarch64, task_id: 248, task_name: DASH_ZIP, resource_name: cpu3, ref_start_time: 2117232219528579, ref_stop_time: 2117232219610929, actual_exe_time: 82350, task_app_start_time:2117231035825139, task_sched_time:2117232219521739
app_id: 0, app_name: SAR_api-aarch64, task_id: 249, task_name: DASH_FFT, resource_name: fft1, ref_start_time: 2117232220414089, ref_stop_time: 2117232220535829, actual_exe_time: 121740, task_app_start_time:2117231035825139, task_sched_time:2117232220408809
app_id: 0, app_name: SAR_api-aarch64, task_id: 250, task_name: DASH_FFT, resource_name: fft2, ref_start_time: 2117232227155030, ref_stop_time: 2117232227237890, actual_exe_time: 82860, task_app_start_time:2117231035825139, task_sched_time:2117232227148400
app_id: 0, app_name: SAR_api-aarch64, task_id: 251, task_name: DASH_ZIP, resource_name: zip1, ref_start_time: 2117232228022151, ref_stop_time: 2117232228143141, actual_exe_time: 120990, task_app_start_time:2117231035825139, task_sched_time:2117232228018581
app_id: 0, app_name: SAR_api-aarch64, task_id: 252, task_name: DASH_FFT, resource_name: cpu1, ref_start_time: 2117232228707801, ref_stop_time: 2117232228813611, actual_exe_time: 105810, task_app_start_time:2117231035825139, task_sched_time:2117232228702611
app_id: 0, app_name: SAR_api-aarch64, task_id: 253, task_name: DASH_FFT, resource_name: cpu2, ref_start_time: 2117232229659131, ref_stop_time: 2117232229747961, actual_exe_time: 88830, task_app_start_time:2117231035825139, task_sched_time:2117232229655891
app_id: 0, app_name: SAR_api-aarch64, task_id: 254, task_name: DASH_ZIP, resource_name: cpu3, ref_start_time: 2117232230945591, ref_stop_time: 2117232231022481, actual_exe_time: 76890, task_app_start_time:2117231035825139, task_sched_time:2117232230941571
app_id: 0, app_name: SAR_api-aarch64, task_id: 255, task_name: DASH_FFT, resource_name: fft1, ref_start_time: 2117232231608531, ref_stop_time: 2117232231726281, actual_exe_time: 117750, task_app_start_time:2117231035825139, task_sched_time:2117232231604361
app_id: 0, app_name: SAR_api-aarch64, task_id: 256, task_name: DASH_FFT, resource_name: fft2, ref_start_time: 2117232232289801, ref_stop_time: 2117232232355861, actual_exe_time: 66060, task_app_start_time:2117231035825139, task_sched_time:2117232232279991
app_id: 0, app_name: SAR_api-aarch64, task_id: 257, task_name: DASH_ZIP, resource_name: zip1, ref_start_time: 2117232232962071, ref_stop_time: 2117232233087291, actual_exe_time: 125220, task_app_start_time:2117231035825139, task_sched_time:2117232232955651
app_id: 0, app_name: SAR_api-aarch64, task_id: 258, task_name: DASH_FFT, resource_name: cpu1, ref_start_time: 2117232233578601, ref_stop_time: 2117232233680481, actual_exe_time: 101880, task_app_start_time:2117231035825139, task_sched_time:2117232233560991
app_id: 0, app_name: SAR_api-aarch64, task_id: 259, task_name: DASH_FFT, resource_name: cpu2, ref_start_time: 2117232235199682, ref_stop_time: 2117232235301412, actual_exe_time: 101730, task_app_start_time:2117231035825139, task_sched_time:2117232234730842
app_id: 0, app_name: SAR_api-aarch64, task_id: 260, task_name: DASH_ZIP, resource_name: cpu3, ref_start_time: 2117232236009082, ref_stop_time: 2117232236083932, actual_exe_time: 74850, task_app_start_time:2117231035825139, task_sched_time:2117232236001822
app_id: 0, app_name: SAR_api-aarch64, task_id: 261, task_name: DASH_FFT, resource_name: fft1, ref_start_time: 2117232236674482, ref_stop_time: 2117232236793552, actual_exe_time: 119070, task_app_start_time:2117231035825139, task_sched_time:2117232236626872
app_id: 0, app_name: SAR_api-aarch64, task_id: 262, task_name: DASH_FFT, resource_name: fft2, ref_start_time: 2117232237539142, ref_stop_time: 2117232237614292, actual_exe_time: 75150, task_app_start_time:2117231035825139, task_sched_time:2117232237318162
app_id: 0, app_name: SAR_api-aarch64, task_id: 263, task_name: DASH_ZIP, resource_name: zip1, ref_start_time: 2117232243268813, ref_stop_time: 2117232243393103, actual_exe_time: 124290, task_app_start_time:2117231035825139, task_sched_time:2117232243264493
app_id: 0, app_name: SAR_api-aarch64, task_id: 264, task_name: DASH_FFT, resource_name: cpu1, ref_start_time: 2117232244445833, ref_stop_time: 2117232244552813, actual_exe_time: 106980, task_app_start_time:2117231035825139, task_sched_time:2117232244441573
app_id: 0, app_name: SAR_api-aarch64, task_id: 265, task_name: DASH_FFT, resource_name: cpu2, ref_start_time: 2117232247978994, ref_stop_time: 2117232248073614, actual_exe_time: 94620, task_app_start_time:2117231035825139, task_sched_time:2117232247974644
app_id: 0, app_name: SAR_api-aarch64, task_id: 266, task_name: DASH_ZIP, resource_name: cpu3, ref_start_time: 2117232248868464, ref_stop_time: 2117232248943374, actual_exe_time: 74910, task_app_start_time:2117231035825139, task_sched_time:2117232248860454
app_id: 0, app_name: SAR_api-aarch64, task_id: 267, task_name: DASH_FFT, resource_name: fft1, ref_start_time: 2117232250178834, ref_stop_time: 2117232250298744, actual_exe_time: 119910, task_app_start_time:2117231035825139, task_sched_time:2117232250082684
app_id: 0, app_name: SAR_api-aarch64, task_id: 268, task_name: DASH_FFT, resource_name: fft2, ref_start_time: 2117232255212205, ref_stop_time: 2117232255296745, actual_exe_time: 84540, task_app_start_time:2117231035825139, task_sched_time:2117232255206205
app_id: 0, app_name: SAR_api-aarch64, task_id: 269, task_name: DASH_ZIP, resource_name: zip1, ref_start_time: 2117232256108125, ref_stop_time: 2117232256228815, actual_exe_time: 120690, task_app_start_time:2117231035825139, task_sched_time:2117232256098915
app_id: 0, app_name: SAR_api-aarch64, task_id: 270, task_name: DASH_FFT, resource_name: cpu1, ref_start_time: 2117232259426456, ref_stop_time: 2117232259534246, actual_exe_time: 107790, task_app_start_time:2117231035825139, task_sched_time:2117232259377826
app_id: 0, app_name: SAR_api-aarch64, task_id: 271, task_name: DASH_FFT, resource_name: cpu2, ref_start_time: 2117232263305126, ref_stop_time: 2117232263426656, actual_exe_time: 121530, task_app_start_time:2117231035825139, task_sched_time:2117232263297356
app_id: 0, app_name: SAR_api-aarch64, task_id: 272, task_name: DASH_ZIP, resource_name: cpu3, ref_start_time: 2117232266391737, ref_stop_time: 2117232266466587, actual_exe_time: 74850, task_app_start_time:2117231035825139, task_sched_time:2117232266382587
app_id: 0, app_name: SAR_api-aarch64, task_id: 273, task_name: DASH_FFT, resource_name: fft1, ref_start_time: 2117232267544697, ref_stop_time: 2117232267664907, actual_exe_time: 120210, task_app_start_time:2117231035825139, task_sched_time:2117232267529877
app_id: 0, app_name: SAR_api-aarch64, task_id: 274, task_name: DASH_FFT, resource_name: fft2, ref_start_time: 2117232268194407, ref_stop_time: 2117232268267757, actual_exe_time: 73350, task_app_start_time:2117231035825139, task_sched_time:2117232268120997
app_id: 0, app_name: SAR_api-aarch64, task_id: 275, task_name: DASH_ZIP, resource_name: zip1, ref_start_time: 2117232271732578, ref_stop_time: 2117232271853508, actual_exe_time: 120930, task_app_start_time:2117231035825139, task_sched_time:2117232271726158
app_id: 0, app_name: SAR_api-aarch64, task_id: 276, task_name: DASH_FFT, resource_name: cpu1, ref_start_time: 2117232275504838, ref_stop_time: 2117232275624658, actual_exe_time: 119820, task_app_start_time:2117231035825139, task_sched_time:2117232275493708
app_id: 0, app_name: SAR_api-aarch64, task_id: 277, task_name: DASH_FFT, resource_name: cpu2, ref_start_time: 2117232279081379, ref_stop_time: 2117232279177199, actual_exe_time: 95820, task_app_start_time:2117231035825139, task_sched_time:2117232279074899
app_id: 0, app_name: SAR_api-aarch64, task_id: 278, task_name: DASH_ZIP, resource_name: cpu3, ref_start_time: 2117232279394369, ref_stop_time: 2117232279469249, actual_exe_time: 74880, task_app_start_time:2117231035825139, task_sched_time:2117232279388429
app_id: 0, app_name: SAR_api-aarch64, task_id: 279, task_name: DASH_FFT, resource_name: fft1, ref_start_time: 2117232283078519, ref_stop_time: 2117232283198489, actual_exe_time: 119970, task_app_start_time:2117231035825139, task_sched_time:2117232283072279
app_id: 0, app_name: SAR_api-aarch64, task_id: 280, task_name: DASH_FFT, resource_name: fft2, ref_start_time: 2117232284401430, ref_stop_time: 2117232285221660, actual_exe_time: 820230, task_app_start_time:2117231035825139, task_sched_time:2117232284394800
app_id: 0, app_name: SAR_api-aarch64, task_id: 281, task_name: DASH_ZIP, resource_name: zip1, ref_start_time: 2117232288854390, ref_stop_time: 2117232288979070, actual_exe_time: 124680, task_app_start_time:2117231035825139, task_sched_time:2117232288847790
app_id: 0, app_name: SAR_api-aarch64, task_id: 282, task_name: DASH_FFT, resource_name: cpu1, ref_start_time: 2117232289415630, ref_stop_time: 2117232289522460, actual_exe_time: 106830, task_app_start_time:2117231035825139, task_sched_time:2117232289407440
app_id: 0, app_name: SAR_api-aarch64, task_id: 283, task_name: DASH_FFT, resource_name: cpu2, ref_start_time: 2117232290557071, ref_stop_time: 2117232290658351, actual_exe_time: 101280, task_app_start_time:2117231035825139, task_sched_time:2117232290550591
app_id: 0, app_name: SAR_api-aarch64, task_id: 284, task_name: DASH_ZIP, resource_name: cpu3, ref_start_time: 2117232294906231, ref_stop_time: 2117232294987051, actual_exe_time: 80820, task_app_start_time:2117231035825139, task_sched_time:2117232291853191
app_id: 0, app_name: SAR_api-aarch64, task_id: 285, task_name: DASH_FFT, resource_name: fft1, ref_start_time: 2117232295502121, ref_stop_time: 2117232295625991, actual_exe_time: 123870, task_app_start_time:2117231035825139, task_sched_time:2117232295434771
app_id: 0, app_name: SAR_api-aarch64, task_id: 286, task_name: DASH_FFT, resource_name: fft2, ref_start_time: 2117232296172172, ref_stop_time: 2117232296243782, actual_exe_time: 71610, task_app_start_time:2117231035825139, task_sched_time:2117232296165182
app_id: 0, app_name: SAR_api-aarch64, task_id: 287, task_name: DASH_ZIP, resource_name: zip1, ref_start_time: 2117232298916632, ref_stop_time: 2117232299037022, actual_exe_time: 120390, task_app_start_time:2117231035825139, task_sched_time:2117232297069112
app_id: 0, app_name: SAR_api-aarch64, task_id: 288, task_name: DASH_FFT, resource_name: cpu1, ref_start_time: 2117232300120412, ref_stop_time: 2117232300228412, actual_exe_time: 108000, task_app_start_time:2117231035825139, task_sched_time:2117232300099862
app_id: 0, app_name: SAR_api-aarch64, task_id: 289, task_name: DASH_FFT, resource_name: cpu2, ref_start_time: 2117232303796103, ref_stop_time: 2117232304217363, actual_exe_time: 421260, task_app_start_time:2117231035825139, task_sched_time:2117232303786803
app_id: 0, app_name: SAR_api-aarch64, task_id: 290, task_name: DASH_ZIP, resource_name: cpu3, ref_start_time: 2117232304775513, ref_stop_time: 2117232304852013, actual_exe_time: 76500, task_app_start_time:2117231035825139, task_sched_time:2117232304770113
app_id: 0, app_name: SAR_api-aarch64, task_id: 291, task_name: DASH_FFT, resource_name: fft1, ref_start_time: 2117232305647583, ref_stop_time: 2117232305771753, actual_exe_time: 124170, task_app_start_time:2117231035825139, task_sched_time:2117232305614883
app_id: 0, app_name: SAR_api-aarch64, task_id: 292, task_name: DASH_FFT, resource_name: fft2, ref_start_time: 2117232310913994, ref_stop_time: 2117232311001054, actual_exe_time: 87060, task_app_start_time:2117231035825139, task_sched_time:2117232306296033
app_id: 0, app_name: SAR_api-aarch64, task_id: 293, task_name: DASH_ZIP, resource_name: zip1, ref_start_time: 2117232311860524, ref_stop_time: 2117232311981094, actual_exe_time: 120570, task_app_start_time:2117231035825139, task_sched_time:2117232311852934
app_id: 0, app_name: SAR_api-aarch64, task_id: 294, task_name: DASH_FFT, resource_name: cpu1, ref_start_time: 2117232312541194, ref_stop_time: 2117232312646194, actual_exe_time: 105000, task_app_start_time:2117231035825139, task_sched_time:2117232312538494
app_id: 0, app_name: SAR_api-aarch64, task_id: 295, task_name: DASH_FFT, resource_name: cpu2, ref_start_time: 2117232313201344, ref_stop_time: 2117232313290804, actual_exe_time: 89460, task_app_start_time:2117231035825139, task_sched_time:2117232313196244
app_id: 0, app_name: SAR_api-aarch64, task_id: 296, task_name: DASH_ZIP, resource_name: cpu3, ref_start_time: 2117232314137164, ref_stop_time: 2117232314212314, actual_exe_time: 75150, task_app_start_time:2117231035825139, task_sched_time:2117232314130144
app_id: 0, app_name: SAR_api-aarch64, task_id: 297, task_name: DASH_FFT, resource_name: fft1, ref_start_time: 2117232314801845, ref_stop_time: 2117232315203545, actual_exe_time: 401700, task_app_start_time:2117231035825139, task_sched_time:2117232314785855
app_id: 0, app_name: SAR_api-aarch64, task_id: 298, task_name: DASH_FFT, resource_name: fft2, ref_start_time: 2117232315540985, ref_stop_time: 2117232315613345, actual_exe_time: 72360, task_app_start_time:2117231035825139, task_sched_time:2117232315535525
app_id: 0, app_name: SAR_api-aarch64, task_id: 299, task_name: DASH_ZIP, resource_name: zip1, ref_start_time: 2117232316551025, ref_stop_time: 2117232316675555, actual_exe_time: 124530, task_app_start_time:2117231035825139, task_sched_time:2117232316547275
app_id: 0, app_name: SAR_api-aarch64, task_id: 300, task_name: DASH_FFT, resource_name: cpu1, ref_start_time: 2117232322855046, ref_stop_time: 2117232323054606, actual_exe_time: 199560, task_app_start_time:2117231035825139, task_sched_time:2117232322848026
app_id: 0, app_name: SAR_api-aarch64, task_id: 301, task_name: DASH_FFT, resource_name: cpu2, ref_start_time: 2117232323771306, ref_stop_time: 2117232323868176, actual_exe_time: 96870, task_app_start_time:2117231035825139, task_sched_time:2117232323762696
app_id: 0, app_name: SAR_api-aarch64, task_id: 302, task_name: DASH_ZIP, resource_name: cpu3, ref_start_time: 2117232327056007, ref_stop_time: 2117232327132927, actual_exe_time: 76920, task_app_start_time:2117231035825139, task_sched_time:2117232327051507
app_id: 0, app_name: SAR_api-aarch64, task_id: 303, task_name: DASH_FFT, resource_name: fft1, ref_start_time: 2117232327366777, ref_stop_time: 2117232327485757, actual_exe_time: 118980, task_app_start_time:2117231035825139, task_sched_time:2117232327361827
app_id: 0, app_name: SAR_api-aarch64, task_id: 304, task_name: DASH_FFT, resource_name: fft2, ref_start_time: 2117232328483317, ref_stop_time: 2117232328551507, actual_exe_time: 68190, task_app_start_time:2117231035825139, task_sched_time:2117232328476267
app_id: 0, app_name: SAR_api-aarch64, task_id: 305, task_name: DASH_ZIP, resource_name: zip1, ref_start_time: 2117232331723017, ref_stop_time: 2117232331842597, actual_exe_time: 119580, task_app_start_time:2117231035825139, task_sched_time:2117232331717737
app_id: 0, app_name: SAR_api-aarch64, task_id: 306, task_name: DASH_FFT, resource_name: cpu1, ref_start_time: 2117232333797668, ref_stop_time: 2117232333904708, actual_exe_time: 107040, task_app_start_time:2117231035825139, task_sched_time:2117232333793258
app_id: 0, app_name: SAR_api-aarch64, task_id: 307, task_name: DASH_FFT, resource_name: cpu2, ref_start_time: 2117232334399648, ref_stop_time: 2117232334495288, actual_exe_time: 95640, task_app_start_time:2117231035825139, task_sched_time:2117232334347178
app_id: 0, app_name: SAR_api-aarch64, task_id: 308, task_name: DASH_ZIP, resource_name: cpu3, ref_start_time: 2117232339413938, ref_stop_time: 2117232339498179, actual_exe_time: 84241, task_app_start_time:2117231035825139, task_sched_time:2117232339408988
app_id: 0, app_name: SAR_api-aarch64, task_id: 309, task_name: DASH_FFT, resource_name: fft1, ref_start_time: 2117232340208159, ref_stop_time: 2117232340327499, actual_exe_time: 119340, task_app_start_time:2117231035825139, task_sched_time:2117232340192259
app_id: 0, app_name: SAR_api-aarch64, task_id: 310, task_name: DASH_FFT, resource_name: fft2, ref_start_time: 2117232340991699, ref_stop_time: 2117232341065589, actual_exe_time: 73890, task_app_start_time:2117231035825139, task_sched_time:2117232340987529
app_id: 0, app_name: SAR_api-aarch64, task_id: 311, task_name: DASH_ZIP, resource_name: zip1, ref_start_time: 2117232348005880, ref_stop_time: 2117232348126900, actual_exe_time: 121020, task_app_start_time:2117231035825139, task_sched_time:2117232347999880
app_id: 0, app_name: SAR_api-aarch64, task_id: 312, task_name: DASH_FFT, resource_name: cpu1, ref_start_time: 2117232348516330, ref_stop_time: 2117232348628590, actual_exe_time: 112260, task_app_start_time:2117231035825139, task_sched_time:2117232348404280
app_id: 0, app_name: SAR_api-aarch64, task_id: 313, task_name: DASH_FFT, resource_name: cpu2, ref_start_time: 2117232350796780, ref_stop_time: 2117232351178680, actual_exe_time: 381900, task_app_start_time:2117231035825139, task_sched_time:2117232350635260
app_id: 0, app_name: SAR_api-aarch64, task_id: 314, task_name: DASH_ZIP, resource_name: cpu3, ref_start_time: 2117232355190821, ref_stop_time: 2117232355269961, actual_exe_time: 79140, task_app_start_time:2117231035825139, task_sched_time:2117232355181851
app_id: 0, app_name: SAR_api-aarch64, task_id: 315, task_name: DASH_FFT, resource_name: fft1, ref_start_time: 2117232358938512, ref_stop_time: 2117232363508562, actual_exe_time: 4570050, task_app_start_time:2117231035825139, task_sched_time:2117232358931072
app_id: 0, app_name: SAR_api-aarch64, task_id: 316, task_name: DASH_FFT, resource_name: fft2, ref_start_time: 2117232364965423, ref_stop_time: 2117232365054913, actual_exe_time: 89490, task_app_start_time:2117231035825139, task_sched_time:2117232364814403
app_id: 0, app_name: SAR_api-aarch64, task_id: 317, task_name: DASH_ZIP, resource_name: zip1, ref_start_time: 2117232371370664, ref_stop_time: 2117232371498734, actual_exe_time: 128070, task_app_start_time:2117231035825139, task_sched_time:2117232371363974
app_id: 0, app_name: SAR_api-aarch64, task_id: 318, task_name: DASH_FFT, resource_name: cpu1, ref_start_time: 2117232378262685, ref_stop_time: 2117232378389465, actual_exe_time: 126780, task_app_start_time:2117231035825139, task_sched_time:2117232378213425
app_id: 0, app_name: SAR_api-aarch64, task_id: 319, task_name: DASH_FFT, resource_name: cpu2, ref_start_time: 2117232382997436, ref_stop_time: 2117232383107776, actual_exe_time: 110340, task_app_start_time:2117231035825139, task_sched_time:2117232382988946
app_id: 0, app_name: SAR_api-aarch64, task_id: 320, task_name: DASH_ZIP, resource_name: cpu3, ref_start_time: 2117232391396147, ref_stop_time: 2117232391730407, actual_exe_time: 334260, task_app_start_time:2117231035825139, task_sched_time:2117232391388977
app_id: 0, app_name: SAR_api-aarch64, task_id: 321, task_name: DASH_FFT, resource_name: fft1, ref_start_time: 2117232393126397, ref_stop_time: 2117232393251047, actual_exe_time: 124650, task_app_start_time:2117231035825139, task_sched_time:2117232393122647
app_id: 0, app_name: SAR_api-aarch64, task_id: 322, task_name: DASH_FFT, resource_name: fft2, ref_start_time: 2117232402933729, ref_stop_time: 2117232403025109, actual_exe_time: 91380, task_app_start_time:2117231035825139, task_sched_time:2117232402925719
app_id: 0, app_name: SAR_api-aarch64, task_id: 323, task_name: DASH_ZIP, resource_name: zip1, ref_start_time: 2117232406394349, ref_stop_time: 2117232406517979, actual_exe_time: 123630, task_app_start_time:2117231035825139, task_sched_time:2117232406385229
app_id: 0, app_name: SAR_api-aarch64, task_id: 324, task_name: DASH_FFT, resource_name: cpu1, ref_start_time: 2117232411851590, ref_stop_time: 2117232411970450, actual_exe_time: 118860, task_app_start_time:2117231035825139, task_sched_time:2117232411739000
app_id: 0, app_name: SAR_api-aarch64, task_id: 325, task_name: DASH_FFT, resource_name: cpu2, ref_start_time: 2117232419272211, ref_stop_time: 2117232419384201, actual_exe_time: 111990, task_app_start_time:2117231035825139, task_sched_time:2117232419261741
app_id: 0, app_name: SAR_api-aarch64, task_id: 326, task_name: DASH_ZIP, resource_name: cpu3, ref_start_time: 2117232421038762, ref_stop_time: 2117232421115832, actual_exe_time: 77070, task_app_start_time:2117231035825139, task_sched_time:2117232421034082
app_id: 0, app_name: SAR_api-aarch64, task_id: 327, task_name: DASH_FFT, resource_name: fft1, ref_start_time: 2117232425201352, ref_stop_time: 2117232425328762, actual_exe_time: 127410, task_app_start_time:2117231035825139, task_sched_time:2117232425187432
app_id: 0, app_name: SAR_api-aarch64, task_id: 328, task_name: DASH_FFT, resource_name: fft2, ref_start_time: 2117232425817462, ref_stop_time: 2117232425894622, actual_exe_time: 77160, task_app_start_time:2117231035825139, task_sched_time:2117232425812722
app_id: 0, app_name: SAR_api-aarch64, task_id: 329, task_name: DASH_ZIP, resource_name: zip1, ref_start_time: 2117232430906633, ref_stop_time: 2117232431039173, actual_exe_time: 132540, task_app_start_time:2117231035825139, task_sched_time:2117232427243513
app_id: 0, app_name: SAR_api-aarch64, task_id: 330, task_name: DASH_FFT, resource_name: cpu1, ref_start_time: 2117232435010514, ref_stop_time: 2117232435122234, actual_exe_time: 111720, task_app_start_time:2117231035825139, task_sched_time:2117232434939684
app_id: 0, app_name: SAR_api-aarch64, task_id: 331, task_name: DASH_FFT, resource_name: cpu2, ref_start_time: 2117232439194045, ref_stop_time: 2117232439302555, actual_exe_time: 108510, task_app_start_time:2117231035825139, task_sched_time:2117232439187205
app_id: 0, app_name: SAR_api-aarch64, task_id: 332, task_name: DASH_ZIP, resource_name: cpu3, ref_start_time: 2117232443175465, ref_stop_time: 2117232443255085, actual_exe_time: 79620, task_app_start_time:2117231035825139, task_sched_time:2117232443165085
app_id: 0, app_name: SAR_api-aarch64, task_id: 333, task_name: DASH_FFT, resource_name: fft1, ref_start_time: 2117232447299416, ref_stop_time: 2117232447424006, actual_exe_time: 124590, task_app_start_time:2117231035825139, task_sched_time:2117232447293896
app_id: 0, app_name: SAR_api-aarch64, task_id: 334, task_name: DASH_FFT, resource_name: fft2, ref_start_time: 2117232450366226, ref_stop_time: 2117232450442636, actual_exe_time: 76410, task_app_start_time:2117231035825139, task_sched_time:2117232450335686
app_id: 0, app_name: SAR_api-aarch64, task_id: 335, task_name: DASH_ZIP, resource_name: zip1, ref_start_time: 2117232455238857, ref_stop_time: 2117232455366237, actual_exe_time: 127380, task_app_start_time:2117231035825139, task_sched_time:2117232455228507
app_id: 0, app_name: SAR_api-aarch64, task_id: 336, task_name: DASH_FFT, resource_name: cpu1, ref_start_time: 2117232459012438, ref_stop_time: 2117232459627048, actual_exe_time: 614610, task_app_start_time:2117231035825139, task_sched_time:2117232459005208
app_id: 0, app_name: SAR_api-aarch64, task_id: 337, task_name: DASH_FFT, resource_name: cpu2, ref_start_time: 2117232463167378, ref_stop_time: 2117232463270038, actual_exe_time: 102660, task_app_start_time:2117231035825139, task_sched_time:2117232463158858
app_id: 0, app_name: SAR_api-aarch64, task_id: 338, task_name: DASH_ZIP, resource_name: cpu3, ref_start_time: 2117232465397639, ref_stop_time: 2117232465475129, actual_exe_time: 77490, task_app_start_time:2117231035825139, task_sched_time:2117232465391549
app_id: 0, app_name: SAR_api-aarch64, task_id: 339, task_name: DASH_FFT, resource_name: fft1, ref_start_time: 2117232465727579, ref_stop_time: 2117232465850129, actual_exe_time: 122550, task_app_start_time:2117231035825139, task_sched_time:2117232465716719
app_id: 0, app_name: SAR_api-aarch64, task_id: 340, task_name: DASH_FFT, resource_name: fft2, ref_start_time: 2117232469309459, ref_stop_time: 2117232469395709, actual_exe_time: 86250, task_app_start_time:2117231035825139, task_sched_time:2117232466785499
app_id: 0, app_name: SAR_api-aarch64, task_id: 341, task_name: DASH_ZIP, resource_name: zip1, ref_start_time: 2117232474912470, ref_stop_time: 2117232475037690, actual_exe_time: 125220, task_app_start_time:2117231035825139, task_sched_time:2117232470359700
app_id: 0, app_name: SAR_api-aarch64, task_id: 342, task_name: DASH_FFT, resource_name: cpu1, ref_start_time: 2117232475673450, ref_stop_time: 2117232475781960, actual_exe_time: 108510, task_app_start_time:2117231035825139, task_sched_time:2117232475667960
app_id: 0, app_name: SAR_api-aarch64, task_id: 343, task_name: DASH_FFT, resource_name: cpu2, ref_start_time: 2117232476552481, ref_stop_time: 2117232476645091, actual_exe_time: 92610, task_app_start_time:2117231035825139, task_sched_time:2117232476546661
app_id: 0, app_name: SAR_api-aarch64, task_id: 344, task_name: DASH_ZIP, resource_name: cpu3, ref_start_time: 2117232478927941, ref_stop_time: 2117232479006481, actual_exe_time: 78540, task_app_start_time:2117231035825139, task_sched_time:2117232477342981
app_id: 0, app_name: SAR_api-aarch64, task_id: 345, task_name: DASH_FFT, resource_name: fft1, ref_start_time: 2117232479479251, ref_stop_time: 2117232479604261, actual_exe_time: 125010, task_app_start_time:2117231035825139, task_sched_time:2117232479420061
app_id: 0, app_name: SAR_api-aarch64, task_id: 346, task_name: DASH_FFT, resource_name: fft2, ref_start_time: 2117232483246022, ref_stop_time: 2117232483331912, actual_exe_time: 85890, task_app_start_time:2117231035825139, task_sched_time:2117232483236452
app_id: 0, app_name: SAR_api-aarch64, task_id: 347, task_name: DASH_ZIP, resource_name: zip1, ref_start_time: 2117232485865622, ref_stop_time: 2117232485988412, actual_exe_time: 122790, task_app_start_time:2117231035825139, task_sched_time:2117232485859682
app_id: 0, app_name: SAR_api-aarch64, task_id: 348, task_name: DASH_FFT, resource_name: cpu1, ref_start_time: 2117232491320943, ref_stop_time: 2117232491432813, actual_exe_time: 111870, task_app_start_time:2117231035825139, task_sched_time:2117232491313893
app_id: 0, app_name: SAR_api-aarch64, task_id: 349, task_name: DASH_FFT, resource_name: cpu2, ref_start_time: 2117232492065873, ref_stop_time: 2117232492158633, actual_exe_time: 92760, task_app_start_time:2117231035825139, task_sched_time:2117232492056783
app_id: 0, app_name: SAR_api-aarch64, task_id: 350, task_name: DASH_ZIP, resource_name: cpu3, ref_start_time: 2117232496181154, ref_stop_time: 2117232496261104, actual_exe_time: 79950, task_app_start_time:2117231035825139, task_sched_time:2117232496171464
app_id: 0, app_name: SAR_api-aarch64, task_id: 351, task_name: DASH_FFT, resource_name: fft1, ref_start_time: 2117232497098854, ref_stop_time: 2117232497225034, actual_exe_time: 126180, task_app_start_time:2117231035825139, task_sched_time:2117232497056674
app_id: 0, app_name: SAR_api-aarch64, task_id: 352, task_name: DASH_FFT, resource_name: fft2, ref_start_time: 2117232498935844, ref_stop_time: 2117232499016424, actual_exe_time: 80580, task_app_start_time:2117231035825139, task_sched_time:2117232498047844
app_id: 0, app_name: SAR_api-aarch64, task_id: 353, task_name: DASH_ZIP, resource_name: zip1, ref_start_time: 2117232503062105, ref_stop_time: 2117232503188735, actual_exe_time: 126630, task_app_start_time:2117231035825139, task_sched_time:2117232503056795
app_id: 0, app_name: SAR_api-aarch64, task_id: 354, task_name: DASH_FFT, resource_name: cpu1, ref_start_time: 2117232503700565, ref_stop_time: 2117232503806645, actual_exe_time: 106080, task_app_start_time:2117231035825139, task_sched_time:2117232503688145
app_id: 0, app_name: SAR_api-aarch64, task_id: 355, task_name: DASH_FFT, resource_name: cpu2, ref_start_time: 2117232507080215, ref_stop_time: 2117232507180895, actual_exe_time: 100680, task_app_start_time:2117231035825139, task_sched_time:2117232507070495
app_id: 0, app_name: SAR_api-aarch64, task_id: 356, task_name: DASH_ZIP, resource_name: cpu3, ref_start_time: 2117232511064996, ref_stop_time: 2117232511144736, actual_exe_time: 79740, task_app_start_time:2117231035825139, task_sched_time:2117232511058666
app_id: 0, app_name: SAR_api-aarch64, task_id: 357, task_name: DASH_FFT, resource_name: fft1, ref_start_time: 2117232511788836, ref_stop_time: 2117232511910696, actual_exe_time: 121860, task_app_start_time:2117231035825139, task_sched_time:2117232511782416
app_id: 0, app_name: SAR_api-aarch64, task_id: 358, task_name: DASH_FFT, resource_name: fft2, ref_start_time: 2117232512070206, ref_stop_time: 2117232512137856, actual_exe_time: 67650, task_app_start_time:2117231035825139, task_sched_time:2117232512067296
app_id: 0, app_name: SAR_api-aarch64, task_id: 359, task_name: DASH_ZIP, resource_name: zip1, ref_start_time: 2117232514059807, ref_stop_time: 2117232514179387, actual_exe_time: 119580, task_app_start_time:2117231035825139, task_sched_time:2117232514052847
app_id: 0, app_name: SAR_api-aarch64, task_id: 360, task_name: DASH_FFT, resource_name: cpu1, ref_start_time: 2117232519800128, ref_stop_time: 2117232519922288, actual_exe_time: 122160, task_app_start_time:2117231035825139, task_sched_time:2117232519648357
app_id: 0, app_name: SAR_api-aarch64, task_id: 361, task_name: DASH_FFT, resource_name: cpu2, ref_start_time: 2117232520605298, ref_stop_time: 2117232520710928, actual_exe_time: 105630, task_app_start_time:2117231035825139, task_sched_time:2117232520595788
app_id: 0, app_name: SAR_api-aarch64, task_id: 362, task_name: DASH_ZIP, resource_name: cpu3, ref_start_time: 2117232527150849, ref_stop_time: 2117232527231939, actual_exe_time: 81090, task_app_start_time:2117231035825139, task_sched_time:2117232527144519
app_id: 0, app_name: SAR_api-aarch64, task_id: 363, task_name: DASH_FFT, resource_name: fft1, ref_start_time: 2117232527888189, ref_stop_time: 2117232528010409, actual_exe_time: 122220, task_app_start_time:2117231035825139, task_sched_time:2117232527816789
app_id: 0, app_name: SAR_api-aarch64, task_id: 364, task_name: DASH_FFT, resource_name: fft2, ref_start_time: 2117232530302679, ref_stop_time: 2117232530375729, actual_exe_time: 73050, task_app_start_time:2117231035825139, task_sched_time:2117232530297309
app_id: 0, app_name: SAR_api-aarch64, task_id: 365, task_name: DASH_ZIP, resource_name: zip1, ref_start_time: 2117232535394640, ref_stop_time: 2117232535520040, actual_exe_time: 125400, task_app_start_time:2117231035825139, task_sched_time:2117232535387140
app_id: 0, app_name: SAR_api-aarch64, task_id: 366, task_name: DASH_FFT, resource_name: cpu1, ref_start_time: 2117232539184601, ref_stop_time: 2117232539295601, actual_exe_time: 111000, task_app_start_time:2117231035825139, task_sched_time:2117232539142361
app_id: 0, app_name: SAR_api-aarch64, task_id: 367, task_name: DASH_FFT, resource_name: cpu2, ref_start_time: 2117232543070801, ref_stop_time: 2117232543444361, actual_exe_time: 373560, task_app_start_time:2117231035825139, task_sched_time:2117232543063331
app_id: 0, app_name: SAR_api-aarch64, task_id: 368, task_name: DASH_ZIP, resource_name: cpu3, ref_start_time: 2117232545070572, ref_stop_time: 2117232545145392, actual_exe_time: 74820, task_app_start_time:2117231035825139, task_sched_time:2117232545064182
app_id: 0, app_name: SAR_api-aarch64, task_id: 369, task_name: DASH_FFT, resource_name: fft1, ref_start_time: 2117232546314972, ref_stop_time: 2117232546438542, actual_exe_time: 123570, task_app_start_time:2117231035825139, task_sched_time:2117232546263432
app_id: 0, app_name: SAR_api-aarch64, task_id: 370, task_name: DASH_FFT, resource_name: fft2, ref_start_time: 2117232554930583, ref_stop_time: 2117232555012903, actual_exe_time: 82320, task_app_start_time:2117231035825139, task_sched_time:2117232550151162
app_id: 0, app_name: SAR_api-aarch64, task_id: 371, task_name: DASH_ZIP, resource_name: zip1, ref_start_time: 2117232558954064, ref_stop_time: 2117232559077904, actual_exe_time: 123840, task_app_start_time:2117231035825139, task_sched_time:2117232558944884
app_id: 0, app_name: SAR_api-aarch64, task_id: 372, task_name: DASH_FFT, resource_name: cpu1, ref_start_time: 2117232560574424, ref_stop_time: 2117232560683114, actual_exe_time: 108690, task_app_start_time:2117231035825139, task_sched_time:2117232560552494
app_id: 0, app_name: SAR_api-aarch64, task_id: 373, task_name: DASH_FFT, resource_name: cpu2, ref_start_time: 2117232560905114, ref_stop_time: 2117232560995834, actual_exe_time: 90720, task_app_start_time:2117231035825139, task_sched_time:2117232560895334
app_id: 0, app_name: SAR_api-aarch64, task_id: 374, task_name: DASH_ZIP, resource_name: cpu3, ref_start_time: 2117232562237204, ref_stop_time: 2117232562317304, actual_exe_time: 80100, task_app_start_time:2117231035825139, task_sched_time:2117232562228414
app_id: 0, app_name: SAR_api-aarch64, task_id: 375, task_name: DASH_FFT, resource_name: fft1, ref_start_time: 2117232562997524, ref_stop_time: 2117232563119174, actual_exe_time: 121650, task_app_start_time:2117231035825139, task_sched_time:2117232562991764
app_id: 0, app_name: SAR_api-aarch64, task_id: 376, task_name: DASH_FFT, resource_name: fft2, ref_start_time: 2117232566960555, ref_stop_time: 2117232567046775, actual_exe_time: 86220, task_app_start_time:2117231035825139, task_sched_time:2117232563554955
app_id: 0, app_name: SAR_api-aarch64, task_id: 377, task_name: DASH_ZIP, resource_name: zip1, ref_start_time: 2117232568257635, ref_stop_time: 2117232568382585, actual_exe_time: 124950, task_app_start_time:2117231035825139, task_sched_time:2117232568250765
app_id: 0, app_name: SAR_api-aarch64, task_id: 378, task_name: DASH_FFT, resource_name: cpu1, ref_start_time: 2117232569024015, ref_stop_time: 2117232569133155, actual_exe_time: 109140, task_app_start_time:2117231035825139, task_sched_time:2117232568990535
app_id: 0, app_name: SAR_api-aarch64, task_id: 379, task_name: DASH_FFT, resource_name: cpu2, ref_start_time: 2117232571074246, ref_stop_time: 2117232571173066, actual_exe_time: 98820, task_app_start_time:2117231035825139, task_sched_time:2117232569727846
app_id: 0, app_name: SAR_api-aarch64, task_id: 380, task_name: DASH_ZIP, resource_name: cpu3, ref_start_time: 2117232571971306, ref_stop_time: 2117232572047476, actual_exe_time: 76170, task_app_start_time:2117231035825139, task_sched_time:2117232571853286
app_id: 0, app_name: SAR_api-aarch64, task_id: 381, task_name: DASH_FFT, resource_name: fft1, ref_start_time: 2117232572616246, ref_stop_time: 2117232572735076, actual_exe_time: 118830, task_app_start_time:2117231035825139, task_sched_time:2117232572558826
app_id: 0, app_name: SAR_api-aarch64, task_id: 382, task_name: DASH_FFT, resource_name: fft2, ref_start_time: 2117232574983276, ref_stop_time: 2117232575138556, actual_exe_time: 155280, task_app_start_time:2117231035825139, task_sched_time:2117232573089976
app_id: 0, app_name: SAR_api-aarch64, task_id: 383, task_name: DASH_ZIP, resource_name: zip1, ref_start_time: 2117232582976388, ref_stop_time: 2117232583107758, actual_exe_time: 131370, task_app_start_time:2117231035825139, task_sched_time:2117232578778397
app_id: 0, app_name: SAR_api-aarch64, task_id: 384, task_name: DASH_FFT, resource_name: cpu1, ref_start_time: 2117232584073218, ref_stop_time: 2117232584180138, actual_exe_time: 106920, task_app_start_time:2117231035825139, task_sched_time:2117232584027168
app_id: 0, app_name: SAR_api-aarch64, task_id: 385, task_name: DASH_FFT, resource_name: cpu2, ref_start_time: 2117232584810468, ref_stop_time: 2117232584904068, actual_exe_time: 93600, task_app_start_time:2117231035825139, task_sched_time:2117232584805158
app_id: 0, app_name: SAR_api-aarch64, task_id: 386, task_name: DASH_ZIP, resource_name: cpu3, ref_start_time: 2117232588910479, ref_stop_time: 2117232588990249, actual_exe_time: 79770, task_app_start_time:2117231035825139, task_sched_time:2117232585555248
app_id: 0, app_name: SAR_api-aarch64, task_id: 387, task_name: DASH_FFT, resource_name: fft1, ref_start_time: 2117232593073549, ref_stop_time: 2117232593193879, actual_exe_time: 120330, task_app_start_time:2117231035825139, task_sched_time:2117232593061879
app_id: 0, app_name: SAR_api-aarch64, task_id: 388, task_name: DASH_FFT, resource_name: fft2, ref_start_time: 2117232599621440, ref_stop_time: 2117232599698570, actual_exe_time: 77130, task_app_start_time:2117231035825139, task_sched_time:2117232599614870
app_id: 0, app_name: SAR_api-aarch64, task_id: 389, task_name: DASH_ZIP, resource_name: zip1, ref_start_time: 2117232600694271, ref_stop_time: 2117232600812741, actual_exe_time: 118470, task_app_start_time:2117231035825139, task_sched_time:2117232600687581
app_id: 0, app_name: SAR_api-aarch64, task_id: 390, task_name: DASH_FFT, resource_name: cpu1, ref_start_time: 2117232601259951, ref_stop_time: 2117232601367681, actual_exe_time: 107730, task_app_start_time:2117231035825139, task_sched_time:2117232601235171
app_id: 0, app_name: SAR_api-aarch64, task_id: 391, task_name: DASH_FFT, resource_name: cpu2, ref_start_time: 2117232602164091, ref_stop_time: 2117232602252231, actual_exe_time: 88140, task_app_start_time:2117231035825139, task_sched_time:2117232602157521
app_id: 0, app_name: SAR_api-aarch64, task_id: 392, task_name: DASH_ZIP, resource_name: cpu3, ref_start_time: 2117232602860511, ref_stop_time: 2117232602943161, actual_exe_time: 82650, task_app_start_time:2117231035825139, task_sched_time:2117232602857721
app_id: 0, app_name: SAR_api-aarch64, task_id: 393, task_name: DASH_FFT, resource_name: fft1, ref_start_time: 2117232603315881, ref_stop_time: 2117232603429011, actual_exe_time: 113130, task_app_start_time:2117231035825139, task_sched_time:2117232603312851
app_id: 0, app_name: SAR_api-aarch64, task_id: 394, task_name: DASH_FFT, resource_name: fft2, ref_start_time: 2117232604207001, ref_stop_time: 2117232604273301, actual_exe_time: 66300, task_app_start_time:2117231035825139, task_sched_time:2117232604200881
app_id: 0, app_name: SAR_api-aarch64, task_id: 395, task_name: DASH_ZIP, resource_name: zip1, ref_start_time: 2117232604911491, ref_stop_time: 2117232605027981, actual_exe_time: 116490, task_app_start_time:2117231035825139, task_sched_time:2117232604902341
app_id: 0, app_name: SAR_api-aarch64, task_id: 396, task_name: DASH_FFT, resource_name: cpu1, ref_start_time: 2117232605345561, ref_stop_time: 2117232605441561, actual_exe_time: 96000, task_app_start_time:2117231035825139, task_sched_time:2117232605340101
app_id: 0, app_name: SAR_api-aarch64, task_id: 397, task_name: DASH_FFT, resource_name: cpu2, ref_start_time: 2117232606246191, ref_stop_time: 2117232606332171, actual_exe_time: 85980, task_app_start_time:2117231035825139, task_sched_time:2117232606242681
app_id: 0, app_name: SAR_api-aarch64, task_id: 398, task_name: DASH_ZIP, resource_name: cpu3, ref_start_time: 2117232607059132, ref_stop_time: 2117232607133322, actual_exe_time: 74190, task_app_start_time:2117231035825139, task_sched_time:2117232606968352
app_id: 0, app_name: SAR_api-aarch64, task_id: 399, task_name: DASH_FFT, resource_name: fft1, ref_start_time: 2117232610458252, ref_stop_time: 2117232610578282, actual_exe_time: 120030, task_app_start_time:2117231035825139, task_sched_time:2117232610420962
app_id: 0, app_name: SAR_api-aarch64, task_id: 400, task_name: DASH_FFT, resource_name: fft2, ref_start_time: 2117232615209323, ref_stop_time: 2117232615292363, actual_exe_time: 83040, task_app_start_time:2117231035825139, task_sched_time:2117232615201853
app_id: 0, app_name: SAR_api-aarch64, task_id: 401, task_name: DASH_ZIP, resource_name: zip1, ref_start_time: 2117232615919663, ref_stop_time: 2117232616040503, actual_exe_time: 120840, task_app_start_time:2117231035825139, task_sched_time:2117232615914353
app_id: 0, app_name: SAR_api-aarch64, task_id: 402, task_name: DASH_FFT, resource_name: cpu1, ref_start_time: 2117232619104284, ref_stop_time: 2117232619216094, actual_exe_time: 111810, task_app_start_time:2117231035825139, task_sched_time:2117232619016983
app_id: 0, app_name: SAR_api-aarch64, task_id: 403, task_name: DASH_FFT, resource_name: cpu2, ref_start_time: 2117232620122724, ref_stop_time: 2117232620211674, actual_exe_time: 88950, task_app_start_time:2117231035825139, task_sched_time:2117232620118974
app_id: 0, app_name: SAR_api-aarch64, task_id: 404, task_name: DASH_ZIP, resource_name: cpu3, ref_start_time: 2117232623263124, ref_stop_time: 2117232623340074, actual_exe_time: 76950, task_app_start_time:2117231035825139, task_sched_time:2117232623254184
app_id: 0, app_name: SAR_api-aarch64, task_id: 405, task_name: DASH_FFT, resource_name: fft1, ref_start_time: 2117232623532644, ref_stop_time: 2117232623650634, actual_exe_time: 117990, task_app_start_time:2117231035825139, task_sched_time:2117232623521904
app_id: 0, app_name: SAR_api-aarch64, task_id: 406, task_name: DASH_FFT, resource_name: fft2, ref_start_time: 2117232626944365, ref_stop_time: 2117232627017145, actual_exe_time: 72780, task_app_start_time:2117231035825139, task_sched_time:2117232626939355
app_id: 0, app_name: SAR_api-aarch64, task_id: 407, task_name: DASH_ZIP, resource_name: zip1, ref_start_time: 2117232627752265, ref_stop_time: 2117232627870525, actual_exe_time: 118260, task_app_start_time:2117231035825139, task_sched_time:2117232627745935
app_id: 0, app_name: SAR_api-aarch64, task_id: 408, task_name: DASH_FFT, resource_name: cpu1, ref_start_time: 2117232629418555, ref_stop_time: 2117232629522205, actual_exe_time: 103650, task_app_start_time:2117231035825139, task_sched_time:2117232629415675
app_id: 0, app_name: SAR_api-aarch64, task_id: 409, task_name: DASH_FFT, resource_name: cpu2, ref_start_time: 2117232630678615, ref_stop_time: 2117232630769605, actual_exe_time: 90990, task_app_start_time:2117231035825139, task_sched_time:2117232630675015
app_id: 0, app_name: SAR_api-aarch64, task_id: 410, task_name: DASH_ZIP, resource_name: cpu3, ref_start_time: 2117232635358436, ref_stop_time: 2117232635442046, actual_exe_time: 83610, task_app_start_time:2117231035825139, task_sched_time:2117232635353276
app_id: 0, app_name: SAR_api-aarch64, task_id: 411, task_name: DASH_FFT, resource_name: fft1, ref_start_time: 2117232636180766, ref_stop_time: 2117232636297856, actual_exe_time: 117090, task_app_start_time:2117231035825139, task_sched_time:2117232636137356
app_id: 0, app_name: SAR_api-aarch64, task_id: 412, task_name: DASH_FFT, resource_name: fft2, ref_start_time: 2117232636785626, ref_stop_time: 2117232636854236, actual_exe_time: 68610, task_app_start_time:2117231035825139, task_sched_time:2117232636781546
app_id: 0, app_name: SAR_api-aarch64, task_id: 413, task_name: DASH_ZIP, resource_name: zip1, ref_start_time: 2117232643189577, ref_stop_time: 2117232643315907, actual_exe_time: 126330, task_app_start_time:2117231035825139, task_sched_time:2117232643182227
app_id: 0, app_name: SAR_api-aarch64, task_id: 414, task_name: DASH_FFT, resource_name: cpu1, ref_start_time: 2117232644098668, ref_stop_time: 2117232644207628, actual_exe_time: 108960, task_app_start_time:2117231035825139, task_sched_time:2117232644031528
app_id: 0, app_name: SAR_api-aarch64, task_id: 415, task_name: DASH_FFT, resource_name: cpu2, ref_start_time: 2117232644815038, ref_stop_time: 2117232644902938, actual_exe_time: 87900, task_app_start_time:2117231035825139, task_sched_time:2117232644808168
app_id: 0, app_name: SAR_api-aarch64, task_id: 416, task_name: DASH_ZIP, resource_name: cpu3, ref_start_time: 2117232645581178, ref_stop_time: 2117232645654048, actual_exe_time: 72870, task_app_start_time:2117231035825139, task_sched_time:2117232645572898
app_id: 0, app_name: SAR_api-aarch64, task_id: 417, task_name: DASH_FFT, resource_name: fft1, ref_start_time: 2117232646026978, ref_stop_time: 2117232646143318, actual_exe_time: 116340, task_app_start_time:2117231035825139, task_sched_time:2117232645980988
app_id: 0, app_name: SAR_api-aarch64, task_id: 418, task_name: DASH_FFT, resource_name: fft2, ref_start_time: 2117232649355688, ref_stop_time: 2117232649423368, actual_exe_time: 67680, task_app_start_time:2117231035825139, task_sched_time:2117232649351668
app_id: 0, app_name: SAR_api-aarch64, task_id: 419, task_name: DASH_ZIP, resource_name: zip1, ref_start_time: 2117232650119668, ref_stop_time: 2117232650237749, actual_exe_time: 118081, task_app_start_time:2117231035825139, task_sched_time:2117232650115168
app_id: 0, app_name: SAR_api-aarch64, task_id: 420, task_name: DASH_FFT, resource_name: cpu1, ref_start_time: 2117232651597349, ref_stop_time: 2117232651704089, actual_exe_time: 106740, task_app_start_time:2117231035825139, task_sched_time:2117232651550789
app_id: 0, app_name: SAR_api-aarch64, task_id: 421, task_name: DASH_FFT, resource_name: cpu2, ref_start_time: 2117232652468549, ref_stop_time: 2117232652567009, actual_exe_time: 98460, task_app_start_time:2117231035825139, task_sched_time:2117232652460839
app_id: 0, app_name: SAR_api-aarch64, task_id: 422, task_name: DASH_ZIP, resource_name: cpu3, ref_start_time: 2117232653015269, ref_stop_time: 2117232653090719, actual_exe_time: 75450, task_app_start_time:2117231035825139, task_sched_time:2117232653006299
app_id: 0, app_name: SAR_api-aarch64, task_id: 423, task_name: DASH_FFT, resource_name: fft1, ref_start_time: 2117232655183969, ref_stop_time: 2117232655303579, actual_exe_time: 119610, task_app_start_time:2117231035825139, task_sched_time:2117232655178449
app_id: 0, app_name: SAR_api-aarch64, task_id: 424, task_name: DASH_FFT, resource_name: fft2, ref_start_time: 2117232657814550, ref_stop_time: 2117232657887360, actual_exe_time: 72810, task_app_start_time:2117231035825139, task_sched_time:2117232657808100
app_id: 0, app_name: SAR_api-aarch64, task_id: 425, task_name: DASH_ZIP, resource_name: zip1, ref_start_time: 2117232662904831, ref_stop_time: 2117232663031011, actual_exe_time: 126180, task_app_start_time:2117231035825139, task_sched_time:2117232658620500
app_id: 0, app_name: SAR_api-aarch64, task_id: 426, task_name: DASH_FFT, resource_name: cpu1, ref_start_time: 2117232663889551, ref_stop_time: 2117232663997521, actual_exe_time: 107970, task_app_start_time:2117231035825139, task_sched_time:2117232663865341
app_id: 0, app_name: SAR_api-aarch64, task_id: 427, task_name: DASH_FFT, resource_name: cpu2, ref_start_time: 2117232664375161, ref_stop_time: 2117232664463091, actual_exe_time: 87930, task_app_start_time:2117231035825139, task_sched_time:2117232664369161
app_id: 0, app_name: SAR_api-aarch64, task_id: 428, task_name: DASH_ZIP, resource_name: cpu3, ref_start_time: 2117232665389851, ref_stop_time: 2117232665463861, actual_exe_time: 74010, task_app_start_time:2117231035825139, task_sched_time:2117232665384871
app_id: 0, app_name: SAR_api-aarch64, task_id: 429, task_name: DASH_FFT, resource_name: fft1, ref_start_time: 2117232666026451, ref_stop_time: 2117232666141801, actual_exe_time: 115350, task_app_start_time:2117231035825139, task_sched_time:2117232666018111
app_id: 0, app_name: SAR_api-aarch64, task_id: 430, task_name: DASH_FFT, resource_name: fft2, ref_start_time: 2117232666730581, ref_stop_time: 2117232666797121, actual_exe_time: 66540, task_app_start_time:2117231035825139, task_sched_time:2117232666725211
app_id: 0, app_name: SAR_api-aarch64, task_id: 431, task_name: DASH_ZIP, resource_name: zip1, ref_start_time: 2117232667541031, ref_stop_time: 2117232667660461, actual_exe_time: 119430, task_app_start_time:2117231035825139, task_sched_time:2117232667537671
app_id: 0, app_name: SAR_api-aarch64, task_id: 432, task_name: DASH_FFT, resource_name: cpu1, ref_start_time: 2117232668030871, ref_stop_time: 2117232668134491, actual_exe_time: 103620, task_app_start_time:2117231035825139, task_sched_time:2117232667974441
app_id: 0, app_name: SAR_api-aarch64, task_id: 433, task_name: DASH_FFT, resource_name: cpu2, ref_start_time: 2117232668960902, ref_stop_time: 2117232669050872, actual_exe_time: 89970, task_app_start_time:2117231035825139, task_sched_time:2117232668957512
app_id: 0, app_name: SAR_api-aarch64, task_id: 434, task_name: DASH_ZIP, resource_name: cpu3, ref_start_time: 2117232670205362, ref_stop_time: 2117232670281262, actual_exe_time: 75900, task_app_start_time:2117231035825139, task_sched_time:2117232670198612
app_id: 0, app_name: SAR_api-aarch64, task_id: 435, task_name: DASH_FFT, resource_name: fft1, ref_start_time: 2117232671772292, ref_stop_time: 2117232671889322, actual_exe_time: 117030, task_app_start_time:2117231035825139, task_sched_time:2117232671747422
app_id: 0, app_name: SAR_api-aarch64, task_id: 436, task_name: DASH_FFT, resource_name: fft2, ref_start_time: 2117232675336503, ref_stop_time: 2117232675412823, actual_exe_time: 76320, task_app_start_time:2117231035825139, task_sched_time:2117232675158423
app_id: 0, app_name: SAR_api-aarch64, task_id: 437, task_name: DASH_ZIP, resource_name: zip1, ref_start_time: 2117232679118093, ref_stop_time: 2117232679242893, actual_exe_time: 124800, task_app_start_time:2117231035825139, task_sched_time:2117232678975893
app_id: 0, app_name: SAR_api-aarch64, task_id: 438, task_name: DASH_FFT, resource_name: cpu1, ref_start_time: 2117232683046084, ref_stop_time: 2117232683170824, actual_exe_time: 124740, task_app_start_time:2117231035825139, task_sched_time:2117232683024364
app_id: 0, app_name: SAR_api-aarch64, task_id: 439, task_name: DASH_FFT, resource_name: cpu2, ref_start_time: 2117232686158104, ref_stop_time: 2117232686259834, actual_exe_time: 101730, task_app_start_time:2117231035825139, task_sched_time:2117232686147994
app_id: 0, app_name: SAR_api-aarch64, task_id: 440, task_name: DASH_ZIP, resource_name: cpu3, ref_start_time: 2117232691089205, ref_stop_time: 2117232691170595, actual_exe_time: 81390, task_app_start_time:2117231035825139, task_sched_time:2117232691081165
app_id: 0, app_name: SAR_api-aarch64, task_id: 441, task_name: DASH_FFT, resource_name: fft1, ref_start_time: 2117232695039336, ref_stop_time: 2117232695160326, actual_exe_time: 120990, task_app_start_time:2117231035825139, task_sched_time:2117232694961786
app_id: 0, app_name: SAR_api-aarch64, task_id: 442, task_name: DASH_FFT, resource_name: fft2, ref_start_time: 2117232699887847, ref_stop_time: 2117232699976077, actual_exe_time: 88230, task_app_start_time:2117231035825139, task_sched_time:2117232699880077
app_id: 0, app_name: SAR_api-aarch64, task_id: 443, task_name: DASH_ZIP, resource_name: zip1, ref_start_time: 2117232701554377, ref_stop_time: 2117232701677587, actual_exe_time: 123210, task_app_start_time:2117231035825139, task_sched_time:2117232701548047
app_id: 0, app_name: SAR_api-aarch64, task_id: 444, task_name: DASH_FFT, resource_name: cpu1, ref_start_time: 2117232707456728, ref_stop_time: 2117232707567998, actual_exe_time: 111270, task_app_start_time:2117231035825139, task_sched_time:2117232707448178
app_id: 0, app_name: SAR_api-aarch64, task_id: 445, task_name: DASH_FFT, resource_name: cpu2, ref_start_time: 2117232708265048, ref_stop_time: 2117232708368188, actual_exe_time: 103140, task_app_start_time:2117231035825139, task_sched_time:2117232708259108
app_id: 0, app_name: SAR_api-aarch64, task_id: 446, task_name: DASH_ZIP, resource_name: cpu3, ref_start_time: 2117232714934199, ref_stop_time: 2117232715015109, actual_exe_time: 80910, task_app_start_time:2117231035825139, task_sched_time:2117232714928379
app_id: 0, app_name: SAR_api-aarch64, task_id: 447, task_name: DASH_FFT, resource_name: fft1, ref_start_time: 2117232716509049, ref_stop_time: 2117232716631389, actual_exe_time: 122340, task_app_start_time:2117231035825139, task_sched_time:2117232716494799
app_id: 0, app_name: SAR_api-aarch64, task_id: 448, task_name: DASH_FFT, resource_name: fft2, ref_start_time: 2117232719308740, ref_stop_time: 2117232719397030, actual_exe_time: 88290, task_app_start_time:2117231035825139, task_sched_time:2117232719301150
app_id: 0, app_name: SAR_api-aarch64, task_id: 449, task_name: DASH_ZIP, resource_name: zip1, ref_start_time: 2117232727005871, ref_stop_time: 2117232727134031, actual_exe_time: 128160, task_app_start_time:2117231035825139, task_sched_time:2117232726996301
app_id: 0, app_name: SAR_api-aarch64, task_id: 450, task_name: DASH_FFT, resource_name: cpu1, ref_start_time: 2117232730199611, ref_stop_time: 2117232730308451, actual_exe_time: 108840, task_app_start_time:2117231035825139, task_sched_time:2117232730167541
app_id: 0, app_name: SAR_api-aarch64, task_id: 451, task_name: DASH_FFT, resource_name: cpu2, ref_start_time: 2117232731816042, ref_stop_time: 2117232731925662, actual_exe_time: 109620, task_app_start_time:2117231035825139, task_sched_time:2117232731806352
app_id: 0, app_name: SAR_api-aarch64, task_id: 452, task_name: DASH_ZIP, resource_name: cpu3, ref_start_time: 2117232734989592, ref_stop_time: 2117232735071522, actual_exe_time: 81930, task_app_start_time:2117231035825139, task_sched_time:2117232734981282
app_id: 0, app_name: SAR_api-aarch64, task_id: 453, task_name: DASH_FFT, resource_name: fft1, ref_start_time: 2117232738995403, ref_stop_time: 2117232739119513, actual_exe_time: 124110, task_app_start_time:2117231035825139, task_sched_time:2117232738988083
app_id: 0, app_name: SAR_api-aarch64, task_id: 454, task_name: DASH_FFT, resource_name: fft2, ref_start_time: 2117232743917354, ref_stop_time: 2117232744004594, actual_exe_time: 87240, task_app_start_time:2117231035825139, task_sched_time:2117232743862664
app_id: 0, app_name: SAR_api-aarch64, task_id: 455, task_name: DASH_ZIP, resource_name: zip1, ref_start_time: 2117232746511784, ref_stop_time: 2117232746637124, actual_exe_time: 125340, task_app_start_time:2117231035825139, task_sched_time:2117232746506804
app_id: 0, app_name: SAR_api-aarch64, task_id: 456, task_name: DASH_FFT, resource_name: cpu1, ref_start_time: 2117232750972965, ref_stop_time: 2117232751093955, actual_exe_time: 120990, task_app_start_time:2117231035825139, task_sched_time:2117232750933065
app_id: 0, app_name: SAR_api-aarch64, task_id: 457, task_name: DASH_FFT, resource_name: cpu2, ref_start_time: 2117232759000216, ref_stop_time: 2117232759121926, actual_exe_time: 121710, task_app_start_time:2117231035825139, task_sched_time:2117232758992746
app_id: 0, app_name: SAR_api-aarch64, task_id: 458, task_name: DASH_ZIP, resource_name: cpu3, ref_start_time: 2117232760729206, ref_stop_time: 2117232760806996, actual_exe_time: 77790, task_app_start_time:2117231035825139, task_sched_time:2117232760722066
app_id: 0, app_name: SAR_api-aarch64, task_id: 459, task_name: DASH_FFT, resource_name: fft1, ref_start_time: 2117232767527987, ref_stop_time: 2117232767651077, actual_exe_time: 123090, task_app_start_time:2117231035825139, task_sched_time:2117232767409637
app_id: 0, app_name: SAR_api-aarch64, task_id: 460, task_name: DASH_FFT, resource_name: fft2, ref_start_time: 2117232773654738, ref_stop_time: 2117232773741288, actual_exe_time: 86550, task_app_start_time:2117231035825139, task_sched_time:2117232773646878
app_id: 0, app_name: SAR_api-aarch64, task_id: 461, task_name: DASH_ZIP, resource_name: zip1, ref_start_time: 2117232773997488, ref_stop_time: 2117232774119678, actual_exe_time: 122190, task_app_start_time:2117231035825139, task_sched_time:2117232773993288
app_id: 0, app_name: SAR_api-aarch64, task_id: 462, task_name: DASH_FFT, resource_name: cpu1, ref_start_time: 2117232779129049, ref_stop_time: 2117232779241249, actual_exe_time: 112200, task_app_start_time:2117231035825139, task_sched_time:2117232779086179
app_id: 0, app_name: SAR_api-aarch64, task_id: 463, task_name: DASH_FFT, resource_name: cpu2, ref_start_time: 2117232782968990, ref_stop_time: 2117232783077260, actual_exe_time: 108270, task_app_start_time:2117231035825139, task_sched_time:2117232782960650
app_id: 0, app_name: SAR_api-aarch64, task_id: 464, task_name: DASH_ZIP, resource_name: cpu3, ref_start_time: 2117232787645991, ref_stop_time: 2117232787725551, actual_exe_time: 79560, task_app_start_time:2117231035825139, task_sched_time:2117232787640561
app_id: 0, app_name: SAR_api-aarch64, task_id: 465, task_name: DASH_FFT, resource_name: fft1, ref_start_time: 2117232788251241, ref_stop_time: 2117232788375231, actual_exe_time: 123990, task_app_start_time:2117231035825139, task_sched_time:2117232788244101
app_id: 0, app_name: SAR_api-aarch64, task_id: 466, task_name: DASH_FFT, resource_name: fft2, ref_start_time: 2117232794958282, ref_stop_time: 2117232795055872, actual_exe_time: 97590, task_app_start_time:2117231035825139, task_sched_time:2117232794937912
app_id: 0, app_name: SAR_api-aarch64, task_id: 467, task_name: DASH_ZIP, resource_name: zip1, ref_start_time: 2117232798951612, ref_stop_time: 2117232799073922, actual_exe_time: 122310, task_app_start_time:2117231035825139, task_sched_time:2117232798945222
app_id: 0, app_name: SAR_api-aarch64, task_id: 468, task_name: DASH_FFT, resource_name: cpu1, ref_start_time: 2117232803171923, ref_stop_time: 2117232803284393, actual_exe_time: 112470, task_app_start_time:2117231035825139, task_sched_time:2117232803158423
app_id: 0, app_name: SAR_api-aarch64, task_id: 469, task_name: DASH_FFT, resource_name: cpu2, ref_start_time: 2117232806988254, ref_stop_time: 2117232807102494, actual_exe_time: 114240, task_app_start_time:2117231035825139, task_sched_time:2117232806979944
app_id: 0, app_name: SAR_api-aarch64, task_id: 470, task_name: DASH_ZIP, resource_name: cpu3, ref_start_time: 2117232810982814, ref_stop_time: 2117232811063904, actual_exe_time: 81090, task_app_start_time:2117231035825139, task_sched_time:2117232810971804
app_id: 0, app_name: SAR_api-aarch64, task_id: 471, task_name: DASH_FFT, resource_name: fft1, ref_start_time: 2117232814963545, ref_stop_time: 2117232815089635, actual_exe_time: 126090, task_app_start_time:2117231035825139, task_sched_time:2117232814947075
app_id: 0, app_name: SAR_api-aarch64, task_id: 472, task_name: DASH_FFT, resource_name: fft2, ref_start_time: 2117232817313415, ref_stop_time: 2117232817395375, actual_exe_time: 81960, task_app_start_time:2117231035825139, task_sched_time:2117232817308195
app_id: 0, app_name: SAR_api-aarch64, task_id: 473, task_name: DASH_ZIP, resource_name: zip1, ref_start_time: 2117232823055506, ref_stop_time: 2117232823184056, actual_exe_time: 128550, task_app_start_time:2117231035825139, task_sched_time:2117232823047046
app_id: 0, app_name: SAR_api-aarch64, task_id: 474, task_name: DASH_FFT, resource_name: cpu1, ref_start_time: 2117232827369567, ref_stop_time: 2117232827484887, actual_exe_time: 115320, task_app_start_time:2117231035825139, task_sched_time:2117232827318477
app_id: 0, app_name: SAR_api-aarch64, task_id: 475, task_name: DASH_FFT, resource_name: cpu2, ref_start_time: 2117232830953248, ref_stop_time: 2117232831054678, actual_exe_time: 101430, task_app_start_time:2117231035825139, task_sched_time:2117232830943738
app_id: 0, app_name: SAR_api-aarch64, task_id: 476, task_name: DASH_ZIP, resource_name: cpu3, ref_start_time: 2117232831929298, ref_stop_time: 2117232832005948, actual_exe_time: 76650, task_app_start_time:2117231035825139, task_sched_time:2117232831922968
app_id: 0, app_name: SAR_api-aarch64, task_id: 477, task_name: DASH_FFT, resource_name: fft1, ref_start_time: 2117232839395819, ref_stop_time: 2117232839524669, actual_exe_time: 128850, task_app_start_time:2117231035825139, task_sched_time:2117232839384629
app_id: 0, app_name: SAR_api-aarch64, task_id: 478, task_name: DASH_FFT, resource_name: fft2, ref_start_time: 2117232844774400, ref_stop_time: 2117232844855160, actual_exe_time: 80760, task_app_start_time:2117231035825139, task_sched_time:2117232844766600
app_id: 0, app_name: SAR_api-aarch64, task_id: 479, task_name: DASH_ZIP, resource_name: zip1, ref_start_time: 2117232845916230, ref_stop_time: 2117232846041900, actual_exe_time: 125670, task_app_start_time:2117231035825139, task_sched_time:2117232845907890
app_id: 0, app_name: SAR_api-aarch64, task_id: 480, task_name: DASH_FFT, resource_name: cpu1, ref_start_time: 2117232854917071, ref_stop_time: 2117232855048321, actual_exe_time: 131250, task_app_start_time:2117231035825139, task_sched_time:2117232854907651
app_id: 0, app_name: SAR_api-aarch64, task_id: 481, task_name: DASH_FFT, resource_name: cpu2, ref_start_time: 2117232858532492, ref_stop_time: 2117232858633742, actual_exe_time: 101250, task_app_start_time:2117231035825139, task_sched_time:2117232855730492
app_id: 0, app_name: SAR_api-aarch64, task_id: 482, task_name: DASH_ZIP, resource_name: cpu3, ref_start_time: 2117232863309903, ref_stop_time: 2117232863391803, actual_exe_time: 81900, task_app_start_time:2117231035825139, task_sched_time:2117232863304263
app_id: 0, app_name: SAR_api-aarch64, task_id: 483, task_name: DASH_FFT, resource_name: fft1, ref_start_time: 2117232866972363, ref_stop_time: 2117232867096803, actual_exe_time: 124440, task_app_start_time:2117231035825139, task_sched_time:2117232866966393
app_id: 0, app_name: SAR_api-aarch64, task_id: 484, task_name: DASH_FFT, resource_name: fft2, ref_start_time: 2117232871309434, ref_stop_time: 2117232871391484, actual_exe_time: 82050, task_app_start_time:2117231035825139, task_sched_time:2117232871302744
app_id: 0, app_name: SAR_api-aarch64, task_id: 485, task_name: DASH_ZIP, resource_name: zip1, ref_start_time: 2117232872177454, ref_stop_time: 2117232872296284, actual_exe_time: 118830, task_app_start_time:2117231035825139, task_sched_time:2117232872170434
app_id: 0, app_name: SAR_api-aarch64, task_id: 486, task_name: DASH_FFT, resource_name: cpu1, ref_start_time: 2117232874813525, ref_stop_time: 2117232875169805, actual_exe_time: 356280, task_app_start_time:2117231035825139, task_sched_time:2117232874807195
app_id: 0, app_name: SAR_api-aarch64, task_id: 487, task_name: DASH_FFT, resource_name: cpu2, ref_start_time: 2117232876368185, ref_stop_time: 2117232876463555, actual_exe_time: 95370, task_app_start_time:2117231035825139, task_sched_time:2117232876361615
app_id: 0, app_name: SAR_api-aarch64, task_id: 488, task_name: DASH_ZIP, resource_name: cpu3, ref_start_time: 2117232878927155, ref_stop_time: 2117232879008935, actual_exe_time: 81780, task_app_start_time:2117231035825139, task_sched_time:2117232876665875
app_id: 0, app_name: SAR_api-aarch64, task_id: 489, task_name: DASH_FFT, resource_name: fft1, ref_start_time: 2117232881949746, ref_stop_time: 2117232882072926, actual_exe_time: 123180, task_app_start_time:2117231035825139, task_sched_time:2117232881938796
app_id: 0, app_name: SAR_api-aarch64, task_id: 490, task_name: DASH_FFT, resource_name: fft2, ref_start_time: 2117232886972497, ref_stop_time: 2117232887049297, actual_exe_time: 76800, task_app_start_time:2117231035825139, task_sched_time:2117232886966167
app_id: 0, app_name: SAR_api-aarch64, task_id: 491, task_name: DASH_ZIP, resource_name: zip1, ref_start_time: 2117232887850387, ref_stop_time: 2117232887971467, actual_exe_time: 121080, task_app_start_time:2117231035825139, task_sched_time:2117232887844357
app_id: 0, app_name: SAR_api-aarch64, task_id: 492, task_name: DASH_FFT, resource_name: cpu1, ref_start_time: 2117232891538497, ref_stop_time: 2117232891649347, actual_exe_time: 110850, task_app_start_time:2117231035825139, task_sched_time:2117232891503877
app_id: 0, app_name: SAR_api-aarch64, task_id: 493, task_name: DASH_FFT, resource_name: cpu2, ref_start_time: 2117232891926037, ref_stop_time: 2117232892013997, actual_exe_time: 87960, task_app_start_time:2117231035825139, task_sched_time:2117232891917247
app_id: 0, app_name: SAR_api-aarch64, task_id: 494, task_name: DASH_ZIP, resource_name: cpu3, ref_start_time: 2117232893806228, ref_stop_time: 2117232893883778, actual_exe_time: 77550, task_app_start_time:2117231035825139, task_sched_time:2117232893801908
app_id: 0, app_name: SAR_api-aarch64, task_id: 495, task_name: DASH_FFT, resource_name: fft1, ref_start_time: 2117232894554788, ref_stop_time: 2117232894676558, actual_exe_time: 121770, task_app_start_time:2117231035825139, task_sched_time:2117232894550108
app_id: 0, app_name: SAR_api-aarch64, task_id: 496, task_name: DASH_FFT, resource_name: fft2, ref_start_time: 2117232895366378, ref_stop_time: 2117232895440178, actual_exe_time: 73800, task_app_start_time:2117231035825139, task_sched_time:2117232895360288
app_id: 0, app_name: SAR_api-aarch64, task_id: 497, task_name: DASH_ZIP, resource_name: zip1, ref_start_time: 2117232897395038, ref_stop_time: 2117232897520078, actual_exe_time: 125040, task_app_start_time:2117231035825139, task_sched_time:2117232896175208
app_id: 0, app_name: SAR_api-aarch64, task_id: 498, task_name: DASH_FFT, resource_name: cpu1, ref_start_time: 2117232899420549, ref_stop_time: 2117232899536379, actual_exe_time: 115830, task_app_start_time:2117231035825139, task_sched_time:2117232899368769
app_id: 0, app_name: SAR_api-aarch64, task_id: 499, task_name: DASH_FFT, resource_name: cpu2, ref_start_time: 2117232903139679, ref_stop_time: 2117232903235979, actual_exe_time: 96300, task_app_start_time:2117231035825139, task_sched_time:2117232903133079
app_id: 0, app_name: SAR_api-aarch64, task_id: 500, task_name: DASH_ZIP, resource_name: cpu3, ref_start_time: 2117232903453929, ref_stop_time: 2117232903530099, actual_exe_time: 76170, task_app_start_time:2117231035825139, task_sched_time:2117232903446219
app_id: 0, app_name: SAR_api-aarch64, task_id: 501, task_name: DASH_FFT, resource_name: fft1, ref_start_time: 2117232907116570, ref_stop_time: 2117232907236630, actual_exe_time: 120060, task_app_start_time:2117231035825139, task_sched_time:2117232907104870
app_id: 0, app_name: SAR_api-aarch64, task_id: 502, task_name: DASH_FFT, resource_name: fft2, ref_start_time: 2117232907869960, ref_stop_time: 2117232907937880, actual_exe_time: 67920, task_app_start_time:2117231035825139, task_sched_time:2117232907864800
app_id: 0, app_name: SAR_api-aarch64, task_id: 503, task_name: DASH_ZIP, resource_name: zip1, ref_start_time: 2117232909924780, ref_stop_time: 2117232910052100, actual_exe_time: 127320, task_app_start_time:2117231035825139, task_sched_time:2117232909920130
app_id: 0, app_name: SAR_api-aarch64, task_id: 504, task_name: DASH_FFT, resource_name: cpu1, ref_start_time: 2117232910657800, ref_stop_time: 2117232910762890, actual_exe_time: 105090, task_app_start_time:2117231035825139, task_sched_time:2117232910612680
app_id: 0, app_name: SAR_api-aarch64, task_id: 505, task_name: DASH_FFT, resource_name: cpu2, ref_start_time: 2117232911179561, ref_stop_time: 2117232911266111, actual_exe_time: 86550, task_app_start_time:2117231035825139, task_sched_time:2117232911176471
app_id: 0, app_name: SAR_api-aarch64, task_id: 506, task_name: DASH_ZIP, resource_name: cpu3, ref_start_time: 2117232914989891, ref_stop_time: 2117232915072031, actual_exe_time: 82140, task_app_start_time:2117231035825139, task_sched_time:2117232914979961
app_id: 0, app_name: SAR_api-aarch64, task_id: 507, task_name: DASH_FFT, resource_name: fft1, ref_start_time: 2117232915822631, ref_stop_time: 2117232915938851, actual_exe_time: 116220, task_app_start_time:2117231035825139, task_sched_time:2117232915810721
app_id: 0, app_name: SAR_api-aarch64, task_id: 508, task_name: DASH_FFT, resource_name: fft2, ref_start_time: 2117232919480172, ref_stop_time: 2117232919555592, actual_exe_time: 75420, task_app_start_time:2117231035825139, task_sched_time:2117232919470422
app_id: 0, app_name: SAR_api-aarch64, task_id: 509, task_name: DASH_ZIP, resource_name: zip1, ref_start_time: 2117232923050982, ref_stop_time: 2117232923173322, actual_exe_time: 122340, task_app_start_time:2117231035825139, task_sched_time:2117232923045732
app_id: 0, app_name: SAR_api-aarch64, task_id: 510, task_name: DASH_FFT, resource_name: cpu1, ref_start_time: 2117232927602763, ref_stop_time: 2117232927713043, actual_exe_time: 110280, task_app_start_time:2117231035825139, task_sched_time:2117232927590253
app_id: 0, app_name: SAR_api-aarch64, task_id: 511, task_name: DASH_FFT, resource_name: cpu2, ref_start_time: 2117232931372504, ref_stop_time: 2117232931472104, actual_exe_time: 99600, task_app_start_time:2117231035825139, task_sched_time:2117232931362874
app_id: 0, app_name: SAR_api-aarch64, task_id: 512, task_name: DASH_ZIP, resource_name: cpu3, ref_start_time: 2117232938934005, ref_stop_time: 2117232939017555, actual_exe_time: 83550, task_app_start_time:2117231035825139, task_sched_time:2117232938926055
app_id: 0, app_name: SAR_api-aarch64, task_id: 513, task_name: DASH_FFT, resource_name: fft1, ref_start_time: 2117232942305586, ref_stop_time: 2117232942424896, actual_exe_time: 119310, task_app_start_time:2117231035825139, task_sched_time:2117232942297876
app_id: 0, app_name: SAR_api-aarch64, task_id: 514, task_name: DASH_FFT, resource_name: fft2, ref_start_time: 2117232943371516, ref_stop_time: 2117232943443306, actual_exe_time: 71790, task_app_start_time:2117231035825139, task_sched_time:2117232943366866
app_id: 0, app_name: SAR_api-aarch64, task_id: 515, task_name: DASH_ZIP, resource_name: zip1, ref_start_time: 2117232947078406, ref_stop_time: 2117232947203806, actual_exe_time: 125400, task_app_start_time:2117231035825139, task_sched_time:2117232946934466
app_id: 0, app_name: SAR_api-aarch64, task_id: 516, task_name: DASH_FFT, resource_name: cpu1, ref_start_time: 2117232951368437, ref_stop_time: 2117232951480727, actual_exe_time: 112290, task_app_start_time:2117231035825139, task_sched_time:2117232951292297
app_id: 0, app_name: SAR_api-aarch64, task_id: 517, task_name: DASH_FFT, resource_name: cpu2, ref_start_time: 2117232955401608, ref_stop_time: 2117232955519778, actual_exe_time: 118170, task_app_start_time:2117231035825139, task_sched_time:2117232955392488
app_id: 0, app_name: SAR_api-aarch64, task_id: 518, task_name: DASH_ZIP, resource_name: cpu3, ref_start_time: 2117232958353038, ref_stop_time: 2117232958438238, actual_exe_time: 85200, task_app_start_time:2117231035825139, task_sched_time:2117232958346138
app_id: 0, app_name: SAR_api-aarch64, task_id: 519, task_name: DASH_FFT, resource_name: fft1, ref_start_time: 2117232959048468, ref_stop_time: 2117232959170418, actual_exe_time: 121950, task_app_start_time:2117231035825139, task_sched_time:2117232959038778
app_id: 0, app_name: SAR_api-aarch64, task_id: 520, task_name: DASH_FFT, resource_name: fft2, ref_start_time: 2117232959548358, ref_stop_time: 2117232959621288, actual_exe_time: 72930, task_app_start_time:2117231035825139, task_sched_time:2117232959544128
app_id: 0, app_name: SAR_api-aarch64, task_id: 521, task_name: DASH_ZIP, resource_name: zip1, ref_start_time: 2117232966980589, ref_stop_time: 2117232967109020, actual_exe_time: 128431, task_app_start_time:2117231035825139, task_sched_time:2117232966973179
app_id: 0, app_name: SAR_api-aarch64, task_id: 522, task_name: DASH_FFT, resource_name: cpu1, ref_start_time: 2117232971251720, ref_stop_time: 2117232971376550, actual_exe_time: 124830, task_app_start_time:2117231035825139, task_sched_time:2117232971186470
app_id: 0, app_name: SAR_api-aarch64, task_id: 523, task_name: DASH_FFT, resource_name: cpu2, ref_start_time: 2117232974019071, ref_stop_time: 2117232974114741, actual_exe_time: 95670, task_app_start_time:2117231035825139, task_sched_time:2117232974015141
app_id: 0, app_name: SAR_api-aarch64, task_id: 524, task_name: DASH_ZIP, resource_name: cpu3, ref_start_time: 2117232977787311, ref_stop_time: 2117232977868881, actual_exe_time: 81570, task_app_start_time:2117231035825139, task_sched_time:2117232975126221
app_id: 0, app_name: SAR_api-aarch64, task_id: 525, task_name: DASH_FFT, resource_name: fft1, ref_start_time: 2117232983270322, ref_stop_time: 2117232983398362, actual_exe_time: 128040, task_app_start_time:2117231035825139, task_sched_time:2117232983194842
app_id: 0, app_name: SAR_api-aarch64, task_id: 526, task_name: DASH_FFT, resource_name: fft2, ref_start_time: 2117232987076093, ref_stop_time: 2117232987156223, actual_exe_time: 80130, task_app_start_time:2117231035825139, task_sched_time:2117232987070783
app_id: 0, app_name: SAR_api-aarch64, task_id: 527, task_name: DASH_ZIP, resource_name: zip1, ref_start_time: 2117232989230033, ref_stop_time: 2117232989354203, actual_exe_time: 124170, task_app_start_time:2117231035825139, task_sched_time:2117232989202523
app_id: 0, app_name: SAR_api-aarch64, task_id: 528, task_name: DASH_FFT, resource_name: cpu1, ref_start_time: 2117232990076063, ref_stop_time: 2117232990184573, actual_exe_time: 108510, task_app_start_time:2117231035825139, task_sched_time:2117232990057433
app_id: 0, app_name: SAR_api-aarch64, task_id: 529, task_name: DASH_FFT, resource_name: cpu2, ref_start_time: 2117232990736993, ref_stop_time: 2117232990834103, actual_exe_time: 97110, task_app_start_time:2117231035825139, task_sched_time:2117232990726703
app_id: 0, app_name: SAR_api-aarch64, task_id: 530, task_name: DASH_ZIP, resource_name: cpu3, ref_start_time: 2117232993000584, ref_stop_time: 2117232993079574, actual_exe_time: 78990, task_app_start_time:2117231035825139, task_sched_time:2117232991800613
app_id: 0, app_name: SAR_api-aarch64, task_id: 531, task_name: DASH_FFT, resource_name: fft1, ref_start_time: 2117232999288255, ref_stop_time: 2117232999414375, actual_exe_time: 126120, task_app_start_time:2117231035825139, task_sched_time:2117232999196215
app_id: 0, app_name: SAR_api-aarch64, task_id: 532, task_name: DASH_FFT, resource_name: fft2, ref_start_time: 2117233002943365, ref_stop_time: 2117233003014645, actual_exe_time: 71280, task_app_start_time:2117231035825139, task_sched_time:2117233002939255
app_id: 0, app_name: SAR_api-aarch64, task_id: 533, task_name: DASH_ZIP, resource_name: zip1, ref_start_time: 2117233003904655, ref_stop_time: 2117233004027385, actual_exe_time: 122730, task_app_start_time:2117231035825139, task_sched_time:2117233003895385
app_id: 0, app_name: SAR_api-aarch64, task_id: 534, task_name: DASH_FFT, resource_name: cpu1, ref_start_time: 2117233007347426, ref_stop_time: 2117233007461276, actual_exe_time: 113850, task_app_start_time:2117231035825139, task_sched_time:2117233007285176
app_id: 0, app_name: SAR_api-aarch64, task_id: 535, task_name: DASH_FFT, resource_name: cpu2, ref_start_time: 2117233011164807, ref_stop_time: 2117233011272417, actual_exe_time: 107610, task_app_start_time:2117231035825139, task_sched_time:2117233011160007
app_id: 0, app_name: SAR_api-aarch64, task_id: 536, task_name: DASH_ZIP, resource_name: cpu3, ref_start_time: 2117233015585727, ref_stop_time: 2117233015997597, actual_exe_time: 411870, task_app_start_time:2117231035825139, task_sched_time:2117233015579757
app_id: 0, app_name: SAR_api-aarch64, task_id: 537, task_name: DASH_FFT, resource_name: fft1, ref_start_time: 2117233019777118, ref_stop_time: 2117233019904858, actual_exe_time: 127740, task_app_start_time:2117231035825139, task_sched_time:2117233019691798
app_id: 0, app_name: SAR_api-aarch64, task_id: 538, task_name: DASH_FFT, resource_name: fft2, ref_start_time: 2117233023016249, ref_stop_time: 2117233023096559, actual_exe_time: 80310, task_app_start_time:2117231035825139, task_sched_time:2117233023008029
app_id: 0, app_name: SAR_api-aarch64, task_id: 539, task_name: DASH_ZIP, resource_name: zip1, ref_start_time: 2117233030995260, ref_stop_time: 2117233031122340, actual_exe_time: 127080, task_app_start_time:2117231035825139, task_sched_time:2117233030989050
app_id: 0, app_name: SAR_api-aarch64, task_id: 540, task_name: DASH_FFT, resource_name: cpu1, ref_start_time: 2117233034056370, ref_stop_time: 2117233034171030, actual_exe_time: 114660, task_app_start_time:2117231035825139, task_sched_time:2117233033875260
app_id: 0, app_name: SAR_api-aarch64, task_id: 541, task_name: DASH_FFT, resource_name: cpu2, ref_start_time: 2117233037239131, ref_stop_time: 2117233037344551, actual_exe_time: 105420, task_app_start_time:2117231035825139, task_sched_time:2117233037233281
app_id: 0, app_name: SAR_api-aarch64, task_id: 542, task_name: DASH_ZIP, resource_name: cpu3, ref_start_time: 2117233042922662, ref_stop_time: 2117233043006092, actual_exe_time: 83430, task_app_start_time:2117231035825139, task_sched_time:2117233038388761
app_id: 0, app_name: SAR_api-aarch64, task_id: 543, task_name: DASH_FFT, resource_name: fft1, ref_start_time: 2117233043207182, ref_stop_time: 2117233043331232, actual_exe_time: 124050, task_app_start_time:2117231035825139, task_sched_time:2117233043197852
app_id: 0, app_name: SAR_api-aarch64, task_id: 544, task_name: DASH_FFT, resource_name: fft2, ref_start_time: 2117233046670412, ref_stop_time: 2117233046741002, actual_exe_time: 70590, task_app_start_time:2117231035825139, task_sched_time:2117233046661652
app_id: 0, app_name: SAR_api-aarch64, task_id: 545, task_name: DASH_ZIP, resource_name: zip1, ref_start_time: 2117233048040063, ref_stop_time: 2117233048164983, actual_exe_time: 124920, task_app_start_time:2117231035825139, task_sched_time:2117233048035263
app_id: 0, app_name: SAR_api-aarch64, task_id: 546, task_name: DASH_FFT, resource_name: cpu1, ref_start_time: 2117233055120604, ref_stop_time: 2117233055237214, actual_exe_time: 116610, task_app_start_time:2117231035825139, task_sched_time:2117233055110194
app_id: 0, app_name: SAR_api-aarch64, task_id: 547, task_name: DASH_FFT, resource_name: cpu2, ref_start_time: 2117233058951964, ref_stop_time: 2117233059052434, actual_exe_time: 100470, task_app_start_time:2117231035825139, task_sched_time:2117233058944134
app_id: 0, app_name: SAR_api-aarch64, task_id: 548, task_name: DASH_ZIP, resource_name: cpu3, ref_start_time: 2117233062103195, ref_stop_time: 2117233062180085, actual_exe_time: 76890, task_app_start_time:2117231035825139, task_sched_time:2117233062098335
app_id: 0, app_name: SAR_api-aarch64, task_id: 549, task_name: DASH_FFT, resource_name: fft1, ref_start_time: 2117233070960216, ref_stop_time: 2117233071094256, actual_exe_time: 134040, task_app_start_time:2117231035825139, task_sched_time:2117233070923736
app_id: 0, app_name: SAR_api-aarch64, task_id: 550, task_name: DASH_FFT, resource_name: fft2, ref_start_time: 2117233075138227, ref_stop_time: 2117233075213317, actual_exe_time: 75090, task_app_start_time:2117231035825139, task_sched_time:2117233075130937
app_id: 0, app_name: SAR_api-aarch64, task_id: 551, task_name: DASH_ZIP, resource_name: zip1, ref_start_time: 2117233076106897, ref_stop_time: 2117233076227767, actual_exe_time: 120870, task_app_start_time:2117231035825139, task_sched_time:2117233076091627
app_id: 0, app_name: SAR_api-aarch64, task_id: 552, task_name: DASH_FFT, resource_name: cpu1, ref_start_time: 2117233076771247, ref_stop_time: 2117233076879607, actual_exe_time: 108360, task_app_start_time:2117231035825139, task_sched_time:2117233076736117
app_id: 0, app_name: SAR_api-aarch64, task_id: 553, task_name: DASH_FFT, resource_name: cpu2, ref_start_time: 2117233078914028, ref_stop_time: 2117233079016688, actual_exe_time: 102660, task_app_start_time:2117231035825139, task_sched_time:2117233077808497
app_id: 0, app_name: SAR_api-aarch64, task_id: 554, task_name: DASH_ZIP, resource_name: cpu3, ref_start_time: 2117233083384358, ref_stop_time: 2117233083469798, actual_exe_time: 85440, task_app_start_time:2117231035825139, task_sched_time:2117233083376618
app_id: 0, app_name: SAR_api-aarch64, task_id: 555, task_name: DASH_FFT, resource_name: fft1, ref_start_time: 2117233086919349, ref_stop_time: 2117233087754909, actual_exe_time: 835560, task_app_start_time:2117231035825139, task_sched_time:2117233086914969
app_id: 0, app_name: SAR_api-aarch64, task_id: 556, task_name: DASH_FFT, resource_name: fft2, ref_start_time: 2117233091143529, ref_stop_time: 2117233091221919, actual_exe_time: 78390, task_app_start_time:2117231035825139, task_sched_time:2117233091137739
app_id: 0, app_name: SAR_api-aarch64, task_id: 557, task_name: DASH_ZIP, resource_name: zip1, ref_start_time: 2117233093016040, ref_stop_time: 2117233093140000, actual_exe_time: 123960, task_app_start_time:2117231035825139, task_sched_time:2117233093007850
app_id: 0, app_name: SAR_api-aarch64, task_id: 558, task_name: DASH_FFT, resource_name: cpu1, ref_start_time: 2117233099103701, ref_stop_time: 2117233099217551, actual_exe_time: 113850, task_app_start_time:2117231035825139, task_sched_time:2117233099060561
app_id: 0, app_name: SAR_api-aarch64, task_id: 559, task_name: DASH_FFT, resource_name: cpu2, ref_start_time: 2117233102946911, ref_stop_time: 2117233103051101, actual_exe_time: 104190, task_app_start_time:2117231035825139, task_sched_time:2117233102939711
app_id: 0, app_name: SAR_api-aarch64, task_id: 560, task_name: DASH_ZIP, resource_name: cpu3, ref_start_time: 2117233106632472, ref_stop_time: 2117233106710352, actual_exe_time: 77880, task_app_start_time:2117231035825139, task_sched_time:2117233106483702
app_id: 0, app_name: SAR_api-aarch64, task_id: 561, task_name: DASH_FFT, resource_name: fft1, ref_start_time: 2117233110974223, ref_stop_time: 2117233111107993, actual_exe_time: 133770, task_app_start_time:2117231035825139, task_sched_time:2117233110963693
app_id: 0, app_name: SAR_api-aarch64, task_id: 562, task_name: DASH_FFT, resource_name: fft2, ref_start_time: 2117233114970913, ref_stop_time: 2117233115060493, actual_exe_time: 89580, task_app_start_time:2117231035825139, task_sched_time:2117233114960173
app_id: 0, app_name: SAR_api-aarch64, task_id: 563, task_name: DASH_ZIP, resource_name: zip1, ref_start_time: 2117233120619584, ref_stop_time: 2117233120745404, actual_exe_time: 125820, task_app_start_time:2117231035825139, task_sched_time:2117233120483114
app_id: 0, app_name: SAR_api-aarch64, task_id: 564, task_name: DASH_FFT, resource_name: cpu1, ref_start_time: 2117233127153975, ref_stop_time: 2117233127276525, actual_exe_time: 122550, task_app_start_time:2117231035825139, task_sched_time:2117233127090255
app_id: 0, app_name: SAR_api-aarch64, task_id: 565, task_name: DASH_FFT, resource_name: cpu2, ref_start_time: 2117233131254106, ref_stop_time: 2117233131367926, actual_exe_time: 113820, task_app_start_time:2117231035825139, task_sched_time:2117233131244566
app_id: 0, app_name: SAR_api-aarch64, task_id: 566, task_name: DASH_ZIP, resource_name: cpu3, ref_start_time: 2117233134795276, ref_stop_time: 2117233134894307, actual_exe_time: 99031, task_app_start_time:2117231035825139, task_sched_time:2117233134698646
app_id: 0, app_name: SAR_api-aarch64, task_id: 567, task_name: DASH_FFT, resource_name: fft1, ref_start_time: 2117233139059807, ref_stop_time: 2117233139184217, actual_exe_time: 124410, task_app_start_time:2117231035825139, task_sched_time:2117233139049277
app_id: 0, app_name: SAR_api-aarch64, task_id: 568, task_name: DASH_FFT, resource_name: fft2, ref_start_time: 2117233143217418, ref_stop_time: 2117233143308528, actual_exe_time: 91110, task_app_start_time:2117231035825139, task_sched_time:2117233143207248
app_id: 0, app_name: SAR_api-aarch64, task_id: 569, task_name: DASH_ZIP, resource_name: zip1, ref_start_time: 2117233148879919, ref_stop_time: 2117233149007449, actual_exe_time: 127530, task_app_start_time:2117231035825139, task_sched_time:2117233148753019
app_id: 0, app_name: SAR_api-aarch64, task_id: 570, task_name: DASH_FFT, resource_name: cpu1, ref_start_time: 2117233155507820, ref_stop_time: 2117233155618220, actual_exe_time: 110400, task_app_start_time:2117231035825139, task_sched_time:2117233155399370
app_id: 0, app_name: SAR_api-aarch64, task_id: 571, task_name: DASH_FFT, resource_name: cpu2, ref_start_time: 2117233158946450, ref_stop_time: 2117233159049590, actual_exe_time: 103140, task_app_start_time:2117231035825139, task_sched_time:2117233158940450
app_id: 0, app_name: SAR_api-aarch64, task_id: 572, task_name: DASH_ZIP, resource_name: cpu3, ref_start_time: 2117233162942331, ref_stop_time: 2117233163022251, actual_exe_time: 79920, task_app_start_time:2117231035825139, task_sched_time:2117233162777421
app_id: 0, app_name: SAR_api-aarch64, task_id: 573, task_name: DASH_FFT, resource_name: fft1, ref_start_time: 2117233167419052, ref_stop_time: 2117233167540882, actual_exe_time: 121830, task_app_start_time:2117231035825139, task_sched_time:2117233167405162
app_id: 0, app_name: SAR_api-aarch64, task_id: 574, task_name: DASH_FFT, resource_name: fft2, ref_start_time: 2117233170969552, ref_stop_time: 2117233171053702, actual_exe_time: 84150, task_app_start_time:2117231035825139, task_sched_time:2117233170960672
app_id: 0, app_name: SAR_api-aarch64, task_id: 575, task_name: DASH_ZIP, resource_name: zip1, ref_start_time: 2117233175608603, ref_stop_time: 2117233175730133, actual_exe_time: 121530, task_app_start_time:2117231035825139, task_sched_time:2117233175602693
app_id: 0, app_name: SAR_api-aarch64, task_id: 576, task_name: DASH_FFT, resource_name: cpu1, ref_start_time: 2117233177374373, ref_stop_time: 2117233177483633, actual_exe_time: 109260, task_app_start_time:2117231035825139, task_sched_time:2117233177360303
app_id: 0, app_name: SAR_api-aarch64, task_id: 577, task_name: DASH_FFT, resource_name: cpu2, ref_start_time: 2117233183076564, ref_stop_time: 2117233183190864, actual_exe_time: 114300, task_app_start_time:2117231035825139, task_sched_time:2117233183070594
app_id: 0, app_name: SAR_api-aarch64, task_id: 578, task_name: DASH_ZIP, resource_name: cpu3, ref_start_time: 2117233190582115, ref_stop_time: 2117233190662425, actual_exe_time: 80310, task_app_start_time:2117231035825139, task_sched_time:2117233190455965
app_id: 0, app_name: SAR_api-aarch64, task_id: 579, task_name: DASH_FFT, resource_name: fft1, ref_start_time: 2117233191442786, ref_stop_time: 2117233191567886, actual_exe_time: 125100, task_app_start_time:2117231035825139, task_sched_time:2117233191439006
app_id: 0, app_name: SAR_api-aarch64, task_id: 580, task_name: DASH_FFT, resource_name: fft2, ref_start_time: 2117233199011277, ref_stop_time: 2117233199105447, actual_exe_time: 94170, task_app_start_time:2117231035825139, task_sched_time:2117233199004407
app_id: 0, app_name: SAR_api-aarch64, task_id: 581, task_name: DASH_ZIP, resource_name: zip1, ref_start_time: 2117233205346768, ref_stop_time: 2117233205474148, actual_exe_time: 127380, task_app_start_time:2117231035825139, task_sched_time:2117233205215038
app_id: 0, app_name: SAR_api-aarch64, task_id: 582, task_name: DASH_FFT, resource_name: cpu1, ref_start_time: 2117233211095489, ref_stop_time: 2117233211206999, actual_exe_time: 111510, task_app_start_time:2117231035825139, task_sched_time:2117233211086729
app_id: 0, app_name: SAR_api-aarch64, task_id: 583, task_name: DASH_FFT, resource_name: cpu2, ref_start_time: 2117233215246739, ref_stop_time: 2117233215359509, actual_exe_time: 112770, task_app_start_time:2117231035825139, task_sched_time:2117233215239479
app_id: 0, app_name: SAR_api-aarch64, task_id: 584, task_name: DASH_ZIP, resource_name: cpu3, ref_start_time: 2117233219735760, ref_stop_time: 2117233219816220, actual_exe_time: 80460, task_app_start_time:2117231035825139, task_sched_time:2117233219597220
app_id: 0, app_name: SAR_api-aarch64, task_id: 585, task_name: DASH_FFT, resource_name: fft1, ref_start_time: 2117233222983411, ref_stop_time: 2117233223105961, actual_exe_time: 122550, task_app_start_time:2117231035825139, task_sched_time:2117233222975071
app_id: 0, app_name: SAR_api-aarch64, task_id: 586, task_name: DASH_FFT, resource_name: fft2, ref_start_time: 2117233230943222, ref_stop_time: 2117233231487302, actual_exe_time: 544080, task_app_start_time:2117231035825139, task_sched_time:2117233230936862
app_id: 0, app_name: SAR_api-aarch64, task_id: 587, task_name: DASH_ZIP, resource_name: zip1, ref_start_time: 2117233234085722, ref_stop_time: 2117233234207372, actual_exe_time: 121650, task_app_start_time:2117231035825139, task_sched_time:2117233233932122
app_id: 0, app_name: SAR_api-aarch64, task_id: 588, task_name: DASH_FFT, resource_name: cpu1, ref_start_time: 2117233243001784, ref_stop_time: 2117233243121124, actual_exe_time: 119340, task_app_start_time:2117231035825139, task_sched_time:2117233242987894
app_id: 0, app_name: SAR_api-aarch64, task_id: 589, task_name: DASH_FFT, resource_name: cpu2, ref_start_time: 2117233247226295, ref_stop_time: 2117233247329105, actual_exe_time: 102810, task_app_start_time:2117231035825139, task_sched_time:2117233247217415
app_id: 0, app_name: SAR_api-aarch64, task_id: 590, task_name: DASH_ZIP, resource_name: cpu3, ref_start_time: 2117233248373285, ref_stop_time: 2117233248450955, actual_exe_time: 77670, task_app_start_time:2117231035825139, task_sched_time:2117233248210565
app_id: 0, app_name: SAR_api-aarch64, task_id: 591, task_name: DASH_FFT, resource_name: fft1, ref_start_time: 2117233248897925, ref_stop_time: 2117233249023775, actual_exe_time: 125850, task_app_start_time:2117231035825139, task_sched_time:2117233248857905
app_id: 0, app_name: SAR_api-aarch64, task_id: 592, task_name: DASH_FFT, resource_name: fft2, ref_start_time: 2117233255471496, ref_stop_time: 2117233255556516, actual_exe_time: 85020, task_app_start_time:2117231035825139, task_sched_time:2117233255464446
app_id: 0, app_name: SAR_api-aarch64, task_id: 593, task_name: DASH_ZIP, resource_name: zip1, ref_start_time: 2117233258975466, ref_stop_time: 2117233259098407, actual_exe_time: 122941, task_app_start_time:2117231035825139, task_sched_time:2117233258964756
app_id: 0, app_name: SAR_api-aarch64, task_id: 594, task_name: DASH_FFT, resource_name: cpu1, ref_start_time: 2117233262688207, ref_stop_time: 2117233262798697, actual_exe_time: 110490, task_app_start_time:2117231035825139, task_sched_time:2117233262681367
app_id: 0, app_name: SAR_api-aarch64, task_id: 595, task_name: DASH_FFT, resource_name: cpu2, ref_start_time: 2117233271112328, ref_stop_time: 2117233271241628, actual_exe_time: 129300, task_app_start_time:2117231035825139, task_sched_time:2117233271102428
app_id: 0, app_name: SAR_api-aarch64, task_id: 596, task_name: DASH_ZIP, resource_name: cpu3, ref_start_time: 2117233274917919, ref_stop_time: 2117233275948629, actual_exe_time: 1030710, task_app_start_time:2117231035825139, task_sched_time:2117233274912039
app_id: 0, app_name: SAR_api-aarch64, task_id: 597, task_name: DASH_FFT, resource_name: fft1, ref_start_time: 2117233279187910, ref_stop_time: 2117233279310220, actual_exe_time: 122310, task_app_start_time:2117231035825139, task_sched_time:2117233279162620
app_id: 0, app_name: SAR_api-aarch64, task_id: 598, task_name: DASH_FFT, resource_name: fft2, ref_start_time: 2117233287293281, ref_stop_time: 2117233287390211, actual_exe_time: 96930, task_app_start_time:2117231035825139, task_sched_time:2117233287284011
app_id: 0, app_name: SAR_api-aarch64, task_id: 599, task_name: DASH_ZIP, resource_name: zip1, ref_start_time: 2117233287623311, ref_stop_time: 2117233287748201, actual_exe_time: 124890, task_app_start_time:2117231035825139, task_sched_time:2117233287619261
app_id: 0, app_name: SAR_api-aarch64, task_id: 600, task_name: DASH_FFT, resource_name: cpu1, ref_start_time: 2117233290779822, ref_stop_time: 2117233291217012, actual_exe_time: 437190, task_app_start_time:2117231035825139, task_sched_time:2117233290766742
app_id: 0, app_name: SAR_api-aarch64, task_id: 601, task_name: DASH_FFT, resource_name: cpu2, ref_start_time: 2117233299880023, ref_stop_time: 2117233299987813, actual_exe_time: 107790, task_app_start_time:2117231035825139, task_sched_time:2117233299874113
app_id: 0, app_name: SAR_api-aarch64, task_id: 602, task_name: DASH_ZIP, resource_name: cpu3, ref_start_time: 2117233304174614, ref_stop_time: 2117233304255794, actual_exe_time: 81180, task_app_start_time:2117231035825139, task_sched_time:2117233304110324
app_id: 0, app_name: SAR_api-aarch64, task_id: 603, task_name: DASH_FFT, resource_name: fft1, ref_start_time: 2117233306983484, ref_stop_time: 2117233307111824, actual_exe_time: 128340, task_app_start_time:2117231035825139, task_sched_time:2117233306974214
app_id: 0, app_name: SAR_api-aarch64, task_id: 604, task_name: DASH_FFT, resource_name: fft2, ref_start_time: 2117233311191675, ref_stop_time: 2117233311285575, actual_exe_time: 93900, task_app_start_time:2117231035825139, task_sched_time:2117233311179615
app_id: 0, app_name: SAR_api-aarch64, task_id: 605, task_name: DASH_ZIP, resource_name: zip1, ref_start_time: 2117233314956015, ref_stop_time: 2117233315079856, actual_exe_time: 123841, task_app_start_time:2117231035825139, task_sched_time:2117233314950495
app_id: 0, app_name: SAR_api-aarch64, task_id: 606, task_name: DASH_FFT, resource_name: cpu1, ref_start_time: 2117233318096566, ref_stop_time: 2117233318216776, actual_exe_time: 120210, task_app_start_time:2117231035825139, task_sched_time:2117233318083006
app_id: 0, app_name: SAR_api-aarch64, task_id: 607, task_name: DASH_FFT, resource_name: cpu2, ref_start_time: 2117233323011377, ref_stop_time: 2117233323126307, actual_exe_time: 114930, task_app_start_time:2117231035825139, task_sched_time:2117233323004027
app_id: 0, app_name: SAR_api-aarch64, task_id: 608, task_name: DASH_ZIP, resource_name: cpu3, ref_start_time: 2117233330973438, ref_stop_time: 2117233331056988, actual_exe_time: 83550, task_app_start_time:2117231035825139, task_sched_time:2117233330966748
app_id: 0, app_name: SAR_api-aarch64, task_id: 609, task_name: DASH_FFT, resource_name: fft1, ref_start_time: 2117233331924978, ref_stop_time: 2117233332053708, actual_exe_time: 128730, task_app_start_time:2117231035825139, task_sched_time:2117233331902988
app_id: 0, app_name: SAR_api-aarch64, task_id: 610, task_name: DASH_FFT, resource_name: fft2, ref_start_time: 2117233335108849, ref_stop_time: 2117233335193959, actual_exe_time: 85110, task_app_start_time:2117231035825139, task_sched_time:2117233335101199
app_id: 0, app_name: SAR_api-aarch64, task_id: 611, task_name: DASH_ZIP, resource_name: zip1, ref_start_time: 2117233342986160, ref_stop_time: 2117233343110480, actual_exe_time: 124320, task_app_start_time:2117231035825139, task_sched_time:2117233342975390
app_id: 0, app_name: SAR_api-aarch64, task_id: 612, task_name: DASH_FFT, resource_name: cpu1, ref_start_time: 2117233345957240, ref_stop_time: 2117233346067970, actual_exe_time: 110730, task_app_start_time:2117231035825139, task_sched_time:2117233345907560
app_id: 0, app_name: SAR_api-aarch64, task_id: 613, task_name: DASH_FFT, resource_name: cpu2, ref_start_time: 2117233350949361, ref_stop_time: 2117233351054511, actual_exe_time: 105150, task_app_start_time:2117231035825139, task_sched_time:2117233350940001
app_id: 0, app_name: SAR_api-aarch64, task_id: 614, task_name: DASH_ZIP, resource_name: cpu3, ref_start_time: 2117233354957482, ref_stop_time: 2117233355037552, actual_exe_time: 80070, task_app_start_time:2117231035825139, task_sched_time:2117233354952412
app_id: 0, app_name: SAR_api-aarch64, task_id: 615, task_name: DASH_FFT, resource_name: fft1, ref_start_time: 2117233359262003, ref_stop_time: 2117233359393703, actual_exe_time: 131700, task_app_start_time:2117231035825139, task_sched_time:2117233359251173
app_id: 0, app_name: SAR_api-aarch64, task_id: 616, task_name: DASH_FFT, resource_name: fft2, ref_start_time: 2117233360605253, ref_stop_time: 2117233360684423, actual_exe_time: 79170, task_app_start_time:2117231035825139, task_sched_time:2117233360593103
app_id: 0, app_name: SAR_api-aarch64, task_id: 617, task_name: DASH_ZIP, resource_name: zip1, ref_start_time: 2117233367004944, ref_stop_time: 2117233367133974, actual_exe_time: 129030, task_app_start_time:2117231035825139, task_sched_time:2117233366998674
app_id: 0, app_name: SAR_api-aarch64, task_id: 618, task_name: DASH_FFT, resource_name: cpu1, ref_start_time: 2117233373947395, ref_stop_time: 2117233374059535, actual_exe_time: 112140, task_app_start_time:2117231035825139, task_sched_time:2117233373934225
app_id: 0, app_name: SAR_api-aarch64, task_id: 619, task_name: DASH_FFT, resource_name: cpu2, ref_start_time: 2117233378958116, ref_stop_time: 2117233379067796, actual_exe_time: 109680, task_app_start_time:2117231035825139, task_sched_time:2117233378951366
app_id: 0, app_name: SAR_api-aarch64, task_id: 620, task_name: DASH_ZIP, resource_name: cpu3, ref_start_time: 2117233383301966, ref_stop_time: 2117233383381347, actual_exe_time: 79381, task_app_start_time:2117231035825139, task_sched_time:2117233383296206
app_id: 0, app_name: SAR_api-aarch64, task_id: 621, task_name: DASH_FFT, resource_name: fft1, ref_start_time: 2117233386971837, ref_stop_time: 2117233387099607, actual_exe_time: 127770, task_app_start_time:2117231035825139, task_sched_time:2117233386959207
app_id: 0, app_name: SAR_api-aarch64, task_id: 622, task_name: DASH_FFT, resource_name: fft2, ref_start_time: 2117233388537867, ref_stop_time: 2117233388624777, actual_exe_time: 86910, task_app_start_time:2117231035825139, task_sched_time:2117233388532137
app_id: 0, app_name: SAR_api-aarch64, task_id: 623, task_name: DASH_ZIP, resource_name: zip1, ref_start_time: 2117233395357018, ref_stop_time: 2117233395484518, actual_exe_time: 127500, task_app_start_time:2117231035825139, task_sched_time:2117233395346518
app_id: 0, app_name: SAR_api-aarch64, task_id: 624, task_name: DASH_FFT, resource_name: cpu1, ref_start_time: 2117233399015969, ref_stop_time: 2117233399131199, actual_exe_time: 115230, task_app_start_time:2117231035825139, task_sched_time:2117233399010119
app_id: 0, app_name: SAR_api-aarch64, task_id: 625, task_name: DASH_FFT, resource_name: cpu2, ref_start_time: 2117233401677299, ref_stop_time: 2117233401776359, actual_exe_time: 99060, task_app_start_time:2117231035825139, task_sched_time:2117233399339999
app_id: 0, app_name: SAR_api-aarch64, task_id: 626, task_name: DASH_ZIP, resource_name: cpu3, ref_start_time: 2117233407317960, ref_stop_time: 2117233407402470, actual_exe_time: 84510, task_app_start_time:2117231035825139, task_sched_time:2117233407307310
app_id: 0, app_name: SAR_api-aarch64, task_id: 627, task_name: DASH_FFT, resource_name: fft1, ref_start_time: 2117233410969831, ref_stop_time: 2117233411092201, actual_exe_time: 122370, task_app_start_time:2117231035825139, task_sched_time:2117233410956181
app_id: 0, app_name: SAR_api-aarch64, task_id: 628, task_name: DASH_FFT, resource_name: fft2, ref_start_time: 2117233411776171, ref_stop_time: 2117233411851291, actual_exe_time: 75120, task_app_start_time:2117231035825139, task_sched_time:2117233411765731
app_id: 0, app_name: SAR_api-aarch64, task_id: 629, task_name: DASH_ZIP, resource_name: zip1, ref_start_time: 2117233415530132, ref_stop_time: 2117233415650702, actual_exe_time: 120570, task_app_start_time:2117231035825139, task_sched_time:2117233415522482
app_id: 0, app_name: SAR_api-aarch64, task_id: 630, task_name: DASH_FFT, resource_name: cpu1, ref_start_time: 2117233416853132, ref_stop_time: 2117233416963562, actual_exe_time: 110430, task_app_start_time:2117231035825139, task_sched_time:2117233416849172
app_id: 0, app_name: SAR_api-aarch64, task_id: 631, task_name: DASH_FFT, resource_name: cpu2, ref_start_time: 2117233419351532, ref_stop_time: 2117233419575212, actual_exe_time: 223680, task_app_start_time:2117231035825139, task_sched_time:2117233419254392
app_id: 0, app_name: SAR_api-aarch64, task_id: 632, task_name: DASH_ZIP, resource_name: cpu3, ref_start_time: 2117233422939593, ref_stop_time: 2117233423231373, actual_exe_time: 291780, task_app_start_time:2117231035825139, task_sched_time:2117233422932333
app_id: 0, app_name: SAR_api-aarch64, task_id: 633, task_name: DASH_FFT, resource_name: fft1, ref_start_time: 2117233427016804, ref_stop_time: 2117233427141124, actual_exe_time: 124320, task_app_start_time:2117231035825139, task_sched_time:2117233427002704
app_id: 0, app_name: SAR_api-aarch64, task_id: 634, task_name: DASH_FFT, resource_name: fft2, ref_start_time: 2117233431152184, ref_stop_time: 2117233431233064, actual_exe_time: 80880, task_app_start_time:2117231035825139, task_sched_time:2117233431123414
app_id: 0, app_name: SAR_api-aarch64, task_id: 635, task_name: DASH_ZIP, resource_name: zip1, ref_start_time: 2117233432888854, ref_stop_time: 2117233433012544, actual_exe_time: 123690, task_app_start_time:2117231035825139, task_sched_time:2117233432732104
app_id: 0, app_name: SAR_api-aarch64, task_id: 636, task_name: DASH_FFT, resource_name: cpu1, ref_start_time: 2117233439299916, ref_stop_time: 2117233439413766, actual_exe_time: 113850, task_app_start_time:2117231035825139, task_sched_time:2117233439118535
app_id: 0, app_name: SAR_api-aarch64, task_id: 637, task_name: DASH_FFT, resource_name: cpu2, ref_start_time: 2117233439713406, ref_stop_time: 2117233440214736, actual_exe_time: 501330, task_app_start_time:2117231035825139, task_sched_time:2117233439704526
app_id: 0, app_name: SAR_api-aarch64, task_id: 638, task_name: DASH_ZIP, resource_name: cpu3, ref_start_time: 2117233447030497, ref_stop_time: 2117233447110597, actual_exe_time: 80100, task_app_start_time:2117231035825139, task_sched_time:2117233447023957
app_id: 0, app_name: SAR_api-aarch64, task_id: 639, task_name: DASH_FFT, resource_name: fft1, ref_start_time: 2117233448243097, ref_stop_time: 2117233448370687, actual_exe_time: 127590, task_app_start_time:2117231035825139, task_sched_time:2117233447966977
app_id: 0, app_name: SAR_api-aarch64, task_id: 640, task_name: DASH_FFT, resource_name: fft2, ref_start_time: 2117233455262168, ref_stop_time: 2117233455346198, actual_exe_time: 84030, task_app_start_time:2117231035825139, task_sched_time:2117233455253708
app_id: 0, app_name: SAR_api-aarch64, task_id: 641, task_name: DASH_ZIP, resource_name: zip1, ref_start_time: 2117233458916979, ref_stop_time: 2117233459040249, actual_exe_time: 123270, task_app_start_time:2117231035825139, task_sched_time:2117233458905759
app_id: 0, app_name: SAR_api-aarch64, task_id: 642, task_name: DASH_FFT, resource_name: cpu1, ref_start_time: 2117233462613879, ref_stop_time: 2117233462736429, actual_exe_time: 122550, task_app_start_time:2117231035825139, task_sched_time:2117233462609169
app_id: 0, app_name: SAR_api-aarch64, task_id: 643, task_name: DASH_FFT, resource_name: cpu2, ref_start_time: 2117233463683769, ref_stop_time: 2117233463775629, actual_exe_time: 91860, task_app_start_time:2117231035825139, task_sched_time:2117233463676629
app_id: 0, app_name: SAR_api-aarch64, task_id: 644, task_name: DASH_ZIP, resource_name: cpu3, ref_start_time: 2117233467077490, ref_stop_time: 2117233467158730, actual_exe_time: 81240, task_app_start_time:2117231035825139, task_sched_time:2117233467071100
app_id: 0, app_name: SAR_api-aarch64, task_id: 645, task_name: DASH_FFT, resource_name: fft1, ref_start_time: 2117233471144081, ref_stop_time: 2117233471266691, actual_exe_time: 122610, task_app_start_time:2117231035825139, task_sched_time:2117233470988381
app_id: 0, app_name: SAR_api-aarch64, task_id: 646, task_name: DASH_FFT, resource_name: fft2, ref_start_time: 2117233475558371, ref_stop_time: 2117233475630851, actual_exe_time: 72480, task_app_start_time:2117231035825139, task_sched_time:2117233475549851
app_id: 0, app_name: SAR_api-aarch64, task_id: 647, task_name: DASH_ZIP, resource_name: zip1, ref_start_time: 2117233477876532, ref_stop_time: 2117233478004122, actual_exe_time: 127590, task_app_start_time:2117231035825139, task_sched_time:2117233477728212
app_id: 0, app_name: SAR_api-aarch64, task_id: 648, task_name: DASH_FFT, resource_name: cpu1, ref_start_time: 2117233487030433, ref_stop_time: 2117233487159823, actual_exe_time: 129390, task_app_start_time:2117231035825139, task_sched_time:2117233487021703
app_id: 0, app_name: SAR_api-aarch64, task_id: 649, task_name: DASH_FFT, resource_name: cpu2, ref_start_time: 2117233487422563, ref_stop_time: 2117233487511453, actual_exe_time: 88890, task_app_start_time:2117231035825139, task_sched_time:2117233487419173
app_id: 0, app_name: SAR_api-aarch64, task_id: 650, task_name: DASH_ZIP, resource_name: cpu3, ref_start_time: 2117233490061934, ref_stop_time: 2117233490139934, actual_exe_time: 78000, task_app_start_time:2117231035825139, task_sched_time:2117233488709983
app_id: 0, app_name: SAR_api-aarch64, task_id: 651, task_name: DASH_FFT, resource_name: fft1, ref_start_time: 2117233490720404, ref_stop_time: 2117233490841334, actual_exe_time: 120930, task_app_start_time:2117231035825139, task_sched_time:2117233490713294
app_id: 0, app_name: SAR_api-aarch64, task_id: 652, task_name: DASH_FFT, resource_name: fft2, ref_start_time: 2117233491483994, ref_stop_time: 2117233491551764, actual_exe_time: 67770, task_app_start_time:2117231035825139, task_sched_time:2117233491478444
app_id: 0, app_name: SAR_api-aarch64, task_id: 653, task_name: DASH_ZIP, resource_name: zip1, ref_start_time: 2117233499002655, ref_stop_time: 2117233499131205, actual_exe_time: 128550, task_app_start_time:2117231035825139, task_sched_time:2117233498995185
app_id: 0, app_name: SAR_api-aarch64, task_id: 654, task_name: DASH_FFT, resource_name: cpu1, ref_start_time: 2117233503307806, ref_stop_time: 2117233503426396, actual_exe_time: 118590, task_app_start_time:2117231035825139, task_sched_time:2117233503303306
app_id: 0, app_name: SAR_api-aarch64, task_id: 655, task_name: DASH_FFT, resource_name: cpu2, ref_start_time: 2117233505920026, ref_stop_time: 2117233506012066, actual_exe_time: 92040, task_app_start_time:2117231035825139, task_sched_time:2117233505900376
app_id: 0, app_name: SAR_api-aarch64, task_id: 656, task_name: DASH_ZIP, resource_name: cpu3, ref_start_time: 2117233507117566, ref_stop_time: 2117233507193736, actual_exe_time: 76170, task_app_start_time:2117231035825139, task_sched_time:2117233507111806
app_id: 0, app_name: SAR_api-aarch64, task_id: 657, task_name: DASH_FFT, resource_name: fft1, ref_start_time: 2117233511266867, ref_stop_time: 2117233511393287, actual_exe_time: 126420, task_app_start_time:2117231035825139, task_sched_time:2117233511259607
app_id: 0, app_name: SAR_api-aarch64, task_id: 658, task_name: DASH_FFT, resource_name: fft2, ref_start_time: 2117233514975228, ref_stop_time: 2117233515054608, actual_exe_time: 79380, task_app_start_time:2117231035825139, task_sched_time:2117233514969438
app_id: 0, app_name: SAR_api-aarch64, task_id: 659, task_name: DASH_ZIP, resource_name: zip1, ref_start_time: 2117233521211989, ref_stop_time: 2117233521336849, actual_exe_time: 124860, task_app_start_time:2117231035825139, task_sched_time:2117233521201279
app_id: 0, app_name: SAR_api-aarch64, task_id: 660, task_name: DASH_FFT, resource_name: cpu1, ref_start_time: 2117233522426659, ref_stop_time: 2117233523226519, actual_exe_time: 799860, task_app_start_time:2117231035825139, task_sched_time:2117233522422369
app_id: 0, app_name: SAR_api-aarch64, task_id: 661, task_name: DASH_FFT, resource_name: cpu2, ref_start_time: 2117233527239290, ref_stop_time: 2117233527337330, actual_exe_time: 98040, task_app_start_time:2117231035825139, task_sched_time:2117233527230410
app_id: 0, app_name: SAR_api-aarch64, task_id: 662, task_name: DASH_ZIP, resource_name: cpu3, ref_start_time: 2117233527558010, ref_stop_time: 2117233527633010, actual_exe_time: 75000, task_app_start_time:2117231035825139, task_sched_time:2117233527548590
app_id: 0, app_name: SAR_api-aarch64, task_id: 663, task_name: DASH_FFT, resource_name: fft1, ref_start_time: 2117233534988261, ref_stop_time: 2117233535117411, actual_exe_time: 129150, task_app_start_time:2117231035825139, task_sched_time:2117233534980251
app_id: 0, app_name: SAR_api-aarch64, task_id: 664, task_name: DASH_FFT, resource_name: fft2, ref_start_time: 2117233536008801, ref_stop_time: 2117233536075581, actual_exe_time: 66780, task_app_start_time:2117231035825139, task_sched_time:2117233536000341
app_id: 0, app_name: SAR_api-aarch64, task_id: 665, task_name: DASH_ZIP, resource_name: zip1, ref_start_time: 2117233537647821, ref_stop_time: 2117233537772681, actual_exe_time: 124860, task_app_start_time:2117231035825139, task_sched_time:2117233537641011
app_id: 0, app_name: SAR_api-aarch64, task_id: 666, task_name: DASH_FFT, resource_name: cpu1, ref_start_time: 2117233539193452, ref_stop_time: 2117233539306462, actual_exe_time: 113010, task_app_start_time:2117231035825139, task_sched_time:2117233539187272
app_id: 0, app_name: SAR_api-aarch64, task_id: 667, task_name: DASH_FFT, resource_name: cpu2, ref_start_time: 2117233542989352, ref_stop_time: 2117233543096332, actual_exe_time: 106980, task_app_start_time:2117231035825139, task_sched_time:2117233542978912
app_id: 0, app_name: SAR_api-aarch64, task_id: 668, task_name: DASH_ZIP, resource_name: cpu3, ref_start_time: 2117233551179864, ref_stop_time: 2117233551262094, actual_exe_time: 82230, task_app_start_time:2117231035825139, task_sched_time:2117233551170294
app_id: 0, app_name: SAR_api-aarch64, task_id: 669, task_name: DASH_FFT, resource_name: fft1, ref_start_time: 2117233553297444, ref_stop_time: 2117233553426744, actual_exe_time: 129300, task_app_start_time:2117231035825139, task_sched_time:2117233553280764
app_id: 0, app_name: SAR_api-aarch64, task_id: 670, task_name: DASH_FFT, resource_name: fft2, ref_start_time: 2117233559009595, ref_stop_time: 2117233559090235, actual_exe_time: 80640, task_app_start_time:2117231035825139, task_sched_time:2117233559002815
app_id: 0, app_name: SAR_api-aarch64, task_id: 671, task_name: DASH_ZIP, resource_name: zip1, ref_start_time: 2117233563230295, ref_stop_time: 2117233563351465, actual_exe_time: 121170, task_app_start_time:2117231035825139, task_sched_time:2117233563225765
app_id: 0, app_name: SAR_api-aarch64, task_id: 672, task_name: DASH_FFT, resource_name: cpu1, ref_start_time: 2117233567283716, ref_stop_time: 2117233567402846, actual_exe_time: 119130, task_app_start_time:2117231035825139, task_sched_time:2117233567264336
app_id: 0, app_name: SAR_api-aarch64, task_id: 673, task_name: DASH_FFT, resource_name: cpu2, ref_start_time: 2117233567966426, ref_stop_time: 2117233568056276, actual_exe_time: 89850, task_app_start_time:2117231035825139, task_sched_time:2117233567960246
app_id: 0, app_name: SAR_api-aarch64, task_id: 674, task_name: DASH_ZIP, resource_name: cpu3, ref_start_time: 2117233575329597, ref_stop_time: 2117233575411527, actual_exe_time: 81930, task_app_start_time:2117231035825139, task_sched_time:2117233575320447
app_id: 0, app_name: SAR_api-aarch64, task_id: 675, task_name: DASH_FFT, resource_name: fft1, ref_start_time: 2117233581335388, ref_stop_time: 2117233581467208, actual_exe_time: 131820, task_app_start_time:2117231035825139, task_sched_time:2117233581326568
app_id: 0, app_name: SAR_api-aarch64, task_id: 676, task_name: DASH_FFT, resource_name: fft2, ref_start_time: 2117233587328939, ref_stop_time: 2117233587413509, actual_exe_time: 84570, task_app_start_time:2117231035825139, task_sched_time:2117233587322459
app_id: 0, app_name: SAR_api-aarch64, task_id: 677, task_name: DASH_ZIP, resource_name: zip1, ref_start_time: 2117233590955370, ref_stop_time: 2117233591077290, actual_exe_time: 121920, task_app_start_time:2117231035825139, task_sched_time:2117233590947660
app_id: 0, app_name: SAR_api-aarch64, task_id: 678, task_name: DASH_FFT, resource_name: cpu1, ref_start_time: 2117233594676421, ref_stop_time: 2117233594785591, actual_exe_time: 109170, task_app_start_time:2117231035825139, task_sched_time:2117233594626830
app_id: 0, app_name: SAR_api-aarch64, task_id: 679, task_name: DASH_FFT, resource_name: cpu2, ref_start_time: 2117233595711601, ref_stop_time: 2117233595807211, actual_exe_time: 95610, task_app_start_time:2117231035825139, task_sched_time:2117233595587341
app_id: 0, app_name: SAR_api-aarch64, task_id: 680, task_name: DASH_ZIP, resource_name: cpu3, ref_start_time: 2117233607050342, ref_stop_time: 2117233607129363, actual_exe_time: 79021, task_app_start_time:2117231035825139, task_sched_time:2117233607040442
app_id: 0, app_name: SAR_api-aarch64, task_id: 681, task_name: DASH_FFT, resource_name: fft1, ref_start_time: 2117233608935243, ref_stop_time: 2117233609059473, actual_exe_time: 124230, task_app_start_time:2117231035825139, task_sched_time:2117233608931463
app_id: 0, app_name: SAR_api-aarch64, task_id: 682, task_name: DASH_FFT, resource_name: fft2, ref_start_time: 2117233610411243, ref_stop_time: 2117233610489063, actual_exe_time: 77820, task_app_start_time:2117231035825139, task_sched_time:2117233610271923
app_id: 0, app_name: SAR_api-aarch64, task_id: 683, task_name: DASH_ZIP, resource_name: zip1, ref_start_time: 2117233615008684, ref_stop_time: 2117233615135044, actual_exe_time: 126360, task_app_start_time:2117231035825139, task_sched_time:2117233613688774
app_id: 0, app_name: SAR_api-aarch64, task_id: 684, task_name: DASH_FFT, resource_name: cpu1, ref_start_time: 2117233615951314, ref_stop_time: 2117233616061924, actual_exe_time: 110610, task_app_start_time:2117231035825139, task_sched_time:2117233615929864
app_id: 0, app_name: SAR_api-aarch64, task_id: 685, task_name: DASH_FFT, resource_name: cpu2, ref_start_time: 2117233616505804, ref_stop_time: 2117233616596344, actual_exe_time: 90540, task_app_start_time:2117231035825139, task_sched_time:2117233616499834
app_id: 0, app_name: SAR_api-aarch64, task_id: 686, task_name: DASH_ZIP, resource_name: cpu3, ref_start_time: 2117233618924914, ref_stop_time: 2117233619003634, actual_exe_time: 78720, task_app_start_time:2117231035825139, task_sched_time:2117233617350934
app_id: 0, app_name: SAR_api-aarch64, task_id: 687, task_name: DASH_FFT, resource_name: fft1, ref_start_time: 2117233619276184, ref_stop_time: 2117233619391864, actual_exe_time: 115680, task_app_start_time:2117231035825139, task_sched_time:2117233619238444
app_id: 0, app_name: SAR_api-aarch64, task_id: 688, task_name: DASH_FFT, resource_name: fft2, ref_start_time: 2117233620117715, ref_stop_time: 2117233620527965, actual_exe_time: 410250, task_app_start_time:2117231035825139, task_sched_time:2117233620113275
app_id: 0, app_name: SAR_api-aarch64, task_id: 689, task_name: DASH_ZIP, resource_name: zip1, ref_start_time: 2117233622909965, ref_stop_time: 2117233623032095, actual_exe_time: 122130, task_app_start_time:2117231035825139, task_sched_time:2117233621391425
app_id: 0, app_name: SAR_api-aarch64, task_id: 690, task_name: DASH_FFT, resource_name: cpu1, ref_start_time: 2117233623723175, ref_stop_time: 2117233623837325, actual_exe_time: 114150, task_app_start_time:2117231035825139, task_sched_time:2117233623690595
app_id: 0, app_name: SAR_api-aarch64, task_id: 691, task_name: DASH_FFT, resource_name: cpu2, ref_start_time: 2117233624631845, ref_stop_time: 2117233624725655, actual_exe_time: 93810, task_app_start_time:2117231035825139, task_sched_time:2117233624628575
app_id: 0, app_name: SAR_api-aarch64, task_id: 692, task_name: DASH_ZIP, resource_name: cpu3, ref_start_time: 2117233625335135, ref_stop_time: 2117233625416855, actual_exe_time: 81720, task_app_start_time:2117231035825139, task_sched_time:2117233625330215
app_id: 0, app_name: SAR_api-aarch64, task_id: 693, task_name: DASH_FFT, resource_name: fft1, ref_start_time: 2117233631087786, ref_stop_time: 2117233631213936, actual_exe_time: 126150, task_app_start_time:2117231035825139, task_sched_time:2117233631076866
app_id: 0, app_name: SAR_api-aarch64, task_id: 694, task_name: DASH_FFT, resource_name: fft2, ref_start_time: 2117233634925867, ref_stop_time: 2117233635223107, actual_exe_time: 297240, task_app_start_time:2117231035825139, task_sched_time:2117233634915817
app_id: 0, app_name: SAR_api-aarch64, task_id: 695, task_name: DASH_ZIP, resource_name: zip1, ref_start_time: 2117233639186108, ref_stop_time: 2117233639307038, actual_exe_time: 120930, task_app_start_time:2117231035825139, task_sched_time:2117233639055698
app_id: 0, app_name: SAR_api-aarch64, task_id: 696, task_name: DASH_FFT, resource_name: cpu1, ref_start_time: 2117233640737408, ref_stop_time: 2117233641316168, actual_exe_time: 578760, task_app_start_time:2117231035825139, task_sched_time:2117233640712088
app_id: 0, app_name: SAR_api-aarch64, task_id: 697, task_name: DASH_FFT, resource_name: cpu2, ref_start_time: 2117233647069689, ref_stop_time: 2117233647172589, actual_exe_time: 102900, task_app_start_time:2117231035825139, task_sched_time:2117233647064229
app_id: 0, app_name: SAR_api-aarch64, task_id: 698, task_name: DASH_ZIP, resource_name: cpu3, ref_start_time: 2117233651044180, ref_stop_time: 2117233651121310, actual_exe_time: 77130, task_app_start_time:2117231035825139, task_sched_time:2117233651034700
app_id: 0, app_name: SAR_api-aarch64, task_id: 699, task_name: DASH_FFT, resource_name: fft1, ref_start_time: 2117233651364280, ref_stop_time: 2117233651487730, actual_exe_time: 123450, task_app_start_time:2117231035825139, task_sched_time:2117233651340370
app_id: 0, app_name: SAR_api-aarch64, task_id: 700, task_name: DASH_FFT, resource_name: fft2, ref_start_time: 2117233654979610, ref_stop_time: 2117233655056080, actual_exe_time: 76470, task_app_start_time:2117231035825139, task_sched_time:2117233654975260
app_id: 0, app_name: SAR_api-aarch64, task_id: 701, task_name: DASH_ZIP, resource_name: zip1, ref_start_time: 2117233655794320, ref_stop_time: 2117233655914440, actual_exe_time: 120120, task_app_start_time:2117231035825139, task_sched_time:2117233655787600
app_id: 0, app_name: SAR_api-aarch64, task_id: 702, task_name: DASH_FFT, resource_name: cpu1, ref_start_time: 2117233659616231, ref_stop_time: 2117233659731611, actual_exe_time: 115380, task_app_start_time:2117231035825139, task_sched_time:2117233659554611
app_id: 0, app_name: SAR_api-aarch64, task_id: 703, task_name: DASH_FFT, resource_name: cpu2, ref_start_time: 2117233660389361, ref_stop_time: 2117233660482661, actual_exe_time: 93300, task_app_start_time:2117231035825139, task_sched_time:2117233660382191
app_id: 0, app_name: SAR_api-aarch64, task_id: 704, task_name: DASH_ZIP, resource_name: cpu3, ref_start_time: 2117233661096041, ref_stop_time: 2117233661170951, actual_exe_time: 74910, task_app_start_time:2117231035825139, task_sched_time:2117233661090431
app_id: 0, app_name: SAR_api-aarch64, task_id: 705, task_name: DASH_FFT, resource_name: fft1, ref_start_time: 2117233667536292, ref_stop_time: 2117233667657522, actual_exe_time: 121230, task_app_start_time:2117231035825139, task_sched_time:2117233667457332
app_id: 0, app_name: SAR_api-aarch64, task_id: 706, task_name: DASH_FFT, resource_name: fft2, ref_start_time: 2117233668654692, ref_stop_time: 2117233668724142, actual_exe_time: 69450, task_app_start_time:2117231035825139, task_sched_time:2117233668649172
app_id: 0, app_name: SAR_api-aarch64, task_id: 707, task_name: DASH_ZIP, resource_name: zip1, ref_start_time: 2117233669400133, ref_stop_time: 2117233669518573, actual_exe_time: 118440, task_app_start_time:2117231035825139, task_sched_time:2117233669392783
app_id: 0, app_name: SAR_api-aarch64, task_id: 708, task_name: DASH_FFT, resource_name: cpu1, ref_start_time: 2117233673315073, ref_stop_time: 2117233673433333, actual_exe_time: 118260, task_app_start_time:2117231035825139, task_sched_time:2117233673283093
app_id: 0, app_name: SAR_api-aarch64, task_id: 709, task_name: DASH_FFT, resource_name: cpu2, ref_start_time: 2117233679159944, ref_stop_time: 2117233679269954, actual_exe_time: 110010, task_app_start_time:2117231035825139, task_sched_time:2117233679153164
app_id: 0, app_name: SAR_api-aarch64, task_id: 710, task_name: DASH_ZIP, resource_name: cpu3, ref_start_time: 2117233682956625, ref_stop_time: 2117233683032465, actual_exe_time: 75840, task_app_start_time:2117231035825139, task_sched_time:2117233682951405
app_id: 0, app_name: SAR_api-aarch64, task_id: 711, task_name: DASH_FFT, resource_name: fft1, ref_start_time: 2117233687100225, ref_stop_time: 2117233687225565, actual_exe_time: 125340, task_app_start_time:2117231035825139, task_sched_time:2117233687083545
app_id: 0, app_name: SAR_api-aarch64, task_id: 712, task_name: DASH_FFT, resource_name: fft2, ref_start_time: 2117233687597685, ref_stop_time: 2117233687667945, actual_exe_time: 70260, task_app_start_time:2117231035825139, task_sched_time:2117233687594055
app_id: 0, app_name: SAR_api-aarch64, task_id: 713, task_name: DASH_ZIP, resource_name: zip1, ref_start_time: 2117233689221886, ref_stop_time: 2117233689578766, actual_exe_time: 356880, task_app_start_time:2117231035825139, task_sched_time:2117233689217656
app_id: 0, app_name: SAR_api-aarch64, task_id: 714, task_name: DASH_FFT, resource_name: cpu1, ref_start_time: 2117233693799046, ref_stop_time: 2117233693914576, actual_exe_time: 115530, task_app_start_time:2117231035825139, task_sched_time:2117233693700556
app_id: 0, app_name: SAR_api-aarch64, task_id: 715, task_name: DASH_FFT, resource_name: cpu2, ref_start_time: 2117233694641987, ref_stop_time: 2117233694751787, actual_exe_time: 109800, task_app_start_time:2117231035825139, task_sched_time:2117233694636077
app_id: 0, app_name: SAR_api-aarch64, task_id: 716, task_name: DASH_ZIP, resource_name: cpu3, ref_start_time: 2117233698905047, ref_stop_time: 2117233698985597, actual_exe_time: 80550, task_app_start_time:2117231035825139, task_sched_time:2117233695605287
app_id: 0, app_name: SAR_api-aarch64, task_id: 717, task_name: DASH_FFT, resource_name: fft1, ref_start_time: 2117233702550168, ref_stop_time: 2117233702676018, actual_exe_time: 125850, task_app_start_time:2117231035825139, task_sched_time:2117233702532318
app_id: 0, app_name: SAR_api-aarch64, task_id: 718, task_name: DASH_FFT, resource_name: fft2, ref_start_time: 2117233703268218, ref_stop_time: 2117233703342888, actual_exe_time: 74670, task_app_start_time:2117231035825139, task_sched_time:2117233703264558
app_id: 0, app_name: SAR_api-aarch64, task_id: 719, task_name: DASH_ZIP, resource_name: zip1, ref_start_time: 2117233704290318, ref_stop_time: 2117233704412508, actual_exe_time: 122190, task_app_start_time:2117231035825139, task_sched_time:2117233704282968
app_id: 0, app_name: SAR_api-aarch64, task_id: 720, task_name: DASH_FFT, resource_name: cpu1, ref_start_time: 2117233708166439, ref_stop_time: 2117233708278459, actual_exe_time: 112020, task_app_start_time:2117231035825139, task_sched_time:2117233708156269
app_id: 0, app_name: SAR_api-aarch64, task_id: 721, task_name: DASH_FFT, resource_name: cpu2, ref_start_time: 2117233710963729, ref_stop_time: 2117233711067889, actual_exe_time: 104160, task_app_start_time:2117231035825139, task_sched_time:2117233708972479
app_id: 0, app_name: SAR_api-aarch64, task_id: 722, task_name: DASH_ZIP, resource_name: cpu3, ref_start_time: 2117233711812879, ref_stop_time: 2117233711888299, actual_exe_time: 75420, task_app_start_time:2117231035825139, task_sched_time:2117233711808079
app_id: 0, app_name: SAR_api-aarch64, task_id: 723, task_name: DASH_FFT, resource_name: fft1, ref_start_time: 2117233712484189, ref_stop_time: 2117233712603889, actual_exe_time: 119700, task_app_start_time:2117231035825139, task_sched_time:2117233712415219
app_id: 0, app_name: SAR_api-aarch64, task_id: 724, task_name: DASH_FFT, resource_name: fft2, ref_start_time: 2117233714913980, ref_stop_time: 2117233714993300, actual_exe_time: 79320, task_app_start_time:2117231035825139, task_sched_time:2117233713144640
app_id: 0, app_name: SAR_api-aarch64, task_id: 725, task_name: DASH_ZIP, resource_name: zip1, ref_start_time: 2117233715906560, ref_stop_time: 2117233716028360, actual_exe_time: 121800, task_app_start_time:2117231035825139, task_sched_time:2117233715897890
app_id: 0, app_name: SAR_api-aarch64, task_id: 726, task_name: DASH_FFT, resource_name: cpu1, ref_start_time: 2117233716672760, ref_stop_time: 2117233716784390, actual_exe_time: 111630, task_app_start_time:2117231035825139, task_sched_time:2117233716621880
app_id: 0, app_name: SAR_api-aarch64, task_id: 727, task_name: DASH_FFT, resource_name: cpu2, ref_start_time: 2117233717684210, ref_stop_time: 2117233717780210, actual_exe_time: 96000, task_app_start_time:2117231035825139, task_sched_time:2117233717524550
app_id: 0, app_name: SAR_api-aarch64, task_id: 728, task_name: DASH_ZIP, resource_name: cpu3, ref_start_time: 2117233718927021, ref_stop_time: 2117233719003431, actual_exe_time: 76410, task_app_start_time:2117231035825139, task_sched_time:2117233718841250
app_id: 0, app_name: SAR_api-aarch64, task_id: 729, task_name: DASH_FFT, resource_name: fft1, ref_start_time: 2117233723604591, ref_stop_time: 2117233723723361, actual_exe_time: 118770, task_app_start_time:2117231035825139, task_sched_time:2117233723589471
app_id: 0, app_name: SAR_api-aarch64, task_id: 730, task_name: DASH_FFT, resource_name: fft2, ref_start_time: 2117233727154042, ref_stop_time: 2117233727232312, actual_exe_time: 78270, task_app_start_time:2117231035825139, task_sched_time:2117233727147082
app_id: 0, app_name: SAR_api-aarch64, task_id: 731, task_name: DASH_ZIP, resource_name: zip1, ref_start_time: 2117233727890662, ref_stop_time: 2117233728010422, actual_exe_time: 119760, task_app_start_time:2117231035825139, task_sched_time:2117233727886342
app_id: 0, app_name: SAR_api-aarch64, task_id: 732, task_name: DASH_FFT, resource_name: cpu1, ref_start_time: 2117233731127512, ref_stop_time: 2117233731245562, actual_exe_time: 118050, task_app_start_time:2117231035825139, task_sched_time:2117233731112962
app_id: 0, app_name: SAR_api-aarch64, task_id: 733, task_name: DASH_FFT, resource_name: cpu2, ref_start_time: 2117233731866353, ref_stop_time: 2117233731956803, actual_exe_time: 90450, task_app_start_time:2117231035825139, task_sched_time:2117233731861463
app_id: 0, app_name: SAR_api-aarch64, task_id: 734, task_name: DASH_ZIP, resource_name: cpu3, ref_start_time: 2117233734246253, ref_stop_time: 2117233734321373, actual_exe_time: 75120, task_app_start_time:2117231035825139, task_sched_time:2117233734240763
app_id: 0, app_name: SAR_api-aarch64, task_id: 735, task_name: DASH_FFT, resource_name: fft1, ref_start_time: 2117233735517413, ref_stop_time: 2117233735642753, actual_exe_time: 125340, task_app_start_time:2117231035825139, task_sched_time:2117233735505143
app_id: 0, app_name: SAR_api-aarch64, task_id: 736, task_name: DASH_FFT, resource_name: fft2, ref_start_time: 2117233739250914, ref_stop_time: 2117233739332304, actual_exe_time: 81390, task_app_start_time:2117231035825139, task_sched_time:2117233739245874
app_id: 0, app_name: SAR_api-aarch64, task_id: 737, task_name: DASH_ZIP, resource_name: zip1, ref_start_time: 2117233743265844, ref_stop_time: 2117233743393404, actual_exe_time: 127560, task_app_start_time:2117231035825139, task_sched_time:2117233743260924
app_id: 0, app_name: SAR_api-aarch64, task_id: 738, task_name: DASH_FFT, resource_name: cpu1, ref_start_time: 2117233743903075, ref_stop_time: 2117233744008645, actual_exe_time: 105570, task_app_start_time:2117231035825139, task_sched_time:2117233743885825
app_id: 0, app_name: SAR_api-aarch64, task_id: 739, task_name: DASH_FFT, resource_name: cpu2, ref_start_time: 2117233747066905, ref_stop_time: 2117233747161405, actual_exe_time: 94500, task_app_start_time:2117231035825139, task_sched_time:2117233747057485
app_id: 0, app_name: SAR_api-aarch64, task_id: 740, task_name: DASH_ZIP, resource_name: cpu3, ref_start_time: 2117233751262886, ref_stop_time: 2117233751339026, actual_exe_time: 76140, task_app_start_time:2117231035825139, task_sched_time:2117233751254366
app_id: 0, app_name: SAR_api-aarch64, task_id: 741, task_name: DASH_FFT, resource_name: fft1, ref_start_time: 2117233752595546, ref_stop_time: 2117233752714586, actual_exe_time: 119040, task_app_start_time:2117231035825139, task_sched_time:2117233752590566
app_id: 0, app_name: SAR_api-aarch64, task_id: 742, task_name: DASH_FFT, resource_name: fft2, ref_start_time: 2117233753180786, ref_stop_time: 2117233753254766, actual_exe_time: 73980, task_app_start_time:2117231035825139, task_sched_time:2117233753175716
app_id: 0, app_name: SAR_api-aarch64, task_id: 743, task_name: DASH_ZIP, resource_name: zip1, ref_start_time: 2117233759974857, ref_stop_time: 2117233760101457, actual_exe_time: 126600, task_app_start_time:2117231035825139, task_sched_time:2117233759968407
app_id: 0, app_name: SAR_api-aarch64, task_id: 744, task_name: DASH_FFT, resource_name: cpu1, ref_start_time: 2117233760832617, ref_stop_time: 2117233760948237, actual_exe_time: 115620, task_app_start_time:2117231035825139, task_sched_time:2117233760787347
app_id: 0, app_name: SAR_api-aarch64, task_id: 745, task_name: DASH_FFT, resource_name: cpu2, ref_start_time: 2117233766980998, ref_stop_time: 2117233767080178, actual_exe_time: 99180, task_app_start_time:2117231035825139, task_sched_time:2117233766973378
app_id: 0, app_name: SAR_api-aarch64, task_id: 746, task_name: DASH_ZIP, resource_name: cpu3, ref_start_time: 2117233767311298, ref_stop_time: 2117233767385128, actual_exe_time: 73830, task_app_start_time:2117231035825139, task_sched_time:2117233767308568
app_id: 0, app_name: SAR_api-aarch64, task_id: 747, task_name: DASH_FFT, resource_name: fft1, ref_start_time: 2117233768407288, ref_stop_time: 2117233768527468, actual_exe_time: 120180, task_app_start_time:2117231035825139, task_sched_time:2117233768371588
app_id: 0, app_name: SAR_api-aarch64, task_id: 748, task_name: DASH_FFT, resource_name: fft2, ref_start_time: 2117233771178419, ref_stop_time: 2117233771254469, actual_exe_time: 76050, task_app_start_time:2117231035825139, task_sched_time:2117233771167649
app_id: 0, app_name: SAR_api-aarch64, task_id: 749, task_name: DASH_ZIP, resource_name: zip1, ref_start_time: 2117233779070880, ref_stop_time: 2117233779199790, actual_exe_time: 128910, task_app_start_time:2117231035825139, task_sched_time:2117233779061880
app_id: 0, app_name: SAR_api-aarch64, task_id: 750, task_name: DASH_FFT, resource_name: cpu1, ref_start_time: 2117233782957711, ref_stop_time: 2117233783068141, actual_exe_time: 110430, task_app_start_time:2117231035825139, task_sched_time:2117233782945381
app_id: 0, app_name: SAR_api-aarch64, task_id: 751, task_name: DASH_FFT, resource_name: cpu2, ref_start_time: 2117233784428281, ref_stop_time: 2117233784523351, actual_exe_time: 95070, task_app_start_time:2117231035825139, task_sched_time:2117233784420091
app_id: 0, app_name: SAR_api-aarch64, task_id: 752, task_name: DASH_ZIP, resource_name: cpu3, ref_start_time: 2117233786921581, ref_stop_time: 2117233787003961, actual_exe_time: 82380, task_app_start_time:2117231035825139, task_sched_time:2117233785372531
app_id: 0, app_name: SAR_api-aarch64, task_id: 753, task_name: DASH_FFT, resource_name: fft1, ref_start_time: 2117233787518402, ref_stop_time: 2117233787641432, actual_exe_time: 123030, task_app_start_time:2117231035825139, task_sched_time:2117233787507782
app_id: 0, app_name: SAR_api-aarch64, task_id: 754, task_name: DASH_FFT, resource_name: fft2, ref_start_time: 2117233788624232, ref_stop_time: 2117233788704452, actual_exe_time: 80220, task_app_start_time:2117231035825139, task_sched_time:2117233788617542
app_id: 0, app_name: SAR_api-aarch64, task_id: 755, task_name: DASH_ZIP, resource_name: zip1, ref_start_time: 2117233795686233, ref_stop_time: 2117233795809563, actual_exe_time: 123330, task_app_start_time:2117231035825139, task_sched_time:2117233795681973
app_id: 0, app_name: SAR_api-aarch64, task_id: 756, task_name: DASH_FFT, resource_name: cpu1, ref_start_time: 2117233798766543, ref_stop_time: 2117233798895243, actual_exe_time: 128700, task_app_start_time:2117231035825139, task_sched_time:2117233798762043
app_id: 0, app_name: SAR_api-aarch64, task_id: 757, task_name: DASH_FFT, resource_name: cpu2, ref_start_time: 2117233799782494, ref_stop_time: 2117233799891784, actual_exe_time: 109290, task_app_start_time:2117231035825139, task_sched_time:2117233799663303
app_id: 0, app_name: SAR_api-aarch64, task_id: 758, task_name: DASH_ZIP, resource_name: cpu3, ref_start_time: 2117233802968344, ref_stop_time: 2117233803052614, actual_exe_time: 84270, task_app_start_time:2117231035825139, task_sched_time:2117233800537774
app_id: 0, app_name: SAR_api-aarch64, task_id: 759, task_name: DASH_FFT, resource_name: fft1, ref_start_time: 2117233803807714, ref_stop_time: 2117233803930084, actual_exe_time: 122370, task_app_start_time:2117231035825139, task_sched_time:2117233803800304
app_id: 0, app_name: SAR_api-aarch64, task_id: 760, task_name: DASH_FFT, resource_name: fft2, ref_start_time: 2117233807307935, ref_stop_time: 2117233807385215, actual_exe_time: 77280, task_app_start_time:2117231035825139, task_sched_time:2117233807302805
app_id: 0, app_name: SAR_api-aarch64, task_id: 761, task_name: DASH_ZIP, resource_name: zip1, ref_start_time: 2117233811089525, ref_stop_time: 2117233811215975, actual_exe_time: 126450, task_app_start_time:2117231035825139, task_sched_time:2117233811083195
app_id: 0, app_name: SAR_api-aarch64, task_id: 762, task_name: DASH_FFT, resource_name: cpu1, ref_start_time: 2117233813935776, ref_stop_time: 2117233814041466, actual_exe_time: 105690, task_app_start_time:2117231035825139, task_sched_time:2117233813857236
app_id: 0, app_name: SAR_api-aarch64, task_id: 763, task_name: DASH_FFT, resource_name: cpu2, ref_start_time: 2117233815348626, ref_stop_time: 2117233815446306, actual_exe_time: 97680, task_app_start_time:2117231035825139, task_sched_time:2117233815233756
app_id: 0, app_name: SAR_api-aarch64, task_id: 764, task_name: DASH_ZIP, resource_name: cpu3, ref_start_time: 2117233818493287, ref_stop_time: 2117233818574557, actual_exe_time: 81270, task_app_start_time:2117231035825139, task_sched_time:2117233816218446
app_id: 0, app_name: SAR_api-aarch64, task_id: 765, task_name: DASH_FFT, resource_name: fft1, ref_start_time: 2117233823369877, ref_stop_time: 2117233823493387, actual_exe_time: 123510, task_app_start_time:2117231035825139, task_sched_time:2117233823358957
app_id: 0, app_name: SAR_api-aarch64, task_id: 766, task_name: DASH_FFT, resource_name: fft2, ref_start_time: 2117233827705838, ref_stop_time: 2117233827781498, actual_exe_time: 75660, task_app_start_time:2117231035825139, task_sched_time:2117233827681988
app_id: 0, app_name: SAR_api-aarch64, task_id: 767, task_name: DASH_ZIP, resource_name: zip1, ref_start_time: 2117233829280508, ref_stop_time: 2117233829407588, actual_exe_time: 127080, task_app_start_time:2117231035825139, task_sched_time:2117233829270158
app_id: 0, app_name: SAR_api-aarch64, task_id: 768, task_name: DASH_FFT, resource_name: cpu1, ref_start_time: 2117233835338019, ref_stop_time: 2117233835452319, actual_exe_time: 114300, task_app_start_time:2117231035825139, task_sched_time:2117233835308769
app_id: 0, app_name: SAR_api-aarch64, task_id: 769, task_name: DASH_FFT, resource_name: cpu2, ref_start_time: 2117233887250028, ref_stop_time: 2117233887311168, actual_exe_time: 61140, task_app_start_time:2117231035825139, task_sched_time:2117233887240758
app_id: 0, app_name: SAR_api-aarch64, task_id: 770, task_name: DASH_FFT, resource_name: cpu3, ref_start_time: 2117233891797848, ref_stop_time: 2117233891868108, actual_exe_time: 70260, task_app_start_time:2117231035825139, task_sched_time:2117233891793318
app_id: 0, app_name: SAR_api-aarch64, task_id: 771, task_name: DASH_FFT, resource_name: fft1, ref_start_time: 2117233892551508, ref_stop_time: 2117233892598998, actual_exe_time: 47490, task_app_start_time:2117231035825139, task_sched_time:2117233892544788
app_id: 0, app_name: SAR_api-aarch64, task_id: 772, task_name: DASH_FFT, resource_name: fft2, ref_start_time: 2117233894909869, ref_stop_time: 2117233894971219, actual_exe_time: 61350, task_app_start_time:2117231035825139, task_sched_time:2117233893063789
app_id: 0, app_name: SAR_api-aarch64, task_id: 773, task_name: DASH_FFT, resource_name: cpu1, ref_start_time: 2117233895599629, ref_stop_time: 2117233895647029, actual_exe_time: 47400, task_app_start_time:2117231035825139, task_sched_time:2117233895595969
app_id: 0, app_name: SAR_api-aarch64, task_id: 774, task_name: DASH_FFT, resource_name: cpu2, ref_start_time: 2117233899118990, ref_stop_time: 2117233899186280, actual_exe_time: 67290, task_app_start_time:2117231035825139, task_sched_time:2117233899114280
app_id: 0, app_name: SAR_api-aarch64, task_id: 775, task_name: DASH_FFT, resource_name: cpu3, ref_start_time: 2117233903089580, ref_stop_time: 2117233903139440, actual_exe_time: 49860, task_app_start_time:2117231035825139, task_sched_time:2117233903080400
app_id: 0, app_name: SAR_api-aarch64, task_id: 776, task_name: DASH_FFT, resource_name: fft1, ref_start_time: 2117233905848051, ref_stop_time: 2117233905912941, actual_exe_time: 64890, task_app_start_time:2117231035825139, task_sched_time:2117233905837071
app_id: 0, app_name: SAR_api-aarch64, task_id: 777, task_name: DASH_FFT, resource_name: fft2, ref_start_time: 2117233906576031, ref_stop_time: 2117233906615271, actual_exe_time: 39240, task_app_start_time:2117231035825139, task_sched_time:2117233906569461
app_id: 0, app_name: SAR_api-aarch64, task_id: 778, task_name: DASH_FFT, resource_name: cpu1, ref_start_time: 2117233911865002, ref_stop_time: 2117233911927192, actual_exe_time: 62190, task_app_start_time:2117231035825139, task_sched_time:2117233911798942
app_id: 0, app_name: SAR_api-aarch64, task_id: 779, task_name: DASH_FFT, resource_name: cpu2, ref_start_time: 2117233915131672, ref_stop_time: 2117233915179492, actual_exe_time: 47820, task_app_start_time:2117231035825139, task_sched_time:2117233915123932
app_id: 0, app_name: SAR_api-aarch64, task_id: 780, task_name: DASH_FFT, resource_name: cpu3, ref_start_time: 2117233919101693, ref_stop_time: 2117233919164843, actual_exe_time: 63150, task_app_start_time:2117231035825139, task_sched_time:2117233919092573
app_id: 0, app_name: SAR_api-aarch64, task_id: 781, task_name: DASH_FFT, resource_name: fft1, ref_start_time: 2117233919599483, ref_stop_time: 2117233919641393, actual_exe_time: 41910, task_app_start_time:2117231035825139, task_sched_time:2117233919566303
app_id: 0, app_name: SAR_api-aarch64, task_id: 782, task_name: DASH_FFT, resource_name: fft2, ref_start_time: 2117233922070403, ref_stop_time: 2117233922124343, actual_exe_time: 53940, task_app_start_time:2117231035825139, task_sched_time:2117233922061493
app_id: 0, app_name: SAR_api-aarch64, task_id: 783, task_name: DASH_FFT, resource_name: cpu1, ref_start_time: 2117233926928334, ref_stop_time: 2117233926985604, actual_exe_time: 57270, task_app_start_time:2117231035825139, task_sched_time:2117233926922364
app_id: 0, app_name: SAR_api-aarch64, task_id: 784, task_name: DASH_FFT, resource_name: cpu2, ref_start_time: 2117233930973925, ref_stop_time: 2117233931040465, actual_exe_time: 66540, task_app_start_time:2117231035825139, task_sched_time:2117233930968285
app_id: 0, app_name: SAR_api-aarch64, task_id: 785, task_name: DASH_FFT, resource_name: cpu3, ref_start_time: 2117233931685765, ref_stop_time: 2117233931732415, actual_exe_time: 46650, task_app_start_time:2117231035825139, task_sched_time:2117233931679225
app_id: 0, app_name: SAR_api-aarch64, task_id: 786, task_name: DASH_FFT, resource_name: fft1, ref_start_time: 2117233935368955, ref_stop_time: 2117233935424275, actual_exe_time: 55320, task_app_start_time:2117231035825139, task_sched_time:2117233935360675
app_id: 0, app_name: SAR_api-aarch64, task_id: 787, task_name: DASH_FFT, resource_name: fft2, ref_start_time: 2117233936793836, ref_stop_time: 2117233936834246, actual_exe_time: 40410, task_app_start_time:2117231035825139, task_sched_time:2117233936788646
app_id: 0, app_name: SAR_api-aarch64, task_id: 788, task_name: DASH_FFT, resource_name: cpu1, ref_start_time: 2117233937958706, ref_stop_time: 2117233938015076, actual_exe_time: 56370, task_app_start_time:2117231035825139, task_sched_time:2117233937947576
app_id: 0, app_name: SAR_api-aarch64, task_id: 789, task_name: DASH_FFT, resource_name: cpu2, ref_start_time: 2117233941904786, ref_stop_time: 2117233941953386, actual_exe_time: 48600, task_app_start_time:2117231035825139, task_sched_time:2117233941898876
app_id: 0, app_name: SAR_api-aarch64, task_id: 790, task_name: DASH_FFT, resource_name: cpu3, ref_start_time: 2117233947623837, ref_stop_time: 2117233947691097, actual_exe_time: 67260, task_app_start_time:2117231035825139, task_sched_time:2117233947618077
app_id: 0, app_name: SAR_api-aarch64, task_id: 791, task_name: DASH_FFT, resource_name: fft1, ref_start_time: 2117233950964398, ref_stop_time: 2117233951007898, actual_exe_time: 43500, task_app_start_time:2117231035825139, task_sched_time:2117233950945618
app_id: 0, app_name: SAR_api-aarch64, task_id: 792, task_name: DASH_FFT, resource_name: fft2, ref_start_time: 2117233952284368, ref_stop_time: 2117233952340438, actual_exe_time: 56070, task_app_start_time:2117231035825139, task_sched_time:2117233952277588
app_id: 0, app_name: SAR_api-aarch64, task_id: 793, task_name: DASH_FFT, resource_name: cpu1, ref_start_time: 2117233957166809, ref_stop_time: 2117233957215739, actual_exe_time: 48930, task_app_start_time:2117231035825139, task_sched_time:2117233957156039
app_id: 0, app_name: SAR_api-aarch64, task_id: 794, task_name: DASH_FFT, resource_name: cpu2, ref_start_time: 2117233957961899, ref_stop_time: 2117233958026849, actual_exe_time: 64950, task_app_start_time:2117231035825139, task_sched_time:2117233957905499
app_id: 0, app_name: SAR_api-aarch64, task_id: 795, task_name: DASH_FFT, resource_name: cpu3, ref_start_time: 2117233962917420, ref_stop_time: 2117233962969560, actual_exe_time: 52140, task_app_start_time:2117231035825139, task_sched_time:2117233958304949
app_id: 0, app_name: SAR_api-aarch64, task_id: 796, task_name: DASH_FFT, resource_name: fft1, ref_start_time: 2117233963859810, ref_stop_time: 2117233963912490, actual_exe_time: 52680, task_app_start_time:2117231035825139, task_sched_time:2117233963849850
app_id: 0, app_name: SAR_api-aarch64, task_id: 797, task_name: DASH_FFT, resource_name: fft2, ref_start_time: 2117233964450510, ref_stop_time: 2117233964491520, actual_exe_time: 41010, task_app_start_time:2117231035825139, task_sched_time:2117233964440640
app_id: 0, app_name: SAR_api-aarch64, task_id: 798, task_name: DASH_FFT, resource_name: cpu1, ref_start_time: 2117233965127460, ref_stop_time: 2117233965178970, actual_exe_time: 51510, task_app_start_time:2117231035825139, task_sched_time:2117233965123710
app_id: 0, app_name: SAR_api-aarch64, task_id: 799, task_name: DASH_FFT, resource_name: cpu2, ref_start_time: 2117233965738710, ref_stop_time: 2117233965783830, actual_exe_time: 45120, task_app_start_time:2117231035825139, task_sched_time:2117233965735200
app_id: 0, app_name: SAR_api-aarch64, task_id: 800, task_name: DASH_FFT, resource_name: cpu3, ref_start_time: 2117233967069840, ref_stop_time: 2117233967129060, actual_exe_time: 59220, task_app_start_time:2117231035825139, task_sched_time:2117233966324100
app_id: 0, app_name: SAR_api-aarch64, task_id: 801, task_name: DASH_FFT, resource_name: fft1, ref_start_time: 2117233967309990, ref_stop_time: 2117233967348690, actual_exe_time: 38700, task_app_start_time:2117231035825139, task_sched_time:2117233967298140
app_id: 0, app_name: SAR_api-aarch64, task_id: 802, task_name: DASH_FFT, resource_name: fft2, ref_start_time: 2117233968070101, ref_stop_time: 2117233968123411, actual_exe_time: 53310, task_app_start_time:2117231035825139, task_sched_time:2117233968059931
app_id: 0, app_name: SAR_api-aarch64, task_id: 803, task_name: DASH_FFT, resource_name: cpu1, ref_start_time: 2117233971362301, ref_stop_time: 2117233971413991, actual_exe_time: 51690, task_app_start_time:2117231035825139, task_sched_time:2117233971353901
app_id: 0, app_name: SAR_api-aarch64, task_id: 804, task_name: DASH_FFT, resource_name: cpu2, ref_start_time: 2117233973793502, ref_stop_time: 2117233973859592, actual_exe_time: 66090, task_app_start_time:2117231035825139, task_sched_time:2117233973736382
app_id: 0, app_name: SAR_api-aarch64, task_id: 805, task_name: DASH_FFT, resource_name: cpu3, ref_start_time: 2117233974446932, ref_stop_time: 2117233974491182, actual_exe_time: 44250, task_app_start_time:2117231035825139, task_sched_time:2117233974442282
app_id: 0, app_name: SAR_api-aarch64, task_id: 806, task_name: DASH_FFT, resource_name: fft1, ref_start_time: 2117233974860782, ref_stop_time: 2117233975008652, actual_exe_time: 147870, task_app_start_time:2117231035825139, task_sched_time:2117233974848362
app_id: 0, app_name: SAR_api-aarch64, task_id: 807, task_name: DASH_FFT, resource_name: fft2, ref_start_time: 2117233975650112, ref_stop_time: 2117233975691422, actual_exe_time: 41310, task_app_start_time:2117231035825139, task_sched_time:2117233975641382
app_id: 0, app_name: SAR_api-aarch64, task_id: 808, task_name: DASH_FFT, resource_name: cpu1, ref_start_time: 2117233978932502, ref_stop_time: 2117233979000422, actual_exe_time: 67920, task_app_start_time:2117231035825139, task_sched_time:2117233976417302
app_id: 0, app_name: SAR_api-aarch64, task_id: 809, task_name: DASH_FFT, resource_name: cpu2, ref_start_time: 2117233979690692, ref_stop_time: 2117233979736262, actual_exe_time: 45570, task_app_start_time:2117231035825139, task_sched_time:2117233979687092
app_id: 0, app_name: SAR_api-aarch64, task_id: 810, task_name: DASH_FFT, resource_name: cpu3, ref_start_time: 2117233980400643, ref_stop_time: 2117233980456263, actual_exe_time: 55620, task_app_start_time:2117231035825139, task_sched_time:2117233980394703
app_id: 0, app_name: SAR_api-aarch64, task_id: 811, task_name: DASH_FFT, resource_name: fft1, ref_start_time: 2117233982926613, ref_stop_time: 2117233982969393, actual_exe_time: 42780, task_app_start_time:2117231035825139, task_sched_time:2117233981012193
app_id: 0, app_name: SAR_api-aarch64, task_id: 812, task_name: DASH_FFT, resource_name: fft2, ref_start_time: 2117233983478343, ref_stop_time: 2117233983530663, actual_exe_time: 52320, task_app_start_time:2117231035825139, task_sched_time:2117233983473573
app_id: 0, app_name: SAR_api-aarch64, task_id: 813, task_name: DASH_FFT, resource_name: cpu1, ref_start_time: 2117233986935694, ref_stop_time: 2117233986986004, actual_exe_time: 50310, task_app_start_time:2117231035825139, task_sched_time:2117233984240793
app_id: 0, app_name: SAR_api-aarch64, task_id: 814, task_name: DASH_FFT, resource_name: cpu2, ref_start_time: 2117233987570674, ref_stop_time: 2117233987627344, actual_exe_time: 56670, task_app_start_time:2117231035825139, task_sched_time:2117233987567434
app_id: 0, app_name: SAR_api-aarch64, task_id: 815, task_name: DASH_FFT, resource_name: cpu3, ref_start_time: 2117233988160504, ref_stop_time: 2117233988202024, actual_exe_time: 41520, task_app_start_time:2117231035825139, task_sched_time:2117233988154954
app_id: 0, app_name: SAR_api-aarch64, task_id: 816, task_name: DASH_FFT, resource_name: fft1, ref_start_time: 2117233989110094, ref_stop_time: 2117233989164214, actual_exe_time: 54120, task_app_start_time:2117231035825139, task_sched_time:2117233989106824
app_id: 0, app_name: SAR_api-aarch64, task_id: 817, task_name: DASH_FFT, resource_name: fft2, ref_start_time: 2117233993094095, ref_stop_time: 2117233993145215, actual_exe_time: 51120, task_app_start_time:2117231035825139, task_sched_time:2117233992997795
app_id: 0, app_name: SAR_api-aarch64, task_id: 818, task_name: DASH_FFT, resource_name: cpu1, ref_start_time: 2117233993911805, ref_stop_time: 2117233993972405, actual_exe_time: 60600, task_app_start_time:2117231035825139, task_sched_time:2117233993906975
app_id: 0, app_name: SAR_api-aarch64, task_id: 819, task_name: DASH_FFT, resource_name: cpu2, ref_start_time: 2117233994838565, ref_stop_time: 2117233994904985, actual_exe_time: 66420, task_app_start_time:2117231035825139, task_sched_time:2117233994835235
app_id: 0, app_name: SAR_api-aarch64, task_id: 820, task_name: DASH_FFT, resource_name: cpu3, ref_start_time: 2117233998908426, ref_stop_time: 2117233998977666, actual_exe_time: 69240, task_app_start_time:2117231035825139, task_sched_time:2117233995441745
app_id: 0, app_name: SAR_api-aarch64, task_id: 821, task_name: DASH_FFT, resource_name: fft1, ref_start_time: 2117233999554866, ref_stop_time: 2117233999595606, actual_exe_time: 40740, task_app_start_time:2117231035825139, task_sched_time:2117233999552076
app_id: 0, app_name: SAR_api-aarch64, task_id: 822, task_name: DASH_FFT, resource_name: fft2, ref_start_time: 2117234000179136, ref_stop_time: 2117234000235866, actual_exe_time: 56730, task_app_start_time:2117231035825139, task_sched_time:2117234000174696
app_id: 0, app_name: SAR_api-aarch64, task_id: 823, task_name: DASH_FFT, resource_name: cpu1, ref_start_time: 2117234000974196, ref_stop_time: 2117234001015986, actual_exe_time: 41790, task_app_start_time:2117231035825139, task_sched_time:2117234000965766
app_id: 0, app_name: SAR_api-aarch64, task_id: 824, task_name: DASH_FFT, resource_name: cpu2, ref_start_time: 2117234001702626, ref_stop_time: 2117234001758816, actual_exe_time: 56190, task_app_start_time:2117231035825139, task_sched_time:2117234001694106
app_id: 0, app_name: SAR_api-aarch64, task_id: 825, task_name: DASH_FFT, resource_name: cpu3, ref_start_time: 2117234002745726, ref_stop_time: 2117234002790906, actual_exe_time: 45180, task_app_start_time:2117231035825139, task_sched_time:2117234002217726
app_id: 0, app_name: SAR_api-aarch64, task_id: 826, task_name: DASH_FFT, resource_name: fft1, ref_start_time: 2117234007001257, ref_stop_time: 2117234007063537, actual_exe_time: 62280, task_app_start_time:2117231035825139, task_sched_time:2117234006995137
app_id: 0, app_name: SAR_api-aarch64, task_id: 827, task_name: DASH_FFT, resource_name: fft2, ref_start_time: 2117234007778917, ref_stop_time: 2117234007820647, actual_exe_time: 41730, task_app_start_time:2117231035825139, task_sched_time:2117234007768957
app_id: 0, app_name: SAR_api-aarch64, task_id: 828, task_name: DASH_FFT, resource_name: cpu1, ref_start_time: 2117234011528108, ref_stop_time: 2117234011589788, actual_exe_time: 61680, task_app_start_time:2117231035825139, task_sched_time:2117234011514248
app_id: 0, app_name: SAR_api-aarch64, task_id: 829, task_name: DASH_FFT, resource_name: cpu2, ref_start_time: 2117234015179408, ref_stop_time: 2117234015230048, actual_exe_time: 50640, task_app_start_time:2117231035825139, task_sched_time:2117234015174938
app_id: 0, app_name: SAR_api-aarch64, task_id: 830, task_name: DASH_FFT, resource_name: cpu3, ref_start_time: 2117234016036448, ref_stop_time: 2117234016096778, actual_exe_time: 60330, task_app_start_time:2117231035825139, task_sched_time:2117234016026668
app_id: 0, app_name: SAR_api-aarch64, task_id: 831, task_name: DASH_FFT, resource_name: fft1, ref_start_time: 2117234019000299, ref_stop_time: 2117234019041999, actual_exe_time: 41700, task_app_start_time:2117231035825139, task_sched_time:2117234018996909
app_id: 0, app_name: SAR_api-aarch64, task_id: 832, task_name: DASH_FFT, resource_name: fft2, ref_start_time: 2117234019966539, ref_stop_time: 2117234020020029, actual_exe_time: 53490, task_app_start_time:2117231035825139, task_sched_time:2117234019963329
app_id: 0, app_name: SAR_api-aarch64, task_id: 833, task_name: DASH_FFT, resource_name: cpu1, ref_start_time: 2117234026942950, ref_stop_time: 2117234027002320, actual_exe_time: 59370, task_app_start_time:2117231035825139, task_sched_time:2117234024356680
app_id: 0, app_name: SAR_api-aarch64, task_id: 834, task_name: DASH_FFT, resource_name: cpu2, ref_start_time: 2117234027770410, ref_stop_time: 2117234027829600, actual_exe_time: 59190, task_app_start_time:2117231035825139, task_sched_time:2117234027762340
app_id: 0, app_name: SAR_api-aarch64, task_id: 835, task_name: DASH_FFT, resource_name: cpu3, ref_start_time: 2117234028376230, ref_stop_time: 2117234028419700, actual_exe_time: 43470, task_app_start_time:2117231035825139, task_sched_time:2117234028372210
app_id: 0, app_name: SAR_api-aarch64, task_id: 836, task_name: DASH_FFT, resource_name: fft1, ref_start_time: 2117234028604020, ref_stop_time: 2117234028658410, actual_exe_time: 54390, task_app_start_time:2117231035825139, task_sched_time:2117234028599340
app_id: 0, app_name: SAR_api-aarch64, task_id: 837, task_name: DASH_FFT, resource_name: fft2, ref_start_time: 2117234029409970, ref_stop_time: 2117234029452000, actual_exe_time: 42030, task_app_start_time:2117231035825139, task_sched_time:2117234029405440
app_id: 0, app_name: SAR_api-aarch64, task_id: 838, task_name: DASH_FFT, resource_name: cpu1, ref_start_time: 2117234030917561, ref_stop_time: 2117234030977291, actual_exe_time: 59730, task_app_start_time:2117231035825139, task_sched_time:2117234030309521
app_id: 0, app_name: SAR_api-aarch64, task_id: 839, task_name: DASH_FFT, resource_name: cpu2, ref_start_time: 2117234031516031, ref_stop_time: 2117234031560941, actual_exe_time: 44910, task_app_start_time:2117231035825139, task_sched_time:2117234031507391
app_id: 0, app_name: SAR_api-aarch64, task_id: 840, task_name: DASH_FFT, resource_name: cpu3, ref_start_time: 2117234032097671, ref_stop_time: 2117234032148281, actual_exe_time: 50610, task_app_start_time:2117231035825139, task_sched_time:2117234032093381
app_id: 0, app_name: SAR_api-aarch64, task_id: 841, task_name: DASH_FFT, resource_name: fft1, ref_start_time: 2117234034928801, ref_stop_time: 2117234034970771, actual_exe_time: 41970, task_app_start_time:2117231035825139, task_sched_time:2117234032353511
app_id: 0, app_name: SAR_api-aarch64, task_id: 842, task_name: DASH_FFT, resource_name: fft2, ref_start_time: 2117234035716901, ref_stop_time: 2117234035789831, actual_exe_time: 72930, task_app_start_time:2117231035825139, task_sched_time:2117234035714111
app_id: 0, app_name: SAR_api-aarch64, task_id: 843, task_name: DASH_FFT, resource_name: cpu1, ref_start_time: 2117234036611982, ref_stop_time: 2117234036655152, actual_exe_time: 43170, task_app_start_time:2117231035825139, task_sched_time:2117234036605922
app_id: 0, app_name: SAR_api-aarch64, task_id: 844, task_name: DASH_FFT, resource_name: cpu2, ref_start_time: 2117234037246932, ref_stop_time: 2117234037301802, actual_exe_time: 54870, task_app_start_time:2117231035825139, task_sched_time:2117234037244052
app_id: 0, app_name: SAR_api-aarch64, task_id: 845, task_name: DASH_FFT, resource_name: cpu3, ref_start_time: 2117234037872312, ref_stop_time: 2117234037913862, actual_exe_time: 41550, task_app_start_time:2117231035825139, task_sched_time:2117234037863342
app_id: 0, app_name: SAR_api-aarch64, task_id: 846, task_name: DASH_FFT, resource_name: fft1, ref_start_time: 2117234047204533, ref_stop_time: 2117234047265013, actual_exe_time: 60480, task_app_start_time:2117231035825139, task_sched_time:2117234047193193
app_id: 0, app_name: SAR_api-aarch64, task_id: 847, task_name: DASH_FFT, resource_name: fft2, ref_start_time: 2117234047874343, ref_stop_time: 2117234047916583, actual_exe_time: 42240, task_app_start_time:2117231035825139, task_sched_time:2117234047840293
app_id: 0, app_name: SAR_api-aarch64, task_id: 848, task_name: DASH_FFT, resource_name: cpu1, ref_start_time: 2117234048589034, ref_stop_time: 2117234048642674, actual_exe_time: 53640, task_app_start_time:2117231035825139, task_sched_time:2117234048577994
app_id: 0, app_name: SAR_api-aarch64, task_id: 849, task_name: DASH_FFT, resource_name: cpu2, ref_start_time: 2117234051264224, ref_stop_time: 2117234051312704, actual_exe_time: 48480, task_app_start_time:2117231035825139, task_sched_time:2117234051260564
app_id: 0, app_name: SAR_api-aarch64, task_id: 850, task_name: DASH_FFT, resource_name: cpu3, ref_start_time: 2117234051705554, ref_stop_time: 2117234051759134, actual_exe_time: 53580, task_app_start_time:2117231035825139, task_sched_time:2117234051700754
app_id: 0, app_name: SAR_api-aarch64, task_id: 851, task_name: DASH_FFT, resource_name: fft1, ref_start_time: 2117234054146744, ref_stop_time: 2117234054188324, actual_exe_time: 41580, task_app_start_time:2117231035825139, task_sched_time:2117234054138824
app_id: 0, app_name: SAR_api-aarch64, task_id: 852, task_name: DASH_FFT, resource_name: fft2, ref_start_time: 2117234054728955, ref_stop_time: 2117234054779805, actual_exe_time: 50850, task_app_start_time:2117231035825139, task_sched_time:2117234054725025
app_id: 0, app_name: SAR_api-aarch64, task_id: 853, task_name: DASH_FFT, resource_name: cpu1, ref_start_time: 2117234059282145, ref_stop_time: 2117234059336145, actual_exe_time: 54000, task_app_start_time:2117231035825139, task_sched_time:2117234059270715
app_id: 0, app_name: SAR_api-aarch64, task_id: 854, task_name: DASH_FFT, resource_name: cpu2, ref_start_time: 2117234059606715, ref_stop_time: 2117234059666625, actual_exe_time: 59910, task_app_start_time:2117231035825139, task_sched_time:2117234059549385
app_id: 0, app_name: SAR_api-aarch64, task_id: 855, task_name: DASH_FFT, resource_name: cpu3, ref_start_time: 2117234063375766, ref_stop_time: 2117234063424756, actual_exe_time: 48990, task_app_start_time:2117231035825139, task_sched_time:2117234063367276
app_id: 0, app_name: SAR_api-aarch64, task_id: 856, task_name: DASH_FFT, resource_name: fft1, ref_start_time: 2117234064094026, ref_stop_time: 2117234064148236, actual_exe_time: 54210, task_app_start_time:2117231035825139, task_sched_time:2117234064081366
app_id: 0, app_name: SAR_api-aarch64, task_id: 857, task_name: DASH_FFT, resource_name: fft2, ref_start_time: 2117234067135757, ref_stop_time: 2117234067179257, actual_exe_time: 43500, task_app_start_time:2117231035825139, task_sched_time:2117234067127417
app_id: 0, app_name: SAR_api-aarch64, task_id: 858, task_name: DASH_FFT, resource_name: cpu1, ref_start_time: 2117234068018807, ref_stop_time: 2117234068074967, actual_exe_time: 56160, task_app_start_time:2117231035825139, task_sched_time:2117234068009147
app_id: 0, app_name: SAR_api-aarch64, task_id: 859, task_name: DASH_FFT, resource_name: cpu2, ref_start_time: 2117234071294687, ref_stop_time: 2117234071344757, actual_exe_time: 50070, task_app_start_time:2117231035825139, task_sched_time:2117234071289317
app_id: 0, app_name: SAR_api-aarch64, task_id: 860, task_name: DASH_FFT, resource_name: cpu3, ref_start_time: 2117234071850887, ref_stop_time: 2117234071903657, actual_exe_time: 52770, task_app_start_time:2117231035825139, task_sched_time:2117234071843327
app_id: 0, app_name: SAR_api-aarch64, task_id: 861, task_name: DASH_FFT, resource_name: fft1, ref_start_time: 2117234072405347, ref_stop_time: 2117234072445937, actual_exe_time: 40590, task_app_start_time:2117231035825139, task_sched_time:2117234072392057
app_id: 0, app_name: SAR_api-aarch64, task_id: 862, task_name: DASH_FFT, resource_name: fft2, ref_start_time: 2117234074085468, ref_stop_time: 2117234074141028, actual_exe_time: 55560, task_app_start_time:2117231035825139, task_sched_time:2117234074081208
app_id: 0, app_name: SAR_api-aarch64, task_id: 863, task_name: DASH_FFT, resource_name: cpu1, ref_start_time: 2117234079407229, ref_stop_time: 2117234079461499, actual_exe_time: 54270, task_app_start_time:2117231035825139, task_sched_time:2117234079400149
app_id: 0, app_name: SAR_api-aarch64, task_id: 864, task_name: DASH_FFT, resource_name: cpu2, ref_start_time: 2117234080059189, ref_stop_time: 2117234080117029, actual_exe_time: 57840, task_app_start_time:2117231035825139, task_sched_time:2117234080054509
app_id: 0, app_name: SAR_api-aarch64, task_id: 865, task_name: DASH_FFT, resource_name: cpu3, ref_start_time: 2117234080649679, ref_stop_time: 2117234080690839, actual_exe_time: 41160, task_app_start_time:2117231035825139, task_sched_time:2117234080644249
app_id: 0, app_name: SAR_api-aarch64, task_id: 866, task_name: DASH_FFT, resource_name: fft1, ref_start_time: 2117234087819350, ref_stop_time: 2117234087876920, actual_exe_time: 57570, task_app_start_time:2117231035825139, task_sched_time:2117234087810770
app_id: 0, app_name: SAR_api-aarch64, task_id: 867, task_name: DASH_FFT, resource_name: fft2, ref_start_time: 2117234088630790, ref_stop_time: 2117234088672220, actual_exe_time: 41430, task_app_start_time:2117231035825139, task_sched_time:2117234088627880
app_id: 0, app_name: SAR_api-aarch64, task_id: 868, task_name: DASH_FFT, resource_name: cpu1, ref_start_time: 2117234089326670, ref_stop_time: 2117234089377400, actual_exe_time: 50730, task_app_start_time:2117231035825139, task_sched_time:2117234089313740
app_id: 0, app_name: SAR_api-aarch64, task_id: 869, task_name: DASH_FFT, resource_name: cpu2, ref_start_time: 2117234089893100, ref_stop_time: 2117234089938400, actual_exe_time: 45300, task_app_start_time:2117231035825139, task_sched_time:2117234089887280
app_id: 0, app_name: SAR_api-aarch64, task_id: 870, task_name: DASH_FFT, resource_name: cpu3, ref_start_time: 2117234090543140, ref_stop_time: 2117234090590690, actual_exe_time: 47550, task_app_start_time:2117231035825139, task_sched_time:2117234090538070
app_id: 0, app_name: SAR_api-aarch64, task_id: 871, task_name: DASH_FFT, resource_name: fft1, ref_start_time: 2117234092623491, ref_stop_time: 2117234092917611, actual_exe_time: 294120, task_app_start_time:2117231035825139, task_sched_time:2117234092618121
app_id: 0, app_name: SAR_api-aarch64, task_id: 872, task_name: DASH_FFT, resource_name: fft2, ref_start_time: 2117234093687471, ref_stop_time: 2117234093739371, actual_exe_time: 51900, task_app_start_time:2117231035825139, task_sched_time:2117234093682701
app_id: 0, app_name: SAR_api-aarch64, task_id: 873, task_name: DASH_FFT, resource_name: cpu1, ref_start_time: 2117234098970052, ref_stop_time: 2117234099024322, actual_exe_time: 54270, task_app_start_time:2117231035825139, task_sched_time:2117234098962102
app_id: 0, app_name: SAR_api-aarch64, task_id: 874, task_name: DASH_FFT, resource_name: cpu2, ref_start_time: 2117234099722992, ref_stop_time: 2117234099781492, actual_exe_time: 58500, task_app_start_time:2117231035825139, task_sched_time:2117234099717352
app_id: 0, app_name: SAR_api-aarch64, task_id: 875, task_name: DASH_FFT, resource_name: cpu3, ref_start_time: 2117234100342792, ref_stop_time: 2117234100384342, actual_exe_time: 41550, task_app_start_time:2117231035825139, task_sched_time:2117234100338652
app_id: 0, app_name: SAR_api-aarch64, task_id: 876, task_name: DASH_FFT, resource_name: fft1, ref_start_time: 2117234107377313, ref_stop_time: 2117234107435993, actual_exe_time: 58680, task_app_start_time:2117231035825139, task_sched_time:2117234107363723
app_id: 0, app_name: SAR_api-aarch64, task_id: 877, task_name: DASH_FFT, resource_name: fft2, ref_start_time: 2117234107998193, ref_stop_time: 2117234108039203, actual_exe_time: 41010, task_app_start_time:2117231035825139, task_sched_time:2117234107994803
app_id: 0, app_name: SAR_api-aarch64, task_id: 878, task_name: DASH_FFT, resource_name: cpu1, ref_start_time: 2117234108755303, ref_stop_time: 2117234108805403, actual_exe_time: 50100, task_app_start_time:2117231035825139, task_sched_time:2117234108748253
app_id: 0, app_name: SAR_api-aarch64, task_id: 879, task_name: DASH_FFT, resource_name: cpu2, ref_start_time: 2117234109308503, ref_stop_time: 2117234109353593, actual_exe_time: 45090, task_app_start_time:2117231035825139, task_sched_time:2117234109300373
app_id: 0, app_name: SAR_api-aarch64, task_id: 880, task_name: DASH_FFT, resource_name: cpu3, ref_start_time: 2117234109790033, ref_stop_time: 2117234109838153, actual_exe_time: 48120, task_app_start_time:2117231035825139, task_sched_time:2117234109782893
app_id: 0, app_name: SAR_api-aarch64, task_id: 881, task_name: DASH_FFT, resource_name: fft1, ref_start_time: 2117234111708564, ref_stop_time: 2117234111747174, actual_exe_time: 38610, task_app_start_time:2117231035825139, task_sched_time:2117234111701004
app_id: 0, app_name: SAR_api-aarch64, task_id: 882, task_name: DASH_FFT, resource_name: fft2, ref_start_time: 2117234112802934, ref_stop_time: 2117234112855254, actual_exe_time: 52320, task_app_start_time:2117231035825139, task_sched_time:2117234112794144
app_id: 0, app_name: SAR_api-aarch64, task_id: 883, task_name: DASH_FFT, resource_name: cpu1, ref_start_time: 2117234119161375, ref_stop_time: 2117234119214265, actual_exe_time: 52890, task_app_start_time:2117231035825139, task_sched_time:2117234119154805
app_id: 0, app_name: SAR_api-aarch64, task_id: 884, task_name: DASH_FFT, resource_name: cpu2, ref_start_time: 2117234119721325, ref_stop_time: 2117234119779165, actual_exe_time: 57840, task_app_start_time:2117231035825139, task_sched_time:2117234119712505
app_id: 0, app_name: SAR_api-aarch64, task_id: 885, task_name: DASH_FFT, resource_name: cpu3, ref_start_time: 2117234123068456, ref_stop_time: 2117234123111356, actual_exe_time: 42900, task_app_start_time:2117231035825139, task_sched_time:2117234123060266
app_id: 0, app_name: SAR_api-aarch64, task_id: 886, task_name: DASH_FFT, resource_name: fft1, ref_start_time: 2117234127232666, ref_stop_time: 2117234127290206, actual_exe_time: 57540, task_app_start_time:2117231035825139, task_sched_time:2117234127224356
app_id: 0, app_name: SAR_api-aarch64, task_id: 887, task_name: DASH_FFT, resource_name: fft2, ref_start_time: 2117234127873856, ref_stop_time: 2117234127915856, actual_exe_time: 42000, task_app_start_time:2117231035825139, task_sched_time:2117234127869956
app_id: 0, app_name: SAR_api-aarch64, task_id: 888, task_name: DASH_FFT, resource_name: cpu1, ref_start_time: 2117234128961416, ref_stop_time: 2117234129022766, actual_exe_time: 61350, task_app_start_time:2117231035825139, task_sched_time:2117234128930966
app_id: 0, app_name: SAR_api-aarch64, task_id: 889, task_name: DASH_FFT, resource_name: cpu2, ref_start_time: 2117234132460377, ref_stop_time: 2117234132512817, actual_exe_time: 52440, task_app_start_time:2117231035825139, task_sched_time:2117234132452037
app_id: 0, app_name: SAR_api-aarch64, task_id: 890, task_name: DASH_FFT, resource_name: cpu3, ref_start_time: 2117234135311728, ref_stop_time: 2117234135377578, actual_exe_time: 65850, task_app_start_time:2117231035825139, task_sched_time:2117234133357377
app_id: 0, app_name: SAR_api-aarch64, task_id: 891, task_name: DASH_FFT, resource_name: fft1, ref_start_time: 2117234135970738, ref_stop_time: 2117234136013398, actual_exe_time: 42660, task_app_start_time:2117231035825139, task_sched_time:2117234135956938
app_id: 0, app_name: SAR_api-aarch64, task_id: 892, task_name: DASH_FFT, resource_name: fft2, ref_start_time: 2117234136524928, ref_stop_time: 2117234136577998, actual_exe_time: 53070, task_app_start_time:2117231035825139, task_sched_time:2117234136520368
app_id: 0, app_name: SAR_api-aarch64, task_id: 893, task_name: DASH_FFT, resource_name: cpu1, ref_start_time: 2117234137233138, ref_stop_time: 2117234137277478, actual_exe_time: 44340, task_app_start_time:2117231035825139, task_sched_time:2117234137225278
app_id: 0, app_name: SAR_api-aarch64, task_id: 894, task_name: DASH_FFT, resource_name: cpu2, ref_start_time: 2117234137825968, ref_stop_time: 2117234137883928, actual_exe_time: 57960, task_app_start_time:2117231035825139, task_sched_time:2117234137818258
app_id: 0, app_name: SAR_api-aarch64, task_id: 895, task_name: DASH_FFT, resource_name: cpu3, ref_start_time: 2117234138913198, ref_stop_time: 2117234138958378, actual_exe_time: 45180, task_app_start_time:2117231035825139, task_sched_time:2117234138361408
app_id: 0, app_name: SAR_api-aarch64, task_id: 896, task_name: DASH_FFT, resource_name: fft1, ref_start_time: 2117234139644148, ref_stop_time: 2117234139693048, actual_exe_time: 48900, task_app_start_time:2117231035825139, task_sched_time:2117234139640698
app_id: 0, app_name: SAR_api-aarch64, task_id: 897, task_name: DASH_FFT, resource_name: fft2, ref_start_time: 2117234140203228, ref_stop_time: 2117234140245888, actual_exe_time: 42660, task_app_start_time:2117231035825139, task_sched_time:2117234140195638
app_id: 0, app_name: SAR_api-aarch64, task_id: 898, task_name: DASH_FFT, resource_name: cpu1, ref_start_time: 2117234140954848, ref_stop_time: 2117234141004438, actual_exe_time: 49590, task_app_start_time:2117231035825139, task_sched_time:2117234140941258
app_id: 0, app_name: SAR_api-aarch64, task_id: 899, task_name: DASH_FFT, resource_name: cpu2, ref_start_time: 2117234141553589, ref_stop_time: 2117234141599159, actual_exe_time: 45570, task_app_start_time:2117231035825139, task_sched_time:2117234141543929
app_id: 0, app_name: SAR_api-aarch64, task_id: 900, task_name: DASH_FFT, resource_name: cpu3, ref_start_time: 2117234142336319, ref_stop_time: 2117234142394249, actual_exe_time: 57930, task_app_start_time:2117231035825139, task_sched_time:2117234142126079
app_id: 0, app_name: SAR_api-aarch64, task_id: 901, task_name: DASH_FFT, resource_name: fft1, ref_start_time: 2117234143043689, ref_stop_time: 2117234143085269, actual_exe_time: 41580, task_app_start_time:2117231035825139, task_sched_time:2117234143035259
app_id: 0, app_name: SAR_api-aarch64, task_id: 902, task_name: DASH_FFT, resource_name: fft2, ref_start_time: 2117234143595239, ref_stop_time: 2117234143663969, actual_exe_time: 68730, task_app_start_time:2117231035825139, task_sched_time:2117234143591129
app_id: 0, app_name: SAR_api-aarch64, task_id: 903, task_name: DASH_FFT, resource_name: cpu1, ref_start_time: 2117234147325619, ref_stop_time: 2117234147379799, actual_exe_time: 54180, task_app_start_time:2117231035825139, task_sched_time:2117234147315329
app_id: 0, app_name: SAR_api-aarch64, task_id: 904, task_name: DASH_FFT, resource_name: cpu2, ref_start_time: 2117234147676530, ref_stop_time: 2117234147735000, actual_exe_time: 58470, task_app_start_time:2117231035825139, task_sched_time:2117234147672390
app_id: 0, app_name: SAR_api-aarch64, task_id: 905, task_name: DASH_FFT, resource_name: cpu3, ref_start_time: 2117234151177200, ref_stop_time: 2117234151227990, actual_exe_time: 50790, task_app_start_time:2117231035825139, task_sched_time:2117234151170780
app_id: 0, app_name: SAR_api-aarch64, task_id: 906, task_name: DASH_FFT, resource_name: fft1, ref_start_time: 2117234151869570, ref_stop_time: 2117234151923600, actual_exe_time: 54030, task_app_start_time:2117231035825139, task_sched_time:2117234151859430
app_id: 0, app_name: SAR_api-aarch64, task_id: 907, task_name: DASH_FFT, resource_name: fft2, ref_start_time: 2117234155071321, ref_stop_time: 2117234155115871, actual_exe_time: 44550, task_app_start_time:2117231035825139, task_sched_time:2117234155063161
app_id: 0, app_name: SAR_api-aarch64, task_id: 908, task_name: DASH_FFT, resource_name: cpu1, ref_start_time: 2117234155789911, ref_stop_time: 2117234155842021, actual_exe_time: 52110, task_app_start_time:2117231035825139, task_sched_time:2117234155784811
app_id: 0, app_name: SAR_api-aarch64, task_id: 909, task_name: DASH_FFT, resource_name: cpu2, ref_start_time: 2117234159036871, ref_stop_time: 2117234159086491, actual_exe_time: 49620, task_app_start_time:2117231035825139, task_sched_time:2117234159032941
app_id: 0, app_name: SAR_api-aarch64, task_id: 910, task_name: DASH_FFT, resource_name: cpu3, ref_start_time: 2117234159677161, ref_stop_time: 2117234159732931, actual_exe_time: 55770, task_app_start_time:2117231035825139, task_sched_time:2117234159669001
app_id: 0, app_name: SAR_api-aarch64, task_id: 911, task_name: DASH_FFT, resource_name: fft1, ref_start_time: 2117234160012051, ref_stop_time: 2117234160053181, actual_exe_time: 41130, task_app_start_time:2117231035825139, task_sched_time:2117234160007881
app_id: 0, app_name: SAR_api-aarch64, task_id: 912, task_name: DASH_FFT, resource_name: fft2, ref_start_time: 2117234161787392, ref_stop_time: 2117234161844452, actual_exe_time: 57060, task_app_start_time:2117231035825139, task_sched_time:2117234161773592
app_id: 0, app_name: SAR_api-aarch64, task_id: 913, task_name: DASH_FFT, resource_name: cpu1, ref_start_time: 2117234167445603, ref_stop_time: 2117234167500863, actual_exe_time: 55260, task_app_start_time:2117231035825139, task_sched_time:2117234167436723
app_id: 0, app_name: SAR_api-aarch64, task_id: 914, task_name: DASH_FFT, resource_name: cpu2, ref_start_time: 2117234168145833, ref_stop_time: 2117234168203313, actual_exe_time: 57480, task_app_start_time:2117231035825139, task_sched_time:2117234168136503
app_id: 0, app_name: SAR_api-aarch64, task_id: 915, task_name: DASH_FFT, resource_name: cpu3, ref_start_time: 2117234171519243, ref_stop_time: 2117234171564993, actual_exe_time: 45750, task_app_start_time:2117231035825139, task_sched_time:2117234171512013
app_id: 0, app_name: SAR_api-aarch64, task_id: 916, task_name: DASH_FFT, resource_name: fft1, ref_start_time: 2117234175020874, ref_stop_time: 2117234175082884, actual_exe_time: 62010, task_app_start_time:2117231035825139, task_sched_time:2117234174962194
app_id: 0, app_name: SAR_api-aarch64, task_id: 917, task_name: DASH_FFT, resource_name: fft2, ref_start_time: 2117234176826274, ref_stop_time: 2117234176871274, actual_exe_time: 45000, task_app_start_time:2117231035825139, task_sched_time:2117234176812924
app_id: 0, app_name: SAR_api-aarch64, task_id: 918, task_name: DASH_FFT, resource_name: cpu1, ref_start_time: 2117234177573544, ref_stop_time: 2117234177637234, actual_exe_time: 63690, task_app_start_time:2117231035825139, task_sched_time:2117234177570214
app_id: 0, app_name: SAR_api-aarch64, task_id: 919, task_name: DASH_FFT, resource_name: cpu2, ref_start_time: 2117234178323514, ref_stop_time: 2117234178370824, actual_exe_time: 47310, task_app_start_time:2117231035825139, task_sched_time:2117234178315774
app_id: 0, app_name: SAR_api-aarch64, task_id: 920, task_name: DASH_FFT, resource_name: cpu3, ref_start_time: 2117234181338275, ref_stop_time: 2117234181405355, actual_exe_time: 67080, task_app_start_time:2117231035825139, task_sched_time:2117234179224415
app_id: 0, app_name: SAR_api-aarch64, task_id: 921, task_name: DASH_FFT, resource_name: fft1, ref_start_time: 2117234182939015, ref_stop_time: 2117234182982845, actual_exe_time: 43830, task_app_start_time:2117231035825139, task_sched_time:2117234182217965
app_id: 0, app_name: SAR_api-aarch64, task_id: 922, task_name: DASH_FFT, resource_name: fft2, ref_start_time: 2117234183567215, ref_stop_time: 2117234183623465, actual_exe_time: 56250, task_app_start_time:2117231035825139, task_sched_time:2117234183561935
app_id: 0, app_name: SAR_api-aarch64, task_id: 923, task_name: DASH_FFT, resource_name: cpu1, ref_start_time: 2117234186928056, ref_stop_time: 2117234186979386, actual_exe_time: 51330, task_app_start_time:2117231035825139, task_sched_time:2117234184554845
app_id: 0, app_name: SAR_api-aarch64, task_id: 924, task_name: DASH_FFT, resource_name: cpu2, ref_start_time: 2117234187585836, ref_stop_time: 2117234187639776, actual_exe_time: 53940, task_app_start_time:2117231035825139, task_sched_time:2117234187576866
app_id: 0, app_name: SAR_api-aarch64, task_id: 925, task_name: DASH_FFT, resource_name: cpu3, ref_start_time: 2117234188179716, ref_stop_time: 2117234188221056, actual_exe_time: 41340, task_app_start_time:2117231035825139, task_sched_time:2117234188174766
app_id: 0, app_name: SAR_api-aarch64, task_id: 926, task_name: DASH_FFT, resource_name: fft1, ref_start_time: 2117234190935336, ref_stop_time: 2117234190990176, actual_exe_time: 54840, task_app_start_time:2117231035825139, task_sched_time:2117234188827956
app_id: 0, app_name: SAR_api-aarch64, task_id: 927, task_name: DASH_FFT, resource_name: fft2, ref_start_time: 2117234191580547, ref_stop_time: 2117234191624677, actual_exe_time: 44130, task_app_start_time:2117231035825139, task_sched_time:2117234191534737
app_id: 0, app_name: SAR_api-aarch64, task_id: 928, task_name: DASH_FFT, resource_name: cpu1, ref_start_time: 2117234192365107, ref_stop_time: 2117234192421327, actual_exe_time: 56220, task_app_start_time:2117231035825139, task_sched_time:2117234192355597
app_id: 0, app_name: SAR_api-aarch64, task_id: 929, task_name: DASH_FFT, resource_name: cpu2, ref_start_time: 2117234192987367, ref_stop_time: 2117234193035187, actual_exe_time: 47820, task_app_start_time:2117231035825139, task_sched_time:2117234192978577
app_id: 0, app_name: SAR_api-aarch64, task_id: 930, task_name: DASH_FFT, resource_name: cpu3, ref_start_time: 2117234193387477, ref_stop_time: 2117234193438327, actual_exe_time: 50850, task_app_start_time:2117231035825139, task_sched_time:2117234193375507
app_id: 0, app_name: SAR_api-aarch64, task_id: 931, task_name: DASH_FFT, resource_name: fft1, ref_start_time: 2117234194170147, ref_stop_time: 2117234194212537, actual_exe_time: 42390, task_app_start_time:2117231035825139, task_sched_time:2117234194166247
app_id: 0, app_name: SAR_api-aarch64, task_id: 932, task_name: DASH_FFT, resource_name: fft2, ref_start_time: 2117234194773897, ref_stop_time: 2117234194826937, actual_exe_time: 53040, task_app_start_time:2117231035825139, task_sched_time:2117234194763667
app_id: 0, app_name: SAR_api-aarch64, task_id: 933, task_name: DASH_FFT, resource_name: cpu1, ref_start_time: 2117234195609787, ref_stop_time: 2117234195659257, actual_exe_time: 49470, task_app_start_time:2117231035825139, task_sched_time:2117234195599437
app_id: 0, app_name: SAR_api-aarch64, task_id: 934, task_name: DASH_FFT, resource_name: cpu2, ref_start_time: 2117234196318297, ref_stop_time: 2117234196375567, actual_exe_time: 57270, task_app_start_time:2117231035825139, task_sched_time:2117234196308157
app_id: 0, app_name: SAR_api-aarch64, task_id: 935, task_name: DASH_FFT, resource_name: cpu3, ref_start_time: 2117234197186437, ref_stop_time: 2117234197232817, actual_exe_time: 46380, task_app_start_time:2117231035825139, task_sched_time:2117234196885327
app_id: 0, app_name: SAR_api-aarch64, task_id: 936, task_name: DASH_FFT, resource_name: fft1, ref_start_time: 2117234203242688, ref_stop_time: 2117234203305358, actual_exe_time: 62670, task_app_start_time:2117231035825139, task_sched_time:2117234202998488
app_id: 0, app_name: SAR_api-aarch64, task_id: 937, task_name: DASH_FFT, resource_name: fft2, ref_start_time: 2117234203922159, ref_stop_time: 2117234203966679, actual_exe_time: 44520, task_app_start_time:2117231035825139, task_sched_time:2117234203875899
app_id: 0, app_name: SAR_api-aarch64, task_id: 938, task_name: DASH_FFT, resource_name: cpu1, ref_start_time: 2117234207549309, ref_stop_time: 2117234207606009, actual_exe_time: 56700, task_app_start_time:2117231035825139, task_sched_time:2117234207544659
app_id: 0, app_name: SAR_api-aarch64, task_id: 939, task_name: DASH_FFT, resource_name: cpu2, ref_start_time: 2117234208534929, ref_stop_time: 2117234208582809, actual_exe_time: 47880, task_app_start_time:2117231035825139, task_sched_time:2117234208530669
app_id: 0, app_name: SAR_api-aarch64, task_id: 940, task_name: DASH_FFT, resource_name: cpu3, ref_start_time: 2117234209299179, ref_stop_time: 2117234209356749, actual_exe_time: 57570, task_app_start_time:2117231035825139, task_sched_time:2117234209294709
app_id: 0, app_name: SAR_api-aarch64, task_id: 941, task_name: DASH_FFT, resource_name: fft1, ref_start_time: 2117234209900620, ref_stop_time: 2117234209940970, actual_exe_time: 40350, task_app_start_time:2117231035825139, task_sched_time:2117234209893660
app_id: 0, app_name: SAR_api-aarch64, task_id: 942, task_name: DASH_FFT, resource_name: fft2, ref_start_time: 2117234210487390, ref_stop_time: 2117234210545830, actual_exe_time: 58440, task_app_start_time:2117231035825139, task_sched_time:2117234210434590
app_id: 0, app_name: SAR_api-aarch64, task_id: 943, task_name: DASH_FFT, resource_name: cpu1, ref_start_time: 2117234211322260, ref_stop_time: 2117234211370650, actual_exe_time: 48390, task_app_start_time:2117231035825139, task_sched_time:2117234211310320
app_id: 0, app_name: SAR_api-aarch64, task_id: 944, task_name: DASH_FFT, resource_name: cpu2, ref_start_time: 2117234211873930, ref_stop_time: 2117234211932040, actual_exe_time: 58110, task_app_start_time:2117231035825139, task_sched_time:2117234211868650
app_id: 0, app_name: SAR_api-aarch64, task_id: 945, task_name: DASH_FFT, resource_name: cpu3, ref_start_time: 2117234213185290, ref_stop_time: 2117234213232750, actual_exe_time: 47460, task_app_start_time:2117231035825139, task_sched_time:2117234212675080
app_id: 0, app_name: SAR_api-aarch64, task_id: 946, task_name: DASH_FFT, resource_name: fft1, ref_start_time: 2117234219272711, ref_stop_time: 2117234219337301, actual_exe_time: 64590, task_app_start_time:2117231035825139, task_sched_time:2117234219264161
app_id: 0, app_name: SAR_api-aarch64, task_id: 947, task_name: DASH_FFT, resource_name: fft2, ref_start_time: 2117234222720762, ref_stop_time: 2117234222767232, actual_exe_time: 46470, task_app_start_time:2117231035825139, task_sched_time:2117234222714792
app_id: 0, app_name: SAR_api-aarch64, task_id: 948, task_name: DASH_FFT, resource_name: cpu1, ref_start_time: 2117234227425752, ref_stop_time: 2117234227493312, actual_exe_time: 67560, task_app_start_time:2117231035825139, task_sched_time:2117234227411712
app_id: 0, app_name: SAR_api-aarch64, task_id: 949, task_name: DASH_FFT, resource_name: cpu2, ref_start_time: 2117234231236623, ref_stop_time: 2117234231290683, actual_exe_time: 54060, task_app_start_time:2117231035825139, task_sched_time:2117234231177553
app_id: 0, app_name: SAR_api-aarch64, task_id: 950, task_name: DASH_FFT, resource_name: cpu3, ref_start_time: 2117234234927524, ref_stop_time: 2117234234993164, actual_exe_time: 65640, task_app_start_time:2117231035825139, task_sched_time:2117234234922034
app_id: 0, app_name: SAR_api-aarch64, task_id: 951, task_name: DASH_FFT, resource_name: fft1, ref_start_time: 2117234235529564, ref_stop_time: 2117234235571234, actual_exe_time: 41670, task_app_start_time:2117231035825139, task_sched_time:2117234235513814
app_id: 0, app_name: SAR_api-aarch64, task_id: 952, task_name: DASH_FFT, resource_name: fft2, ref_start_time: 2117234237799934, ref_stop_time: 2117234237856064, actual_exe_time: 56130, task_app_start_time:2117231035825139, task_sched_time:2117234237791834
app_id: 0, app_name: SAR_api-aarch64, task_id: 953, task_name: DASH_FFT, resource_name: cpu1, ref_start_time: 2117234238613534, ref_stop_time: 2117234238664744, actual_exe_time: 51210, task_app_start_time:2117231035825139, task_sched_time:2117234238408034
app_id: 0, app_name: SAR_api-aarch64, task_id: 954, task_name: DASH_FFT, resource_name: cpu2, ref_start_time: 2117234243390795, ref_stop_time: 2117234243457125, actual_exe_time: 66330, task_app_start_time:2117231035825139, task_sched_time:2117234243381495
app_id: 0, app_name: SAR_api-aarch64, task_id: 955, task_name: DASH_FFT, resource_name: cpu3, ref_start_time: 2117234250982086, ref_stop_time: 2117234251035756, actual_exe_time: 53670, task_app_start_time:2117231035825139, task_sched_time:2117234250977466
app_id: 0, app_name: SAR_api-aarch64, task_id: 956, task_name: DASH_FFT, resource_name: fft1, ref_start_time: 2117234252347176, ref_stop_time: 2117234252410536, actual_exe_time: 63360, task_app_start_time:2117231035825139, task_sched_time:2117234252146656
app_id: 0, app_name: SAR_api-aarch64, task_id: 957, task_name: DASH_FFT, resource_name: fft2, ref_start_time: 2117234259115417, ref_stop_time: 2117234259164197, actual_exe_time: 48780, task_app_start_time:2117231035825139, task_sched_time:2117234258999617
app_id: 0, app_name: SAR_api-aarch64, task_id: 958, task_name: DASH_FFT, resource_name: cpu1, ref_start_time: 2117234263024988, ref_stop_time: 2117234263088648, actual_exe_time: 63660, task_app_start_time:2117231035825139, task_sched_time:2117234263013408
app_id: 0, app_name: SAR_api-aarch64, task_id: 959, task_name: DASH_FFT, resource_name: cpu2, ref_start_time: 2117234266770129, ref_stop_time: 2117234266822269, actual_exe_time: 52140, task_app_start_time:2117231035825139, task_sched_time:2117234266695099
app_id: 0, app_name: SAR_api-aarch64, task_id: 960, task_name: DASH_FFT, resource_name: cpu3, ref_start_time: 2117234271762639, ref_stop_time: 2117234271829269, actual_exe_time: 66630, task_app_start_time:2117231035825139, task_sched_time:2117234271756279
app_id: 0, app_name: SAR_api-aarch64, task_id: 961, task_name: DASH_FFT, resource_name: fft1, ref_start_time: 2117234278956341, ref_stop_time: 2117234279002721, actual_exe_time: 46380, task_app_start_time:2117231035825139, task_sched_time:2117234278948361
app_id: 0, app_name: SAR_api-aarch64, task_id: 962, task_name: DASH_FFT, resource_name: fft2, ref_start_time: 2117234281820381, ref_stop_time: 2117234281878281, actual_exe_time: 57900, task_app_start_time:2117231035825139, task_sched_time:2117234281814561
app_id: 0, app_name: SAR_api-aarch64, task_id: 963, task_name: DASH_FFT, resource_name: cpu1, ref_start_time: 2117234287048392, ref_stop_time: 2117234287103862, actual_exe_time: 55470, task_app_start_time:2117231035825139, task_sched_time:2117234286931932
app_id: 0, app_name: SAR_api-aarch64, task_id: 964, task_name: DASH_FFT, resource_name: cpu2, ref_start_time: 2117234291160763, ref_stop_time: 2117234291224483, actual_exe_time: 63720, task_app_start_time:2117231035825139, task_sched_time:2117234291153293
app_id: 0, app_name: SAR_api-aarch64, task_id: 965, task_name: DASH_FFT, resource_name: cpu3, ref_start_time: 2117234291597083, ref_stop_time: 2117234291638633, actual_exe_time: 41550, task_app_start_time:2117231035825139, task_sched_time:2117234291587363
app_id: 0, app_name: SAR_api-aarch64, task_id: 966, task_name: DASH_FFT, resource_name: fft1, ref_start_time: 2117234295401233, ref_stop_time: 2117234295459793, actual_exe_time: 58560, task_app_start_time:2117231035825139, task_sched_time:2117234295391693
app_id: 0, app_name: SAR_api-aarch64, task_id: 967, task_name: DASH_FFT, resource_name: fft2, ref_start_time: 2117234296603243, ref_stop_time: 2117234296648633, actual_exe_time: 45390, task_app_start_time:2117231035825139, task_sched_time:2117234296594993
app_id: 0, app_name: SAR_api-aarch64, task_id: 968, task_name: DASH_FFT, resource_name: cpu1, ref_start_time: 2117234297348234, ref_stop_time: 2117234297409824, actual_exe_time: 61590, task_app_start_time:2117231035825139, task_sched_time:2117234297342594
app_id: 0, app_name: SAR_api-aarch64, task_id: 969, task_name: DASH_FFT, resource_name: cpu2, ref_start_time: 2117234303832645, ref_stop_time: 2117234303883015, actual_exe_time: 50370, task_app_start_time:2117231035825139, task_sched_time:2117234303828925
app_id: 0, app_name: SAR_api-aarch64, task_id: 970, task_name: DASH_FFT, resource_name: cpu3, ref_start_time: 2117234304233655, ref_stop_time: 2117234304284745, actual_exe_time: 51090, task_app_start_time:2117231035825139, task_sched_time:2117234304229035
app_id: 0, app_name: SAR_api-aarch64, task_id: 971, task_name: DASH_FFT, resource_name: fft1, ref_start_time: 2117234310982426, ref_stop_time: 2117234311030186, actual_exe_time: 47760, task_app_start_time:2117231035825139, task_sched_time:2117234310974686
app_id: 0, app_name: SAR_api-aarch64, task_id: 972, task_name: DASH_FFT, resource_name: fft2, ref_start_time: 2117234312136496, ref_stop_time: 2117234312203276, actual_exe_time: 66780, task_app_start_time:2117231035825139, task_sched_time:2117234312107606
app_id: 0, app_name: SAR_api-aarch64, task_id: 973, task_name: DASH_FFT, resource_name: cpu1, ref_start_time: 2117234319162257, ref_stop_time: 2117234319218117, actual_exe_time: 55860, task_app_start_time:2117231035825139, task_sched_time:2117234319150587
app_id: 0, app_name: SAR_api-aarch64, task_id: 974, task_name: DASH_FFT, resource_name: cpu2, ref_start_time: 2117234325341658, ref_stop_time: 2117234325903678, actual_exe_time: 562020, task_app_start_time:2117231035825139, task_sched_time:2117234325336168
app_id: 0, app_name: SAR_api-aarch64, task_id: 975, task_name: DASH_FFT, resource_name: cpu3, ref_start_time: 2117234331085999, ref_stop_time: 2117234331138529, actual_exe_time: 52530, task_app_start_time:2117231035825139, task_sched_time:2117234331080179
app_id: 0, app_name: SAR_api-aarch64, task_id: 976, task_name: DASH_FFT, resource_name: fft1, ref_start_time: 2117234334950630, ref_stop_time: 2117234335009700, actual_exe_time: 59070, task_app_start_time:2117231035825139, task_sched_time:2117234334942590
app_id: 0, app_name: SAR_api-aarch64, task_id: 977, task_name: DASH_FFT, resource_name: fft2, ref_start_time: 2117234338952540, ref_stop_time: 2117234338997810, actual_exe_time: 45270, task_app_start_time:2117231035825139, task_sched_time:2117234338944170
app_id: 0, app_name: SAR_api-aarch64, task_id: 978, task_name: DASH_FFT, resource_name: cpu1, ref_start_time: 2117234346935752, ref_stop_time: 2117234347010332, actual_exe_time: 74580, task_app_start_time:2117231035825139, task_sched_time:2117234346928222
app_id: 0, app_name: SAR_api-aarch64, task_id: 979, task_name: DASH_FFT, resource_name: cpu2, ref_start_time: 2117234350960522, ref_stop_time: 2117234351013472, actual_exe_time: 52950, task_app_start_time:2117231035825139, task_sched_time:2117234350953352
app_id: 0, app_name: SAR_api-aarch64, task_id: 980, task_name: DASH_FFT, resource_name: cpu3, ref_start_time: 2117234353332773, ref_stop_time: 2117234353391723, actual_exe_time: 58950, task_app_start_time:2117231035825139, task_sched_time:2117234353174253
app_id: 0, app_name: SAR_api-aarch64, task_id: 981, task_name: DASH_FFT, resource_name: fft1, ref_start_time: 2117234353586303, ref_stop_time: 2117234353633133, actual_exe_time: 46830, task_app_start_time:2117231035825139, task_sched_time:2117234353583273
app_id: 0, app_name: SAR_api-aarch64, task_id: 982, task_name: DASH_FFT, resource_name: fft2, ref_start_time: 2117234359451874, ref_stop_time: 2117234359518534, actual_exe_time: 66660, task_app_start_time:2117231035825139, task_sched_time:2117234359295544
app_id: 0, app_name: SAR_api-aarch64, task_id: 983, task_name: DASH_FFT, resource_name: cpu1, ref_start_time: 2117234367015385, ref_stop_time: 2117234367069265, actual_exe_time: 53880, task_app_start_time:2117231035825139, task_sched_time:2117234367004015
app_id: 0, app_name: SAR_api-aarch64, task_id: 984, task_name: DASH_FFT, resource_name: cpu2, ref_start_time: 2117234368057255, ref_stop_time: 2117234368127065, actual_exe_time: 69810, task_app_start_time:2117231035825139, task_sched_time:2117234368035025
app_id: 0, app_name: SAR_api-aarch64, task_id: 985, task_name: DASH_FFT, resource_name: cpu3, ref_start_time: 2117234370986965, ref_stop_time: 2117234371040395, actual_exe_time: 53430, task_app_start_time:2117231035825139, task_sched_time:2117234370980185
app_id: 0, app_name: SAR_api-aarch64, task_id: 986, task_name: DASH_FFT, resource_name: fft1, ref_start_time: 2117234378993397, ref_stop_time: 2117234379057117, actual_exe_time: 63720, task_app_start_time:2117231035825139, task_sched_time:2117234378984817
app_id: 0, app_name: SAR_api-aarch64, task_id: 987, task_name: DASH_FFT, resource_name: fft2, ref_start_time: 2117234381888067, ref_stop_time: 2117234381933187, actual_exe_time: 45120, task_app_start_time:2117231035825139, task_sched_time:2117234381744097
app_id: 0, app_name: SAR_api-aarch64, task_id: 988, task_name: DASH_FFT, resource_name: cpu1, ref_start_time: 2117234387465968, ref_stop_time: 2117234387530738, actual_exe_time: 64770, task_app_start_time:2117231035825139, task_sched_time:2117234387458588
app_id: 0, app_name: SAR_api-aarch64, task_id: 989, task_name: DASH_FFT, resource_name: cpu2, ref_start_time: 2117234394933419, ref_stop_time: 2117234395577039, actual_exe_time: 643620, task_app_start_time:2117231035825139, task_sched_time:2117234394927779
app_id: 0, app_name: SAR_api-aarch64, task_id: 990, task_name: DASH_FFT, resource_name: cpu3, ref_start_time: 2117234396039039, ref_stop_time: 2117234396097539, actual_exe_time: 58500, task_app_start_time:2117231035825139, task_sched_time:2117234395943249
app_id: 0, app_name: SAR_api-aarch64, task_id: 991, task_name: DASH_FFT, resource_name: fft1, ref_start_time: 2117234399083230, ref_stop_time: 2117234399129940, actual_exe_time: 46710, task_app_start_time:2117231035825139, task_sched_time:2117234399068980
app_id: 0, app_name: SAR_api-aarch64, task_id: 992, task_name: DASH_FFT, resource_name: fft2, ref_start_time: 2117234407121521, ref_stop_time: 2117234407186351, actual_exe_time: 64830, task_app_start_time:2117231035825139, task_sched_time:2117234407002661
app_id: 0, app_name: SAR_api-aarch64, task_id: 993, task_name: DASH_FFT, resource_name: cpu1, ref_start_time: 2117234409956342, ref_stop_time: 2117234410005602, actual_exe_time: 49260, task_app_start_time:2117231035825139, task_sched_time:2117234409944882
app_id: 0, app_name: SAR_api-aarch64, task_id: 994, task_name: DASH_FFT, resource_name: cpu2, ref_start_time: 2117234415079083, ref_stop_time: 2117234415150873, actual_exe_time: 71790, task_app_start_time:2117231035825139, task_sched_time:2117234415068973
app_id: 0, app_name: SAR_api-aarch64, task_id: 995, task_name: DASH_FFT, resource_name: cpu3, ref_start_time: 2117234418939813, ref_stop_time: 2117234419223073, actual_exe_time: 283260, task_app_start_time:2117231035825139, task_sched_time:2117234418930093
app_id: 0, app_name: SAR_api-aarch64, task_id: 996, task_name: DASH_FFT, resource_name: fft1, ref_start_time: 2117234424017764, ref_stop_time: 2117234424074494, actual_exe_time: 56730, task_app_start_time:2117231035825139, task_sched_time:2117234424010804
app_id: 0, app_name: SAR_api-aarch64, task_id: 997, task_name: DASH_FFT, resource_name: fft2, ref_start_time: 2117234427192784, ref_stop_time: 2117234427241174, actual_exe_time: 48390, task_app_start_time:2117231035825139, task_sched_time:2117234427027454
app_id: 0, app_name: SAR_api-aarch64, task_id: 998, task_name: DASH_FFT, resource_name: cpu1, ref_start_time: 2117234435396316, ref_stop_time: 2117234437820436, actual_exe_time: 2424120, task_app_start_time:2117231035825139, task_sched_time:2117234435388486
app_id: 0, app_name: SAR_api-aarch64, task_id: 999, task_name: DASH_FFT, resource_name: cpu2, ref_start_time: 2117234438685936, ref_stop_time: 2117234438737536, actual_exe_time: 51600, task_app_start_time:2117231035825139, task_sched_time:2117234438673546
app_id: 0, app_name: SAR_api-aarch64, task_id: 1000, task_name: DASH_FFT, resource_name: cpu3, ref_start_time: 2117234442996307, ref_stop_time: 2117234443064827, actual_exe_time: 68520, task_app_start_time:2117231035825139, task_sched_time:2117234442990217
app_id: 0, app_name: SAR_api-aarch64, task_id: 1001, task_name: DASH_FFT, resource_name: fft1, ref_start_time: 2117234451249848, ref_stop_time: 2117234451297308, actual_exe_time: 47460, task_app_start_time:2117231035825139, task_sched_time:2117234451241958
app_id: 0, app_name: SAR_api-aarch64, task_id: 1002, task_name: DASH_FFT, resource_name: fft2, ref_start_time: 2117234452131698, ref_stop_time: 2117234452201059, actual_exe_time: 69361, task_app_start_time:2117231035825139, task_sched_time:2117234452079108
app_id: 0, app_name: SAR_api-aarch64, task_id: 1003, task_name: DASH_FFT, resource_name: cpu1, ref_start_time: 2117234459494060, ref_stop_time: 2117234459546590, actual_exe_time: 52530, task_app_start_time:2117231035825139, task_sched_time:2117234459485270
app_id: 0, app_name: SAR_api-aarch64, task_id: 1004, task_name: DASH_FFT, resource_name: cpu2, ref_start_time: 2117234465341181, ref_stop_time: 2117234465410241, actual_exe_time: 69060, task_app_start_time:2117231035825139, task_sched_time:2117234465332991
app_id: 0, app_name: SAR_api-aarch64, task_id: 1005, task_name: DASH_FFT, resource_name: cpu3, ref_start_time: 2117234466218951, ref_stop_time: 2117234466266291, actual_exe_time: 47340, task_app_start_time:2117231035825139, task_sched_time:2117234466213611
app_id: 0, app_name: SAR_api-aarch64, task_id: 1006, task_name: DASH_FFT, resource_name: fft1, ref_start_time: 2117234471357112, ref_stop_time: 2117234471416482, actual_exe_time: 59370, task_app_start_time:2117231035825139, task_sched_time:2117234471349342
app_id: 0, app_name: SAR_api-aarch64, task_id: 1007, task_name: DASH_FFT, resource_name: fft2, ref_start_time: 2117234475431082, ref_stop_time: 2117234475475362, actual_exe_time: 44280, task_app_start_time:2117231035825139, task_sched_time:2117234475362202
app_id: 0, app_name: SAR_api-aarch64, task_id: 1008, task_name: DASH_FFT, resource_name: cpu1, ref_start_time: 2117234479673413, ref_stop_time: 2117234479732873, actual_exe_time: 59460, task_app_start_time:2117231035825139, task_sched_time:2117234479662103
app_id: 0, app_name: SAR_api-aarch64, task_id: 1009, task_name: DASH_FFT, resource_name: cpu2, ref_start_time: 2117234483100793, ref_stop_time: 2117234483155513, actual_exe_time: 54720, task_app_start_time:2117231035825139, task_sched_time:2117234483032873
app_id: 0, app_name: SAR_api-aarch64, task_id: 1010, task_name: DASH_FFT, resource_name: cpu3, ref_start_time: 2117234487283034, ref_stop_time: 2117234487352634, actual_exe_time: 69600, task_app_start_time:2117231035825139, task_sched_time:2117234487276884
app_id: 0, app_name: SAR_api-aarch64, task_id: 1011, task_name: DASH_FFT, resource_name: fft1, ref_start_time: 2117234493660675, ref_stop_time: 2117234493709605, actual_exe_time: 48930, task_app_start_time:2117231035825139, task_sched_time:2117234493651495
app_id: 0, app_name: SAR_api-aarch64, task_id: 1012, task_name: DASH_FFT, resource_name: fft2, ref_start_time: 2117234499142516, ref_stop_time: 2117234499205456, actual_exe_time: 62940, task_app_start_time:2117231035825139, task_sched_time:2117234498998336
app_id: 0, app_name: SAR_api-aarch64, task_id: 1013, task_name: DASH_FFT, resource_name: cpu1, ref_start_time: 2117234507229677, ref_stop_time: 2117234507281067, actual_exe_time: 51390, task_app_start_time:2117231035825139, task_sched_time:2117234507219537
app_id: 0, app_name: SAR_api-aarch64, task_id: 1014, task_name: DASH_FFT, resource_name: cpu2, ref_start_time: 2117234507553887, ref_stop_time: 2117234507617157, actual_exe_time: 63270, task_app_start_time:2117231035825139, task_sched_time:2117234507543837
app_id: 0, app_name: SAR_api-aarch64, task_id: 1015, task_name: DASH_FFT, resource_name: cpu3, ref_start_time: 2117234515059829, ref_stop_time: 2117234515117369, actual_exe_time: 57540, task_app_start_time:2117231035825139, task_sched_time:2117234515019419
app_id: 0, app_name: SAR_api-aarch64, task_id: 1016, task_name: DASH_FFT, resource_name: fft1, ref_start_time: 2117234520771110, ref_stop_time: 2117234520829130, actual_exe_time: 58020, task_app_start_time:2117231035825139, task_sched_time:2117234520757760
app_id: 0, app_name: SAR_api-aarch64, task_id: 1017, task_name: DASH_FFT, resource_name: fft2, ref_start_time: 2117234521650590, ref_stop_time: 2117234521696190, actual_exe_time: 45600, task_app_start_time:2117231035825139, task_sched_time:2117234521550630
app_id: 0, app_name: SAR_api-aarch64, task_id: 1018, task_name: DASH_FFT, resource_name: cpu1, ref_start_time: 2117234527123971, ref_stop_time: 2117234527184871, actual_exe_time: 60900, task_app_start_time:2117231035825139, task_sched_time:2117234527116141
app_id: 0, app_name: SAR_api-aarch64, task_id: 1019, task_name: DASH_FFT, resource_name: cpu2, ref_start_time: 2117234531393511, ref_stop_time: 2117234531444391, actual_exe_time: 50880, task_app_start_time:2117231035825139, task_sched_time:2117234531389341
app_id: 0, app_name: SAR_api-aarch64, task_id: 1020, task_name: DASH_FFT, resource_name: cpu3, ref_start_time: 2117234535069022, ref_stop_time: 2117234535132802, actual_exe_time: 63780, task_app_start_time:2117231035825139, task_sched_time:2117234534855692
app_id: 0, app_name: SAR_api-aarch64, task_id: 1021, task_name: DASH_FFT, resource_name: fft1, ref_start_time: 2117234539170383, ref_stop_time: 2117234539524083, actual_exe_time: 353700, task_app_start_time:2117231035825139, task_sched_time:2117234539159253
app_id: 0, app_name: SAR_api-aarch64, task_id: 1022, task_name: DASH_FFT, resource_name: fft2, ref_start_time: 2117234547127254, ref_stop_time: 2117234547192624, actual_exe_time: 65370, task_app_start_time:2117231035825139, task_sched_time:2117234546982954
app_id: 0, app_name: SAR_api-aarch64, task_id: 1023, task_name: DASH_FFT, resource_name: cpu1, ref_start_time: 2117234549067414, ref_stop_time: 2117234549115354, actual_exe_time: 47940, task_app_start_time:2117231035825139, task_sched_time:2117234549053494
app_id: 0, app_name: SAR_api-aarch64, task_id: 1024, task_name: DASH_FFT, resource_name: cpu2, ref_start_time: 2117234555360005, ref_stop_time: 2117234555434765, actual_exe_time: 74760, task_app_start_time:2117231035825139, task_sched_time:2117234555350555
app_id: 0, app_name: SAR_api-aarch64, task_id: 1025, task_name: DASH_FFT, resource_name: cpu3, ref_start_time: 2117234556296875, ref_stop_time: 2117234556341725, actual_exe_time: 44850, task_app_start_time:2117231035825139, task_sched_time:2117234556287905
app_id: 0, app_name: SAR_api-aarch64, task_id: 1026, task_name: DASH_FFT, resource_name: fft1, ref_start_time: 2117234558947436, ref_stop_time: 2117234559001646, actual_exe_time: 54210, task_app_start_time:2117231035825139, task_sched_time:2117234558935256
app_id: 0, app_name: SAR_api-aarch64, task_id: 1027, task_name: DASH_FFT, resource_name: fft2, ref_start_time: 2117234562801896, ref_stop_time: 2117234562848396, actual_exe_time: 46500, task_app_start_time:2117231035825139, task_sched_time:2117234562797126
app_id: 0, app_name: SAR_api-aarch64, task_id: 1028, task_name: DASH_FFT, resource_name: cpu1, ref_start_time: 2117234567268327, ref_stop_time: 2117234567327997, actual_exe_time: 59670, task_app_start_time:2117231035825139, task_sched_time:2117234567255697
app_id: 0, app_name: SAR_api-aarch64, task_id: 1029, task_name: DASH_FFT, resource_name: cpu2, ref_start_time: 2117234575069888, ref_stop_time: 2117234575126678, actual_exe_time: 56790, task_app_start_time:2117231035825139, task_sched_time:2117234574984268
app_id: 0, app_name: SAR_api-aarch64, task_id: 1030, task_name: DASH_FFT, resource_name: cpu3, ref_start_time: 2117234576979389, ref_stop_time: 2117234577038669, actual_exe_time: 59280, task_app_start_time:2117231035825139, task_sched_time:2117234576822309
app_id: 0, app_name: SAR_api-aarch64, task_id: 1031, task_name: DASH_FFT, resource_name: fft1, ref_start_time: 2117234583628770, ref_stop_time: 2117234583677190, actual_exe_time: 48420, task_app_start_time:2117231035825139, task_sched_time:2117234583614370
app_id: 0, app_name: SAR_api-aarch64, task_id: 1032, task_name: DASH_FFT, resource_name: fft2, ref_start_time: 2117234590247731, ref_stop_time: 2117234590314361, actual_exe_time: 66630, task_app_start_time:2117231035825139, task_sched_time:2117234590230031
app_id: 0, app_name: SAR_api-aarch64, task_id: 1033, task_name: DASH_FFT, resource_name: cpu1, ref_start_time: 2117234590863631, ref_stop_time: 2117234590927171, actual_exe_time: 63540, task_app_start_time:2117231035825139, task_sched_time:2117234590852621
app_id: 0, app_name: SAR_api-aarch64, task_id: 1034, task_name: DASH_FFT, resource_name: cpu2, ref_start_time: 2117234599124282, ref_stop_time: 2117234599206272, actual_exe_time: 81990, task_app_start_time:2117231035825139, task_sched_time:2117234599017422
app_id: 0, app_name: SAR_api-aarch64, task_id: 1035, task_name: DASH_FFT, resource_name: cpu3, ref_start_time: 2117234604454953, ref_stop_time: 2117234604505203, actual_exe_time: 50250, task_app_start_time:2117231035825139, task_sched_time:2117234604326733
app_id: 0, app_name: SAR_api-aarch64, task_id: 1036, task_name: DASH_FFT, resource_name: fft1, ref_start_time: 2117234611020394, ref_stop_time: 2117234611078054, actual_exe_time: 57660, task_app_start_time:2117231035825139, task_sched_time:2117234611007374
app_id: 0, app_name: SAR_api-aarch64, task_id: 1037, task_name: DASH_FFT, resource_name: fft2, ref_start_time: 2117234615092415, ref_stop_time: 2117234615139305, actual_exe_time: 46890, task_app_start_time:2117231035825139, task_sched_time:2117234614946075
app_id: 0, app_name: SAR_api-aarch64, task_id: 1038, task_name: DASH_FFT, resource_name: cpu1, ref_start_time: 2117234618277905, ref_stop_time: 2117234618335475, actual_exe_time: 57570, task_app_start_time:2117231035825139, task_sched_time:2117234618266085
app_id: 0, app_name: SAR_api-aarch64, task_id: 1039, task_name: DASH_FFT, resource_name: cpu2, ref_start_time: 2117234623055016, ref_stop_time: 2117234623113306, actual_exe_time: 58290, task_app_start_time:2117231035825139, task_sched_time:2117234623049826
app_id: 0, app_name: SAR_api-aarch64, task_id: 1040, task_name: DASH_FFT, resource_name: cpu3, ref_start_time: 2117234626965397, ref_stop_time: 2117234627030287, actual_exe_time: 64890, task_app_start_time:2117231035825139, task_sched_time:2117234626953757
app_id: 0, app_name: SAR_api-aarch64, task_id: 1041, task_name: DASH_FFT, resource_name: fft1, ref_start_time: 2117234631422587, ref_stop_time: 2117234631467257, actual_exe_time: 44670, task_app_start_time:2117231035825139, task_sched_time:2117234631418417
app_id: 0, app_name: SAR_api-aarch64, task_id: 1042, task_name: DASH_FFT, resource_name: fft2, ref_start_time: 2117234632727948, ref_stop_time: 2117234632790138, actual_exe_time: 62190, task_app_start_time:2117231035825139, task_sched_time:2117234632677128
app_id: 0, app_name: SAR_api-aarch64, task_id: 1043, task_name: DASH_FFT, resource_name: cpu1, ref_start_time: 2117234639289999, ref_stop_time: 2117234639340579, actual_exe_time: 50580, task_app_start_time:2117231035825139, task_sched_time:2117234639276559
app_id: 0, app_name: SAR_api-aarch64, task_id: 1044, task_name: DASH_FFT, resource_name: cpu2, ref_start_time: 2117234643027999, ref_stop_time: 2117234643099459, actual_exe_time: 71460, task_app_start_time:2117231035825139, task_sched_time:2117234642967669
app_id: 0, app_name: SAR_api-aarch64, task_id: 1045, task_name: DASH_FFT, resource_name: cpu3, ref_start_time: 2117234645237980, ref_stop_time: 2117234645284270, actual_exe_time: 46290, task_app_start_time:2117231035825139, task_sched_time:2117234644059279
app_id: 0, app_name: SAR_api-aarch64, task_id: 1046, task_name: DASH_FFT, resource_name: fft1, ref_start_time: 2117234645469910, ref_stop_time: 2117234645532910, actual_exe_time: 63000, task_app_start_time:2117231035825139, task_sched_time:2117234645464360
app_id: 0, app_name: SAR_api-aarch64, task_id: 1047, task_name: DASH_FFT, resource_name: fft2, ref_start_time: 2117234646347950, ref_stop_time: 2117234646389590, actual_exe_time: 41640, task_app_start_time:2117231035825139, task_sched_time:2117234646337870
app_id: 0, app_name: SAR_api-aarch64, task_id: 1048, task_name: DASH_FFT, resource_name: cpu1, ref_start_time: 2117234651432441, ref_stop_time: 2117234651493281, actual_exe_time: 60840, task_app_start_time:2117231035825139, task_sched_time:2117234651423831
app_id: 0, app_name: SAR_api-aarch64, task_id: 1049, task_name: DASH_FFT, resource_name: cpu2, ref_start_time: 2117234654950961, ref_stop_time: 2117234655003851, actual_exe_time: 52890, task_app_start_time:2117231035825139, task_sched_time:2117234654942171
app_id: 0, app_name: SAR_api-aarch64, task_id: 1050, task_name: DASH_FFT, resource_name: cpu3, ref_start_time: 2117234659448412, ref_stop_time: 2117234659515972, actual_exe_time: 67560, task_app_start_time:2117231035825139, task_sched_time:2117234659442652
app_id: 0, app_name: SAR_api-aarch64, task_id: 1051, task_name: DASH_FFT, resource_name: fft1, ref_start_time: 2117234660493252, ref_stop_time: 2117234660537442, actual_exe_time: 44190, task_app_start_time:2117231035825139, task_sched_time:2117234660488722
app_id: 0, app_name: SAR_api-aarch64, task_id: 1052, task_name: DASH_FFT, resource_name: fft2, ref_start_time: 2117234663322042, ref_stop_time: 2117234663383512, actual_exe_time: 61470, task_app_start_time:2117231035825139, task_sched_time:2117234663158422
app_id: 0, app_name: SAR_api-aarch64, task_id: 1053, task_name: DASH_FFT, resource_name: cpu1, ref_start_time: 2117234671135754, ref_stop_time: 2117234671187174, actual_exe_time: 51420, task_app_start_time:2117231035825139, task_sched_time:2117234671131344
app_id: 0, app_name: SAR_api-aarch64, task_id: 1054, task_name: DASH_FFT, resource_name: cpu2, ref_start_time: 2117234674682144, ref_stop_time: 2117234674991984, actual_exe_time: 309840, task_app_start_time:2117231035825139, task_sched_time:2117234674675214
app_id: 0, app_name: SAR_api-aarch64, task_id: 1055, task_name: DASH_FFT, resource_name: cpu3, ref_start_time: 2117234679060075, ref_stop_time: 2117234679115605, actual_exe_time: 55530, task_app_start_time:2117231035825139, task_sched_time:2117234679050385
app_id: 0, app_name: SAR_api-aarch64, task_id: 1056, task_name: DASH_FFT, resource_name: fft1, ref_start_time: 2117234686988686, ref_stop_time: 2117234687048776, actual_exe_time: 60090, task_app_start_time:2117231035825139, task_sched_time:2117234686981096
app_id: 0, app_name: SAR_api-aarch64, task_id: 1057, task_name: DASH_FFT, resource_name: fft2, ref_start_time: 2117234688587657, ref_stop_time: 2117234688631457, actual_exe_time: 43800, task_app_start_time:2117231035825139, task_sched_time:2117234688428267
app_id: 0, app_name: SAR_api-aarch64, task_id: 1058, task_name: DASH_FFT, resource_name: cpu1, ref_start_time: 2117234695427658, ref_stop_time: 2117234695488078, actual_exe_time: 60420, task_app_start_time:2117231035825139, task_sched_time:2117234695419048
app_id: 0, app_name: SAR_api-aarch64, task_id: 1059, task_name: DASH_FFT, resource_name: cpu2, ref_start_time: 2117234695670268, ref_stop_time: 2117234695716918, actual_exe_time: 46650, task_app_start_time:2117231035825139, task_sched_time:2117234695667178
app_id: 0, app_name: SAR_api-aarch64, task_id: 1060, task_name: DASH_FFT, resource_name: cpu3, ref_start_time: 2117234702193949, ref_stop_time: 2117234702257219, actual_exe_time: 63270, task_app_start_time:2117231035825139, task_sched_time:2117234702018509
app_id: 0, app_name: SAR_api-aarch64, task_id: 1061, task_name: DASH_FFT, resource_name: fft1, ref_start_time: 2117234707121150, ref_stop_time: 2117234707470920, actual_exe_time: 349770, task_app_start_time:2117231035825139, task_sched_time:2117234707110110
app_id: 0, app_name: SAR_api-aarch64, task_id: 1062, task_name: DASH_FFT, resource_name: fft2, ref_start_time: 2117234714978601, ref_stop_time: 2117234715045261, actual_exe_time: 66660, task_app_start_time:2117231035825139, task_sched_time:2117234714970561
app_id: 0, app_name: SAR_api-aarch64, task_id: 1063, task_name: DASH_FFT, resource_name: cpu1, ref_start_time: 2117234716099551, ref_stop_time: 2117234716145841, actual_exe_time: 46290, task_app_start_time:2117231035825139, task_sched_time:2117234716095561
app_id: 0, app_name: SAR_api-aarch64, task_id: 1064, task_name: DASH_FFT, resource_name: cpu2, ref_start_time: 2117234719287651, ref_stop_time: 2117234719359322, actual_exe_time: 71671, task_app_start_time:2117231035825139, task_sched_time:2117234719281771
app_id: 0, app_name: SAR_api-aarch64, task_id: 1065, task_name: DASH_FFT, resource_name: cpu3, ref_start_time: 2117234722992832, ref_stop_time: 2117234723046262, actual_exe_time: 53430, task_app_start_time:2117231035825139, task_sched_time:2117234722983262
app_id: 0, app_name: SAR_api-aarch64, task_id: 1066, task_name: DASH_FFT, resource_name: fft1, ref_start_time: 2117234727686093, ref_stop_time: 2117234727741383, actual_exe_time: 55290, task_app_start_time:2117231035825139, task_sched_time:2117234727671813
app_id: 0, app_name: SAR_api-aarch64, task_id: 1067, task_name: DASH_FFT, resource_name: fft2, ref_start_time: 2117234730708293, ref_stop_time: 2117234730754973, actual_exe_time: 46680, task_app_start_time:2117231035825139, task_sched_time:2117234730609803
app_id: 0, app_name: SAR_api-aarch64, task_id: 1068, task_name: DASH_FFT, resource_name: cpu1, ref_start_time: 2117234735439774, ref_stop_time: 2117234735498544, actual_exe_time: 58770, task_app_start_time:2117231035825139, task_sched_time:2117234735425074
app_id: 0, app_name: SAR_api-aarch64, task_id: 1069, task_name: DASH_FFT, resource_name: cpu2, ref_start_time: 2117234742969625, ref_stop_time: 2117234743368955, actual_exe_time: 399330, task_app_start_time:2117231035825139, task_sched_time:2117234742960085
app_id: 0, app_name: SAR_api-aarch64, task_id: 1070, task_name: DASH_FFT, resource_name: cpu3, ref_start_time: 2117234744918126, ref_stop_time: 2117234745461096, actual_exe_time: 542970, task_app_start_time:2117231035825139, task_sched_time:2117234744910566
app_id: 0, app_name: SAR_api-aarch64, task_id: 1071, task_name: DASH_FFT, resource_name: fft1, ref_start_time: 2117234751076767, ref_stop_time: 2117234751121857, actual_exe_time: 45090, task_app_start_time:2117231035825139, task_sched_time:2117234751063927
app_id: 0, app_name: SAR_api-aarch64, task_id: 1072, task_name: DASH_FFT, resource_name: fft2, ref_start_time: 2117234754955497, ref_stop_time: 2117234755018407, actual_exe_time: 62910, task_app_start_time:2117231035825139, task_sched_time:2117234754947277
app_id: 0, app_name: SAR_api-aarch64, task_id: 1073, task_name: DASH_FFT, resource_name: cpu1, ref_start_time: 2117234758622788, ref_stop_time: 2117234758670488, actual_exe_time: 47700, task_app_start_time:2117231035825139, task_sched_time:2117234758617328
app_id: 0, app_name: SAR_api-aarch64, task_id: 1074, task_name: DASH_FFT, resource_name: cpu2, ref_start_time: 2117234763529199, ref_stop_time: 2117234763597269, actual_exe_time: 68070, task_app_start_time:2117231035825139, task_sched_time:2117234763522629
app_id: 0, app_name: SAR_api-aarch64, task_id: 1075, task_name: DASH_FFT, resource_name: cpu3, ref_start_time: 2117234766965279, ref_stop_time: 2117234767015709, actual_exe_time: 50430, task_app_start_time:2117231035825139, task_sched_time:2117234766955619
app_id: 0, app_name: SAR_api-aarch64, task_id: 1076, task_name: DASH_FFT, resource_name: fft1, ref_start_time: 2117234770927260, ref_stop_time: 2117234771234670, actual_exe_time: 307410, task_app_start_time:2117231035825139, task_sched_time:2117234770913730
app_id: 0, app_name: SAR_api-aarch64, task_id: 1077, task_name: DASH_FFT, resource_name: fft2, ref_start_time: 2117234773035630, ref_stop_time: 2117234773080720, actual_exe_time: 45090, task_app_start_time:2117231035825139, task_sched_time:2117234773029360
app_id: 0, app_name: SAR_api-aarch64, task_id: 1078, task_name: DASH_FFT, resource_name: cpu1, ref_start_time: 2117234779469911, ref_stop_time: 2117234779529881, actual_exe_time: 59970, task_app_start_time:2117231035825139, task_sched_time:2117234779462051
app_id: 0, app_name: SAR_api-aarch64, task_id: 1079, task_name: DASH_FFT, resource_name: cpu2, ref_start_time: 2117234782944992, ref_stop_time: 2117234782996562, actual_exe_time: 51570, task_app_start_time:2117231035825139, task_sched_time:2117234782940642
app_id: 0, app_name: SAR_api-aarch64, task_id: 1080, task_name: DASH_FFT, resource_name: cpu3, ref_start_time: 2117234786756042, ref_stop_time: 2117234786815982, actual_exe_time: 59940, task_app_start_time:2117231035825139, task_sched_time:2117234786747522
app_id: 0, app_name: SAR_api-aarch64, task_id: 1081, task_name: DASH_FFT, resource_name: fft1, ref_start_time: 2117234787184712, ref_stop_time: 2117234787836493, actual_exe_time: 651781, task_app_start_time:2117231035825139, task_sched_time:2117234787177182
app_id: 0, app_name: SAR_api-aarch64, task_id: 1082, task_name: DASH_FFT, resource_name: fft2, ref_start_time: 2117234799440764, ref_stop_time: 2117234799509584, actual_exe_time: 68820, task_app_start_time:2117231035825139, task_sched_time:2117234799346924
app_id: 0, app_name: SAR_api-aarch64, task_id: 1083, task_name: DASH_FFT, resource_name: cpu1, ref_start_time: 2117234801153645, ref_stop_time: 2117234801200835, actual_exe_time: 47190, task_app_start_time:2117231035825139, task_sched_time:2117234801144555
app_id: 0, app_name: SAR_api-aarch64, task_id: 1084, task_name: DASH_FFT, resource_name: cpu2, ref_start_time: 2117234807382036, ref_stop_time: 2117234807448096, actual_exe_time: 66060, task_app_start_time:2117231035825139, task_sched_time:2117234807371926
app_id: 0, app_name: SAR_api-aarch64, task_id: 1085, task_name: DASH_FFT, resource_name: cpu3, ref_start_time: 2117234814573607, ref_stop_time: 2117234814624067, actual_exe_time: 50460, task_app_start_time:2117231035825139, task_sched_time:2117234814563047
app_id: 0, app_name: SAR_api-aarch64, task_id: 1086, task_name: DASH_FFT, resource_name: fft1, ref_start_time: 2117234819034518, ref_stop_time: 2117234819090768, actual_exe_time: 56250, task_app_start_time:2117231035825139, task_sched_time:2117234819023868
app_id: 0, app_name: SAR_api-aarch64, task_id: 1087, task_name: DASH_FFT, resource_name: fft2, ref_start_time: 2117234827071669, ref_stop_time: 2117234827122579, actual_exe_time: 50910, task_app_start_time:2117231035825139, task_sched_time:2117234826992469
app_id: 0, app_name: SAR_api-aarch64, task_id: 1088, task_name: DASH_FFT, resource_name: cpu1, ref_start_time: 2117234828930019, ref_stop_time: 2117234828987649, actual_exe_time: 57630, task_app_start_time:2117231035825139, task_sched_time:2117234828921079
app_id: 0, app_name: SAR_api-aarch64, task_id: 1089, task_name: DASH_FFT, resource_name: cpu2, ref_start_time: 2117234835493540, ref_stop_time: 2117234835550930, actual_exe_time: 57390, task_app_start_time:2117231035825139, task_sched_time:2117234835320650
app_id: 0, app_name: SAR_api-aarch64, task_id: 1090, task_name: DASH_FFT, resource_name: cpu3, ref_start_time: 2117234842273061, ref_stop_time: 2117234842334381, actual_exe_time: 61320, task_app_start_time:2117231035825139, task_sched_time:2117234842266251
app_id: 0, app_name: SAR_api-aarch64, task_id: 1091, task_name: DASH_FFT, resource_name: fft1, ref_start_time: 2117234847310932, ref_stop_time: 2117234847358032, actual_exe_time: 47100, task_app_start_time:2117231035825139, task_sched_time:2117234847304692
app_id: 0, app_name: SAR_api-aarch64, task_id: 1092, task_name: DASH_FFT, resource_name: fft2, ref_start_time: 2117234851009723, ref_stop_time: 2117234851072513, actual_exe_time: 62790, task_app_start_time:2117231035825139, task_sched_time:2117234850958453
app_id: 0, app_name: SAR_api-aarch64, task_id: 1093, task_name: DASH_FFT, resource_name: cpu1, ref_start_time: 2117234855259883, ref_stop_time: 2117234855306413, actual_exe_time: 46530, task_app_start_time:2117231035825139, task_sched_time:2117234855247133
app_id: 0, app_name: SAR_api-aarch64, task_id: 1094, task_name: DASH_FFT, resource_name: cpu2, ref_start_time: 2117234857282244, ref_stop_time: 2117234857760894, actual_exe_time: 478650, task_app_start_time:2117231035825139, task_sched_time:2117234857031384
app_id: 0, app_name: SAR_api-aarch64, task_id: 1095, task_name: DASH_FFT, resource_name: cpu3, ref_start_time: 2117234863068135, ref_stop_time: 2117234863119915, actual_exe_time: 51780, task_app_start_time:2117231035825139, task_sched_time:2117234863058025
app_id: 0, app_name: SAR_api-aarch64, task_id: 1096, task_name: DASH_FFT, resource_name: fft1, ref_start_time: 2117234866919505, ref_stop_time: 2117234867242365, actual_exe_time: 322860, task_app_start_time:2117231035825139, task_sched_time:2117234866915155
app_id: 0, app_name: SAR_api-aarch64, task_id: 1097, task_name: DASH_FFT, resource_name: fft2, ref_start_time: 2117234871514336, ref_stop_time: 2117234872057876, actual_exe_time: 543540, task_app_start_time:2117231035825139, task_sched_time:2117234871408436
app_id: 0, app_name: SAR_api-aarch64, task_id: 1098, task_name: DASH_FFT, resource_name: cpu1, ref_start_time: 2117234875114067, ref_stop_time: 2117234875174577, actual_exe_time: 60510, task_app_start_time:2117231035825139, task_sched_time:2117234875110107
app_id: 0, app_name: SAR_api-aarch64, task_id: 1099, task_name: DASH_FFT, resource_name: cpu2, ref_start_time: 2117234882923038, ref_stop_time: 2117234882977308, actual_exe_time: 54270, task_app_start_time:2117231035825139, task_sched_time:2117234882915988
app_id: 0, app_name: SAR_api-aarch64, task_id: 1100, task_name: DASH_FFT, resource_name: cpu3, ref_start_time: 2117234884803678, ref_stop_time: 2117234884860888, actual_exe_time: 57210, task_app_start_time:2117231035825139, task_sched_time:2117234883508158
app_id: 0, app_name: SAR_api-aarch64, task_id: 1101, task_name: DASH_FFT, resource_name: fft1, ref_start_time: 2117234891417719, ref_stop_time: 2117234891466559, actual_exe_time: 48840, task_app_start_time:2117231035825139, task_sched_time:2117234891402869
app_id: 0, app_name: SAR_api-aarch64, task_id: 1102, task_name: DASH_FFT, resource_name: fft2, ref_start_time: 2117234892044239, ref_stop_time: 2117234892102349, actual_exe_time: 58110, task_app_start_time:2117231035825139, task_sched_time:2117234892034639
app_id: 0, app_name: SAR_api-aarch64, task_id: 1103, task_name: DASH_FFT, resource_name: cpu1, ref_start_time: 2117234892382939, ref_stop_time: 2117234892428059, actual_exe_time: 45120, task_app_start_time:2117231035825139, task_sched_time:2117234892374539
app_id: 0, app_name: SAR_api-aarch64, task_id: 1104, task_name: DASH_FFT, resource_name: cpu2, ref_start_time: 2117234892821209, ref_stop_time: 2117234892875479, actual_exe_time: 54270, task_app_start_time:2117231035825139, task_sched_time:2117234892744169
app_id: 0, app_name: SAR_api-aarch64, task_id: 1105, task_name: DASH_FFT, resource_name: cpu3, ref_start_time: 2117234899283600, ref_stop_time: 2117234899333490, actual_exe_time: 49890, task_app_start_time:2117231035825139, task_sched_time:2117234899273340
app_id: 0, app_name: SAR_api-aarch64, task_id: 1106, task_name: DASH_FFT, resource_name: fft1, ref_start_time: 2117234899968741, ref_stop_time: 2117234900018121, actual_exe_time: 49380, task_app_start_time:2117231035825139, task_sched_time:2117234899958721
app_id: 0, app_name: SAR_api-aarch64, task_id: 1107, task_name: DASH_FFT, resource_name: fft2, ref_start_time: 2117234900609811, ref_stop_time: 2117234900651331, actual_exe_time: 41520, task_app_start_time:2117231035825139, task_sched_time:2117234900603361
app_id: 0, app_name: SAR_api-aarch64, task_id: 1108, task_name: DASH_FFT, resource_name: cpu1, ref_start_time: 2117234901350361, ref_stop_time: 2117234901398841, actual_exe_time: 48480, task_app_start_time:2117231035825139, task_sched_time:2117234901340521
app_id: 0, app_name: SAR_api-aarch64, task_id: 1109, task_name: DASH_FFT, resource_name: cpu2, ref_start_time: 2117234902367211, ref_stop_time: 2117234902414431, actual_exe_time: 47220, task_app_start_time:2117231035825139, task_sched_time:2117234902311501
app_id: 0, app_name: SAR_api-aarch64, task_id: 1110, task_name: DASH_FFT, resource_name: cpu3, ref_start_time: 2117234907007702, ref_stop_time: 2117234907074062, actual_exe_time: 66360, task_app_start_time:2117231035825139, task_sched_time:2117234906997712
app_id: 0, app_name: SAR_api-aarch64, task_id: 1111, task_name: DASH_FFT, resource_name: fft1, ref_start_time: 2117234907765532, ref_stop_time: 2117234907806182, actual_exe_time: 40650, task_app_start_time:2117231035825139, task_sched_time:2117234907756622
app_id: 0, app_name: SAR_api-aarch64, task_id: 1112, task_name: DASH_FFT, resource_name: fft2, ref_start_time: 2117234911171042, ref_stop_time: 2117234911229542, actual_exe_time: 58500, task_app_start_time:2117231035825139, task_sched_time:2117234911096792
app_id: 0, app_name: SAR_api-aarch64, task_id: 1113, task_name: DASH_FFT, resource_name: cpu1, ref_start_time: 2117234912026103, ref_stop_time: 2117234912069963, actual_exe_time: 43860, task_app_start_time:2117231035825139, task_sched_time:2117234912015393
app_id: 0, app_name: SAR_api-aarch64, task_id: 1114, task_name: DASH_FFT, resource_name: cpu2, ref_start_time: 2117234915629073, ref_stop_time: 2117234915693963, actual_exe_time: 64890, task_app_start_time:2117231035825139, task_sched_time:2117234915622053
app_id: 0, app_name: SAR_api-aarch64, task_id: 1115, task_name: DASH_FFT, resource_name: cpu3, ref_start_time: 2117234916254243, ref_stop_time: 2117234916294773, actual_exe_time: 40530, task_app_start_time:2117231035825139, task_sched_time:2117234916249293
app_id: 0, app_name: SAR_api-aarch64, task_id: 1116, task_name: DASH_FFT, resource_name: fft1, ref_start_time: 2117234919288564, ref_stop_time: 2117234919340344, actual_exe_time: 51780, task_app_start_time:2117231035825139, task_sched_time:2117234919285414
app_id: 0, app_name: SAR_api-aarch64, task_id: 1117, task_name: DASH_FFT, resource_name: fft2, ref_start_time: 2117234919678084, ref_stop_time: 2117234920159584, actual_exe_time: 481500, task_app_start_time:2117231035825139, task_sched_time:2117234919662334
app_id: 0, app_name: SAR_api-aarch64, task_id: 1118, task_name: DASH_FFT, resource_name: cpu1, ref_start_time: 2117234920873434, ref_stop_time: 2117234920932084, actual_exe_time: 58650, task_app_start_time:2117231035825139, task_sched_time:2117234920865424
app_id: 0, app_name: SAR_api-aarch64, task_id: 1119, task_name: DASH_FFT, resource_name: cpu2, ref_start_time: 2117234927865985, ref_stop_time: 2117234927918695, actual_exe_time: 52710, task_app_start_time:2117231035825139, task_sched_time:2117234927857645
app_id: 0, app_name: SAR_api-aarch64, task_id: 1120, task_name: DASH_FFT, resource_name: cpu3, ref_start_time: 2117234928489655, ref_stop_time: 2117234928542575, actual_exe_time: 52920, task_app_start_time:2117231035825139, task_sched_time:2117234928483235
app_id: 0, app_name: SAR_api-aarch64, task_id: 1121, task_name: DASH_FFT, resource_name: fft1, ref_start_time: 2117234928996775, ref_stop_time: 2117234929037035, actual_exe_time: 40260, task_app_start_time:2117231035825139, task_sched_time:2117234928984265
app_id: 0, app_name: SAR_api-aarch64, task_id: 1122, task_name: DASH_FFT, resource_name: fft2, ref_start_time: 2117234929639165, ref_stop_time: 2117234929692325, actual_exe_time: 53160, task_app_start_time:2117231035825139, task_sched_time:2117234929636195
app_id: 0, app_name: SAR_api-aarch64, task_id: 1123, task_name: DASH_FFT, resource_name: cpu1, ref_start_time: 2117234935870946, ref_stop_time: 2117234935917206, actual_exe_time: 46260, task_app_start_time:2117231035825139, task_sched_time:2117234935857866
app_id: 0, app_name: SAR_api-aarch64, task_id: 1124, task_name: DASH_FFT, resource_name: cpu2, ref_start_time: 2117234936594156, ref_stop_time: 2117234936650586, actual_exe_time: 56430, task_app_start_time:2117231035825139, task_sched_time:2117234936582666
app_id: 0, app_name: SAR_api-aarch64, task_id: 1125, task_name: DASH_FFT, resource_name: cpu3, ref_start_time: 2117234937394137, ref_stop_time: 2117234937435777, actual_exe_time: 41640, task_app_start_time:2117231035825139, task_sched_time:2117234937389817
app_id: 0, app_name: SAR_api-aarch64, task_id: 1126, task_name: DASH_FFT, resource_name: fft1, ref_start_time: 2117234943013557, ref_stop_time: 2117234943071518, actual_exe_time: 57961, task_app_start_time:2117231035825139, task_sched_time:2117234943001077
app_id: 0, app_name: SAR_api-aarch64, task_id: 1127, task_name: DASH_FFT, resource_name: fft2, ref_start_time: 2117234943861388, ref_stop_time: 2117234943904948, actual_exe_time: 43560, task_app_start_time:2117231035825139, task_sched_time:2117234943829108
app_id: 0, app_name: SAR_api-aarch64, task_id: 1128, task_name: DASH_FFT, resource_name: cpu1, ref_start_time: 2117234944538188, ref_stop_time: 2117234944587748, actual_exe_time: 49560, task_app_start_time:2117231035825139, task_sched_time:2117234944533658
app_id: 0, app_name: SAR_api-aarch64, task_id: 1129, task_name: DASH_FFT, resource_name: cpu2, ref_start_time: 2117234947768108, ref_stop_time: 2117234947996258, actual_exe_time: 228150, task_app_start_time:2117231035825139, task_sched_time:2117234947728358
app_id: 0, app_name: SAR_api-aarch64, task_id: 1130, task_name: DASH_FFT, resource_name: cpu3, ref_start_time: 2117234951069429, ref_stop_time: 2117234951126879, actual_exe_time: 57450, task_app_start_time:2117231035825139, task_sched_time:2117234951065169
app_id: 0, app_name: SAR_api-aarch64, task_id: 1131, task_name: DASH_FFT, resource_name: fft1, ref_start_time: 2117234953862099, ref_stop_time: 2117234953904579, actual_exe_time: 42480, task_app_start_time:2117231035825139, task_sched_time:2117234953849799
app_id: 0, app_name: SAR_api-aarch64, task_id: 1132, task_name: DASH_FFT, resource_name: fft2, ref_start_time: 2117234954823869, ref_stop_time: 2117234955113249, actual_exe_time: 289380, task_app_start_time:2117231035825139, task_sched_time:2117234954802209
app_id: 0, app_name: SAR_api-aarch64, task_id: 1133, task_name: DASH_FFT, resource_name: cpu1, ref_start_time: 2117234958093930, ref_stop_time: 2117234958147060, actual_exe_time: 53130, task_app_start_time:2117231035825139, task_sched_time:2117234955775350
app_id: 0, app_name: SAR_api-aarch64, task_id: 1134, task_name: DASH_FFT, resource_name: cpu2, ref_start_time: 2117234963098891, ref_stop_time: 2117234963171431, actual_exe_time: 72540, task_app_start_time:2117231035825139, task_sched_time:2117234963004361
app_id: 0, app_name: SAR_api-aarch64, task_id: 1135, task_name: DASH_FFT, resource_name: cpu3, ref_start_time: 2117234967352501, ref_stop_time: 2117234967401851, actual_exe_time: 49350, task_app_start_time:2117231035825139, task_sched_time:2117234967346441
app_id: 0, app_name: SAR_api-aarch64, task_id: 1136, task_name: DASH_FFT, resource_name: fft1, ref_start_time: 2117234968914722, ref_stop_time: 2117234968974632, actual_exe_time: 59910, task_app_start_time:2117231035825139, task_sched_time:2117234968907252
app_id: 0, app_name: SAR_api-aarch64, task_id: 1137, task_name: DASH_FFT, resource_name: fft2, ref_start_time: 2117234971305902, ref_stop_time: 2117234971353632, actual_exe_time: 47730, task_app_start_time:2117231035825139, task_sched_time:2117234971238672
app_id: 0, app_name: SAR_api-aarch64, task_id: 1138, task_name: DASH_FFT, resource_name: cpu1, ref_start_time: 2117234974491483, ref_stop_time: 2117234974551573, actual_exe_time: 60090, task_app_start_time:2117231035825139, task_sched_time:2117234974479453
app_id: 0, app_name: SAR_api-aarch64, task_id: 1139, task_name: DASH_FFT, resource_name: cpu2, ref_start_time: 2117234975097873, ref_stop_time: 2117234975145993, actual_exe_time: 48120, task_app_start_time:2117231035825139, task_sched_time:2117234975019003
app_id: 0, app_name: SAR_api-aarch64, task_id: 1140, task_name: DASH_FFT, resource_name: cpu3, ref_start_time: 2117234978934063, ref_stop_time: 2117234979000993, actual_exe_time: 66930, task_app_start_time:2117231035825139, task_sched_time:2117234975854233
app_id: 0, app_name: SAR_api-aarch64, task_id: 1141, task_name: DASH_FFT, resource_name: fft1, ref_start_time: 2117234982989704, ref_stop_time: 2117234983032694, actual_exe_time: 42990, task_app_start_time:2117231035825139, task_sched_time:2117234982983194
app_id: 0, app_name: SAR_api-aarch64, task_id: 1142, task_name: DASH_FFT, resource_name: fft2, ref_start_time: 2117234983902064, ref_stop_time: 2117234983960954, actual_exe_time: 58890, task_app_start_time:2117231035825139, task_sched_time:2117234983840054
app_id: 0, app_name: SAR_api-aarch64, task_id: 1143, task_name: DASH_FFT, resource_name: cpu1, ref_start_time: 2117234984975494, ref_stop_time: 2117234985022594, actual_exe_time: 47100, task_app_start_time:2117231035825139, task_sched_time:2117234984961994
app_id: 0, app_name: SAR_api-aarch64, task_id: 1144, task_name: DASH_FFT, resource_name: cpu2, ref_start_time: 2117234985768004, ref_stop_time: 2117234985828514, actual_exe_time: 60510, task_app_start_time:2117231035825139, task_sched_time:2117234985760954
app_id: 0, app_name: SAR_api-aarch64, task_id: 1145, task_name: DASH_FFT, resource_name: cpu3, ref_start_time: 2117234990975315, ref_stop_time: 2117234991032945, actual_exe_time: 57630, task_app_start_time:2117231035825139, task_sched_time:2117234986326094
app_id: 0, app_name: SAR_api-aarch64, task_id: 1146, task_name: DASH_FFT, resource_name: fft1, ref_start_time: 2117234991633365, ref_stop_time: 2117234991691265, actual_exe_time: 57900, task_app_start_time:2117231035825139, task_sched_time:2117234991621965
app_id: 0, app_name: SAR_api-aarch64, task_id: 1147, task_name: DASH_FFT, resource_name: fft2, ref_start_time: 2117234992423805, ref_stop_time: 2117234992465745, actual_exe_time: 41940, task_app_start_time:2117231035825139, task_sched_time:2117234992392575
app_id: 0, app_name: SAR_api-aarch64, task_id: 1148, task_name: DASH_FFT, resource_name: cpu1, ref_start_time: 2117234992840386, ref_stop_time: 2117234992890996, actual_exe_time: 50610, task_app_start_time:2117231035825139, task_sched_time:2117234992829556
app_id: 0, app_name: SAR_api-aarch64, task_id: 1149, task_name: DASH_FFT, resource_name: cpu2, ref_start_time: 2117234993619756, ref_stop_time: 2117234993666286, actual_exe_time: 46530, task_app_start_time:2117231035825139, task_sched_time:2117234993613906
app_id: 0, app_name: SAR_api-aarch64, task_id: 1150, task_name: DASH_FFT, resource_name: cpu3, ref_start_time: 2117234994911646, ref_stop_time: 2117234994973866, actual_exe_time: 62220, task_app_start_time:2117231035825139, task_sched_time:2117234994205746
app_id: 0, app_name: SAR_api-aarch64, task_id: 1151, task_name: DASH_FFT, resource_name: fft1, ref_start_time: 2117234995475466, ref_stop_time: 2117234995513956, actual_exe_time: 38490, task_app_start_time:2117231035825139, task_sched_time:2117234995462596
app_id: 0, app_name: SAR_api-aarch64, task_id: 1152, task_name: DASH_FFT, resource_name: fft2, ref_start_time: 2117234996033226, ref_stop_time: 2117234996086386, actual_exe_time: 53160, task_app_start_time:2117231035825139, task_sched_time:2117234996025876
app_id: 0, app_name: SAR_api-aarch64, task_id: 1153, task_name: DASH_FFT, resource_name: cpu1, ref_start_time: 2117234996720886, ref_stop_time: 2117234996763906, actual_exe_time: 43020, task_app_start_time:2117231035825139, task_sched_time:2117234996711796
app_id: 0, app_name: SAR_api-aarch64, task_id: 1154, task_name: DASH_FFT, resource_name: cpu2, ref_start_time: 2117234997308556, ref_stop_time: 2117234997364266, actual_exe_time: 55710, task_app_start_time:2117231035825139, task_sched_time:2117234997304536
app_id: 0, app_name: SAR_api-aarch64, task_id: 1155, task_name: DASH_FFT, resource_name: cpu3, ref_start_time: 2117234998821306, ref_stop_time: 2117234999261017, actual_exe_time: 439711, task_app_start_time:2117231035825139, task_sched_time:2117234997906576
app_id: 0, app_name: SAR_api-aarch64, task_id: 1156, task_name: DASH_FFT, resource_name: fft1, ref_start_time: 2117235003366727, ref_stop_time: 2117235003423997, actual_exe_time: 57270, task_app_start_time:2117231035825139, task_sched_time:2117235003358957
app_id: 0, app_name: SAR_api-aarch64, task_id: 1157, task_name: DASH_FFT, resource_name: fft2, ref_start_time: 2117235004113457, ref_stop_time: 2117235004155427, actual_exe_time: 41970, task_app_start_time:2117231035825139, task_sched_time:2117235004106857
app_id: 0, app_name: SAR_api-aarch64, task_id: 1158, task_name: DASH_FFT, resource_name: cpu1, ref_start_time: 2117235007263758, ref_stop_time: 2117235007322318, actual_exe_time: 58560, task_app_start_time:2117231035825139, task_sched_time:2117235007258838
app_id: 0, app_name: SAR_api-aarch64, task_id: 1159, task_name: DASH_FFT, resource_name: cpu2, ref_start_time: 2117235010958498, ref_stop_time: 2117235011009708, actual_exe_time: 51210, task_app_start_time:2117231035825139, task_sched_time:2117235010951718
app_id: 0, app_name: SAR_api-aarch64, task_id: 1160, task_name: DASH_FFT, resource_name: cpu3, ref_start_time: 2117235011602899, ref_stop_time: 2117235011660439, actual_exe_time: 57540, task_app_start_time:2117231035825139, task_sched_time:2117235011593959
app_id: 0, app_name: SAR_api-aarch64, task_id: 1161, task_name: DASH_FFT, resource_name: fft1, ref_start_time: 2117235014998569, ref_stop_time: 2117235015040119, actual_exe_time: 41550, task_app_start_time:2117231035825139, task_sched_time:2117235014986839
app_id: 0, app_name: SAR_api-aarch64, task_id: 1162, task_name: DASH_FFT, resource_name: fft2, ref_start_time: 2117235015590919, ref_stop_time: 2117235015647709, actual_exe_time: 56790, task_app_start_time:2117231035825139, task_sched_time:2117235015583359
app_id: 0, app_name: SAR_api-aarch64, task_id: 1163, task_name: DASH_FFT, resource_name: cpu1, ref_start_time: 2117235016863909, ref_stop_time: 2117235016908969, actual_exe_time: 45060, task_app_start_time:2117231035825139, task_sched_time:2117235016857909
app_id: 0, app_name: SAR_api-aarch64, task_id: 1164, task_name: DASH_FFT, resource_name: cpu2, ref_start_time: 2117235023158960, ref_stop_time: 2117235023230480, actual_exe_time: 71520, task_app_start_time:2117231035825139, task_sched_time:2117235023078410
app_id: 0, app_name: SAR_api-aarch64, task_id: 1165, task_name: DASH_FFT, resource_name: cpu3, ref_start_time: 2117235023827001, ref_stop_time: 2117235023869421, actual_exe_time: 42420, task_app_start_time:2117231035825139, task_sched_time:2117235023819651
app_id: 0, app_name: SAR_api-aarch64, task_id: 1166, task_name: DASH_FFT, resource_name: fft1, ref_start_time: 2117235024378161, ref_stop_time: 2117235024448301, actual_exe_time: 70140, task_app_start_time:2117231035825139, task_sched_time:2117235024366911
app_id: 0, app_name: SAR_api-aarch64, task_id: 1167, task_name: DASH_FFT, resource_name: fft2, ref_start_time: 2117235026946701, ref_stop_time: 2117235026990111, actual_exe_time: 43410, task_app_start_time:2117231035825139, task_sched_time:2117235026940671
app_id: 0, app_name: SAR_api-aarch64, task_id: 1168, task_name: DASH_FFT, resource_name: cpu1, ref_start_time: 2117235030984822, ref_stop_time: 2117235031051632, actual_exe_time: 66810, task_app_start_time:2117231035825139, task_sched_time:2117235030973122
app_id: 0, app_name: SAR_api-aarch64, task_id: 1169, task_name: DASH_FFT, resource_name: cpu2, ref_start_time: 2117235031537932, ref_stop_time: 2117235031583382, actual_exe_time: 45450, task_app_start_time:2117231035825139, task_sched_time:2117235031534782
app_id: 0, app_name: SAR_api-aarch64, task_id: 1170, task_name: DASH_FFT, resource_name: cpu3, ref_start_time: 2117235032372322, ref_stop_time: 2117235032422092, actual_exe_time: 49770, task_app_start_time:2117231035825139, task_sched_time:2117235032367822
app_id: 0, app_name: SAR_api-aarch64, task_id: 1171, task_name: DASH_FFT, resource_name: fft1, ref_start_time: 2117235039520453, ref_stop_time: 2117235039568813, actual_exe_time: 48360, task_app_start_time:2117231035825139, task_sched_time:2117235039513283
app_id: 0, app_name: SAR_api-aarch64, task_id: 1172, task_name: DASH_FFT, resource_name: fft2, ref_start_time: 2117235040328503, ref_stop_time: 2117235040384783, actual_exe_time: 56280, task_app_start_time:2117231035825139, task_sched_time:2117235040266043
app_id: 0, app_name: SAR_api-aarch64, task_id: 1173, task_name: DASH_FFT, resource_name: cpu1, ref_start_time: 2117235042968384, ref_stop_time: 2117235043016414, actual_exe_time: 48030, task_app_start_time:2117231035825139, task_sched_time:2117235042962864
app_id: 0, app_name: SAR_api-aarch64, task_id: 1174, task_name: DASH_FFT, resource_name: cpu2, ref_start_time: 2117235047154614, ref_stop_time: 2117235047440394, actual_exe_time: 285780, task_app_start_time:2117231035825139, task_sched_time:2117235047147894
app_id: 0, app_name: SAR_api-aarch64, task_id: 1175, task_name: DASH_FFT, resource_name: cpu3, ref_start_time: 2117235048001244, ref_stop_time: 2117235048043784, actual_exe_time: 42540, task_app_start_time:2117231035825139, task_sched_time:2117235047992544
app_id: 0, app_name: SAR_api-aarch64, task_id: 1176, task_name: DASH_FFT, resource_name: fft1, ref_start_time: 2117235050995815, ref_stop_time: 2117235051062085, actual_exe_time: 66270, task_app_start_time:2117231035825139, task_sched_time:2117235050985165
app_id: 0, app_name: SAR_api-aarch64, task_id: 1177, task_name: DASH_FFT, resource_name: fft2, ref_start_time: 2117235055416496, ref_stop_time: 2117235055465696, actual_exe_time: 49200, task_app_start_time:2117231035825139, task_sched_time:2117235055322716
app_id: 0, app_name: SAR_api-aarch64, task_id: 1178, task_name: DASH_FFT, resource_name: cpu1, ref_start_time: 2117235059097826, ref_stop_time: 2117235059163406, actual_exe_time: 65580, task_app_start_time:2117231035825139, task_sched_time:2117235059061226
app_id: 0, app_name: SAR_api-aarch64, task_id: 1179, task_name: DASH_FFT, resource_name: cpu2, ref_start_time: 2117235062364917, ref_stop_time: 2117235062415617, actual_exe_time: 50700, task_app_start_time:2117231035825139, task_sched_time:2117235062361167
app_id: 0, app_name: SAR_api-aarch64, task_id: 1180, task_name: DASH_FFT, resource_name: cpu3, ref_start_time: 2117235062589947, ref_stop_time: 2117235062641637, actual_exe_time: 51690, task_app_start_time:2117231035825139, task_sched_time:2117235062585387
app_id: 0, app_name: SAR_api-aarch64, task_id: 1181, task_name: DASH_FFT, resource_name: fft1, ref_start_time: 2117235063729257, ref_stop_time: 2117235063776867, actual_exe_time: 47610, task_app_start_time:2117231035825139, task_sched_time:2117235063722117
app_id: 0, app_name: SAR_api-aarch64, task_id: 1182, task_name: DASH_FFT, resource_name: fft2, ref_start_time: 2117235067774848, ref_stop_time: 2117235067837308, actual_exe_time: 62460, task_app_start_time:2117231035825139, task_sched_time:2117235067720908
app_id: 0, app_name: SAR_api-aarch64, task_id: 1183, task_name: DASH_FFT, resource_name: cpu1, ref_start_time: 2117235075288979, ref_stop_time: 2117235075344059, actual_exe_time: 55080, task_app_start_time:2117231035825139, task_sched_time:2117235075278209
app_id: 0, app_name: SAR_api-aarch64, task_id: 1184, task_name: DASH_FFT, resource_name: cpu2, ref_start_time: 2117235075809899, ref_stop_time: 2117235075871849, actual_exe_time: 61950, task_app_start_time:2117231035825139, task_sched_time:2117235075793969
app_id: 0, app_name: SAR_api-aarch64, task_id: 1185, task_name: DASH_FFT, resource_name: cpu3, ref_start_time: 2117235081387950, ref_stop_time: 2117235081438320, actual_exe_time: 50370, task_app_start_time:2117231035825139, task_sched_time:2117235081379010
app_id: 0, app_name: SAR_api-aarch64, task_id: 1186, task_name: DASH_FFT, resource_name: fft1, ref_start_time: 2117235082232450, ref_stop_time: 2117235082288490, actual_exe_time: 56040, task_app_start_time:2117231035825139, task_sched_time:2117235082196600
app_id: 0, app_name: SAR_api-aarch64, task_id: 1187, task_name: DASH_FFT, resource_name: fft2, ref_start_time: 2117235082795010, ref_stop_time: 2117235082837730, actual_exe_time: 42720, task_app_start_time:2117231035825139, task_sched_time:2117235082786940
app_id: 0, app_name: SAR_api-aarch64, task_id: 1188, task_name: DASH_FFT, resource_name: cpu1, ref_start_time: 2117235083440490, ref_stop_time: 2117235083499500, actual_exe_time: 59010, task_app_start_time:2117231035825139, task_sched_time:2117235083431790
app_id: 0, app_name: SAR_api-aarch64, task_id: 1189, task_name: DASH_FFT, resource_name: cpu2, ref_start_time: 2117235083925230, ref_stop_time: 2117235083971700, actual_exe_time: 46470, task_app_start_time:2117231035825139, task_sched_time:2117235083871410
app_id: 0, app_name: SAR_api-aarch64, task_id: 1190, task_name: DASH_FFT, resource_name: cpu3, ref_start_time: 2117235086941491, ref_stop_time: 2117235087004011, actual_exe_time: 62520, task_app_start_time:2117231035825139, task_sched_time:2117235084580280
app_id: 0, app_name: SAR_api-aarch64, task_id: 1191, task_name: DASH_FFT, resource_name: fft1, ref_start_time: 2117235087501441, ref_stop_time: 2117235087541971, actual_exe_time: 40530, task_app_start_time:2117231035825139, task_sched_time:2117235087498171
app_id: 0, app_name: SAR_api-aarch64, task_id: 1192, task_name: DASH_FFT, resource_name: fft2, ref_start_time: 2117235091032501, ref_stop_time: 2117235091089951, actual_exe_time: 57450, task_app_start_time:2117231035825139, task_sched_time:2117235090972381
app_id: 0, app_name: SAR_api-aarch64, task_id: 1193, task_name: DASH_FFT, resource_name: cpu1, ref_start_time: 2117235092757892, ref_stop_time: 2117235092808382, actual_exe_time: 50490, task_app_start_time:2117231035825139, task_sched_time:2117235092704582
app_id: 0, app_name: SAR_api-aarch64, task_id: 1194, task_name: DASH_FFT, resource_name: cpu2, ref_start_time: 2117235095299162, ref_stop_time: 2117235095366422, actual_exe_time: 67260, task_app_start_time:2117231035825139, task_sched_time:2117235095290882
app_id: 0, app_name: SAR_api-aarch64, task_id: 1195, task_name: DASH_FFT, resource_name: cpu3, ref_start_time: 2117235101805023, ref_stop_time: 2117235101855423, actual_exe_time: 50400, task_app_start_time:2117231035825139, task_sched_time:2117235101795063
app_id: 0, app_name: SAR_api-aarch64, task_id: 1196, task_name: DASH_FFT, resource_name: fft1, ref_start_time: 2117235105597894, ref_stop_time: 2117235105665304, actual_exe_time: 67410, task_app_start_time:2117231035825139, task_sched_time:2117235105593184
app_id: 0, app_name: SAR_api-aarch64, task_id: 1197, task_name: DASH_FFT, resource_name: fft2, ref_start_time: 2117235107139354, ref_stop_time: 2117235107183754, actual_exe_time: 44400, task_app_start_time:2117231035825139, task_sched_time:2117235107134074
app_id: 0, app_name: SAR_api-aarch64, task_id: 1198, task_name: DASH_FFT, resource_name: cpu1, ref_start_time: 2117235111141265, ref_stop_time: 2117235111204175, actual_exe_time: 62910, task_app_start_time:2117231035825139, task_sched_time:2117235111124465
app_id: 0, app_name: SAR_api-aarch64, task_id: 1199, task_name: DASH_FFT, resource_name: cpu2, ref_start_time: 2117235115277395, ref_stop_time: 2117235115333495, actual_exe_time: 56100, task_app_start_time:2117231035825139, task_sched_time:2117235115190005
app_id: 0, app_name: SAR_api-aarch64, task_id: 1200, task_name: DASH_FFT, resource_name: cpu3, ref_start_time: 2117235120658556, ref_stop_time: 2117235120723836, actual_exe_time: 65280, task_app_start_time:2117231035825139, task_sched_time:2117235120649106
app_id: 0, app_name: SAR_api-aarch64, task_id: 1201, task_name: DASH_FFT, resource_name: fft1, ref_start_time: 2117235121518386, ref_stop_time: 2117235121560266, actual_exe_time: 41880, task_app_start_time:2117231035825139, task_sched_time:2117235121514966
app_id: 0, app_name: SAR_api-aarch64, task_id: 1202, task_name: DASH_FFT, resource_name: fft2, ref_start_time: 2117235121992026, ref_stop_time: 2117235122045936, actual_exe_time: 53910, task_app_start_time:2117231035825139, task_sched_time:2117235121955006
app_id: 0, app_name: SAR_api-aarch64, task_id: 1203, task_name: DASH_FFT, resource_name: cpu1, ref_start_time: 2117235127170867, ref_stop_time: 2117235127231077, actual_exe_time: 60210, task_app_start_time:2117231035825139, task_sched_time:2117235127160637
app_id: 0, app_name: SAR_api-aarch64, task_id: 1204, task_name: DASH_FFT, resource_name: cpu2, ref_start_time: 2117235131223358, ref_stop_time: 2117235134698348, actual_exe_time: 3474990, task_app_start_time:2117231035825139, task_sched_time:2117235131203558
app_id: 0, app_name: SAR_api-aarch64, task_id: 1205, task_name: DASH_FFT, resource_name: cpu3, ref_start_time: 2117235135635668, ref_stop_time: 2117235135681179, actual_exe_time: 45511, task_app_start_time:2117231035825139, task_sched_time:2117235135627838
app_id: 0, app_name: SAR_api-aarch64, task_id: 1206, task_name: DASH_FFT, resource_name: fft1, ref_start_time: 2117235139035899, ref_stop_time: 2117235139096619, actual_exe_time: 60720, task_app_start_time:2117231035825139, task_sched_time:2117235139028369
app_id: 0, app_name: SAR_api-aarch64, task_id: 1207, task_name: DASH_FFT, resource_name: fft2, ref_start_time: 2117235143138940, ref_stop_time: 2117235147075150, actual_exe_time: 3936210, task_app_start_time:2117231035825139, task_sched_time:2117235143120850
app_id: 0, app_name: SAR_api-aarch64, task_id: 1208, task_name: DASH_FFT, resource_name: cpu1, ref_start_time: 2117235149758291, ref_stop_time: 2117235149825221, actual_exe_time: 66930, task_app_start_time:2117231035825139, task_sched_time:2117235149683741
app_id: 0, app_name: SAR_api-aarch64, task_id: 1209, task_name: DASH_FFT, resource_name: cpu2, ref_start_time: 2117235155465012, ref_stop_time: 2117235155521832, actual_exe_time: 56820, task_app_start_time:2117231035825139, task_sched_time:2117235155361542
app_id: 0, app_name: SAR_api-aarch64, task_id: 1210, task_name: DASH_FFT, resource_name: cpu3, ref_start_time: 2117235162689373, ref_stop_time: 2117235162779763, actual_exe_time: 90390, task_app_start_time:2117231035825139, task_sched_time:2117235162680763
app_id: 0, app_name: SAR_api-aarch64, task_id: 1211, task_name: DASH_FFT, resource_name: fft1, ref_start_time: 2117235163793613, ref_stop_time: 2117235163838733, actual_exe_time: 45120, task_app_start_time:2117231035825139, task_sched_time:2117235163765443
app_id: 0, app_name: SAR_api-aarch64, task_id: 1212, task_name: DASH_FFT, resource_name: fft2, ref_start_time: 2117235167375134, ref_stop_time: 2117235167433754, actual_exe_time: 58620, task_app_start_time:2117231035825139, task_sched_time:2117235167362714
app_id: 0, app_name: SAR_api-aarch64, task_id: 1213, task_name: DASH_FFT, resource_name: cpu1, ref_start_time: 2117235174970925, ref_stop_time: 2117235175023185, actual_exe_time: 52260, task_app_start_time:2117231035825139, task_sched_time:2117235174966515
app_id: 0, app_name: SAR_api-aarch64, task_id: 1214, task_name: DASH_FFT, resource_name: cpu2, ref_start_time: 2117235176932205, ref_stop_time: 2117235176992385, actual_exe_time: 60180, task_app_start_time:2117231035825139, task_sched_time:2117235176926685
app_id: 0, app_name: SAR_api-aarch64, task_id: 1215, task_name: DASH_FFT, resource_name: cpu3, ref_start_time: 2117235178106885, ref_stop_time: 2117235178151435, actual_exe_time: 44550, task_app_start_time:2117231035825139, task_sched_time:2117235178102925
app_id: 0, app_name: SAR_api-aarch64, task_id: 1216, task_name: DASH_FFT, resource_name: fft1, ref_start_time: 2117235183296916, ref_stop_time: 2117235183369966, actual_exe_time: 73050, task_app_start_time:2117231035825139, task_sched_time:2117235183287646
app_id: 0, app_name: SAR_api-aarch64, task_id: 1217, task_name: DASH_FFT, resource_name: fft2, ref_start_time: 2117235187199437, ref_stop_time: 2117235187245217, actual_exe_time: 45780, task_app_start_time:2117231035825139, task_sched_time:2117235187189777
app_id: 0, app_name: SAR_api-aarch64, task_id: 1218, task_name: DASH_FFT, resource_name: cpu1, ref_start_time: 2117235192030368, ref_stop_time: 2117235192093068, actual_exe_time: 62700, task_app_start_time:2117231035825139, task_sched_time:2117235192020078
app_id: 0, app_name: SAR_api-aarch64, task_id: 1219, task_name: DASH_FFT, resource_name: cpu2, ref_start_time: 2117235192743318, ref_stop_time: 2117235192792638, actual_exe_time: 49320, task_app_start_time:2117231035825139, task_sched_time:2117235192692078
app_id: 0, app_name: SAR_api-aarch64, task_id: 1220, task_name: DASH_FFT, resource_name: cpu3, ref_start_time: 2117235194924468, ref_stop_time: 2117235194989388, actual_exe_time: 64920, task_app_start_time:2117231035825139, task_sched_time:2117235193179668
app_id: 0, app_name: SAR_api-aarch64, task_id: 1221, task_name: DASH_FFT, resource_name: fft1, ref_start_time: 2117235199652619, ref_stop_time: 2117235199707549, actual_exe_time: 54930, task_app_start_time:2117231035825139, task_sched_time:2117235199639569
app_id: 0, app_name: SAR_api-aarch64, task_id: 1222, task_name: DASH_FFT, resource_name: fft2, ref_start_time: 2117235203013669, ref_stop_time: 2117235203075379, actual_exe_time: 61710, task_app_start_time:2117231035825139, task_sched_time:2117235202956879
app_id: 0, app_name: SAR_api-aarch64, task_id: 1223, task_name: DASH_FFT, resource_name: cpu1, ref_start_time: 2117235206511790, ref_stop_time: 2117235206562250, actual_exe_time: 50460, task_app_start_time:2117231035825139, task_sched_time:2117235206506510
app_id: 0, app_name: SAR_api-aarch64, task_id: 1224, task_name: DASH_FFT, resource_name: cpu2, ref_start_time: 2117235211087421, ref_stop_time: 2117235211168391, actual_exe_time: 80970, task_app_start_time:2117231035825139, task_sched_time:2117235211002611
app_id: 0, app_name: SAR_api-aarch64, task_id: 1225, task_name: DASH_FFT, resource_name: cpu3, ref_start_time: 2117235215329751, ref_stop_time: 2117235215382911, actual_exe_time: 53160, task_app_start_time:2117231035825139, task_sched_time:2117235215322851
app_id: 0, app_name: SAR_api-aarch64, task_id: 1226, task_name: DASH_FFT, resource_name: fft1, ref_start_time: 2117235218954922, ref_stop_time: 2117235219023382, actual_exe_time: 68460, task_app_start_time:2117231035825139, task_sched_time:2117235218940912
app_id: 0, app_name: SAR_api-aarch64, task_id: 1227, task_name: DASH_FFT, resource_name: fft2, ref_start_time: 2117235220981962, ref_stop_time: 2117235221025222, actual_exe_time: 43260, task_app_start_time:2117231035825139, task_sched_time:2117235220976412
app_id: 0, app_name: SAR_api-aarch64, task_id: 1228, task_name: DASH_FFT, resource_name: cpu1, ref_start_time: 2117235227171143, ref_stop_time: 2117235227237443, actual_exe_time: 66300, task_app_start_time:2117231035825139, task_sched_time:2117235227162593
app_id: 0, app_name: SAR_api-aarch64, task_id: 1229, task_name: DASH_FFT, resource_name: cpu2, ref_start_time: 2117235230917934, ref_stop_time: 2117235231202214, actual_exe_time: 284280, task_app_start_time:2117231035825139, task_sched_time:2117235230914514
app_id: 0, app_name: SAR_api-aarch64, task_id: 1230, task_name: DASH_FFT, resource_name: cpu3, ref_start_time: 2117235235449825, ref_stop_time: 2117235235514895, actual_exe_time: 65070, task_app_start_time:2117231035825139, task_sched_time:2117235235305405
app_id: 0, app_name: SAR_api-aarch64, task_id: 1231, task_name: DASH_FFT, resource_name: fft1, ref_start_time: 2117235239035305, ref_stop_time: 2117235239084325, actual_exe_time: 49020, task_app_start_time:2117231035825139, task_sched_time:2117235239029905
app_id: 0, app_name: SAR_api-aarch64, task_id: 1232, task_name: DASH_FFT, resource_name: fft2, ref_start_time: 2117235242941486, ref_stop_time: 2117235243003256, actual_exe_time: 61770, task_app_start_time:2117231035825139, task_sched_time:2117235242936416
app_id: 0, app_name: SAR_api-aarch64, task_id: 1233, task_name: DASH_FFT, resource_name: cpu1, ref_start_time: 2117235248138777, ref_stop_time: 2117235248190467, actual_exe_time: 51690, task_app_start_time:2117231035825139, task_sched_time:2117235248123837
app_id: 0, app_name: SAR_api-aarch64, task_id: 1234, task_name: DASH_FFT, resource_name: cpu2, ref_start_time: 2117235249103007, ref_stop_time: 2117235249162737, actual_exe_time: 59730, task_app_start_time:2117231035825139, task_sched_time:2117235249098657
app_id: 0, app_name: SAR_api-aarch64, task_id: 1235, task_name: DASH_FFT, resource_name: cpu3, ref_start_time: 2117235255006828, ref_stop_time: 2117235255066108, actual_exe_time: 59280, task_app_start_time:2117231035825139, task_sched_time:2117235254996538
app_id: 0, app_name: SAR_api-aarch64, task_id: 1236, task_name: DASH_FFT, resource_name: fft1, ref_start_time: 2117235258958338, ref_stop_time: 2117235259025538, actual_exe_time: 67200, task_app_start_time:2117231035825139, task_sched_time:2117235258944598
app_id: 0, app_name: SAR_api-aarch64, task_id: 1237, task_name: DASH_FFT, resource_name: fft2, ref_start_time: 2117235259277598, ref_stop_time: 2117235259320048, actual_exe_time: 42450, task_app_start_time:2117231035825139, task_sched_time:2117235259212228
app_id: 0, app_name: SAR_api-aarch64, task_id: 1238, task_name: DASH_FFT, resource_name: cpu1, ref_start_time: 2117235267041390, ref_stop_time: 2117235267127880, actual_exe_time: 86490, task_app_start_time:2117231035825139, task_sched_time:2117235267033770
app_id: 0, app_name: SAR_api-aarch64, task_id: 1239, task_name: DASH_FFT, resource_name: cpu2, ref_start_time: 2117235270936680, ref_stop_time: 2117235271233260, actual_exe_time: 296580, task_app_start_time:2117231035825139, task_sched_time:2117235270931610
app_id: 0, app_name: SAR_api-aarch64, task_id: 1240, task_name: DASH_FFT, resource_name: cpu3, ref_start_time: 2117235274967481, ref_stop_time: 2117235275034981, actual_exe_time: 67500, task_app_start_time:2117231035825139, task_sched_time:2117235274960911
app_id: 0, app_name: SAR_api-aarch64, task_id: 1241, task_name: DASH_FFT, resource_name: fft1, ref_start_time: 2117235276914151, ref_stop_time: 2117235276991761, actual_exe_time: 77610, task_app_start_time:2117231035825139, task_sched_time:2117235276903231
app_id: 0, app_name: SAR_api-aarch64, task_id: 1242, task_name: DASH_FFT, resource_name: fft2, ref_start_time: 2117235283313362, ref_stop_time: 2117235283378162, actual_exe_time: 64800, task_app_start_time:2117231035825139, task_sched_time:2117235283306852
app_id: 0, app_name: SAR_api-aarch64, task_id: 1243, task_name: DASH_FFT, resource_name: cpu1, ref_start_time: 2117235283940332, ref_stop_time: 2117235283987552, actual_exe_time: 47220, task_app_start_time:2117231035825139, task_sched_time:2117235283933852
app_id: 0, app_name: SAR_api-aarch64, task_id: 1244, task_name: DASH_FFT, resource_name: cpu2, ref_start_time: 2117235290626673, ref_stop_time: 2117235290693723, actual_exe_time: 67050, task_app_start_time:2117231035825139, task_sched_time:2117235290561993
app_id: 0, app_name: SAR_api-aarch64, task_id: 1245, task_name: DASH_FFT, resource_name: cpu3, ref_start_time: 2117235291260214, ref_stop_time: 2117235291304584, actual_exe_time: 44370, task_app_start_time:2117231035825139, task_sched_time:2117235291250344
app_id: 0, app_name: SAR_api-aarch64, task_id: 1246, task_name: DASH_FFT, resource_name: fft1, ref_start_time: 2117235295531914, ref_stop_time: 2117235295595874, actual_exe_time: 63960, task_app_start_time:2117231035825139, task_sched_time:2117235295505724
app_id: 0, app_name: SAR_api-aarch64, task_id: 1247, task_name: DASH_FFT, resource_name: fft2, ref_start_time: 2117235299503615, ref_stop_time: 2117235299549125, actual_exe_time: 45510, task_app_start_time:2117231035825139, task_sched_time:2117235299493955
app_id: 0, app_name: SAR_api-aarch64, task_id: 1248, task_name: DASH_FFT, resource_name: cpu1, ref_start_time: 2117235304971056, ref_stop_time: 2117235305038916, actual_exe_time: 67860, task_app_start_time:2117231035825139, task_sched_time:2117235304962626
app_id: 0, app_name: SAR_api-aarch64, task_id: 1249, task_name: DASH_FFT, resource_name: cpu2, ref_start_time: 2117235305678276, ref_stop_time: 2117235305727176, actual_exe_time: 48900, task_app_start_time:2117231035825139, task_sched_time:2117235305674346
app_id: 0, app_name: SAR_api-aarch64, task_id: 1250, task_name: DASH_FFT, resource_name: cpu3, ref_start_time: 2117235311305077, ref_stop_time: 2117235311377587, actual_exe_time: 72510, task_app_start_time:2117231035825139, task_sched_time:2117235311295897
app_id: 0, app_name: SAR_api-aarch64, task_id: 1251, task_name: DASH_FFT, resource_name: fft1, ref_start_time: 2117235314954037, ref_stop_time: 2117235314997987, actual_exe_time: 43950, task_app_start_time:2117231035825139, task_sched_time:2117235314945727
app_id: 0, app_name: SAR_api-aarch64, task_id: 1252, task_name: DASH_FFT, resource_name: fft2, ref_start_time: 2117235318787618, ref_stop_time: 2117235318845908, actual_exe_time: 58290, task_app_start_time:2117231035825139, task_sched_time:2117235318780868
app_id: 0, app_name: SAR_api-aarch64, task_id: 1253, task_name: DASH_FFT, resource_name: cpu1, ref_start_time: 2117235319716118, ref_stop_time: 2117235319765858, actual_exe_time: 49740, task_app_start_time:2117231035825139, task_sched_time:2117235319712668
app_id: 0, app_name: SAR_api-aarch64, task_id: 1254, task_name: DASH_FFT, resource_name: cpu2, ref_start_time: 2117235323456219, ref_stop_time: 2117235323524409, actual_exe_time: 68190, task_app_start_time:2117231035825139, task_sched_time:2117235323390879
app_id: 0, app_name: SAR_api-aarch64, task_id: 1255, task_name: DASH_FFT, resource_name: cpu3, ref_start_time: 2117235331000050, ref_stop_time: 2117235331058160, actual_exe_time: 58110, task_app_start_time:2117231035825139, task_sched_time:2117235330991860
app_id: 0, app_name: SAR_api-aarch64, task_id: 1256, task_name: DASH_FFT, resource_name: fft1, ref_start_time: 2117235333546630, ref_stop_time: 2117235333612420, actual_exe_time: 65790, task_app_start_time:2117231035825139, task_sched_time:2117235333532980
app_id: 0, app_name: SAR_api-aarch64, task_id: 1257, task_name: DASH_FFT, resource_name: fft2, ref_start_time: 2117235339391711, ref_stop_time: 2117235339769171, actual_exe_time: 377460, task_app_start_time:2117231035825139, task_sched_time:2117235339379321
app_id: 0, app_name: SAR_api-aarch64, task_id: 1258, task_name: DASH_FFT, resource_name: cpu1, ref_start_time: 2117235343060832, ref_stop_time: 2117235343126202, actual_exe_time: 65370, task_app_start_time:2117231035825139, task_sched_time:2117235343056992
app_id: 0, app_name: SAR_api-aarch64, task_id: 1259, task_name: DASH_FFT, resource_name: cpu2, ref_start_time: 2117235346958673, ref_stop_time: 2117235347008683, actual_exe_time: 50010, task_app_start_time:2117231035825139, task_sched_time:2117235346948023
app_id: 0, app_name: SAR_api-aarch64, task_id: 1260, task_name: DASH_FFT, resource_name: cpu3, ref_start_time: 2117235348171993, ref_stop_time: 2117235348229893, actual_exe_time: 57900, task_app_start_time:2117231035825139, task_sched_time:2117235348023463
app_id: 0, app_name: SAR_api-aarch64, task_id: 1261, task_name: DASH_FFT, resource_name: fft1, ref_start_time: 2117235354952204, ref_stop_time: 2117235355003174, actual_exe_time: 50970, task_app_start_time:2117231035825139, task_sched_time:2117235354940474
app_id: 0, app_name: SAR_api-aarch64, task_id: 1262, task_name: DASH_FFT, resource_name: fft2, ref_start_time: 2117235359362385, ref_stop_time: 2117235359424755, actual_exe_time: 62370, task_app_start_time:2117231035825139, task_sched_time:2117235359357135
app_id: 0, app_name: SAR_api-aarch64, task_id: 1263, task_name: DASH_FFT, resource_name: cpu1, ref_start_time: 2117235361858415, ref_stop_time: 2117235361908215, actual_exe_time: 49800, task_app_start_time:2117231035825139, task_sched_time:2117235361840145
app_id: 0, app_name: SAR_api-aarch64, task_id: 1264, task_name: DASH_FFT, resource_name: cpu2, ref_start_time: 2117235362464535, ref_stop_time: 2117235362524205, actual_exe_time: 59670, task_app_start_time:2117231035825139, task_sched_time:2117235362409845
app_id: 0, app_name: SAR_api-aarch64, task_id: 1265, task_name: DASH_FFT, resource_name: cpu3, ref_start_time: 2117235366940356, ref_stop_time: 2117235366990726, actual_exe_time: 50370, task_app_start_time:2117231035825139, task_sched_time:2117235366929766
app_id: 0, app_name: SAR_api-aarch64, task_id: 1266, task_name: DASH_FFT, resource_name: fft1, ref_start_time: 2117235370989366, ref_stop_time: 2117235371054886, actual_exe_time: 65520, task_app_start_time:2117231035825139, task_sched_time:2117235370975236
app_id: 0, app_name: SAR_api-aarch64, task_id: 1267, task_name: DASH_FFT, resource_name: fft2, ref_start_time: 2117235375437287, ref_stop_time: 2117235375481327, actual_exe_time: 44040, task_app_start_time:2117231035825139, task_sched_time:2117235375433087
app_id: 0, app_name: SAR_api-aarch64, task_id: 1268, task_name: DASH_FFT, resource_name: cpu1, ref_start_time: 2117235376187407, ref_stop_time: 2117235376248637, actual_exe_time: 61230, task_app_start_time:2117231035825139, task_sched_time:2117235376184167
app_id: 0, app_name: SAR_api-aarch64, task_id: 1269, task_name: DASH_FFT, resource_name: cpu2, ref_start_time: 2117235383623748, ref_stop_time: 2117235383682128, actual_exe_time: 58380, task_app_start_time:2117231035825139, task_sched_time:2117235383616728
app_id: 0, app_name: SAR_api-aarch64, task_id: 1270, task_name: DASH_FFT, resource_name: cpu3, ref_start_time: 2117235384264759, ref_stop_time: 2117235384325029, actual_exe_time: 60270, task_app_start_time:2117231035825139, task_sched_time:2117235384261669
app_id: 0, app_name: SAR_api-aarch64, task_id: 1271, task_name: DASH_FFT, resource_name: fft1, ref_start_time: 2117235386947299, ref_stop_time: 2117235386997729, actual_exe_time: 50430, task_app_start_time:2117231035825139, task_sched_time:2117235386942019
app_id: 0, app_name: SAR_api-aarch64, task_id: 1272, task_name: DASH_FFT, resource_name: fft2, ref_start_time: 2117235390278829, ref_stop_time: 2117235390338079, actual_exe_time: 59250, task_app_start_time:2117231035825139, task_sched_time:2117235390271629
app_id: 0, app_name: SAR_api-aarch64, task_id: 1273, task_name: DASH_FFT, resource_name: cpu1, ref_start_time: 2117235390851590, ref_stop_time: 2117235391016080, actual_exe_time: 164490, task_app_start_time:2117231035825139, task_sched_time:2117235390654130
app_id: 0, app_name: SAR_api-aarch64, task_id: 1274, task_name: DASH_FFT, resource_name: cpu2, ref_start_time: 2117235399112001, ref_stop_time: 2117235399181061, actual_exe_time: 69060, task_app_start_time:2117231035825139, task_sched_time:2117235399000341
app_id: 0, app_name: SAR_api-aarch64, task_id: 1275, task_name: DASH_FFT, resource_name: cpu3, ref_start_time: 2117235403553772, ref_stop_time: 2117235403602012, actual_exe_time: 48240, task_app_start_time:2117231035825139, task_sched_time:2117235403550022
app_id: 0, app_name: SAR_api-aarch64, task_id: 1276, task_name: DASH_FFT, resource_name: fft1, ref_start_time: 2117235404898852, ref_stop_time: 2117235404960322, actual_exe_time: 61470, task_app_start_time:2117231035825139, task_sched_time:2117235404888682
app_id: 0, app_name: SAR_api-aarch64, task_id: 1277, task_name: DASH_FFT, resource_name: fft2, ref_start_time: 2117235405428652, ref_stop_time: 2117235405474222, actual_exe_time: 45570, task_app_start_time:2117231035825139, task_sched_time:2117235405380082
app_id: 0, app_name: SAR_api-aarch64, task_id: 1278, task_name: DASH_FFT, resource_name: cpu1, ref_start_time: 2117235411761983, ref_stop_time: 2117235411825373, actual_exe_time: 63390, task_app_start_time:2117231035825139, task_sched_time:2117235411518773
app_id: 0, app_name: SAR_api-aarch64, task_id: 1279, task_name: DASH_FFT, resource_name: cpu2, ref_start_time: 2117235415743254, ref_stop_time: 2117235415793414, actual_exe_time: 50160, task_app_start_time:2117231035825139, task_sched_time:2117235415718174
app_id: 0, app_name: SAR_api-aarch64, task_id: 1280, task_name: DASH_FFT, resource_name: cpu3, ref_start_time: 2117235418881824, ref_stop_time: 2117235418942994, actual_exe_time: 61170, task_app_start_time:2117231035825139, task_sched_time:2117235418728824
app_id: 0, app_name: SAR_api-aarch64, task_id: 1281, task_name: DASH_ZIP, resource_name: zip1, ref_start_time: 2117235423207705, ref_stop_time: 2117235423343485, actual_exe_time: 135780, task_app_start_time:2117231035825139, task_sched_time:2117235423198255
app_id: 0, app_name: SAR_api-aarch64, task_id: 1282, task_name: DASH_FFT, resource_name: cpu1, ref_start_time: 2117235427045605, ref_stop_time: 2117235427099035, actual_exe_time: 53430, task_app_start_time:2117231035825139, task_sched_time:2117235427038075
app_id: 0, app_name: SAR_api-aarch64, task_id: 1283, task_name: DASH_ZIP, resource_name: cpu2, ref_start_time: 2117235435720467, ref_stop_time: 2117235435803957, actual_exe_time: 83490, task_app_start_time:2117231035825139, task_sched_time:2117235435624977
app_id: 0, app_name: SAR_api-aarch64, task_id: 1284, task_name: DASH_FFT, resource_name: cpu3, ref_start_time: 2117235439318337, ref_stop_time: 2117235439387487, actual_exe_time: 69150, task_app_start_time:2117231035825139, task_sched_time:2117235439310717
app_id: 0, app_name: SAR_api-aarch64, task_id: 1285, task_name: DASH_ZIP, resource_name: zip1, ref_start_time: 2117235447141409, ref_stop_time: 2117235447266419, actual_exe_time: 125010, task_app_start_time:2117231035825139, task_sched_time:2117235447133819
app_id: 0, app_name: SAR_api-aarch64, task_id: 1286, task_name: DASH_FFT, resource_name: cpu1, ref_start_time: 2117235449511619, ref_stop_time: 2117235449869849, actual_exe_time: 358230, task_app_start_time:2117231035825139, task_sched_time:2117235449500519
app_id: 0, app_name: SAR_api-aarch64, task_id: 1287, task_name: DASH_ZIP, resource_name: cpu2, ref_start_time: 2117235455374070, ref_stop_time: 2117235455458040, actual_exe_time: 83970, task_app_start_time:2117231035825139, task_sched_time:2117235455362850
app_id: 0, app_name: SAR_api-aarch64, task_id: 1288, task_name: DASH_FFT, resource_name: cpu3, ref_start_time: 2117235458948691, ref_stop_time: 2117235459019311, actual_exe_time: 70620, task_app_start_time:2117231035825139, task_sched_time:2117235458942931
app_id: 0, app_name: SAR_api-aarch64, task_id: 1289, task_name: DASH_ZIP, resource_name: zip1, ref_start_time: 2117235463889061, ref_stop_time: 2117235464013411, actual_exe_time: 124350, task_app_start_time:2117231035825139, task_sched_time:2117235463865031
app_id: 0, app_name: SAR_api-aarch64, task_id: 1290, task_name: DASH_FFT, resource_name: cpu1, ref_start_time: 2117235467084932, ref_stop_time: 2117235467138452, actual_exe_time: 53520, task_app_start_time:2117231035825139, task_sched_time:2117235467080192
app_id: 0, app_name: SAR_api-aarch64, task_id: 1291, task_name: DASH_ZIP, resource_name: cpu2, ref_start_time: 2117235475329053, ref_stop_time: 2117235475614473, actual_exe_time: 285420, task_app_start_time:2117231035825139, task_sched_time:2117235475307963
app_id: 0, app_name: SAR_api-aarch64, task_id: 1292, task_name: DASH_FFT, resource_name: cpu3, ref_start_time: 2117235478034754, ref_stop_time: 2117235478099644, actual_exe_time: 64890, task_app_start_time:2117231035825139, task_sched_time:2117235477890664
app_id: 0, app_name: SAR_api-aarch64, task_id: 1293, task_name: DASH_ZIP, resource_name: zip1, ref_start_time: 2117235483159954, ref_stop_time: 2117235483285414, actual_exe_time: 125460, task_app_start_time:2117231035825139, task_sched_time:2117235483152154
app_id: 0, app_name: SAR_api-aarch64, task_id: 1294, task_name: DASH_FFT, resource_name: cpu1, ref_start_time: 2117235490942886, ref_stop_time: 2117235490999466, actual_exe_time: 56580, task_app_start_time:2117231035825139, task_sched_time:2117235490928696
app_id: 0, app_name: SAR_api-aarch64, task_id: 1295, task_name: DASH_ZIP, resource_name: cpu2, ref_start_time: 2117235491414366, ref_stop_time: 2117235491493746, actual_exe_time: 79380, task_app_start_time:2117231035825139, task_sched_time:2117235491410316
app_id: 0, app_name: SAR_api-aarch64, task_id: 1296, task_name: DASH_FFT, resource_name: cpu3, ref_start_time: 2117235492232676, ref_stop_time: 2117235492297986, actual_exe_time: 65310, task_app_start_time:2117231035825139, task_sched_time:2117235492054986
app_id: 0, app_name: SAR_api-aarch64, task_id: 1297, task_name: DASH_ZIP, resource_name: zip1, ref_start_time: 2117235499461027, ref_stop_time: 2117235499586817, actual_exe_time: 125790, task_app_start_time:2117231035825139, task_sched_time:2117235499454907
app_id: 0, app_name: SAR_api-aarch64, task_id: 1298, task_name: DASH_FFT, resource_name: cpu1, ref_start_time: 2117235503133868, ref_stop_time: 2117235503185978, actual_exe_time: 52110, task_app_start_time:2117231035825139, task_sched_time:2117235503115058
app_id: 0, app_name: SAR_api-aarch64, task_id: 1299, task_name: DASH_ZIP, resource_name: cpu2, ref_start_time: 2117235503697568, ref_stop_time: 2117235504076318, actual_exe_time: 378750, task_app_start_time:2117231035825139, task_sched_time:2117235503694418
app_id: 0, app_name: SAR_api-aarch64, task_id: 1300, task_name: DASH_FFT, resource_name: cpu3, ref_start_time: 2117235506715898, ref_stop_time: 2117235506782108, actual_exe_time: 66210, task_app_start_time:2117231035825139, task_sched_time:2117235506559568
app_id: 0, app_name: SAR_api-aarch64, task_id: 1301, task_name: DASH_ZIP, resource_name: zip1, ref_start_time: 2117235507461668, ref_stop_time: 2117235507582778, actual_exe_time: 121110, task_app_start_time:2117231035825139, task_sched_time:2117235507452608
app_id: 0, app_name: SAR_api-aarch64, task_id: 1302, task_name: DASH_FFT, resource_name: cpu1, ref_start_time: 2117235511073189, ref_stop_time: 2117235511128209, actual_exe_time: 55020, task_app_start_time:2117231035825139, task_sched_time:2117235511068059
app_id: 0, app_name: SAR_api-aarch64, task_id: 1303, task_name: DASH_ZIP, resource_name: cpu2, ref_start_time: 2117235519346020, ref_stop_time: 2117235519431850, actual_exe_time: 85830, task_app_start_time:2117231035825139, task_sched_time:2117235519287160
app_id: 0, app_name: SAR_api-aarch64, task_id: 1304, task_name: DASH_FFT, resource_name: cpu3, ref_start_time: 2117235521305471, ref_stop_time: 2117235521376751, actual_exe_time: 71280, task_app_start_time:2117231035825139, task_sched_time:2117235521191081
app_id: 0, app_name: SAR_api-aarch64, task_id: 1305, task_name: DASH_ZIP, resource_name: zip1, ref_start_time: 2117235527160002, ref_stop_time: 2117235527285702, actual_exe_time: 125700, task_app_start_time:2117231035825139, task_sched_time:2117235527150612
app_id: 0, app_name: SAR_api-aarch64, task_id: 1306, task_name: DASH_FFT, resource_name: cpu1, ref_start_time: 2117235531246392, ref_stop_time: 2117235531299192, actual_exe_time: 52800, task_app_start_time:2117231035825139, task_sched_time:2117235531239882
app_id: 0, app_name: SAR_api-aarch64, task_id: 1307, task_name: DASH_ZIP, resource_name: cpu2, ref_start_time: 2117235534818793, ref_stop_time: 2117235535197813, actual_exe_time: 379020, task_app_start_time:2117231035825139, task_sched_time:2117235534768513
app_id: 0, app_name: SAR_api-aarch64, task_id: 1308, task_name: DASH_FFT, resource_name: cpu3, ref_start_time: 2117235538949373, ref_stop_time: 2117235539243343, actual_exe_time: 293970, task_app_start_time:2117231035825139, task_sched_time:2117235538941813
app_id: 0, app_name: SAR_api-aarch64, task_id: 1309, task_name: DASH_ZIP, resource_name: zip1, ref_start_time: 2117235547393685, ref_stop_time: 2117235547518095, actual_exe_time: 124410, task_app_start_time:2117231035825139, task_sched_time:2117235547387775
app_id: 0, app_name: SAR_api-aarch64, task_id: 1310, task_name: DASH_FFT, resource_name: cpu1, ref_start_time: 2117235549196625, ref_stop_time: 2117235549249695, actual_exe_time: 53070, task_app_start_time:2117231035825139, task_sched_time:2117235549191855
app_id: 0, app_name: SAR_api-aarch64, task_id: 1311, task_name: DASH_ZIP, resource_name: cpu2, ref_start_time: 2117235555402246, ref_stop_time: 2117235555493386, actual_exe_time: 91140, task_app_start_time:2117231035825139, task_sched_time:2117235555380466
app_id: 0, app_name: SAR_api-aarch64, task_id: 1312, task_name: DASH_FFT, resource_name: cpu3, ref_start_time: 2117235558952657, ref_stop_time: 2117235559026067, actual_exe_time: 73410, task_app_start_time:2117231035825139, task_sched_time:2117235558944047
app_id: 0, app_name: SAR_api-aarch64, task_id: 1313, task_name: DASH_ZIP, resource_name: zip1, ref_start_time: 2117235563007217, ref_stop_time: 2117235563131327, actual_exe_time: 124110, task_app_start_time:2117231035825139, task_sched_time:2117235562962337
app_id: 0, app_name: SAR_api-aarch64, task_id: 1314, task_name: DASH_FFT, resource_name: cpu1, ref_start_time: 2117235567437588, ref_stop_time: 2117235567494288, actual_exe_time: 56700, task_app_start_time:2117231035825139, task_sched_time:2117235567421958
app_id: 0, app_name: SAR_api-aarch64, task_id: 1315, task_name: DASH_ZIP, resource_name: cpu2, ref_start_time: 2117235575075439, ref_stop_time: 2117235575161119, actual_exe_time: 85680, task_app_start_time:2117231035825139, task_sched_time:2117235575003349
app_id: 0, app_name: SAR_api-aarch64, task_id: 1316, task_name: DASH_FFT, resource_name: cpu3, ref_start_time: 2117235577321420, ref_stop_time: 2117235577388920, actual_exe_time: 67500, task_app_start_time:2117231035825139, task_sched_time:2117235577313380
app_id: 0, app_name: SAR_api-aarch64, task_id: 1317, task_name: DASH_ZIP, resource_name: zip1, ref_start_time: 2117235583264631, ref_stop_time: 2117235583388411, actual_exe_time: 123780, task_app_start_time:2117231035825139, task_sched_time:2117235583257701
app_id: 0, app_name: SAR_api-aarch64, task_id: 1318, task_name: DASH_FFT, resource_name: cpu1, ref_start_time: 2117235586988051, ref_stop_time: 2117235587040341, actual_exe_time: 52290, task_app_start_time:2117231035825139, task_sched_time:2117235586977371
app_id: 0, app_name: SAR_api-aarch64, task_id: 1319, task_name: DASH_ZIP, resource_name: cpu2, ref_start_time: 2117235590293452, ref_stop_time: 2117235590374572, actual_exe_time: 81120, task_app_start_time:2117231035825139, task_sched_time:2117235590284242
app_id: 0, app_name: SAR_api-aarch64, task_id: 1320, task_name: DASH_FFT, resource_name: cpu3, ref_start_time: 2117235591509022, ref_stop_time: 2117235591574152, actual_exe_time: 65130, task_app_start_time:2117231035825139, task_sched_time:2117235591376152
app_id: 0, app_name: SAR_api-aarch64, task_id: 1321, task_name: DASH_ZIP, resource_name: zip1, ref_start_time: 2117235595429122, ref_stop_time: 2117235595553833, actual_exe_time: 124711, task_app_start_time:2117231035825139, task_sched_time:2117235595424712
app_id: 0, app_name: SAR_api-aarch64, task_id: 1322, task_name: DASH_FFT, resource_name: cpu1, ref_start_time: 2117235603596474, ref_stop_time: 2117235603650654, actual_exe_time: 54180, task_app_start_time:2117231035825139, task_sched_time:2117235603579944
app_id: 0, app_name: SAR_api-aarch64, task_id: 1323, task_name: DASH_ZIP, resource_name: cpu2, ref_start_time: 2117235605662634, ref_stop_time: 2117235605744804, actual_exe_time: 82170, task_app_start_time:2117231035825139, task_sched_time:2117235605653454
app_id: 0, app_name: SAR_api-aarch64, task_id: 1324, task_name: DASH_FFT, resource_name: cpu3, ref_start_time: 2117235609306405, ref_stop_time: 2117235609375255, actual_exe_time: 68850, task_app_start_time:2117231035825139, task_sched_time:2117235609301455
app_id: 0, app_name: SAR_api-aarch64, task_id: 1325, task_name: DASH_ZIP, resource_name: zip1, ref_start_time: 2117235610129515, ref_stop_time: 2117235610400055, actual_exe_time: 270540, task_app_start_time:2117231035825139, task_sched_time:2117235610120935
app_id: 0, app_name: SAR_api-aarch64, task_id: 1326, task_name: DASH_FFT, resource_name: cpu1, ref_start_time: 2117235611046315, ref_stop_time: 2117235611098395, actual_exe_time: 52080, task_app_start_time:2117231035825139, task_sched_time:2117235611036145
app_id: 0, app_name: SAR_api-aarch64, task_id: 1327, task_name: DASH_ZIP, resource_name: cpu2, ref_start_time: 2117235611771325, ref_stop_time: 2117235611850525, actual_exe_time: 79200, task_app_start_time:2117231035825139, task_sched_time:2117235611759295
app_id: 0, app_name: SAR_api-aarch64, task_id: 1328, task_name: DASH_FFT, resource_name: cpu3, ref_start_time: 2117235612386535, ref_stop_time: 2117235612442965, actual_exe_time: 56430, task_app_start_time:2117231035825139, task_sched_time:2117235612378795
app_id: 0, app_name: SAR_api-aarch64, task_id: 1329, task_name: DASH_ZIP, resource_name: zip1, ref_start_time: 2117235613314315, ref_stop_time: 2117235613435455, actual_exe_time: 121140, task_app_start_time:2117231035825139, task_sched_time:2117235613310055
app_id: 0, app_name: SAR_api-aarch64, task_id: 1330, task_name: DASH_FFT, resource_name: cpu1, ref_start_time: 2117235614943106, ref_stop_time: 2117235614992666, actual_exe_time: 49560, task_app_start_time:2117231035825139, task_sched_time:2117235614042115
app_id: 0, app_name: SAR_api-aarch64, task_id: 1331, task_name: DASH_ZIP, resource_name: cpu2, ref_start_time: 2117235618961726, ref_stop_time: 2117235619041376, actual_exe_time: 79650, task_app_start_time:2117231035825139, task_sched_time:2117235618952516
app_id: 0, app_name: SAR_api-aarch64, task_id: 1332, task_name: DASH_FFT, resource_name: cpu3, ref_start_time: 2117235620293486, ref_stop_time: 2117235620350307, actual_exe_time: 56821, task_app_start_time:2117231035825139, task_sched_time:2117235620288836
app_id: 0, app_name: SAR_api-aarch64, task_id: 1333, task_name: DASH_ZIP, resource_name: zip1, ref_start_time: 2117235621464417, ref_stop_time: 2117235621587387, actual_exe_time: 122970, task_app_start_time:2117231035825139, task_sched_time:2117235621456287
app_id: 0, app_name: SAR_api-aarch64, task_id: 1334, task_name: DASH_FFT, resource_name: cpu1, ref_start_time: 2117235621873017, ref_stop_time: 2117235621919817, actual_exe_time: 46800, task_app_start_time:2117231035825139, task_sched_time:2117235621864167
app_id: 0, app_name: SAR_api-aarch64, task_id: 1335, task_name: DASH_ZIP, resource_name: cpu2, ref_start_time: 2117235624499697, ref_stop_time: 2117235624578207, actual_exe_time: 78510, task_app_start_time:2117231035825139, task_sched_time:2117235624311147
app_id: 0, app_name: SAR_api-aarch64, task_id: 1336, task_name: DASH_FFT, resource_name: cpu3, ref_start_time: 2117235626924658, ref_stop_time: 2117235626996988, actual_exe_time: 72330, task_app_start_time:2117231035825139, task_sched_time:2117235624933437
app_id: 0, app_name: SAR_api-aarch64, task_id: 1337, task_name: DASH_ZIP, resource_name: zip1, ref_start_time: 2117235630910218, ref_stop_time: 2117235631033128, actual_exe_time: 122910, task_app_start_time:2117231035825139, task_sched_time:2117235628330128
app_id: 0, app_name: SAR_api-aarch64, task_id: 1338, task_name: DASH_FFT, resource_name: cpu1, ref_start_time: 2117235631782948, ref_stop_time: 2117235631834848, actual_exe_time: 51900, task_app_start_time:2117231035825139, task_sched_time:2117235631737498
app_id: 0, app_name: SAR_api-aarch64, task_id: 1339, task_name: DASH_ZIP, resource_name: cpu2, ref_start_time: 2117235632664648, ref_stop_time: 2117235632740518, actual_exe_time: 75870, task_app_start_time:2117231035825139, task_sched_time:2117235632655948
app_id: 0, app_name: SAR_api-aarch64, task_id: 1340, task_name: DASH_FFT, resource_name: cpu3, ref_start_time: 2117235634452199, ref_stop_time: 2117235634517749, actual_exe_time: 65550, task_app_start_time:2117231035825139, task_sched_time:2117235633082009
app_id: 0, app_name: SAR_api-aarch64, task_id: 1341, task_name: DASH_ZIP, resource_name: zip1, ref_start_time: 2117235639401960, ref_stop_time: 2117235639527990, actual_exe_time: 126030, task_app_start_time:2117231035825139, task_sched_time:2117235639395030
app_id: 0, app_name: SAR_api-aarch64, task_id: 1342, task_name: DASH_FFT, resource_name: cpu1, ref_start_time: 2117235643065260, ref_stop_time: 2117235643122680, actual_exe_time: 57420, task_app_start_time:2117231035825139, task_sched_time:2117235643057730
app_id: 0, app_name: SAR_api-aarch64, task_id: 1343, task_name: DASH_ZIP, resource_name: cpu2, ref_start_time: 2117235647075121, ref_stop_time: 2117235647152251, actual_exe_time: 77130, task_app_start_time:2117231035825139, task_sched_time:2117235647066631
app_id: 0, app_name: SAR_api-aarch64, task_id: 1344, task_name: DASH_FFT, resource_name: cpu3, ref_start_time: 2117235647779041, ref_stop_time: 2117235647844291, actual_exe_time: 65250, task_app_start_time:2117231035825139, task_sched_time:2117235647769531
app_id: 0, app_name: SAR_api-aarch64, task_id: 1345, task_name: DASH_ZIP, resource_name: zip1, ref_start_time: 2117235650841771, ref_stop_time: 2117235650963601, actual_exe_time: 121830, task_app_start_time:2117231035825139, task_sched_time:2117235650833701
app_id: 0, app_name: SAR_api-aarch64, task_id: 1346, task_name: DASH_FFT, resource_name: cpu1, ref_start_time: 2117235652110022, ref_stop_time: 2117235652161652, actual_exe_time: 51630, task_app_start_time:2117231035825139, task_sched_time:2117235652102582
app_id: 0, app_name: SAR_api-aarch64, task_id: 1347, task_name: DASH_ZIP, resource_name: cpu2, ref_start_time: 2117235652493302, ref_stop_time: 2117235652567552, actual_exe_time: 74250, task_app_start_time:2117231035825139, task_sched_time:2117235652485562
app_id: 0, app_name: SAR_api-aarch64, task_id: 1348, task_name: DASH_FFT, resource_name: cpu3, ref_start_time: 2117235653599912, ref_stop_time: 2117235653660062, actual_exe_time: 60150, task_app_start_time:2117231035825139, task_sched_time:2117235653590612
app_id: 0, app_name: SAR_api-aarch64, task_id: 1349, task_name: DASH_ZIP, resource_name: zip1, ref_start_time: 2117235654778222, ref_stop_time: 2117235654918652, actual_exe_time: 140430, task_app_start_time:2117231035825139, task_sched_time:2117235654771472
app_id: 0, app_name: SAR_api-aarch64, task_id: 1350, task_name: DASH_FFT, resource_name: cpu1, ref_start_time: 2117235659107253, ref_stop_time: 2117235659165153, actual_exe_time: 57900, task_app_start_time:2117231035825139, task_sched_time:2117235659099513
app_id: 0, app_name: SAR_api-aarch64, task_id: 1351, task_name: DASH_ZIP, resource_name: cpu2, ref_start_time: 2117235662920193, ref_stop_time: 2117235662999513, actual_exe_time: 79320, task_app_start_time:2117231035825139, task_sched_time:2117235662915513
app_id: 0, app_name: SAR_api-aarch64, task_id: 1352, task_name: DASH_FFT, resource_name: cpu3, ref_start_time: 2117235663691133, ref_stop_time: 2117235663752603, actual_exe_time: 61470, task_app_start_time:2117231035825139, task_sched_time:2117235663687743
app_id: 0, app_name: SAR_api-aarch64, task_id: 1353, task_name: DASH_ZIP, resource_name: zip1, ref_start_time: 2117235664055154, ref_stop_time: 2117235664172904, actual_exe_time: 117750, task_app_start_time:2117231035825139, task_sched_time:2117235664051494
app_id: 0, app_name: SAR_api-aarch64, task_id: 1354, task_name: DASH_FFT, resource_name: cpu1, ref_start_time: 2117235668197044, ref_stop_time: 2117235668247774, actual_exe_time: 50730, task_app_start_time:2117231035825139, task_sched_time:2117235668192094
app_id: 0, app_name: SAR_api-aarch64, task_id: 1355, task_name: DASH_ZIP, resource_name: cpu2, ref_start_time: 2117235669538194, ref_stop_time: 2117235669658014, actual_exe_time: 119820, task_app_start_time:2117231035825139, task_sched_time:2117235669532524
app_id: 0, app_name: SAR_api-aarch64, task_id: 1356, task_name: DASH_FFT, resource_name: cpu3, ref_start_time: 2117235675551965, ref_stop_time: 2117235675621295, actual_exe_time: 69330, task_app_start_time:2117231035825139, task_sched_time:2117235675543865
app_id: 0, app_name: SAR_api-aarch64, task_id: 1357, task_name: DASH_ZIP, resource_name: zip1, ref_start_time: 2117235679049426, ref_stop_time: 2117235679170746, actual_exe_time: 121320, task_app_start_time:2117231035825139, task_sched_time:2117235679042226
app_id: 0, app_name: SAR_api-aarch64, task_id: 1358, task_name: DASH_FFT, resource_name: cpu1, ref_start_time: 2117235683055597, ref_stop_time: 2117235683110257, actual_exe_time: 54660, task_app_start_time:2117231035825139, task_sched_time:2117235683024127
app_id: 0, app_name: SAR_api-aarch64, task_id: 1359, task_name: DASH_ZIP, resource_name: cpu2, ref_start_time: 2117235685349487, ref_stop_time: 2117235685426947, actual_exe_time: 77460, task_app_start_time:2117231035825139, task_sched_time:2117235685340757
app_id: 0, app_name: SAR_api-aarch64, task_id: 1360, task_name: DASH_FFT, resource_name: cpu3, ref_start_time: 2117235691000858, ref_stop_time: 2117235691066768, actual_exe_time: 65910, task_app_start_time:2117231035825139, task_sched_time:2117235690990298
app_id: 0, app_name: SAR_api-aarch64, task_id: 1361, task_name: DASH_ZIP, resource_name: zip1, ref_start_time: 2117235698239889, ref_stop_time: 2117235698361089, actual_exe_time: 121200, task_app_start_time:2117231035825139, task_sched_time:2117235698234999
app_id: 0, app_name: SAR_api-aarch64, task_id: 1362, task_name: DASH_FFT, resource_name: cpu1, ref_start_time: 2117235702995820, ref_stop_time: 2117235703056960, actual_exe_time: 61140, task_app_start_time:2117231035825139, task_sched_time:2117235702983700
app_id: 0, app_name: SAR_api-aarch64, task_id: 1363, task_name: DASH_ZIP, resource_name: cpu2, ref_start_time: 2117235711295351, ref_stop_time: 2117235711372961, actual_exe_time: 77610, task_app_start_time:2117231035825139, task_sched_time:2117235711285541
app_id: 0, app_name: SAR_api-aarch64, task_id: 1364, task_name: DASH_FFT, resource_name: cpu3, ref_start_time: 2117235713092051, ref_stop_time: 2117235713153611, actual_exe_time: 61560, task_app_start_time:2117231035825139, task_sched_time:2117235713085901
app_id: 0, app_name: SAR_api-aarch64, task_id: 1365, task_name: DASH_ZIP, resource_name: zip1, ref_start_time: 2117235717354062, ref_stop_time: 2117235717477272, actual_exe_time: 123210, task_app_start_time:2117231035825139, task_sched_time:2117235717349562
app_id: 0, app_name: SAR_api-aarch64, task_id: 1366, task_name: DASH_FFT, resource_name: cpu1, ref_start_time: 2117235717797042, ref_stop_time: 2117235717850682, actual_exe_time: 53640, task_app_start_time:2117231035825139, task_sched_time:2117235717781772
app_id: 0, app_name: SAR_api-aarch64, task_id: 1367, task_name: DASH_ZIP, resource_name: cpu2, ref_start_time: 2117235719686352, ref_stop_time: 2117235719764473, actual_exe_time: 78121, task_app_start_time:2117231035825139, task_sched_time:2117235719055032
app_id: 0, app_name: SAR_api-aarch64, task_id: 1368, task_name: DASH_FFT, resource_name: cpu3, ref_start_time: 2117235720091683, ref_stop_time: 2117235720475683, actual_exe_time: 384000, task_app_start_time:2117231035825139, task_sched_time:2117235720087243
app_id: 0, app_name: SAR_api-aarch64, task_id: 1369, task_name: DASH_ZIP, resource_name: zip1, ref_start_time: 2117235721484073, ref_stop_time: 2117235721607583, actual_exe_time: 123510, task_app_start_time:2117231035825139, task_sched_time:2117235721478283
app_id: 0, app_name: SAR_api-aarch64, task_id: 1370, task_name: DASH_FFT, resource_name: cpu1, ref_start_time: 2117235722337513, ref_stop_time: 2117235722387553, actual_exe_time: 50040, task_app_start_time:2117231035825139, task_sched_time:2117235722324613
app_id: 0, app_name: SAR_api-aarch64, task_id: 1371, task_name: DASH_ZIP, resource_name: cpu2, ref_start_time: 2117235723268023, ref_stop_time: 2117235723343293, actual_exe_time: 75270, task_app_start_time:2117231035825139, task_sched_time:2117235723261273
app_id: 0, app_name: SAR_api-aarch64, task_id: 1372, task_name: DASH_FFT, resource_name: cpu3, ref_start_time: 2117235724000143, ref_stop_time: 2117235724057413, actual_exe_time: 57270, task_app_start_time:2117231035825139, task_sched_time:2117235723991383
app_id: 0, app_name: SAR_api-aarch64, task_id: 1373, task_name: DASH_ZIP, resource_name: zip1, ref_start_time: 2117235725014173, ref_stop_time: 2117235725132793, actual_exe_time: 118620, task_app_start_time:2117231035825139, task_sched_time:2117235725008473
app_id: 0, app_name: SAR_api-aarch64, task_id: 1374, task_name: DASH_FFT, resource_name: cpu1, ref_start_time: 2117235725830383, ref_stop_time: 2117235725880813, actual_exe_time: 50430, task_app_start_time:2117231035825139, task_sched_time:2117235725811633
app_id: 0, app_name: SAR_api-aarch64, task_id: 1375, task_name: DASH_ZIP, resource_name: cpu2, ref_start_time: 2117235726943564, ref_stop_time: 2117235727020724, actual_exe_time: 77160, task_app_start_time:2117231035825139, task_sched_time:2117235726786724
app_id: 0, app_name: SAR_api-aarch64, task_id: 1376, task_name: DASH_FFT, resource_name: cpu3, ref_start_time: 2117235727810624, ref_stop_time: 2117235727868284, actual_exe_time: 57660, task_app_start_time:2117231035825139, task_sched_time:2117235727805734
app_id: 0, app_name: SAR_api-aarch64, task_id: 1377, task_name: DASH_ZIP, resource_name: zip1, ref_start_time: 2117235739137756, ref_stop_time: 2117235739261656, actual_exe_time: 123900, task_app_start_time:2117231035825139, task_sched_time:2117235739129926
app_id: 0, app_name: SAR_api-aarch64, task_id: 1378, task_name: DASH_FFT, resource_name: cpu1, ref_start_time: 2117235741193386, ref_stop_time: 2117235741254616, actual_exe_time: 61230, task_app_start_time:2117231035825139, task_sched_time:2117235741184986
app_id: 0, app_name: SAR_api-aarch64, task_id: 1379, task_name: DASH_ZIP, resource_name: cpu2, ref_start_time: 2117235743112486, ref_stop_time: 2117235743191086, actual_exe_time: 78600, task_app_start_time:2117231035825139, task_sched_time:2117235743102436
app_id: 0, app_name: SAR_api-aarch64, task_id: 1380, task_name: DASH_FFT, resource_name: cpu3, ref_start_time: 2117235750990818, ref_stop_time: 2117235751055558, actual_exe_time: 64740, task_app_start_time:2117231035825139, task_sched_time:2117235750983438
app_id: 0, app_name: SAR_api-aarch64, task_id: 1381, task_name: DASH_ZIP, resource_name: zip1, ref_start_time: 2117235756782858, ref_stop_time: 2117235756906548, actual_exe_time: 123690, task_app_start_time:2117231035825139, task_sched_time:2117235756775808
app_id: 0, app_name: SAR_api-aarch64, task_id: 1382, task_name: DASH_FFT, resource_name: cpu1, ref_start_time: 2117235763184979, ref_stop_time: 2117235763242189, actual_exe_time: 57210, task_app_start_time:2117231035825139, task_sched_time:2117235763119519
app_id: 0, app_name: SAR_api-aarch64, task_id: 1383, task_name: DASH_ZIP, resource_name: cpu2, ref_start_time: 2117235769993571, ref_stop_time: 2117235770074811, actual_exe_time: 81240, task_app_start_time:2117231035825139, task_sched_time:2117235769981751
app_id: 0, app_name: SAR_api-aarch64, task_id: 1384, task_name: DASH_FFT, resource_name: cpu3, ref_start_time: 2117235775550861, ref_stop_time: 2117235775618241, actual_exe_time: 67380, task_app_start_time:2117231035825139, task_sched_time:2117235775543061
app_id: 0, app_name: SAR_api-aarch64, task_id: 1385, task_name: DASH_ZIP, resource_name: zip1, ref_start_time: 2117235783363253, ref_stop_time: 2117235783495253, actual_exe_time: 132000, task_app_start_time:2117231035825139, task_sched_time:2117235783354313
app_id: 0, app_name: SAR_api-aarch64, task_id: 1386, task_name: DASH_FFT, resource_name: cpu1, ref_start_time: 2117235784432573, ref_stop_time: 2117235784488313, actual_exe_time: 55740, task_app_start_time:2117231035825139, task_sched_time:2117235784385923
app_id: 0, app_name: SAR_api-aarch64, task_id: 1387, task_name: DASH_ZIP, resource_name: cpu2, ref_start_time: 2117235787360663, ref_stop_time: 2117235787438153, actual_exe_time: 77490, task_app_start_time:2117231035825139, task_sched_time:2117235787352683
app_id: 0, app_name: SAR_api-aarch64, task_id: 1388, task_name: DASH_FFT, resource_name: cpu3, ref_start_time: 2117235795381555, ref_stop_time: 2117235795451365, actual_exe_time: 69810, task_app_start_time:2117231035825139, task_sched_time:2117235795373905
app_id: 0, app_name: SAR_api-aarch64, task_id: 1389, task_name: DASH_ZIP, resource_name: zip1, ref_start_time: 2117235798731475, ref_stop_time: 2117235798856965, actual_exe_time: 125490, task_app_start_time:2117231035825139, task_sched_time:2117235798722775
app_id: 0, app_name: SAR_api-aarch64, task_id: 1390, task_name: DASH_FFT, resource_name: cpu1, ref_start_time: 2117235803278966, ref_stop_time: 2117235803335786, actual_exe_time: 56820, task_app_start_time:2117231035825139, task_sched_time:2117235803229646
app_id: 0, app_name: SAR_api-aarch64, task_id: 1391, task_name: DASH_ZIP, resource_name: cpu2, ref_start_time: 2117235803532166, ref_stop_time: 2117235804085696, actual_exe_time: 553530, task_app_start_time:2117231035825139, task_sched_time:2117235803529346
app_id: 0, app_name: SAR_api-aarch64, task_id: 1392, task_name: DASH_FFT, resource_name: cpu3, ref_start_time: 2117235811526177, ref_stop_time: 2117235811592747, actual_exe_time: 66570, task_app_start_time:2117231035825139, task_sched_time:2117235811520297
app_id: 0, app_name: SAR_api-aarch64, task_id: 1393, task_name: DASH_ZIP, resource_name: zip1, ref_start_time: 2117235815122758, ref_stop_time: 2117235815245878, actual_exe_time: 123120, task_app_start_time:2117231035825139, task_sched_time:2117235815114508
app_id: 0, app_name: SAR_api-aarch64, task_id: 1394, task_name: DASH_FFT, resource_name: cpu1, ref_start_time: 2117235825394340, ref_stop_time: 2117235825461210, actual_exe_time: 66870, task_app_start_time:2117231035825139, task_sched_time:2117235825387680
app_id: 0, app_name: SAR_api-aarch64, task_id: 1395, task_name: DASH_ZIP, resource_name: cpu2, ref_start_time: 2117235826557350, ref_stop_time: 2117235826634390, actual_exe_time: 77040, task_app_start_time:2117231035825139, task_sched_time:2117235826553360
app_id: 0, app_name: SAR_api-aarch64, task_id: 1396, task_name: DASH_FFT, resource_name: cpu3, ref_start_time: 2117235831302420, ref_stop_time: 2117235831369170, actual_exe_time: 66750, task_app_start_time:2117231035825139, task_sched_time:2117235831292370
app_id: 0, app_name: SAR_api-aarch64, task_id: 1397, task_name: DASH_ZIP, resource_name: zip1, ref_start_time: 2117235839390662, ref_stop_time: 2117235839720632, actual_exe_time: 329970, task_app_start_time:2117231035825139, task_sched_time:2117235839382862
app_id: 0, app_name: SAR_api-aarch64, task_id: 1398, task_name: DASH_FFT, resource_name: cpu1, ref_start_time: 2117235841258882, ref_stop_time: 2117235841319482, actual_exe_time: 60600, task_app_start_time:2117231035825139, task_sched_time:2117235841244002
app_id: 0, app_name: SAR_api-aarch64, task_id: 1399, task_name: DASH_ZIP, resource_name: cpu2, ref_start_time: 2117235847060463, ref_stop_time: 2117235847142813, actual_exe_time: 82350, task_app_start_time:2117231035825139, task_sched_time:2117235847049033
app_id: 0, app_name: SAR_api-aarch64, task_id: 1400, task_name: DASH_FFT, resource_name: cpu3, ref_start_time: 2117235854803284, ref_stop_time: 2117235855215034, actual_exe_time: 411750, task_app_start_time:2117231035825139, task_sched_time:2117235854795604
app_id: 0, app_name: SAR_api-aarch64, task_id: 1401, task_name: DASH_ZIP, resource_name: zip1, ref_start_time: 2117235863080046, ref_stop_time: 2117235863210426, actual_exe_time: 130380, task_app_start_time:2117231035825139, task_sched_time:2117235863072006
app_id: 0, app_name: SAR_api-aarch64, task_id: 1402, task_name: DASH_FFT, resource_name: cpu1, ref_start_time: 2117235867465446, ref_stop_time: 2117235867519716, actual_exe_time: 54270, task_app_start_time:2117231035825139, task_sched_time:2117235867459866
app_id: 0, app_name: SAR_api-aarch64, task_id: 1403, task_name: DASH_ZIP, resource_name: cpu2, ref_start_time: 2117235868664726, ref_stop_time: 2117235868902117, actual_exe_time: 237391, task_app_start_time:2117231035825139, task_sched_time:2117235868658126
app_id: 0, app_name: SAR_api-aarch64, task_id: 1404, task_name: DASH_FFT, resource_name: cpu3, ref_start_time: 2117235875067507, ref_stop_time: 2117235875139688, actual_exe_time: 72181, task_app_start_time:2117231035825139, task_sched_time:2117235875056677
app_id: 0, app_name: SAR_api-aarch64, task_id: 1405, task_name: DASH_ZIP, resource_name: zip1, ref_start_time: 2117235878921518, ref_stop_time: 2117235879048568, actual_exe_time: 127050, task_app_start_time:2117231035825139, task_sched_time:2117235878910838
app_id: 0, app_name: SAR_api-aarch64, task_id: 1406, task_name: DASH_FFT, resource_name: cpu1, ref_start_time: 2117235882223499, ref_stop_time: 2117235882282179, actual_exe_time: 58680, task_app_start_time:2117231035825139, task_sched_time:2117235882217169
app_id: 0, app_name: SAR_api-aarch64, task_id: 1407, task_name: DASH_ZIP, resource_name: cpu2, ref_start_time: 2117235887473349, ref_stop_time: 2117235887553570, actual_exe_time: 80221, task_app_start_time:2117231035825139, task_sched_time:2117235887463719
app_id: 0, app_name: SAR_api-aarch64, task_id: 1408, task_name: DASH_FFT, resource_name: cpu3, ref_start_time: 2117235887973840, ref_stop_time: 2117235888043530, actual_exe_time: 69690, task_app_start_time:2117231035825139, task_sched_time:2117235887971110
app_id: 0, app_name: SAR_api-aarch64, task_id: 1409, task_name: DASH_ZIP, resource_name: zip1, ref_start_time: 2117235895360711, ref_stop_time: 2117235895485211, actual_exe_time: 124500, task_app_start_time:2117231035825139, task_sched_time:2117235895351201
app_id: 0, app_name: SAR_api-aarch64, task_id: 1410, task_name: DASH_FFT, resource_name: cpu1, ref_start_time: 2117235896725771, ref_stop_time: 2117235896785501, actual_exe_time: 59730, task_app_start_time:2117231035825139, task_sched_time:2117235896721361
app_id: 0, app_name: SAR_api-aarch64, task_id: 1411, task_name: DASH_ZIP, resource_name: cpu2, ref_start_time: 2117235903342692, ref_stop_time: 2117235903421532, actual_exe_time: 78840, task_app_start_time:2117231035825139, task_sched_time:2117235903334712
app_id: 0, app_name: SAR_api-aarch64, task_id: 1412, task_name: DASH_FFT, resource_name: cpu3, ref_start_time: 2117235903826082, ref_stop_time: 2117235903893852, actual_exe_time: 67770, task_app_start_time:2117231035825139, task_sched_time:2117235903822572
app_id: 0, app_name: SAR_api-aarch64, task_id: 1413, task_name: DASH_ZIP, resource_name: zip1, ref_start_time: 2117235909401943, ref_stop_time: 2117235909527733, actual_exe_time: 125790, task_app_start_time:2117231035825139, task_sched_time:2117235909392973
app_id: 0, app_name: SAR_api-aarch64, task_id: 1414, task_name: DASH_FFT, resource_name: cpu1, ref_start_time: 2117235910445793, ref_stop_time: 2117235910496283, actual_exe_time: 50490, task_app_start_time:2117231035825139, task_sched_time:2117235910351503
app_id: 0, app_name: SAR_api-aarch64, task_id: 1415, task_name: DASH_ZIP, resource_name: cpu2, ref_start_time: 2117235915363004, ref_stop_time: 2117235915444934, actual_exe_time: 81930, task_app_start_time:2117231035825139, task_sched_time:2117235915351334
app_id: 0, app_name: SAR_api-aarch64, task_id: 1416, task_name: DASH_FFT, resource_name: cpu3, ref_start_time: 2117235918966785, ref_stop_time: 2117235919038875, actual_exe_time: 72090, task_app_start_time:2117231035825139, task_sched_time:2117235918958775
app_id: 0, app_name: SAR_api-aarch64, task_id: 1417, task_name: DASH_ZIP, resource_name: zip1, ref_start_time: 2117235923550755, ref_stop_time: 2117235923679665, actual_exe_time: 128910, task_app_start_time:2117231035825139, task_sched_time:2117235923542415
app_id: 0, app_name: SAR_api-aarch64, task_id: 1418, task_name: DASH_FFT, resource_name: cpu1, ref_start_time: 2117235924475805, ref_stop_time: 2117235924527405, actual_exe_time: 51600, task_app_start_time:2117231035825139, task_sched_time:2117235924472565
app_id: 0, app_name: SAR_api-aarch64, task_id: 1419, task_name: DASH_ZIP, resource_name: cpu2, ref_start_time: 2117235930939456, ref_stop_time: 2117235931020816, actual_exe_time: 81360, task_app_start_time:2117231035825139, task_sched_time:2117235930929526
app_id: 0, app_name: SAR_api-aarch64, task_id: 1420, task_name: DASH_FFT, resource_name: cpu3, ref_start_time: 2117235934915987, ref_stop_time: 2117235934991137, actual_exe_time: 75150, task_app_start_time:2117231035825139, task_sched_time:2117235934911937
app_id: 0, app_name: SAR_api-aarch64, task_id: 1421, task_name: DASH_ZIP, resource_name: zip1, ref_start_time: 2117235935300317, ref_stop_time: 2117235935423947, actual_exe_time: 123630, task_app_start_time:2117231035825139, task_sched_time:2117235935292097
app_id: 0, app_name: SAR_api-aarch64, task_id: 1422, task_name: DASH_FFT, resource_name: cpu1, ref_start_time: 2117235938964758, ref_stop_time: 2117235939016928, actual_exe_time: 52170, task_app_start_time:2117231035825139, task_sched_time:2117235938956958
app_id: 0, app_name: SAR_api-aarch64, task_id: 1423, task_name: DASH_ZIP, resource_name: cpu2, ref_start_time: 2117235942998378, ref_stop_time: 2117235943086488, actual_exe_time: 88110, task_app_start_time:2117231035825139, task_sched_time:2117235942992858
app_id: 0, app_name: SAR_api-aarch64, task_id: 1424, task_name: DASH_FFT, resource_name: cpu3, ref_start_time: 2117235947302569, ref_stop_time: 2117235947379279, actual_exe_time: 76710, task_app_start_time:2117231035825139, task_sched_time:2117235947295969
app_id: 0, app_name: SAR_api-aarch64, task_id: 1425, task_name: DASH_ZIP, resource_name: zip1, ref_start_time: 2117235951058150, ref_stop_time: 2117235951181780, actual_exe_time: 123630, task_app_start_time:2117231035825139, task_sched_time:2117235951048400
app_id: 0, app_name: SAR_api-aarch64, task_id: 1426, task_name: DASH_FFT, resource_name: cpu1, ref_start_time: 2117235953626870, ref_stop_time: 2117235953679430, actual_exe_time: 52560, task_app_start_time:2117231035825139, task_sched_time:2117235953611960
app_id: 0, app_name: SAR_api-aarch64, task_id: 1427, task_name: DASH_ZIP, resource_name: cpu2, ref_start_time: 2117235957551681, ref_stop_time: 2117235957633821, actual_exe_time: 82140, task_app_start_time:2117231035825139, task_sched_time:2117235957459011
app_id: 0, app_name: SAR_api-aarch64, task_id: 1428, task_name: DASH_FFT, resource_name: cpu3, ref_start_time: 2117235958172291, ref_stop_time: 2117235958255811, actual_exe_time: 83520, task_app_start_time:2117231035825139, task_sched_time:2117235958168271
app_id: 0, app_name: SAR_api-aarch64, task_id: 1429, task_name: DASH_ZIP, resource_name: zip1, ref_start_time: 2117235958986521, ref_stop_time: 2117235959113931, actual_exe_time: 127410, task_app_start_time:2117231035825139, task_sched_time:2117235958980761
app_id: 0, app_name: SAR_api-aarch64, task_id: 1430, task_name: DASH_FFT, resource_name: cpu1, ref_start_time: 2117235959661341, ref_stop_time: 2117235959708891, actual_exe_time: 47550, task_app_start_time:2117231035825139, task_sched_time:2117235959608211
app_id: 0, app_name: SAR_api-aarch64, task_id: 1431, task_name: DASH_ZIP, resource_name: cpu2, ref_start_time: 2117235963032352, ref_stop_time: 2117235963111762, actual_exe_time: 79410, task_app_start_time:2117231035825139, task_sched_time:2117235960363791
app_id: 0, app_name: SAR_api-aarch64, task_id: 1432, task_name: DASH_FFT, resource_name: cpu3, ref_start_time: 2117235966370302, ref_stop_time: 2117235966439362, actual_exe_time: 69060, task_app_start_time:2117231035825139, task_sched_time:2117235966360372
app_id: 0, app_name: SAR_api-aarch64, task_id: 1433, task_name: DASH_ZIP, resource_name: zip1, ref_start_time: 2117235967937022, ref_stop_time: 2117235968061702, actual_exe_time: 124680, task_app_start_time:2117231035825139, task_sched_time:2117235967928622
app_id: 0, app_name: SAR_api-aarch64, task_id: 1434, task_name: DASH_FFT, resource_name: cpu1, ref_start_time: 2117235968514643, ref_stop_time: 2117235968561023, actual_exe_time: 46380, task_app_start_time:2117231035825139, task_sched_time:2117235968507503
app_id: 0, app_name: SAR_api-aarch64, task_id: 1435, task_name: DASH_ZIP, resource_name: cpu2, ref_start_time: 2117235968904763, ref_stop_time: 2117235968979433, actual_exe_time: 74670, task_app_start_time:2117231035825139, task_sched_time:2117235968902033
app_id: 0, app_name: SAR_api-aarch64, task_id: 1436, task_name: DASH_FFT, resource_name: cpu3, ref_start_time: 2117235969673093, ref_stop_time: 2117235969736573, actual_exe_time: 63480, task_app_start_time:2117231035825139, task_sched_time:2117235969665203
app_id: 0, app_name: SAR_api-aarch64, task_id: 1437, task_name: DASH_ZIP, resource_name: zip1, ref_start_time: 2117235979111214, ref_stop_time: 2117235979239044, actual_exe_time: 127830, task_app_start_time:2117231035825139, task_sched_time:2117235979103864
app_id: 0, app_name: SAR_api-aarch64, task_id: 1438, task_name: DASH_FFT, resource_name: cpu1, ref_start_time: 2117235982323945, ref_stop_time: 2117235982374825, actual_exe_time: 50880, task_app_start_time:2117231035825139, task_sched_time:2117235982314075
app_id: 0, app_name: SAR_api-aarch64, task_id: 1439, task_name: DASH_ZIP, resource_name: cpu2, ref_start_time: 2117235983689605, ref_stop_time: 2117235983769105, actual_exe_time: 79500, task_app_start_time:2117231035825139, task_sched_time:2117235983680545
app_id: 0, app_name: SAR_api-aarch64, task_id: 1440, task_name: DASH_FFT, resource_name: cpu3, ref_start_time: 2117235987005266, ref_stop_time: 2117235987081646, actual_exe_time: 76380, task_app_start_time:2117231035825139, task_sched_time:2117235986995606
app_id: 0, app_name: SAR_api-aarch64, task_id: 1441, task_name: DASH_ZIP, resource_name: zip1, ref_start_time: 2117235995331557, ref_stop_time: 2117235995462327, actual_exe_time: 130770, task_app_start_time:2117231035825139, task_sched_time:2117235995316467
app_id: 0, app_name: SAR_api-aarch64, task_id: 1442, task_name: DASH_FFT, resource_name: cpu1, ref_start_time: 2117235998108837, ref_stop_time: 2117235998161427, actual_exe_time: 52590, task_app_start_time:2117231035825139, task_sched_time:2117235998101367
app_id: 0, app_name: SAR_api-aarch64, task_id: 1443, task_name: DASH_ZIP, resource_name: cpu2, ref_start_time: 2117236003295088, ref_stop_time: 2117236003377318, actual_exe_time: 82230, task_app_start_time:2117231035825139, task_sched_time:2117236003287078
app_id: 0, app_name: SAR_api-aarch64, task_id: 1444, task_name: DASH_FFT, resource_name: cpu3, ref_start_time: 2117236006951399, ref_stop_time: 2117236010993629, actual_exe_time: 4042230, task_app_start_time:2117231035825139, task_sched_time:2117236006913569
app_id: 0, app_name: SAR_api-aarch64, task_id: 1445, task_name: DASH_ZIP, resource_name: zip1, ref_start_time: 2117236012039640, ref_stop_time: 2117236012173860, actual_exe_time: 134220, task_app_start_time:2117231035825139, task_sched_time:2117236012028750
app_id: 0, app_name: SAR_api-aarch64, task_id: 1446, task_name: DASH_FFT, resource_name: cpu1, ref_start_time: 2117236015477880, ref_stop_time: 2117236015530260, actual_exe_time: 52380, task_app_start_time:2117231035825139, task_sched_time:2117236015396850
app_id: 0, app_name: SAR_api-aarch64, task_id: 1447, task_name: DASH_ZIP, resource_name: cpu2, ref_start_time: 2117236023303381, ref_stop_time: 2117236023385881, actual_exe_time: 82500, task_app_start_time:2117231035825139, task_sched_time:2117236023297711
app_id: 0, app_name: SAR_api-aarch64, task_id: 1448, task_name: DASH_FFT, resource_name: cpu3, ref_start_time: 2117236026149152, ref_stop_time: 2117236026368632, actual_exe_time: 219480, task_app_start_time:2117231035825139, task_sched_time:2117236026124222
app_id: 0, app_name: SAR_api-aarch64, task_id: 1449, task_name: DASH_ZIP, resource_name: zip1, ref_start_time: 2117236029967492, ref_stop_time: 2117236030096282, actual_exe_time: 128790, task_app_start_time:2117231035825139, task_sched_time:2117236029929302
app_id: 0, app_name: SAR_api-aarch64, task_id: 1450, task_name: DASH_FFT, resource_name: cpu1, ref_start_time: 2117236031252273, ref_stop_time: 2117236031302253, actual_exe_time: 49980, task_app_start_time:2117231035825139, task_sched_time:2117236031248403
app_id: 0, app_name: SAR_api-aarch64, task_id: 1451, task_name: DASH_ZIP, resource_name: cpu2, ref_start_time: 2117236035285143, ref_stop_time: 2117236035730163, actual_exe_time: 445020, task_app_start_time:2117231035825139, task_sched_time:2117236035279353
app_id: 0, app_name: SAR_api-aarch64, task_id: 1452, task_name: DASH_FFT, resource_name: cpu3, ref_start_time: 2117236041338244, ref_stop_time: 2117236041423864, actual_exe_time: 85620, task_app_start_time:2117231035825139, task_sched_time:2117236041215634
app_id: 0, app_name: SAR_api-aarch64, task_id: 1453, task_name: DASH_ZIP, resource_name: zip1, ref_start_time: 2117236047183985, ref_stop_time: 2117236047313435, actual_exe_time: 129450, task_app_start_time:2117231035825139, task_sched_time:2117236047173125
app_id: 0, app_name: SAR_api-aarch64, task_id: 1454, task_name: DASH_FFT, resource_name: cpu1, ref_start_time: 2117236054124336, ref_stop_time: 2117236054184456, actual_exe_time: 60120, task_app_start_time:2117231035825139, task_sched_time:2117236054119896
app_id: 0, app_name: SAR_api-aarch64, task_id: 1455, task_name: DASH_ZIP, resource_name: cpu2, ref_start_time: 2117236055272106, ref_stop_time: 2117236055494857, actual_exe_time: 222751, task_app_start_time:2117231035825139, task_sched_time:2117236055267396
app_id: 0, app_name: SAR_api-aarch64, task_id: 1456, task_name: DASH_FFT, resource_name: cpu3, ref_start_time: 2117236059425877, ref_stop_time: 2117236059617847, actual_exe_time: 191970, task_app_start_time:2117231035825139, task_sched_time:2117236059421077
app_id: 0, app_name: SAR_api-aarch64, task_id: 1457, task_name: DASH_ZIP, resource_name: zip1, ref_start_time: 2117236067131528, ref_stop_time: 2117236067260498, actual_exe_time: 128970, task_app_start_time:2117231035825139, task_sched_time:2117236067120278
app_id: 0, app_name: SAR_api-aarch64, task_id: 1458, task_name: DASH_FFT, resource_name: cpu1, ref_start_time: 2117236069721909, ref_stop_time: 2117236069781429, actual_exe_time: 59520, task_app_start_time:2117231035825139, task_sched_time:2117236069715849
app_id: 0, app_name: SAR_api-aarch64, task_id: 1459, task_name: DASH_ZIP, resource_name: cpu2, ref_start_time: 2117236075071300, ref_stop_time: 2117236075151460, actual_exe_time: 80160, task_app_start_time:2117231035825139, task_sched_time:2117236075063320
app_id: 0, app_name: SAR_api-aarch64, task_id: 1460, task_name: DASH_FFT, resource_name: cpu3, ref_start_time: 2117236079158320, ref_stop_time: 2117236079253360, actual_exe_time: 95040, task_app_start_time:2117231035825139, task_sched_time:2117236079148540
app_id: 0, app_name: SAR_api-aarch64, task_id: 1461, task_name: DASH_ZIP, resource_name: zip1, ref_start_time: 2117236079565990, ref_stop_time: 2117236079687970, actual_exe_time: 121980, task_app_start_time:2117231035825139, task_sched_time:2117236079562240
app_id: 0, app_name: SAR_api-aarch64, task_id: 1462, task_name: DASH_FFT, resource_name: cpu1, ref_start_time: 2117236083283441, ref_stop_time: 2117236083331471, actual_exe_time: 48030, task_app_start_time:2117231035825139, task_sched_time:2117236083196081
app_id: 0, app_name: SAR_api-aarch64, task_id: 1463, task_name: DASH_ZIP, resource_name: cpu2, ref_start_time: 2117236084486381, ref_stop_time: 2117236084562641, actual_exe_time: 76260, task_app_start_time:2117231035825139, task_sched_time:2117236084483591
app_id: 0, app_name: SAR_api-aarch64, task_id: 1464, task_name: DASH_FFT, resource_name: cpu3, ref_start_time: 2117236091318132, ref_stop_time: 2117236091397002, actual_exe_time: 78870, task_app_start_time:2117231035825139, task_sched_time:2117236091307482
app_id: 0, app_name: SAR_api-aarch64, task_id: 1465, task_name: DASH_ZIP, resource_name: zip1, ref_start_time: 2117236091723402, ref_stop_time: 2117236091847842, actual_exe_time: 124440, task_app_start_time:2117231035825139, task_sched_time:2117236091718542
app_id: 0, app_name: SAR_api-aarch64, task_id: 1466, task_name: DASH_FFT, resource_name: cpu1, ref_start_time: 2117236097960223, ref_stop_time: 2117236098013413, actual_exe_time: 53190, task_app_start_time:2117231035825139, task_sched_time:2117236097911173
app_id: 0, app_name: SAR_api-aarch64, task_id: 1467, task_name: DASH_ZIP, resource_name: cpu2, ref_start_time: 2117236099206514, ref_stop_time: 2117236099431214, actual_exe_time: 224700, task_app_start_time:2117231035825139, task_sched_time:2117236099200784
app_id: 0, app_name: SAR_api-aarch64, task_id: 1468, task_name: DASH_FFT, resource_name: cpu3, ref_start_time: 2117236103248444, ref_stop_time: 2117236103484814, actual_exe_time: 236370, task_app_start_time:2117231035825139, task_sched_time:2117236103238814
app_id: 0, app_name: SAR_api-aarch64, task_id: 1469, task_name: DASH_ZIP, resource_name: zip1, ref_start_time: 2117236107577145, ref_stop_time: 2117236107702755, actual_exe_time: 125610, task_app_start_time:2117231035825139, task_sched_time:2117236107571805
app_id: 0, app_name: SAR_api-aarch64, task_id: 1470, task_name: DASH_FFT, resource_name: cpu1, ref_start_time: 2117236111306626, ref_stop_time: 2117236111356906, actual_exe_time: 50280, task_app_start_time:2117231035825139, task_sched_time:2117236111235736
app_id: 0, app_name: SAR_api-aarch64, task_id: 1471, task_name: DASH_ZIP, resource_name: cpu2, ref_start_time: 2117236113248406, ref_stop_time: 2117236114973676, actual_exe_time: 1725270, task_app_start_time:2117231035825139, task_sched_time:2117236113243816
app_id: 0, app_name: SAR_api-aarch64, task_id: 1472, task_name: DASH_FFT, resource_name: cpu3, ref_start_time: 2117236115726376, ref_stop_time: 2117236115799276, actual_exe_time: 72900, task_app_start_time:2117231035825139, task_sched_time:2117236115721666
app_id: 0, app_name: SAR_api-aarch64, task_id: 1473, task_name: DASH_ZIP, resource_name: zip1, ref_start_time: 2117236116627426, ref_stop_time: 2117236116759666, actual_exe_time: 132240, task_app_start_time:2117231035825139, task_sched_time:2117236116618966
app_id: 0, app_name: SAR_api-aarch64, task_id: 1474, task_name: DASH_FFT, resource_name: cpu1, ref_start_time: 2117236123312297, ref_stop_time: 2117236123369027, actual_exe_time: 56730, task_app_start_time:2117231035825139, task_sched_time:2117236123301467
app_id: 0, app_name: SAR_api-aarch64, task_id: 1475, task_name: DASH_ZIP, resource_name: cpu2, ref_start_time: 2117236127203178, ref_stop_time: 2117236127283578, actual_exe_time: 80400, task_app_start_time:2117231035825139, task_sched_time:2117236127196458
app_id: 0, app_name: SAR_api-aarch64, task_id: 1476, task_name: DASH_FFT, resource_name: cpu3, ref_start_time: 2117236131433719, ref_stop_time: 2117236131674529, actual_exe_time: 240810, task_app_start_time:2117231035825139, task_sched_time:2117236131428499
app_id: 0, app_name: SAR_api-aarch64, task_id: 1477, task_name: DASH_ZIP, resource_name: zip1, ref_start_time: 2117236138915780, ref_stop_time: 2117236139052130, actual_exe_time: 136350, task_app_start_time:2117231035825139, task_sched_time:2117236138906720
app_id: 0, app_name: SAR_api-aarch64, task_id: 1478, task_name: DASH_FFT, resource_name: cpu1, ref_start_time: 2117236141543570, ref_stop_time: 2117236141595080, actual_exe_time: 51510, task_app_start_time:2117231035825139, task_sched_time:2117236141528420
app_id: 0, app_name: SAR_api-aarch64, task_id: 1479, task_name: DASH_ZIP, resource_name: cpu2, ref_start_time: 2117236143149081, ref_stop_time: 2117236143227411, actual_exe_time: 78330, task_app_start_time:2117231035825139, task_sched_time:2117236143145031
app_id: 0, app_name: SAR_api-aarch64, task_id: 1480, task_name: DASH_FFT, resource_name: cpu3, ref_start_time: 2117236146999371, ref_stop_time: 2117236147081271, actual_exe_time: 81900, task_app_start_time:2117231035825139, task_sched_time:2117236146990041
app_id: 0, app_name: SAR_api-aarch64, task_id: 1481, task_name: DASH_ZIP, resource_name: zip1, ref_start_time: 2117236155115573, ref_stop_time: 2117236155243853, actual_exe_time: 128280, task_app_start_time:2117231035825139, task_sched_time:2117236155107413
app_id: 0, app_name: SAR_api-aarch64, task_id: 1482, task_name: DASH_FFT, resource_name: cpu1, ref_start_time: 2117236156379353, ref_stop_time: 2117236156429903, actual_exe_time: 50550, task_app_start_time:2117231035825139, task_sched_time:2117236156373023
app_id: 0, app_name: SAR_api-aarch64, task_id: 1483, task_name: DASH_ZIP, resource_name: cpu2, ref_start_time: 2117236166938754, ref_stop_time: 2117236167018644, actual_exe_time: 79890, task_app_start_time:2117231035825139, task_sched_time:2117236166932124
app_id: 0, app_name: SAR_api-aarch64, task_id: 1484, task_name: DASH_FFT, resource_name: cpu3, ref_start_time: 2117236167434205, ref_stop_time: 2117236167502035, actual_exe_time: 67830, task_app_start_time:2117231035825139, task_sched_time:2117236167428025
app_id: 0, app_name: SAR_api-aarch64, task_id: 1485, task_name: DASH_ZIP, resource_name: zip1, ref_start_time: 2117236170357645, ref_stop_time: 2117236170485535, actual_exe_time: 127890, task_app_start_time:2117231035825139, task_sched_time:2117236170348255
app_id: 0, app_name: SAR_api-aarch64, task_id: 1486, task_name: DASH_FFT, resource_name: cpu1, ref_start_time: 2117236175333356, ref_stop_time: 2117236175388586, actual_exe_time: 55230, task_app_start_time:2117231035825139, task_sched_time:2117236175282536
app_id: 0, app_name: SAR_api-aarch64, task_id: 1487, task_name: DASH_ZIP, resource_name: cpu2, ref_start_time: 2117236183232237, ref_stop_time: 2117236183626527, actual_exe_time: 394290, task_app_start_time:2117231035825139, task_sched_time:2117236183225697
app_id: 0, app_name: SAR_api-aarch64, task_id: 1488, task_name: DASH_FFT, resource_name: cpu3, ref_start_time: 2117236184533487, ref_stop_time: 2117236184615087, actual_exe_time: 81600, task_app_start_time:2117231035825139, task_sched_time:2117236184528207
app_id: 0, app_name: SAR_api-aarch64, task_id: 1489, task_name: DASH_ZIP, resource_name: zip1, ref_start_time: 2117236191448788, ref_stop_time: 2117236191577728, actual_exe_time: 128940, task_app_start_time:2117231035825139, task_sched_time:2117236191439908
app_id: 0, app_name: SAR_api-aarch64, task_id: 1490, task_name: DASH_FFT, resource_name: cpu1, ref_start_time: 2117236197743509, ref_stop_time: 2117236197797869, actual_exe_time: 54360, task_app_start_time:2117231035825139, task_sched_time:2117236197738919
app_id: 0, app_name: SAR_api-aarch64, task_id: 1491, task_name: DASH_ZIP, resource_name: cpu2, ref_start_time: 2117236198628360, ref_stop_time: 2117236198706450, actual_exe_time: 78090, task_app_start_time:2117231035825139, task_sched_time:2117236198625300
app_id: 0, app_name: SAR_api-aarch64, task_id: 1492, task_name: DASH_FFT, resource_name: cpu3, ref_start_time: 2117236203324020, ref_stop_time: 2117236203403310, actual_exe_time: 79290, task_app_start_time:2117231035825139, task_sched_time:2117236203317750
app_id: 0, app_name: SAR_api-aarch64, task_id: 1493, task_name: DASH_ZIP, resource_name: zip1, ref_start_time: 2117236211107132, ref_stop_time: 2117236211595862, actual_exe_time: 488730, task_app_start_time:2117231035825139, task_sched_time:2117236211102272
app_id: 0, app_name: SAR_api-aarch64, task_id: 1494, task_name: DASH_FFT, resource_name: cpu1, ref_start_time: 2117236213006912, ref_stop_time: 2117236213065862, actual_exe_time: 58950, task_app_start_time:2117231035825139, task_sched_time:2117236212988972
app_id: 0, app_name: SAR_api-aarch64, task_id: 1495, task_name: DASH_ZIP, resource_name: cpu2, ref_start_time: 2117236219059503, ref_stop_time: 2117236219140953, actual_exe_time: 81450, task_app_start_time:2117231035825139, task_sched_time:2117236219049273
app_id: 0, app_name: SAR_api-aarch64, task_id: 1496, task_name: DASH_FFT, resource_name: cpu3, ref_start_time: 2117236222955603, ref_stop_time: 2117236223031593, actual_exe_time: 75990, task_app_start_time:2117231035825139, task_sched_time:2117236222949153
app_id: 0, app_name: SAR_api-aarch64, task_id: 1497, task_name: DASH_ZIP, resource_name: zip1, ref_start_time: 2117236225693284, ref_stop_time: 2117236225819284, actual_exe_time: 126000, task_app_start_time:2117231035825139, task_sched_time:2117236225683144
app_id: 0, app_name: SAR_api-aarch64, task_id: 1498, task_name: DASH_FFT, resource_name: cpu1, ref_start_time: 2117236226328084, ref_stop_time: 2117236226376414, actual_exe_time: 48330, task_app_start_time:2117231035825139, task_sched_time:2117236226311434
app_id: 0, app_name: SAR_api-aarch64, task_id: 1499, task_name: DASH_ZIP, resource_name: cpu2, ref_start_time: 2117236230663295, ref_stop_time: 2117236230747985, actual_exe_time: 84690, task_app_start_time:2117231035825139, task_sched_time:2117236230656545
app_id: 0, app_name: SAR_api-aarch64, task_id: 1500, task_name: DASH_FFT, resource_name: cpu3, ref_start_time: 2117236238964866, ref_stop_time: 2117236239339566, actual_exe_time: 374700, task_app_start_time:2117231035825139, task_sched_time:2117236238955266
app_id: 0, app_name: SAR_api-aarch64, task_id: 1501, task_name: DASH_ZIP, resource_name: zip1, ref_start_time: 2117236240210136, ref_stop_time: 2117236240338656, actual_exe_time: 128520, task_app_start_time:2117231035825139, task_sched_time:2117236240204796
app_id: 0, app_name: SAR_api-aarch64, task_id: 1502, task_name: DASH_FFT, resource_name: cpu1, ref_start_time: 2117236244383407, ref_stop_time: 2117236244437317, actual_exe_time: 53910, task_app_start_time:2117231035825139, task_sched_time:2117236244365347
app_id: 0, app_name: SAR_api-aarch64, task_id: 1503, task_name: DASH_ZIP, resource_name: cpu2, ref_start_time: 2117236246948947, ref_stop_time: 2117236247030247, actual_exe_time: 81300, task_app_start_time:2117231035825139, task_sched_time:2117236245137817
app_id: 0, app_name: SAR_api-aarch64, task_id: 1504, task_name: DASH_FFT, resource_name: cpu3, ref_start_time: 2117236247449077, ref_stop_time: 2117236247521047, actual_exe_time: 71970, task_app_start_time:2117231035825139, task_sched_time:2117236247440197
app_id: 0, app_name: SAR_api-aarch64, task_id: 1505, task_name: DASH_ZIP, resource_name: zip1, ref_start_time: 2117236248214618, ref_stop_time: 2117236248338458, actual_exe_time: 123840, task_app_start_time:2117231035825139, task_sched_time:2117236248207808
app_id: 0, app_name: SAR_api-aarch64, task_id: 1506, task_name: DASH_FFT, resource_name: cpu1, ref_start_time: 2117236248896008, ref_stop_time: 2117236248941728, actual_exe_time: 45720, task_app_start_time:2117231035825139, task_sched_time:2117236248851638
app_id: 0, app_name: SAR_api-aarch64, task_id: 1507, task_name: DASH_ZIP, resource_name: cpu2, ref_start_time: 2117236250926828, ref_stop_time: 2117236251003418, actual_exe_time: 76590, task_app_start_time:2117231035825139, task_sched_time:2117236249574548
app_id: 0, app_name: SAR_api-aarch64, task_id: 1508, task_name: DASH_FFT, resource_name: cpu3, ref_start_time: 2117236251332338, ref_stop_time: 2117236251399778, actual_exe_time: 67440, task_app_start_time:2117231035825139, task_sched_time:2117236251327418
app_id: 0, app_name: SAR_api-aarch64, task_id: 1509, task_name: DASH_ZIP, resource_name: zip1, ref_start_time: 2117236254330359, ref_stop_time: 2117236254454799, actual_exe_time: 124440, task_app_start_time:2117231035825139, task_sched_time:2117236254320339
app_id: 0, app_name: SAR_api-aarch64, task_id: 1510, task_name: DASH_FFT, resource_name: cpu1, ref_start_time: 2117236255450589, ref_stop_time: 2117236255505399, actual_exe_time: 54810, task_app_start_time:2117231035825139, task_sched_time:2117236255443989
app_id: 0, app_name: SAR_api-aarch64, task_id: 1511, task_name: DASH_ZIP, resource_name: cpu2, ref_start_time: 2117236259039249, ref_stop_time: 2117236259120189, actual_exe_time: 80940, task_app_start_time:2117231035825139, task_sched_time:2117236259029979
app_id: 0, app_name: SAR_api-aarch64, task_id: 1512, task_name: DASH_FFT, resource_name: cpu3, ref_start_time: 2117236262994300, ref_stop_time: 2117236263077910, actual_exe_time: 83610, task_app_start_time:2117231035825139, task_sched_time:2117236262987250
app_id: 0, app_name: SAR_api-aarch64, task_id: 1513, task_name: DASH_ZIP, resource_name: zip1, ref_start_time: 2117236269307351, ref_stop_time: 2117236269437431, actual_exe_time: 130080, task_app_start_time:2117231035825139, task_sched_time:2117236269300481
app_id: 0, app_name: SAR_api-aarch64, task_id: 1514, task_name: DASH_FFT, resource_name: cpu1, ref_start_time: 2117236278937172, ref_stop_time: 2117236278994413, actual_exe_time: 57241, task_app_start_time:2117231035825139, task_sched_time:2117236273308992
app_id: 0, app_name: SAR_api-aarch64, task_id: 1515, task_name: DASH_ZIP, resource_name: cpu2, ref_start_time: 2117236282327233, ref_stop_time: 2117236282405713, actual_exe_time: 78480, task_app_start_time:2117231035825139, task_sched_time:2117236282321023
app_id: 0, app_name: SAR_api-aarch64, task_id: 1516, task_name: DASH_FFT, resource_name: cpu3, ref_start_time: 2117236283154153, ref_stop_time: 2117236283228103, actual_exe_time: 73950, task_app_start_time:2117231035825139, task_sched_time:2117236283049033
app_id: 0, app_name: SAR_api-aarch64, task_id: 1517, task_name: DASH_ZIP, resource_name: zip1, ref_start_time: 2117236287295594, ref_stop_time: 2117236287423214, actual_exe_time: 127620, task_app_start_time:2117231035825139, task_sched_time:2117236287282424
app_id: 0, app_name: SAR_api-aarch64, task_id: 1518, task_name: DASH_FFT, resource_name: cpu1, ref_start_time: 2117236295236265, ref_stop_time: 2117236295292425, actual_exe_time: 56160, task_app_start_time:2117231035825139, task_sched_time:2117236295228765
app_id: 0, app_name: SAR_api-aarch64, task_id: 1519, task_name: DASH_ZIP, resource_name: cpu2, ref_start_time: 2117236297032935, ref_stop_time: 2117236297111385, actual_exe_time: 78450, task_app_start_time:2117231035825139, task_sched_time:2117236297023275
app_id: 0, app_name: SAR_api-aarch64, task_id: 1520, task_name: DASH_FFT, resource_name: cpu3, ref_start_time: 2117236303256106, ref_stop_time: 2117236303332996, actual_exe_time: 76890, task_app_start_time:2117231035825139, task_sched_time:2117236303238946
app_id: 0, app_name: SAR_api-aarch64, task_id: 1521, task_name: DASH_ZIP, resource_name: zip1, ref_start_time: 2117236309907557, ref_stop_time: 2117236310570408, actual_exe_time: 662851, task_app_start_time:2117231035825139, task_sched_time:2117236309873447
app_id: 0, app_name: SAR_api-aarch64, task_id: 1522, task_name: DASH_FFT, resource_name: cpu1, ref_start_time: 2117236311517898, ref_stop_time: 2117236311567788, actual_exe_time: 49890, task_app_start_time:2117231035825139, task_sched_time:2117236311504668
app_id: 0, app_name: SAR_api-aarch64, task_id: 1523, task_name: DASH_ZIP, resource_name: cpu2, ref_start_time: 2117236319070969, ref_stop_time: 2117236319155449, actual_exe_time: 84480, task_app_start_time:2117231035825139, task_sched_time:2117236319065029
app_id: 0, app_name: SAR_api-aarch64, task_id: 1524, task_name: DASH_FFT, resource_name: cpu3, ref_start_time: 2117236322941480, ref_stop_time: 2117236323388960, actual_exe_time: 447480, task_app_start_time:2117231035825139, task_sched_time:2117236322914630
app_id: 0, app_name: SAR_api-aarch64, task_id: 1525, task_name: DASH_ZIP, resource_name: zip1, ref_start_time: 2117236325579860, ref_stop_time: 2117236325711080, actual_exe_time: 131220, task_app_start_time:2117231035825139, task_sched_time:2117236325569420
app_id: 0, app_name: SAR_api-aarch64, task_id: 1526, task_name: DASH_FFT, resource_name: cpu1, ref_start_time: 2117236331138321, ref_stop_time: 2117236331190461, actual_exe_time: 52140, task_app_start_time:2117231035825139, task_sched_time:2117236331125091
app_id: 0, app_name: SAR_api-aarch64, task_id: 1527, task_name: DASH_ZIP, resource_name: cpu2, ref_start_time: 2117236338719232, ref_stop_time: 2117236339437822, actual_exe_time: 718590, task_app_start_time:2117231035825139, task_sched_time:2117236338708672
app_id: 0, app_name: SAR_api-aarch64, task_id: 1528, task_name: DASH_FFT, resource_name: cpu3, ref_start_time: 2117236340209992, ref_stop_time: 2117236340309382, actual_exe_time: 99390, task_app_start_time:2117231035825139, task_sched_time:2117236340160132
app_id: 0, app_name: SAR_api-aarch64, task_id: 1529, task_name: DASH_ZIP, resource_name: zip1, ref_start_time: 2117236341419473, ref_stop_time: 2117236341546193, actual_exe_time: 126720, task_app_start_time:2117231035825139, task_sched_time:2117236341019272
app_id: 0, app_name: SAR_api-aarch64, task_id: 1530, task_name: DASH_FFT, resource_name: cpu1, ref_start_time: 2117236341930343, ref_stop_time: 2117236342349443, actual_exe_time: 419100, task_app_start_time:2117231035825139, task_sched_time:2117236341925933
app_id: 0, app_name: SAR_api-aarch64, task_id: 1531, task_name: DASH_ZIP, resource_name: cpu2, ref_start_time: 2117236347125023, ref_stop_time: 2117236347205393, actual_exe_time: 80370, task_app_start_time:2117231035825139, task_sched_time:2117236347119923
app_id: 0, app_name: SAR_api-aarch64, task_id: 1532, task_name: DASH_FFT, resource_name: cpu3, ref_start_time: 2117236351504304, ref_stop_time: 2117236351593914, actual_exe_time: 89610, task_app_start_time:2117231035825139, task_sched_time:2117236351393154
app_id: 0, app_name: SAR_api-aarch64, task_id: 1533, task_name: DASH_ZIP, resource_name: zip1, ref_start_time: 2117236353369434, ref_stop_time: 2117236353492944, actual_exe_time: 123510, task_app_start_time:2117231035825139, task_sched_time:2117236353346484
app_id: 0, app_name: SAR_api-aarch64, task_id: 1534, task_name: DASH_FFT, resource_name: cpu1, ref_start_time: 2117236353878325, ref_stop_time: 2117236353924675, actual_exe_time: 46350, task_app_start_time:2117231035825139, task_sched_time:2117236353874005
app_id: 0, app_name: SAR_api-aarch64, task_id: 1535, task_name: DASH_ZIP, resource_name: cpu2, ref_start_time: 2117236363058356, ref_stop_time: 2117236363139506, actual_exe_time: 81150, task_app_start_time:2117231035825139, task_sched_time:2117236363050946
app_id: 0, app_name: SAR_api-aarch64, task_id: 1536, task_name: DASH_FFT, resource_name: cpu3, ref_start_time: 2117236366009427, ref_stop_time: 2117236366418207, actual_exe_time: 408780, task_app_start_time:2117231035825139, task_sched_time:2117236365969196
app_id: 0, app_name: SAR_api-aarch64, task_id: 1537, task_name: DASH_ZIP, resource_name: zip1, ref_start_time: 2117236367533607, ref_stop_time: 2117236367663087, actual_exe_time: 129480, task_app_start_time:2117231035825139, task_sched_time:2117236367521607
app_id: 0, app_name: SAR_api-aarch64, task_id: 1538, task_name: DASH_FFT, resource_name: cpu1, ref_start_time: 2117236371856187, ref_stop_time: 2117236371906827, actual_exe_time: 50640, task_app_start_time:2117231035825139, task_sched_time:2117236371844997
app_id: 0, app_name: SAR_api-aarch64, task_id: 1539, task_name: DASH_ZIP, resource_name: cpu2, ref_start_time: 2117236374908478, ref_stop_time: 2117236374988488, actual_exe_time: 80010, task_app_start_time:2117231035825139, task_sched_time:2117236372730268
app_id: 0, app_name: SAR_api-aarch64, task_id: 1540, task_name: DASH_FFT, resource_name: cpu3, ref_start_time: 2117236375347108, ref_stop_time: 2117236375417788, actual_exe_time: 70680, task_app_start_time:2117231035825139, task_sched_time:2117236375297368
app_id: 0, app_name: SAR_api-aarch64, task_id: 1541, task_name: DASH_ZIP, resource_name: zip1, ref_start_time: 2117236376411658, ref_stop_time: 2117236376534988, actual_exe_time: 123330, task_app_start_time:2117231035825139, task_sched_time:2117236376401878
app_id: 0, app_name: SAR_api-aarch64, task_id: 1542, task_name: DASH_FFT, resource_name: cpu1, ref_start_time: 2117236377111948, ref_stop_time: 2117236377155958, actual_exe_time: 44010, task_app_start_time:2117231035825139, task_sched_time:2117236377099168
app_id: 0, app_name: SAR_api-aarch64, task_id: 1543, task_name: DASH_ZIP, resource_name: cpu2, ref_start_time: 2117236378934359, ref_stop_time: 2117236379010109, actual_exe_time: 75750, task_app_start_time:2117231035825139, task_sched_time:2117236378047618
app_id: 0, app_name: SAR_api-aarch64, task_id: 1544, task_name: DASH_FFT, resource_name: cpu3, ref_start_time: 2117236379603149, ref_stop_time: 2117236379677579, actual_exe_time: 74430, task_app_start_time:2117231035825139, task_sched_time:2117236379460859
app_id: 0, app_name: SAR_api-aarch64, task_id: 1545, task_name: DASH_ZIP, resource_name: zip1, ref_start_time: 2117236380474889, ref_stop_time: 2117236380602149, actual_exe_time: 127260, task_app_start_time:2117231035825139, task_sched_time:2117236380454549
app_id: 0, app_name: SAR_api-aarch64, task_id: 1546, task_name: DASH_FFT, resource_name: cpu1, ref_start_time: 2117236381243039, ref_stop_time: 2117236381288189, actual_exe_time: 45150, task_app_start_time:2117231035825139, task_sched_time:2117236381235449
app_id: 0, app_name: SAR_api-aarch64, task_id: 1547, task_name: DASH_ZIP, resource_name: cpu2, ref_start_time: 2117236382212519, ref_stop_time: 2117236382288329, actual_exe_time: 75810, task_app_start_time:2117231035825139, task_sched_time:2117236382205619
app_id: 0, app_name: SAR_api-aarch64, task_id: 1548, task_name: DASH_FFT, resource_name: cpu3, ref_start_time: 2117236387459850, ref_stop_time: 2117236387537850, actual_exe_time: 78000, task_app_start_time:2117231035825139, task_sched_time:2117236387449470
app_id: 0, app_name: SAR_api-aarch64, task_id: 1549, task_name: DASH_ZIP, resource_name: zip1, ref_start_time: 2117236395166551, ref_stop_time: 2117236395294261, actual_exe_time: 127710, task_app_start_time:2117231035825139, task_sched_time:2117236395094671
app_id: 0, app_name: SAR_api-aarch64, task_id: 1550, task_name: DASH_FFT, resource_name: cpu1, ref_start_time: 2117236396735131, ref_stop_time: 2117236396783761, actual_exe_time: 48630, task_app_start_time:2117231035825139, task_sched_time:2117236396720941
app_id: 0, app_name: SAR_api-aarch64, task_id: 1551, task_name: DASH_ZIP, resource_name: cpu2, ref_start_time: 2117236397443252, ref_stop_time: 2117236397821522, actual_exe_time: 378270, task_app_start_time:2117231035825139, task_sched_time:2117236397433862
app_id: 0, app_name: SAR_api-aarch64, task_id: 1552, task_name: DASH_FFT, resource_name: cpu3, ref_start_time: 2117236403099242, ref_stop_time: 2117236403175622, actual_exe_time: 76380, task_app_start_time:2117231035825139, task_sched_time:2117236403004742
app_id: 0, app_name: SAR_api-aarch64, task_id: 1553, task_name: DASH_ZIP, resource_name: zip1, ref_start_time: 2117236407186713, ref_stop_time: 2117236407313103, actual_exe_time: 126390, task_app_start_time:2117231035825139, task_sched_time:2117236407121373
app_id: 0, app_name: SAR_api-aarch64, task_id: 1554, task_name: DASH_FFT, resource_name: cpu1, ref_start_time: 2117236411142694, ref_stop_time: 2117236411192554, actual_exe_time: 49860, task_app_start_time:2117231035825139, task_sched_time:2117236411138284
app_id: 0, app_name: SAR_api-aarch64, task_id: 1555, task_name: DASH_ZIP, resource_name: cpu2, ref_start_time: 2117236412771604, ref_stop_time: 2117236413022884, actual_exe_time: 251280, task_app_start_time:2117231035825139, task_sched_time:2117236412764314
app_id: 0, app_name: SAR_api-aarch64, task_id: 1556, task_name: DASH_FFT, resource_name: cpu3, ref_start_time: 2117236413423774, ref_stop_time: 2117236413492954, actual_exe_time: 69180, task_app_start_time:2117231035825139, task_sched_time:2117236413228174
app_id: 0, app_name: SAR_api-aarch64, task_id: 1557, task_name: DASH_ZIP, resource_name: zip1, ref_start_time: 2117236419764905, ref_stop_time: 2117236419892555, actual_exe_time: 127650, task_app_start_time:2117231035825139, task_sched_time:2117236419693865
app_id: 0, app_name: SAR_api-aarch64, task_id: 1558, task_name: DASH_FFT, resource_name: cpu1, ref_start_time: 2117236422988496, ref_stop_time: 2117236423220246, actual_exe_time: 231750, task_app_start_time:2117231035825139, task_sched_time:2117236422977966
app_id: 0, app_name: SAR_api-aarch64, task_id: 1559, task_name: DASH_ZIP, resource_name: cpu2, ref_start_time: 2117236426983716, ref_stop_time: 2117236427061116, actual_exe_time: 77400, task_app_start_time:2117231035825139, task_sched_time:2117236426978226
app_id: 0, app_name: SAR_api-aarch64, task_id: 1560, task_name: DASH_FFT, resource_name: cpu3, ref_start_time: 2117236428131397, ref_stop_time: 2117236428204297, actual_exe_time: 72900, task_app_start_time:2117231035825139, task_sched_time:2117236428127347
app_id: 0, app_name: SAR_api-aarch64, task_id: 1561, task_name: DASH_ZIP, resource_name: zip1, ref_start_time: 2117236435046398, ref_stop_time: 2117236435175578, actual_exe_time: 129180, task_app_start_time:2117231035825139, task_sched_time:2117236435036588
app_id: 0, app_name: SAR_api-aarch64, task_id: 1562, task_name: DASH_FFT, resource_name: cpu1, ref_start_time: 2117236439164498, ref_stop_time: 2117236439215378, actual_exe_time: 50880, task_app_start_time:2117231035825139, task_sched_time:2117236439157598
app_id: 0, app_name: SAR_api-aarch64, task_id: 1563, task_name: DASH_ZIP, resource_name: cpu2, ref_start_time: 2117236442588729, ref_stop_time: 2117236442863649, actual_exe_time: 274920, task_app_start_time:2117231035825139, task_sched_time:2117236442580149
app_id: 0, app_name: SAR_api-aarch64, task_id: 1564, task_name: DASH_FFT, resource_name: cpu3, ref_start_time: 2117236450936980, ref_stop_time: 2117236451015700, actual_exe_time: 78720, task_app_start_time:2117231035825139, task_sched_time:2117236450927440
app_id: 0, app_name: SAR_api-aarch64, task_id: 1565, task_name: DASH_ZIP, resource_name: zip1, ref_start_time: 2117236455239341, ref_stop_time: 2117236455363031, actual_exe_time: 123690, task_app_start_time:2117231035825139, task_sched_time:2117236455030721
app_id: 0, app_name: SAR_api-aarch64, task_id: 1566, task_name: DASH_FFT, resource_name: cpu1, ref_start_time: 2117236457193181, ref_stop_time: 2117236457245051, actual_exe_time: 51870, task_app_start_time:2117231035825139, task_sched_time:2117236457184181
app_id: 0, app_name: SAR_api-aarch64, task_id: 1567, task_name: DASH_ZIP, resource_name: cpu2, ref_start_time: 2117236463384642, ref_stop_time: 2117236463469002, actual_exe_time: 84360, task_app_start_time:2117231035825139, task_sched_time:2117236463374352
app_id: 0, app_name: SAR_api-aarch64, task_id: 1568, task_name: DASH_FFT, resource_name: cpu3, ref_start_time: 2117236463603552, ref_stop_time: 2117236463845622, actual_exe_time: 242070, task_app_start_time:2117231035825139, task_sched_time:2117236463596682
app_id: 0, app_name: SAR_api-aarch64, task_id: 1569, task_name: DASH_ZIP, resource_name: zip1, ref_start_time: 2117236470579663, ref_stop_time: 2117236470712533, actual_exe_time: 132870, task_app_start_time:2117231035825139, task_sched_time:2117236470491103
app_id: 0, app_name: SAR_api-aarch64, task_id: 1570, task_name: DASH_FFT, resource_name: cpu1, ref_start_time: 2117236475123584, ref_stop_time: 2117236475176174, actual_exe_time: 52590, task_app_start_time:2117231035825139, task_sched_time:2117236475112334
app_id: 0, app_name: SAR_api-aarch64, task_id: 1571, task_name: DASH_ZIP, resource_name: cpu2, ref_start_time: 2117236482951515, ref_stop_time: 2117236483229705, actual_exe_time: 278190, task_app_start_time:2117231035825139, task_sched_time:2117236482945305
app_id: 0, app_name: SAR_api-aarch64, task_id: 1572, task_name: DASH_FFT, resource_name: cpu3, ref_start_time: 2117236484679066, ref_stop_time: 2117236484753046, actual_exe_time: 73980, task_app_start_time:2117231035825139, task_sched_time:2117236484584146
app_id: 0, app_name: SAR_api-aarch64, task_id: 1573, task_name: DASH_ZIP, resource_name: zip1, ref_start_time: 2117236491294877, ref_stop_time: 2117236491426097, actual_exe_time: 131220, task_app_start_time:2117231035825139, task_sched_time:2117236491108697
app_id: 0, app_name: SAR_api-aarch64, task_id: 1574, task_name: DASH_FFT, resource_name: cpu1, ref_start_time: 2117236498470368, ref_stop_time: 2117236498523588, actual_exe_time: 53220, task_app_start_time:2117231035825139, task_sched_time:2117236498455848
app_id: 0, app_name: SAR_api-aarch64, task_id: 1575, task_name: DASH_ZIP, resource_name: cpu2, ref_start_time: 2117236503428679, ref_stop_time: 2117236503511089, actual_exe_time: 82410, task_app_start_time:2117231035825139, task_sched_time:2117236503421779
app_id: 0, app_name: SAR_api-aarch64, task_id: 1576, task_name: DASH_FFT, resource_name: cpu3, ref_start_time: 2117236506943029, ref_stop_time: 2117236507206009, actual_exe_time: 262980, task_app_start_time:2117231035825139, task_sched_time:2117236506936489
app_id: 0, app_name: SAR_api-aarch64, task_id: 1577, task_name: DASH_ZIP, resource_name: zip1, ref_start_time: 2117236513256170, ref_stop_time: 2117236513388230, actual_exe_time: 132060, task_app_start_time:2117231035825139, task_sched_time:2117236513113820
app_id: 0, app_name: SAR_api-aarch64, task_id: 1578, task_name: DASH_FFT, resource_name: cpu1, ref_start_time: 2117236519682891, ref_stop_time: 2117236519735481, actual_exe_time: 52590, task_app_start_time:2117231035825139, task_sched_time:2117236519674701
app_id: 0, app_name: SAR_api-aarch64, task_id: 1579, task_name: DASH_ZIP, resource_name: cpu2, ref_start_time: 2117236526151702, ref_stop_time: 2117236526232282, actual_exe_time: 80580, task_app_start_time:2117231035825139, task_sched_time:2117236526143032
app_id: 0, app_name: SAR_api-aarch64, task_id: 1580, task_name: DASH_FFT, resource_name: cpu3, ref_start_time: 2117236527259632, ref_stop_time: 2117236527584083, actual_exe_time: 324451, task_app_start_time:2117231035825139, task_sched_time:2117236527256332
app_id: 0, app_name: SAR_api-aarch64, task_id: 1581, task_name: DASH_ZIP, resource_name: zip1, ref_start_time: 2117236531401763, ref_stop_time: 2117236531540063, actual_exe_time: 138300, task_app_start_time:2117231035825139, task_sched_time:2117236531363693
app_id: 0, app_name: SAR_api-aarch64, task_id: 1582, task_name: DASH_FFT, resource_name: cpu1, ref_start_time: 2117236535547464, ref_stop_time: 2117236535596874, actual_exe_time: 49410, task_app_start_time:2117231035825139, task_sched_time:2117236535538854
app_id: 0, app_name: SAR_api-aarch64, task_id: 1583, task_name: DASH_ZIP, resource_name: cpu2, ref_start_time: 2117236541594985, ref_stop_time: 2117236541674425, actual_exe_time: 79440, task_app_start_time:2117231035825139, task_sched_time:2117236541589555
app_id: 0, app_name: SAR_api-aarch64, task_id: 1584, task_name: DASH_FFT, resource_name: cpu3, ref_start_time: 2117236545126345, ref_stop_time: 2117236545317085, actual_exe_time: 190740, task_app_start_time:2117231035825139, task_sched_time:2117236545072735
app_id: 0, app_name: SAR_api-aarch64, task_id: 1585, task_name: DASH_ZIP, resource_name: zip1, ref_start_time: 2117236546294006, ref_stop_time: 2117236546552126, actual_exe_time: 258120, task_app_start_time:2117231035825139, task_sched_time:2117236546239556
app_id: 0, app_name: SAR_api-aarch64, task_id: 1586, task_name: DASH_FFT, resource_name: cpu1, ref_start_time: 2117236550931916, ref_stop_time: 2117236550988136, actual_exe_time: 56220, task_app_start_time:2117231035825139, task_sched_time:2117236547122816
app_id: 0, app_name: SAR_api-aarch64, task_id: 1587, task_name: DASH_ZIP, resource_name: cpu2, ref_start_time: 2117236554128747, ref_stop_time: 2117236554207617, actual_exe_time: 78870, task_app_start_time:2117231035825139, task_sched_time:2117236554124607
app_id: 0, app_name: SAR_api-aarch64, task_id: 1588, task_name: DASH_FFT, resource_name: cpu3, ref_start_time: 2117236554986807, ref_stop_time: 2117236555428047, actual_exe_time: 441240, task_app_start_time:2117231035825139, task_sched_time:2117236554983327
app_id: 0, app_name: SAR_api-aarch64, task_id: 1589, task_name: DASH_ZIP, resource_name: zip1, ref_start_time: 2117236558840788, ref_stop_time: 2117236558971888, actual_exe_time: 131100, task_app_start_time:2117231035825139, task_sched_time:2117236558799748
app_id: 0, app_name: SAR_api-aarch64, task_id: 1590, task_name: DASH_FFT, resource_name: cpu1, ref_start_time: 2117236559751828, ref_stop_time: 2117236559803308, actual_exe_time: 51480, task_app_start_time:2117231035825139, task_sched_time:2117236559742048
app_id: 0, app_name: SAR_api-aarch64, task_id: 1591, task_name: DASH_ZIP, resource_name: cpu2, ref_start_time: 2117236562921748, ref_stop_time: 2117236563002958, actual_exe_time: 81210, task_app_start_time:2117231035825139, task_sched_time:2117236560601818
app_id: 0, app_name: SAR_api-aarch64, task_id: 1592, task_name: DASH_FFT, resource_name: cpu3, ref_start_time: 2117236563464118, ref_stop_time: 2117236563535968, actual_exe_time: 71850, task_app_start_time:2117231035825139, task_sched_time:2117236563459348
app_id: 0, app_name: SAR_api-aarch64, task_id: 1593, task_name: DASH_ZIP, resource_name: zip1, ref_start_time: 2117236567398649, ref_stop_time: 2117236567523539, actual_exe_time: 124890, task_app_start_time:2117231035825139, task_sched_time:2117236567392979
app_id: 0, app_name: SAR_api-aarch64, task_id: 1594, task_name: DASH_FFT, resource_name: cpu1, ref_start_time: 2117236569640669, ref_stop_time: 2117236569689299, actual_exe_time: 48630, task_app_start_time:2117231035825139, task_sched_time:2117236569636769
app_id: 0, app_name: SAR_api-aarch64, task_id: 1595, task_name: DASH_ZIP, resource_name: cpu2, ref_start_time: 2117236575023060, ref_stop_time: 2117236575106730, actual_exe_time: 83670, task_app_start_time:2117231035825139, task_sched_time:2117236575012200
app_id: 0, app_name: SAR_api-aarch64, task_id: 1596, task_name: DASH_FFT, resource_name: cpu3, ref_start_time: 2117236579269141, ref_stop_time: 2117236579344261, actual_exe_time: 75120, task_app_start_time:2117231035825139, task_sched_time:2117236579217451
app_id: 0, app_name: SAR_api-aarch64, task_id: 1597, task_name: DASH_ZIP, resource_name: zip1, ref_start_time: 2117236584578662, ref_stop_time: 2117236584712132, actual_exe_time: 133470, task_app_start_time:2117231035825139, task_sched_time:2117236584527482
app_id: 0, app_name: SAR_api-aarch64, task_id: 1598, task_name: DASH_FFT, resource_name: cpu1, ref_start_time: 2117236587082582, ref_stop_time: 2117236587135562, actual_exe_time: 52980, task_app_start_time:2117231035825139, task_sched_time:2117236587074032
app_id: 0, app_name: SAR_api-aarch64, task_id: 1599, task_name: DASH_ZIP, resource_name: cpu2, ref_start_time: 2117236594993013, ref_stop_time: 2117236595072603, actual_exe_time: 79590, task_app_start_time:2117231035825139, task_sched_time:2117236594984523
app_id: 0, app_name: SAR_api-aarch64, task_id: 1600, task_name: DASH_FFT, resource_name: cpu3, ref_start_time: 2117236597548234, ref_stop_time: 2117236597622424, actual_exe_time: 74190, task_app_start_time:2117231035825139, task_sched_time:2117236597535394
app_id: 0, app_name: SAR_api-aarch64, task_id: 1601, task_name: DASH_ZIP, resource_name: zip1, ref_start_time: 2117236598950404, ref_stop_time: 2117236599077874, actual_exe_time: 127470, task_app_start_time:2117231035825139, task_sched_time:2117236598943564
app_id: 0, app_name: SAR_api-aarch64, task_id: 1602, task_name: DASH_FFT, resource_name: cpu1, ref_start_time: 2117236602359125, ref_stop_time: 2117236602411775, actual_exe_time: 52650, task_app_start_time:2117231035825139, task_sched_time:2117236602349615
app_id: 0, app_name: SAR_api-aarch64, task_id: 1603, task_name: DASH_ZIP, resource_name: cpu2, ref_start_time: 2117236606919035, ref_stop_time: 2117236606999975, actual_exe_time: 80940, task_app_start_time:2117231035825139, task_sched_time:2117236603344475
app_id: 0, app_name: SAR_api-aarch64, task_id: 1604, task_name: DASH_FFT, resource_name: cpu3, ref_start_time: 2117236607693815, ref_stop_time: 2117236607766505, actual_exe_time: 72690, task_app_start_time:2117231035825139, task_sched_time:2117236607569105
app_id: 0, app_name: SAR_api-aarch64, task_id: 1605, task_name: DASH_ZIP, resource_name: zip1, ref_start_time: 2117236608551936, ref_stop_time: 2117236608675356, actual_exe_time: 123420, task_app_start_time:2117231035825139, task_sched_time:2117236608548816
app_id: 0, app_name: SAR_api-aarch64, task_id: 1606, task_name: DASH_FFT, resource_name: cpu1, ref_start_time: 2117236609278026, ref_stop_time: 2117236609323866, actual_exe_time: 45840, task_app_start_time:2117231035825139, task_sched_time:2117236609274516
app_id: 0, app_name: SAR_api-aarch64, task_id: 1607, task_name: DASH_ZIP, resource_name: cpu2, ref_start_time: 2117236610903786, ref_stop_time: 2117236610981786, actual_exe_time: 78000, task_app_start_time:2117231035825139, task_sched_time:2117236609637306
app_id: 0, app_name: SAR_api-aarch64, task_id: 1608, task_name: DASH_FFT, resource_name: cpu3, ref_start_time: 2117236612564466, ref_stop_time: 2117236612632086, actual_exe_time: 67620, task_app_start_time:2117231035825139, task_sched_time:2117236612554206
app_id: 0, app_name: SAR_api-aarch64, task_id: 1609, task_name: DASH_ZIP, resource_name: zip1, ref_start_time: 2117236622954788, ref_stop_time: 2117236623084718, actual_exe_time: 129930, task_app_start_time:2117231035825139, task_sched_time:2117236622943538
app_id: 0, app_name: SAR_api-aarch64, task_id: 1610, task_name: DASH_FFT, resource_name: cpu1, ref_start_time: 2117236626159418, ref_stop_time: 2117236626208558, actual_exe_time: 49140, task_app_start_time:2117231035825139, task_sched_time:2117236626149878
app_id: 0, app_name: SAR_api-aarch64, task_id: 1611, task_name: DASH_ZIP, resource_name: cpu2, ref_start_time: 2117236627025519, ref_stop_time: 2117236627102349, actual_exe_time: 76830, task_app_start_time:2117231035825139, task_sched_time:2117236627016699
app_id: 0, app_name: SAR_api-aarch64, task_id: 1612, task_name: DASH_FFT, resource_name: cpu3, ref_start_time: 2117236631222729, ref_stop_time: 2117236631576579, actual_exe_time: 353850, task_app_start_time:2117231035825139, task_sched_time:2117236631149739
app_id: 0, app_name: SAR_api-aarch64, task_id: 1613, task_name: DASH_ZIP, resource_name: zip1, ref_start_time: 2117236640690341, ref_stop_time: 2117236640824291, actual_exe_time: 133950, task_app_start_time:2117231035825139, task_sched_time:2117236640674951
app_id: 0, app_name: SAR_api-aarch64, task_id: 1614, task_name: DASH_FFT, resource_name: cpu1, ref_start_time: 2117236641867391, ref_stop_time: 2117236641916651, actual_exe_time: 49260, task_app_start_time:2117231035825139, task_sched_time:2117236641856741
app_id: 0, app_name: SAR_api-aarch64, task_id: 1615, task_name: DASH_ZIP, resource_name: cpu2, ref_start_time: 2117236651014872, ref_stop_time: 2117236651099052, actual_exe_time: 84180, task_app_start_time:2117231035825139, task_sched_time:2117236651008572
app_id: 0, app_name: SAR_api-aarch64, task_id: 1616, task_name: DASH_FFT, resource_name: cpu3, ref_start_time: 2117236655472213, ref_stop_time: 2117236655549523, actual_exe_time: 77310, task_app_start_time:2117231035825139, task_sched_time:2117236655420823
app_id: 0, app_name: SAR_api-aarch64, task_id: 1617, task_name: DASH_ZIP, resource_name: zip1, ref_start_time: 2117236663605874, ref_stop_time: 2117236663736854, actual_exe_time: 130980, task_app_start_time:2117231035825139, task_sched_time:2117236663415554
app_id: 0, app_name: SAR_api-aarch64, task_id: 1618, task_name: DASH_FFT, resource_name: cpu1, ref_start_time: 2117236669715585, ref_stop_time: 2117236670006345, actual_exe_time: 290760, task_app_start_time:2117231035825139, task_sched_time:2117236669702475
app_id: 0, app_name: SAR_api-aarch64, task_id: 1619, task_name: DASH_ZIP, resource_name: cpu2, ref_start_time: 2117236675067796, ref_stop_time: 2117236675150806, actual_exe_time: 83010, task_app_start_time:2117231035825139, task_sched_time:2117236675062066
app_id: 0, app_name: SAR_api-aarch64, task_id: 1620, task_name: DASH_FFT, resource_name: cpu3, ref_start_time: 2117236675517886, ref_stop_time: 2117236676087616, actual_exe_time: 569730, task_app_start_time:2117231035825139, task_sched_time:2117236675463916
app_id: 0, app_name: SAR_api-aarch64, task_id: 1621, task_name: DASH_ZIP, resource_name: zip1, ref_start_time: 2117236683878588, ref_stop_time: 2117236684008398, actual_exe_time: 129810, task_app_start_time:2117231035825139, task_sched_time:2117236683790808
app_id: 0, app_name: SAR_api-aarch64, task_id: 1622, task_name: DASH_FFT, resource_name: cpu1, ref_start_time: 2117236690946619, ref_stop_time: 2117236691222529, actual_exe_time: 275910, task_app_start_time:2117231035825139, task_sched_time:2117236690933479
app_id: 0, app_name: SAR_api-aarch64, task_id: 1623, task_name: DASH_ZIP, resource_name: cpu2, ref_start_time: 2117236696735450, ref_stop_time: 2117236696816330, actual_exe_time: 80880, task_app_start_time:2117231035825139, task_sched_time:2117236696725730
app_id: 0, app_name: SAR_api-aarch64, task_id: 1624, task_name: DASH_FFT, resource_name: cpu3, ref_start_time: 2117236697767570, ref_stop_time: 2117236697839300, actual_exe_time: 71730, task_app_start_time:2117231035825139, task_sched_time:2117236697717920
app_id: 0, app_name: SAR_api-aarch64, task_id: 1625, task_name: DASH_ZIP, resource_name: zip1, ref_start_time: 2117236703043581, ref_stop_time: 2117236703173211, actual_exe_time: 129630, task_app_start_time:2117231035825139, task_sched_time:2117236703027891
app_id: 0, app_name: SAR_api-aarch64, task_id: 1626, task_name: DASH_FFT, resource_name: cpu1, ref_start_time: 2117236707046121, ref_stop_time: 2117236707097181, actual_exe_time: 51060, task_app_start_time:2117231035825139, task_sched_time:2117236707034571
app_id: 0, app_name: SAR_api-aarch64, task_id: 1627, task_name: DASH_ZIP, resource_name: cpu2, ref_start_time: 2117236712496552, ref_stop_time: 2117236712576922, actual_exe_time: 80370, task_app_start_time:2117231035825139, task_sched_time:2117236712491182
app_id: 0, app_name: SAR_api-aarch64, task_id: 1628, task_name: DASH_FFT, resource_name: cpu3, ref_start_time: 2117236719470953, ref_stop_time: 2117236719608833, actual_exe_time: 137880, task_app_start_time:2117231035825139, task_sched_time:2117236719371113
app_id: 0, app_name: SAR_api-aarch64, task_id: 1629, task_name: DASH_ZIP, resource_name: zip1, ref_start_time: 2117236725676484, ref_stop_time: 2117236725802004, actual_exe_time: 125520, task_app_start_time:2117231035825139, task_sched_time:2117236725588314
app_id: 0, app_name: SAR_api-aarch64, task_id: 1630, task_name: DASH_FFT, resource_name: cpu1, ref_start_time: 2117236726703685, ref_stop_time: 2117236726752675, actual_exe_time: 48990, task_app_start_time:2117231035825139, task_sched_time:2117236726693755
app_id: 0, app_name: SAR_api-aarch64, task_id: 1631, task_name: DASH_ZIP, resource_name: cpu2, ref_start_time: 2117236731316005, ref_stop_time: 2117236731401235, actual_exe_time: 85230, task_app_start_time:2117231035825139, task_sched_time:2117236731309075
app_id: 0, app_name: SAR_api-aarch64, task_id: 1632, task_name: DASH_FFT, resource_name: cpu3, ref_start_time: 2117236739173967, ref_stop_time: 2117236739263127, actual_exe_time: 89160, task_app_start_time:2117231035825139, task_sched_time:2117236739122907
app_id: 0, app_name: SAR_api-aarch64, task_id: 1633, task_name: DASH_ZIP, resource_name: zip1, ref_start_time: 2117236741439657, ref_stop_time: 2117236741569257, actual_exe_time: 129600, task_app_start_time:2117231035825139, task_sched_time:2117236741433237
app_id: 0, app_name: SAR_api-aarch64, task_id: 1634, task_name: DASH_FFT, resource_name: cpu1, ref_start_time: 2117236751028648, ref_stop_time: 2117236751082258, actual_exe_time: 53610, task_app_start_time:2117231035825139, task_sched_time:2117236751014518
app_id: 0, app_name: SAR_api-aarch64, task_id: 1635, task_name: DASH_ZIP, resource_name: cpu2, ref_start_time: 2117236754565259, ref_stop_time: 2117236754644489, actual_exe_time: 79230, task_app_start_time:2117231035825139, task_sched_time:2117236754555629
app_id: 0, app_name: SAR_api-aarch64, task_id: 1636, task_name: DASH_FFT, resource_name: cpu3, ref_start_time: 2117236759683500, ref_stop_time: 2117236759759670, actual_exe_time: 76170, task_app_start_time:2117231035825139, task_sched_time:2117236759601120
app_id: 0, app_name: SAR_api-aarch64, task_id: 1637, task_name: DASH_ZIP, resource_name: zip1, ref_start_time: 2117236768573161, ref_stop_time: 2117236768701801, actual_exe_time: 128640, task_app_start_time:2117231035825139, task_sched_time:2117236768567011
app_id: 0, app_name: SAR_api-aarch64, task_id: 1638, task_name: DASH_FFT, resource_name: cpu1, ref_start_time: 2117236775199022, ref_stop_time: 2117236775254942, actual_exe_time: 55920, task_app_start_time:2117231035825139, task_sched_time:2117236775191312
app_id: 0, app_name: SAR_api-aarch64, task_id: 1639, task_name: DASH_ZIP, resource_name: cpu2, ref_start_time: 2117236781962853, ref_stop_time: 2117236782233843, actual_exe_time: 270990, task_app_start_time:2117231035825139, task_sched_time:2117236781953733
app_id: 0, app_name: SAR_api-aarch64, task_id: 1640, task_name: DASH_FFT, resource_name: cpu3, ref_start_time: 2117236783375524, ref_stop_time: 2117236783452294, actual_exe_time: 76770, task_app_start_time:2117231035825139, task_sched_time:2117236783281174
app_id: 0, app_name: SAR_api-aarch64, task_id: 1641, task_name: DASH_ZIP, resource_name: zip1, ref_start_time: 2117236791234835, ref_stop_time: 2117236791364945, actual_exe_time: 130110, task_app_start_time:2117231035825139, task_sched_time:2117236791157135
app_id: 0, app_name: SAR_api-aarch64, task_id: 1642, task_name: DASH_FFT, resource_name: cpu1, ref_start_time: 2117236797063386, ref_stop_time: 2117236797115766, actual_exe_time: 52380, task_app_start_time:2117231035825139, task_sched_time:2117236797057416
app_id: 0, app_name: SAR_api-aarch64, task_id: 1643, task_name: DASH_ZIP, resource_name: cpu2, ref_start_time: 2117236803069717, ref_stop_time: 2117236803153027, actual_exe_time: 83310, task_app_start_time:2117231035825139, task_sched_time:2117236803063597
app_id: 0, app_name: SAR_api-aarch64, task_id: 1644, task_name: DASH_FFT, resource_name: cpu3, ref_start_time: 2117236803905097, ref_stop_time: 2117236803975897, actual_exe_time: 70800, task_app_start_time:2117231035825139, task_sched_time:2117236803850527
app_id: 0, app_name: SAR_api-aarch64, task_id: 1645, task_name: DASH_ZIP, resource_name: zip1, ref_start_time: 2117236810327828, ref_stop_time: 2117236810455868, actual_exe_time: 128040, task_app_start_time:2117231035825139, task_sched_time:2117236810322998
app_id: 0, app_name: SAR_api-aarch64, task_id: 1646, task_name: DASH_FFT, resource_name: cpu1, ref_start_time: 2117236811867578, ref_stop_time: 2117236811918458, actual_exe_time: 50880, task_app_start_time:2117231035825139, task_sched_time:2117236811859358
app_id: 0, app_name: SAR_api-aarch64, task_id: 1647, task_name: DASH_ZIP, resource_name: cpu2, ref_start_time: 2117236815019589, ref_stop_time: 2117236815100619, actual_exe_time: 81030, task_app_start_time:2117231035825139, task_sched_time:2117236815012509
app_id: 0, app_name: SAR_api-aarch64, task_id: 1648, task_name: DASH_FFT, resource_name: cpu3, ref_start_time: 2117236816066499, ref_stop_time: 2117236816137089, actual_exe_time: 70590, task_app_start_time:2117231035825139, task_sched_time:2117236816060799
app_id: 0, app_name: SAR_api-aarch64, task_id: 1649, task_name: DASH_ZIP, resource_name: zip1, ref_start_time: 2117236817144609, ref_stop_time: 2117236817614679, actual_exe_time: 470070, task_app_start_time:2117231035825139, task_sched_time:2117236816980389
app_id: 0, app_name: SAR_api-aarch64, task_id: 1650, task_name: DASH_FFT, resource_name: cpu1, ref_start_time: 2117236818045269, ref_stop_time: 2117236818094079, actual_exe_time: 48810, task_app_start_time:2117231035825139, task_sched_time:2117236818032309
app_id: 0, app_name: SAR_api-aarch64, task_id: 1651, task_name: DASH_ZIP, resource_name: cpu2, ref_start_time: 2117236818962039, ref_stop_time: 2117236819040129, actual_exe_time: 78090, task_app_start_time:2117231035825139, task_sched_time:2117236818957179
app_id: 0, app_name: SAR_api-aarch64, task_id: 1652, task_name: DASH_FFT, resource_name: cpu3, ref_start_time: 2117236819863450, ref_stop_time: 2117236819931400, actual_exe_time: 67950, task_app_start_time:2117231035825139, task_sched_time:2117236819829400
app_id: 0, app_name: SAR_api-aarch64, task_id: 1653, task_name: DASH_ZIP, resource_name: zip1, ref_start_time: 2117236820883330, ref_stop_time: 2117236821006330, actual_exe_time: 123000, task_app_start_time:2117231035825139, task_sched_time:2117236820876580
app_id: 0, app_name: SAR_api-aarch64, task_id: 1654, task_name: DASH_FFT, resource_name: cpu1, ref_start_time: 2117236821410850, ref_stop_time: 2117236821804450, actual_exe_time: 393600, task_app_start_time:2117231035825139, task_sched_time:2117236821406230
app_id: 0, app_name: SAR_api-aarch64, task_id: 1655, task_name: DASH_ZIP, resource_name: cpu2, ref_start_time: 2117236825699530, ref_stop_time: 2117236825779450, actual_exe_time: 79920, task_app_start_time:2117231035825139, task_sched_time:2117236822374480
app_id: 0, app_name: SAR_api-aarch64, task_id: 1656, task_name: DASH_FFT, resource_name: cpu3, ref_start_time: 2117236831227571, ref_stop_time: 2117236831301371, actual_exe_time: 73800, task_app_start_time:2117231035825139, task_sched_time:2117236831001461
app_id: 0, app_name: SAR_api-aarch64, task_id: 1657, task_name: DASH_ZIP, resource_name: zip1, ref_start_time: 2117236834987832, ref_stop_time: 2117236835114072, actual_exe_time: 126240, task_app_start_time:2117231035825139, task_sched_time:2117236834982972
app_id: 0, app_name: SAR_api-aarch64, task_id: 1658, task_name: DASH_FFT, resource_name: cpu1, ref_start_time: 2117236839104343, ref_stop_time: 2117236839154593, actual_exe_time: 50250, task_app_start_time:2117231035825139, task_sched_time:2117236839096303
app_id: 0, app_name: SAR_api-aarch64, task_id: 1659, task_name: DASH_ZIP, resource_name: cpu2, ref_start_time: 2117236841147463, ref_stop_time: 2117236841223843, actual_exe_time: 76380, task_app_start_time:2117231035825139, task_sched_time:2117236841144223
app_id: 0, app_name: SAR_api-aarch64, task_id: 1660, task_name: DASH_FFT, resource_name: cpu3, ref_start_time: 2117236847288974, ref_stop_time: 2117236847365264, actual_exe_time: 76290, task_app_start_time:2117231035825139, task_sched_time:2117236847208814
app_id: 0, app_name: SAR_api-aarch64, task_id: 1661, task_name: DASH_ZIP, resource_name: zip1, ref_start_time: 2117236851062225, ref_stop_time: 2117236851186125, actual_exe_time: 123900, task_app_start_time:2117231035825139, task_sched_time:2117236851056945
app_id: 0, app_name: SAR_api-aarch64, task_id: 1662, task_name: DASH_FFT, resource_name: cpu1, ref_start_time: 2117236854862325, ref_stop_time: 2117236855007945, actual_exe_time: 145620, task_app_start_time:2117231035825139, task_sched_time:2117236854857165
app_id: 0, app_name: SAR_api-aarch64, task_id: 1663, task_name: DASH_ZIP, resource_name: cpu2, ref_start_time: 2117236856165645, ref_stop_time: 2117236856388035, actual_exe_time: 222390, task_app_start_time:2117231035825139, task_sched_time:2117236856159585
app_id: 0, app_name: SAR_api-aarch64, task_id: 1664, task_name: DASH_FFT, resource_name: cpu3, ref_start_time: 2117236859253606, ref_stop_time: 2117236859330436, actual_exe_time: 76830, task_app_start_time:2117231035825139, task_sched_time:2117236859247786
app_id: 0, app_name: SAR_api-aarch64, task_id: 1665, task_name: DASH_ZIP, resource_name: zip1, ref_start_time: 2117236869731618, ref_stop_time: 2117236869861398, actual_exe_time: 129780, task_app_start_time:2117231035825139, task_sched_time:2117236869720758
app_id: 0, app_name: SAR_api-aarch64, task_id: 1666, task_name: DASH_FFT, resource_name: cpu1, ref_start_time: 2117236871210288, ref_stop_time: 2117236871259728, actual_exe_time: 49440, task_app_start_time:2117231035825139, task_sched_time:2117236871201528
app_id: 0, app_name: SAR_api-aarch64, task_id: 1667, task_name: DASH_ZIP, resource_name: cpu2, ref_start_time: 2117236875085508, ref_stop_time: 2117236875164138, actual_exe_time: 78630, task_app_start_time:2117231035825139, task_sched_time:2117236875078938
app_id: 0, app_name: SAR_api-aarch64, task_id: 1668, task_name: DASH_FFT, resource_name: cpu3, ref_start_time: 2117236879002219, ref_stop_time: 2117236879076109, actual_exe_time: 73890, task_app_start_time:2117231035825139, task_sched_time:2117236878994299
app_id: 0, app_name: SAR_api-aarch64, task_id: 1669, task_name: DASH_ZIP, resource_name: zip1, ref_start_time: 2117236884852910, ref_stop_time: 2117236884978520, actual_exe_time: 125610, task_app_start_time:2117231035825139, task_sched_time:2117236884815320
app_id: 0, app_name: SAR_api-aarch64, task_id: 1670, task_name: DASH_FFT, resource_name: cpu1, ref_start_time: 2117236885764460, ref_stop_time: 2117236885812850, actual_exe_time: 48390, task_app_start_time:2117231035825139, task_sched_time:2117236885756720
app_id: 0, app_name: SAR_api-aarch64, task_id: 1671, task_name: DASH_ZIP, resource_name: cpu2, ref_start_time: 2117236886382580, ref_stop_time: 2117236886911780, actual_exe_time: 529200, task_app_start_time:2117231035825139, task_sched_time:2117236886374840
app_id: 0, app_name: SAR_api-aarch64, task_id: 1672, task_name: DASH_FFT, resource_name: cpu3, ref_start_time: 2117236891356641, ref_stop_time: 2117236891432451, actual_exe_time: 75810, task_app_start_time:2117231035825139, task_sched_time:2117236891351061
app_id: 0, app_name: SAR_api-aarch64, task_id: 1673, task_name: DASH_ZIP, resource_name: zip1, ref_start_time: 2117236899108132, ref_stop_time: 2117236899236262, actual_exe_time: 128130, task_app_start_time:2117231035825139, task_sched_time:2117236899098772
app_id: 0, app_name: SAR_api-aarch64, task_id: 1674, task_name: DASH_FFT, resource_name: cpu1, ref_start_time: 2117236900639603, ref_stop_time: 2117236900688923, actual_exe_time: 49320, task_app_start_time:2117231035825139, task_sched_time:2117236900632553
app_id: 0, app_name: SAR_api-aarch64, task_id: 1675, task_name: DASH_ZIP, resource_name: cpu2, ref_start_time: 2117236903256143, ref_stop_time: 2117236903336903, actual_exe_time: 80760, task_app_start_time:2117231035825139, task_sched_time:2117236903250653
app_id: 0, app_name: SAR_api-aarch64, task_id: 1676, task_name: DASH_FFT, resource_name: cpu3, ref_start_time: 2117236910956004, ref_stop_time: 2117236911032384, actual_exe_time: 76380, task_app_start_time:2117231035825139, task_sched_time:2117236910951054
app_id: 0, app_name: SAR_api-aarch64, task_id: 1677, task_name: DASH_ZIP, resource_name: zip1, ref_start_time: 2117236914464835, ref_stop_time: 2117236914594015, actual_exe_time: 129180, task_app_start_time:2117231035825139, task_sched_time:2117236914457065
app_id: 0, app_name: SAR_api-aarch64, task_id: 1678, task_name: DASH_FFT, resource_name: cpu1, ref_start_time: 2117236919245936, ref_stop_time: 2117236919300296, actual_exe_time: 54360, task_app_start_time:2117231035825139, task_sched_time:2117236919236726
app_id: 0, app_name: SAR_api-aarch64, task_id: 1679, task_name: DASH_ZIP, resource_name: cpu2, ref_start_time: 2117236922971846, ref_stop_time: 2117236923050776, actual_exe_time: 78930, task_app_start_time:2117231035825139, task_sched_time:2117236922965426
app_id: 0, app_name: SAR_api-aarch64, task_id: 1680, task_name: DASH_FFT, resource_name: cpu3, ref_start_time: 2117236927901387, ref_stop_time: 2117236927986647, actual_exe_time: 85260, task_app_start_time:2117231035825139, task_sched_time:2117236927895837
app_id: 0, app_name: SAR_api-aarch64, task_id: 1681, task_name: DASH_ZIP, resource_name: zip1, ref_start_time: 2117236929180497, ref_stop_time: 2117236929308117, actual_exe_time: 127620, task_app_start_time:2117231035825139, task_sched_time:2117236929163457
app_id: 0, app_name: SAR_api-aarch64, task_id: 1682, task_name: DASH_FFT, resource_name: cpu1, ref_start_time: 2117236935615168, ref_stop_time: 2117236935667248, actual_exe_time: 52080, task_app_start_time:2117231035825139, task_sched_time:2117236935604158
app_id: 0, app_name: SAR_api-aarch64, task_id: 1683, task_name: DASH_ZIP, resource_name: cpu2, ref_start_time: 2117236942036729, ref_stop_time: 2117236942762339, actual_exe_time: 725610, task_app_start_time:2117231035825139, task_sched_time:2117236942031569
app_id: 0, app_name: SAR_api-aarch64, task_id: 1684, task_name: DASH_FFT, resource_name: cpu3, ref_start_time: 2117236943479999, ref_stop_time: 2117236943554189, actual_exe_time: 74190, task_app_start_time:2117231035825139, task_sched_time:2117236943398639
app_id: 0, app_name: SAR_api-aarch64, task_id: 1685, task_name: DASH_ZIP, resource_name: zip1, ref_start_time: 2117236947901100, ref_stop_time: 2117236948033670, actual_exe_time: 132570, task_app_start_time:2117231035825139, task_sched_time:2117236947701570
app_id: 0, app_name: SAR_api-aarch64, task_id: 1686, task_name: DASH_FFT, resource_name: cpu1, ref_start_time: 2117236948363760, ref_stop_time: 2117236948742570, actual_exe_time: 378810, task_app_start_time:2117231035825139, task_sched_time:2117236948360160
app_id: 0, app_name: SAR_api-aarch64, task_id: 1687, task_name: DASH_ZIP, resource_name: cpu2, ref_start_time: 2117236950928251, ref_stop_time: 2117236951006281, actual_exe_time: 78030, task_app_start_time:2117231035825139, task_sched_time:2117236949533850
app_id: 0, app_name: SAR_api-aarch64, task_id: 1688, task_name: DASH_FFT, resource_name: cpu3, ref_start_time: 2117236951473021, ref_stop_time: 2117236951544721, actual_exe_time: 71700, task_app_start_time:2117231035825139, task_sched_time:2117236951469511
app_id: 0, app_name: SAR_api-aarch64, task_id: 1689, task_name: DASH_ZIP, resource_name: zip1, ref_start_time: 2117236952268681, ref_stop_time: 2117236952766411, actual_exe_time: 497730, task_app_start_time:2117231035825139, task_sched_time:2117236952210511
app_id: 0, app_name: SAR_api-aarch64, task_id: 1690, task_name: DASH_FFT, resource_name: cpu1, ref_start_time: 2117236953239751, ref_stop_time: 2117236953284541, actual_exe_time: 44790, task_app_start_time:2117231035825139, task_sched_time:2117236953236451
app_id: 0, app_name: SAR_api-aarch64, task_id: 1691, task_name: DASH_ZIP, resource_name: cpu2, ref_start_time: 2117236954912011, ref_stop_time: 2117236954990371, actual_exe_time: 78360, task_app_start_time:2117231035825139, task_sched_time:2117236954138371
app_id: 0, app_name: SAR_api-aarch64, task_id: 1692, task_name: DASH_FFT, resource_name: cpu3, ref_start_time: 2117236955572281, ref_stop_time: 2117236955640141, actual_exe_time: 67860, task_app_start_time:2117231035825139, task_sched_time:2117236955433891
app_id: 0, app_name: SAR_api-aarch64, task_id: 1693, task_name: DASH_ZIP, resource_name: zip1, ref_start_time: 2117236956326662, ref_stop_time: 2117236956913402, actual_exe_time: 586740, task_app_start_time:2117231035825139, task_sched_time:2117236956283191
app_id: 0, app_name: SAR_api-aarch64, task_id: 1694, task_name: DASH_FFT, resource_name: cpu1, ref_start_time: 2117236957627192, ref_stop_time: 2117236957673362, actual_exe_time: 46170, task_app_start_time:2117231035825139, task_sched_time:2117236957619122
app_id: 0, app_name: SAR_api-aarch64, task_id: 1695, task_name: DASH_ZIP, resource_name: cpu2, ref_start_time: 2117236963008863, ref_stop_time: 2117236963092953, actual_exe_time: 84090, task_app_start_time:2117231035825139, task_sched_time:2117236962999983
app_id: 0, app_name: SAR_api-aarch64, task_id: 1696, task_name: DASH_FFT, resource_name: cpu3, ref_start_time: 2117236967103563, ref_stop_time: 2117236967178263, actual_exe_time: 74700, task_app_start_time:2117231035825139, task_sched_time:2117236966950023
app_id: 0, app_name: SAR_api-aarch64, task_id: 1697, task_name: DASH_ZIP, resource_name: zip1, ref_start_time: 2117236972552134, ref_stop_time: 2117236972684824, actual_exe_time: 132690, task_app_start_time:2117231035825139, task_sched_time:2117236972481484
app_id: 0, app_name: SAR_api-aarch64, task_id: 1698, task_name: DASH_FFT, resource_name: cpu1, ref_start_time: 2117236979096275, ref_stop_time: 2117236979149615, actual_exe_time: 53340, task_app_start_time:2117231035825139, task_sched_time:2117236979087635
app_id: 0, app_name: SAR_api-aarch64, task_id: 1699, task_name: DASH_ZIP, resource_name: cpu2, ref_start_time: 2117236983033776, ref_stop_time: 2117236983111326, actual_exe_time: 77550, task_app_start_time:2117231035825139, task_sched_time:2117236983001436
app_id: 0, app_name: SAR_api-aarch64, task_id: 1700, task_name: DASH_FFT, resource_name: cpu3, ref_start_time: 2117236985769326, ref_stop_time: 2117236985841926, actual_exe_time: 72600, task_app_start_time:2117231035825139, task_sched_time:2117236985763746
app_id: 0, app_name: SAR_api-aarch64, task_id: 1701, task_name: DASH_ZIP, resource_name: zip1, ref_start_time: 2117236987533297, ref_stop_time: 2117236987663647, actual_exe_time: 130350, task_app_start_time:2117231035825139, task_sched_time:2117236987518207
app_id: 0, app_name: SAR_api-aarch64, task_id: 1702, task_name: DASH_FFT, resource_name: cpu1, ref_start_time: 2117236998915178, ref_stop_time: 2117236998972328, actual_exe_time: 57150, task_app_start_time:2117231035825139, task_sched_time:2117236998908158
app_id: 0, app_name: SAR_api-aarch64, task_id: 1703, task_name: DASH_ZIP, resource_name: cpu2, ref_start_time: 2117237000861999, ref_stop_time: 2117237000942039, actual_exe_time: 80040, task_app_start_time:2117231035825139, task_sched_time:2117237000856419
app_id: 0, app_name: SAR_api-aarch64, task_id: 1704, task_name: DASH_FFT, resource_name: cpu3, ref_start_time: 2117237004434789, ref_stop_time: 2117237004511709, actual_exe_time: 76920, task_app_start_time:2117231035825139, task_sched_time:2117237004428309
app_id: 0, app_name: SAR_api-aarch64, task_id: 1705, task_name: DASH_ZIP, resource_name: zip1, ref_start_time: 2117237005349909, ref_stop_time: 2117237006039040, actual_exe_time: 689131, task_app_start_time:2117231035825139, task_sched_time:2117237005252529
app_id: 0, app_name: SAR_api-aarch64, task_id: 1706, task_name: DASH_FFT, resource_name: cpu1, ref_start_time: 2117237006923170, ref_stop_time: 2117237006976090, actual_exe_time: 52920, task_app_start_time:2117231035825139, task_sched_time:2117237006435370
app_id: 0, app_name: SAR_api-aarch64, task_id: 1707, task_name: DASH_ZIP, resource_name: cpu2, ref_start_time: 2117237010963300, ref_stop_time: 2117237011043520, actual_exe_time: 80220, task_app_start_time:2117231035825139, task_sched_time:2117237010953370
app_id: 0, app_name: SAR_api-aarch64, task_id: 1708, task_name: DASH_FFT, resource_name: cpu3, ref_start_time: 2117237014074211, ref_stop_time: 2117237014145761, actual_exe_time: 71550, task_app_start_time:2117231035825139, task_sched_time:2117237014065151
app_id: 0, app_name: SAR_api-aarch64, task_id: 1709, task_name: DASH_ZIP, resource_name: zip1, ref_start_time: 2117237019203942, ref_stop_time: 2117237019332522, actual_exe_time: 128580, task_app_start_time:2117231035825139, task_sched_time:2117237019195992
app_id: 0, app_name: SAR_api-aarch64, task_id: 1710, task_name: DASH_FFT, resource_name: cpu1, ref_start_time: 2117237023059512, ref_stop_time: 2117237023112912, actual_exe_time: 53400, task_app_start_time:2117231035825139, task_sched_time:2117237023050482
app_id: 0, app_name: SAR_api-aarch64, task_id: 1711, task_name: DASH_ZIP, resource_name: cpu2, ref_start_time: 2117237029243353, ref_stop_time: 2117237029323963, actual_exe_time: 80610, task_app_start_time:2117231035825139, task_sched_time:2117237029233843
app_id: 0, app_name: SAR_api-aarch64, task_id: 1712, task_name: DASH_FFT, resource_name: cpu3, ref_start_time: 2117237035482874, ref_stop_time: 2117237035564714, actual_exe_time: 81840, task_app_start_time:2117231035825139, task_sched_time:2117237035311904
app_id: 0, app_name: SAR_api-aarch64, task_id: 1713, task_name: DASH_ZIP, resource_name: zip1, ref_start_time: 2117237042844905, ref_stop_time: 2117237042979755, actual_exe_time: 134850, task_app_start_time:2117231035825139, task_sched_time:2117237042799695
app_id: 0, app_name: SAR_api-aarch64, task_id: 1714, task_name: DASH_FFT, resource_name: cpu1, ref_start_time: 2117237051698567, ref_stop_time: 2117237051750167, actual_exe_time: 51600, task_app_start_time:2117231035825139, task_sched_time:2117237051692237
app_id: 0, app_name: SAR_api-aarch64, task_id: 1715, task_name: DASH_ZIP, resource_name: cpu2, ref_start_time: 2117237052472537, ref_stop_time: 2117237052548377, actual_exe_time: 75840, task_app_start_time:2117231035825139, task_sched_time:2117237052464797
app_id: 0, app_name: SAR_api-aarch64, task_id: 1716, task_name: DASH_FFT, resource_name: cpu3, ref_start_time: 2117237053064797, ref_stop_time: 2117237053127797, actual_exe_time: 63000, task_app_start_time:2117231035825139, task_sched_time:2117237052999187
app_id: 0, app_name: SAR_api-aarch64, task_id: 1717, task_name: DASH_ZIP, resource_name: zip1, ref_start_time: 2117237061074678, ref_stop_time: 2117237061208988, actual_exe_time: 134310, task_app_start_time:2117231035825139, task_sched_time:2117237061065888
app_id: 0, app_name: SAR_api-aarch64, task_id: 1718, task_name: DASH_FFT, resource_name: cpu1, ref_start_time: 2117237062223169, ref_stop_time: 2117237062273869, actual_exe_time: 50700, task_app_start_time:2117231035825139, task_sched_time:2117237062216059
app_id: 0, app_name: SAR_api-aarch64, task_id: 1719, task_name: DASH_ZIP, resource_name: cpu2, ref_start_time: 2117237066920959, ref_stop_time: 2117237067004749, actual_exe_time: 83790, task_app_start_time:2117231035825139, task_sched_time:2117237062756179
app_id: 0, app_name: SAR_api-aarch64, task_id: 1720, task_name: DASH_FFT, resource_name: cpu3, ref_start_time: 2117237068042509, ref_stop_time: 2117237068116879, actual_exe_time: 74370, task_app_start_time:2117231035825139, task_sched_time:2117237068035759
app_id: 0, app_name: SAR_api-aarch64, task_id: 1721, task_name: DASH_ZIP, resource_name: zip1, ref_start_time: 2117237068923970, ref_stop_time: 2117237069048110, actual_exe_time: 124140, task_app_start_time:2117231035825139, task_sched_time:2117237068883500
app_id: 0, app_name: SAR_api-aarch64, task_id: 1722, task_name: DASH_FFT, resource_name: cpu1, ref_start_time: 2117237069582710, ref_stop_time: 2117237069627170, actual_exe_time: 44460, task_app_start_time:2117231035825139, task_sched_time:2117237069573950
app_id: 0, app_name: SAR_api-aarch64, task_id: 1723, task_name: DASH_ZIP, resource_name: cpu2, ref_start_time: 2117237071118080, ref_stop_time: 2117237071195750, actual_exe_time: 77670, task_app_start_time:2117231035825139, task_sched_time:2117237070024490
app_id: 0, app_name: SAR_api-aarch64, task_id: 1724, task_name: DASH_FFT, resource_name: cpu3, ref_start_time: 2117237075353241, ref_stop_time: 2117237075427341, actual_exe_time: 74100, task_app_start_time:2117231035825139, task_sched_time:2117237075343491
app_id: 0, app_name: SAR_api-aarch64, task_id: 1725, task_name: DASH_ZIP, resource_name: zip1, ref_start_time: 2117237079118841, ref_stop_time: 2117237079245591, actual_exe_time: 126750, task_app_start_time:2117231035825139, task_sched_time:2117237079107561
app_id: 0, app_name: SAR_api-aarch64, task_id: 1726, task_name: DASH_FFT, resource_name: cpu1, ref_start_time: 2117237082991752, ref_stop_time: 2117237083222422, actual_exe_time: 230670, task_app_start_time:2117231035825139, task_sched_time:2117237082979122
app_id: 0, app_name: SAR_api-aarch64, task_id: 1727, task_name: DASH_ZIP, resource_name: cpu2, ref_start_time: 2117237086314372, ref_stop_time: 2117237086391532, actual_exe_time: 77160, task_app_start_time:2117231035825139, task_sched_time:2117237086308372
app_id: 0, app_name: SAR_api-aarch64, task_id: 1728, task_name: DASH_FFT, resource_name: cpu3, ref_start_time: 2117237087231233, ref_stop_time: 2117237087304223, actual_exe_time: 72990, task_app_start_time:2117231035825139, task_sched_time:2117237087228053
app_id: 0, app_name: SAR_api-aarch64, task_id: 1729, task_name: DASH_ZIP, resource_name: zip1, ref_start_time: 2117237091248623, ref_stop_time: 2117237091380443, actual_exe_time: 131820, task_app_start_time:2117231035825139, task_sched_time:2117237091243103
app_id: 0, app_name: SAR_api-aarch64, task_id: 1730, task_name: DASH_FFT, resource_name: cpu1, ref_start_time: 2117237092858603, ref_stop_time: 2117237092908733, actual_exe_time: 50130, task_app_start_time:2117231035825139, task_sched_time:2117237092854493
app_id: 0, app_name: SAR_api-aarch64, task_id: 1731, task_name: DASH_ZIP, resource_name: cpu2, ref_start_time: 2117237099151584, ref_stop_time: 2117237099233935, actual_exe_time: 82351, task_app_start_time:2117231035825139, task_sched_time:2117237099142464
app_id: 0, app_name: SAR_api-aarch64, task_id: 1732, task_name: DASH_FFT, resource_name: cpu3, ref_start_time: 2117237099849595, ref_stop_time: 2117237099917575, actual_exe_time: 67980, task_app_start_time:2117231035825139, task_sched_time:2117237099843145
app_id: 0, app_name: SAR_api-aarch64, task_id: 1733, task_name: DASH_ZIP, resource_name: zip1, ref_start_time: 2117237100351645, ref_stop_time: 2117237100475995, actual_exe_time: 124350, task_app_start_time:2117231035825139, task_sched_time:2117237100347325
app_id: 0, app_name: SAR_api-aarch64, task_id: 1734, task_name: DASH_FFT, resource_name: cpu1, ref_start_time: 2117237103830325, ref_stop_time: 2117237103878835, actual_exe_time: 48510, task_app_start_time:2117231035825139, task_sched_time:2117237103825705
app_id: 0, app_name: SAR_api-aarch64, task_id: 1735, task_name: DASH_ZIP, resource_name: cpu2, ref_start_time: 2117237105245155, ref_stop_time: 2117237105322945, actual_exe_time: 77790, task_app_start_time:2117231035825139, task_sched_time:2117237105238345
app_id: 0, app_name: SAR_api-aarch64, task_id: 1736, task_name: DASH_FFT, resource_name: cpu3, ref_start_time: 2117237107286056, ref_stop_time: 2117237107356676, actual_exe_time: 70620, task_app_start_time:2117231035825139, task_sched_time:2117237107282096
app_id: 0, app_name: SAR_api-aarch64, task_id: 1737, task_name: DASH_ZIP, resource_name: zip1, ref_start_time: 2117237110666486, ref_stop_time: 2117237110793476, actual_exe_time: 126990, task_app_start_time:2117231035825139, task_sched_time:2117237110661866
app_id: 0, app_name: SAR_api-aarch64, task_id: 1738, task_name: DASH_FFT, resource_name: cpu1, ref_start_time: 2117237114921267, ref_stop_time: 2117237114976497, actual_exe_time: 55230, task_app_start_time:2117231035825139, task_sched_time:2117237111699237
app_id: 0, app_name: SAR_api-aarch64, task_id: 1739, task_name: DASH_ZIP, resource_name: cpu2, ref_start_time: 2117237115708257, ref_stop_time: 2117237115786437, actual_exe_time: 78180, task_app_start_time:2117231035825139, task_sched_time:2117237115701447
app_id: 0, app_name: SAR_api-aarch64, task_id: 1740, task_name: DASH_FFT, resource_name: cpu3, ref_start_time: 2117237116332767, ref_stop_time: 2117237116393577, actual_exe_time: 60810, task_app_start_time:2117231035825139, task_sched_time:2117237116281467
app_id: 0, app_name: SAR_api-aarch64, task_id: 1741, task_name: DASH_ZIP, resource_name: zip1, ref_start_time: 2117237117142407, ref_stop_time: 2117237117265647, actual_exe_time: 123240, task_app_start_time:2117231035825139, task_sched_time:2117237117134187
app_id: 0, app_name: SAR_api-aarch64, task_id: 1742, task_name: DASH_FFT, resource_name: cpu1, ref_start_time: 2117237118935598, ref_stop_time: 2117237118984618, actual_exe_time: 49020, task_app_start_time:2117231035825139, task_sched_time:2117237117777747
app_id: 0, app_name: SAR_api-aarch64, task_id: 1743, task_name: DASH_ZIP, resource_name: cpu2, ref_start_time: 2117237119829898, ref_stop_time: 2117237119904508, actual_exe_time: 74610, task_app_start_time:2117231035825139, task_sched_time:2117237119822248
app_id: 0, app_name: SAR_api-aarch64, task_id: 1744, task_name: DASH_FFT, resource_name: cpu3, ref_start_time: 2117237120414388, ref_stop_time: 2117237120475468, actual_exe_time: 61080, task_app_start_time:2117231035825139, task_sched_time:2117237120379408
app_id: 0, app_name: SAR_api-aarch64, task_id: 1745, task_name: DASH_ZIP, resource_name: zip1, ref_start_time: 2117237121262638, ref_stop_time: 2117237121385788, actual_exe_time: 123150, task_app_start_time:2117231035825139, task_sched_time:2117237121211038
app_id: 0, app_name: SAR_api-aarch64, task_id: 1746, task_name: DASH_FFT, resource_name: cpu1, ref_start_time: 2117237122440318, ref_stop_time: 2117237122488348, actual_exe_time: 48030, task_app_start_time:2117231035825139, task_sched_time:2117237122426248
app_id: 0, app_name: SAR_api-aarch64, task_id: 1747, task_name: DASH_ZIP, resource_name: cpu2, ref_start_time: 2117237125851589, ref_stop_time: 2117237125933969, actual_exe_time: 82380, task_app_start_time:2117231035825139, task_sched_time:2117237123261238
app_id: 0, app_name: SAR_api-aarch64, task_id: 1748, task_name: DASH_FFT, resource_name: cpu3, ref_start_time: 2117237131281800, ref_stop_time: 2117237131355210, actual_exe_time: 73410, task_app_start_time:2117231035825139, task_sched_time:2117237131192490
app_id: 0, app_name: SAR_api-aarch64, task_id: 1749, task_name: DASH_ZIP, resource_name: zip1, ref_start_time: 2117237135100200, ref_stop_time: 2117237135229740, actual_exe_time: 129540, task_app_start_time:2117231035825139, task_sched_time:2117237135095250
app_id: 0, app_name: SAR_api-aarch64, task_id: 1750, task_name: DASH_FFT, resource_name: cpu1, ref_start_time: 2117237135844050, ref_stop_time: 2117237135891180, actual_exe_time: 47130, task_app_start_time:2117231035825139, task_sched_time:2117237135840540
app_id: 0, app_name: SAR_api-aarch64, task_id: 1751, task_name: DASH_ZIP, resource_name: cpu2, ref_start_time: 2117237137599531, ref_stop_time: 2117237137675221, actual_exe_time: 75690, task_app_start_time:2117231035825139, task_sched_time:2117237137594941
app_id: 0, app_name: SAR_api-aarch64, task_id: 1752, task_name: DASH_FFT, resource_name: cpu3, ref_start_time: 2117237138445771, ref_stop_time: 2117237138513691, actual_exe_time: 67920, task_app_start_time:2117231035825139, task_sched_time:2117237138441691
app_id: 0, app_name: SAR_api-aarch64, task_id: 1753, task_name: DASH_ZIP, resource_name: zip1, ref_start_time: 2117237139126441, ref_stop_time: 2117237139248061, actual_exe_time: 121620, task_app_start_time:2117231035825139, task_sched_time:2117237139113271
app_id: 0, app_name: SAR_api-aarch64, task_id: 1754, task_name: DASH_FFT, resource_name: cpu1, ref_start_time: 2117237143425082, ref_stop_time: 2117237143478812, actual_exe_time: 53730, task_app_start_time:2117231035825139, task_sched_time:2117237143412452
app_id: 0, app_name: SAR_api-aarch64, task_id: 1755, task_name: DASH_ZIP, resource_name: cpu2, ref_start_time: 2117237147547112, ref_stop_time: 2117237147625982, actual_exe_time: 78870, task_app_start_time:2117231035825139, task_sched_time:2117237147540572
app_id: 0, app_name: SAR_api-aarch64, task_id: 1756, task_name: DASH_FFT, resource_name: cpu3, ref_start_time: 2117237148133222, ref_stop_time: 2117237148203242, actual_exe_time: 70020, task_app_start_time:2117231035825139, task_sched_time:2117237148075172
app_id: 0, app_name: SAR_api-aarch64, task_id: 1757, task_name: DASH_ZIP, resource_name: zip1, ref_start_time: 2117237150910773, ref_stop_time: 2117237151033863, actual_exe_time: 123090, task_app_start_time:2117231035825139, task_sched_time:2117237148615952
app_id: 0, app_name: SAR_api-aarch64, task_id: 1758, task_name: DASH_FFT, resource_name: cpu1, ref_start_time: 2117237151927173, ref_stop_time: 2117237151973943, actual_exe_time: 46770, task_app_start_time:2117231035825139, task_sched_time:2117237151921773
app_id: 0, app_name: SAR_api-aarch64, task_id: 1759, task_name: DASH_ZIP, resource_name: cpu2, ref_start_time: 2117237155653024, ref_stop_time: 2117237155733364, actual_exe_time: 80340, task_app_start_time:2117231035825139, task_sched_time:2117237155562274
app_id: 0, app_name: SAR_api-aarch64, task_id: 1760, task_name: DASH_FFT, resource_name: cpu3, ref_start_time: 2117237159243814, ref_stop_time: 2117237159318034, actual_exe_time: 74220, task_app_start_time:2117231035825139, task_sched_time:2117237159238174
app_id: 0, app_name: SAR_api-aarch64, task_id: 1761, task_name: DASH_ZIP, resource_name: zip1, ref_start_time: 2117237163257125, ref_stop_time: 2117237163384535, actual_exe_time: 127410, task_app_start_time:2117231035825139, task_sched_time:2117237163248905
app_id: 0, app_name: SAR_api-aarch64, task_id: 1762, task_name: DASH_FFT, resource_name: cpu1, ref_start_time: 2117237163606655, ref_stop_time: 2117237163655315, actual_exe_time: 48660, task_app_start_time:2117231035825139, task_sched_time:2117237163596245
app_id: 0, app_name: SAR_api-aarch64, task_id: 1763, task_name: DASH_ZIP, resource_name: cpu2, ref_start_time: 2117237167295725, ref_stop_time: 2117237167372555, actual_exe_time: 76830, task_app_start_time:2117231035825139, task_sched_time:2117237167287685
app_id: 0, app_name: SAR_api-aarch64, task_id: 1764, task_name: DASH_FFT, resource_name: cpu3, ref_start_time: 2117237170767356, ref_stop_time: 2117237170835816, actual_exe_time: 68460, task_app_start_time:2117231035825139, task_sched_time:2117237170742456
app_id: 0, app_name: SAR_api-aarch64, task_id: 1765, task_name: DASH_ZIP, resource_name: zip1, ref_start_time: 2117237172532886, ref_stop_time: 2117237172660656, actual_exe_time: 127770, task_app_start_time:2117231035825139, task_sched_time:2117237172497876
app_id: 0, app_name: SAR_api-aarch64, task_id: 1766, task_name: DASH_FFT, resource_name: cpu1, ref_start_time: 2117237174929047, ref_stop_time: 2117237174984667, actual_exe_time: 55620, task_app_start_time:2117231035825139, task_sched_time:2117237173250036
app_id: 0, app_name: SAR_api-aarch64, task_id: 1767, task_name: DASH_ZIP, resource_name: cpu2, ref_start_time: 2117237175257547, ref_stop_time: 2117237175333387, actual_exe_time: 75840, task_app_start_time:2117231035825139, task_sched_time:2117237175253467
app_id: 0, app_name: SAR_api-aarch64, task_id: 1768, task_name: DASH_FFT, resource_name: cpu3, ref_start_time: 2117237176219257, ref_stop_time: 2117237176285287, actual_exe_time: 66030, task_app_start_time:2117231035825139, task_sched_time:2117237176208427
app_id: 0, app_name: SAR_api-aarch64, task_id: 1769, task_name: DASH_ZIP, resource_name: zip1, ref_start_time: 2117237177123847, ref_stop_time: 2117237177269407, actual_exe_time: 145560, task_app_start_time:2117231035825139, task_sched_time:2117237177120517
app_id: 0, app_name: SAR_api-aarch64, task_id: 1770, task_name: DASH_FFT, resource_name: cpu1, ref_start_time: 2117237183371288, ref_stop_time: 2117237183428258, actual_exe_time: 56970, task_app_start_time:2117231035825139, task_sched_time:2117237183358838
app_id: 0, app_name: SAR_api-aarch64, task_id: 1771, task_name: DASH_ZIP, resource_name: cpu2, ref_start_time: 2117237183924668, ref_stop_time: 2117237183999938, actual_exe_time: 75270, task_app_start_time:2117231035825139, task_sched_time:2117237183921938
app_id: 0, app_name: SAR_api-aarch64, task_id: 1772, task_name: DASH_FFT, resource_name: cpu3, ref_start_time: 2117237184786028, ref_stop_time: 2117237184850918, actual_exe_time: 64890, task_app_start_time:2117231035825139, task_sched_time:2117237184782938
app_id: 0, app_name: SAR_api-aarch64, task_id: 1773, task_name: DASH_ZIP, resource_name: zip1, ref_start_time: 2117237188754519, ref_stop_time: 2117237188881059, actual_exe_time: 126540, task_app_start_time:2117231035825139, task_sched_time:2117237188739339
app_id: 0, app_name: SAR_api-aarch64, task_id: 1774, task_name: DASH_FFT, resource_name: cpu1, ref_start_time: 2117237190146909, ref_stop_time: 2117237190194819, actual_exe_time: 47910, task_app_start_time:2117231035825139, task_sched_time:2117237190134339
app_id: 0, app_name: SAR_api-aarch64, task_id: 1775, task_name: DASH_ZIP, resource_name: cpu2, ref_start_time: 2117237195110770, ref_stop_time: 2117237195197110, actual_exe_time: 86340, task_app_start_time:2117231035825139, task_sched_time:2117237195100210
app_id: 0, app_name: SAR_api-aarch64, task_id: 1776, task_name: DASH_FFT, resource_name: cpu3, ref_start_time: 2117237199128911, ref_stop_time: 2117237199207301, actual_exe_time: 78390, task_app_start_time:2117231035825139, task_sched_time:2117237199120121
app_id: 0, app_name: SAR_api-aarch64, task_id: 1777, task_name: DASH_ZIP, resource_name: zip1, ref_start_time: 2117237203402531, ref_stop_time: 2117237203527901, actual_exe_time: 125370, task_app_start_time:2117231035825139, task_sched_time:2117237203351561
app_id: 0, app_name: SAR_api-aarch64, task_id: 1778, task_name: DASH_FFT, resource_name: cpu1, ref_start_time: 2117237205298472, ref_stop_time: 2117237205350162, actual_exe_time: 51690, task_app_start_time:2117231035825139, task_sched_time:2117237205294302
app_id: 0, app_name: SAR_api-aarch64, task_id: 1779, task_name: DASH_ZIP, resource_name: cpu2, ref_start_time: 2117237210915582, ref_stop_time: 2117237211001412, actual_exe_time: 85830, task_app_start_time:2117231035825139, task_sched_time:2117237205895892
app_id: 0, app_name: SAR_api-aarch64, task_id: 1780, task_name: DASH_FFT, resource_name: cpu3, ref_start_time: 2117237211884853, ref_stop_time: 2117237211953223, actual_exe_time: 68370, task_app_start_time:2117231035825139, task_sched_time:2117237211872043
app_id: 0, app_name: SAR_api-aarch64, task_id: 1781, task_name: DASH_ZIP, resource_name: zip1, ref_start_time: 2117237212889283, ref_stop_time: 2117237213013903, actual_exe_time: 124620, task_app_start_time:2117231035825139, task_sched_time:2117237212884003
app_id: 0, app_name: SAR_api-aarch64, task_id: 1782, task_name: DASH_FFT, resource_name: cpu1, ref_start_time: 2117237213271213, ref_stop_time: 2117237213317053, actual_exe_time: 45840, task_app_start_time:2117231035825139, task_sched_time:2117237213264463
app_id: 0, app_name: SAR_api-aarch64, task_id: 1783, task_name: DASH_ZIP, resource_name: cpu2, ref_start_time: 2117237214918423, ref_stop_time: 2117237214993963, actual_exe_time: 75540, task_app_start_time:2117231035825139, task_sched_time:2117237214158943
app_id: 0, app_name: SAR_api-aarch64, task_id: 1784, task_name: DASH_FFT, resource_name: cpu3, ref_start_time: 2117237215476063, ref_stop_time: 2117237215542573, actual_exe_time: 66510, task_app_start_time:2117231035825139, task_sched_time:2117237215425033
app_id: 0, app_name: SAR_api-aarch64, task_id: 1785, task_name: DASH_ZIP, resource_name: zip1, ref_start_time: 2117237216442423, ref_stop_time: 2117237216565603, actual_exe_time: 123180, task_app_start_time:2117231035825139, task_sched_time:2117237216396403
app_id: 0, app_name: SAR_api-aarch64, task_id: 1786, task_name: DASH_FFT, resource_name: cpu1, ref_start_time: 2117237217116943, ref_stop_time: 2117237217162153, actual_exe_time: 45210, task_app_start_time:2117231035825139, task_sched_time:2117237217105183
app_id: 0, app_name: SAR_api-aarch64, task_id: 1787, task_name: DASH_ZIP, resource_name: cpu2, ref_start_time: 2117237218669264, ref_stop_time: 2117237218746184, actual_exe_time: 76920, task_app_start_time:2117231035825139, task_sched_time:2117237217555904
app_id: 0, app_name: SAR_api-aarch64, task_id: 1788, task_name: DASH_FFT, resource_name: cpu3, ref_start_time: 2117237219890474, ref_stop_time: 2117237219957464, actual_exe_time: 66990, task_app_start_time:2117231035825139, task_sched_time:2117237219883754
app_id: 0, app_name: SAR_api-aarch64, task_id: 1789, task_name: DASH_ZIP, resource_name: zip1, ref_start_time: 2117237220755104, ref_stop_time: 2117237220878374, actual_exe_time: 123270, task_app_start_time:2117231035825139, task_sched_time:2117237220708394
app_id: 0, app_name: SAR_api-aarch64, task_id: 1790, task_name: DASH_FFT, resource_name: cpu1, ref_start_time: 2117237223307714, ref_stop_time: 2117237223358594, actual_exe_time: 50880, task_app_start_time:2117231035825139, task_sched_time:2117237223293584
app_id: 0, app_name: SAR_api-aarch64, task_id: 1791, task_name: DASH_ZIP, resource_name: cpu2, ref_start_time: 2117237227200785, ref_stop_time: 2117237227280405, actual_exe_time: 79620, task_app_start_time:2117231035825139, task_sched_time:2117237227189895
app_id: 0, app_name: SAR_api-aarch64, task_id: 1792, task_name: DASH_FFT, resource_name: cpu3, ref_start_time: 2117237231206956, ref_stop_time: 2117237231282556, actual_exe_time: 75600, task_app_start_time:2117231035825139, task_sched_time:2117237231197476
app_id: 0, app_name: SAR_api-aarch64, task_id: 1793, task_name: DASH_ZIP, resource_name: zip1, ref_start_time: 2117237235141186, ref_stop_time: 2117237235266166, actual_exe_time: 124980, task_app_start_time:2117231035825139, task_sched_time:2117237235135666
app_id: 0, app_name: SAR_api-aarch64, task_id: 1794, task_name: DASH_FFT, resource_name: cpu1, ref_start_time: 2117237235479106, ref_stop_time: 2117237235525666, actual_exe_time: 46560, task_app_start_time:2117231035825139, task_sched_time:2117237235475296
app_id: 0, app_name: SAR_api-aarch64, task_id: 1795, task_name: DASH_ZIP, resource_name: cpu2, ref_start_time: 2117237237629207, ref_stop_time: 2117237237706787, actual_exe_time: 77580, task_app_start_time:2117231035825139, task_sched_time:2117237237621917
app_id: 0, app_name: SAR_api-aarch64, task_id: 1796, task_name: DASH_FFT, resource_name: cpu3, ref_start_time: 2117237237939557, ref_stop_time: 2117237238007477, actual_exe_time: 67920, task_app_start_time:2117231035825139, task_sched_time:2117237237935537
app_id: 0, app_name: SAR_api-aarch64, task_id: 1797, task_name: DASH_ZIP, resource_name: zip1, ref_start_time: 2117237239055107, ref_stop_time: 2117237239180417, actual_exe_time: 125310, task_app_start_time:2117231035825139, task_sched_time:2117237239003477
app_id: 0, app_name: SAR_api-aarch64, task_id: 1798, task_name: DASH_FFT, resource_name: cpu1, ref_start_time: 2117237239749097, ref_stop_time: 2117237239795417, actual_exe_time: 46320, task_app_start_time:2117231035825139, task_sched_time:2117237239745227
app_id: 0, app_name: SAR_api-aarch64, task_id: 1799, task_name: DASH_ZIP, resource_name: cpu2, ref_start_time: 2117237241609427, ref_stop_time: 2117237241688987, actual_exe_time: 79560, task_app_start_time:2117231035825139, task_sched_time:2117237240577757
app_id: 0, app_name: SAR_api-aarch64, task_id: 1800, task_name: DASH_FFT, resource_name: cpu3, ref_start_time: 2117237247035318, ref_stop_time: 2117237247107258, actual_exe_time: 71940, task_app_start_time:2117231035825139, task_sched_time:2117237247028418
app_id: 0, app_name: SAR_api-aarch64, task_id: 1801, task_name: DASH_ZIP, resource_name: zip1, ref_start_time: 2117237251123059, ref_stop_time: 2117237251248819, actual_exe_time: 125760, task_app_start_time:2117231035825139, task_sched_time:2117237251110429
app_id: 0, app_name: SAR_api-aarch64, task_id: 1802, task_name: DASH_FFT, resource_name: cpu1, ref_start_time: 2117237252593929, ref_stop_time: 2117237252642589, actual_exe_time: 48660, task_app_start_time:2117231035825139, task_sched_time:2117237252585169
app_id: 0, app_name: SAR_api-aarch64, task_id: 1803, task_name: DASH_ZIP, resource_name: cpu2, ref_start_time: 2117237253005109, ref_stop_time: 2117237253079629, actual_exe_time: 74520, task_app_start_time:2117231035825139, task_sched_time:2117237253001419
app_id: 0, app_name: SAR_api-aarch64, task_id: 1804, task_name: DASH_FFT, resource_name: cpu3, ref_start_time: 2117237255188240, ref_stop_time: 2117237255270140, actual_exe_time: 81900, task_app_start_time:2117231035825139, task_sched_time:2117237255115880
app_id: 0, app_name: SAR_api-aarch64, task_id: 1805, task_name: DASH_ZIP, resource_name: zip1, ref_start_time: 2117237263141181, ref_stop_time: 2117237263269821, actual_exe_time: 128640, task_app_start_time:2117231035825139, task_sched_time:2117237263125941
app_id: 0, app_name: SAR_api-aarch64, task_id: 1806, task_name: DASH_FFT, resource_name: cpu1, ref_start_time: 2117237270955642, ref_stop_time: 2117237271233022, actual_exe_time: 277380, task_app_start_time:2117231035825139, task_sched_time:2117237270946012
app_id: 0, app_name: SAR_api-aarch64, task_id: 1807, task_name: DASH_ZIP, resource_name: cpu2, ref_start_time: 2117237278992733, ref_stop_time: 2117237279074303, actual_exe_time: 81570, task_app_start_time:2117231035825139, task_sched_time:2117237278984783
app_id: 0, app_name: SAR_api-aarch64, task_id: 1808, task_name: DASH_FFT, resource_name: cpu3, ref_start_time: 2117237281155254, ref_stop_time: 2117237281524584, actual_exe_time: 369330, task_app_start_time:2117231035825139, task_sched_time:2117237281147754
app_id: 0, app_name: SAR_api-aarch64, task_id: 1809, task_name: DASH_ZIP, resource_name: zip1, ref_start_time: 2117237291522655, ref_stop_time: 2117237291650815, actual_exe_time: 128160, task_app_start_time:2117231035825139, task_sched_time:2117237291513235
app_id: 0, app_name: SAR_api-aarch64, task_id: 1810, task_name: DASH_FFT, resource_name: cpu1, ref_start_time: 2117237294517256, ref_stop_time: 2117237294569666, actual_exe_time: 52410, task_app_start_time:2117231035825139, task_sched_time:2117237294512456
app_id: 0, app_name: SAR_api-aarch64, task_id: 1811, task_name: DASH_ZIP, resource_name: cpu2, ref_start_time: 2117237295861076, ref_stop_time: 2117237295939226, actual_exe_time: 78150, task_app_start_time:2117231035825139, task_sched_time:2117237295854956
app_id: 0, app_name: SAR_api-aarch64, task_id: 1812, task_name: DASH_FFT, resource_name: cpu3, ref_start_time: 2117237306933988, ref_stop_time: 2117237307019218, actual_exe_time: 85230, task_app_start_time:2117231035825139, task_sched_time:2117237306922918
app_id: 0, app_name: SAR_api-aarch64, task_id: 1813, task_name: DASH_ZIP, resource_name: zip1, ref_start_time: 2117237309460588, ref_stop_time: 2117237309589798, actual_exe_time: 129210, task_app_start_time:2117231035825139, task_sched_time:2117237309453808
app_id: 0, app_name: SAR_api-aarch64, task_id: 1814, task_name: DASH_FFT, resource_name: cpu1, ref_start_time: 2117237312838229, ref_stop_time: 2117237312891539, actual_exe_time: 53310, task_app_start_time:2117231035825139, task_sched_time:2117237312824969
app_id: 0, app_name: SAR_api-aarch64, task_id: 1815, task_name: DASH_ZIP, resource_name: cpu2, ref_start_time: 2117237318911520, ref_stop_time: 2117237318992430, actual_exe_time: 80910, task_app_start_time:2117231035825139, task_sched_time:2117237313761419
app_id: 0, app_name: SAR_api-aarch64, task_id: 1816, task_name: DASH_FFT, resource_name: cpu3, ref_start_time: 2117237319656120, ref_stop_time: 2117237319730580, actual_exe_time: 74460, task_app_start_time:2117231035825139, task_sched_time:2117237319620360
app_id: 0, app_name: SAR_api-aarch64, task_id: 1817, task_name: DASH_ZIP, resource_name: zip1, ref_start_time: 2117237322348440, ref_stop_time: 2117237322472640, actual_exe_time: 124200, task_app_start_time:2117231035825139, task_sched_time:2117237322344660
app_id: 0, app_name: SAR_api-aarch64, task_id: 1818, task_name: DASH_FFT, resource_name: cpu1, ref_start_time: 2117237323226811, ref_stop_time: 2117237323276341, actual_exe_time: 49530, task_app_start_time:2117231035825139, task_sched_time:2117237323218921
app_id: 0, app_name: SAR_api-aarch64, task_id: 1819, task_name: DASH_ZIP, resource_name: cpu2, ref_start_time: 2117237331417922, ref_stop_time: 2117237331495292, actual_exe_time: 77370, task_app_start_time:2117231035825139, task_sched_time:2117237331407362
app_id: 0, app_name: SAR_api-aarch64, task_id: 1820, task_name: DASH_FFT, resource_name: cpu3, ref_start_time: 2117237335011202, ref_stop_time: 2117237335088962, actual_exe_time: 77760, task_app_start_time:2117231035825139, task_sched_time:2117237334951742
app_id: 0, app_name: SAR_api-aarch64, task_id: 1821, task_name: DASH_ZIP, resource_name: zip1, ref_start_time: 2117237337111773, ref_stop_time: 2117237337238733, actual_exe_time: 126960, task_app_start_time:2117231035825139, task_sched_time:2117237337100523
app_id: 0, app_name: SAR_api-aarch64, task_id: 1822, task_name: DASH_FFT, resource_name: cpu1, ref_start_time: 2117237339331713, ref_stop_time: 2117237339384513, actual_exe_time: 52800, task_app_start_time:2117231035825139, task_sched_time:2117237339294903
app_id: 0, app_name: SAR_api-aarch64, task_id: 1823, task_name: DASH_ZIP, resource_name: cpu2, ref_start_time: 2117237347018524, ref_stop_time: 2117237347099584, actual_exe_time: 81060, task_app_start_time:2117231035825139, task_sched_time:2117237347012884
app_id: 0, app_name: SAR_api-aarch64, task_id: 1824, task_name: DASH_FFT, resource_name: cpu3, ref_start_time: 2117237350716715, ref_stop_time: 2117237350787005, actual_exe_time: 70290, task_app_start_time:2117231035825139, task_sched_time:2117237350706995
app_id: 0, app_name: SAR_api-aarch64, task_id: 1825, task_name: DASH_ZIP, resource_name: zip1, ref_start_time: 2117237351933185, ref_stop_time: 2117237352060955, actual_exe_time: 127770, task_app_start_time:2117231035825139, task_sched_time:2117237351923225
app_id: 0, app_name: SAR_api-aarch64, task_id: 1826, task_name: DASH_FFT, resource_name: cpu1, ref_start_time: 2117237359252406, ref_stop_time: 2117237359311236, actual_exe_time: 58830, task_app_start_time:2117231035825139, task_sched_time:2117237359239296
app_id: 0, app_name: SAR_api-aarch64, task_id: 1827, task_name: DASH_ZIP, resource_name: cpu2, ref_start_time: 2117237364543087, ref_stop_time: 2117237364622527, actual_exe_time: 79440, task_app_start_time:2117231035825139, task_sched_time:2117237364536457
app_id: 0, app_name: SAR_api-aarch64, task_id: 1828, task_name: DASH_FFT, resource_name: cpu3, ref_start_time: 2117237365495797, ref_stop_time: 2117237365568517, actual_exe_time: 72720, task_app_start_time:2117231035825139, task_sched_time:2117237365491507
app_id: 0, app_name: SAR_api-aarch64, task_id: 1829, task_name: DASH_ZIP, resource_name: zip1, ref_start_time: 2117237371121278, ref_stop_time: 2117237371250458, actual_exe_time: 129180, task_app_start_time:2117231035825139, task_sched_time:2117237371104058
app_id: 0, app_name: SAR_api-aarch64, task_id: 1830, task_name: DASH_FFT, resource_name: cpu1, ref_start_time: 2117237379455670, ref_stop_time: 2117237379510240, actual_exe_time: 54570, task_app_start_time:2117231035825139, task_sched_time:2117237379442260
app_id: 0, app_name: SAR_api-aarch64, task_id: 1831, task_name: DASH_ZIP, resource_name: cpu2, ref_start_time: 2117237383282650, ref_stop_time: 2117237383365000, actual_exe_time: 82350, task_app_start_time:2117231035825139, task_sched_time:2117237383272870
app_id: 0, app_name: SAR_api-aarch64, task_id: 1832, task_name: DASH_FFT, resource_name: cpu3, ref_start_time: 2117237387046301, ref_stop_time: 2117237387119351, actual_exe_time: 73050, task_app_start_time:2117231035825139, task_sched_time:2117237386979311
app_id: 0, app_name: SAR_api-aarch64, task_id: 1833, task_name: DASH_ZIP, resource_name: zip1, ref_start_time: 2117237393553152, ref_stop_time: 2117237393683622, actual_exe_time: 130470, task_app_start_time:2117231035825139, task_sched_time:2117237393541002
app_id: 0, app_name: SAR_api-aarch64, task_id: 1834, task_name: DASH_FFT, resource_name: cpu1, ref_start_time: 2117237399137233, ref_stop_time: 2117237399199933, actual_exe_time: 62700, task_app_start_time:2117231035825139, task_sched_time:2117237399128563
app_id: 0, app_name: SAR_api-aarch64, task_id: 1835, task_name: DASH_ZIP, resource_name: cpu2, ref_start_time: 2117237402963823, ref_stop_time: 2117237403043083, actual_exe_time: 79260, task_app_start_time:2117231035825139, task_sched_time:2117237402954193
app_id: 0, app_name: SAR_api-aarch64, task_id: 1836, task_name: DASH_FFT, resource_name: cpu3, ref_start_time: 2117237406555124, ref_stop_time: 2117237406625234, actual_exe_time: 70110, task_app_start_time:2117231035825139, task_sched_time:2117237406546424
app_id: 0, app_name: SAR_api-aarch64, task_id: 1837, task_name: DASH_ZIP, resource_name: zip1, ref_start_time: 2117237407710784, ref_stop_time: 2117237407840294, actual_exe_time: 129510, task_app_start_time:2117231035825139, task_sched_time:2117237407700164
app_id: 0, app_name: SAR_api-aarch64, task_id: 1838, task_name: DASH_FFT, resource_name: cpu1, ref_start_time: 2117237415052925, ref_stop_time: 2117237415111395, actual_exe_time: 58470, task_app_start_time:2117231035825139, task_sched_time:2117237415046925
app_id: 0, app_name: SAR_api-aarch64, task_id: 1839, task_name: DASH_ZIP, resource_name: cpu2, ref_start_time: 2117237418950466, ref_stop_time: 2117237419029876, actual_exe_time: 79410, task_app_start_time:2117231035825139, task_sched_time:2117237418944946
app_id: 0, app_name: SAR_api-aarch64, task_id: 1840, task_name: DASH_FFT, resource_name: cpu3, ref_start_time: 2117237421472956, ref_stop_time: 2117237421543456, actual_exe_time: 70500, task_app_start_time:2117231035825139, task_sched_time:2117237421469326
app_id: 0, app_name: SAR_api-aarch64, task_id: 1841, task_name: DASH_ZIP, resource_name: zip1, ref_start_time: 2117237427137077, ref_stop_time: 2117237427265057, actual_exe_time: 127980, task_app_start_time:2117231035825139, task_sched_time:2117237427129217
app_id: 0, app_name: SAR_api-aarch64, task_id: 1842, task_name: DASH_FFT, resource_name: cpu1, ref_start_time: 2117237431047458, ref_stop_time: 2117237431099568, actual_exe_time: 52110, task_app_start_time:2117231035825139, task_sched_time:2117237431027568
app_id: 0, app_name: SAR_api-aarch64, task_id: 1843, task_name: DASH_ZIP, resource_name: cpu2, ref_start_time: 2117237435319069, ref_stop_time: 2117237435399319, actual_exe_time: 80250, task_app_start_time:2117231035825139, task_sched_time:2117237435314539
app_id: 0, app_name: SAR_api-aarch64, task_id: 1844, task_name: DASH_FFT, resource_name: cpu3, ref_start_time: 2117237436666579, ref_stop_time: 2117237436735999, actual_exe_time: 69420, task_app_start_time:2117231035825139, task_sched_time:2117237436663219
app_id: 0, app_name: SAR_api-aarch64, task_id: 1845, task_name: DASH_ZIP, resource_name: zip1, ref_start_time: 2117237443189210, ref_stop_time: 2117237443320160, actual_exe_time: 130950, task_app_start_time:2117231035825139, task_sched_time:2117237443156750
app_id: 0, app_name: SAR_api-aarch64, task_id: 1846, task_name: DASH_FFT, resource_name: cpu1, ref_start_time: 2117237447016370, ref_stop_time: 2117237447068210, actual_exe_time: 51840, task_app_start_time:2117231035825139, task_sched_time:2117237447012290
app_id: 0, app_name: SAR_api-aarch64, task_id: 1847, task_name: DASH_ZIP, resource_name: cpu2, ref_start_time: 2117237450172341, ref_stop_time: 2117237450578361, actual_exe_time: 406020, task_app_start_time:2117231035825139, task_sched_time:2117237450166821
app_id: 0, app_name: SAR_api-aarch64, task_id: 1848, task_name: DASH_FFT, resource_name: cpu3, ref_start_time: 2117237454943962, ref_stop_time: 2117237455020792, actual_exe_time: 76830, task_app_start_time:2117231035825139, task_sched_time:2117237454929772
app_id: 0, app_name: SAR_api-aarch64, task_id: 1849, task_name: DASH_ZIP, resource_name: zip1, ref_start_time: 2117237463115963, ref_stop_time: 2117237463244513, actual_exe_time: 128550, task_app_start_time:2117231035825139, task_sched_time:2117237463107743
app_id: 0, app_name: SAR_api-aarch64, task_id: 1850, task_name: DASH_FFT, resource_name: cpu1, ref_start_time: 2117237464965703, ref_stop_time: 2117237465019823, actual_exe_time: 54120, task_app_start_time:2117231035825139, task_sched_time:2117237464958113
app_id: 0, app_name: SAR_api-aarch64, task_id: 1851, task_name: DASH_ZIP, resource_name: cpu2, ref_start_time: 2117237471411384, ref_stop_time: 2117237471490434, actual_exe_time: 79050, task_app_start_time:2117231035825139, task_sched_time:2117237471405924
app_id: 0, app_name: SAR_api-aarch64, task_id: 1852, task_name: DASH_FFT, resource_name: cpu3, ref_start_time: 2117237475010335, ref_stop_time: 2117237475101535, actual_exe_time: 91200, task_app_start_time:2117231035825139, task_sched_time:2117237474950755
app_id: 0, app_name: SAR_api-aarch64, task_id: 1853, task_name: DASH_ZIP, resource_name: zip1, ref_start_time: 2117237477805615, ref_stop_time: 2117237477930175, actual_exe_time: 124560, task_app_start_time:2117231035825139, task_sched_time:2117237477797245
app_id: 0, app_name: SAR_api-aarch64, task_id: 1854, task_name: DASH_FFT, resource_name: cpu1, ref_start_time: 2117237479119346, ref_stop_time: 2117237479454056, actual_exe_time: 334710, task_app_start_time:2117231035825139, task_sched_time:2117237479111156
app_id: 0, app_name: SAR_api-aarch64, task_id: 1855, task_name: DASH_ZIP, resource_name: cpu2, ref_start_time: 2117237487069077, ref_stop_time: 2117237487151007, actual_exe_time: 81930, task_app_start_time:2117231035825139, task_sched_time:2117237487058817
app_id: 0, app_name: SAR_api-aarch64, task_id: 1856, task_name: DASH_FFT, resource_name: cpu3, ref_start_time: 2117237490998988, ref_stop_time: 2117237491072788, actual_exe_time: 73800, task_app_start_time:2117231035825139, task_sched_time:2117237490940758
app_id: 0, app_name: SAR_api-aarch64, task_id: 1857, task_name: DASH_ZIP, resource_name: zip1, ref_start_time: 2117237493316278, ref_stop_time: 2117237493446748, actual_exe_time: 130470, task_app_start_time:2117231035825139, task_sched_time:2117237493296958
app_id: 0, app_name: SAR_api-aarch64, task_id: 1858, task_name: DASH_FFT, resource_name: cpu1, ref_start_time: 2117237499115369, ref_stop_time: 2117237499180949, actual_exe_time: 65580, task_app_start_time:2117231035825139, task_sched_time:2117237499109639
app_id: 0, app_name: SAR_api-aarch64, task_id: 1859, task_name: DASH_ZIP, resource_name: cpu2, ref_start_time: 2117237502954109, ref_stop_time: 2117237503034659, actual_exe_time: 80550, task_app_start_time:2117231035825139, task_sched_time:2117237502947569
app_id: 0, app_name: SAR_api-aarch64, task_id: 1860, task_name: DASH_FFT, resource_name: cpu3, ref_start_time: 2117237507396750, ref_stop_time: 2117237507468510, actual_exe_time: 71760, task_app_start_time:2117231035825139, task_sched_time:2117237507389520
app_id: 0, app_name: SAR_api-aarch64, task_id: 1861, task_name: DASH_ZIP, resource_name: zip1, ref_start_time: 2117237511164391, ref_stop_time: 2117237511291831, actual_exe_time: 127440, task_app_start_time:2117231035825139, task_sched_time:2117237511147921
app_id: 0, app_name: SAR_api-aarch64, task_id: 1862, task_name: DASH_FFT, resource_name: cpu1, ref_start_time: 2117237519180032, ref_stop_time: 2117237519234602, actual_exe_time: 54570, task_app_start_time:2117231035825139, task_sched_time:2117237519171512
app_id: 0, app_name: SAR_api-aarch64, task_id: 1863, task_name: DASH_ZIP, resource_name: cpu2, ref_start_time: 2117237521190452, ref_stop_time: 2117237521268362, actual_exe_time: 77910, task_app_start_time:2117231035825139, task_sched_time:2117237521181272
app_id: 0, app_name: SAR_api-aarch64, task_id: 1864, task_name: DASH_FFT, resource_name: cpu3, ref_start_time: 2117237524769213, ref_stop_time: 2117237524841183, actual_exe_time: 71970, task_app_start_time:2117231035825139, task_sched_time:2117237524759883
app_id: 0, app_name: SAR_api-aarch64, task_id: 1865, task_name: DASH_ZIP, resource_name: zip1, ref_start_time: 2117237534367325, ref_stop_time: 2117237534496115, actual_exe_time: 128790, task_app_start_time:2117231035825139, task_sched_time:2117237534360305
app_id: 0, app_name: SAR_api-aarch64, task_id: 1866, task_name: DASH_FFT, resource_name: cpu1, ref_start_time: 2117237535499015, ref_stop_time: 2117237535550075, actual_exe_time: 51060, task_app_start_time:2117231035825139, task_sched_time:2117237535319555
app_id: 0, app_name: SAR_api-aarch64, task_id: 1867, task_name: DASH_ZIP, resource_name: cpu2, ref_start_time: 2117237543405996, ref_stop_time: 2117237543487476, actual_exe_time: 81480, task_app_start_time:2117231035825139, task_sched_time:2117237543398016
app_id: 0, app_name: SAR_api-aarch64, task_id: 1868, task_name: DASH_FFT, resource_name: cpu3, ref_start_time: 2117237548514817, ref_stop_time: 2117237548586217, actual_exe_time: 71400, task_app_start_time:2117231035825139, task_sched_time:2117237548452387
app_id: 0, app_name: SAR_api-aarch64, task_id: 1869, task_name: DASH_ZIP, resource_name: zip1, ref_start_time: 2117237549721687, ref_stop_time: 2117237550180747, actual_exe_time: 459060, task_app_start_time:2117231035825139, task_sched_time:2117237549716827
app_id: 0, app_name: SAR_api-aarch64, task_id: 1870, task_name: DASH_FFT, resource_name: cpu1, ref_start_time: 2117237553394738, ref_stop_time: 2117237553448108, actual_exe_time: 53370, task_app_start_time:2117231035825139, task_sched_time:2117237553386278
app_id: 0, app_name: SAR_api-aarch64, task_id: 1871, task_name: DASH_ZIP, resource_name: cpu2, ref_start_time: 2117237554462618, ref_stop_time: 2117237554541728, actual_exe_time: 79110, task_app_start_time:2117231035825139, task_sched_time:2117237554455838
app_id: 0, app_name: SAR_api-aarch64, task_id: 1872, task_name: DASH_FFT, resource_name: cpu3, ref_start_time: 2117237555674378, ref_stop_time: 2117237555744878, actual_exe_time: 70500, task_app_start_time:2117231035825139, task_sched_time:2117237555670028
app_id: 0, app_name: SAR_api-aarch64, task_id: 1873, task_name: DASH_ZIP, resource_name: zip1, ref_start_time: 2117237556859168, ref_stop_time: 2117237556983998, actual_exe_time: 124830, task_app_start_time:2117231035825139, task_sched_time:2117237556853678
app_id: 0, app_name: SAR_api-aarch64, task_id: 1874, task_name: DASH_FFT, resource_name: cpu1, ref_start_time: 2117237559094649, ref_stop_time: 2117237559144659, actual_exe_time: 50010, task_app_start_time:2117231035825139, task_sched_time:2117237557626118
app_id: 0, app_name: SAR_api-aarch64, task_id: 1875, task_name: DASH_ZIP, resource_name: cpu2, ref_start_time: 2117237559780809, ref_stop_time: 2117237559856139, actual_exe_time: 75330, task_app_start_time:2117231035825139, task_sched_time:2117237559776279
app_id: 0, app_name: SAR_api-aarch64, task_id: 1876, task_name: DASH_FFT, resource_name: cpu3, ref_start_time: 2117237562963809, ref_stop_time: 2117237563029149, actual_exe_time: 65340, task_app_start_time:2117231035825139, task_sched_time:2117237562941969
app_id: 0, app_name: SAR_api-aarch64, task_id: 1877, task_name: DASH_ZIP, resource_name: zip1, ref_start_time: 2117237564447219, ref_stop_time: 2117237564570339, actual_exe_time: 123120, task_app_start_time:2117231035825139, task_sched_time:2117237564440559
app_id: 0, app_name: SAR_api-aarch64, task_id: 1878, task_name: DASH_FFT, resource_name: cpu1, ref_start_time: 2117237568777900, ref_stop_time: 2117237568832230, actual_exe_time: 54330, task_app_start_time:2117231035825139, task_sched_time:2117237568769500
app_id: 0, app_name: SAR_api-aarch64, task_id: 1879, task_name: DASH_ZIP, resource_name: cpu2, ref_start_time: 2117237570913570, ref_stop_time: 2117237570993520, actual_exe_time: 79950, task_app_start_time:2117231035825139, task_sched_time:2117237569563870
app_id: 0, app_name: SAR_api-aarch64, task_id: 1880, task_name: DASH_FFT, resource_name: cpu3, ref_start_time: 2117237571443220, ref_stop_time: 2117237571509761, actual_exe_time: 66541, task_app_start_time:2117231035825139, task_sched_time:2117237571433170
app_id: 0, app_name: SAR_api-aarch64, task_id: 1881, task_name: DASH_ZIP, resource_name: zip1, ref_start_time: 2117237572489981, ref_stop_time: 2117237572615171, actual_exe_time: 125190, task_app_start_time:2117231035825139, task_sched_time:2117237572434961
app_id: 0, app_name: SAR_api-aarch64, task_id: 1882, task_name: DASH_FFT, resource_name: cpu1, ref_start_time: 2117237573152921, ref_stop_time: 2117237573197051, actual_exe_time: 44130, task_app_start_time:2117231035825139, task_sched_time:2117237573140201
app_id: 0, app_name: SAR_api-aarch64, task_id: 1883, task_name: DASH_ZIP, resource_name: cpu2, ref_start_time: 2117237574911491, ref_stop_time: 2117237574988321, actual_exe_time: 76830, task_app_start_time:2117231035825139, task_sched_time:2117237573859121
app_id: 0, app_name: SAR_api-aarch64, task_id: 1884, task_name: DASH_FFT, resource_name: cpu3, ref_start_time: 2117237575455961, ref_stop_time: 2117237575523161, actual_exe_time: 67200, task_app_start_time:2117231035825139, task_sched_time:2117237575452541
app_id: 0, app_name: SAR_api-aarch64, task_id: 1885, task_name: DASH_ZIP, resource_name: zip1, ref_start_time: 2117237576475481, ref_stop_time: 2117237576599081, actual_exe_time: 123600, task_app_start_time:2117231035825139, task_sched_time:2117237576465641
app_id: 0, app_name: SAR_api-aarch64, task_id: 1886, task_name: DASH_FFT, resource_name: cpu1, ref_start_time: 2117237577238801, ref_stop_time: 2117237577283171, actual_exe_time: 44370, task_app_start_time:2117231035825139, task_sched_time:2117237577230131
app_id: 0, app_name: SAR_api-aarch64, task_id: 1887, task_name: DASH_ZIP, resource_name: cpu2, ref_start_time: 2117237578348982, ref_stop_time: 2117237578426202, actual_exe_time: 77220, task_app_start_time:2117231035825139, task_sched_time:2117237577872492
app_id: 0, app_name: SAR_api-aarch64, task_id: 1888, task_name: DASH_FFT, resource_name: cpu3, ref_start_time: 2117237579322752, ref_stop_time: 2117237579390912, actual_exe_time: 68160, task_app_start_time:2117231035825139, task_sched_time:2117237579312732
app_id: 0, app_name: SAR_api-aarch64, task_id: 1889, task_name: DASH_ZIP, resource_name: zip1, ref_start_time: 2117237583384992, ref_stop_time: 2117237583512312, actual_exe_time: 127320, task_app_start_time:2117231035825139, task_sched_time:2117237583370892
app_id: 0, app_name: SAR_api-aarch64, task_id: 1890, task_name: DASH_FFT, resource_name: cpu1, ref_start_time: 2117237584709013, ref_stop_time: 2117237584759953, actual_exe_time: 50940, task_app_start_time:2117231035825139, task_sched_time:2117237584696683
app_id: 0, app_name: SAR_api-aarch64, task_id: 1891, task_name: DASH_ZIP, resource_name: cpu2, ref_start_time: 2117237591542744, ref_stop_time: 2117237591621974, actual_exe_time: 79230, task_app_start_time:2117231035825139, task_sched_time:2117237591535064
app_id: 0, app_name: SAR_api-aarch64, task_id: 1892, task_name: DASH_FFT, resource_name: cpu3, ref_start_time: 2117237592076864, ref_stop_time: 2117237592151114, actual_exe_time: 74250, task_app_start_time:2117231035825139, task_sched_time:2117237592067594
app_id: 0, app_name: SAR_api-aarch64, task_id: 1893, task_name: DASH_ZIP, resource_name: zip1, ref_start_time: 2117237592912034, ref_stop_time: 2117237593034404, actual_exe_time: 122370, task_app_start_time:2117231035825139, task_sched_time:2117237592905014
app_id: 0, app_name: SAR_api-aarch64, task_id: 1894, task_name: DASH_FFT, resource_name: cpu1, ref_start_time: 2117237593483714, ref_stop_time: 2117237593526944, actual_exe_time: 43230, task_app_start_time:2117231035825139, task_sched_time:2117237593473124
app_id: 0, app_name: SAR_api-aarch64, task_id: 1895, task_name: DASH_ZIP, resource_name: cpu2, ref_start_time: 2117237594047774, ref_stop_time: 2117237594121004, actual_exe_time: 73230, task_app_start_time:2117231035825139, task_sched_time:2117237594038894
app_id: 0, app_name: SAR_api-aarch64, task_id: 1896, task_name: DASH_FFT, resource_name: cpu3, ref_start_time: 2117237594539564, ref_stop_time: 2117237594595994, actual_exe_time: 56430, task_app_start_time:2117231035825139, task_sched_time:2117237594536684
app_id: 0, app_name: SAR_api-aarch64, task_id: 1897, task_name: DASH_ZIP, resource_name: zip1, ref_start_time: 2117237597739185, ref_stop_time: 2117237597863025, actual_exe_time: 123840, task_app_start_time:2117231035825139, task_sched_time:2117237597732555
app_id: 0, app_name: SAR_api-aarch64, task_id: 1898, task_name: DASH_FFT, resource_name: cpu1, ref_start_time: 2117237598314315, ref_stop_time: 2117237598359825, actual_exe_time: 45510, task_app_start_time:2117231035825139, task_sched_time:2117237598303665
app_id: 0, app_name: SAR_api-aarch64, task_id: 1899, task_name: DASH_ZIP, resource_name: cpu2, ref_start_time: 2117237601654155, ref_stop_time: 2117237601734285, actual_exe_time: 80130, task_app_start_time:2117231035825139, task_sched_time:2117237599410755
app_id: 0, app_name: SAR_api-aarch64, task_id: 1900, task_name: DASH_FFT, resource_name: cpu3, ref_start_time: 2117237607556326, ref_stop_time: 2117237607633996, actual_exe_time: 77670, task_app_start_time:2117231035825139, task_sched_time:2117237607550296
app_id: 0, app_name: SAR_api-aarch64, task_id: 1901, task_name: DASH_ZIP, resource_name: zip1, ref_start_time: 2117237608786807, ref_stop_time: 2117237608910557, actual_exe_time: 123750, task_app_start_time:2117231035825139, task_sched_time:2117237608780327
app_id: 0, app_name: SAR_api-aarch64, task_id: 1902, task_name: DASH_FFT, resource_name: cpu1, ref_start_time: 2117237612581657, ref_stop_time: 2117237612630917, actual_exe_time: 49260, task_app_start_time:2117231035825139, task_sched_time:2117237612571337
app_id: 0, app_name: SAR_api-aarch64, task_id: 1903, task_name: DASH_ZIP, resource_name: cpu2, ref_start_time: 2117237613795757, ref_stop_time: 2117237613872497, actual_exe_time: 76740, task_app_start_time:2117231035825139, task_sched_time:2117237613792817
app_id: 0, app_name: SAR_api-aarch64, task_id: 1904, task_name: DASH_FFT, resource_name: cpu3, ref_start_time: 2117237614499677, ref_stop_time: 2117237614566967, actual_exe_time: 67290, task_app_start_time:2117231035825139, task_sched_time:2117237614495417
app_id: 0, app_name: SAR_api-aarch64, task_id: 1905, task_name: DASH_ZIP, resource_name: zip1, ref_start_time: 2117237619212558, ref_stop_time: 2117237619342188, actual_exe_time: 129630, task_app_start_time:2117231035825139, task_sched_time:2117237619203798
app_id: 0, app_name: SAR_api-aarch64, task_id: 1906, task_name: DASH_FFT, resource_name: cpu1, ref_start_time: 2117237624054139, ref_stop_time: 2117237624108079, actual_exe_time: 53940, task_app_start_time:2117231035825139, task_sched_time:2117237624043759
app_id: 0, app_name: SAR_api-aarch64, task_id: 1907, task_name: DASH_ZIP, resource_name: cpu2, ref_start_time: 2117237625022839, ref_stop_time: 2117237625386109, actual_exe_time: 363270, task_app_start_time:2117231035825139, task_sched_time:2117237625014859
app_id: 0, app_name: SAR_api-aarch64, task_id: 1908, task_name: DASH_FFT, resource_name: cpu3, ref_start_time: 2117237626922409, ref_stop_time: 2117237626991619, actual_exe_time: 69210, task_app_start_time:2117231035825139, task_sched_time:2117237625974139
app_id: 0, app_name: SAR_api-aarch64, task_id: 1909, task_name: DASH_ZIP, resource_name: zip1, ref_start_time: 2117237627685280, ref_stop_time: 2117237627805970, actual_exe_time: 120690, task_app_start_time:2117231035825139, task_sched_time:2117237627681080
app_id: 0, app_name: SAR_api-aarch64, task_id: 1910, task_name: DASH_FFT, resource_name: cpu1, ref_start_time: 2117237628704830, ref_stop_time: 2117237628753970, actual_exe_time: 49140, task_app_start_time:2117231035825139, task_sched_time:2117237628694780
app_id: 0, app_name: SAR_api-aarch64, task_id: 1911, task_name: DASH_ZIP, resource_name: cpu2, ref_start_time: 2117237629394080, ref_stop_time: 2117237629469080, actual_exe_time: 75000, task_app_start_time:2117231035825139, task_sched_time:2117237629390870
app_id: 0, app_name: SAR_api-aarch64, task_id: 1912, task_name: DASH_FFT, resource_name: cpu3, ref_start_time: 2117237630761960, ref_stop_time: 2117237630827030, actual_exe_time: 65070, task_app_start_time:2117231035825139, task_sched_time:2117237630754280
app_id: 0, app_name: SAR_api-aarch64, task_id: 1913, task_name: DASH_ZIP, resource_name: zip1, ref_start_time: 2117237632569250, ref_stop_time: 2117237632692220, actual_exe_time: 122970, task_app_start_time:2117231035825139, task_sched_time:2117237632565410
app_id: 0, app_name: SAR_api-aarch64, task_id: 1914, task_name: DASH_FFT, resource_name: cpu1, ref_start_time: 2117237633537980, ref_stop_time: 2117237633592310, actual_exe_time: 54330, task_app_start_time:2117231035825139, task_sched_time:2117237633525830
app_id: 0, app_name: SAR_api-aarch64, task_id: 1915, task_name: DASH_ZIP, resource_name: cpu2, ref_start_time: 2117237643595302, ref_stop_time: 2117237643674532, actual_exe_time: 79230, task_app_start_time:2117231035825139, task_sched_time:2117237643586212
app_id: 0, app_name: SAR_api-aarch64, task_id: 1916, task_name: DASH_FFT, resource_name: cpu3, ref_start_time: 2117237644245672, ref_stop_time: 2117237644317552, actual_exe_time: 71880, task_app_start_time:2117231035825139, task_sched_time:2117237644242462
app_id: 0, app_name: SAR_api-aarch64, task_id: 1917, task_name: DASH_ZIP, resource_name: zip1, ref_start_time: 2117237645961732, ref_stop_time: 2117237646084793, actual_exe_time: 123061, task_app_start_time:2117231035825139, task_sched_time:2117237645956902
app_id: 0, app_name: SAR_api-aarch64, task_id: 1918, task_name: DASH_FFT, resource_name: cpu1, ref_start_time: 2117237647223863, ref_stop_time: 2117237647277113, actual_exe_time: 53250, task_app_start_time:2117231035825139, task_sched_time:2117237647217743
app_id: 0, app_name: SAR_api-aarch64, task_id: 1919, task_name: DASH_ZIP, resource_name: cpu2, ref_start_time: 2117237648129263, ref_stop_time: 2117237648205973, actual_exe_time: 76710, task_app_start_time:2117231035825139, task_sched_time:2117237648126023
app_id: 0, app_name: SAR_api-aarch64, task_id: 1920, task_name: DASH_FFT, resource_name: cpu3, ref_start_time: 2117237648854933, ref_stop_time: 2117237648914543, actual_exe_time: 59610, task_app_start_time:2117231035825139, task_sched_time:2117237648851483
app_id: 0, app_name: SAR_api-aarch64, task_id: 1921, task_name: DASH_ZIP, resource_name: zip1, ref_start_time: 2117237656396094, ref_stop_time: 2117237656519304, actual_exe_time: 123210, task_app_start_time:2117231035825139, task_sched_time:2117237656385414
app_id: 0, app_name: SAR_api-aarch64, task_id: 1922, task_name: DASH_FFT, resource_name: cpu1, ref_start_time: 2117237658986505, ref_stop_time: 2117237659039755, actual_exe_time: 53250, task_app_start_time:2117231035825139, task_sched_time:2117237658979395
app_id: 0, app_name: SAR_api-aarch64, task_id: 1923, task_name: DASH_ZIP, resource_name: cpu2, ref_start_time: 2117237660841225, ref_stop_time: 2117237660917845, actual_exe_time: 76620, task_app_start_time:2117231035825139, task_sched_time:2117237660835345
app_id: 0, app_name: SAR_api-aarch64, task_id: 1924, task_name: DASH_FFT, resource_name: cpu3, ref_start_time: 2117237662046835, ref_stop_time: 2117237662106445, actual_exe_time: 59610, task_app_start_time:2117231035825139, task_sched_time:2117237662042785
app_id: 0, app_name: SAR_api-aarch64, task_id: 1925, task_name: DASH_ZIP, resource_name: zip1, ref_start_time: 2117237663657715, ref_stop_time: 2117237663780595, actual_exe_time: 122880, task_app_start_time:2117231035825139, task_sched_time:2117237663653215
app_id: 0, app_name: SAR_api-aarch64, task_id: 1926, task_name: DASH_FFT, resource_name: cpu1, ref_start_time: 2117237664704776, ref_stop_time: 2117237664758206, actual_exe_time: 53430, task_app_start_time:2117231035825139, task_sched_time:2117237664690856
app_id: 0, app_name: SAR_api-aarch64, task_id: 1927, task_name: DASH_ZIP, resource_name: cpu2, ref_start_time: 2117237666909326, ref_stop_time: 2117237666991046, actual_exe_time: 81720, task_app_start_time:2117231035825139, task_sched_time:2117237665732156
app_id: 0, app_name: SAR_api-aarch64, task_id: 1928, task_name: DASH_FFT, resource_name: cpu3, ref_start_time: 2117237667682306, ref_stop_time: 2117237667741496, actual_exe_time: 59190, task_app_start_time:2117231035825139, task_sched_time:2117237667674776
app_id: 0, app_name: SAR_api-aarch64, task_id: 1929, task_name: DASH_ZIP, resource_name: zip1, ref_start_time: 2117237668815196, ref_stop_time: 2117237668934296, actual_exe_time: 119100, task_app_start_time:2117231035825139, task_sched_time:2117237668806166
app_id: 0, app_name: SAR_api-aarch64, task_id: 1930, task_name: DASH_FFT, resource_name: cpu1, ref_start_time: 2117237669347006, ref_stop_time: 2117237669395126, actual_exe_time: 48120, task_app_start_time:2117231035825139, task_sched_time:2117237669343706
app_id: 0, app_name: SAR_api-aarch64, task_id: 1931, task_name: DASH_ZIP, resource_name: cpu2, ref_start_time: 2117237672791547, ref_stop_time: 2117237672868227, actual_exe_time: 76680, task_app_start_time:2117231035825139, task_sched_time:2117237670404536
app_id: 0, app_name: SAR_api-aarch64, task_id: 1932, task_name: DASH_FFT, resource_name: cpu3, ref_start_time: 2117237673536327, ref_stop_time: 2117237673591737, actual_exe_time: 55410, task_app_start_time:2117231035825139, task_sched_time:2117237673531527
app_id: 0, app_name: SAR_api-aarch64, task_id: 1933, task_name: DASH_ZIP, resource_name: zip1, ref_start_time: 2117237674652837, ref_stop_time: 2117237674773827, actual_exe_time: 120990, task_app_start_time:2117231035825139, task_sched_time:2117237674646297
app_id: 0, app_name: SAR_api-aarch64, task_id: 1934, task_name: DASH_FFT, resource_name: cpu1, ref_start_time: 2117237675548547, ref_stop_time: 2117237675596607, actual_exe_time: 48060, task_app_start_time:2117231035825139, task_sched_time:2117237675542997
app_id: 0, app_name: SAR_api-aarch64, task_id: 1935, task_name: DASH_ZIP, resource_name: cpu2, ref_start_time: 2117237677331448, ref_stop_time: 2117237677408098, actual_exe_time: 76650, task_app_start_time:2117231035825139, task_sched_time:2117237676358637
app_id: 0, app_name: SAR_api-aarch64, task_id: 1936, task_name: DASH_FFT, resource_name: cpu3, ref_start_time: 2117237678022168, ref_stop_time: 2117237678075688, actual_exe_time: 53520, task_app_start_time:2117231035825139, task_sched_time:2117237678012748
app_id: 0, app_name: SAR_api-aarch64, task_id: 1937, task_name: DASH_ZIP, resource_name: zip1, ref_start_time: 2117237679287538, ref_stop_time: 2117237679408918, actual_exe_time: 121380, task_app_start_time:2117231035825139, task_sched_time:2117237679282138
app_id: 0, app_name: SAR_api-aarch64, task_id: 1938, task_name: DASH_FFT, resource_name: cpu1, ref_start_time: 2117237683604719, ref_stop_time: 2117237683662799, actual_exe_time: 58080, task_app_start_time:2117231035825139, task_sched_time:2117237683597639
app_id: 0, app_name: SAR_api-aarch64, task_id: 1939, task_name: DASH_ZIP, resource_name: cpu2, ref_start_time: 2117237687537419, ref_stop_time: 2117237687618809, actual_exe_time: 81390, task_app_start_time:2117231035825139, task_sched_time:2117237687529079
app_id: 0, app_name: SAR_api-aarch64, task_id: 1940, task_name: DASH_FFT, resource_name: cpu3, ref_start_time: 2117237688571729, ref_stop_time: 2117237688631729, actual_exe_time: 60000, task_app_start_time:2117231035825139, task_sched_time:2117237688562339
app_id: 0, app_name: SAR_api-aarch64, task_id: 1941, task_name: DASH_ZIP, resource_name: zip1, ref_start_time: 2117237695377950, ref_stop_time: 2117237695505510, actual_exe_time: 127560, task_app_start_time:2117231035825139, task_sched_time:2117237695366610
app_id: 0, app_name: SAR_api-aarch64, task_id: 1942, task_name: DASH_FFT, resource_name: cpu1, ref_start_time: 2117237696592951, ref_stop_time: 2117237696648481, actual_exe_time: 55530, task_app_start_time:2117231035825139, task_sched_time:2117237696578851
app_id: 0, app_name: SAR_api-aarch64, task_id: 1943, task_name: DASH_ZIP, resource_name: cpu2, ref_start_time: 2117237698919151, ref_stop_time: 2117237698997631, actual_exe_time: 78480, task_app_start_time:2117231035825139, task_sched_time:2117237697794241
app_id: 0, app_name: SAR_api-aarch64, task_id: 1944, task_name: DASH_FFT, resource_name: cpu3, ref_start_time: 2117237703409792, ref_stop_time: 2117237703473002, actual_exe_time: 63210, task_app_start_time:2117231035825139, task_sched_time:2117237703400642
app_id: 0, app_name: SAR_api-aarch64, task_id: 1945, task_name: DASH_ZIP, resource_name: zip1, ref_start_time: 2117237704800532, ref_stop_time: 2117237704919632, actual_exe_time: 119100, task_app_start_time:2117231035825139, task_sched_time:2117237704796602
app_id: 0, app_name: SAR_api-aarch64, task_id: 1946, task_name: DASH_FFT, resource_name: cpu1, ref_start_time: 2117237705421202, ref_stop_time: 2117237705470192, actual_exe_time: 48990, task_app_start_time:2117231035825139, task_sched_time:2117237705413042
app_id: 0, app_name: SAR_api-aarch64, task_id: 1947, task_name: DASH_ZIP, resource_name: cpu2, ref_start_time: 2117237706137272, ref_stop_time: 2117237706211612, actual_exe_time: 74340, task_app_start_time:2117231035825139, task_sched_time:2117237706132682
app_id: 0, app_name: SAR_api-aarch64, task_id: 1948, task_name: DASH_FFT, resource_name: cpu3, ref_start_time: 2117237711961863, ref_stop_time: 2117237712024473, actual_exe_time: 62610, task_app_start_time:2117231035825139, task_sched_time:2117237711954003
app_id: 0, app_name: SAR_api-aarch64, task_id: 1949, task_name: DASH_ZIP, resource_name: zip1, ref_start_time: 2117237713313663, ref_stop_time: 2117237713439513, actual_exe_time: 125850, task_app_start_time:2117231035825139, task_sched_time:2117237713304783
app_id: 0, app_name: SAR_api-aarch64, task_id: 1950, task_name: DASH_FFT, resource_name: cpu1, ref_start_time: 2117237714327093, ref_stop_time: 2117237714381124, actual_exe_time: 54031, task_app_start_time:2117231035825139, task_sched_time:2117237714318423
app_id: 0, app_name: SAR_api-aarch64, task_id: 1951, task_name: DASH_ZIP, resource_name: cpu2, ref_start_time: 2117237716349934, ref_stop_time: 2117237716430424, actual_exe_time: 80490, task_app_start_time:2117231035825139, task_sched_time:2117237715594684
app_id: 0, app_name: SAR_api-aarch64, task_id: 1952, task_name: DASH_FFT, resource_name: cpu3, ref_start_time: 2117237719390854, ref_stop_time: 2117237719452984, actual_exe_time: 62130, task_app_start_time:2117231035825139, task_sched_time:2117237719385064
app_id: 0, app_name: SAR_api-aarch64, task_id: 1953, task_name: DASH_ZIP, resource_name: zip1, ref_start_time: 2117237726934476, ref_stop_time: 2117237727060716, actual_exe_time: 126240, task_app_start_time:2117231035825139, task_sched_time:2117237726929076
app_id: 0, app_name: SAR_api-aarch64, task_id: 1954, task_name: DASH_FFT, resource_name: cpu1, ref_start_time: 2117237727839306, ref_stop_time: 2117237727891416, actual_exe_time: 52110, task_app_start_time:2117231035825139, task_sched_time:2117237727827486
app_id: 0, app_name: SAR_api-aarch64, task_id: 1955, task_name: DASH_ZIP, resource_name: cpu2, ref_start_time: 2117237728535306, ref_stop_time: 2117237728609946, actual_exe_time: 74640, task_app_start_time:2117231035825139, task_sched_time:2117237728530056
app_id: 0, app_name: SAR_api-aarch64, task_id: 1956, task_name: DASH_FFT, resource_name: cpu3, ref_start_time: 2117237729116016, ref_stop_time: 2117237729170496, actual_exe_time: 54480, task_app_start_time:2117231035825139, task_sched_time:2117237729113076
app_id: 0, app_name: SAR_api-aarch64, task_id: 1957, task_name: DASH_ZIP, resource_name: zip1, ref_start_time: 2117237730695036, ref_stop_time: 2117237730812036, actual_exe_time: 117000, task_app_start_time:2117231035825139, task_sched_time:2117237730690656
app_id: 0, app_name: SAR_api-aarch64, task_id: 1958, task_name: DASH_FFT, resource_name: cpu1, ref_start_time: 2117237731788056, ref_stop_time: 2117237731838156, actual_exe_time: 50100, task_app_start_time:2117231035825139, task_sched_time:2117237731783886
app_id: 0, app_name: SAR_api-aarch64, task_id: 1959, task_name: DASH_ZIP, resource_name: cpu2, ref_start_time: 2117237732741996, ref_stop_time: 2117237732816276, actual_exe_time: 74280, task_app_start_time:2117231035825139, task_sched_time:2117237732734886
app_id: 0, app_name: SAR_api-aarch64, task_id: 1960, task_name: DASH_FFT, resource_name: cpu3, ref_start_time: 2117237733459567, ref_stop_time: 2117237733511947, actual_exe_time: 52380, task_app_start_time:2117231035825139, task_sched_time:2117237733453627
app_id: 0, app_name: SAR_api-aarch64, task_id: 1961, task_name: DASH_ZIP, resource_name: zip1, ref_start_time: 2117237737219587, ref_stop_time: 2117237737346907, actual_exe_time: 127320, task_app_start_time:2117231035825139, task_sched_time:2117237734642167
app_id: 0, app_name: SAR_api-aarch64, task_id: 1962, task_name: DASH_FFT, resource_name: cpu1, ref_start_time: 2117237738539827, ref_stop_time: 2117237738595837, actual_exe_time: 56010, task_app_start_time:2117231035825139, task_sched_time:2117237738530497
app_id: 0, app_name: SAR_api-aarch64, task_id: 1963, task_name: DASH_ZIP, resource_name: cpu2, ref_start_time: 2117237739208047, ref_stop_time: 2117237739285958, actual_exe_time: 77911, task_app_start_time:2117231035825139, task_sched_time:2117237739199857
app_id: 0, app_name: SAR_api-aarch64, task_id: 1964, task_name: DASH_FFT, resource_name: cpu3, ref_start_time: 2117237740330078, ref_stop_time: 2117237740392598, actual_exe_time: 62520, task_app_start_time:2117231035825139, task_sched_time:2117237740325848
app_id: 0, app_name: SAR_api-aarch64, task_id: 1965, task_name: DASH_ZIP, resource_name: zip1, ref_start_time: 2117237741694388, ref_stop_time: 2117237741814448, actual_exe_time: 120060, task_app_start_time:2117231035825139, task_sched_time:2117237741684248
app_id: 0, app_name: SAR_api-aarch64, task_id: 1966, task_name: DASH_FFT, resource_name: cpu1, ref_start_time: 2117237742818308, ref_stop_time: 2117237742902818, actual_exe_time: 84510, task_app_start_time:2117231035825139, task_sched_time:2117237742813328
app_id: 0, app_name: SAR_api-aarch64, task_id: 1967, task_name: DASH_ZIP, resource_name: cpu2, ref_start_time: 2117237743761238, ref_stop_time: 2117237743836358, actual_exe_time: 75120, task_app_start_time:2117231035825139, task_sched_time:2117237743752298
app_id: 0, app_name: SAR_api-aarch64, task_id: 1968, task_name: DASH_FFT, resource_name: cpu3, ref_start_time: 2117237744559298, ref_stop_time: 2117237744615338, actual_exe_time: 56040, task_app_start_time:2117231035825139, task_sched_time:2117237744555608
app_id: 0, app_name: SAR_api-aarch64, task_id: 1969, task_name: DASH_ZIP, resource_name: zip1, ref_start_time: 2117237745837989, ref_stop_time: 2117237745956699, actual_exe_time: 118710, task_app_start_time:2117231035825139, task_sched_time:2117237745834959
app_id: 0, app_name: SAR_api-aarch64, task_id: 1970, task_name: DASH_FFT, resource_name: cpu1, ref_start_time: 2117237746781669, ref_stop_time: 2117237746831649, actual_exe_time: 49980, task_app_start_time:2117231035825139, task_sched_time:2117237746770599
app_id: 0, app_name: SAR_api-aarch64, task_id: 1971, task_name: DASH_ZIP, resource_name: cpu2, ref_start_time: 2117237747740799, ref_stop_time: 2117237747815889, actual_exe_time: 75090, task_app_start_time:2117231035825139, task_sched_time:2117237747733449
app_id: 0, app_name: SAR_api-aarch64, task_id: 1972, task_name: DASH_FFT, resource_name: cpu3, ref_start_time: 2117237748504029, ref_stop_time: 2117237748558149, actual_exe_time: 54120, task_app_start_time:2117231035825139, task_sched_time:2117237748495689
app_id: 0, app_name: SAR_api-aarch64, task_id: 1973, task_name: DASH_ZIP, resource_name: zip1, ref_start_time: 2117237749515809, ref_stop_time: 2117237749637729, actual_exe_time: 121920, task_app_start_time:2117231035825139, task_sched_time:2117237749510979
app_id: 0, app_name: SAR_api-aarch64, task_id: 1974, task_name: DASH_FFT, resource_name: cpu1, ref_start_time: 2117237750340389, ref_stop_time: 2117237750390249, actual_exe_time: 49860, task_app_start_time:2117231035825139, task_sched_time:2117237750335259
app_id: 0, app_name: SAR_api-aarch64, task_id: 1975, task_name: DASH_ZIP, resource_name: cpu2, ref_start_time: 2117237751666180, ref_stop_time: 2117237751746490, actual_exe_time: 80310, task_app_start_time:2117231035825139, task_sched_time:2117237751656639
app_id: 0, app_name: SAR_api-aarch64, task_id: 1976, task_name: DASH_FFT, resource_name: cpu3, ref_start_time: 2117237754975390, ref_stop_time: 2117237755048470, actual_exe_time: 73080, task_app_start_time:2117231035825139, task_sched_time:2117237752554600
app_id: 0, app_name: SAR_api-aarch64, task_id: 1977, task_name: DASH_ZIP, resource_name: zip1, ref_start_time: 2117237758939111, ref_stop_time: 2117237759061961, actual_exe_time: 122850, task_app_start_time:2117231035825139, task_sched_time:2117237756227140
app_id: 0, app_name: SAR_api-aarch64, task_id: 1978, task_name: DASH_FFT, resource_name: cpu1, ref_start_time: 2117237759845831, ref_stop_time: 2117237759897971, actual_exe_time: 52140, task_app_start_time:2117231035825139, task_sched_time:2117237759834011
app_id: 0, app_name: SAR_api-aarch64, task_id: 1979, task_name: DASH_ZIP, resource_name: cpu2, ref_start_time: 2117237760543751, ref_stop_time: 2117237760619051, actual_exe_time: 75300, task_app_start_time:2117231035825139, task_sched_time:2117237760533011
app_id: 0, app_name: SAR_api-aarch64, task_id: 1980, task_name: DASH_FFT, resource_name: cpu3, ref_start_time: 2117237762903401, ref_stop_time: 2117237762975941, actual_exe_time: 72540, task_app_start_time:2117231035825139, task_sched_time:2117237761184581
app_id: 0, app_name: SAR_api-aarch64, task_id: 1981, task_name: DASH_ZIP, resource_name: zip1, ref_start_time: 2117237765364752, ref_stop_time: 2117237765489102, actual_exe_time: 124350, task_app_start_time:2117231035825139, task_sched_time:2117237764271612
app_id: 0, app_name: SAR_api-aarch64, task_id: 1982, task_name: DASH_FFT, resource_name: cpu1, ref_start_time: 2117237771430813, ref_stop_time: 2117237771487183, actual_exe_time: 56370, task_app_start_time:2117231035825139, task_sched_time:2117237771425353
app_id: 0, app_name: SAR_api-aarch64, task_id: 1983, task_name: DASH_ZIP, resource_name: cpu2, ref_start_time: 2117237772292593, ref_stop_time: 2117237772369063, actual_exe_time: 76470, task_app_start_time:2117231035825139, task_sched_time:2117237772286833
app_id: 0, app_name: SAR_api-aarch64, task_id: 1984, task_name: DASH_FFT, resource_name: cpu3, ref_start_time: 2117237772917763, ref_stop_time: 2117237772976443, actual_exe_time: 58680, task_app_start_time:2117231035825139, task_sched_time:2117237772910203
app_id: 0, app_name: SAR_api-aarch64, task_id: 1985, task_name: DASH_ZIP, resource_name: zip1, ref_start_time: 2117237779544614, ref_stop_time: 2117237779667194, actual_exe_time: 122580, task_app_start_time:2117231035825139, task_sched_time:2117237779538194
app_id: 0, app_name: SAR_api-aarch64, task_id: 1986, task_name: DASH_FFT, resource_name: cpu1, ref_start_time: 2117237780208724, ref_stop_time: 2117237780259184, actual_exe_time: 50460, task_app_start_time:2117231035825139, task_sched_time:2117237780195254
app_id: 0, app_name: SAR_api-aarch64, task_id: 1987, task_name: DASH_ZIP, resource_name: cpu2, ref_start_time: 2117237780753254, ref_stop_time: 2117237780827474, actual_exe_time: 74220, task_app_start_time:2117231035825139, task_sched_time:2117237780744854
app_id: 0, app_name: SAR_api-aarch64, task_id: 1988, task_name: DASH_FFT, resource_name: cpu3, ref_start_time: 2117237781415084, ref_stop_time: 2117237781474514, actual_exe_time: 59430, task_app_start_time:2117231035825139, task_sched_time:2117237781407104
app_id: 0, app_name: SAR_api-aarch64, task_id: 1989, task_name: DASH_ZIP, resource_name: zip1, ref_start_time: 2117237784601715, ref_stop_time: 2117237784724295, actual_exe_time: 122580, task_app_start_time:2117231035825139, task_sched_time:2117237784593225
app_id: 0, app_name: SAR_api-aarch64, task_id: 1990, task_name: DASH_FFT, resource_name: cpu1, ref_start_time: 2117237785479815, ref_stop_time: 2117237785638155, actual_exe_time: 158340, task_app_start_time:2117231035825139, task_sched_time:2117237785475915
app_id: 0, app_name: SAR_api-aarch64, task_id: 1991, task_name: DASH_ZIP, resource_name: cpu2, ref_start_time: 2117237786238485, ref_stop_time: 2117237786313365, actual_exe_time: 74880, task_app_start_time:2117231035825139, task_sched_time:2117237786233925
app_id: 0, app_name: SAR_api-aarch64, task_id: 1992, task_name: DASH_FFT, resource_name: cpu3, ref_start_time: 2117237787175985, ref_stop_time: 2117237787235715, actual_exe_time: 59730, task_app_start_time:2117231035825139, task_sched_time:2117237787062615
app_id: 0, app_name: SAR_api-aarch64, task_id: 1993, task_name: DASH_ZIP, resource_name: zip1, ref_start_time: 2117237788368845, ref_stop_time: 2117237788487375, actual_exe_time: 118530, task_app_start_time:2117231035825139, task_sched_time:2117237788361465
app_id: 0, app_name: SAR_api-aarch64, task_id: 1994, task_name: DASH_FFT, resource_name: cpu1, ref_start_time: 2117237789317476, ref_stop_time: 2117237789364816, actual_exe_time: 47340, task_app_start_time:2117231035825139, task_sched_time:2117237789306706
app_id: 0, app_name: SAR_api-aarch64, task_id: 1995, task_name: DASH_ZIP, resource_name: cpu2, ref_start_time: 2117237798925727, ref_stop_time: 2117237799104167, actual_exe_time: 178440, task_app_start_time:2117231035825139, task_sched_time:2117237793246306
app_id: 0, app_name: SAR_api-aarch64, task_id: 1996, task_name: DASH_FFT, resource_name: cpu3, ref_start_time: 2117237800113877, ref_stop_time: 2117237800174447, actual_exe_time: 60570, task_app_start_time:2117231035825139, task_sched_time:2117237800109647
app_id: 0, app_name: SAR_api-aarch64, task_id: 1997, task_name: DASH_ZIP, resource_name: zip1, ref_start_time: 2117237801459108, ref_stop_time: 2117237801579318, actual_exe_time: 120210, task_app_start_time:2117231035825139, task_sched_time:2117237801456318
app_id: 0, app_name: SAR_api-aarch64, task_id: 1998, task_name: DASH_FFT, resource_name: cpu1, ref_start_time: 2117237802343568, ref_stop_time: 2117237802393548, actual_exe_time: 49980, task_app_start_time:2117231035825139, task_sched_time:2117237802331118
app_id: 0, app_name: SAR_api-aarch64, task_id: 1999, task_name: DASH_ZIP, resource_name: cpu2, ref_start_time: 2117237803483388, ref_stop_time: 2117237803561208, actual_exe_time: 77820, task_app_start_time:2117231035825139, task_sched_time:2117237803405388
app_id: 0, app_name: SAR_api-aarch64, task_id: 2000, task_name: DASH_FFT, resource_name: cpu3, ref_start_time: 2117237806914668, ref_stop_time: 2117237806983788, actual_exe_time: 69120, task_app_start_time:2117231035825139, task_sched_time:2117237804287118
app_id: 0, app_name: SAR_api-aarch64, task_id: 2001, task_name: DASH_ZIP, resource_name: zip1, ref_start_time: 2117237810942769, ref_stop_time: 2117237811071349, actual_exe_time: 128580, task_app_start_time:2117231035825139, task_sched_time:2117237808383319
app_id: 0, app_name: SAR_api-aarch64, task_id: 2002, task_name: DASH_FFT, resource_name: cpu1, ref_start_time: 2117237812140789, ref_stop_time: 2117237812193559, actual_exe_time: 52770, task_app_start_time:2117231035825139, task_sched_time:2117237812129239
app_id: 0, app_name: SAR_api-aarch64, task_id: 2003, task_name: DASH_ZIP, resource_name: cpu2, ref_start_time: 2117237813001699, ref_stop_time: 2117237813078319, actual_exe_time: 76620, task_app_start_time:2117231035825139, task_sched_time:2117237812994439
app_id: 0, app_name: SAR_api-aarch64, task_id: 2004, task_name: DASH_FFT, resource_name: cpu3, ref_start_time: 2117237814919540, ref_stop_time: 2117237814992380, actual_exe_time: 72840, task_app_start_time:2117231035825139, task_sched_time:2117237813680629
app_id: 0, app_name: SAR_api-aarch64, task_id: 2005, task_name: DASH_ZIP, resource_name: zip1, ref_start_time: 2117237817835960, ref_stop_time: 2117237817961030, actual_exe_time: 125070, task_app_start_time:2117231035825139, task_sched_time:2117237816035090
app_id: 0, app_name: SAR_api-aarch64, task_id: 2006, task_name: DASH_FFT, resource_name: cpu1, ref_start_time: 2117237818951210, ref_stop_time: 2117237819003230, actual_exe_time: 52020, task_app_start_time:2117231035825139, task_sched_time:2117237818938370
app_id: 0, app_name: SAR_api-aarch64, task_id: 2007, task_name: DASH_ZIP, resource_name: cpu2, ref_start_time: 2117237819494090, ref_stop_time: 2117237819569060, actual_exe_time: 74970, task_app_start_time:2117231035825139, task_sched_time:2117237819491150
app_id: 0, app_name: SAR_api-aarch64, task_id: 2008, task_name: DASH_FFT, resource_name: cpu3, ref_start_time: 2117237820272561, ref_stop_time: 2117237820335051, actual_exe_time: 62490, task_app_start_time:2117231035825139, task_sched_time:2117237820266261
app_id: 0, app_name: SAR_api-aarch64, task_id: 2009, task_name: DASH_ZIP, resource_name: zip1, ref_start_time: 2117237827890432, ref_stop_time: 2117237828018382, actual_exe_time: 127950, task_app_start_time:2117231035825139, task_sched_time:2117237827884882
app_id: 0, app_name: SAR_api-aarch64, task_id: 2010, task_name: DASH_FFT, resource_name: cpu1, ref_start_time: 2117237831106432, ref_stop_time: 2117237831161992, actual_exe_time: 55560, task_app_start_time:2117231035825139, task_sched_time:2117237831096472
app_id: 0, app_name: SAR_api-aarch64, task_id: 2011, task_name: DASH_ZIP, resource_name: cpu2, ref_start_time: 2117237834953093, ref_stop_time: 2117237835030853, actual_exe_time: 77760, task_app_start_time:2117231035825139, task_sched_time:2117237834948833
app_id: 0, app_name: SAR_api-aarch64, task_id: 2012, task_name: DASH_FFT, resource_name: cpu3, ref_start_time: 2117237835617323, ref_stop_time: 2117237835679393, actual_exe_time: 62070, task_app_start_time:2117231035825139, task_sched_time:2117237835612583
app_id: 0, app_name: SAR_api-aarch64, task_id: 2013, task_name: DASH_ZIP, resource_name: zip1, ref_start_time: 2117237837321113, ref_stop_time: 2117237837449423, actual_exe_time: 128310, task_app_start_time:2117231035825139, task_sched_time:2117237837316013
app_id: 0, app_name: SAR_api-aarch64, task_id: 2014, task_name: DASH_FFT, resource_name: cpu1, ref_start_time: 2117237838118573, ref_stop_time: 2117237838168223, actual_exe_time: 49650, task_app_start_time:2117231035825139, task_sched_time:2117237838105913
app_id: 0, app_name: SAR_api-aarch64, task_id: 2015, task_name: DASH_ZIP, resource_name: cpu2, ref_start_time: 2117237838965264, ref_stop_time: 2117237839040174, actual_exe_time: 74910, task_app_start_time:2117231035825139, task_sched_time:2117237838936854
app_id: 0, app_name: SAR_api-aarch64, task_id: 2016, task_name: DASH_FFT, resource_name: cpu3, ref_start_time: 2117237839514834, ref_stop_time: 2117237839573124, actual_exe_time: 58290, task_app_start_time:2117231035825139, task_sched_time:2117237839509164
app_id: 0, app_name: SAR_api-aarch64, task_id: 2017, task_name: DASH_ZIP, resource_name: zip1, ref_start_time: 2117237840537714, ref_stop_time: 2117237840658854, actual_exe_time: 121140, task_app_start_time:2117231035825139, task_sched_time:2117237840531594
app_id: 0, app_name: SAR_api-aarch64, task_id: 2018, task_name: DASH_FFT, resource_name: cpu1, ref_start_time: 2117237841576794, ref_stop_time: 2117237841626564, actual_exe_time: 49770, task_app_start_time:2117231035825139, task_sched_time:2117237841564404
app_id: 0, app_name: SAR_api-aarch64, task_id: 2019, task_name: DASH_ZIP, resource_name: cpu2, ref_start_time: 2117237842948784, ref_stop_time: 2117237843026484, actual_exe_time: 77700, task_app_start_time:2117231035825139, task_sched_time:2117237842447154
app_id: 0, app_name: SAR_api-aarch64, task_id: 2020, task_name: DASH_FFT, resource_name: cpu3, ref_start_time: 2117237843762954, ref_stop_time: 2117237843820344, actual_exe_time: 57390, task_app_start_time:2117231035825139, task_sched_time:2117237843758754
app_id: 0, app_name: SAR_api-aarch64, task_id: 2021, task_name: DASH_ZIP, resource_name: zip1, ref_start_time: 2117237844725684, ref_stop_time: 2117237844848474, actual_exe_time: 122790, task_app_start_time:2117231035825139, task_sched_time:2117237844716954
app_id: 0, app_name: SAR_api-aarch64, task_id: 2022, task_name: DASH_FFT, resource_name: cpu1, ref_start_time: 2117237845612305, ref_stop_time: 2117237845663905, actual_exe_time: 51600, task_app_start_time:2117231035825139, task_sched_time:2117237845604265
app_id: 0, app_name: SAR_api-aarch64, task_id: 2023, task_name: DASH_ZIP, resource_name: cpu2, ref_start_time: 2117237846943795, ref_stop_time: 2117237847021975, actual_exe_time: 78180, task_app_start_time:2117231035825139, task_sched_time:2117237846560815
app_id: 0, app_name: SAR_api-aarch64, task_id: 2024, task_name: DASH_FFT, resource_name: cpu3, ref_start_time: 2117237847683475, ref_stop_time: 2117237847738825, actual_exe_time: 55350, task_app_start_time:2117231035825139, task_sched_time:2117237847674355
app_id: 0, app_name: SAR_api-aarch64, task_id: 2025, task_name: DASH_ZIP, resource_name: zip1, ref_start_time: 2117237848536825, ref_stop_time: 2117237848658625, actual_exe_time: 121800, task_app_start_time:2117231035825139, task_sched_time:2117237848532385
app_id: 0, app_name: SAR_api-aarch64, task_id: 2026, task_name: DASH_FFT, resource_name: cpu1, ref_start_time: 2117237849831625, ref_stop_time: 2117237849881665, actual_exe_time: 50040, task_app_start_time:2117231035825139, task_sched_time:2117237849819085
app_id: 0, app_name: SAR_api-aarch64, task_id: 2027, task_name: DASH_ZIP, resource_name: cpu2, ref_start_time: 2117237850912885, ref_stop_time: 2117237850989025, actual_exe_time: 76140, task_app_start_time:2117231035825139, task_sched_time:2117237850542655
app_id: 0, app_name: SAR_api-aarch64, task_id: 2028, task_name: DASH_FFT, resource_name: cpu3, ref_start_time: 2117237851442266, ref_stop_time: 2117237851499626, actual_exe_time: 57360, task_app_start_time:2117231035825139, task_sched_time:2117237851436986
app_id: 0, app_name: SAR_api-aarch64, task_id: 2029, task_name: DASH_ZIP, resource_name: zip1, ref_start_time: 2117237852526196, ref_stop_time: 2117237852646676, actual_exe_time: 120480, task_app_start_time:2117231035825139, task_sched_time:2117237852523106
app_id: 0, app_name: SAR_api-aarch64, task_id: 2030, task_name: DASH_FFT, resource_name: cpu1, ref_start_time: 2117237853226066, ref_stop_time: 2117237853275296, actual_exe_time: 49230, task_app_start_time:2117231035825139, task_sched_time:2117237853216616
app_id: 0, app_name: SAR_api-aarch64, task_id: 2031, task_name: DASH_ZIP, resource_name: cpu2, ref_start_time: 2117237854936516, ref_stop_time: 2117237855011756, actual_exe_time: 75240, task_app_start_time:2117231035825139, task_sched_time:2117237853888196
app_id: 0, app_name: SAR_api-aarch64, task_id: 2032, task_name: DASH_FFT, resource_name: cpu3, ref_start_time: 2117237855637976, ref_stop_time: 2117237855694736, actual_exe_time: 56760, task_app_start_time:2117231035825139, task_sched_time:2117237855629216
app_id: 0, app_name: SAR_api-aarch64, task_id: 2033, task_name: DASH_ZIP, resource_name: zip1, ref_start_time: 2117237857002166, ref_stop_time: 2117237857122076, actual_exe_time: 119910, task_app_start_time:2117231035825139, task_sched_time:2117237856993466
app_id: 0, app_name: SAR_api-aarch64, task_id: 2034, task_name: DASH_FFT, resource_name: cpu1, ref_start_time: 2117237858124827, ref_stop_time: 2117237858177027, actual_exe_time: 52200, task_app_start_time:2117231035825139, task_sched_time:2117237858113667
app_id: 0, app_name: SAR_api-aarch64, task_id: 2035, task_name: DASH_ZIP, resource_name: cpu2, ref_start_time: 2117237862927887, ref_stop_time: 2117237863010717, actual_exe_time: 82830, task_app_start_time:2117231035825139, task_sched_time:2117237862446747
app_id: 0, app_name: SAR_api-aarch64, task_id: 2036, task_name: DASH_FFT, resource_name: cpu3, ref_start_time: 2117237863624578, ref_stop_time: 2117237863683798, actual_exe_time: 59220, task_app_start_time:2117231035825139, task_sched_time:2117237863614768
app_id: 0, app_name: SAR_api-aarch64, task_id: 2037, task_name: DASH_ZIP, resource_name: zip1, ref_start_time: 2117237864967438, ref_stop_time: 2117237865087558, actual_exe_time: 120120, task_app_start_time:2117231035825139, task_sched_time:2117237864964558
app_id: 0, app_name: SAR_api-aarch64, task_id: 2038, task_name: DASH_FFT, resource_name: cpu1, ref_start_time: 2117237866056828, ref_stop_time: 2117237866109028, actual_exe_time: 52200, task_app_start_time:2117231035825139, task_sched_time:2117237866045098
app_id: 0, app_name: SAR_api-aarch64, task_id: 2039, task_name: DASH_ZIP, resource_name: cpu2, ref_start_time: 2117237866903548, ref_stop_time: 2117237866980438, actual_exe_time: 76890, task_app_start_time:2117231035825139, task_sched_time:2117237866783548
app_id: 0, app_name: SAR_api-aarch64, task_id: 2040, task_name: DASH_FFT, resource_name: cpu3, ref_start_time: 2117237867688888, ref_stop_time: 2117237867745648, actual_exe_time: 56760, task_app_start_time:2117231035825139, task_sched_time:2117237867679768
app_id: 0, app_name: SAR_api-aarch64, task_id: 2041, task_name: DASH_ZIP, resource_name: zip1, ref_start_time: 2117237868952878, ref_stop_time: 2117237869071078, actual_exe_time: 118200, task_app_start_time:2117231035825139, task_sched_time:2117237868948378
app_id: 0, app_name: SAR_api-aarch64, task_id: 2042, task_name: DASH_FFT, resource_name: cpu1, ref_start_time: 2117237869640508, ref_stop_time: 2117237869689348, actual_exe_time: 48840, task_app_start_time:2117231035825139, task_sched_time:2117237869632798
app_id: 0, app_name: SAR_api-aarch64, task_id: 2043, task_name: DASH_ZIP, resource_name: cpu2, ref_start_time: 2117237870933119, ref_stop_time: 2117237871008839, actual_exe_time: 75720, task_app_start_time:2117231035825139, task_sched_time:2117237870753779
app_id: 0, app_name: SAR_api-aarch64, task_id: 2044, task_name: DASH_FFT, resource_name: cpu3, ref_start_time: 2117237871597619, ref_stop_time: 2117237871649459, actual_exe_time: 51840, task_app_start_time:2117231035825139, task_sched_time:2117237871588919
app_id: 0, app_name: SAR_api-aarch64, task_id: 2045, task_name: DASH_ZIP, resource_name: zip1, ref_start_time: 2117237872881349, ref_stop_time: 2117237873002939, actual_exe_time: 121590, task_app_start_time:2117231035825139, task_sched_time:2117237872871359
app_id: 0, app_name: SAR_api-aarch64, task_id: 2046, task_name: DASH_FFT, resource_name: cpu1, ref_start_time: 2117237873873569, ref_stop_time: 2117237873922469, actual_exe_time: 48900, task_app_start_time:2117231035825139, task_sched_time:2117237873863249
app_id: 0, app_name: SAR_api-aarch64, task_id: 2047, task_name: DASH_ZIP, resource_name: cpu2, ref_start_time: 2117237874660739, ref_stop_time: 2117237874738769, actual_exe_time: 78030, task_app_start_time:2117231035825139, task_sched_time:2117237874650959
app_id: 0, app_name: SAR_api-aarch64, task_id: 2048, task_name: DASH_FFT, resource_name: cpu3, ref_start_time: 2117237875193389, ref_stop_time: 2117237875247569, actual_exe_time: 54180, task_app_start_time:2117231035825139, task_sched_time:2117237875185979
app_id: 0, app_name: SAR_api-aarch64, task_id: 2049, task_name: DASH_ZIP, resource_name: zip1, ref_start_time: 2117237876437220, ref_stop_time: 2117237876557340, actual_exe_time: 120120, task_app_start_time:2117231035825139, task_sched_time:2117237876434220
app_id: 0, app_name: SAR_api-aarch64, task_id: 2050, task_name: DASH_FFT, resource_name: cpu1, ref_start_time: 2117237878932140, ref_stop_time: 2117237878987550, actual_exe_time: 55410, task_app_start_time:2117231035825139, task_sched_time:2117237877285710
app_id: 0, app_name: SAR_api-aarch64, task_id: 2051, task_name: DASH_ZIP, resource_name: cpu2, ref_start_time: 2117237880066320, ref_stop_time: 2117237880142070, actual_exe_time: 75750, task_app_start_time:2117231035825139, task_sched_time:2117237880063260
app_id: 0, app_name: SAR_api-aarch64, task_id: 2052, task_name: DASH_FFT, resource_name: cpu3, ref_start_time: 2117237887131621, ref_stop_time: 2117237887200561, actual_exe_time: 68940, task_app_start_time:2117231035825139, task_sched_time:2117237887125681
app_id: 0, app_name: SAR_api-aarch64, task_id: 2053, task_name: DASH_ZIP, resource_name: zip1, ref_start_time: 2117237888684482, ref_stop_time: 2117237888804272, actual_exe_time: 119790, task_app_start_time:2117231035825139, task_sched_time:2117237888674702
app_id: 0, app_name: SAR_api-aarch64, task_id: 2054, task_name: DASH_FFT, resource_name: cpu1, ref_start_time: 2117237889427162, ref_stop_time: 2117237889476572, actual_exe_time: 49410, task_app_start_time:2117231035825139, task_sched_time:2117237889416662
app_id: 0, app_name: SAR_api-aarch64, task_id: 2055, task_name: DASH_ZIP, resource_name: cpu2, ref_start_time: 2117237893179172, ref_stop_time: 2117237893256512, actual_exe_time: 77340, task_app_start_time:2117231035825139, task_sched_time:2117237892909142
app_id: 0, app_name: SAR_api-aarch64, task_id: 2056, task_name: DASH_FFT, resource_name: cpu3, ref_start_time: 2117237894085082, ref_stop_time: 2117237894142322, actual_exe_time: 57240, task_app_start_time:2117231035825139, task_sched_time:2117237894075452
app_id: 0, app_name: SAR_api-aarch64, task_id: 2057, task_name: DASH_ZIP, resource_name: zip1, ref_start_time: 2117237899566833, ref_stop_time: 2117237899692233, actual_exe_time: 125400, task_app_start_time:2117231035825139, task_sched_time:2117237899558343
app_id: 0, app_name: SAR_api-aarch64, task_id: 2058, task_name: DASH_FFT, resource_name: cpu1, ref_start_time: 2117237902930014, ref_stop_time: 2117237902984974, actual_exe_time: 54960, task_app_start_time:2117231035825139, task_sched_time:2117237902922094
app_id: 0, app_name: SAR_api-aarch64, task_id: 2059, task_name: DASH_ZIP, resource_name: cpu2, ref_start_time: 2117237907339235, ref_stop_time: 2117237907417985, actual_exe_time: 78750, task_app_start_time:2117231035825139, task_sched_time:2117237907323245
app_id: 0, app_name: SAR_api-aarch64, task_id: 2060, task_name: DASH_FFT, resource_name: cpu3, ref_start_time: 2117237907915535, ref_stop_time: 2117237907971215, actual_exe_time: 55680, task_app_start_time:2117231035825139, task_sched_time:2117237907908665
app_id: 0, app_name: SAR_api-aarch64, task_id: 2061, task_name: DASH_ZIP, resource_name: zip1, ref_start_time: 2117237915363816, ref_stop_time: 2117237915489246, actual_exe_time: 125430, task_app_start_time:2117231035825139, task_sched_time:2117237915354066
app_id: 0, app_name: SAR_api-aarch64, task_id: 2062, task_name: DASH_FFT, resource_name: cpu1, ref_start_time: 2117237915725796, ref_stop_time: 2117237915778026, actual_exe_time: 52230, task_app_start_time:2117231035825139, task_sched_time:2117237915719466
app_id: 0, app_name: SAR_api-aarch64, task_id: 2063, task_name: DASH_ZIP, resource_name: cpu2, ref_start_time: 2117237923230147, ref_stop_time: 2117237923311357, actual_exe_time: 81210, task_app_start_time:2117231035825139, task_sched_time:2117237923069617
app_id: 0, app_name: SAR_api-aarch64, task_id: 2064, task_name: DASH_FFT, resource_name: cpu3, ref_start_time: 2117237924014347, ref_stop_time: 2117237924080527, actual_exe_time: 66180, task_app_start_time:2117231035825139, task_sched_time:2117237923826097
app_id: 0, app_name: SAR_api-aarch64, task_id: 2065, task_name: DASH_ZIP, resource_name: zip1, ref_start_time: 2117237927143258, ref_stop_time: 2117237927266738, actual_exe_time: 123480, task_app_start_time:2117231035825139, task_sched_time:2117237927132578
app_id: 0, app_name: SAR_api-aarch64, task_id: 2066, task_name: DASH_FFT, resource_name: cpu1, ref_start_time: 2117237931551458, ref_stop_time: 2117237931605698, actual_exe_time: 54240, task_app_start_time:2117231035825139, task_sched_time:2117237931540628
app_id: 0, app_name: SAR_api-aarch64, task_id: 2067, task_name: DASH_ZIP, resource_name: cpu2, ref_start_time: 2117237938224360, ref_stop_time: 2117237938304700, actual_exe_time: 80340, task_app_start_time:2117231035825139, task_sched_time:2117237938069529
app_id: 0, app_name: SAR_api-aarch64, task_id: 2068, task_name: DASH_FFT, resource_name: cpu3, ref_start_time: 2117237943227790, ref_stop_time: 2117237943300690, actual_exe_time: 72900, task_app_start_time:2117231035825139, task_sched_time:2117237943217890
app_id: 0, app_name: SAR_api-aarch64, task_id: 2069, task_name: DASH_ZIP, resource_name: zip1, ref_start_time: 2117237943642960, ref_stop_time: 2117237943763080, actual_exe_time: 120120, task_app_start_time:2117231035825139, task_sched_time:2117237943639510
app_id: 0, app_name: SAR_api-aarch64, task_id: 2070, task_name: DASH_FFT, resource_name: cpu1, ref_start_time: 2117237951078372, ref_stop_time: 2117237951135552, actual_exe_time: 57180, task_app_start_time:2117231035825139, task_sched_time:2117237951071052
app_id: 0, app_name: SAR_api-aarch64, task_id: 2071, task_name: DASH_ZIP, resource_name: cpu2, ref_start_time: 2117237953290992, ref_stop_time: 2117237953371032, actual_exe_time: 80040, task_app_start_time:2117231035825139, task_sched_time:2117237953191872
app_id: 0, app_name: SAR_api-aarch64, task_id: 2072, task_name: DASH_FFT, resource_name: cpu3, ref_start_time: 2117237959064193, ref_stop_time: 2117237959138293, actual_exe_time: 74100, task_app_start_time:2117231035825139, task_sched_time:2117237959054623
app_id: 0, app_name: SAR_api-aarch64, task_id: 2073, task_name: DASH_ZIP, resource_name: zip1, ref_start_time: 2117237965979674, ref_stop_time: 2117237966102524, actual_exe_time: 122850, task_app_start_time:2117231035825139, task_sched_time:2117237965973164
app_id: 0, app_name: SAR_api-aarch64, task_id: 2074, task_name: DASH_FFT, resource_name: cpu1, ref_start_time: 2117237967540034, ref_stop_time: 2117237967594934, actual_exe_time: 54900, task_app_start_time:2117231035825139, task_sched_time:2117237967526774
app_id: 0, app_name: SAR_api-aarch64, task_id: 2075, task_name: DASH_ZIP, resource_name: cpu2, ref_start_time: 2117237971063115, ref_stop_time: 2117237971144055, actual_exe_time: 80940, task_app_start_time:2117231035825139, task_sched_time:2117237971055495
app_id: 0, app_name: SAR_api-aarch64, task_id: 2076, task_name: DASH_FFT, resource_name: cpu3, ref_start_time: 2117237974992725, ref_stop_time: 2117237975065175, actual_exe_time: 72450, task_app_start_time:2117231035825139, task_sched_time:2117237974986635
app_id: 0, app_name: SAR_api-aarch64, task_id: 2077, task_name: DASH_ZIP, resource_name: zip1, ref_start_time: 2117237987066947, ref_stop_time: 2117237987195287, actual_exe_time: 128340, task_app_start_time:2117231035825139, task_sched_time:2117237987057137
app_id: 0, app_name: SAR_api-aarch64, task_id: 2078, task_name: DASH_FFT, resource_name: cpu1, ref_start_time: 2117237991296198, ref_stop_time: 2117237991351908, actual_exe_time: 55710, task_app_start_time:2117231035825139, task_sched_time:2117237991288248
app_id: 0, app_name: SAR_api-aarch64, task_id: 2079, task_name: DASH_ZIP, resource_name: cpu2, ref_start_time: 2117237994962949, ref_stop_time: 2117237995040769, actual_exe_time: 77820, task_app_start_time:2117231035825139, task_sched_time:2117237994956469
app_id: 0, app_name: SAR_api-aarch64, task_id: 2080, task_name: DASH_FFT, resource_name: cpu3, ref_start_time: 2117238002923270, ref_stop_time: 2117238003001180, actual_exe_time: 77910, task_app_start_time:2117231035825139, task_sched_time:2117237998720509
app_id: 0, app_name: SAR_api-aarch64, task_id: 2081, task_name: DASH_ZIP, resource_name: zip1, ref_start_time: 2117238003405880, ref_stop_time: 2117238003526480, actual_exe_time: 120600, task_app_start_time:2117231035825139, task_sched_time:2117238003401620
app_id: 0, app_name: SAR_api-aarch64, task_id: 2082, task_name: DASH_FFT, resource_name: cpu1, ref_start_time: 2117238004631920, ref_stop_time: 2117238004680850, actual_exe_time: 48930, task_app_start_time:2117231035825139, task_sched_time:2117238004623040
app_id: 0, app_name: SAR_api-aarch64, task_id: 2083, task_name: DASH_ZIP, resource_name: cpu2, ref_start_time: 2117238005435500, ref_stop_time: 2117238005510980, actual_exe_time: 75480, task_app_start_time:2117231035825139, task_sched_time:2117238005297230
app_id: 0, app_name: SAR_api-aarch64, task_id: 2084, task_name: DASH_FFT, resource_name: cpu3, ref_start_time: 2117238006919601, ref_stop_time: 2117238006985721, actual_exe_time: 66120, task_app_start_time:2117231035825139, task_sched_time:2117238005939830
app_id: 0, app_name: SAR_api-aarch64, task_id: 2085, task_name: DASH_ZIP, resource_name: zip1, ref_start_time: 2117238009319391, ref_stop_time: 2117238009440201, actual_exe_time: 120810, task_app_start_time:2117231035825139, task_sched_time:2117238009313361
app_id: 0, app_name: SAR_api-aarch64, task_id: 2086, task_name: DASH_FFT, resource_name: cpu1, ref_start_time: 2117238015382512, ref_stop_time: 2117238015443952, actual_exe_time: 61440, task_app_start_time:2117231035825139, task_sched_time:2117238015372132
app_id: 0, app_name: SAR_api-aarch64, task_id: 2087, task_name: DASH_ZIP, resource_name: cpu2, ref_start_time: 2117238019078723, ref_stop_time: 2117238019157953, actual_exe_time: 79230, task_app_start_time:2117231035825139, task_sched_time:2117238018942883
app_id: 0, app_name: SAR_api-aarch64, task_id: 2088, task_name: DASH_FFT, resource_name: cpu3, ref_start_time: 2117238022935583, ref_stop_time: 2117238023003353, actual_exe_time: 67770, task_app_start_time:2117231035825139, task_sched_time:2117238022927033
app_id: 0, app_name: SAR_api-aarch64, task_id: 2089, task_name: DASH_ZIP, resource_name: zip1, ref_start_time: 2117238023821153, ref_stop_time: 2117238023944813, actual_exe_time: 123660, task_app_start_time:2117231035825139, task_sched_time:2117238023811883
app_id: 0, app_name: SAR_api-aarch64, task_id: 2090, task_name: DASH_FFT, resource_name: cpu1, ref_start_time: 2117238031098104, ref_stop_time: 2117238031155434, actual_exe_time: 57330, task_app_start_time:2117231035825139, task_sched_time:2117238031087934
app_id: 0, app_name: SAR_api-aarch64, task_id: 2091, task_name: DASH_ZIP, resource_name: cpu2, ref_start_time: 2117238034956645, ref_stop_time: 2117238035034705, actual_exe_time: 78060, task_app_start_time:2117231035825139, task_sched_time:2117238034949385
app_id: 0, app_name: SAR_api-aarch64, task_id: 2092, task_name: DASH_FFT, resource_name: cpu3, ref_start_time: 2117238035532375, ref_stop_time: 2117238035599725, actual_exe_time: 67350, task_app_start_time:2117231035825139, task_sched_time:2117238035529105
app_id: 0, app_name: SAR_api-aarch64, task_id: 2093, task_name: DASH_ZIP, resource_name: zip1, ref_start_time: 2117238038783806, ref_stop_time: 2117238038914096, actual_exe_time: 130290, task_app_start_time:2117231035825139, task_sched_time:2117238038775166
app_id: 0, app_name: SAR_api-aarch64, task_id: 2094, task_name: DASH_FFT, resource_name: cpu1, ref_start_time: 2117238039171256, ref_stop_time: 2117238039223246, actual_exe_time: 51990, task_app_start_time:2117231035825139, task_sched_time:2117238039163276
app_id: 0, app_name: SAR_api-aarch64, task_id: 2095, task_name: DASH_ZIP, resource_name: cpu2, ref_start_time: 2117238047141567, ref_stop_time: 2117238047222777, actual_exe_time: 81210, task_app_start_time:2117231035825139, task_sched_time:2117238047004617
app_id: 0, app_name: SAR_api-aarch64, task_id: 2096, task_name: DASH_FFT, resource_name: cpu3, ref_start_time: 2117238051362688, ref_stop_time: 2117238051437508, actual_exe_time: 74820, task_app_start_time:2117231035825139, task_sched_time:2117238051356838
app_id: 0, app_name: SAR_api-aarch64, task_id: 2097, task_name: DASH_ZIP, resource_name: zip1, ref_start_time: 2117238053763798, ref_stop_time: 2117238053894028, actual_exe_time: 130230, task_app_start_time:2117231035825139, task_sched_time:2117238053618178
app_id: 0, app_name: SAR_api-aarch64, task_id: 2098, task_name: DASH_FFT, resource_name: cpu1, ref_start_time: 2117238059827339, ref_stop_time: 2117238059881699, actual_exe_time: 54360, task_app_start_time:2117231035825139, task_sched_time:2117238059817559
app_id: 0, app_name: SAR_api-aarch64, task_id: 2099, task_name: DASH_ZIP, resource_name: cpu2, ref_start_time: 2117238062946740, ref_stop_time: 2117238063025160, actual_exe_time: 78420, task_app_start_time:2117231035825139, task_sched_time:2117238062940650
app_id: 0, app_name: SAR_api-aarch64, task_id: 2100, task_name: DASH_FFT, resource_name: cpu3, ref_start_time: 2117238066584000, ref_stop_time: 2117238066668720, actual_exe_time: 84720, task_app_start_time:2117231035825139, task_sched_time:2117238066574100
app_id: 0, app_name: SAR_api-aarch64, task_id: 2101, task_name: DASH_ZIP, resource_name: zip1, ref_start_time: 2117238068055050, ref_stop_time: 2117238068180240, actual_exe_time: 125190, task_app_start_time:2117231035825139, task_sched_time:2117238067924220
app_id: 0, app_name: SAR_api-aarch64, task_id: 2102, task_name: DASH_FFT, resource_name: cpu1, ref_start_time: 2117238071100471, ref_stop_time: 2117238071157051, actual_exe_time: 56580, task_app_start_time:2117231035825139, task_sched_time:2117238071086371
app_id: 0, app_name: SAR_api-aarch64, task_id: 2103, task_name: DASH_ZIP, resource_name: cpu2, ref_start_time: 2117238079128322, ref_stop_time: 2117238079208032, actual_exe_time: 79710, task_app_start_time:2117231035825139, task_sched_time:2117238078986152
app_id: 0, app_name: SAR_api-aarch64, task_id: 2104, task_name: DASH_FFT, resource_name: cpu3, ref_start_time: 2117238081459683, ref_stop_time: 2117238081526523, actual_exe_time: 66840, task_app_start_time:2117231035825139, task_sched_time:2117238081456173
app_id: 0, app_name: SAR_api-aarch64, task_id: 2105, task_name: DASH_ZIP, resource_name: zip1, ref_start_time: 2117238087410454, ref_stop_time: 2117238087539094, actual_exe_time: 128640, task_app_start_time:2117231035825139, task_sched_time:2117238087402384
app_id: 0, app_name: SAR_api-aarch64, task_id: 2106, task_name: DASH_FFT, resource_name: cpu1, ref_start_time: 2117238091034754, ref_stop_time: 2117238091089984, actual_exe_time: 55230, task_app_start_time:2117231035825139, task_sched_time:2117238091021794
app_id: 0, app_name: SAR_api-aarch64, task_id: 2107, task_name: DASH_ZIP, resource_name: cpu2, ref_start_time: 2117238095973415, ref_stop_time: 2117238096052705, actual_exe_time: 79290, task_app_start_time:2117231035825139, task_sched_time:2117238095929465
app_id: 0, app_name: SAR_api-aarch64, task_id: 2108, task_name: DASH_FFT, resource_name: cpu3, ref_start_time: 2117238096453385, ref_stop_time: 2117238096519265, actual_exe_time: 65880, task_app_start_time:2117231035825139, task_sched_time:2117238096444505
app_id: 0, app_name: SAR_api-aarch64, task_id: 2109, task_name: DASH_ZIP, resource_name: zip1, ref_start_time: 2117238103168736, ref_stop_time: 2117238103295126, actual_exe_time: 126390, task_app_start_time:2117231035825139, task_sched_time:2117238103161986
app_id: 0, app_name: SAR_api-aarch64, task_id: 2110, task_name: DASH_FFT, resource_name: cpu1, ref_start_time: 2117238107009247, ref_stop_time: 2117238107064567, actual_exe_time: 55320, task_app_start_time:2117231035825139, task_sched_time:2117238107002467
app_id: 0, app_name: SAR_api-aarch64, task_id: 2111, task_name: DASH_ZIP, resource_name: cpu2, ref_start_time: 2117238110539197, ref_stop_time: 2117238110616327, actual_exe_time: 77130, task_app_start_time:2117231035825139, task_sched_time:2117238110533857
app_id: 0, app_name: SAR_api-aarch64, task_id: 2112, task_name: DASH_FFT, resource_name: cpu3, ref_start_time: 2117238115049998, ref_stop_time: 2117238115121848, actual_exe_time: 71850, task_app_start_time:2117231035825139, task_sched_time:2117238115044718
app_id: 0, app_name: SAR_api-aarch64, task_id: 2113, task_name: DASH_ZIP, resource_name: zip1, ref_start_time: 2117238123119789, ref_stop_time: 2117238123243179, actual_exe_time: 123390, task_app_start_time:2117231035825139, task_sched_time:2117238123112049
app_id: 0, app_name: SAR_api-aarch64, task_id: 2114, task_name: DASH_FFT, resource_name: cpu1, ref_start_time: 2117238124662360, ref_stop_time: 2117238124717230, actual_exe_time: 54870, task_app_start_time:2117231035825139, task_sched_time:2117238124656960
app_id: 0, app_name: SAR_api-aarch64, task_id: 2115, task_name: DASH_ZIP, resource_name: cpu2, ref_start_time: 2117238127351470, ref_stop_time: 2117238127432950, actual_exe_time: 81480, task_app_start_time:2117231035825139, task_sched_time:2117238127346040
app_id: 0, app_name: SAR_api-aarch64, task_id: 2116, task_name: DASH_FFT, resource_name: cpu3, ref_start_time: 2117238130993891, ref_stop_time: 2117238131066281, actual_exe_time: 72390, task_app_start_time:2117231035825139, task_sched_time:2117238130987681
app_id: 0, app_name: SAR_api-aarch64, task_id: 2117, task_name: DASH_ZIP, resource_name: zip1, ref_start_time: 2117238137935892, ref_stop_time: 2117238138057092, actual_exe_time: 121200, task_app_start_time:2117231035825139, task_sched_time:2117238137931482
app_id: 0, app_name: SAR_api-aarch64, task_id: 2118, task_name: DASH_FFT, resource_name: cpu1, ref_start_time: 2117238138942362, ref_stop_time: 2117238138995282, actual_exe_time: 52920, task_app_start_time:2117231035825139, task_sched_time:2117238138935522
app_id: 0, app_name: SAR_api-aarch64, task_id: 2119, task_name: DASH_ZIP, resource_name: cpu2, ref_start_time: 2117238143049842, ref_stop_time: 2117238143131113, actual_exe_time: 81271, task_app_start_time:2117231035825139, task_sched_time:2117238143043452
app_id: 0, app_name: SAR_api-aarch64, task_id: 2120, task_name: DASH_FFT, resource_name: cpu3, ref_start_time: 2117238147361383, ref_stop_time: 2117238147431673, actual_exe_time: 70290, task_app_start_time:2117231035825139, task_sched_time:2117238147351543
app_id: 0, app_name: SAR_api-aarch64, task_id: 2121, task_name: DASH_ZIP, resource_name: zip1, ref_start_time: 2117238152756854, ref_stop_time: 2117238152884144, actual_exe_time: 127290, task_app_start_time:2117231035825139, task_sched_time:2117238152748694
app_id: 0, app_name: SAR_api-aarch64, task_id: 2122, task_name: DASH_FFT, resource_name: cpu1, ref_start_time: 2117238159543185, ref_stop_time: 2117238159603905, actual_exe_time: 60720, task_app_start_time:2117231035825139, task_sched_time:2117238159534605
app_id: 0, app_name: SAR_api-aarch64, task_id: 2123, task_name: DASH_ZIP, resource_name: cpu2, ref_start_time: 2117238160001375, ref_stop_time: 2117238160489655, actual_exe_time: 488280, task_app_start_time:2117231035825139, task_sched_time:2117238159932885
app_id: 0, app_name: SAR_api-aarch64, task_id: 2124, task_name: DASH_FFT, resource_name: cpu3, ref_start_time: 2117238166320066, ref_stop_time: 2117238166389216, actual_exe_time: 69150, task_app_start_time:2117231035825139, task_sched_time:2117238166314096
app_id: 0, app_name: SAR_api-aarch64, task_id: 2125, task_name: DASH_ZIP, resource_name: zip1, ref_start_time: 2117238167556006, ref_stop_time: 2117238167677506, actual_exe_time: 121500, task_app_start_time:2117231035825139, task_sched_time:2117238167550606
app_id: 0, app_name: SAR_api-aarch64, task_id: 2126, task_name: DASH_FFT, resource_name: cpu1, ref_start_time: 2117238167923116, ref_stop_time: 2117238167974416, actual_exe_time: 51300, task_app_start_time:2117231035825139, task_sched_time:2117238167911386
app_id: 0, app_name: SAR_api-aarch64, task_id: 2127, task_name: DASH_ZIP, resource_name: cpu2, ref_start_time: 2117238175057568, ref_stop_time: 2117238175138208, actual_exe_time: 80640, task_app_start_time:2117231035825139, task_sched_time:2117238175048808
app_id: 0, app_name: SAR_api-aarch64, task_id: 2128, task_name: DASH_FFT, resource_name: cpu3, ref_start_time: 2117238178937858, ref_stop_time: 2117238179239838, actual_exe_time: 301980, task_app_start_time:2117231035825139, task_sched_time:2117238178933298
app_id: 0, app_name: SAR_api-aarch64, task_id: 2129, task_name: DASH_ZIP, resource_name: zip1, ref_start_time: 2117238182276559, ref_stop_time: 2117238182400099, actual_exe_time: 123540, task_app_start_time:2117231035825139, task_sched_time:2117238182269899
app_id: 0, app_name: SAR_api-aarch64, task_id: 2130, task_name: DASH_FFT, resource_name: cpu1, ref_start_time: 2117238187093270, ref_stop_time: 2117238187152070, actual_exe_time: 58800, task_app_start_time:2117231035825139, task_sched_time:2117238187085170
app_id: 0, app_name: SAR_api-aarch64, task_id: 2131, task_name: DASH_ZIP, resource_name: cpu2, ref_start_time: 2117238190938850, ref_stop_time: 2117238191255050, actual_exe_time: 316200, task_app_start_time:2117231035825139, task_sched_time:2117238190923640
app_id: 0, app_name: SAR_api-aarch64, task_id: 2132, task_name: DASH_FFT, resource_name: cpu3, ref_start_time: 2117238195293171, ref_stop_time: 2117238195367121, actual_exe_time: 73950, task_app_start_time:2117231035825139, task_sched_time:2117238195285701
app_id: 0, app_name: SAR_api-aarch64, task_id: 2133, task_name: DASH_ZIP, resource_name: zip1, ref_start_time: 2117238197557871, ref_stop_time: 2117238197686601, actual_exe_time: 128730, task_app_start_time:2117231035825139, task_sched_time:2117238197475221
app_id: 0, app_name: SAR_api-aarch64, task_id: 2134, task_name: DASH_FFT, resource_name: cpu1, ref_start_time: 2117238203263602, ref_stop_time: 2117238203319702, actual_exe_time: 56100, task_app_start_time:2117231035825139, task_sched_time:2117238203258592
app_id: 0, app_name: SAR_api-aarch64, task_id: 2135, task_name: DASH_ZIP, resource_name: cpu2, ref_start_time: 2117238210048493, ref_stop_time: 2117238210128413, actual_exe_time: 79920, task_app_start_time:2117231035825139, task_sched_time:2117238209974693
app_id: 0, app_name: SAR_api-aarch64, task_id: 2136, task_name: DASH_FFT, resource_name: cpu3, ref_start_time: 2117238210835663, ref_stop_time: 2117238210917713, actual_exe_time: 82050, task_app_start_time:2117231035825139, task_sched_time:2117238210828283
app_id: 0, app_name: SAR_api-aarch64, task_id: 2137, task_name: DASH_ZIP, resource_name: zip1, ref_start_time: 2117238219414975, ref_stop_time: 2117238219539745, actual_exe_time: 124770, task_app_start_time:2117231035825139, task_sched_time:2117238219405975
app_id: 0, app_name: SAR_api-aarch64, task_id: 2138, task_name: DASH_FFT, resource_name: cpu1, ref_start_time: 2117238224283106, ref_stop_time: 2117238224339866, actual_exe_time: 56760, task_app_start_time:2117231035825139, task_sched_time:2117238224270176
app_id: 0, app_name: SAR_api-aarch64, task_id: 2139, task_name: DASH_ZIP, resource_name: cpu2, ref_start_time: 2117238225385936, ref_stop_time: 2117238225462436, actual_exe_time: 76500, task_app_start_time:2117231035825139, task_sched_time:2117238225381406
app_id: 0, app_name: SAR_api-aarch64, task_id: 2140, task_name: DASH_FFT, resource_name: cpu3, ref_start_time: 2117238231019487, ref_stop_time: 2117238231095177, actual_exe_time: 75690, task_app_start_time:2117231035825139, task_sched_time:2117238231011537
app_id: 0, app_name: SAR_api-aarch64, task_id: 2141, task_name: DASH_ZIP, resource_name: zip1, ref_start_time: 2117238235588217, ref_stop_time: 2117238235711067, actual_exe_time: 122850, task_app_start_time:2117231035825139, task_sched_time:2117238235579307
app_id: 0, app_name: SAR_api-aarch64, task_id: 2142, task_name: DASH_FFT, resource_name: cpu1, ref_start_time: 2117238239015238, ref_stop_time: 2117238239068608, actual_exe_time: 53370, task_app_start_time:2117231035825139, task_sched_time:2117238239001588
app_id: 0, app_name: SAR_api-aarch64, task_id: 2143, task_name: DASH_ZIP, resource_name: cpu2, ref_start_time: 2117238239965308, ref_stop_time: 2117238240048408, actual_exe_time: 83100, task_app_start_time:2117231035825139, task_sched_time:2117238239961978
app_id: 0, app_name: SAR_api-aarch64, task_id: 2144, task_name: DASH_FFT, resource_name: cpu3, ref_start_time: 2117238247374139, ref_stop_time: 2117238247449259, actual_exe_time: 75120, task_app_start_time:2117231035825139, task_sched_time:2117238247368259
app_id: 0, app_name: SAR_api-aarch64, task_id: 2145, task_name: DASH_ZIP, resource_name: zip1, ref_start_time: 2117238251067530, ref_stop_time: 2117238251189720, actual_exe_time: 122190, task_app_start_time:2117231035825139, task_sched_time:2117238251064050
app_id: 0, app_name: SAR_api-aarch64, task_id: 2146, task_name: DASH_FFT, resource_name: cpu1, ref_start_time: 2117238254357630, ref_stop_time: 2117238254412590, actual_exe_time: 54960, task_app_start_time:2117231035825139, task_sched_time:2117238254347370
app_id: 0, app_name: SAR_api-aarch64, task_id: 2147, task_name: DASH_ZIP, resource_name: cpu2, ref_start_time: 2117238259080951, ref_stop_time: 2117238259163031, actual_exe_time: 82080, task_app_start_time:2117231035825139, task_sched_time:2117238259072161
app_id: 0, app_name: SAR_api-aarch64, task_id: 2148, task_name: DASH_FFT, resource_name: cpu3, ref_start_time: 2117238262979512, ref_stop_time: 2117238263046532, actual_exe_time: 67020, task_app_start_time:2117231035825139, task_sched_time:2117238262956832
app_id: 0, app_name: SAR_api-aarch64, task_id: 2149, task_name: DASH_ZIP, resource_name: zip1, ref_start_time: 2117238263391022, ref_stop_time: 2117238263511652, actual_exe_time: 120630, task_app_start_time:2117231035825139, task_sched_time:2117238263383462
app_id: 0, app_name: SAR_api-aarch64, task_id: 2150, task_name: DASH_FFT, resource_name: cpu1, ref_start_time: 2117238268511903, ref_stop_time: 2117238268568393, actual_exe_time: 56490, task_app_start_time:2117231035825139, task_sched_time:2117238268505603
app_id: 0, app_name: SAR_api-aarch64, task_id: 2151, task_name: DASH_ZIP, resource_name: cpu2, ref_start_time: 2117238271322273, ref_stop_time: 2117238271403693, actual_exe_time: 81420, task_app_start_time:2117231035825139, task_sched_time:2117238271252883
app_id: 0, app_name: SAR_api-aarch64, task_id: 2152, task_name: DASH_FFT, resource_name: cpu3, ref_start_time: 2117238275586204, ref_stop_time: 2117238275652714, actual_exe_time: 66510, task_app_start_time:2117231035825139, task_sched_time:2117238275576274
app_id: 0, app_name: SAR_api-aarch64, task_id: 2153, task_name: DASH_ZIP, resource_name: zip1, ref_start_time: 2117238281988325, ref_stop_time: 2117238282112345, actual_exe_time: 124020, task_app_start_time:2117231035825139, task_sched_time:2117238281981365
app_id: 0, app_name: SAR_api-aarch64, task_id: 2154, task_name: DASH_FFT, resource_name: cpu1, ref_start_time: 2117238282835315, ref_stop_time: 2117238282905275, actual_exe_time: 69960, task_app_start_time:2117231035825139, task_sched_time:2117238282826765
app_id: 0, app_name: SAR_api-aarch64, task_id: 2155, task_name: DASH_ZIP, resource_name: cpu2, ref_start_time: 2117238287066126, ref_stop_time: 2117238287145596, actual_exe_time: 79470, task_app_start_time:2117231035825139, task_sched_time:2117238286985666
app_id: 0, app_name: SAR_api-aarch64, task_id: 2156, task_name: DASH_FFT, resource_name: cpu3, ref_start_time: 2117238291192206, ref_stop_time: 2117238291259346, actual_exe_time: 67140, task_app_start_time:2117231035825139, task_sched_time:2117238291185216
app_id: 0, app_name: SAR_api-aarch64, task_id: 2157, task_name: DASH_ZIP, resource_name: zip1, ref_start_time: 2117238297093537, ref_stop_time: 2117238297215007, actual_exe_time: 121470, task_app_start_time:2117231035825139, task_sched_time:2117238297085137
app_id: 0, app_name: SAR_api-aarch64, task_id: 2158, task_name: DASH_FFT, resource_name: cpu1, ref_start_time: 2117238297970857, ref_stop_time: 2117238298024737, actual_exe_time: 53880, task_app_start_time:2117231035825139, task_sched_time:2117238297966927
app_id: 0, app_name: SAR_api-aarch64, task_id: 2159, task_name: DASH_ZIP, resource_name: cpu2, ref_start_time: 2117238303341788, ref_stop_time: 2117238303423208, actual_exe_time: 81420, task_app_start_time:2117231035825139, task_sched_time:2117238303258808
app_id: 0, app_name: SAR_api-aarch64, task_id: 2160, task_name: DASH_FFT, resource_name: cpu3, ref_start_time: 2117238306959969, ref_stop_time: 2117238307030679, actual_exe_time: 70710, task_app_start_time:2117231035825139, task_sched_time:2117238306951509
app_id: 0, app_name: SAR_api-aarch64, task_id: 2161, task_name: DASH_ZIP, resource_name: zip1, ref_start_time: 2117238311987310, ref_stop_time: 2117238312116010, actual_exe_time: 128700, task_app_start_time:2117231035825139, task_sched_time:2117238311978400
app_id: 0, app_name: SAR_api-aarch64, task_id: 2162, task_name: DASH_FFT, resource_name: cpu1, ref_start_time: 2117238315244950, ref_stop_time: 2117238315300240, actual_exe_time: 55290, task_app_start_time:2117231035825139, task_sched_time:2117238315238260
app_id: 0, app_name: SAR_api-aarch64, task_id: 2163, task_name: DASH_ZIP, resource_name: cpu2, ref_start_time: 2117238323373122, ref_stop_time: 2117238323453822, actual_exe_time: 80700, task_app_start_time:2117231035825139, task_sched_time:2117238323283211
app_id: 0, app_name: SAR_api-aarch64, task_id: 2164, task_name: DASH_FFT, resource_name: cpu3, ref_start_time: 2117238326056562, ref_stop_time: 2117238326125772, actual_exe_time: 69210, task_app_start_time:2117231035825139, task_sched_time:2117238326049932
app_id: 0, app_name: SAR_api-aarch64, task_id: 2165, task_name: DASH_ZIP, resource_name: zip1, ref_start_time: 2117238331456803, ref_stop_time: 2117238331582533, actual_exe_time: 125730, task_app_start_time:2117231035825139, task_sched_time:2117238331447533
app_id: 0, app_name: SAR_api-aarch64, task_id: 2166, task_name: DASH_FFT, resource_name: cpu1, ref_start_time: 2117238339050344, ref_stop_time: 2117238339108214, actual_exe_time: 57870, task_app_start_time:2117231035825139, task_sched_time:2117238339041704
app_id: 0, app_name: SAR_api-aarch64, task_id: 2167, task_name: DASH_ZIP, resource_name: cpu2, ref_start_time: 2117238340172734, ref_stop_time: 2117238340255684, actual_exe_time: 82950, task_app_start_time:2117231035825139, task_sched_time:2117238340167904
app_id: 0, app_name: SAR_api-aarch64, task_id: 2168, task_name: DASH_FFT, resource_name: cpu3, ref_start_time: 2117238343182545, ref_stop_time: 2117238343251845, actual_exe_time: 69300, task_app_start_time:2117231035825139, task_sched_time:2117238343176905
app_id: 0, app_name: SAR_api-aarch64, task_id: 2169, task_name: DASH_ZIP, resource_name: zip1, ref_start_time: 2117238351242226, ref_stop_time: 2117238351367776, actual_exe_time: 125550, task_app_start_time:2117231035825139, task_sched_time:2117238351235266
app_id: 0, app_name: SAR_api-aarch64, task_id: 2170, task_name: DASH_FFT, resource_name: cpu1, ref_start_time: 2117238354217776, ref_stop_time: 2117238354272496, actual_exe_time: 54720, task_app_start_time:2117231035825139, task_sched_time:2117238354210096
app_id: 0, app_name: SAR_api-aarch64, task_id: 2171, task_name: DASH_ZIP, resource_name: cpu2, ref_start_time: 2117238357889657, ref_stop_time: 2117238357968917, actual_exe_time: 79260, task_app_start_time:2117231035825139, task_sched_time:2117238357880717
app_id: 0, app_name: SAR_api-aarch64, task_id: 2172, task_name: DASH_FFT, resource_name: cpu3, ref_start_time: 2117238358533967, ref_stop_time: 2117238358597417, actual_exe_time: 63450, task_app_start_time:2117231035825139, task_sched_time:2117238358530067
app_id: 0, app_name: SAR_api-aarch64, task_id: 2173, task_name: DASH_ZIP, resource_name: zip1, ref_start_time: 2117238359166517, ref_stop_time: 2117238359288557, actual_exe_time: 122040, task_app_start_time:2117231035825139, task_sched_time:2117238359158207
app_id: 0, app_name: SAR_api-aarch64, task_id: 2174, task_name: DASH_FFT, resource_name: cpu1, ref_start_time: 2117238360506647, ref_stop_time: 2117238360558667, actual_exe_time: 52020, task_app_start_time:2117231035825139, task_sched_time:2117238360499687
app_id: 0, app_name: SAR_api-aarch64, task_id: 2175, task_name: DASH_ZIP, resource_name: cpu2, ref_start_time: 2117238362908388, ref_stop_time: 2117238362987828, actual_exe_time: 79440, task_app_start_time:2117231035825139, task_sched_time:2117238361520318
app_id: 0, app_name: SAR_api-aarch64, task_id: 2176, task_name: DASH_FFT, resource_name: cpu3, ref_start_time: 2117238363697208, ref_stop_time: 2117238363758348, actual_exe_time: 61140, task_app_start_time:2117231035825139, task_sched_time:2117238363691118
app_id: 0, app_name: SAR_api-aarch64, task_id: 2177, task_name: DASH_ZIP, resource_name: zip1, ref_start_time: 2117238364823318, ref_stop_time: 2117238364942718, actual_exe_time: 119400, task_app_start_time:2117231035825139, task_sched_time:2117238364819358
app_id: 0, app_name: SAR_api-aarch64, task_id: 2178, task_name: DASH_FFT, resource_name: cpu1, ref_start_time: 2117238365716598, ref_stop_time: 2117238365765318, actual_exe_time: 48720, task_app_start_time:2117231035825139, task_sched_time:2117238365704868
app_id: 0, app_name: SAR_api-aarch64, task_id: 2179, task_name: DASH_ZIP, resource_name: cpu2, ref_start_time: 2117238366919479, ref_stop_time: 2117238366995349, actual_exe_time: 75870, task_app_start_time:2117231035825139, task_sched_time:2117238366446558
app_id: 0, app_name: SAR_api-aarch64, task_id: 2180, task_name: DASH_FFT, resource_name: cpu3, ref_start_time: 2117238367495059, ref_stop_time: 2117238367552149, actual_exe_time: 57090, task_app_start_time:2117231035825139, task_sched_time:2117238367486989
app_id: 0, app_name: SAR_api-aarch64, task_id: 2181, task_name: DASH_ZIP, resource_name: zip1, ref_start_time: 2117238368660529, ref_stop_time: 2117238368780949, actual_exe_time: 120420, task_app_start_time:2117231035825139, task_sched_time:2117238368651379
app_id: 0, app_name: SAR_api-aarch64, task_id: 2182, task_name: DASH_FFT, resource_name: cpu1, ref_start_time: 2117238370152429, ref_stop_time: 2117238370206459, actual_exe_time: 54030, task_app_start_time:2117231035825139, task_sched_time:2117238370148319
app_id: 0, app_name: SAR_api-aarch64, task_id: 2183, task_name: DASH_ZIP, resource_name: cpu2, ref_start_time: 2117238371381319, ref_stop_time: 2117238371461389, actual_exe_time: 80070, task_app_start_time:2117231035825139, task_sched_time:2117238371371689
app_id: 0, app_name: SAR_api-aarch64, task_id: 2184, task_name: DASH_FFT, resource_name: cpu3, ref_start_time: 2117238372843489, ref_stop_time: 2117238372908589, actual_exe_time: 65100, task_app_start_time:2117231035825139, task_sched_time:2117238372222369
app_id: 0, app_name: SAR_api-aarch64, task_id: 2185, task_name: DASH_ZIP, resource_name: zip1, ref_start_time: 2117238379610441, ref_stop_time: 2117238379734941, actual_exe_time: 124500, task_app_start_time:2117231035825139, task_sched_time:2117238379602731
app_id: 0, app_name: SAR_api-aarch64, task_id: 2186, task_name: DASH_FFT, resource_name: cpu1, ref_start_time: 2117238380639501, ref_stop_time: 2117238380691641, actual_exe_time: 52140, task_app_start_time:2117231035825139, task_sched_time:2117238380626751
app_id: 0, app_name: SAR_api-aarch64, task_id: 2187, task_name: DASH_ZIP, resource_name: cpu2, ref_start_time: 2117238383771381, ref_stop_time: 2117238383848151, actual_exe_time: 76770, task_app_start_time:2117231035825139, task_sched_time:2117238383764931
app_id: 0, app_name: SAR_api-aarch64, task_id: 2188, task_name: DASH_FFT, resource_name: cpu3, ref_start_time: 2117238384462191, ref_stop_time: 2117238384518681, actual_exe_time: 56490, task_app_start_time:2117231035825139, task_sched_time:2117238384456761
app_id: 0, app_name: SAR_api-aarch64, task_id: 2189, task_name: DASH_ZIP, resource_name: zip1, ref_start_time: 2117238386265732, ref_stop_time: 2117238386386062, actual_exe_time: 120330, task_app_start_time:2117231035825139, task_sched_time:2117238386259642
app_id: 0, app_name: SAR_api-aarch64, task_id: 2190, task_name: DASH_FFT, resource_name: cpu1, ref_start_time: 2117238387156462, ref_stop_time: 2117238387207822, actual_exe_time: 51360, task_app_start_time:2117231035825139, task_sched_time:2117238387143052
app_id: 0, app_name: SAR_api-aarch64, task_id: 2191, task_name: DASH_ZIP, resource_name: cpu2, ref_start_time: 2117238388105602, ref_stop_time: 2117238388182612, actual_exe_time: 77010, task_app_start_time:2117231035825139, task_sched_time:2117238388099692
app_id: 0, app_name: SAR_api-aarch64, task_id: 2192, task_name: DASH_FFT, resource_name: cpu3, ref_start_time: 2117238390996372, ref_stop_time: 2117238391064952, actual_exe_time: 68580, task_app_start_time:2117231035825139, task_sched_time:2117238388932252
app_id: 0, app_name: SAR_api-aarch64, task_id: 2193, task_name: DASH_ZIP, resource_name: zip1, ref_start_time: 2117238392084023, ref_stop_time: 2117238392207473, actual_exe_time: 123450, task_app_start_time:2117231035825139, task_sched_time:2117238392077663
app_id: 0, app_name: SAR_api-aarch64, task_id: 2194, task_name: DASH_FFT, resource_name: cpu1, ref_start_time: 2117238393180283, ref_stop_time: 2117238393230923, actual_exe_time: 50640, task_app_start_time:2117231035825139, task_sched_time:2117238393176653
app_id: 0, app_name: SAR_api-aarch64, task_id: 2195, task_name: DASH_ZIP, resource_name: cpu2, ref_start_time: 2117238393770053, ref_stop_time: 2117238393846103, actual_exe_time: 76050, task_app_start_time:2117231035825139, task_sched_time:2117238393760933
app_id: 0, app_name: SAR_api-aarch64, task_id: 2196, task_name: DASH_FFT, resource_name: cpu3, ref_start_time: 2117238399102134, ref_stop_time: 2117238399176984, actual_exe_time: 74850, task_app_start_time:2117231035825139, task_sched_time:2117238394787083
app_id: 0, app_name: SAR_api-aarch64, task_id: 2197, task_name: DASH_ZIP, resource_name: zip1, ref_start_time: 2117238400238714, ref_stop_time: 2117238400358684, actual_exe_time: 119970, task_app_start_time:2117231035825139, task_sched_time:2117238400229474
app_id: 0, app_name: SAR_api-aarch64, task_id: 2198, task_name: DASH_FFT, resource_name: cpu1, ref_start_time: 2117238401167694, ref_stop_time: 2117238401215964, actual_exe_time: 48270, task_app_start_time:2117231035825139, task_sched_time:2117238401158874
app_id: 0, app_name: SAR_api-aarch64, task_id: 2199, task_name: DASH_ZIP, resource_name: cpu2, ref_start_time: 2117238401991044, ref_stop_time: 2117238402064424, actual_exe_time: 73380, task_app_start_time:2117231035825139, task_sched_time:2117238401985254
app_id: 0, app_name: SAR_api-aarch64, task_id: 2200, task_name: DASH_FFT, resource_name: cpu3, ref_start_time: 2117238403869734, ref_stop_time: 2117238403933304, actual_exe_time: 63570, task_app_start_time:2117231035825139, task_sched_time:2117238402628544
app_id: 0, app_name: SAR_api-aarch64, task_id: 2201, task_name: DASH_ZIP, resource_name: zip1, ref_start_time: 2117238407666295, ref_stop_time: 2117238407789925, actual_exe_time: 123630, task_app_start_time:2117231035825139, task_sched_time:2117238407660355
app_id: 0, app_name: SAR_api-aarch64, task_id: 2202, task_name: DASH_FFT, resource_name: cpu1, ref_start_time: 2117238410947966, ref_stop_time: 2117238411004996, actual_exe_time: 57030, task_app_start_time:2117231035825139, task_sched_time:2117238409927005
app_id: 0, app_name: SAR_api-aarch64, task_id: 2203, task_name: DASH_ZIP, resource_name: cpu2, ref_start_time: 2117238411798736, ref_stop_time: 2117238411873466, actual_exe_time: 74730, task_app_start_time:2117231035825139, task_sched_time:2117238411792046
app_id: 0, app_name: SAR_api-aarch64, task_id: 2204, task_name: DASH_FFT, resource_name: cpu3, ref_start_time: 2117238412507156, ref_stop_time: 2117238412568446, actual_exe_time: 61290, task_app_start_time:2117231035825139, task_sched_time:2117238412502746
app_id: 0, app_name: SAR_api-aarch64, task_id: 2205, task_name: DASH_ZIP, resource_name: zip1, ref_start_time: 2117238415803646, ref_stop_time: 2117238415923646, actual_exe_time: 120000, task_app_start_time:2117231035825139, task_sched_time:2117238415795726
app_id: 0, app_name: SAR_api-aarch64, task_id: 2206, task_name: DASH_FFT, resource_name: cpu1, ref_start_time: 2117238416462026, ref_stop_time: 2117238416511706, actual_exe_time: 49680, task_app_start_time:2117231035825139, task_sched_time:2117238416456746
app_id: 0, app_name: SAR_api-aarch64, task_id: 2207, task_name: DASH_ZIP, resource_name: cpu2, ref_start_time: 2117238417115817, ref_stop_time: 2117238417189257, actual_exe_time: 73440, task_app_start_time:2117231035825139, task_sched_time:2117238417109877
app_id: 0, app_name: SAR_api-aarch64, task_id: 2208, task_name: DASH_FFT, resource_name: cpu3, ref_start_time: 2117238422800848, ref_stop_time: 2117238422865078, actual_exe_time: 64230, task_app_start_time:2117231035825139, task_sched_time:2117238422793798
app_id: 0, app_name: SAR_api-aarch64, task_id: 2209, task_name: DASH_ZIP, resource_name: zip1, ref_start_time: 2117238428224038, ref_stop_time: 2117238428344788, actual_exe_time: 120750, task_app_start_time:2117231035825139, task_sched_time:2117238428219058
app_id: 0, app_name: SAR_api-aarch64, task_id: 2210, task_name: DASH_FFT, resource_name: cpu1, ref_start_time: 2117238434987059, ref_stop_time: 2117238435049129, actual_exe_time: 62070, task_app_start_time:2117231035825139, task_sched_time:2117238434980999
app_id: 0, app_name: SAR_api-aarch64, task_id: 2211, task_name: DASH_ZIP, resource_name: cpu2, ref_start_time: 2117238436279700, ref_stop_time: 2117238436354340, actual_exe_time: 74640, task_app_start_time:2117231035825139, task_sched_time:2117238436270640
app_id: 0, app_name: SAR_api-aarch64, task_id: 2212, task_name: DASH_FFT, resource_name: cpu3, ref_start_time: 2117238436927130, ref_stop_time: 2117238436988720, actual_exe_time: 61590, task_app_start_time:2117231035825139, task_sched_time:2117238436917080
app_id: 0, app_name: SAR_api-aarch64, task_id: 2213, task_name: DASH_ZIP, resource_name: zip1, ref_start_time: 2117238438284120, ref_stop_time: 2117238438402050, actual_exe_time: 117930, task_app_start_time:2117231035825139, task_sched_time:2117238438280310
app_id: 0, app_name: SAR_api-aarch64, task_id: 2214, task_name: DASH_FFT, resource_name: cpu1, ref_start_time: 2117238439541840, ref_stop_time: 2117238439919120, actual_exe_time: 377280, task_app_start_time:2117231035825139, task_sched_time:2117238439531250
app_id: 0, app_name: SAR_api-aarch64, task_id: 2215, task_name: DASH_ZIP, resource_name: cpu2, ref_start_time: 2117238442542021, ref_stop_time: 2117238442616841, actual_exe_time: 74820, task_app_start_time:2117231035825139, task_sched_time:2117238442534551
app_id: 0, app_name: SAR_api-aarch64, task_id: 2216, task_name: DASH_FFT, resource_name: cpu3, ref_start_time: 2117238443418531, ref_stop_time: 2117238443475051, actual_exe_time: 56520, task_app_start_time:2117231035825139, task_sched_time:2117238443413731
app_id: 0, app_name: SAR_api-aarch64, task_id: 2217, task_name: DASH_ZIP, resource_name: zip1, ref_start_time: 2117238445521051, ref_stop_time: 2117238445642311, actual_exe_time: 121260, task_app_start_time:2117231035825139, task_sched_time:2117238445514061
app_id: 0, app_name: SAR_api-aarch64, task_id: 2218, task_name: DASH_FFT, resource_name: cpu1, ref_start_time: 2117238446380911, ref_stop_time: 2117238446434611, actual_exe_time: 53700, task_app_start_time:2117231035825139, task_sched_time:2117238446377101
app_id: 0, app_name: SAR_api-aarch64, task_id: 2219, task_name: DASH_ZIP, resource_name: cpu2, ref_start_time: 2117238448873312, ref_stop_time: 2117238448951762, actual_exe_time: 78450, task_app_start_time:2117231035825139, task_sched_time:2117238447687112
app_id: 0, app_name: SAR_api-aarch64, task_id: 2220, task_name: DASH_FFT, resource_name: cpu3, ref_start_time: 2117238455484173, ref_stop_time: 2117238455548943, actual_exe_time: 64770, task_app_start_time:2117231035825139, task_sched_time:2117238455474633
app_id: 0, app_name: SAR_api-aarch64, task_id: 2221, task_name: DASH_ZIP, resource_name: zip1, ref_start_time: 2117238456268133, ref_stop_time: 2117238456387863, actual_exe_time: 119730, task_app_start_time:2117231035825139, task_sched_time:2117238456265343
app_id: 0, app_name: SAR_api-aarch64, task_id: 2222, task_name: DASH_FFT, resource_name: cpu1, ref_start_time: 2117238457471823, ref_stop_time: 2117238457521293, actual_exe_time: 49470, task_app_start_time:2117231035825139, task_sched_time:2117238457461743
app_id: 0, app_name: SAR_api-aarch64, task_id: 2223, task_name: DASH_ZIP, resource_name: cpu2, ref_start_time: 2117238458265083, ref_stop_time: 2117238458339183, actual_exe_time: 74100, task_app_start_time:2117231035825139, task_sched_time:2117238458257973
app_id: 0, app_name: SAR_api-aarch64, task_id: 2224, task_name: DASH_FFT, resource_name: cpu3, ref_start_time: 2117238461897664, ref_stop_time: 2117238461954124, actual_exe_time: 56460, task_app_start_time:2117231035825139, task_sched_time:2117238461888244
app_id: 0, app_name: SAR_api-aarch64, task_id: 2225, task_name: DASH_ZIP, resource_name: zip1, ref_start_time: 2117238463413864, ref_stop_time: 2117238463533624, actual_exe_time: 119760, task_app_start_time:2117231035825139, task_sched_time:2117238463406634
app_id: 0, app_name: SAR_api-aarch64, task_id: 2226, task_name: DASH_FFT, resource_name: cpu1, ref_start_time: 2117238464821014, ref_stop_time: 2117238464872974, actual_exe_time: 51960, task_app_start_time:2117231035825139, task_sched_time:2117238464815614
app_id: 0, app_name: SAR_api-aarch64, task_id: 2227, task_name: DASH_ZIP, resource_name: cpu2, ref_start_time: 2117238465896874, ref_stop_time: 2117238465971124, actual_exe_time: 74250, task_app_start_time:2117231035825139, task_sched_time:2117238465893394
app_id: 0, app_name: SAR_api-aarch64, task_id: 2228, task_name: DASH_FFT, resource_name: cpu3, ref_start_time: 2117238466575355, ref_stop_time: 2117238466628065, actual_exe_time: 52710, task_app_start_time:2117231035825139, task_sched_time:2117238466567585
app_id: 0, app_name: SAR_api-aarch64, task_id: 2229, task_name: DASH_ZIP, resource_name: zip1, ref_start_time: 2117238467876215, ref_stop_time: 2117238467997805, actual_exe_time: 121590, task_app_start_time:2117231035825139, task_sched_time:2117238467871625
app_id: 0, app_name: SAR_api-aarch64, task_id: 2230, task_name: DASH_FFT, resource_name: cpu1, ref_start_time: 2117238468798415, ref_stop_time: 2117238468851785, actual_exe_time: 53370, task_app_start_time:2117231035825139, task_sched_time:2117238468790435
app_id: 0, app_name: SAR_api-aarch64, task_id: 2231, task_name: DASH_ZIP, resource_name: cpu2, ref_start_time: 2117238469880485, ref_stop_time: 2117238469960135, actual_exe_time: 79650, task_app_start_time:2117231035825139, task_sched_time:2117238469648735
app_id: 0, app_name: SAR_api-aarch64, task_id: 2232, task_name: DASH_FFT, resource_name: cpu3, ref_start_time: 2117238473909666, ref_stop_time: 2117238473975546, actual_exe_time: 65880, task_app_start_time:2117231035825139, task_sched_time:2117238473902946
app_id: 0, app_name: SAR_api-aarch64, task_id: 2233, task_name: DASH_ZIP, resource_name: zip1, ref_start_time: 2117238474770426, ref_stop_time: 2117238474908516, actual_exe_time: 138090, task_app_start_time:2117231035825139, task_sched_time:2117238474763196
app_id: 0, app_name: SAR_api-aarch64, task_id: 2234, task_name: DASH_FFT, resource_name: cpu1, ref_start_time: 2117238475080356, ref_stop_time: 2117238475128056, actual_exe_time: 47700, task_app_start_time:2117231035825139, task_sched_time:2117238475071296
app_id: 0, app_name: SAR_api-aarch64, task_id: 2235, task_name: DASH_ZIP, resource_name: cpu2, ref_start_time: 2117238479509467, ref_stop_time: 2117238479586537, actual_exe_time: 77070, task_app_start_time:2117231035825139, task_sched_time:2117238479501037
app_id: 0, app_name: SAR_api-aarch64, task_id: 2236, task_name: DASH_FFT, resource_name: cpu3, ref_start_time: 2117238480270177, ref_stop_time: 2117238480327837, actual_exe_time: 57660, task_app_start_time:2117231035825139, task_sched_time:2117238480265197
app_id: 0, app_name: SAR_api-aarch64, task_id: 2237, task_name: DASH_ZIP, resource_name: zip1, ref_start_time: 2117238483524577, ref_stop_time: 2117238483644427, actual_exe_time: 119850, task_app_start_time:2117231035825139, task_sched_time:2117238483515907
app_id: 0, app_name: SAR_api-aarch64, task_id: 2238, task_name: DASH_FFT, resource_name: cpu1, ref_start_time: 2117238484356627, ref_stop_time: 2117238484405257, actual_exe_time: 48630, task_app_start_time:2117231035825139, task_sched_time:2117238484353327
app_id: 0, app_name: SAR_api-aarch64, task_id: 2239, task_name: DASH_ZIP, resource_name: cpu2, ref_start_time: 2117238485467498, ref_stop_time: 2117238485541448, actual_exe_time: 73950, task_app_start_time:2117231035825139, task_sched_time:2117238485463178
app_id: 0, app_name: SAR_api-aarch64, task_id: 2240, task_name: DASH_FFT, resource_name: cpu3, ref_start_time: 2117238486170818, ref_stop_time: 2117238486225298, actual_exe_time: 54480, task_app_start_time:2117231035825139, task_sched_time:2117238486168268
app_id: 0, app_name: SAR_api-aarch64, task_id: 2241, task_name: DASH_ZIP, resource_name: zip1, ref_start_time: 2117238487405858, ref_stop_time: 2117238487523968, actual_exe_time: 118110, task_app_start_time:2117231035825139, task_sched_time:2117238487398268
app_id: 0, app_name: SAR_api-aarch64, task_id: 2242, task_name: DASH_FFT, resource_name: cpu1, ref_start_time: 2117238491708369, ref_stop_time: 2117238491767889, actual_exe_time: 59520, task_app_start_time:2117231035825139, task_sched_time:2117238491702759
app_id: 0, app_name: SAR_api-aarch64, task_id: 2243, task_name: DASH_ZIP, resource_name: cpu2, ref_start_time: 2117238492715949, ref_stop_time: 2117238492794909, actual_exe_time: 78960, task_app_start_time:2117231035825139, task_sched_time:2117238492709349
app_id: 0, app_name: SAR_api-aarch64, task_id: 2244, task_name: DASH_FFT, resource_name: cpu3, ref_start_time: 2117238494919479, ref_stop_time: 2117238494988089, actual_exe_time: 68610, task_app_start_time:2117231035825139, task_sched_time:2117238493581149
app_id: 0, app_name: SAR_api-aarch64, task_id: 2245, task_name: DASH_ZIP, resource_name: zip1, ref_start_time: 2117238496235129, ref_stop_time: 2117238496355459, actual_exe_time: 120330, task_app_start_time:2117231035825139, task_sched_time:2117238496227179
app_id: 0, app_name: SAR_api-aarch64, task_id: 2246, task_name: DASH_FFT, resource_name: cpu1, ref_start_time: 2117238497339370, ref_stop_time: 2117238497389440, actual_exe_time: 50070, task_app_start_time:2117231035825139, task_sched_time:2117238497335980
app_id: 0, app_name: SAR_api-aarch64, task_id: 2247, task_name: DASH_ZIP, resource_name: cpu2, ref_start_time: 2117238498212130, ref_stop_time: 2117238498286620, actual_exe_time: 74490, task_app_start_time:2117231035825139, task_sched_time:2117238498207870
app_id: 0, app_name: SAR_api-aarch64, task_id: 2248, task_name: DASH_FFT, resource_name: cpu3, ref_start_time: 2117238499262580, ref_stop_time: 2117238499329210, actual_exe_time: 66630, task_app_start_time:2117231035825139, task_sched_time:2117238499253400
app_id: 0, app_name: SAR_api-aarch64, task_id: 2249, task_name: DASH_ZIP, resource_name: zip1, ref_start_time: 2117238502806240, ref_stop_time: 2117238502933290, actual_exe_time: 127050, task_app_start_time:2117231035825139, task_sched_time:2117238500320860
app_id: 0, app_name: SAR_api-aarch64, task_id: 2250, task_name: DASH_FFT, resource_name: cpu1, ref_start_time: 2117238504286111, ref_stop_time: 2117238504342121, actual_exe_time: 56010, task_app_start_time:2117231035825139, task_sched_time:2117238504274981
app_id: 0, app_name: SAR_api-aarch64, task_id: 2251, task_name: DASH_ZIP, resource_name: cpu2, ref_start_time: 2117238506734501, ref_stop_time: 2117238506813461, actual_exe_time: 78960, task_app_start_time:2117231035825139, task_sched_time:2117238505359511
app_id: 0, app_name: SAR_api-aarch64, task_id: 2252, task_name: DASH_FFT, resource_name: cpu3, ref_start_time: 2117238511566812, ref_stop_time: 2117238511638812, actual_exe_time: 72000, task_app_start_time:2117231035825139, task_sched_time:2117238511557452
app_id: 0, app_name: SAR_api-aarch64, task_id: 2253, task_name: DASH_ZIP, resource_name: zip1, ref_start_time: 2117238512586812, ref_stop_time: 2117238512707112, actual_exe_time: 120300, task_app_start_time:2117231035825139, task_sched_time:2117238512582192
app_id: 0, app_name: SAR_api-aarch64, task_id: 2254, task_name: DASH_FFT, resource_name: cpu1, ref_start_time: 2117238518483433, ref_stop_time: 2117238518538723, actual_exe_time: 55290, task_app_start_time:2117231035825139, task_sched_time:2117238518476683
app_id: 0, app_name: SAR_api-aarch64, task_id: 2255, task_name: DASH_ZIP, resource_name: cpu2, ref_start_time: 2117238519615513, ref_stop_time: 2117238519691623, actual_exe_time: 76110, task_app_start_time:2117231035825139, task_sched_time:2117238519610503
app_id: 0, app_name: SAR_api-aarch64, task_id: 2256, task_name: DASH_FFT, resource_name: cpu3, ref_start_time: 2117238520346403, ref_stop_time: 2117238520404903, actual_exe_time: 58500, task_app_start_time:2117231035825139, task_sched_time:2117238520338153
app_id: 0, app_name: SAR_api-aarch64, task_id: 2257, task_name: DASH_ZIP, resource_name: zip1, ref_start_time: 2117238522013323, ref_stop_time: 2117238522132843, actual_exe_time: 119520, task_app_start_time:2117231035825139, task_sched_time:2117238522005223
app_id: 0, app_name: SAR_api-aarch64, task_id: 2258, task_name: DASH_FFT, resource_name: cpu1, ref_start_time: 2117238523090474, ref_stop_time: 2117238523139824, actual_exe_time: 49350, task_app_start_time:2117231035825139, task_sched_time:2117238523079914
app_id: 0, app_name: SAR_api-aarch64, task_id: 2259, task_name: DASH_ZIP, resource_name: cpu2, ref_start_time: 2117238524083714, ref_stop_time: 2117238524210284, actual_exe_time: 126570, task_app_start_time:2117231035825139, task_sched_time:2117238524020114
app_id: 0, app_name: SAR_api-aarch64, task_id: 2260, task_name: DASH_FFT, resource_name: cpu3, ref_start_time: 2117238524759284, ref_stop_time: 2117238524811574, actual_exe_time: 52290, task_app_start_time:2117231035825139, task_sched_time:2117238524749474
app_id: 0, app_name: SAR_api-aarch64, task_id: 2261, task_name: DASH_ZIP, resource_name: zip1, ref_start_time: 2117238527088424, ref_stop_time: 2117238527210284, actual_exe_time: 121860, task_app_start_time:2117231035825139, task_sched_time:2117238526173784
app_id: 0, app_name: SAR_api-aarch64, task_id: 2262, task_name: DASH_FFT, resource_name: cpu1, ref_start_time: 2117238528239104, ref_stop_time: 2117238528291244, actual_exe_time: 52140, task_app_start_time:2117231035825139, task_sched_time:2117238528228214
app_id: 0, app_name: SAR_api-aarch64, task_id: 2263, task_name: DASH_ZIP, resource_name: cpu2, ref_start_time: 2117238529242875, ref_stop_time: 2117238529318775, actual_exe_time: 75900, task_app_start_time:2117231035825139, task_sched_time:2117238529237865
app_id: 0, app_name: SAR_api-aarch64, task_id: 2264, task_name: DASH_FFT, resource_name: cpu3, ref_start_time: 2117238531467015, ref_stop_time: 2117238531538685, actual_exe_time: 71670, task_app_start_time:2117231035825139, task_sched_time:2117238531459485
app_id: 0, app_name: SAR_api-aarch64, task_id: 2265, task_name: DASH_ZIP, resource_name: zip1, ref_start_time: 2117238535377936, ref_stop_time: 2117238535500336, actual_exe_time: 122400, task_app_start_time:2117231035825139, task_sched_time:2117238535373286
app_id: 0, app_name: SAR_api-aarch64, task_id: 2266, task_name: DASH_FFT, resource_name: cpu1, ref_start_time: 2117238535996926, ref_stop_time: 2117238536049276, actual_exe_time: 52350, task_app_start_time:2117231035825139, task_sched_time:2117238535882926
app_id: 0, app_name: SAR_api-aarch64, task_id: 2267, task_name: DASH_ZIP, resource_name: cpu2, ref_start_time: 2117238541376077, ref_stop_time: 2117238541452637, actual_exe_time: 76560, task_app_start_time:2117231035825139, task_sched_time:2117238541371127
app_id: 0, app_name: SAR_api-aarch64, task_id: 2268, task_name: DASH_FFT, resource_name: cpu3, ref_start_time: 2117238542144437, ref_stop_time: 2117238542203957, actual_exe_time: 59520, task_app_start_time:2117231035825139, task_sched_time:2117238542136697
app_id: 0, app_name: SAR_api-aarch64, task_id: 2269, task_name: DASH_ZIP, resource_name: zip1, ref_start_time: 2117238545535007, ref_stop_time: 2117238545662597, actual_exe_time: 127590, task_app_start_time:2117231035825139, task_sched_time:2117238543250507
app_id: 0, app_name: SAR_api-aarch64, task_id: 2270, task_name: DASH_FFT, resource_name: cpu1, ref_start_time: 2117238546309757, ref_stop_time: 2117238546364987, actual_exe_time: 55230, task_app_start_time:2117231035825139, task_sched_time:2117238546254617
app_id: 0, app_name: SAR_api-aarch64, task_id: 2271, task_name: DASH_ZIP, resource_name: cpu2, ref_start_time: 2117238550926998, ref_stop_time: 2117238551006708, actual_exe_time: 79710, task_app_start_time:2117231035825139, task_sched_time:2117238547867628
app_id: 0, app_name: SAR_api-aarch64, task_id: 2272, task_name: DASH_FFT, resource_name: cpu3, ref_start_time: 2117238551661128, ref_stop_time: 2117238551734208, actual_exe_time: 73080, task_app_start_time:2117231035825139, task_sched_time:2117238551655788
app_id: 0, app_name: SAR_api-aarch64, task_id: 2273, task_name: DASH_ZIP, resource_name: zip1, ref_start_time: 2117238552710288, ref_stop_time: 2117238552831698, actual_exe_time: 121410, task_app_start_time:2117231035825139, task_sched_time:2117238552701798
app_id: 0, app_name: SAR_api-aarch64, task_id: 2274, task_name: DASH_FFT, resource_name: cpu1, ref_start_time: 2117238553509399, ref_stop_time: 2117238553560069, actual_exe_time: 50670, task_app_start_time:2117231035825139, task_sched_time:2117238553506249
app_id: 0, app_name: SAR_api-aarch64, task_id: 2275, task_name: DASH_ZIP, resource_name: cpu2, ref_start_time: 2117238554939709, ref_stop_time: 2117238555016389, actual_exe_time: 76680, task_app_start_time:2117231035825139, task_sched_time:2117238554511909
app_id: 0, app_name: SAR_api-aarch64, task_id: 2276, task_name: DASH_FFT, resource_name: cpu3, ref_start_time: 2117238555548499, ref_stop_time: 2117238555603669, actual_exe_time: 55170, task_app_start_time:2117231035825139, task_sched_time:2117238555543819
app_id: 0, app_name: SAR_api-aarch64, task_id: 2277, task_name: DASH_ZIP, resource_name: zip1, ref_start_time: 2117238557135019, ref_stop_time: 2117238557255529, actual_exe_time: 120510, task_app_start_time:2117231035825139, task_sched_time:2117238557130729
app_id: 0, app_name: SAR_api-aarch64, task_id: 2278, task_name: DASH_FFT, resource_name: cpu1, ref_start_time: 2117238559120359, ref_stop_time: 2117238559181889, actual_exe_time: 61530, task_app_start_time:2117231035825139, task_sched_time:2117238559114389
app_id: 0, app_name: SAR_api-aarch64, task_id: 2279, task_name: DASH_ZIP, resource_name: cpu2, ref_start_time: 2117238562618750, ref_stop_time: 2117238562698700, actual_exe_time: 79950, task_app_start_time:2117231035825139, task_sched_time:2117238562608520
app_id: 0, app_name: SAR_api-aarch64, task_id: 2280, task_name: DASH_FFT, resource_name: cpu3, ref_start_time: 2117238566968421, ref_stop_time: 2117238567045971, actual_exe_time: 77550, task_app_start_time:2117231035825139, task_sched_time:2117238562915360
app_id: 0, app_name: SAR_api-aarch64, task_id: 2281, task_name: DASH_ZIP, resource_name: zip1, ref_start_time: 2117238570913571, ref_stop_time: 2117238571036841, actual_exe_time: 123270, task_app_start_time:2117231035825139, task_sched_time:2117238568512851
app_id: 0, app_name: SAR_api-aarch64, task_id: 2282, task_name: DASH_FFT, resource_name: cpu1, ref_start_time: 2117238571792721, ref_stop_time: 2117238571845521, actual_exe_time: 52800, task_app_start_time:2117231035825139, task_sched_time:2117238571745771
app_id: 0, app_name: SAR_api-aarch64, task_id: 2283, task_name: DASH_ZIP, resource_name: cpu2, ref_start_time: 2117238572869782, ref_stop_time: 2117238572946822, actual_exe_time: 77040, task_app_start_time:2117231035825139, task_sched_time:2117238572864622
app_id: 0, app_name: SAR_api-aarch64, task_id: 2284, task_name: DASH_FFT, resource_name: cpu3, ref_start_time: 2117238573343362, ref_stop_time: 2117238573406002, actual_exe_time: 62640, task_app_start_time:2117231035825139, task_sched_time:2117238573338532
app_id: 0, app_name: SAR_api-aarch64, task_id: 2285, task_name: DASH_ZIP, resource_name: zip1, ref_start_time: 2117238577951542, ref_stop_time: 2117238578078832, actual_exe_time: 127290, task_app_start_time:2117231035825139, task_sched_time:2117238577945332
app_id: 0, app_name: SAR_api-aarch64, task_id: 2286, task_name: DASH_FFT, resource_name: cpu1, ref_start_time: 2117238578925133, ref_stop_time: 2117238578980003, actual_exe_time: 54870, task_app_start_time:2117231035825139, task_sched_time:2117238578807533
app_id: 0, app_name: SAR_api-aarch64, task_id: 2287, task_name: DASH_ZIP, resource_name: cpu2, ref_start_time: 2117238582922033, ref_stop_time: 2117238583001143, actual_exe_time: 79110, task_app_start_time:2117231035825139, task_sched_time:2117238579810553
app_id: 0, app_name: SAR_api-aarch64, task_id: 2288, task_name: DASH_FFT, resource_name: cpu3, ref_start_time: 2117238583615063, ref_stop_time: 2117238583679293, actual_exe_time: 64230, task_app_start_time:2117231035825139, task_sched_time:2117238583606213
app_id: 0, app_name: SAR_api-aarch64, task_id: 2289, task_name: DASH_ZIP, resource_name: zip1, ref_start_time: 2117238584552894, ref_stop_time: 2117238584683064, actual_exe_time: 130170, task_app_start_time:2117231035825139, task_sched_time:2117238584546084
app_id: 0, app_name: SAR_api-aarch64, task_id: 2290, task_name: DASH_FFT, resource_name: cpu1, ref_start_time: 2117238585339884, ref_stop_time: 2117238585388514, actual_exe_time: 48630, task_app_start_time:2117231035825139, task_sched_time:2117238585331034
app_id: 0, app_name: SAR_api-aarch64, task_id: 2291, task_name: DASH_ZIP, resource_name: cpu2, ref_start_time: 2117238588041954, ref_stop_time: 2117238588118874, actual_exe_time: 76920, task_app_start_time:2117231035825139, task_sched_time:2117238586155164
app_id: 0, app_name: SAR_api-aarch64, task_id: 2292, task_name: DASH_FFT, resource_name: cpu3, ref_start_time: 2117238589265654, ref_stop_time: 2117238589331714, actual_exe_time: 66060, task_app_start_time:2117231035825139, task_sched_time:2117238589261154
app_id: 0, app_name: SAR_api-aarch64, task_id: 2293, task_name: DASH_ZIP, resource_name: zip1, ref_start_time: 2117238599081026, ref_stop_time: 2117238599206696, actual_exe_time: 125670, task_app_start_time:2117231035825139, task_sched_time:2117238593658735
app_id: 0, app_name: SAR_api-aarch64, task_id: 2294, task_name: DASH_FFT, resource_name: cpu1, ref_start_time: 2117238600131176, ref_stop_time: 2117238600183946, actual_exe_time: 52770, task_app_start_time:2117231035825139, task_sched_time:2117238600113026
app_id: 0, app_name: SAR_api-aarch64, task_id: 2295, task_name: DASH_ZIP, resource_name: cpu2, ref_start_time: 2117238600988486, ref_stop_time: 2117238601063816, actual_exe_time: 75330, task_app_start_time:2117231035825139, task_sched_time:2117238600980596
app_id: 0, app_name: SAR_api-aarch64, task_id: 2296, task_name: DASH_FFT, resource_name: cpu3, ref_start_time: 2117238601498756, ref_stop_time: 2117238601565986, actual_exe_time: 67230, task_app_start_time:2117231035825139, task_sched_time:2117238601493866
app_id: 0, app_name: SAR_api-aarch64, task_id: 2297, task_name: DASH_ZIP, resource_name: zip1, ref_start_time: 2117238604307927, ref_stop_time: 2117238604432547, actual_exe_time: 124620, task_app_start_time:2117231035825139, task_sched_time:2117238602397586
app_id: 0, app_name: SAR_api-aarch64, task_id: 2298, task_name: DASH_FFT, resource_name: cpu1, ref_start_time: 2117238605235527, ref_stop_time: 2117238605286317, actual_exe_time: 50790, task_app_start_time:2117231035825139, task_sched_time:2117238605230037
app_id: 0, app_name: SAR_api-aarch64, task_id: 2299, task_name: DASH_ZIP, resource_name: cpu2, ref_start_time: 2117238605758187, ref_stop_time: 2117238605833667, actual_exe_time: 75480, task_app_start_time:2117231035825139, task_sched_time:2117238605755607
app_id: 0, app_name: SAR_api-aarch64, task_id: 2300, task_name: DASH_FFT, resource_name: cpu3, ref_start_time: 2117238606860867, ref_stop_time: 2117238606940637, actual_exe_time: 79770, task_app_start_time:2117231035825139, task_sched_time:2117238606857777
app_id: 0, app_name: SAR_api-aarch64, task_id: 2301, task_name: DASH_ZIP, resource_name: zip1, ref_start_time: 2117238607885517, ref_stop_time: 2117238608003747, actual_exe_time: 118230, task_app_start_time:2117231035825139, task_sched_time:2117238607876937
app_id: 0, app_name: SAR_api-aarch64, task_id: 2302, task_name: DASH_FFT, resource_name: cpu1, ref_start_time: 2117238608630597, ref_stop_time: 2117238608677847, actual_exe_time: 47250, task_app_start_time:2117231035825139, task_sched_time:2117238608625617
app_id: 0, app_name: SAR_api-aarch64, task_id: 2303, task_name: DASH_ZIP, resource_name: cpu2, ref_start_time: 2117238609026627, ref_stop_time: 2117238609100787, actual_exe_time: 74160, task_app_start_time:2117231035825139, task_sched_time:2117238609022817
app_id: 0, app_name: SAR_api-aarch64, task_id: 2304, task_name: DASH_FFT, resource_name: cpu3, ref_start_time: 2117238610058388, ref_stop_time: 2117238610109808, actual_exe_time: 51420, task_app_start_time:2117231035825139, task_sched_time:2117238610051608
