app_id: 0, app_name: SAR_api-aarch64, task_id: 0, task_name: DASH_FFT, resource_name: cpu1, ref_start_time: 2117050334979948, ref_stop_time: 2117050335212538, actual_exe_time: 232590, task_app_start_time:2117049572799375, task_sched_time:2117050334966598
app_id: 0, app_name: SAR_api-aarch64, task_id: 1, task_name: DASH_FFT, resource_name: cpu2, ref_start_time: 2117050339402039, ref_stop_time: 2117050339574749, actual_exe_time: 172710, task_app_start_time:2117049572799375, task_sched_time:2117050339391089
app_id: 0, app_name: SAR_api-aarch64, task_id: 2, task_name: DASH_ZIP, resource_name: cpu3, ref_start_time: 2117050342974739, ref_stop_time: 2117050343069779, actual_exe_time: 95040, task_app_start_time:2117049572799375, task_sched_time:2117050342968559
app_id: 0, app_name: SAR_api-aarch64, task_id: 3, task_name: DASH_FFT, resource_name: fft1, ref_start_time: 2117050347384200, ref_stop_time: 2117050347563240, actual_exe_time: 179040, task_app_start_time:2117049572799375, task_sched_time:2117050347374660
app_id: 0, app_name: SAR_api-aarch64, task_id: 4, task_name: DASH_FFT, resource_name: fft2, ref_start_time: 2117050349662670, ref_stop_time: 2117050349759660, actual_exe_time: 96990, task_app_start_time:2117049572799375, task_sched_time:2117050349659130
app_id: 0, app_name: SAR_api-aarch64, task_id: 5, task_name: DASH_ZIP, resource_name: zip1, ref_start_time: 2117050350385971, ref_stop_time: 2117050350540861, actual_exe_time: 154890, task_app_start_time:2117049572799375, task_sched_time:2117050350376221
app_id: 0, app_name: SAR_api-aarch64, task_id: 6, task_name: DASH_FFT, resource_name: cpu1, ref_start_time: 2117050351186071, ref_stop_time: 2117050351300491, actual_exe_time: 114420, task_app_start_time:2117049572799375, task_sched_time:2117050351180851
app_id: 0, app_name: SAR_api-aarch64, task_id: 7, task_name: DASH_FFT, resource_name: cpu2, ref_start_time: 2117050354050711, ref_stop_time: 2117050354156611, actual_exe_time: 105900, task_app_start_time:2117049572799375, task_sched_time:2117050352129871
app_id: 0, app_name: SAR_api-aarch64, task_id: 8, task_name: DASH_ZIP, resource_name: cpu3, ref_start_time: 2117050359059692, ref_stop_time: 2117050359143992, actual_exe_time: 84300, task_app_start_time:2117049572799375, task_sched_time:2117050359050602
app_id: 0, app_name: SAR_api-aarch64, task_id: 9, task_name: DASH_FFT, resource_name: fft1, ref_start_time: 2117050363182683, ref_stop_time: 2117050363308503, actual_exe_time: 125820, task_app_start_time:2117049572799375, task_sched_time:2117050363168853
app_id: 0, app_name: SAR_api-aarch64, task_id: 10, task_name: DASH_FFT, resource_name: fft2, ref_start_time: 2117050364764823, ref_stop_time: 2117050364844173, actual_exe_time: 79350, task_app_start_time:2117049572799375, task_sched_time:2117050364759243
app_id: 0, app_name: SAR_api-aarch64, task_id: 11, task_name: DASH_ZIP, resource_name: zip1, ref_start_time: 2117050365727163, ref_stop_time: 2117050365848843, actual_exe_time: 121680, task_app_start_time:2117049572799375, task_sched_time:2117050365722813
app_id: 0, app_name: SAR_api-aarch64, task_id: 12, task_name: DASH_FFT, resource_name: cpu1, ref_start_time: 2117050370827914, ref_stop_time: 2117050370941494, actual_exe_time: 113580, task_app_start_time:2117049572799375, task_sched_time:2117050370816754
app_id: 0, app_name: SAR_api-aarch64, task_id: 13, task_name: DASH_FFT, resource_name: cpu2, ref_start_time: 2117050371502434, ref_stop_time: 2117050371591954, actual_exe_time: 89520, task_app_start_time:2117049572799375, task_sched_time:2117050371495144
app_id: 0, app_name: SAR_api-aarch64, task_id: 14, task_name: DASH_ZIP, resource_name: cpu3, ref_start_time: 2117050374777504, ref_stop_time: 2117050374861834, actual_exe_time: 84330, task_app_start_time:2117049572799375, task_sched_time:2117050374773724
app_id: 0, app_name: SAR_api-aarch64, task_id: 15, task_name: DASH_FFT, resource_name: fft1, ref_start_time: 2117050375327675, ref_stop_time: 2117050375450915, actual_exe_time: 123240, task_app_start_time:2117049572799375, task_sched_time:2117050375313995
app_id: 0, app_name: SAR_api-aarch64, task_id: 16, task_name: DASH_FFT, resource_name: fft2, ref_start_time: 2117050378771585, ref_stop_time: 2117050378847755, actual_exe_time: 76170, task_app_start_time:2117049572799375, task_sched_time:2117050375887295
app_id: 0, app_name: SAR_api-aarch64, task_id: 17, task_name: DASH_ZIP, resource_name: zip1, ref_start_time: 2117050379146555, ref_stop_time: 2117050379265535, actual_exe_time: 118980, task_app_start_time:2117049572799375, task_sched_time:2117050379047945
app_id: 0, app_name: SAR_api-aarch64, task_id: 18, task_name: DASH_FFT, resource_name: cpu1, ref_start_time: 2117050380194815, ref_stop_time: 2117050380299305, actual_exe_time: 104490, task_app_start_time:2117049572799375, task_sched_time:2117050380191635
app_id: 0, app_name: SAR_api-aarch64, task_id: 19, task_name: DASH_FFT, resource_name: cpu2, ref_start_time: 2117050382248166, ref_stop_time: 2117050382352236, actual_exe_time: 104070, task_app_start_time:2117049572799375, task_sched_time:2117050382238026
app_id: 0, app_name: SAR_api-aarch64, task_id: 20, task_name: DASH_ZIP, resource_name: cpu3, ref_start_time: 2117050386802016, ref_stop_time: 2117050386884636, actual_exe_time: 82620, task_app_start_time:2117049572799375, task_sched_time:2117050385619656
app_id: 0, app_name: SAR_api-aarch64, task_id: 21, task_name: DASH_FFT, resource_name: fft1, ref_start_time: 2117050387546587, ref_stop_time: 2117050387670187, actual_exe_time: 123600, task_app_start_time:2117049572799375, task_sched_time:2117050387541817
app_id: 0, app_name: SAR_api-aarch64, task_id: 22, task_name: DASH_FFT, resource_name: fft2, ref_start_time: 2117050388224677, ref_stop_time: 2117050388294547, actual_exe_time: 69870, task_app_start_time:2117049572799375, task_sched_time:2117050388217657
app_id: 0, app_name: SAR_api-aarch64, task_id: 23, task_name: DASH_ZIP, resource_name: zip1, ref_start_time: 2117050390798227, ref_stop_time: 2117050390918617, actual_exe_time: 120390, task_app_start_time:2117049572799375, task_sched_time:2117050388967687
app_id: 0, app_name: SAR_api-aarch64, task_id: 24, task_name: DASH_FFT, resource_name: cpu1, ref_start_time: 2117050391537937, ref_stop_time: 2117050391642367, actual_exe_time: 104430, task_app_start_time:2117049572799375, task_sched_time:2117050391526387
app_id: 0, app_name: SAR_api-aarch64, task_id: 25, task_name: DASH_FFT, resource_name: cpu2, ref_start_time: 2117050392067527, ref_stop_time: 2117050392154197, actual_exe_time: 86670, task_app_start_time:2117049572799375, task_sched_time:2117050392063537
app_id: 0, app_name: SAR_api-aarch64, task_id: 26, task_name: DASH_ZIP, resource_name: cpu3, ref_start_time: 2117050394771518, ref_stop_time: 2117050394849428, actual_exe_time: 77910, task_app_start_time:2117049572799375, task_sched_time:2117050392669507
app_id: 0, app_name: SAR_api-aarch64, task_id: 27, task_name: DASH_FFT, resource_name: fft1, ref_start_time: 2117050395446728, ref_stop_time: 2117050395561688, actual_exe_time: 114960, task_app_start_time:2117049572799375, task_sched_time:2117050395437968
app_id: 0, app_name: SAR_api-aarch64, task_id: 28, task_name: DASH_FFT, resource_name: fft2, ref_start_time: 2117050395991588, ref_stop_time: 2117050396061578, actual_exe_time: 69990, task_app_start_time:2117049572799375, task_sched_time:2117050395987538
app_id: 0, app_name: SAR_api-aarch64, task_id: 29, task_name: DASH_ZIP, resource_name: zip1, ref_start_time: 2117050396726558, ref_stop_time: 2117050396846888, actual_exe_time: 120330, task_app_start_time:2117049572799375, task_sched_time:2117050396629928
app_id: 0, app_name: SAR_api-aarch64, task_id: 30, task_name: DASH_FFT, resource_name: cpu1, ref_start_time: 2117050403117459, ref_stop_time: 2117050403251739, actual_exe_time: 134280, task_app_start_time:2117049572799375, task_sched_time:2117050403110049
app_id: 0, app_name: SAR_api-aarch64, task_id: 31, task_name: DASH_FFT, resource_name: cpu2, ref_start_time: 2117050404081239, ref_stop_time: 2117050404174869, actual_exe_time: 93630, task_app_start_time:2117049572799375, task_sched_time:2117050404076709
app_id: 0, app_name: SAR_api-aarch64, task_id: 32, task_name: DASH_ZIP, resource_name: cpu3, ref_start_time: 2117050404839279, ref_stop_time: 2117050404915149, actual_exe_time: 75870, task_app_start_time:2117049572799375, task_sched_time:2117050404832379
app_id: 0, app_name: SAR_api-aarch64, task_id: 33, task_name: DASH_FFT, resource_name: fft1, ref_start_time: 2117050405458539, ref_stop_time: 2117050405572749, actual_exe_time: 114210, task_app_start_time:2117049572799375, task_sched_time:2117050405445579
app_id: 0, app_name: SAR_api-aarch64, task_id: 34, task_name: DASH_FFT, resource_name: fft2, ref_start_time: 2117050411079760, ref_stop_time: 2117050411187310, actual_exe_time: 107550, task_app_start_time:2117049572799375, task_sched_time:2117050411046310
app_id: 0, app_name: SAR_api-aarch64, task_id: 35, task_name: DASH_ZIP, resource_name: zip1, ref_start_time: 2117050411843170, ref_stop_time: 2117050411963350, actual_exe_time: 120180, task_app_start_time:2117049572799375, task_sched_time:2117050411834380
app_id: 0, app_name: SAR_api-aarch64, task_id: 36, task_name: DASH_FFT, resource_name: cpu1, ref_start_time: 2117050412994781, ref_stop_time: 2117050413098041, actual_exe_time: 103260, task_app_start_time:2117049572799375, task_sched_time:2117050412982721
app_id: 0, app_name: SAR_api-aarch64, task_id: 37, task_name: DASH_FFT, resource_name: cpu2, ref_start_time: 2117050413657091, ref_stop_time: 2117050413744061, actual_exe_time: 86970, task_app_start_time:2117049572799375, task_sched_time:2117050413648331
app_id: 0, app_name: SAR_api-aarch64, task_id: 38, task_name: DASH_ZIP, resource_name: cpu3, ref_start_time: 2117050416448501, ref_stop_time: 2117050416525091, actual_exe_time: 76590, task_app_start_time:2117049572799375, task_sched_time:2117050416440521
app_id: 0, app_name: SAR_api-aarch64, task_id: 39, task_name: DASH_FFT, resource_name: fft1, ref_start_time: 2117050417125301, ref_stop_time: 2117050417239661, actual_exe_time: 114360, task_app_start_time:2117049572799375, task_sched_time:2117050417114711
app_id: 0, app_name: SAR_api-aarch64, task_id: 40, task_name: DASH_FFT, resource_name: fft2, ref_start_time: 2117050422814292, ref_stop_time: 2117050422894032, actual_exe_time: 79740, task_app_start_time:2117049572799375, task_sched_time:2117050422808892
app_id: 0, app_name: SAR_api-aarch64, task_id: 41, task_name: DASH_ZIP, resource_name: zip1, ref_start_time: 2117050423893782, ref_stop_time: 2117050424015492, actual_exe_time: 121710, task_app_start_time:2117049572799375, task_sched_time:2117050423890482
app_id: 0, app_name: SAR_api-aarch64, task_id: 42, task_name: DASH_FFT, resource_name: cpu1, ref_start_time: 2117050424508692, ref_stop_time: 2117050424613872, actual_exe_time: 105180, task_app_start_time:2117049572799375, task_sched_time:2117050424504012
app_id: 0, app_name: SAR_api-aarch64, task_id: 43, task_name: DASH_FFT, resource_name: cpu2, ref_start_time: 2117050430973694, ref_stop_time: 2117050431077044, actual_exe_time: 103350, task_app_start_time:2117049572799375, task_sched_time:2117050430963614
app_id: 0, app_name: SAR_api-aarch64, task_id: 44, task_name: DASH_ZIP, resource_name: cpu3, ref_start_time: 2117050431920824, ref_stop_time: 2117050431995134, actual_exe_time: 74310, task_app_start_time:2117049572799375, task_sched_time:2117050431914704
app_id: 0, app_name: SAR_api-aarch64, task_id: 45, task_name: DASH_FFT, resource_name: fft1, ref_start_time: 2117050432751854, ref_stop_time: 2117050432871944, actual_exe_time: 120090, task_app_start_time:2117049572799375, task_sched_time:2117050432689664
app_id: 0, app_name: SAR_api-aarch64, task_id: 46, task_name: DASH_FFT, resource_name: fft2, ref_start_time: 2117050433219644, ref_stop_time: 2117050433581654, actual_exe_time: 362010, task_app_start_time:2117049572799375, task_sched_time:2117050433212684
app_id: 0, app_name: SAR_api-aarch64, task_id: 47, task_name: DASH_ZIP, resource_name: zip1, ref_start_time: 2117050434161524, ref_stop_time: 2117050434495724, actual_exe_time: 334200, task_app_start_time:2117049572799375, task_sched_time:2117050434158704
app_id: 0, app_name: SAR_api-aarch64, task_id: 48, task_name: DASH_FFT, resource_name: cpu1, ref_start_time: 2117050436507194, ref_stop_time: 2117050436614114, actual_exe_time: 106920, task_app_start_time:2117049572799375, task_sched_time:2117050436446624
app_id: 0, app_name: SAR_api-aarch64, task_id: 49, task_name: DASH_FFT, resource_name: cpu2, ref_start_time: 2117050442805785, ref_stop_time: 2117050442912525, actual_exe_time: 106740, task_app_start_time:2117049572799375, task_sched_time:2117050442800655
app_id: 0, app_name: SAR_api-aarch64, task_id: 50, task_name: DASH_ZIP, resource_name: cpu3, ref_start_time: 2117050449628537, ref_stop_time: 2117050449710047, actual_exe_time: 81510, task_app_start_time:2117049572799375, task_sched_time:2117050449619657
app_id: 0, app_name: SAR_api-aarch64, task_id: 51, task_name: DASH_FFT, resource_name: fft1, ref_start_time: 2117050451150287, ref_stop_time: 2117050451280097, actual_exe_time: 129810, task_app_start_time:2117049572799375, task_sched_time:2117050451138287
app_id: 0, app_name: SAR_api-aarch64, task_id: 52, task_name: DASH_FFT, resource_name: fft2, ref_start_time: 2117050459072178, ref_stop_time: 2117050459160348, actual_exe_time: 88170, task_app_start_time:2117049572799375, task_sched_time:2117050459062938
app_id: 0, app_name: SAR_api-aarch64, task_id: 53, task_name: DASH_ZIP, resource_name: zip1, ref_start_time: 2117050464149289, ref_stop_time: 2117050466856369, actual_exe_time: 2707080, task_app_start_time:2117049572799375, task_sched_time:2117050464144009
app_id: 0, app_name: SAR_api-aarch64, task_id: 54, task_name: DASH_FFT, resource_name: cpu1, ref_start_time: 2117050467377679, ref_stop_time: 2117050467489519, actual_exe_time: 111840, task_app_start_time:2117049572799375, task_sched_time:2117050467131109
app_id: 0, app_name: SAR_api-aarch64, task_id: 55, task_name: DASH_FFT, resource_name: cpu2, ref_start_time: 2117050470931330, ref_stop_time: 2117050471045150, actual_exe_time: 113820, task_app_start_time:2117049572799375, task_sched_time:2117050470923080
app_id: 0, app_name: SAR_api-aarch64, task_id: 56, task_name: DASH_ZIP, resource_name: cpu3, ref_start_time: 2117050477856351, ref_stop_time: 2117050477936961, actual_exe_time: 80610, task_app_start_time:2117049572799375, task_sched_time:2117050477846121
app_id: 0, app_name: SAR_api-aarch64, task_id: 57, task_name: DASH_FFT, resource_name: fft1, ref_start_time: 2117050482818922, ref_stop_time: 2117050482951552, actual_exe_time: 132630, task_app_start_time:2117049572799375, task_sched_time:2117050482807282
app_id: 0, app_name: SAR_api-aarch64, task_id: 58, task_name: DASH_FFT, resource_name: fft2, ref_start_time: 2117050490817973, ref_stop_time: 2117050490891833, actual_exe_time: 73860, task_app_start_time:2117049572799375, task_sched_time:2117050490808643
app_id: 0, app_name: SAR_api-aarch64, task_id: 59, task_name: DASH_ZIP, resource_name: zip1, ref_start_time: 2117050492045873, ref_stop_time: 2117050492171813, actual_exe_time: 125940, task_app_start_time:2117049572799375, task_sched_time:2117050492040323
app_id: 0, app_name: SAR_api-aarch64, task_id: 60, task_name: DASH_FFT, resource_name: cpu1, ref_start_time: 2117050499103584, ref_stop_time: 2117050499665605, actual_exe_time: 562021, task_app_start_time:2117049572799375, task_sched_time:2117050499095694
app_id: 0, app_name: SAR_api-aarch64, task_id: 61, task_name: DASH_FFT, resource_name: cpu2, ref_start_time: 2117050505578066, ref_stop_time: 2117050505685046, actual_exe_time: 106980, task_app_start_time:2117049572799375, task_sched_time:2117050505571136
app_id: 0, app_name: SAR_api-aarch64, task_id: 62, task_name: DASH_ZIP, resource_name: cpu3, ref_start_time: 2117050510803766, ref_stop_time: 2117050510889266, actual_exe_time: 85500, task_app_start_time:2117049572799375, task_sched_time:2117050510798186
app_id: 0, app_name: SAR_api-aarch64, task_id: 63, task_name: DASH_FFT, resource_name: fft1, ref_start_time: 2117050519258008, ref_stop_time: 2117050519384998, actual_exe_time: 126990, task_app_start_time:2117049572799375, task_sched_time:2117050519124628
app_id: 0, app_name: SAR_api-aarch64, task_id: 64, task_name: DASH_FFT, resource_name: fft2, ref_start_time: 2117050520733948, ref_stop_time: 2117050520803758, actual_exe_time: 69810, task_app_start_time:2117049572799375, task_sched_time:2117050520727078
app_id: 0, app_name: SAR_api-aarch64, task_id: 65, task_name: DASH_ZIP, resource_name: zip1, ref_start_time: 2117050524416419, ref_stop_time: 2117050524540079, actual_exe_time: 123660, task_app_start_time:2117049572799375, task_sched_time:2117050524377509
app_id: 0, app_name: SAR_api-aarch64, task_id: 66, task_name: DASH_FFT, resource_name: cpu1, ref_start_time: 2117050525768159, ref_stop_time: 2117050525883899, actual_exe_time: 115740, task_app_start_time:2117049572799375, task_sched_time:2117050525466599
app_id: 0, app_name: SAR_api-aarch64, task_id: 67, task_name: DASH_FFT, resource_name: cpu2, ref_start_time: 2117050527004939, ref_stop_time: 2117050527101839, actual_exe_time: 96900, task_app_start_time:2117049572799375, task_sched_time:2117050526995339
app_id: 0, app_name: SAR_api-aarch64, task_id: 68, task_name: DASH_ZIP, resource_name: cpu3, ref_start_time: 2117050530804950, ref_stop_time: 2117050530882410, actual_exe_time: 77460, task_app_start_time:2117049572799375, task_sched_time:2117050527904819
app_id: 0, app_name: SAR_api-aarch64, task_id: 69, task_name: DASH_FFT, resource_name: fft1, ref_start_time: 2117050533822650, ref_stop_time: 2117050533945920, actual_exe_time: 123270, task_app_start_time:2117049572799375, task_sched_time:2117050533813740
app_id: 0, app_name: SAR_api-aarch64, task_id: 70, task_name: DASH_FFT, resource_name: fft2, ref_start_time: 2117050539145131, ref_stop_time: 2117050539228921, actual_exe_time: 83790, task_app_start_time:2117049572799375, task_sched_time:2117050539136431
app_id: 0, app_name: SAR_api-aarch64, task_id: 71, task_name: DASH_ZIP, resource_name: zip1, ref_start_time: 2117050547074282, ref_stop_time: 2117050547199142, actual_exe_time: 124860, task_app_start_time:2117049572799375, task_sched_time:2117050546968532
app_id: 0, app_name: SAR_api-aarch64, task_id: 72, task_name: DASH_FFT, resource_name: cpu1, ref_start_time: 2117050549108013, ref_stop_time: 2117050549242923, actual_exe_time: 134910, task_app_start_time:2117049572799375, task_sched_time:2117050549101023
app_id: 0, app_name: SAR_api-aarch64, task_id: 73, task_name: DASH_FFT, resource_name: cpu2, ref_start_time: 2117050558987404, ref_stop_time: 2117050559100354, actual_exe_time: 112950, task_app_start_time:2117049572799375, task_sched_time:2117050558981584
app_id: 0, app_name: SAR_api-aarch64, task_id: 74, task_name: DASH_ZIP, resource_name: cpu3, ref_start_time: 2117050562533345, ref_stop_time: 2117050562612845, actual_exe_time: 79500, task_app_start_time:2117049572799375, task_sched_time:2117050562377075
app_id: 0, app_name: SAR_api-aarch64, task_id: 75, task_name: DASH_FFT, resource_name: fft1, ref_start_time: 2117050562832835, ref_stop_time: 2117050563349045, actual_exe_time: 516210, task_app_start_time:2117049572799375, task_sched_time:2117050562777995
app_id: 0, app_name: SAR_api-aarch64, task_id: 76, task_name: DASH_FFT, resource_name: fft2, ref_start_time: 2117050563509425, ref_stop_time: 2117050563598855, actual_exe_time: 89430, task_app_start_time:2117049572799375, task_sched_time:2117050563502525
app_id: 0, app_name: SAR_api-aarch64, task_id: 77, task_name: DASH_ZIP, resource_name: zip1, ref_start_time: 2117050566245065, ref_stop_time: 2117050566385585, actual_exe_time: 140520, task_app_start_time:2117049572799375, task_sched_time:2117050564711525
app_id: 0, app_name: SAR_api-aarch64, task_id: 78, task_name: DASH_FFT, resource_name: cpu1, ref_start_time: 2117050575038127, ref_stop_time: 2117050575157107, actual_exe_time: 118980, task_app_start_time:2117049572799375, task_sched_time:2117050574932017
app_id: 0, app_name: SAR_api-aarch64, task_id: 79, task_name: DASH_FFT, resource_name: cpu2, ref_start_time: 2117050576522977, ref_stop_time: 2117050576797837, actual_exe_time: 274860, task_app_start_time:2117049572799375, task_sched_time:2117050576514277
app_id: 0, app_name: SAR_api-aarch64, task_id: 80, task_name: DASH_ZIP, resource_name: cpu3, ref_start_time: 2117050579128417, ref_stop_time: 2117050579207467, actual_exe_time: 79050, task_app_start_time:2117049572799375, task_sched_time:2117050579120917
app_id: 0, app_name: SAR_api-aarch64, task_id: 81, task_name: DASH_FFT, resource_name: fft1, ref_start_time: 2117050587008069, ref_stop_time: 2117050587134669, actual_exe_time: 126600, task_app_start_time:2117049572799375, task_sched_time:2117050586861879
app_id: 0, app_name: SAR_api-aarch64, task_id: 82, task_name: DASH_FFT, resource_name: fft2, ref_start_time: 2117050591652609, ref_stop_time: 2117050591730129, actual_exe_time: 77520, task_app_start_time:2117049572799375, task_sched_time:2117050591647899
app_id: 0, app_name: SAR_api-aarch64, task_id: 83, task_name: DASH_ZIP, resource_name: zip1, ref_start_time: 2117050598828011, ref_stop_time: 2117050598959681, actual_exe_time: 131670, task_app_start_time:2117049572799375, task_sched_time:2117050598821681
app_id: 0, app_name: SAR_api-aarch64, task_id: 84, task_name: DASH_FFT, resource_name: cpu1, ref_start_time: 2117050602875461, ref_stop_time: 2117050602993451, actual_exe_time: 117990, task_app_start_time:2117049572799375, task_sched_time:2117050602869041
app_id: 0, app_name: SAR_api-aarch64, task_id: 85, task_name: DASH_FFT, resource_name: cpu2, ref_start_time: 2117050605667862, ref_stop_time: 2117050605767282, actual_exe_time: 99420, task_app_start_time:2117049572799375, task_sched_time:2117050605662492
app_id: 0, app_name: SAR_api-aarch64, task_id: 86, task_name: DASH_ZIP, resource_name: cpu3, ref_start_time: 2117050606991462, ref_stop_time: 2117050607067962, actual_exe_time: 76500, task_app_start_time:2117049572799375, task_sched_time:2117050606985912
app_id: 0, app_name: SAR_api-aarch64, task_id: 87, task_name: DASH_FFT, resource_name: fft1, ref_start_time: 2117050615015443, ref_stop_time: 2117050615147353, actual_exe_time: 131910, task_app_start_time:2117049572799375, task_sched_time:2117050614857523
app_id: 0, app_name: SAR_api-aarch64, task_id: 88, task_name: DASH_FFT, resource_name: fft2, ref_start_time: 2117050619386924, ref_stop_time: 2117050619468404, actual_exe_time: 81480, task_app_start_time:2117049572799375, task_sched_time:2117050619380804
app_id: 0, app_name: SAR_api-aarch64, task_id: 89, task_name: DASH_ZIP, resource_name: zip1, ref_start_time: 2117050622857564, ref_stop_time: 2117050622982064, actual_exe_time: 124500, task_app_start_time:2117049572799375, task_sched_time:2117050622851264
app_id: 0, app_name: SAR_api-aarch64, task_id: 90, task_name: DASH_FFT, resource_name: cpu1, ref_start_time: 2117050630788996, ref_stop_time: 2117050630918356, actual_exe_time: 129360, task_app_start_time:2117049572799375, task_sched_time:2117050630781316
app_id: 0, app_name: SAR_api-aarch64, task_id: 91, task_name: DASH_FFT, resource_name: cpu2, ref_start_time: 2117050633747476, ref_stop_time: 2117050633857186, actual_exe_time: 109710, task_app_start_time:2117049572799375, task_sched_time:2117050633596846
app_id: 0, app_name: SAR_api-aarch64, task_id: 92, task_name: DASH_ZIP, resource_name: cpu3, ref_start_time: 2117050639174747, ref_stop_time: 2117050639256857, actual_exe_time: 82110, task_app_start_time:2117049572799375, task_sched_time:2117050639166047
app_id: 0, app_name: SAR_api-aarch64, task_id: 93, task_name: DASH_FFT, resource_name: fft1, ref_start_time: 2117050646843408, ref_stop_time: 2117050646972258, actual_exe_time: 128850, task_app_start_time:2117049572799375, task_sched_time:2117050646838158
app_id: 0, app_name: SAR_api-aarch64, task_id: 94, task_name: DASH_FFT, resource_name: fft2, ref_start_time: 2117050648047008, ref_stop_time: 2117050648122068, actual_exe_time: 75060, task_app_start_time:2117049572799375, task_sched_time:2117050647902018
app_id: 0, app_name: SAR_api-aarch64, task_id: 95, task_name: DASH_ZIP, resource_name: zip1, ref_start_time: 2117050654815820, ref_stop_time: 2117050654943530, actual_exe_time: 127710, task_app_start_time:2117049572799375, task_sched_time:2117050654806340
app_id: 0, app_name: SAR_api-aarch64, task_id: 96, task_name: DASH_FFT, resource_name: cpu1, ref_start_time: 2117050658873080, ref_stop_time: 2117050658991730, actual_exe_time: 118650, task_app_start_time:2117049572799375, task_sched_time:2117050658869240
app_id: 0, app_name: SAR_api-aarch64, task_id: 97, task_name: DASH_FFT, resource_name: cpu2, ref_start_time: 2117050661958671, ref_stop_time: 2117050662065891, actual_exe_time: 107220, task_app_start_time:2117049572799375, task_sched_time:2117050661809661
app_id: 0, app_name: SAR_api-aarch64, task_id: 98, task_name: DASH_ZIP, resource_name: cpu3, ref_start_time: 2117050670880462, ref_stop_time: 2117050670968302, actual_exe_time: 87840, task_app_start_time:2117049572799375, task_sched_time:2117050670871612
app_id: 0, app_name: SAR_api-aarch64, task_id: 99, task_name: DASH_FFT, resource_name: fft1, ref_start_time: 2117050676062063, ref_stop_time: 2117050676196913, actual_exe_time: 134850, task_app_start_time:2117049572799375, task_sched_time:2117050676048533
app_id: 0, app_name: SAR_api-aarch64, task_id: 100, task_name: DASH_FFT, resource_name: fft2, ref_start_time: 2117050683221294, ref_stop_time: 2117050683310694, actual_exe_time: 89400, task_app_start_time:2117049572799375, task_sched_time:2117050683210854
app_id: 0, app_name: SAR_api-aarch64, task_id: 101, task_name: DASH_ZIP, resource_name: zip1, ref_start_time: 2117050684336484, ref_stop_time: 2117050684455614, actual_exe_time: 119130, task_app_start_time:2117049572799375, task_sched_time:2117050684332464
app_id: 0, app_name: SAR_api-aarch64, task_id: 102, task_name: DASH_FFT, resource_name: cpu1, ref_start_time: 2117050689587865, ref_stop_time: 2117050689710565, actual_exe_time: 122700, task_app_start_time:2117049572799375, task_sched_time:2117050689579885
app_id: 0, app_name: SAR_api-aarch64, task_id: 103, task_name: DASH_FFT, resource_name: cpu2, ref_start_time: 2117050690514835, ref_stop_time: 2117050690611045, actual_exe_time: 96210, task_app_start_time:2117049572799375, task_sched_time:2117050690506855
app_id: 0, app_name: SAR_api-aarch64, task_id: 104, task_name: DASH_ZIP, resource_name: cpu3, ref_start_time: 2117050698808517, ref_stop_time: 2117050698890687, actual_exe_time: 82170, task_app_start_time:2117049572799375, task_sched_time:2117050698798947
app_id: 0, app_name: SAR_api-aarch64, task_id: 105, task_name: DASH_FFT, resource_name: fft1, ref_start_time: 2117050702810487, ref_stop_time: 2117050702930547, actual_exe_time: 120060, task_app_start_time:2117049572799375, task_sched_time:2117050702805297
app_id: 0, app_name: SAR_api-aarch64, task_id: 106, task_name: DASH_FFT, resource_name: fft2, ref_start_time: 2117050703943557, ref_stop_time: 2117050704019907, actual_exe_time: 76350, task_app_start_time:2117049572799375, task_sched_time:2117050703785277
app_id: 0, app_name: SAR_api-aarch64, task_id: 107, task_name: DASH_ZIP, resource_name: zip1, ref_start_time: 2117050711022269, ref_stop_time: 2117050711148359, actual_exe_time: 126090, task_app_start_time:2117049572799375, task_sched_time:2117050711011379
app_id: 0, app_name: SAR_api-aarch64, task_id: 108, task_name: DASH_FFT, resource_name: cpu1, ref_start_time: 2117050714884679, ref_stop_time: 2117050715004019, actual_exe_time: 119340, task_app_start_time:2117049572799375, task_sched_time:2117050714871959
app_id: 0, app_name: SAR_api-aarch64, task_id: 109, task_name: DASH_FFT, resource_name: cpu2, ref_start_time: 2117050717569950, ref_stop_time: 2117050717677920, actual_exe_time: 107970, task_app_start_time:2117049572799375, task_sched_time:2117050717428620
app_id: 0, app_name: SAR_api-aarch64, task_id: 110, task_name: DASH_ZIP, resource_name: cpu3, ref_start_time: 2117050723156521, ref_stop_time: 2117050723238481, actual_exe_time: 81960, task_app_start_time:2117049572799375, task_sched_time:2117050723148541
app_id: 0, app_name: SAR_api-aarch64, task_id: 111, task_name: DASH_FFT, resource_name: fft1, ref_start_time: 2117050726879911, ref_stop_time: 2117050727008611, actual_exe_time: 128700, task_app_start_time:2117049572799375, task_sched_time:2117050726806231
app_id: 0, app_name: SAR_api-aarch64, task_id: 112, task_name: DASH_FFT, resource_name: fft2, ref_start_time: 2117050730818972, ref_stop_time: 2117050730899312, actual_exe_time: 80340, task_app_start_time:2117049572799375, task_sched_time:2117050730813722
app_id: 0, app_name: SAR_api-aarch64, task_id: 113, task_name: DASH_ZIP, resource_name: zip1, ref_start_time: 2117050735256482, ref_stop_time: 2117050735384223, actual_exe_time: 127741, task_app_start_time:2117049572799375, task_sched_time:2117050735250392
app_id: 0, app_name: SAR_api-aarch64, task_id: 114, task_name: DASH_FFT, resource_name: cpu1, ref_start_time: 2117050738933793, ref_stop_time: 2117050739058683, actual_exe_time: 124890, task_app_start_time:2117049572799375, task_sched_time:2117050738925363
app_id: 0, app_name: SAR_api-aarch64, task_id: 115, task_name: DASH_FFT, resource_name: cpu2, ref_start_time: 2117050743103554, ref_stop_time: 2117050743207834, actual_exe_time: 104280, task_app_start_time:2117049572799375, task_sched_time:2117050743093144
app_id: 0, app_name: SAR_api-aarch64, task_id: 116, task_name: DASH_ZIP, resource_name: cpu3, ref_start_time: 2117050746792204, ref_stop_time: 2117050747098264, actual_exe_time: 306060, task_app_start_time:2117049572799375, task_sched_time:2117050746787674
app_id: 0, app_name: SAR_api-aarch64, task_id: 117, task_name: DASH_FFT, resource_name: fft1, ref_start_time: 2117050747873675, ref_stop_time: 2117050747994425, actual_exe_time: 120750, task_app_start_time:2117049572799375, task_sched_time:2117050747813195
app_id: 0, app_name: SAR_api-aarch64, task_id: 118, task_name: DASH_FFT, resource_name: fft2, ref_start_time: 2117050750848115, ref_stop_time: 2117050750931665, actual_exe_time: 83550, task_app_start_time:2117049572799375, task_sched_time:2117050750838755
app_id: 0, app_name: SAR_api-aarch64, task_id: 119, task_name: DASH_ZIP, resource_name: zip1, ref_start_time: 2117050755590936, ref_stop_time: 2117050756096016, actual_exe_time: 505080, task_app_start_time:2117049572799375, task_sched_time:2117050755586166
app_id: 0, app_name: SAR_api-aarch64, task_id: 120, task_name: DASH_FFT, resource_name: cpu1, ref_start_time: 2117050762087167, ref_stop_time: 2117050762203177, actual_exe_time: 116010, task_app_start_time:2117049572799375, task_sched_time:2117050762076067
app_id: 0, app_name: SAR_api-aarch64, task_id: 121, task_name: DASH_FFT, resource_name: cpu2, ref_start_time: 2117050763226117, ref_stop_time: 2117050763323647, actual_exe_time: 97530, task_app_start_time:2117049572799375, task_sched_time:2117050763217897
app_id: 0, app_name: SAR_api-aarch64, task_id: 122, task_name: DASH_ZIP, resource_name: cpu3, ref_start_time: 2117050767004318, ref_stop_time: 2117050767340498, actual_exe_time: 336180, task_app_start_time:2117049572799375, task_sched_time:2117050766996278
app_id: 0, app_name: SAR_api-aarch64, task_id: 123, task_name: DASH_FFT, resource_name: fft1, ref_start_time: 2117050770857218, ref_stop_time: 2117050770982138, actual_exe_time: 124920, task_app_start_time:2117049572799375, task_sched_time:2117050770840808
app_id: 0, app_name: SAR_api-aarch64, task_id: 124, task_name: DASH_FFT, resource_name: fft2, ref_start_time: 2117050775354609, ref_stop_time: 2117050775435099, actual_exe_time: 80490, task_app_start_time:2117049572799375, task_sched_time:2117050775346599
app_id: 0, app_name: SAR_api-aarch64, task_id: 125, task_name: DASH_ZIP, resource_name: zip1, ref_start_time: 2117050777528649, ref_stop_time: 2117050777860599, actual_exe_time: 331950, task_app_start_time:2117049572799375, task_sched_time:2117050777525199
app_id: 0, app_name: SAR_api-aarch64, task_id: 126, task_name: DASH_FFT, resource_name: cpu1, ref_start_time: 2117050783218390, ref_stop_time: 2117050783338150, actual_exe_time: 119760, task_app_start_time:2117049572799375, task_sched_time:2117050783203360
app_id: 0, app_name: SAR_api-aarch64, task_id: 127, task_name: DASH_FFT, resource_name: cpu2, ref_start_time: 2117050783950630, ref_stop_time: 2117050784357910, actual_exe_time: 407280, task_app_start_time:2117049572799375, task_sched_time:2117050783944120
app_id: 0, app_name: SAR_api-aarch64, task_id: 128, task_name: DASH_ZIP, resource_name: cpu3, ref_start_time: 2117050791110521, ref_stop_time: 2117050791191941, actual_exe_time: 81420, task_app_start_time:2117049572799375, task_sched_time:2117050791100981
app_id: 0, app_name: SAR_api-aarch64, task_id: 129, task_name: DASH_FFT, resource_name: fft1, ref_start_time: 2117050793460692, ref_stop_time: 2117050793586632, actual_exe_time: 125940, task_app_start_time:2117049572799375, task_sched_time:2117050793454332
app_id: 0, app_name: SAR_api-aarch64, task_id: 130, task_name: DASH_FFT, resource_name: fft2, ref_start_time: 2117050798882683, ref_stop_time: 2117050798971033, actual_exe_time: 88350, task_app_start_time:2117049572799375, task_sched_time:2117050798875243
app_id: 0, app_name: SAR_api-aarch64, task_id: 131, task_name: DASH_ZIP, resource_name: zip1, ref_start_time: 2117050806840514, ref_stop_time: 2117050806964894, actual_exe_time: 124380, task_app_start_time:2117049572799375, task_sched_time:2117050806833224
app_id: 0, app_name: SAR_api-aarch64, task_id: 132, task_name: DASH_FFT, resource_name: cpu1, ref_start_time: 2117050807879054, ref_stop_time: 2117050808001844, actual_exe_time: 122790, task_app_start_time:2117049572799375, task_sched_time:2117050807873624
app_id: 0, app_name: SAR_api-aarch64, task_id: 133, task_name: DASH_FFT, resource_name: cpu2, ref_start_time: 2117050814938025, ref_stop_time: 2117050815046805, actual_exe_time: 108780, task_app_start_time:2117049572799375, task_sched_time:2117050814930855
app_id: 0, app_name: SAR_api-aarch64, task_id: 134, task_name: DASH_ZIP, resource_name: cpu3, ref_start_time: 2117050819000926, ref_stop_time: 2117050819076376, actual_exe_time: 75450, task_app_start_time:2117049572799375, task_sched_time:2117050818991056
app_id: 0, app_name: SAR_api-aarch64, task_id: 135, task_name: DASH_FFT, resource_name: fft1, ref_start_time: 2117050821790986, ref_stop_time: 2117050821918156, actual_exe_time: 127170, task_app_start_time:2117049572799375, task_sched_time:2117050821780216
app_id: 0, app_name: SAR_api-aarch64, task_id: 136, task_name: DASH_FFT, resource_name: fft2, ref_start_time: 2117050831228748, ref_stop_time: 2117050831317458, actual_exe_time: 88710, task_app_start_time:2117049572799375, task_sched_time:2117050831219238
app_id: 0, app_name: SAR_api-aarch64, task_id: 137, task_name: DASH_ZIP, resource_name: zip1, ref_start_time: 2117050834948749, ref_stop_time: 2117050835072289, actual_exe_time: 123540, task_app_start_time:2117049572799375, task_sched_time:2117050834942389
app_id: 0, app_name: SAR_api-aarch64, task_id: 138, task_name: DASH_FFT, resource_name: cpu1, ref_start_time: 2117050839165879, ref_stop_time: 2117050839281949, actual_exe_time: 116070, task_app_start_time:2117049572799375, task_sched_time:2117050839160599
app_id: 0, app_name: SAR_api-aarch64, task_id: 139, task_name: DASH_FFT, resource_name: cpu2, ref_start_time: 2117050842831400, ref_stop_time: 2117050842941680, actual_exe_time: 110280, task_app_start_time:2117049572799375, task_sched_time:2117050839958119
app_id: 0, app_name: SAR_api-aarch64, task_id: 140, task_name: DASH_ZIP, resource_name: cpu3, ref_start_time: 2117050843795510, ref_stop_time: 2117050843872250, actual_exe_time: 76740, task_app_start_time:2117049572799375, task_sched_time:2117050843787470
app_id: 0, app_name: SAR_api-aarch64, task_id: 141, task_name: DASH_FFT, resource_name: fft1, ref_start_time: 2117050844659210, ref_stop_time: 2117050844778490, actual_exe_time: 119280, task_app_start_time:2117049572799375, task_sched_time:2117050844648170
app_id: 0, app_name: SAR_api-aarch64, task_id: 142, task_name: DASH_FFT, resource_name: fft2, ref_start_time: 2117050846768000, ref_stop_time: 2117050846843420, actual_exe_time: 75420, task_app_start_time:2117049572799375, task_sched_time:2117050845144070
app_id: 0, app_name: SAR_api-aarch64, task_id: 143, task_name: DASH_ZIP, resource_name: zip1, ref_start_time: 2117050847778101, ref_stop_time: 2117050847897651, actual_exe_time: 119550, task_app_start_time:2117049572799375, task_sched_time:2117050847771591
app_id: 0, app_name: SAR_api-aarch64, task_id: 144, task_name: DASH_FFT, resource_name: cpu1, ref_start_time: 2117050848531071, ref_stop_time: 2117050848635831, actual_exe_time: 104760, task_app_start_time:2117049572799375, task_sched_time:2117050848520691
app_id: 0, app_name: SAR_api-aarch64, task_id: 145, task_name: DASH_FFT, resource_name: cpu2, ref_start_time: 2117050849474871, ref_stop_time: 2117050849572821, actual_exe_time: 97950, task_app_start_time:2117049572799375, task_sched_time:2117050849470011
app_id: 0, app_name: SAR_api-aarch64, task_id: 146, task_name: DASH_ZIP, resource_name: cpu3, ref_start_time: 2117050855197222, ref_stop_time: 2117050855280592, actual_exe_time: 83370, task_app_start_time:2117049572799375, task_sched_time:2117050855190562
app_id: 0, app_name: SAR_api-aarch64, task_id: 147, task_name: DASH_FFT, resource_name: fft1, ref_start_time: 2117050859020662, ref_stop_time: 2117050859143512, actual_exe_time: 122850, task_app_start_time:2117049572799375, task_sched_time:2117050859016432
app_id: 0, app_name: SAR_api-aarch64, task_id: 148, task_name: DASH_FFT, resource_name: fft2, ref_start_time: 2117050862623993, ref_stop_time: 2117050862698933, actual_exe_time: 74940, task_app_start_time:2117049572799375, task_sched_time:2117050859370402
app_id: 0, app_name: SAR_api-aarch64, task_id: 149, task_name: DASH_ZIP, resource_name: zip1, ref_start_time: 2117050867026224, ref_stop_time: 2117050867155134, actual_exe_time: 128910, task_app_start_time:2117049572799375, task_sched_time:2117050867019624
app_id: 0, app_name: SAR_api-aarch64, task_id: 150, task_name: DASH_FFT, resource_name: cpu1, ref_start_time: 2117050871134844, ref_stop_time: 2117050871248394, actual_exe_time: 113550, task_app_start_time:2117049572799375, task_sched_time:2117050871094044
app_id: 0, app_name: SAR_api-aarch64, task_id: 151, task_name: DASH_FFT, resource_name: cpu2, ref_start_time: 2117050874912985, ref_stop_time: 2117050875016095, actual_exe_time: 103110, task_app_start_time:2117049572799375, task_sched_time:2117050874905725
app_id: 0, app_name: SAR_api-aarch64, task_id: 152, task_name: DASH_ZIP, resource_name: cpu3, ref_start_time: 2117050875769545, ref_stop_time: 2117050875845445, actual_exe_time: 75900, task_app_start_time:2117049572799375, task_sched_time:2117050875762795
app_id: 0, app_name: SAR_api-aarch64, task_id: 153, task_name: DASH_FFT, resource_name: fft1, ref_start_time: 2117050878658216, ref_stop_time: 2117050878793066, actual_exe_time: 134850, task_app_start_time:2117049572799375, task_sched_time:2117050878643426
app_id: 0, app_name: SAR_api-aarch64, task_id: 154, task_name: DASH_FFT, resource_name: fft2, ref_start_time: 2117050880100196, ref_stop_time: 2117050880173636, actual_exe_time: 73440, task_app_start_time:2117049572799375, task_sched_time:2117050880094796
app_id: 0, app_name: SAR_api-aarch64, task_id: 155, task_name: DASH_ZIP, resource_name: zip1, ref_start_time: 2117050882799026, ref_stop_time: 2117050882923856, actual_exe_time: 124830, task_app_start_time:2117049572799375, task_sched_time:2117050880910556
app_id: 0, app_name: SAR_api-aarch64, task_id: 156, task_name: DASH_FFT, resource_name: cpu1, ref_start_time: 2117050883688526, ref_stop_time: 2117050883804416, actual_exe_time: 115890, task_app_start_time:2117049572799375, task_sched_time:2117050883678866
app_id: 0, app_name: SAR_api-aarch64, task_id: 157, task_name: DASH_FFT, resource_name: cpu2, ref_start_time: 2117050884567707, ref_stop_time: 2117050884661037, actual_exe_time: 93330, task_app_start_time:2117049572799375, task_sched_time:2117050884560327
app_id: 0, app_name: SAR_api-aarch64, task_id: 158, task_name: DASH_ZIP, resource_name: cpu3, ref_start_time: 2117050891276008, ref_stop_time: 2117050891358028, actual_exe_time: 82020, task_app_start_time:2117049572799375, task_sched_time:2117050891268388
app_id: 0, app_name: SAR_api-aarch64, task_id: 159, task_name: DASH_FFT, resource_name: fft1, ref_start_time: 2117050892131488, ref_stop_time: 2117050892252838, actual_exe_time: 121350, task_app_start_time:2117049572799375, task_sched_time:2117050892116998
app_id: 0, app_name: SAR_api-aarch64, task_id: 160, task_name: DASH_FFT, resource_name: fft2, ref_start_time: 2117050892466888, ref_stop_time: 2117050892536308, actual_exe_time: 69420, task_app_start_time:2117049572799375, task_sched_time:2117050892460198
app_id: 0, app_name: SAR_api-aarch64, task_id: 161, task_name: DASH_ZIP, resource_name: zip1, ref_start_time: 2117050892945208, ref_stop_time: 2117050893065718, actual_exe_time: 120510, task_app_start_time:2117049572799375, task_sched_time:2117050892940528
app_id: 0, app_name: SAR_api-aarch64, task_id: 162, task_name: DASH_FFT, resource_name: cpu1, ref_start_time: 2117050896012588, ref_stop_time: 2117050896116478, actual_exe_time: 103890, task_app_start_time:2117049572799375, task_sched_time:2117050896007158
app_id: 0, app_name: SAR_api-aarch64, task_id: 163, task_name: DASH_FFT, resource_name: cpu2, ref_start_time: 2117050897444339, ref_stop_time: 2117050897539499, actual_exe_time: 95160, task_app_start_time:2117049572799375, task_sched_time:2117050897440889
app_id: 0, app_name: SAR_api-aarch64, task_id: 164, task_name: DASH_ZIP, resource_name: cpu3, ref_start_time: 2117050899342919, ref_stop_time: 2117050899421279, actual_exe_time: 78360, task_app_start_time:2117049572799375, task_sched_time:2117050899336529
app_id: 0, app_name: SAR_api-aarch64, task_id: 165, task_name: DASH_FFT, resource_name: fft1, ref_start_time: 2117050902485119, ref_stop_time: 2117050902612199, actual_exe_time: 127080, task_app_start_time:2117049572799375, task_sched_time:2117050902479029
app_id: 0, app_name: SAR_api-aarch64, task_id: 166, task_name: DASH_FFT, resource_name: fft2, ref_start_time: 2117050903328690, ref_stop_time: 2117050903405190, actual_exe_time: 76500, task_app_start_time:2117049572799375, task_sched_time:2117050903321760
app_id: 0, app_name: SAR_api-aarch64, task_id: 167, task_name: DASH_ZIP, resource_name: zip1, ref_start_time: 2117050906778150, ref_stop_time: 2117050906902170, actual_exe_time: 124020, task_app_start_time:2117049572799375, task_sched_time:2117050904282540
app_id: 0, app_name: SAR_api-aarch64, task_id: 168, task_name: DASH_FFT, resource_name: cpu1, ref_start_time: 2117050907655440, ref_stop_time: 2117050907763020, actual_exe_time: 107580, task_app_start_time:2117049572799375, task_sched_time:2117050907596820
app_id: 0, app_name: SAR_api-aarch64, task_id: 169, task_name: DASH_FFT, resource_name: cpu2, ref_start_time: 2117050908440090, ref_stop_time: 2117050908528170, actual_exe_time: 88080, task_app_start_time:2117049572799375, task_sched_time:2117050908432950
app_id: 0, app_name: SAR_api-aarch64, task_id: 170, task_name: DASH_ZIP, resource_name: cpu3, ref_start_time: 2117050910796141, ref_stop_time: 2117050910872611, actual_exe_time: 76470, task_app_start_time:2117049572799375, task_sched_time:2117050909300100
app_id: 0, app_name: SAR_api-aarch64, task_id: 171, task_name: DASH_FFT, resource_name: fft1, ref_start_time: 2117050911595461, ref_stop_time: 2117050911714081, actual_exe_time: 118620, task_app_start_time:2117049572799375, task_sched_time:2117050911519831
app_id: 0, app_name: SAR_api-aarch64, task_id: 172, task_name: DASH_FFT, resource_name: fft2, ref_start_time: 2117050912241691, ref_stop_time: 2117050912311621, actual_exe_time: 69930, task_app_start_time:2117049572799375, task_sched_time:2117050912236861
app_id: 0, app_name: SAR_api-aarch64, task_id: 173, task_name: DASH_ZIP, resource_name: zip1, ref_start_time: 2117050913766711, ref_stop_time: 2117050913886231, actual_exe_time: 119520, task_app_start_time:2117049572799375, task_sched_time:2117050912947831
app_id: 0, app_name: SAR_api-aarch64, task_id: 174, task_name: DASH_FFT, resource_name: cpu1, ref_start_time: 2117050914598341, ref_stop_time: 2117050914702441, actual_exe_time: 104100, task_app_start_time:2117049572799375, task_sched_time:2117050914568221
app_id: 0, app_name: SAR_api-aarch64, task_id: 175, task_name: DASH_FFT, resource_name: cpu2, ref_start_time: 2117050919080882, ref_stop_time: 2117050919182072, actual_exe_time: 101190, task_app_start_time:2117049572799375, task_sched_time:2117050919071732
app_id: 0, app_name: SAR_api-aarch64, task_id: 176, task_name: DASH_ZIP, resource_name: cpu3, ref_start_time: 2117050923024203, ref_stop_time: 2117050923105983, actual_exe_time: 81780, task_app_start_time:2117049572799375, task_sched_time:2117050923016733
app_id: 0, app_name: SAR_api-aarch64, task_id: 177, task_name: DASH_FFT, resource_name: fft1, ref_start_time: 2117050927135253, ref_stop_time: 2117050927262003, actual_exe_time: 126750, task_app_start_time:2117049572799375, task_sched_time:2117050927124663
app_id: 0, app_name: SAR_api-aarch64, task_id: 178, task_name: DASH_FFT, resource_name: fft2, ref_start_time: 2117050930154694, ref_stop_time: 2117050930228494, actual_exe_time: 73800, task_app_start_time:2117049572799375, task_sched_time:2117050930145454
app_id: 0, app_name: SAR_api-aarch64, task_id: 179, task_name: DASH_ZIP, resource_name: zip1, ref_start_time: 2117050934883655, ref_stop_time: 2117050935014515, actual_exe_time: 130860, task_app_start_time:2117049572799375, task_sched_time:2117050934874265
app_id: 0, app_name: SAR_api-aarch64, task_id: 180, task_name: DASH_FFT, resource_name: cpu1, ref_start_time: 2117050939070725, ref_stop_time: 2117050939184755, actual_exe_time: 114030, task_app_start_time:2117049572799375, task_sched_time:2117050939030825
app_id: 0, app_name: SAR_api-aarch64, task_id: 181, task_name: DASH_FFT, resource_name: cpu2, ref_start_time: 2117050942958546, ref_stop_time: 2117050943057126, actual_exe_time: 98580, task_app_start_time:2117049572799375, task_sched_time:2117050942949096
app_id: 0, app_name: SAR_api-aarch64, task_id: 182, task_name: DASH_ZIP, resource_name: cpu3, ref_start_time: 2117050943297636, ref_stop_time: 2117050943374076, actual_exe_time: 76440, task_app_start_time:2117049572799375, task_sched_time:2117050943288036
app_id: 0, app_name: SAR_api-aarch64, task_id: 183, task_name: DASH_FFT, resource_name: fft1, ref_start_time: 2117050945772636, ref_stop_time: 2117050945898036, actual_exe_time: 125400, task_app_start_time:2117049572799375, task_sched_time:2117050945673096
app_id: 0, app_name: SAR_api-aarch64, task_id: 184, task_name: DASH_FFT, resource_name: fft2, ref_start_time: 2117050951119357, ref_stop_time: 2117050951198287, actual_exe_time: 78930, task_app_start_time:2117049572799375, task_sched_time:2117050951112697
app_id: 0, app_name: SAR_api-aarch64, task_id: 185, task_name: DASH_ZIP, resource_name: zip1, ref_start_time: 2117050954827718, ref_stop_time: 2117050954949788, actual_exe_time: 122070, task_app_start_time:2117049572799375, task_sched_time:2117050954819018
app_id: 0, app_name: SAR_api-aarch64, task_id: 186, task_name: DASH_FFT, resource_name: cpu1, ref_start_time: 2117050959299519, ref_stop_time: 2117050959415829, actual_exe_time: 116310, task_app_start_time:2117049572799375, task_sched_time:2117050959294149
app_id: 0, app_name: SAR_api-aarch64, task_id: 187, task_name: DASH_FFT, resource_name: cpu2, ref_start_time: 2117050959638429, ref_stop_time: 2117050959727079, actual_exe_time: 88650, task_app_start_time:2117049572799375, task_sched_time:2117050959629639
app_id: 0, app_name: SAR_api-aarch64, task_id: 188, task_name: DASH_ZIP, resource_name: cpu3, ref_start_time: 2117050962212579, ref_stop_time: 2117050962290549, actual_exe_time: 77970, task_app_start_time:2117049572799375, task_sched_time:2117050962203579
app_id: 0, app_name: SAR_api-aarch64, task_id: 189, task_name: DASH_FFT, resource_name: fft1, ref_start_time: 2117050963262279, ref_stop_time: 2117050963394369, actual_exe_time: 132090, task_app_start_time:2117049572799375, task_sched_time:2117050963181279
app_id: 0, app_name: SAR_api-aarch64, task_id: 190, task_name: DASH_FFT, resource_name: fft2, ref_start_time: 2117050966778490, ref_stop_time: 2117050966862040, actual_exe_time: 83550, task_app_start_time:2117049572799375, task_sched_time:2117050964078939
app_id: 0, app_name: SAR_api-aarch64, task_id: 191, task_name: DASH_ZIP, resource_name: zip1, ref_start_time: 2117050967372610, ref_stop_time: 2117050967492490, actual_exe_time: 119880, task_app_start_time:2117049572799375, task_sched_time:2117050967364060
app_id: 0, app_name: SAR_api-aarch64, task_id: 192, task_name: DASH_FFT, resource_name: cpu1, ref_start_time: 2117050968706350, ref_stop_time: 2117050968816210, actual_exe_time: 109860, task_app_start_time:2117049572799375, task_sched_time:2117050968687090
app_id: 0, app_name: SAR_api-aarch64, task_id: 193, task_name: DASH_FFT, resource_name: cpu2, ref_start_time: 2117050970782470, ref_stop_time: 2117050970883390, actual_exe_time: 100920, task_app_start_time:2117049572799375, task_sched_time:2117050969406820
app_id: 0, app_name: SAR_api-aarch64, task_id: 194, task_name: DASH_ZIP, resource_name: cpu3, ref_start_time: 2117050974826681, ref_stop_time: 2117050974901591, actual_exe_time: 74910, task_app_start_time:2117049572799375, task_sched_time:2117050974818011
app_id: 0, app_name: SAR_api-aarch64, task_id: 195, task_name: DASH_FFT, resource_name: fft1, ref_start_time: 2117050977118861, ref_stop_time: 2117050977239131, actual_exe_time: 120270, task_app_start_time:2117049572799375, task_sched_time:2117050977112051
app_id: 0, app_name: SAR_api-aarch64, task_id: 196, task_name: DASH_FFT, resource_name: fft2, ref_start_time: 2117050977752012, ref_stop_time: 2117050977825422, actual_exe_time: 73410, task_app_start_time:2117049572799375, task_sched_time:2117050977748262
app_id: 0, app_name: SAR_api-aarch64, task_id: 197, task_name: DASH_ZIP, resource_name: zip1, ref_start_time: 2117050982122862, ref_stop_time: 2117050982249462, actual_exe_time: 126600, task_app_start_time:2117049572799375, task_sched_time:2117050982114132
app_id: 0, app_name: SAR_api-aarch64, task_id: 198, task_name: DASH_FFT, resource_name: cpu1, ref_start_time: 2117050983565502, ref_stop_time: 2117050983682892, actual_exe_time: 117390, task_app_start_time:2117049572799375, task_sched_time:2117050983519632
app_id: 0, app_name: SAR_api-aarch64, task_id: 199, task_name: DASH_FFT, resource_name: cpu2, ref_start_time: 2117050986950703, ref_stop_time: 2117050987054233, actual_exe_time: 103530, task_app_start_time:2117049572799375, task_sched_time:2117050984072293
app_id: 0, app_name: SAR_api-aarch64, task_id: 200, task_name: DASH_ZIP, resource_name: cpu3, ref_start_time: 2117050990817014, ref_stop_time: 2117050990893754, actual_exe_time: 76740, task_app_start_time:2117049572799375, task_sched_time:2117050990807804
app_id: 0, app_name: SAR_api-aarch64, task_id: 201, task_name: DASH_FFT, resource_name: fft1, ref_start_time: 2117050992513124, ref_stop_time: 2117050992641494, actual_exe_time: 128370, task_app_start_time:2117049572799375, task_sched_time:2117050992314224
app_id: 0, app_name: SAR_api-aarch64, task_id: 202, task_name: DASH_FFT, resource_name: fft2, ref_start_time: 2117050999128215, ref_stop_time: 2117050999210835, actual_exe_time: 82620, task_app_start_time:2117049572799375, task_sched_time:2117050999119305
app_id: 0, app_name: SAR_api-aarch64, task_id: 203, task_name: DASH_ZIP, resource_name: zip1, ref_start_time: 2117051002995036, ref_stop_time: 2117051003113686, actual_exe_time: 118650, task_app_start_time:2117049572799375, task_sched_time:2117051002990386
app_id: 0, app_name: SAR_api-aarch64, task_id: 204, task_name: DASH_FFT, resource_name: cpu1, ref_start_time: 2117051007131196, ref_stop_time: 2117051007244506, actual_exe_time: 113310, task_app_start_time:2117049572799375, task_sched_time:2117051007049626
app_id: 0, app_name: SAR_api-aarch64, task_id: 205, task_name: DASH_FFT, resource_name: cpu2, ref_start_time: 2117051007709386, ref_stop_time: 2117051007799716, actual_exe_time: 90330, task_app_start_time:2117049572799375, task_sched_time:2117051007706536
app_id: 0, app_name: SAR_api-aarch64, task_id: 206, task_name: DASH_ZIP, resource_name: cpu3, ref_start_time: 2117051014883047, ref_stop_time: 2117051014965487, actual_exe_time: 82440, task_app_start_time:2117049572799375, task_sched_time:2117051014873657
app_id: 0, app_name: SAR_api-aarch64, task_id: 207, task_name: DASH_FFT, resource_name: fft1, ref_start_time: 2117051015721488, ref_stop_time: 2117051015843678, actual_exe_time: 122190, task_app_start_time:2117049572799375, task_sched_time:2117051015711198
app_id: 0, app_name: SAR_api-aarch64, task_id: 208, task_name: DASH_FFT, resource_name: fft2, ref_start_time: 2117051018933918, ref_stop_time: 2117051019007718, actual_exe_time: 73800, task_app_start_time:2117049572799375, task_sched_time:2117051018924438
app_id: 0, app_name: SAR_api-aarch64, task_id: 209, task_name: DASH_ZIP, resource_name: zip1, ref_start_time: 2117051022797949, ref_stop_time: 2117051022919449, actual_exe_time: 121500, task_app_start_time:2117049572799375, task_sched_time:2117051022791979
app_id: 0, app_name: SAR_api-aarch64, task_id: 210, task_name: DASH_FFT, resource_name: cpu1, ref_start_time: 2117051023415799, ref_stop_time: 2117051023911759, actual_exe_time: 495960, task_app_start_time:2117049572799375, task_sched_time:2117051023252959
app_id: 0, app_name: SAR_api-aarch64, task_id: 211, task_name: DASH_FFT, resource_name: cpu2, ref_start_time: 2117051030803600, ref_stop_time: 2117051030910700, actual_exe_time: 107100, task_app_start_time:2117049572799375, task_sched_time:2117051030798200
app_id: 0, app_name: SAR_api-aarch64, task_id: 212, task_name: DASH_ZIP, resource_name: cpu3, ref_start_time: 2117051034939821, ref_stop_time: 2117051035016231, actual_exe_time: 76410, task_app_start_time:2117049572799375, task_sched_time:2117051034932741
app_id: 0, app_name: SAR_api-aarch64, task_id: 213, task_name: DASH_FFT, resource_name: fft1, ref_start_time: 2117051038446341, ref_stop_time: 2117051038569311, actual_exe_time: 122970, task_app_start_time:2117049572799375, task_sched_time:2117051038429001
app_id: 0, app_name: SAR_api-aarch64, task_id: 214, task_name: DASH_FFT, resource_name: fft2, ref_start_time: 2117051038957601, ref_stop_time: 2117051039027771, actual_exe_time: 70170, task_app_start_time:2117049572799375, task_sched_time:2117051038951901
app_id: 0, app_name: SAR_api-aarch64, task_id: 215, task_name: DASH_ZIP, resource_name: zip1, ref_start_time: 2117051043324342, ref_stop_time: 2117051043453222, actual_exe_time: 128880, task_app_start_time:2117049572799375, task_sched_time:2117051043313032
app_id: 0, app_name: SAR_api-aarch64, task_id: 216, task_name: DASH_FFT, resource_name: cpu1, ref_start_time: 2117051050907683, ref_stop_time: 2117051051027143, actual_exe_time: 119460, task_app_start_time:2117049572799375, task_sched_time:2117051050897093
app_id: 0, app_name: SAR_api-aarch64, task_id: 217, task_name: DASH_FFT, resource_name: cpu2, ref_start_time: 2117051053759574, ref_stop_time: 2117051053862324, actual_exe_time: 102750, task_app_start_time:2117049572799375, task_sched_time:2117051053754054
app_id: 0, app_name: SAR_api-aarch64, task_id: 218, task_name: DASH_ZIP, resource_name: cpu3, ref_start_time: 2117051058868305, ref_stop_time: 2117051058948765, actual_exe_time: 80460, task_app_start_time:2117049572799375, task_sched_time:2117051058861885
app_id: 0, app_name: SAR_api-aarch64, task_id: 219, task_name: DASH_FFT, resource_name: fft1, ref_start_time: 2117051066805706, ref_stop_time: 2117051066947156, actual_exe_time: 141450, task_app_start_time:2117049572799375, task_sched_time:2117051066786266
app_id: 0, app_name: SAR_api-aarch64, task_id: 220, task_name: DASH_FFT, resource_name: fft2, ref_start_time: 2117051067635896, ref_stop_time: 2117051067712726, actual_exe_time: 76830, task_app_start_time:2117049572799375, task_sched_time:2117051067625966
app_id: 0, app_name: SAR_api-aarch64, task_id: 221, task_name: DASH_ZIP, resource_name: zip1, ref_start_time: 2117051074811117, ref_stop_time: 2117051074938917, actual_exe_time: 127800, task_app_start_time:2117049572799375, task_sched_time:2117051074802657
app_id: 0, app_name: SAR_api-aarch64, task_id: 222, task_name: DASH_FFT, resource_name: cpu1, ref_start_time: 2117051081601738, ref_stop_time: 2117051081715618, actual_exe_time: 113880, task_app_start_time:2117049572799375, task_sched_time:2117051081513748
app_id: 0, app_name: SAR_api-aarch64, task_id: 223, task_name: DASH_FFT, resource_name: cpu2, ref_start_time: 2117051086880869, ref_stop_time: 2117051086997329, actual_exe_time: 116460, task_app_start_time:2117049572799375, task_sched_time:2117051086874929
app_id: 0, app_name: SAR_api-aarch64, task_id: 224, task_name: DASH_ZIP, resource_name: cpu3, ref_start_time: 2117051091230960, ref_stop_time: 2117051091311540, actual_exe_time: 80580, task_app_start_time:2117049572799375, task_sched_time:2117051091223280
app_id: 0, app_name: SAR_api-aarch64, task_id: 225, task_name: DASH_FFT, resource_name: fft1, ref_start_time: 2117051095439870, ref_stop_time: 2117051095564430, actual_exe_time: 124560, task_app_start_time:2117049572799375, task_sched_time:2117051095417370
app_id: 0, app_name: SAR_api-aarch64, task_id: 226, task_name: DASH_FFT, resource_name: fft2, ref_start_time: 2117051096470161, ref_stop_time: 2117051096548371, actual_exe_time: 78210, task_app_start_time:2117049572799375, task_sched_time:2117051096460501
app_id: 0, app_name: SAR_api-aarch64, task_id: 227, task_name: DASH_ZIP, resource_name: zip1, ref_start_time: 2117051102948602, ref_stop_time: 2117051103072112, actual_exe_time: 123510, task_app_start_time:2117049572799375, task_sched_time:2117051102939992
app_id: 0, app_name: SAR_api-aarch64, task_id: 228, task_name: DASH_FFT, resource_name: cpu1, ref_start_time: 2117051109806903, ref_stop_time: 2117051110563533, actual_exe_time: 756630, task_app_start_time:2117049572799375, task_sched_time:2117051109554423
app_id: 0, app_name: SAR_api-aarch64, task_id: 229, task_name: DASH_FFT, resource_name: cpu2, ref_start_time: 2117051119090464, ref_stop_time: 2117051119216434, actual_exe_time: 125970, task_app_start_time:2117049572799375, task_sched_time:2117051119079904
app_id: 0, app_name: SAR_api-aarch64, task_id: 230, task_name: DASH_ZIP, resource_name: cpu3, ref_start_time: 2117051122814365, ref_stop_time: 2117051122891225, actual_exe_time: 76860, task_app_start_time:2117049572799375, task_sched_time:2117051122805125
app_id: 0, app_name: SAR_api-aarch64, task_id: 231, task_name: DASH_FFT, resource_name: fft1, ref_start_time: 2117051125111645, ref_stop_time: 2117051125661335, actual_exe_time: 549690, task_app_start_time:2117049572799375, task_sched_time:2117051124866965
app_id: 0, app_name: SAR_api-aarch64, task_id: 232, task_name: DASH_FFT, resource_name: fft2, ref_start_time: 2117051131131386, ref_stop_time: 2117051131253936, actual_exe_time: 122550, task_app_start_time:2117049572799375, task_sched_time:2117051131124666
app_id: 0, app_name: SAR_api-aarch64, task_id: 233, task_name: DASH_ZIP, resource_name: zip1, ref_start_time: 2117051138422827, ref_stop_time: 2117051139207387, actual_exe_time: 784560, task_app_start_time:2117049572799375, task_sched_time:2117051138412867
app_id: 0, app_name: SAR_api-aarch64, task_id: 234, task_name: DASH_FFT, resource_name: cpu1, ref_start_time: 2117051146967879, ref_stop_time: 2117051147086499, actual_exe_time: 118620, task_app_start_time:2117049572799375, task_sched_time:2117051146961639
app_id: 0, app_name: SAR_api-aarch64, task_id: 235, task_name: DASH_FFT, resource_name: cpu2, ref_start_time: 2117051150823299, ref_stop_time: 2117051150933579, actual_exe_time: 110280, task_app_start_time:2117049572799375, task_sched_time:2117051150813279
app_id: 0, app_name: SAR_api-aarch64, task_id: 236, task_name: DASH_ZIP, resource_name: cpu3, ref_start_time: 2117051153018760, ref_stop_time: 2117051153094960, actual_exe_time: 76200, task_app_start_time:2117049572799375, task_sched_time:2117051153013090
app_id: 0, app_name: SAR_api-aarch64, task_id: 237, task_name: DASH_FFT, resource_name: fft1, ref_start_time: 2117051158924921, ref_stop_time: 2117051159057581, actual_exe_time: 132660, task_app_start_time:2117049572799375, task_sched_time:2117051158919101
app_id: 0, app_name: SAR_api-aarch64, task_id: 238, task_name: DASH_FFT, resource_name: fft2, ref_start_time: 2117051159818321, ref_stop_time: 2117051159902411, actual_exe_time: 84090, task_app_start_time:2117049572799375, task_sched_time:2117051159811271
app_id: 0, app_name: SAR_api-aarch64, task_id: 239, task_name: DASH_ZIP, resource_name: zip1, ref_start_time: 2117051162805841, ref_stop_time: 2117051162927191, actual_exe_time: 121350, task_app_start_time:2117049572799375, task_sched_time:2117051160504361
app_id: 0, app_name: SAR_api-aarch64, task_id: 240, task_name: DASH_FFT, resource_name: cpu1, ref_start_time: 2117051163204241, ref_stop_time: 2117051163313501, actual_exe_time: 109260, task_app_start_time:2117049572799375, task_sched_time:2117051163146911
app_id: 0, app_name: SAR_api-aarch64, task_id: 241, task_name: DASH_FFT, resource_name: cpu2, ref_start_time: 2117051164150802, ref_stop_time: 2117051164257242, actual_exe_time: 106440, task_app_start_time:2117049572799375, task_sched_time:2117051164142072
app_id: 0, app_name: SAR_api-aarch64, task_id: 242, task_name: DASH_ZIP, resource_name: cpu3, ref_start_time: 2117051166623042, ref_stop_time: 2117051166700502, actual_exe_time: 77460, task_app_start_time:2117049572799375, task_sched_time:2117051164901432
app_id: 0, app_name: SAR_api-aarch64, task_id: 243, task_name: DASH_FFT, resource_name: fft1, ref_start_time: 2117051170858743, ref_stop_time: 2117051170990083, actual_exe_time: 131340, task_app_start_time:2117049572799375, task_sched_time:2117051170851783
app_id: 0, app_name: SAR_api-aarch64, task_id: 244, task_name: DASH_FFT, resource_name: fft2, ref_start_time: 2117051171690343, ref_stop_time: 2117051171766213, actual_exe_time: 75870, task_app_start_time:2117049572799375, task_sched_time:2117051171686593
app_id: 0, app_name: SAR_api-aarch64, task_id: 245, task_name: DASH_ZIP, resource_name: zip1, ref_start_time: 2117051175156663, ref_stop_time: 2117051175282033, actual_exe_time: 125370, task_app_start_time:2117049572799375, task_sched_time:2117051175146733
app_id: 0, app_name: SAR_api-aarch64, task_id: 246, task_name: DASH_FFT, resource_name: cpu1, ref_start_time: 2117051178874114, ref_stop_time: 2117051178988444, actual_exe_time: 114330, task_app_start_time:2117049572799375, task_sched_time:2117051178869254
app_id: 0, app_name: SAR_api-aarch64, task_id: 247, task_name: DASH_FFT, resource_name: cpu2, ref_start_time: 2117051181828124, ref_stop_time: 2117051181930664, actual_exe_time: 102540, task_app_start_time:2117049572799375, task_sched_time:2117051181823864
app_id: 0, app_name: SAR_api-aarch64, task_id: 248, task_name: DASH_ZIP, resource_name: cpu3, ref_start_time: 2117051186877845, ref_stop_time: 2117051186962115, actual_exe_time: 84270, task_app_start_time:2117049572799375, task_sched_time:2117051186866025
app_id: 0, app_name: SAR_api-aarch64, task_id: 249, task_name: DASH_FFT, resource_name: fft1, ref_start_time: 2117051187686345, ref_stop_time: 2117051187808505, actual_exe_time: 122160, task_app_start_time:2117049572799375, task_sched_time:2117051187681035
app_id: 0, app_name: SAR_api-aarch64, task_id: 250, task_name: DASH_FFT, resource_name: fft2, ref_start_time: 2117051194807236, ref_stop_time: 2117051194894296, actual_exe_time: 87060, task_app_start_time:2117049572799375, task_sched_time:2117051194801716
app_id: 0, app_name: SAR_api-aarch64, task_id: 251, task_name: DASH_ZIP, resource_name: zip1, ref_start_time: 2117051195149986, ref_stop_time: 2117051195270467, actual_exe_time: 120481, task_app_start_time:2117049572799375, task_sched_time:2117051195142096
app_id: 0, app_name: SAR_api-aarch64, task_id: 252, task_name: DASH_FFT, resource_name: cpu1, ref_start_time: 2117051197830937, ref_stop_time: 2117051197949947, actual_exe_time: 119010, task_app_start_time:2117049572799375, task_sched_time:2117051197664497
app_id: 0, app_name: SAR_api-aarch64, task_id: 253, task_name: DASH_FFT, resource_name: cpu2, ref_start_time: 2117051203323368, ref_stop_time: 2117051203441988, actual_exe_time: 118620, task_app_start_time:2117049572799375, task_sched_time:2117051203316978
app_id: 0, app_name: SAR_api-aarch64, task_id: 254, task_name: DASH_ZIP, resource_name: cpu3, ref_start_time: 2117051204278028, ref_stop_time: 2117051204352548, actual_exe_time: 74520, task_app_start_time:2117049572799375, task_sched_time:2117051204268068
app_id: 0, app_name: SAR_api-aarch64, task_id: 255, task_name: DASH_FFT, resource_name: fft1, ref_start_time: 2117051206841858, ref_stop_time: 2117051206964858, actual_exe_time: 123000, task_app_start_time:2117049572799375, task_sched_time:2117051206835948
app_id: 0, app_name: SAR_api-aarch64, task_id: 256, task_name: DASH_FFT, resource_name: fft2, ref_start_time: 2117051210813589, ref_stop_time: 2117051210894409, actual_exe_time: 80820, task_app_start_time:2117049572799375, task_sched_time:2117051210804859
app_id: 0, app_name: SAR_api-aarch64, task_id: 257, task_name: DASH_ZIP, resource_name: zip1, ref_start_time: 2117051211799959, ref_stop_time: 2117051211918369, actual_exe_time: 118410, task_app_start_time:2117049572799375, task_sched_time:2117051211793239
app_id: 0, app_name: SAR_api-aarch64, task_id: 258, task_name: DASH_FFT, resource_name: cpu1, ref_start_time: 2117051213793309, ref_stop_time: 2117051213912680, actual_exe_time: 119371, task_app_start_time:2117049572799375, task_sched_time:2117051213570769
app_id: 0, app_name: SAR_api-aarch64, task_id: 259, task_name: DASH_FFT, resource_name: cpu2, ref_start_time: 2117051218874920, ref_stop_time: 2117051218984600, actual_exe_time: 109680, task_app_start_time:2117049572799375, task_sched_time:2117051218864060
app_id: 0, app_name: SAR_api-aarch64, task_id: 260, task_name: DASH_ZIP, resource_name: cpu3, ref_start_time: 2117051222845901, ref_stop_time: 2117051222925941, actual_exe_time: 80040, task_app_start_time:2117049572799375, task_sched_time:2117051222838881
app_id: 0, app_name: SAR_api-aarch64, task_id: 261, task_name: DASH_FFT, resource_name: fft1, ref_start_time: 2117051223621431, ref_stop_time: 2117051223747581, actual_exe_time: 126150, task_app_start_time:2117049572799375, task_sched_time:2117051223600731
app_id: 0, app_name: SAR_api-aarch64, task_id: 262, task_name: DASH_FFT, resource_name: fft2, ref_start_time: 2117051228483472, ref_stop_time: 2117051228566992, actual_exe_time: 83520, task_app_start_time:2117049572799375, task_sched_time:2117051228472882
app_id: 0, app_name: SAR_api-aarch64, task_id: 263, task_name: DASH_ZIP, resource_name: zip1, ref_start_time: 2117051234883403, ref_stop_time: 2117051235020263, actual_exe_time: 136860, task_app_start_time:2117049572799375, task_sched_time:2117051234872843
app_id: 0, app_name: SAR_api-aarch64, task_id: 264, task_name: DASH_FFT, resource_name: cpu1, ref_start_time: 2117051235294943, ref_stop_time: 2117051235405433, actual_exe_time: 110490, task_app_start_time:2117049572799375, task_sched_time:2117051235282493
app_id: 0, app_name: SAR_api-aarch64, task_id: 265, task_name: DASH_FFT, resource_name: cpu2, ref_start_time: 2117051242647104, ref_stop_time: 2117051242767944, actual_exe_time: 120840, task_app_start_time:2117049572799375, task_sched_time:2117051242638764
app_id: 0, app_name: SAR_api-aarch64, task_id: 266, task_name: DASH_ZIP, resource_name: cpu3, ref_start_time: 2117051247579915, ref_stop_time: 2117051247665715, actual_exe_time: 85800, task_app_start_time:2117049572799375, task_sched_time:2117051247573285
app_id: 0, app_name: SAR_api-aarch64, task_id: 267, task_name: DASH_FFT, resource_name: fft1, ref_start_time: 2117051254868896, ref_stop_time: 2117051255000146, actual_exe_time: 131250, task_app_start_time:2117049572799375, task_sched_time:2117051254860916
app_id: 0, app_name: SAR_api-aarch64, task_id: 268, task_name: DASH_FFT, resource_name: fft2, ref_start_time: 2117051257127416, ref_stop_time: 2117051257738307, actual_exe_time: 610891, task_app_start_time:2117049572799375, task_sched_time:2117051257117786
app_id: 0, app_name: SAR_api-aarch64, task_id: 269, task_name: DASH_ZIP, resource_name: zip1, ref_start_time: 2117051263139387, ref_stop_time: 2117051263263287, actual_exe_time: 123900, task_app_start_time:2117049572799375, task_sched_time:2117051263128767
app_id: 0, app_name: SAR_api-aarch64, task_id: 270, task_name: DASH_FFT, resource_name: cpu1, ref_start_time: 2117051266870248, ref_stop_time: 2117051266984428, actual_exe_time: 114180, task_app_start_time:2117049572799375, task_sched_time:2117051266862478
app_id: 0, app_name: SAR_api-aarch64, task_id: 271, task_name: DASH_FFT, resource_name: cpu2, ref_start_time: 2117051271340129, ref_stop_time: 2117051271444949, actual_exe_time: 104820, task_app_start_time:2117049572799375, task_sched_time:2117051271332869
app_id: 0, app_name: SAR_api-aarch64, task_id: 272, task_name: DASH_ZIP, resource_name: cpu3, ref_start_time: 2117051274903019, ref_stop_time: 2117051274984529, actual_exe_time: 81510, task_app_start_time:2117049572799375, task_sched_time:2117051274897379
app_id: 0, app_name: SAR_api-aarch64, task_id: 273, task_name: DASH_FFT, resource_name: fft1, ref_start_time: 2117051278843970, ref_stop_time: 2117051278974920, actual_exe_time: 130950, task_app_start_time:2117049572799375, task_sched_time:2117051278836260
app_id: 0, app_name: SAR_api-aarch64, task_id: 274, task_name: DASH_FFT, resource_name: fft2, ref_start_time: 2117051283229161, ref_stop_time: 2117051283322671, actual_exe_time: 93510, task_app_start_time:2117049572799375, task_sched_time:2117051283223281
app_id: 0, app_name: SAR_api-aarch64, task_id: 275, task_name: DASH_ZIP, resource_name: zip1, ref_start_time: 2117051286357801, ref_stop_time: 2117051286482151, actual_exe_time: 124350, task_app_start_time:2117049572799375, task_sched_time:2117051286346851
app_id: 0, app_name: SAR_api-aarch64, task_id: 276, task_name: DASH_FFT, resource_name: cpu1, ref_start_time: 2117051295033053, ref_stop_time: 2117051295148463, actual_exe_time: 115410, task_app_start_time:2117049572799375, task_sched_time:2117051294972183
app_id: 0, app_name: SAR_api-aarch64, task_id: 277, task_name: DASH_FFT, resource_name: cpu2, ref_start_time: 2117051300009393, ref_stop_time: 2117051300117213, actual_exe_time: 107820, task_app_start_time:2117049572799375, task_sched_time:2117051300002373
app_id: 0, app_name: SAR_api-aarch64, task_id: 278, task_name: DASH_ZIP, resource_name: cpu3, ref_start_time: 2117051300664083, ref_stop_time: 2117051300741393, actual_exe_time: 77310, task_app_start_time:2117049572799375, task_sched_time:2117051300655803
app_id: 0, app_name: SAR_api-aarch64, task_id: 279, task_name: DASH_FFT, resource_name: fft1, ref_start_time: 2117051311016365, ref_stop_time: 2117051311145425, actual_exe_time: 129060, task_app_start_time:2117049572799375, task_sched_time:2117051310854575
app_id: 0, app_name: SAR_api-aarch64, task_id: 280, task_name: DASH_FFT, resource_name: fft2, ref_start_time: 2117051314150136, ref_stop_time: 2117051314232066, actual_exe_time: 81930, task_app_start_time:2117049572799375, task_sched_time:2117051314145096
app_id: 0, app_name: SAR_api-aarch64, task_id: 281, task_name: DASH_ZIP, resource_name: zip1, ref_start_time: 2117051319131696, ref_stop_time: 2117051319259286, actual_exe_time: 127590, task_app_start_time:2117049572799375, task_sched_time:2117051319126986
app_id: 0, app_name: SAR_api-aarch64, task_id: 282, task_name: DASH_FFT, resource_name: cpu1, ref_start_time: 2117051322895287, ref_stop_time: 2117051323009377, actual_exe_time: 114090, task_app_start_time:2117049572799375, task_sched_time:2117051322890667
app_id: 0, app_name: SAR_api-aarch64, task_id: 283, task_name: DASH_FFT, resource_name: cpu2, ref_start_time: 2117051328484138, ref_stop_time: 2117051335459859, actual_exe_time: 6975721, task_app_start_time:2117049572799375, task_sched_time:2117051328477718
app_id: 0, app_name: SAR_api-aarch64, task_id: 284, task_name: DASH_ZIP, resource_name: cpu3, ref_start_time: 2117051338861410, ref_stop_time: 2117051338940880, actual_exe_time: 79470, task_app_start_time:2117049572799375, task_sched_time:2117051338852740
app_id: 0, app_name: SAR_api-aarch64, task_id: 285, task_name: DASH_FFT, resource_name: fft1, ref_start_time: 2117051342263110, ref_stop_time: 2117051342397240, actual_exe_time: 134130, task_app_start_time:2117049572799375, task_sched_time:2117051342249070
app_id: 0, app_name: SAR_api-aarch64, task_id: 286, task_name: DASH_FFT, resource_name: fft2, ref_start_time: 2117051342864850, ref_stop_time: 2117051343342210, actual_exe_time: 477360, task_app_start_time:2117049572799375, task_sched_time:2117051342795940
app_id: 0, app_name: SAR_api-aarch64, task_id: 287, task_name: DASH_ZIP, resource_name: zip1, ref_start_time: 2117051350872812, ref_stop_time: 2117051351002922, actual_exe_time: 130110, task_app_start_time:2117049572799375, task_sched_time:2117051350865672
app_id: 0, app_name: SAR_api-aarch64, task_id: 288, task_name: DASH_FFT, resource_name: cpu1, ref_start_time: 2117051355316352, ref_stop_time: 2117051355431402, actual_exe_time: 115050, task_app_start_time:2117049572799375, task_sched_time:2117051355309992
app_id: 0, app_name: SAR_api-aarch64, task_id: 289, task_name: DASH_FFT, resource_name: cpu2, ref_start_time: 2117051358088623, ref_stop_time: 2117051358190773, actual_exe_time: 102150, task_app_start_time:2117049572799375, task_sched_time:2117051358079203
app_id: 0, app_name: SAR_api-aarch64, task_id: 290, task_name: DASH_ZIP, resource_name: cpu3, ref_start_time: 2117051358433503, ref_stop_time: 2117051358508803, actual_exe_time: 75300, task_app_start_time:2117049572799375, task_sched_time:2117051358424623
app_id: 0, app_name: SAR_api-aarch64, task_id: 291, task_name: DASH_FFT, resource_name: fft1, ref_start_time: 2117051367088084, ref_stop_time: 2117051367213454, actual_exe_time: 125370, task_app_start_time:2117049572799375, task_sched_time:2117051367081034
app_id: 0, app_name: SAR_api-aarch64, task_id: 292, task_name: DASH_FFT, resource_name: fft2, ref_start_time: 2117051370811865, ref_stop_time: 2117051370892985, actual_exe_time: 81120, task_app_start_time:2117049572799375, task_sched_time:2117051370803585
app_id: 0, app_name: SAR_api-aarch64, task_id: 293, task_name: DASH_ZIP, resource_name: zip1, ref_start_time: 2117051372363765, ref_stop_time: 2117051372490035, actual_exe_time: 126270, task_app_start_time:2117049572799375, task_sched_time:2117051372354645
app_id: 0, app_name: SAR_api-aarch64, task_id: 294, task_name: DASH_FFT, resource_name: cpu1, ref_start_time: 2117051372834525, ref_stop_time: 2117051372943215, actual_exe_time: 108690, task_app_start_time:2117049572799375, task_sched_time:2117051372820635
app_id: 0, app_name: SAR_api-aarch64, task_id: 295, task_name: DASH_FFT, resource_name: cpu2, ref_start_time: 2117051373989195, ref_stop_time: 2117051374104935, actual_exe_time: 115740, task_app_start_time:2117049572799375, task_sched_time:2117051373861755
app_id: 0, app_name: SAR_api-aarch64, task_id: 296, task_name: DASH_ZIP, resource_name: cpu3, ref_start_time: 2117051375734746, ref_stop_time: 2117051375813856, actual_exe_time: 79110, task_app_start_time:2117049572799375, task_sched_time:2117051375287205
app_id: 0, app_name: SAR_api-aarch64, task_id: 297, task_name: DASH_FFT, resource_name: fft1, ref_start_time: 2117051376369726, ref_stop_time: 2117051376488556, actual_exe_time: 118830, task_app_start_time:2117049572799375, task_sched_time:2117051376365436
app_id: 0, app_name: SAR_api-aarch64, task_id: 298, task_name: DASH_FFT, resource_name: fft2, ref_start_time: 2117051376846966, ref_stop_time: 2117051376929136, actual_exe_time: 82170, task_app_start_time:2117049572799375, task_sched_time:2117051376694566
app_id: 0, app_name: SAR_api-aarch64, task_id: 299, task_name: DASH_ZIP, resource_name: zip1, ref_start_time: 2117051382902827, ref_stop_time: 2117051383029967, actual_exe_time: 127140, task_app_start_time:2117049572799375, task_sched_time:2117051382894817
app_id: 0, app_name: SAR_api-aarch64, task_id: 300, task_name: DASH_FFT, resource_name: cpu1, ref_start_time: 2117051385937357, ref_stop_time: 2117051386046857, actual_exe_time: 109500, task_app_start_time:2117049572799375, task_sched_time:2117051385931657
app_id: 0, app_name: SAR_api-aarch64, task_id: 301, task_name: DASH_FFT, resource_name: cpu2, ref_start_time: 2117051386833097, ref_stop_time: 2117051386933687, actual_exe_time: 100590, task_app_start_time:2117049572799375, task_sched_time:2117051386790377
app_id: 0, app_name: SAR_api-aarch64, task_id: 302, task_name: DASH_ZIP, resource_name: cpu3, ref_start_time: 2117051394838509, ref_stop_time: 2117051394920019, actual_exe_time: 81510, task_app_start_time:2117049572799375, task_sched_time:2117051394832599
app_id: 0, app_name: SAR_api-aarch64, task_id: 303, task_name: DASH_FFT, resource_name: fft1, ref_start_time: 2117051398854429, ref_stop_time: 2117051398979829, actual_exe_time: 125400, task_app_start_time:2117049572799375, task_sched_time:2117051398816809
app_id: 0, app_name: SAR_api-aarch64, task_id: 304, task_name: DASH_FFT, resource_name: fft2, ref_start_time: 2117051400866620, ref_stop_time: 2117051400943600, actual_exe_time: 76980, task_app_start_time:2117049572799375, task_sched_time:2117051400857890
app_id: 0, app_name: SAR_api-aarch64, task_id: 305, task_name: DASH_ZIP, resource_name: zip1, ref_start_time: 2117051410804151, ref_stop_time: 2117051410931921, actual_exe_time: 127770, task_app_start_time:2117049572799375, task_sched_time:2117051404765870
app_id: 0, app_name: SAR_api-aarch64, task_id: 306, task_name: DASH_FFT, resource_name: cpu1, ref_start_time: 2117051413927722, ref_stop_time: 2117051414036652, actual_exe_time: 108930, task_app_start_time:2117049572799375, task_sched_time:2117051413919322
app_id: 0, app_name: SAR_api-aarch64, task_id: 307, task_name: DASH_FFT, resource_name: cpu2, ref_start_time: 2117051414720562, ref_stop_time: 2117051414837622, actual_exe_time: 117060, task_app_start_time:2117049572799375, task_sched_time:2117051414713482
app_id: 0, app_name: SAR_api-aarch64, task_id: 308, task_name: DASH_ZIP, resource_name: cpu3, ref_start_time: 2117051422844503, ref_stop_time: 2117051422925983, actual_exe_time: 81480, task_app_start_time:2117049572799375, task_sched_time:2117051422839523
app_id: 0, app_name: SAR_api-aarch64, task_id: 309, task_name: DASH_FFT, resource_name: fft1, ref_start_time: 2117051427183794, ref_stop_time: 2117051427311924, actual_exe_time: 128130, task_app_start_time:2117049572799375, task_sched_time:2117051427174434
app_id: 0, app_name: SAR_api-aarch64, task_id: 310, task_name: DASH_FFT, resource_name: fft2, ref_start_time: 2117051429007644, ref_stop_time: 2117051429085344, actual_exe_time: 77700, task_app_start_time:2117049572799375, task_sched_time:2117051428997084
app_id: 0, app_name: SAR_api-aarch64, task_id: 311, task_name: DASH_ZIP, resource_name: zip1, ref_start_time: 2117051433029745, ref_stop_time: 2117051433156975, actual_exe_time: 127230, task_app_start_time:2117049572799375, task_sched_time:2117051433021495
app_id: 0, app_name: SAR_api-aarch64, task_id: 312, task_name: DASH_FFT, resource_name: cpu1, ref_start_time: 2117051433502425, ref_stop_time: 2117051433611625, actual_exe_time: 109200, task_app_start_time:2117049572799375, task_sched_time:2117051433498555
app_id: 0, app_name: SAR_api-aarch64, task_id: 313, task_name: DASH_FFT, resource_name: cpu2, ref_start_time: 2117051434573155, ref_stop_time: 2117051434699635, actual_exe_time: 126480, task_app_start_time:2117049572799375, task_sched_time:2117051434565175
app_id: 0, app_name: SAR_api-aarch64, task_id: 314, task_name: DASH_ZIP, resource_name: cpu3, ref_start_time: 2117051438804206, ref_stop_time: 2117051438884366, actual_exe_time: 80160, task_app_start_time:2117049572799375, task_sched_time:2117051435421675
app_id: 0, app_name: SAR_api-aarch64, task_id: 315, task_name: DASH_FFT, resource_name: fft1, ref_start_time: 2117051442342736, ref_stop_time: 2117051442466876, actual_exe_time: 124140, task_app_start_time:2117049572799375, task_sched_time:2117051442335746
app_id: 0, app_name: SAR_api-aarch64, task_id: 316, task_name: DASH_FFT, resource_name: fft2, ref_start_time: 2117051443136986, ref_stop_time: 2117051443217026, actual_exe_time: 80040, task_app_start_time:2117049572799375, task_sched_time:2117051443128106
app_id: 0, app_name: SAR_api-aarch64, task_id: 317, task_name: DASH_ZIP, resource_name: zip1, ref_start_time: 2117051443442746, ref_stop_time: 2117051443562356, actual_exe_time: 119610, task_app_start_time:2117049572799375, task_sched_time:2117051443438516
app_id: 0, app_name: SAR_api-aarch64, task_id: 318, task_name: DASH_FFT, resource_name: cpu1, ref_start_time: 2117051447225657, ref_stop_time: 2117051447337167, actual_exe_time: 111510, task_app_start_time:2117049572799375, task_sched_time:2117051447210237
app_id: 0, app_name: SAR_api-aarch64, task_id: 319, task_name: DASH_FFT, resource_name: cpu2, ref_start_time: 2117051450856228, ref_stop_time: 2117051450969748, actual_exe_time: 113520, task_app_start_time:2117049572799375, task_sched_time:2117051450850708
app_id: 0, app_name: SAR_api-aarch64, task_id: 320, task_name: DASH_ZIP, resource_name: cpu3, ref_start_time: 2117051458384999, ref_stop_time: 2117051458467079, actual_exe_time: 82080, task_app_start_time:2117049572799375, task_sched_time:2117051458375819
app_id: 0, app_name: SAR_api-aarch64, task_id: 321, task_name: DASH_FFT, resource_name: fft1, ref_start_time: 2117051463274910, ref_stop_time: 2117051464009670, actual_exe_time: 734760, task_app_start_time:2117049572799375, task_sched_time:2117051463266060
app_id: 0, app_name: SAR_api-aarch64, task_id: 322, task_name: DASH_FFT, resource_name: fft2, ref_start_time: 2117051471809671, ref_stop_time: 2117051471896371, actual_exe_time: 86700, task_app_start_time:2117049572799375, task_sched_time:2117051471799261
app_id: 0, app_name: SAR_api-aarch64, task_id: 323, task_name: DASH_ZIP, resource_name: zip1, ref_start_time: 2117051474850832, ref_stop_time: 2117051474976112, actual_exe_time: 125280, task_app_start_time:2117049572799375, task_sched_time:2117051474843752
app_id: 0, app_name: SAR_api-aarch64, task_id: 324, task_name: DASH_FFT, resource_name: cpu1, ref_start_time: 2117051479135132, ref_stop_time: 2117051479703662, actual_exe_time: 568530, task_app_start_time:2117049572799375, task_sched_time:2117051479131082
app_id: 0, app_name: SAR_api-aarch64, task_id: 325, task_name: DASH_FFT, resource_name: cpu2, ref_start_time: 2117051482854473, ref_stop_time: 2117051482967543, actual_exe_time: 113070, task_app_start_time:2117049572799375, task_sched_time:2117051482845143
app_id: 0, app_name: SAR_api-aarch64, task_id: 326, task_name: DASH_ZIP, resource_name: cpu3, ref_start_time: 2117051486677163, ref_stop_time: 2117051486867453, actual_exe_time: 190290, task_app_start_time:2117049572799375, task_sched_time:2117051486666513
app_id: 0, app_name: SAR_api-aarch64, task_id: 327, task_name: DASH_FFT, resource_name: fft1, ref_start_time: 2117051490705534, ref_stop_time: 2117051490840144, actual_exe_time: 134610, task_app_start_time:2117049572799375, task_sched_time:2117051490580494
app_id: 0, app_name: SAR_api-aarch64, task_id: 328, task_name: DASH_FFT, resource_name: fft2, ref_start_time: 2117051494796275, ref_stop_time: 2117051494890835, actual_exe_time: 94560, task_app_start_time:2117049572799375, task_sched_time:2117051491716894
app_id: 0, app_name: SAR_api-aarch64, task_id: 329, task_name: DASH_ZIP, resource_name: zip1, ref_start_time: 2117051498822875, ref_stop_time: 2117051498943475, actual_exe_time: 120600, task_app_start_time:2117049572799375, task_sched_time:2117051498813905
app_id: 0, app_name: SAR_api-aarch64, task_id: 330, task_name: DASH_FFT, resource_name: cpu1, ref_start_time: 2117051500336196, ref_stop_time: 2117051500443236, actual_exe_time: 107040, task_app_start_time:2117049572799375, task_sched_time:2117051500324466
app_id: 0, app_name: SAR_api-aarch64, task_id: 331, task_name: DASH_FFT, resource_name: cpu2, ref_start_time: 2117051503003076, ref_stop_time: 2117051503107776, actual_exe_time: 104700, task_app_start_time:2117049572799375, task_sched_time:2117051502995276
app_id: 0, app_name: SAR_api-aarch64, task_id: 332, task_name: DASH_ZIP, resource_name: cpu3, ref_start_time: 2117051506800567, ref_stop_time: 2117051506880307, actual_exe_time: 79740, task_app_start_time:2117049572799375, task_sched_time:2117051506158867
app_id: 0, app_name: SAR_api-aarch64, task_id: 333, task_name: DASH_FFT, resource_name: fft1, ref_start_time: 2117051507564367, ref_stop_time: 2117051507685357, actual_exe_time: 120990, task_app_start_time:2117049572799375, task_sched_time:2117051507533227
app_id: 0, app_name: SAR_api-aarch64, task_id: 334, task_name: DASH_FFT, resource_name: fft2, ref_start_time: 2117051508296697, ref_stop_time: 2117051508363627, actual_exe_time: 66930, task_app_start_time:2117049572799375, task_sched_time:2117051508288387
app_id: 0, app_name: SAR_api-aarch64, task_id: 335, task_name: DASH_ZIP, resource_name: zip1, ref_start_time: 2117051510793897, ref_stop_time: 2117051510913357, actual_exe_time: 119460, task_app_start_time:2117049572799375, task_sched_time:2117051509092657
app_id: 0, app_name: SAR_api-aarch64, task_id: 336, task_name: DASH_FFT, resource_name: cpu1, ref_start_time: 2117051514834238, ref_stop_time: 2117051514941608, actual_exe_time: 107370, task_app_start_time:2117049572799375, task_sched_time:2117051514818578
app_id: 0, app_name: SAR_api-aarch64, task_id: 337, task_name: DASH_FFT, resource_name: cpu2, ref_start_time: 2117051516202868, ref_stop_time: 2117051516294638, actual_exe_time: 91770, task_app_start_time:2117049572799375, task_sched_time:2117051516195218
app_id: 0, app_name: SAR_api-aarch64, task_id: 338, task_name: DASH_ZIP, resource_name: cpu3, ref_start_time: 2117051516965528, ref_stop_time: 2117051517041428, actual_exe_time: 75900, task_app_start_time:2117049572799375, task_sched_time:2117051516960278
app_id: 0, app_name: SAR_api-aarch64, task_id: 339, task_name: DASH_FFT, resource_name: fft1, ref_start_time: 2117051521297229, ref_stop_time: 2117051521762319, actual_exe_time: 465090, task_app_start_time:2117049572799375, task_sched_time:2117051521184429
app_id: 0, app_name: SAR_api-aarch64, task_id: 340, task_name: DASH_FFT, resource_name: fft2, ref_start_time: 2117051522139659, ref_stop_time: 2117051522218829, actual_exe_time: 79170, task_app_start_time:2117049572799375, task_sched_time:2117051522135939
app_id: 0, app_name: SAR_api-aarch64, task_id: 341, task_name: DASH_ZIP, resource_name: zip1, ref_start_time: 2117051522784179, ref_stop_time: 2117051522907779, actual_exe_time: 123600, task_app_start_time:2117049572799375, task_sched_time:2117051522681099
app_id: 0, app_name: SAR_api-aarch64, task_id: 342, task_name: DASH_FFT, resource_name: cpu1, ref_start_time: 2117051524006379, ref_stop_time: 2117051524112969, actual_exe_time: 106590, task_app_start_time:2117049572799375, task_sched_time:2117051523938969
app_id: 0, app_name: SAR_api-aarch64, task_id: 343, task_name: DASH_FFT, resource_name: cpu2, ref_start_time: 2117051524752630, ref_stop_time: 2117051524845120, actual_exe_time: 92490, task_app_start_time:2117049572799375, task_sched_time:2117051524746450
app_id: 0, app_name: SAR_api-aarch64, task_id: 344, task_name: DASH_ZIP, resource_name: cpu3, ref_start_time: 2117051525990760, ref_stop_time: 2117051526069090, actual_exe_time: 78330, task_app_start_time:2117049572799375, task_sched_time:2117051525463780
app_id: 0, app_name: SAR_api-aarch64, task_id: 345, task_name: DASH_FFT, resource_name: fft1, ref_start_time: 2117051531042281, ref_stop_time: 2117051531165131, actual_exe_time: 122850, task_app_start_time:2117049572799375, task_sched_time:2117051531035051
app_id: 0, app_name: SAR_api-aarch64, task_id: 346, task_name: DASH_FFT, resource_name: fft2, ref_start_time: 2117051531819281, ref_stop_time: 2117051531907691, actual_exe_time: 88410, task_app_start_time:2117049572799375, task_sched_time:2117051531811001
app_id: 0, app_name: SAR_api-aarch64, task_id: 347, task_name: DASH_ZIP, resource_name: zip1, ref_start_time: 2117051533236331, ref_stop_time: 2117051533361521, actual_exe_time: 125190, task_app_start_time:2117049572799375, task_sched_time:2117051533227631
app_id: 0, app_name: SAR_api-aarch64, task_id: 348, task_name: DASH_FFT, resource_name: cpu1, ref_start_time: 2117051537248082, ref_stop_time: 2117051537361482, actual_exe_time: 113400, task_app_start_time:2117049572799375, task_sched_time:2117051537183102
app_id: 0, app_name: SAR_api-aarch64, task_id: 349, task_name: DASH_FFT, resource_name: cpu2, ref_start_time: 2117051542807772, ref_stop_time: 2117051542919462, actual_exe_time: 111690, task_app_start_time:2117049572799375, task_sched_time:2117051537994092
app_id: 0, app_name: SAR_api-aarch64, task_id: 350, task_name: DASH_ZIP, resource_name: cpu3, ref_start_time: 2117051543826483, ref_stop_time: 2117051543901753, actual_exe_time: 75270, task_app_start_time:2117049572799375, task_sched_time:2117051543817993
app_id: 0, app_name: SAR_api-aarch64, task_id: 351, task_name: DASH_FFT, resource_name: fft1, ref_start_time: 2117051544254703, ref_stop_time: 2117051544372333, actual_exe_time: 117630, task_app_start_time:2117049572799375, task_sched_time:2117051544249513
app_id: 0, app_name: SAR_api-aarch64, task_id: 352, task_name: DASH_FFT, resource_name: fft2, ref_start_time: 2117051546681283, ref_stop_time: 2117051546905053, actual_exe_time: 223770, task_app_start_time:2117049572799375, task_sched_time:2117051545178793
app_id: 0, app_name: SAR_api-aarch64, task_id: 353, task_name: DASH_ZIP, resource_name: zip1, ref_start_time: 2117051550931024, ref_stop_time: 2117051551061284, actual_exe_time: 130260, task_app_start_time:2117049572799375, task_sched_time:2117051547666453
app_id: 0, app_name: SAR_api-aarch64, task_id: 354, task_name: DASH_FFT, resource_name: cpu1, ref_start_time: 2117051555146234, ref_stop_time: 2117051555255734, actual_exe_time: 109500, task_app_start_time:2117049572799375, task_sched_time:2117051555107924
app_id: 0, app_name: SAR_api-aarch64, task_id: 355, task_name: DASH_FFT, resource_name: cpu2, ref_start_time: 2117051559160745, ref_stop_time: 2117051559263675, actual_exe_time: 102930, task_app_start_time:2117049572799375, task_sched_time:2117051558808395
app_id: 0, app_name: SAR_api-aarch64, task_id: 356, task_name: DASH_ZIP, resource_name: cpu3, ref_start_time: 2117051561824776, ref_stop_time: 2117051561901096, actual_exe_time: 76320, task_app_start_time:2117049572799375, task_sched_time:2117051561816076
app_id: 0, app_name: SAR_api-aarch64, task_id: 357, task_name: DASH_FFT, resource_name: fft1, ref_start_time: 2117051562708246, ref_stop_time: 2117051562832236, actual_exe_time: 123990, task_app_start_time:2117049572799375, task_sched_time:2117051562704496
app_id: 0, app_name: SAR_api-aarch64, task_id: 358, task_name: DASH_FFT, resource_name: fft2, ref_start_time: 2117051563672926, ref_stop_time: 2117051563742136, actual_exe_time: 69210, task_app_start_time:2117049572799375, task_sched_time:2117051563666146
app_id: 0, app_name: SAR_api-aarch64, task_id: 359, task_name: DASH_ZIP, resource_name: zip1, ref_start_time: 2117051564589306, ref_stop_time: 2117051564707116, actual_exe_time: 117810, task_app_start_time:2117049572799375, task_sched_time:2117051564583456
app_id: 0, app_name: SAR_api-aarch64, task_id: 360, task_name: DASH_FFT, resource_name: cpu1, ref_start_time: 2117051565361236, ref_stop_time: 2117051565469176, actual_exe_time: 107940, task_app_start_time:2117049572799375, task_sched_time:2117051565342456
app_id: 0, app_name: SAR_api-aarch64, task_id: 361, task_name: DASH_FFT, resource_name: cpu2, ref_start_time: 2117051566099626, ref_stop_time: 2117051566192506, actual_exe_time: 92880, task_app_start_time:2117049572799375, task_sched_time:2117051566092696
app_id: 0, app_name: SAR_api-aarch64, task_id: 362, task_name: DASH_ZIP, resource_name: cpu3, ref_start_time: 2117051568069877, ref_stop_time: 2117051568148207, actual_exe_time: 78330, task_app_start_time:2117049572799375, task_sched_time:2117051566564956
app_id: 0, app_name: SAR_api-aarch64, task_id: 363, task_name: DASH_FFT, resource_name: fft1, ref_start_time: 2117051575428278, ref_stop_time: 2117051575564568, actual_exe_time: 136290, task_app_start_time:2117049572799375, task_sched_time:2117051575331798
app_id: 0, app_name: SAR_api-aarch64, task_id: 364, task_name: DASH_FFT, resource_name: fft2, ref_start_time: 2117051576286458, ref_stop_time: 2117051576356388, actual_exe_time: 69930, task_app_start_time:2117049572799375, task_sched_time:2117051576282708
app_id: 0, app_name: SAR_api-aarch64, task_id: 365, task_name: DASH_ZIP, resource_name: zip1, ref_start_time: 2117051579355818, ref_stop_time: 2117051579477738, actual_exe_time: 121920, task_app_start_time:2117049572799375, task_sched_time:2117051579346548
app_id: 0, app_name: SAR_api-aarch64, task_id: 366, task_name: DASH_FFT, resource_name: cpu1, ref_start_time: 2117051580558219, ref_stop_time: 2117051580668379, actual_exe_time: 110160, task_app_start_time:2117049572799375, task_sched_time:2117051580554439
app_id: 0, app_name: SAR_api-aarch64, task_id: 367, task_name: DASH_FFT, resource_name: cpu2, ref_start_time: 2117051581306959, ref_stop_time: 2117051581397919, actual_exe_time: 90960, task_app_start_time:2117049572799375, task_sched_time:2117051581301859
app_id: 0, app_name: SAR_api-aarch64, task_id: 368, task_name: DASH_ZIP, resource_name: cpu3, ref_start_time: 2117051582247969, ref_stop_time: 2117051582322729, actual_exe_time: 74760, task_app_start_time:2117049572799375, task_sched_time:2117051582243529
app_id: 0, app_name: SAR_api-aarch64, task_id: 369, task_name: DASH_FFT, resource_name: fft1, ref_start_time: 2117051586990460, ref_stop_time: 2117051587118110, actual_exe_time: 127650, task_app_start_time:2117049572799375, task_sched_time:2117051586878770
app_id: 0, app_name: SAR_api-aarch64, task_id: 370, task_name: DASH_FFT, resource_name: fft2, ref_start_time: 2117051590827730, ref_stop_time: 2117051590905160, actual_exe_time: 77430, task_app_start_time:2117049572799375, task_sched_time:2117051590817320
app_id: 0, app_name: SAR_api-aarch64, task_id: 371, task_name: DASH_ZIP, resource_name: zip1, ref_start_time: 2117051596487621, ref_stop_time: 2117051596612151, actual_exe_time: 124530, task_app_start_time:2117049572799375, task_sched_time:2117051596481351
app_id: 0, app_name: SAR_api-aarch64, task_id: 372, task_name: DASH_FFT, resource_name: cpu1, ref_start_time: 2117051600870772, ref_stop_time: 2117051600988402, actual_exe_time: 117630, task_app_start_time:2117049572799375, task_sched_time:2117051600740122
app_id: 0, app_name: SAR_api-aarch64, task_id: 373, task_name: DASH_FFT, resource_name: cpu2, ref_start_time: 2117051601236472, ref_stop_time: 2117051601328392, actual_exe_time: 91920, task_app_start_time:2117049572799375, task_sched_time:2117051601230172
app_id: 0, app_name: SAR_api-aarch64, task_id: 374, task_name: DASH_ZIP, resource_name: cpu3, ref_start_time: 2117051602810062, ref_stop_time: 2117051602889202, actual_exe_time: 79140, task_app_start_time:2117049572799375, task_sched_time:2117051602688202
app_id: 0, app_name: SAR_api-aarch64, task_id: 375, task_name: DASH_FFT, resource_name: fft1, ref_start_time: 2117051606832133, ref_stop_time: 2117051606961913, actual_exe_time: 129780, task_app_start_time:2117049572799375, task_sched_time:2117051606819863
app_id: 0, app_name: SAR_api-aarch64, task_id: 376, task_name: DASH_FFT, resource_name: fft2, ref_start_time: 2117051610938143, ref_stop_time: 2117051611014133, actual_exe_time: 75990, task_app_start_time:2117049572799375, task_sched_time:2117051610929833
app_id: 0, app_name: SAR_api-aarch64, task_id: 377, task_name: DASH_ZIP, resource_name: zip1, ref_start_time: 2117051615322344, ref_stop_time: 2117051615449274, actual_exe_time: 126930, task_app_start_time:2117049572799375, task_sched_time:2117051615315174
app_id: 0, app_name: SAR_api-aarch64, task_id: 378, task_name: DASH_FFT, resource_name: cpu1, ref_start_time: 2117051623076595, ref_stop_time: 2117051623194705, actual_exe_time: 118110, task_app_start_time:2117049572799375, task_sched_time:2117051622936885
app_id: 0, app_name: SAR_api-aarch64, task_id: 379, task_name: DASH_FFT, resource_name: cpu2, ref_start_time: 2117051624658466, ref_stop_time: 2117051624750296, actual_exe_time: 91830, task_app_start_time:2117049572799375, task_sched_time:2117051624649616
app_id: 0, app_name: SAR_api-aarch64, task_id: 380, task_name: DASH_ZIP, resource_name: cpu3, ref_start_time: 2117051626318696, ref_stop_time: 2117051626397206, actual_exe_time: 78510, task_app_start_time:2117049572799375, task_sched_time:2117051626208956
app_id: 0, app_name: SAR_api-aarch64, task_id: 381, task_name: DASH_FFT, resource_name: fft1, ref_start_time: 2117051638187808, ref_stop_time: 2117051638309878, actual_exe_time: 122070, task_app_start_time:2117049572799375, task_sched_time:2117051638093638
app_id: 0, app_name: SAR_api-aarch64, task_id: 382, task_name: DASH_FFT, resource_name: fft2, ref_start_time: 2117051639498838, ref_stop_time: 2117051639571318, actual_exe_time: 72480, task_app_start_time:2117049572799375, task_sched_time:2117051639367588
app_id: 0, app_name: SAR_api-aarch64, task_id: 383, task_name: DASH_ZIP, resource_name: zip1, ref_start_time: 2117051643254929, ref_stop_time: 2117051643384559, actual_exe_time: 129630, task_app_start_time:2117049572799375, task_sched_time:2117051643188719
app_id: 0, app_name: SAR_api-aarch64, task_id: 384, task_name: DASH_FFT, resource_name: cpu1, ref_start_time: 2117051651452370, ref_stop_time: 2117051651572220, actual_exe_time: 119850, task_app_start_time:2117049572799375, task_sched_time:2117051651423510
app_id: 0, app_name: SAR_api-aarch64, task_id: 385, task_name: DASH_FFT, resource_name: cpu2, ref_start_time: 2117051654079110, ref_stop_time: 2117051654176730, actual_exe_time: 97620, task_app_start_time:2117049572799375, task_sched_time:2117051654073410
app_id: 0, app_name: SAR_api-aarch64, task_id: 386, task_name: DASH_ZIP, resource_name: cpu3, ref_start_time: 2117051662787482, ref_stop_time: 2117051662873222, actual_exe_time: 85740, task_app_start_time:2117049572799375, task_sched_time:2117051657629401
app_id: 0, app_name: SAR_api-aarch64, task_id: 387, task_name: DASH_FFT, resource_name: fft1, ref_start_time: 2117051666560282, ref_stop_time: 2117051666682412, actual_exe_time: 122130, task_app_start_time:2117049572799375, task_sched_time:2117051666553922
app_id: 0, app_name: SAR_api-aarch64, task_id: 388, task_name: DASH_FFT, resource_name: fft2, ref_start_time: 2117051667748613, ref_stop_time: 2117051667824393, actual_exe_time: 75780, task_app_start_time:2117049572799375, task_sched_time:2117051667607613
app_id: 0, app_name: SAR_api-aarch64, task_id: 389, task_name: DASH_ZIP, resource_name: zip1, ref_start_time: 2117051671419173, ref_stop_time: 2117051671547273, actual_exe_time: 128100, task_app_start_time:2117049572799375, task_sched_time:2117051671412483
app_id: 0, app_name: SAR_api-aarch64, task_id: 390, task_name: DASH_FFT, resource_name: cpu1, ref_start_time: 2117051678798724, ref_stop_time: 2117051678919834, actual_exe_time: 121110, task_app_start_time:2117049572799375, task_sched_time:2117051672847893
app_id: 0, app_name: SAR_api-aarch64, task_id: 391, task_name: DASH_FFT, resource_name: cpu2, ref_start_time: 2117051679680184, ref_stop_time: 2117051679774564, actual_exe_time: 94380, task_app_start_time:2117049572799375, task_sched_time:2117051679677244
app_id: 0, app_name: SAR_api-aarch64, task_id: 392, task_name: DASH_ZIP, resource_name: cpu3, ref_start_time: 2117051680184755, ref_stop_time: 2117051680261405, actual_exe_time: 76650, task_app_start_time:2117049572799375, task_sched_time:2117051680179505
app_id: 0, app_name: SAR_api-aarch64, task_id: 393, task_name: DASH_FFT, resource_name: fft1, ref_start_time: 2117051681180245, ref_stop_time: 2117051681294875, actual_exe_time: 114630, task_app_start_time:2117049572799375, task_sched_time:2117051681159305
app_id: 0, app_name: SAR_api-aarch64, task_id: 394, task_name: DASH_FFT, resource_name: fft2, ref_start_time: 2117051681846965, ref_stop_time: 2117051681914285, actual_exe_time: 67320, task_app_start_time:2117049572799375, task_sched_time:2117051681838595
app_id: 0, app_name: SAR_api-aarch64, task_id: 395, task_name: DASH_ZIP, resource_name: zip1, ref_start_time: 2117051682503245, ref_stop_time: 2117051682620485, actual_exe_time: 117240, task_app_start_time:2117049572799375, task_sched_time:2117051682498865
app_id: 0, app_name: SAR_api-aarch64, task_id: 396, task_name: DASH_FFT, resource_name: cpu1, ref_start_time: 2117051685676255, ref_stop_time: 2117051685785725, actual_exe_time: 109470, task_app_start_time:2117049572799375, task_sched_time:2117051685640585
app_id: 0, app_name: SAR_api-aarch64, task_id: 397, task_name: DASH_FFT, resource_name: cpu2, ref_start_time: 2117051686458086, ref_stop_time: 2117051686550156, actual_exe_time: 92070, task_app_start_time:2117049572799375, task_sched_time:2117051686452176
app_id: 0, app_name: SAR_api-aarch64, task_id: 398, task_name: DASH_ZIP, resource_name: cpu3, ref_start_time: 2117051690104496, ref_stop_time: 2117051690187896, actual_exe_time: 83400, task_app_start_time:2117049572799375, task_sched_time:2117051690095976
app_id: 0, app_name: SAR_api-aarch64, task_id: 399, task_name: DASH_FFT, resource_name: fft1, ref_start_time: 2117051690923706, ref_stop_time: 2117051691043466, actual_exe_time: 119760, task_app_start_time:2117049572799375, task_sched_time:2117051690903936
app_id: 0, app_name: SAR_api-aarch64, task_id: 400, task_name: DASH_FFT, resource_name: fft2, ref_start_time: 2117051694807417, ref_stop_time: 2117051694889797, actual_exe_time: 82380, task_app_start_time:2117049572799375, task_sched_time:2117051691382166
app_id: 0, app_name: SAR_api-aarch64, task_id: 401, task_name: DASH_ZIP, resource_name: zip1, ref_start_time: 2117051695695387, ref_stop_time: 2117051695814757, actual_exe_time: 119370, task_app_start_time:2117049572799375, task_sched_time:2117051695691217
app_id: 0, app_name: SAR_api-aarch64, task_id: 402, task_name: DASH_FFT, resource_name: cpu1, ref_start_time: 2117051696449857, ref_stop_time: 2117051696559357, actual_exe_time: 109500, task_app_start_time:2117049572799375, task_sched_time:2117051696416707
app_id: 0, app_name: SAR_api-aarch64, task_id: 403, task_name: DASH_FFT, resource_name: cpu2, ref_start_time: 2117051700429148, ref_stop_time: 2117051700532408, actual_exe_time: 103260, task_app_start_time:2117049572799375, task_sched_time:2117051697136647
app_id: 0, app_name: SAR_api-aarch64, task_id: 404, task_name: DASH_ZIP, resource_name: cpu3, ref_start_time: 2117051707035749, ref_stop_time: 2117051707118939, actual_exe_time: 83190, task_app_start_time:2117049572799375, task_sched_time:2117051707027409
app_id: 0, app_name: SAR_api-aarch64, task_id: 405, task_name: DASH_FFT, resource_name: fft1, ref_start_time: 2117051707875089, ref_stop_time: 2117051707995359, actual_exe_time: 120270, task_app_start_time:2117049572799375, task_sched_time:2117051707825619
app_id: 0, app_name: SAR_api-aarch64, task_id: 406, task_name: DASH_FFT, resource_name: fft2, ref_start_time: 2117051708669819, ref_stop_time: 2117051708742209, actual_exe_time: 72390, task_app_start_time:2117049572799375, task_sched_time:2117051708664899
app_id: 0, app_name: SAR_api-aarch64, task_id: 407, task_name: DASH_ZIP, resource_name: zip1, ref_start_time: 2117051709414779, ref_stop_time: 2117051709533039, actual_exe_time: 118260, task_app_start_time:2117049572799375, task_sched_time:2117051709408239
app_id: 0, app_name: SAR_api-aarch64, task_id: 408, task_name: DASH_FFT, resource_name: cpu1, ref_start_time: 2117051715452610, ref_stop_time: 2117051715967800, actual_exe_time: 515190, task_app_start_time:2117049572799375, task_sched_time:2117051715439500
app_id: 0, app_name: SAR_api-aarch64, task_id: 409, task_name: DASH_FFT, resource_name: cpu2, ref_start_time: 2117051716570320, ref_stop_time: 2117051716661850, actual_exe_time: 91530, task_app_start_time:2117049572799375, task_sched_time:2117051716566960
app_id: 0, app_name: SAR_api-aarch64, task_id: 410, task_name: DASH_ZIP, resource_name: cpu3, ref_start_time: 2117051718381511, ref_stop_time: 2117051718460081, actual_exe_time: 78570, task_app_start_time:2117049572799375, task_sched_time:2117051718232831
app_id: 0, app_name: SAR_api-aarch64, task_id: 411, task_name: DASH_FFT, resource_name: fft1, ref_start_time: 2117051721942151, ref_stop_time: 2117051722063711, actual_exe_time: 121560, task_app_start_time:2117049572799375, task_sched_time:2117051721935281
app_id: 0, app_name: SAR_api-aarch64, task_id: 412, task_name: DASH_FFT, resource_name: fft2, ref_start_time: 2117051722731391, ref_stop_time: 2117051722828111, actual_exe_time: 96720, task_app_start_time:2117049572799375, task_sched_time:2117051722727131
app_id: 0, app_name: SAR_api-aarch64, task_id: 413, task_name: DASH_ZIP, resource_name: zip1, ref_start_time: 2117051723586452, ref_stop_time: 2117051723709962, actual_exe_time: 123510, task_app_start_time:2117049572799375, task_sched_time:2117051723576252
app_id: 0, app_name: SAR_api-aarch64, task_id: 414, task_name: DASH_FFT, resource_name: cpu1, ref_start_time: 2117051724110552, ref_stop_time: 2117051724217742, actual_exe_time: 107190, task_app_start_time:2117049572799375, task_sched_time:2117051724061262
app_id: 0, app_name: SAR_api-aarch64, task_id: 415, task_name: DASH_FFT, resource_name: cpu2, ref_start_time: 2117051726806562, ref_stop_time: 2117051726910842, actual_exe_time: 104280, task_app_start_time:2117049572799375, task_sched_time:2117051725065332
app_id: 0, app_name: SAR_api-aarch64, task_id: 416, task_name: DASH_ZIP, resource_name: cpu3, ref_start_time: 2117051727574682, ref_stop_time: 2117051727648572, actual_exe_time: 73890, task_app_start_time:2117049572799375, task_sched_time:2117051727570032
app_id: 0, app_name: SAR_api-aarch64, task_id: 417, task_name: DASH_FFT, resource_name: fft1, ref_start_time: 2117051728255172, ref_stop_time: 2117051728376642, actual_exe_time: 121470, task_app_start_time:2117049572799375, task_sched_time:2117051728219652
app_id: 0, app_name: SAR_api-aarch64, task_id: 418, task_name: DASH_FFT, resource_name: fft2, ref_start_time: 2117051730795603, ref_stop_time: 2117051730871203, actual_exe_time: 75600, task_app_start_time:2117049572799375, task_sched_time:2117051728960052
app_id: 0, app_name: SAR_api-aarch64, task_id: 419, task_name: DASH_ZIP, resource_name: zip1, ref_start_time: 2117051731547403, ref_stop_time: 2117051731665723, actual_exe_time: 118320, task_app_start_time:2117049572799375, task_sched_time:2117051731538433
app_id: 0, app_name: SAR_api-aarch64, task_id: 420, task_name: DASH_FFT, resource_name: cpu1, ref_start_time: 2117051732298603, ref_stop_time: 2117051732403273, actual_exe_time: 104670, task_app_start_time:2117049572799375, task_sched_time:2117051732286903
app_id: 0, app_name: SAR_api-aarch64, task_id: 421, task_name: DASH_FFT, resource_name: cpu2, ref_start_time: 2117051733436803, ref_stop_time: 2117051733533433, actual_exe_time: 96630, task_app_start_time:2117049572799375, task_sched_time:2117051732990493
app_id: 0, app_name: SAR_api-aarch64, task_id: 422, task_name: DASH_ZIP, resource_name: cpu3, ref_start_time: 2117051735065743, ref_stop_time: 2117051735143113, actual_exe_time: 77370, task_app_start_time:2117049572799375, task_sched_time:2117051735055303
app_id: 0, app_name: SAR_api-aarch64, task_id: 423, task_name: DASH_FFT, resource_name: fft1, ref_start_time: 2117051738548774, ref_stop_time: 2117051738684374, actual_exe_time: 135600, task_app_start_time:2117049572799375, task_sched_time:2117051738467144
app_id: 0, app_name: SAR_api-aarch64, task_id: 424, task_name: DASH_FFT, resource_name: fft2, ref_start_time: 2117051739428014, ref_stop_time: 2117051739505174, actual_exe_time: 77160, task_app_start_time:2117049572799375, task_sched_time:2117051739423994
app_id: 0, app_name: SAR_api-aarch64, task_id: 425, task_name: DASH_ZIP, resource_name: zip1, ref_start_time: 2117051742791615, ref_stop_time: 2117051742914885, actual_exe_time: 123270, task_app_start_time:2117049572799375, task_sched_time:2117051740240654
app_id: 0, app_name: SAR_api-aarch64, task_id: 426, task_name: DASH_FFT, resource_name: cpu1, ref_start_time: 2117051743623365, ref_stop_time: 2117051743732025, actual_exe_time: 108660, task_app_start_time:2117049572799375, task_sched_time:2117051743578845
app_id: 0, app_name: SAR_api-aarch64, task_id: 427, task_name: DASH_FFT, resource_name: cpu2, ref_start_time: 2117051744312495, ref_stop_time: 2117051744400755, actual_exe_time: 88260, task_app_start_time:2117049572799375, task_sched_time:2117051744306795
app_id: 0, app_name: SAR_api-aarch64, task_id: 428, task_name: DASH_ZIP, resource_name: cpu3, ref_start_time: 2117051748790536, ref_stop_time: 2117051748870696, actual_exe_time: 80160, task_app_start_time:2117049572799375, task_sched_time:2117051745097205
app_id: 0, app_name: SAR_api-aarch64, task_id: 429, task_name: DASH_FFT, resource_name: fft1, ref_start_time: 2117051749951986, ref_stop_time: 2117051750073276, actual_exe_time: 121290, task_app_start_time:2117049572799375, task_sched_time:2117051749941216
app_id: 0, app_name: SAR_api-aarch64, task_id: 430, task_name: DASH_FFT, resource_name: fft2, ref_start_time: 2117051750699466, ref_stop_time: 2117051751149916, actual_exe_time: 450450, task_app_start_time:2117049572799375, task_sched_time:2117051750693976
app_id: 0, app_name: SAR_api-aarch64, task_id: 431, task_name: DASH_ZIP, resource_name: zip1, ref_start_time: 2117051751796356, ref_stop_time: 2117051751914406, actual_exe_time: 118050, task_app_start_time:2117049572799375, task_sched_time:2117051751790386
app_id: 0, app_name: SAR_api-aarch64, task_id: 432, task_name: DASH_FFT, resource_name: cpu1, ref_start_time: 2117051754791377, ref_stop_time: 2117051754906037, actual_exe_time: 114660, task_app_start_time:2117049572799375, task_sched_time:2117051752801476
app_id: 0, app_name: SAR_api-aarch64, task_id: 433, task_name: DASH_FFT, resource_name: cpu2, ref_start_time: 2117051755748467, ref_stop_time: 2117051755839817, actual_exe_time: 91350, task_app_start_time:2117049572799375, task_sched_time:2117051755741627
app_id: 0, app_name: SAR_api-aarch64, task_id: 434, task_name: DASH_ZIP, resource_name: cpu3, ref_start_time: 2117051756561677, ref_stop_time: 2117051756637007, actual_exe_time: 75330, task_app_start_time:2117049572799375, task_sched_time:2117051756556187
app_id: 0, app_name: SAR_api-aarch64, task_id: 435, task_name: DASH_FFT, resource_name: fft1, ref_start_time: 2117051757219607, ref_stop_time: 2117051757332647, actual_exe_time: 113040, task_app_start_time:2117049572799375, task_sched_time:2117051757212227
app_id: 0, app_name: SAR_api-aarch64, task_id: 436, task_name: DASH_FFT, resource_name: fft2, ref_start_time: 2117051757915997, ref_stop_time: 2117051757982147, actual_exe_time: 66150, task_app_start_time:2117049572799375, task_sched_time:2117051757908767
app_id: 0, app_name: SAR_api-aarch64, task_id: 437, task_name: DASH_ZIP, resource_name: zip1, ref_start_time: 2117051763112988, ref_stop_time: 2117051763238508, actual_exe_time: 125520, task_app_start_time:2117049572799375, task_sched_time:2117051763103958
app_id: 0, app_name: SAR_api-aarch64, task_id: 438, task_name: DASH_FFT, resource_name: cpu1, ref_start_time: 2117051764042088, ref_stop_time: 2117051764152008, actual_exe_time: 109920, task_app_start_time:2117049572799375, task_sched_time:2117051763964838
app_id: 0, app_name: SAR_api-aarch64, task_id: 439, task_name: DASH_FFT, resource_name: cpu2, ref_start_time: 2117051769641649, ref_stop_time: 2117051769742899, actual_exe_time: 101250, task_app_start_time:2117049572799375, task_sched_time:2117051769637959
app_id: 0, app_name: SAR_api-aarch64, task_id: 440, task_name: DASH_ZIP, resource_name: cpu3, ref_start_time: 2117051770480149, ref_stop_time: 2117051770556409, actual_exe_time: 76260, task_app_start_time:2117049572799375, task_sched_time:2117051770475289
app_id: 0, app_name: SAR_api-aarch64, task_id: 441, task_name: DASH_FFT, resource_name: fft1, ref_start_time: 2117051771159979, ref_stop_time: 2117051771278839, actual_exe_time: 118860, task_app_start_time:2117049572799375, task_sched_time:2117051771143929
app_id: 0, app_name: SAR_api-aarch64, task_id: 442, task_name: DASH_FFT, resource_name: fft2, ref_start_time: 2117051771884809, ref_stop_time: 2117051771951649, actual_exe_time: 66840, task_app_start_time:2117049572799375, task_sched_time:2117051771878419
app_id: 0, app_name: SAR_api-aarch64, task_id: 443, task_name: DASH_ZIP, resource_name: zip1, ref_start_time: 2117051773213000, ref_stop_time: 2117051773332790, actual_exe_time: 119790, task_app_start_time:2117049572799375, task_sched_time:2117051773204750
app_id: 0, app_name: SAR_api-aarch64, task_id: 444, task_name: DASH_FFT, resource_name: cpu1, ref_start_time: 2117051774046310, ref_stop_time: 2117051774152180, actual_exe_time: 105870, task_app_start_time:2117049572799375, task_sched_time:2117051773969120
app_id: 0, app_name: SAR_api-aarch64, task_id: 445, task_name: DASH_FFT, resource_name: cpu2, ref_start_time: 2117051779093510, ref_stop_time: 2117051779196950, actual_exe_time: 103440, task_app_start_time:2117049572799375, task_sched_time:2117051779084120
app_id: 0, app_name: SAR_api-aarch64, task_id: 446, task_name: DASH_ZIP, resource_name: cpu3, ref_start_time: 2117051780005781, ref_stop_time: 2117051780082101, actual_exe_time: 76320, task_app_start_time:2117049572799375, task_sched_time:2117051779997021
app_id: 0, app_name: SAR_api-aarch64, task_id: 447, task_name: DASH_FFT, resource_name: fft1, ref_start_time: 2117051782783901, ref_stop_time: 2117051782916681, actual_exe_time: 132780, task_app_start_time:2117049572799375, task_sched_time:2117051782780301
app_id: 0, app_name: SAR_api-aarch64, task_id: 448, task_name: DASH_FFT, resource_name: fft2, ref_start_time: 2117051783556941, ref_stop_time: 2117051783627621, actual_exe_time: 70680, task_app_start_time:2117049572799375, task_sched_time:2117051783548721
app_id: 0, app_name: SAR_api-aarch64, task_id: 449, task_name: DASH_ZIP, resource_name: zip1, ref_start_time: 2117051786923452, ref_stop_time: 2117051787043152, actual_exe_time: 119700, task_app_start_time:2117049572799375, task_sched_time:2117051786919642
app_id: 0, app_name: SAR_api-aarch64, task_id: 450, task_name: DASH_FFT, resource_name: cpu1, ref_start_time: 2117051787735432, ref_stop_time: 2117051787841692, actual_exe_time: 106260, task_app_start_time:2117049572799375, task_sched_time:2117051787724332
app_id: 0, app_name: SAR_api-aarch64, task_id: 451, task_name: DASH_FFT, resource_name: cpu2, ref_start_time: 2117051790436812, ref_stop_time: 2117051790527412, actual_exe_time: 90600, task_app_start_time:2117049572799375, task_sched_time:2117051790432912
app_id: 0, app_name: SAR_api-aarch64, task_id: 452, task_name: DASH_ZIP, resource_name: cpu3, ref_start_time: 2117051791495482, ref_stop_time: 2117051791570122, actual_exe_time: 74640, task_app_start_time:2117049572799375, task_sched_time:2117051791486602
app_id: 0, app_name: SAR_api-aarch64, task_id: 453, task_name: DASH_FFT, resource_name: fft1, ref_start_time: 2117051793568753, ref_stop_time: 2117051793690763, actual_exe_time: 122010, task_app_start_time:2117049572799375, task_sched_time:2117051793554593
app_id: 0, app_name: SAR_api-aarch64, task_id: 454, task_name: DASH_FFT, resource_name: fft2, ref_start_time: 2117051799822944, ref_stop_time: 2117051799897794, actual_exe_time: 74850, task_app_start_time:2117049572799375, task_sched_time:2117051799815444
app_id: 0, app_name: SAR_api-aarch64, task_id: 455, task_name: DASH_ZIP, resource_name: zip1, ref_start_time: 2117051800669394, ref_stop_time: 2117051800787234, actual_exe_time: 117840, task_app_start_time:2117049572799375, task_sched_time:2117051800666124
app_id: 0, app_name: SAR_api-aarch64, task_id: 456, task_name: DASH_FFT, resource_name: cpu1, ref_start_time: 2117051801463134, ref_stop_time: 2117051801569154, actual_exe_time: 106020, task_app_start_time:2117049572799375, task_sched_time:2117051801388884
app_id: 0, app_name: SAR_api-aarch64, task_id: 457, task_name: DASH_FFT, resource_name: cpu2, ref_start_time: 2117051807363775, ref_stop_time: 2117051807467575, actual_exe_time: 103800, task_app_start_time:2117049572799375, task_sched_time:2117051807356305
app_id: 0, app_name: SAR_api-aarch64, task_id: 458, task_name: DASH_ZIP, resource_name: cpu3, ref_start_time: 2117051808240675, ref_stop_time: 2117051808315765, actual_exe_time: 75090, task_app_start_time:2117049572799375, task_sched_time:2117051808234285
app_id: 0, app_name: SAR_api-aarch64, task_id: 459, task_name: DASH_FFT, resource_name: fft1, ref_start_time: 2117051808886845, ref_stop_time: 2117051809004895, actual_exe_time: 118050, task_app_start_time:2117049572799375, task_sched_time:2117051808874425
app_id: 0, app_name: SAR_api-aarch64, task_id: 460, task_name: DASH_FFT, resource_name: fft2, ref_start_time: 2117051809470045, ref_stop_time: 2117051809707525, actual_exe_time: 237480, task_app_start_time:2117049572799375, task_sched_time:2117051809463715
app_id: 0, app_name: SAR_api-aarch64, task_id: 461, task_name: DASH_ZIP, resource_name: zip1, ref_start_time: 2117051810798806, ref_stop_time: 2117051810920006, actual_exe_time: 121200, task_app_start_time:2117049572799375, task_sched_time:2117051810794066
app_id: 0, app_name: SAR_api-aarch64, task_id: 462, task_name: DASH_FFT, resource_name: cpu1, ref_start_time: 2117051812177186, ref_stop_time: 2117051812285246, actual_exe_time: 108060, task_app_start_time:2117049572799375, task_sched_time:2117051812139056
app_id: 0, app_name: SAR_api-aarch64, task_id: 463, task_name: DASH_FFT, resource_name: cpu2, ref_start_time: 2117051815675186, ref_stop_time: 2117051815780846, actual_exe_time: 105660, task_app_start_time:2117049572799375, task_sched_time:2117051815667596
app_id: 0, app_name: SAR_api-aarch64, task_id: 464, task_name: DASH_ZIP, resource_name: cpu3, ref_start_time: 2117051817565847, ref_stop_time: 2117051817641537, actual_exe_time: 75690, task_app_start_time:2117049572799375, task_sched_time:2117051817557777
app_id: 0, app_name: SAR_api-aarch64, task_id: 465, task_name: DASH_FFT, resource_name: fft1, ref_start_time: 2117051819044517, ref_stop_time: 2117051819163467, actual_exe_time: 118950, task_app_start_time:2117049572799375, task_sched_time:2117051819037497
app_id: 0, app_name: SAR_api-aarch64, task_id: 466, task_name: DASH_FFT, resource_name: fft2, ref_start_time: 2117051823020568, ref_stop_time: 2117051823094698, actual_exe_time: 74130, task_app_start_time:2117049572799375, task_sched_time:2117051823014568
app_id: 0, app_name: SAR_api-aarch64, task_id: 467, task_name: DASH_ZIP, resource_name: zip1, ref_start_time: 2117051826950808, ref_stop_time: 2117051827073868, actual_exe_time: 123060, task_app_start_time:2117049572799375, task_sched_time:2117051826942258
app_id: 0, app_name: SAR_api-aarch64, task_id: 468, task_name: DASH_FFT, resource_name: cpu1, ref_start_time: 2117051827816968, ref_stop_time: 2117051827926138, actual_exe_time: 109170, task_app_start_time:2117049572799375, task_sched_time:2117051827773258
app_id: 0, app_name: SAR_api-aarch64, task_id: 469, task_name: DASH_FFT, resource_name: cpu2, ref_start_time: 2117051829549439, ref_stop_time: 2117051829639409, actual_exe_time: 89970, task_app_start_time:2117049572799375, task_sched_time:2117051829539989
app_id: 0, app_name: SAR_api-aarch64, task_id: 470, task_name: DASH_ZIP, resource_name: cpu3, ref_start_time: 2117051831023819, ref_stop_time: 2117051831099689, actual_exe_time: 75870, task_app_start_time:2117049572799375, task_sched_time:2117051831015779
app_id: 0, app_name: SAR_api-aarch64, task_id: 471, task_name: DASH_FFT, resource_name: fft1, ref_start_time: 2117051831718589, ref_stop_time: 2117051831841559, actual_exe_time: 122970, task_app_start_time:2117049572799375, task_sched_time:2117051831701729
app_id: 0, app_name: SAR_api-aarch64, task_id: 472, task_name: DASH_FFT, resource_name: fft2, ref_start_time: 2117051832521389, ref_stop_time: 2117051832594559, actual_exe_time: 73170, task_app_start_time:2117049572799375, task_sched_time:2117051832517069
app_id: 0, app_name: SAR_api-aarch64, task_id: 473, task_name: DASH_ZIP, resource_name: zip1, ref_start_time: 2117051834843959, ref_stop_time: 2117051834971969, actual_exe_time: 128010, task_app_start_time:2117049572799375, task_sched_time:2117051833292149
app_id: 0, app_name: SAR_api-aarch64, task_id: 474, task_name: DASH_FFT, resource_name: cpu1, ref_start_time: 2117051835751040, ref_stop_time: 2117051835856850, actual_exe_time: 105810, task_app_start_time:2117049572799375, task_sched_time:2117051835733550
app_id: 0, app_name: SAR_api-aarch64, task_id: 475, task_name: DASH_FFT, resource_name: cpu2, ref_start_time: 2117051836492970, ref_stop_time: 2117051836587230, actual_exe_time: 94260, task_app_start_time:2117049572799375, task_sched_time:2117051836487030
app_id: 0, app_name: SAR_api-aarch64, task_id: 476, task_name: DASH_ZIP, resource_name: cpu3, ref_start_time: 2117051838782060, ref_stop_time: 2117051838860510, actual_exe_time: 78450, task_app_start_time:2117049572799375, task_sched_time:2117051837322740
app_id: 0, app_name: SAR_api-aarch64, task_id: 477, task_name: DASH_FFT, resource_name: fft1, ref_start_time: 2117051839441730, ref_stop_time: 2117051839560500, actual_exe_time: 118770, task_app_start_time:2117049572799375, task_sched_time:2117051839430810
app_id: 0, app_name: SAR_api-aarch64, task_id: 478, task_name: DASH_FFT, resource_name: fft2, ref_start_time: 2117051840143640, ref_stop_time: 2117051840210990, actual_exe_time: 67350, task_app_start_time:2117049572799375, task_sched_time:2117051840136380
app_id: 0, app_name: SAR_api-aarch64, task_id: 479, task_name: DASH_ZIP, resource_name: zip1, ref_start_time: 2117051842782411, ref_stop_time: 2117051842903641, actual_exe_time: 121230, task_app_start_time:2117049572799375, task_sched_time:2117051840872640
app_id: 0, app_name: SAR_api-aarch64, task_id: 480, task_name: DASH_FFT, resource_name: cpu1, ref_start_time: 2117051843560881, ref_stop_time: 2117051843667081, actual_exe_time: 106200, task_app_start_time:2117049572799375, task_sched_time:2117051843519631
app_id: 0, app_name: SAR_api-aarch64, task_id: 481, task_name: DASH_FFT, resource_name: cpu2, ref_start_time: 2117051844240321, ref_stop_time: 2117051844330231, actual_exe_time: 89910, task_app_start_time:2117049572799375, task_sched_time:2117051844231171
app_id: 0, app_name: SAR_api-aarch64, task_id: 482, task_name: DASH_ZIP, resource_name: cpu3, ref_start_time: 2117051845278831, ref_stop_time: 2117051845357191, actual_exe_time: 78360, task_app_start_time:2117049572799375, task_sched_time:2117051845085031
app_id: 0, app_name: SAR_api-aarch64, task_id: 483, task_name: DASH_FFT, resource_name: fft1, ref_start_time: 2117051845927431, ref_stop_time: 2117051846046201, actual_exe_time: 118770, task_app_start_time:2117049572799375, task_sched_time:2117051845923831
app_id: 0, app_name: SAR_api-aarch64, task_id: 484, task_name: DASH_FFT, resource_name: fft2, ref_start_time: 2117051851238242, ref_stop_time: 2117051851324342, actual_exe_time: 86100, task_app_start_time:2117049572799375, task_sched_time:2117051851228732
app_id: 0, app_name: SAR_api-aarch64, task_id: 485, task_name: DASH_ZIP, resource_name: zip1, ref_start_time: 2117051852161342, ref_stop_time: 2117051852282212, actual_exe_time: 120870, task_app_start_time:2117049572799375, task_sched_time:2117051852157832
app_id: 0, app_name: SAR_api-aarch64, task_id: 486, task_name: DASH_FFT, resource_name: cpu1, ref_start_time: 2117051859291143, ref_stop_time: 2117051859415433, actual_exe_time: 124290, task_app_start_time:2117049572799375, task_sched_time:2117051859281903
app_id: 0, app_name: SAR_api-aarch64, task_id: 487, task_name: DASH_FFT, resource_name: cpu2, ref_start_time: 2117051860098564, ref_stop_time: 2117051860189854, actual_exe_time: 91290, task_app_start_time:2117049572799375, task_sched_time:2117051860095714
app_id: 0, app_name: SAR_api-aarch64, task_id: 488, task_name: DASH_ZIP, resource_name: cpu3, ref_start_time: 2117051860877244, ref_stop_time: 2117051860953174, actual_exe_time: 75930, task_app_start_time:2117049572799375, task_sched_time:2117051860870674
app_id: 0, app_name: SAR_api-aarch64, task_id: 489, task_name: DASH_FFT, resource_name: fft1, ref_start_time: 2117051862867204, ref_stop_time: 2117051862987084, actual_exe_time: 119880, task_app_start_time:2117049572799375, task_sched_time:2117051862862554
app_id: 0, app_name: SAR_api-aarch64, task_id: 490, task_name: DASH_FFT, resource_name: fft2, ref_start_time: 2117051866874245, ref_stop_time: 2117051866958935, actual_exe_time: 84690, task_app_start_time:2117049572799375, task_sched_time:2117051866864345
app_id: 0, app_name: SAR_api-aarch64, task_id: 491, task_name: DASH_ZIP, resource_name: zip1, ref_start_time: 2117051867768665, ref_stop_time: 2117051867888935, actual_exe_time: 120270, task_app_start_time:2117049572799375, task_sched_time:2117051867763805
app_id: 0, app_name: SAR_api-aarch64, task_id: 492, task_name: DASH_FFT, resource_name: cpu1, ref_start_time: 2117051871494875, ref_stop_time: 2117051872197715, actual_exe_time: 702840, task_app_start_time:2117049572799375, task_sched_time:2117051871442885
app_id: 0, app_name: SAR_api-aarch64, task_id: 493, task_name: DASH_FFT, resource_name: cpu2, ref_start_time: 2117051874990716, ref_stop_time: 2117051875084886, actual_exe_time: 94170, task_app_start_time:2117049572799375, task_sched_time:2117051874985976
app_id: 0, app_name: SAR_api-aarch64, task_id: 494, task_name: DASH_ZIP, resource_name: cpu3, ref_start_time: 2117051878386656, ref_stop_time: 2117051878464056, actual_exe_time: 77400, task_app_start_time:2117049572799375, task_sched_time:2117051878379186
app_id: 0, app_name: SAR_api-aarch64, task_id: 495, task_name: DASH_FFT, resource_name: fft1, ref_start_time: 2117051880252927, ref_stop_time: 2117051880382107, actual_exe_time: 129180, task_app_start_time:2117049572799375, task_sched_time:2117051880238137
app_id: 0, app_name: SAR_api-aarch64, task_id: 496, task_name: DASH_FFT, resource_name: fft2, ref_start_time: 2117051887346728, ref_stop_time: 2117051887432168, actual_exe_time: 85440, task_app_start_time:2117049572799375, task_sched_time:2117051887341868
app_id: 0, app_name: SAR_api-aarch64, task_id: 497, task_name: DASH_ZIP, resource_name: zip1, ref_start_time: 2117051888300668, ref_stop_time: 2117051888423098, actual_exe_time: 122430, task_app_start_time:2117049572799375, task_sched_time:2117051888291398
app_id: 0, app_name: SAR_api-aarch64, task_id: 498, task_name: DASH_FFT, resource_name: cpu1, ref_start_time: 2117051889097258, ref_stop_time: 2117051889200128, actual_exe_time: 102870, task_app_start_time:2117049572799375, task_sched_time:2117051889049648
app_id: 0, app_name: SAR_api-aarch64, task_id: 499, task_name: DASH_FFT, resource_name: cpu2, ref_start_time: 2117051894652239, ref_stop_time: 2117051895032039, actual_exe_time: 379800, task_app_start_time:2117049572799375, task_sched_time:2117051894645669
app_id: 0, app_name: SAR_api-aarch64, task_id: 500, task_name: DASH_ZIP, resource_name: cpu3, ref_start_time: 2117051896318469, ref_stop_time: 2117051896394969, actual_exe_time: 76500, task_app_start_time:2117049572799375, task_sched_time:2117051896312409
app_id: 0, app_name: SAR_api-aarch64, task_id: 501, task_name: DASH_FFT, resource_name: fft1, ref_start_time: 2117051899335180, ref_stop_time: 2117051899461510, actual_exe_time: 126330, task_app_start_time:2117049572799375, task_sched_time:2117051899325970
app_id: 0, app_name: SAR_api-aarch64, task_id: 502, task_name: DASH_FFT, resource_name: fft2, ref_start_time: 2117051906878471, ref_stop_time: 2117051906966701, actual_exe_time: 88230, task_app_start_time:2117049572799375, task_sched_time:2117051906871181
app_id: 0, app_name: SAR_api-aarch64, task_id: 503, task_name: DASH_ZIP, resource_name: zip1, ref_start_time: 2117051911230272, ref_stop_time: 2117051911357352, actual_exe_time: 127080, task_app_start_time:2117049572799375, task_sched_time:2117051911223312
app_id: 0, app_name: SAR_api-aarch64, task_id: 504, task_name: DASH_FFT, resource_name: cpu1, ref_start_time: 2117051915220122, ref_stop_time: 2117051915332112, actual_exe_time: 111990, task_app_start_time:2117049572799375, task_sched_time:2117051915203202
app_id: 0, app_name: SAR_api-aarch64, task_id: 505, task_name: DASH_FFT, resource_name: cpu2, ref_start_time: 2117051922884584, ref_stop_time: 2117051923003834, actual_exe_time: 119250, task_app_start_time:2117049572799375, task_sched_time:2117051922873664
app_id: 0, app_name: SAR_api-aarch64, task_id: 506, task_name: DASH_ZIP, resource_name: cpu3, ref_start_time: 2117051925429754, ref_stop_time: 2117051925509464, actual_exe_time: 79710, task_app_start_time:2117049572799375, task_sched_time:2117051925419554
app_id: 0, app_name: SAR_api-aarch64, task_id: 507, task_name: DASH_FFT, resource_name: fft1, ref_start_time: 2117051929011275, ref_stop_time: 2117051929143575, actual_exe_time: 132300, task_app_start_time:2117049572799375, task_sched_time:2117051929006625
app_id: 0, app_name: SAR_api-aarch64, task_id: 508, task_name: DASH_FFT, resource_name: fft2, ref_start_time: 2117051929852505, ref_stop_time: 2117051929949195, actual_exe_time: 96690, task_app_start_time:2117049572799375, task_sched_time:2117051929846985
app_id: 0, app_name: SAR_api-aarch64, task_id: 509, task_name: DASH_ZIP, resource_name: zip1, ref_start_time: 2117051934792576, ref_stop_time: 2117051934914976, actual_exe_time: 122400, task_app_start_time:2117049572799375, task_sched_time:2117051930586605
app_id: 0, app_name: SAR_api-aarch64, task_id: 510, task_name: DASH_FFT, resource_name: cpu1, ref_start_time: 2117051938145256, ref_stop_time: 2117051938254636, actual_exe_time: 109380, task_app_start_time:2117049572799375, task_sched_time:2117051938131666
app_id: 0, app_name: SAR_api-aarch64, task_id: 511, task_name: DASH_FFT, resource_name: cpu2, ref_start_time: 2117051939504586, ref_stop_time: 2117051939623776, actual_exe_time: 119190, task_app_start_time:2117049572799375, task_sched_time:2117051939492226
app_id: 0, app_name: SAR_api-aarch64, task_id: 512, task_name: DASH_ZIP, resource_name: cpu3, ref_start_time: 2117051939851116, ref_stop_time: 2117051939926446, actual_exe_time: 75330, task_app_start_time:2117049572799375, task_sched_time:2117051939841876
app_id: 0, app_name: SAR_api-aarch64, task_id: 513, task_name: DASH_FFT, resource_name: fft1, ref_start_time: 2117051947305518, ref_stop_time: 2117051947432868, actual_exe_time: 127350, task_app_start_time:2117049572799375, task_sched_time:2117051947214498
app_id: 0, app_name: SAR_api-aarch64, task_id: 514, task_name: DASH_FFT, resource_name: fft2, ref_start_time: 2117051950810268, ref_stop_time: 2117051950897448, actual_exe_time: 87180, task_app_start_time:2117049572799375, task_sched_time:2117051950804928
app_id: 0, app_name: SAR_api-aarch64, task_id: 515, task_name: DASH_ZIP, resource_name: zip1, ref_start_time: 2117051954360589, ref_stop_time: 2117051954486079, actual_exe_time: 125490, task_app_start_time:2117049572799375, task_sched_time:2117051954349399
app_id: 0, app_name: SAR_api-aarch64, task_id: 516, task_name: DASH_FFT, resource_name: cpu1, ref_start_time: 2117051959070829, ref_stop_time: 2117051959181529, actual_exe_time: 110700, task_app_start_time:2117049572799375, task_sched_time:2117051959058469
app_id: 0, app_name: SAR_api-aarch64, task_id: 517, task_name: DASH_FFT, resource_name: cpu2, ref_start_time: 2117051962824520, ref_stop_time: 2117051962936720, actual_exe_time: 112200, task_app_start_time:2117049572799375, task_sched_time:2117051962817590
app_id: 0, app_name: SAR_api-aarch64, task_id: 518, task_name: DASH_ZIP, resource_name: cpu3, ref_start_time: 2117051968317071, ref_stop_time: 2117051968396181, actual_exe_time: 79110, task_app_start_time:2117049572799375, task_sched_time:2117051968308401
app_id: 0, app_name: SAR_api-aarch64, task_id: 519, task_name: DASH_FFT, resource_name: fft1, ref_start_time: 2117051968611911, ref_stop_time: 2117051968735541, actual_exe_time: 123630, task_app_start_time:2117049572799375, task_sched_time:2117051968607171
app_id: 0, app_name: SAR_api-aarch64, task_id: 520, task_name: DASH_FFT, resource_name: fft2, ref_start_time: 2117051972862042, ref_stop_time: 2117051972940972, actual_exe_time: 78930, task_app_start_time:2117049572799375, task_sched_time:2117051972751492
app_id: 0, app_name: SAR_api-aarch64, task_id: 521, task_name: DASH_ZIP, resource_name: zip1, ref_start_time: 2117051973807222, ref_stop_time: 2117051973930672, actual_exe_time: 123450, task_app_start_time:2117049572799375, task_sched_time:2117051973802722
app_id: 0, app_name: SAR_api-aarch64, task_id: 522, task_name: DASH_FFT, resource_name: cpu1, ref_start_time: 2117051974718082, ref_stop_time: 2117051974850862, actual_exe_time: 132780, task_app_start_time:2117049572799375, task_sched_time:2117051974682862
app_id: 0, app_name: SAR_api-aarch64, task_id: 523, task_name: DASH_FFT, resource_name: cpu2, ref_start_time: 2117051979118093, ref_stop_time: 2117051979226543, actual_exe_time: 108450, task_app_start_time:2117049572799375, task_sched_time:2117051979110893
app_id: 0, app_name: SAR_api-aarch64, task_id: 524, task_name: DASH_ZIP, resource_name: cpu3, ref_start_time: 2117051982782893, ref_stop_time: 2117051982859843, actual_exe_time: 76950, task_app_start_time:2117049572799375, task_sched_time:2117051982776833
app_id: 0, app_name: SAR_api-aarch64, task_id: 525, task_name: DASH_FFT, resource_name: fft1, ref_start_time: 2117051984044963, ref_stop_time: 2117051984170183, actual_exe_time: 125220, task_app_start_time:2117049572799375, task_sched_time:2117051984031733
app_id: 0, app_name: SAR_api-aarch64, task_id: 526, task_name: DASH_FFT, resource_name: fft2, ref_start_time: 2117051991093225, ref_stop_time: 2117051991178155, actual_exe_time: 84930, task_app_start_time:2117049572799375, task_sched_time:2117051991088335
app_id: 0, app_name: SAR_api-aarch64, task_id: 527, task_name: DASH_ZIP, resource_name: zip1, ref_start_time: 2117051997373666, ref_stop_time: 2117051997497626, actual_exe_time: 123960, task_app_start_time:2117049572799375, task_sched_time:2117051997367876
app_id: 0, app_name: SAR_api-aarch64, task_id: 528, task_name: DASH_FFT, resource_name: cpu1, ref_start_time: 2117051998746676, ref_stop_time: 2117051998868926, actual_exe_time: 122250, task_app_start_time:2117049572799375, task_sched_time:2117051998730116
app_id: 0, app_name: SAR_api-aarch64, task_id: 529, task_name: DASH_FFT, resource_name: cpu2, ref_start_time: 2117052002792416, ref_stop_time: 2117052002900386, actual_exe_time: 107970, task_app_start_time:2117049572799375, task_sched_time:2117051999461966
app_id: 0, app_name: SAR_api-aarch64, task_id: 530, task_name: DASH_ZIP, resource_name: cpu3, ref_start_time: 2117052006838997, ref_stop_time: 2117052006918107, actual_exe_time: 79110, task_app_start_time:2117049572799375, task_sched_time:2117052006828737
app_id: 0, app_name: SAR_api-aarch64, task_id: 531, task_name: DASH_FFT, resource_name: fft1, ref_start_time: 2117052010803288, ref_stop_time: 2117052010933998, actual_exe_time: 130710, task_app_start_time:2117049572799375, task_sched_time:2117052010790418
app_id: 0, app_name: SAR_api-aarch64, task_id: 532, task_name: DASH_FFT, resource_name: fft2, ref_start_time: 2117052013117338, ref_stop_time: 2117052013211328, actual_exe_time: 93990, task_app_start_time:2117049572799375, task_sched_time:2117052013111488
app_id: 0, app_name: SAR_api-aarch64, task_id: 533, task_name: DASH_ZIP, resource_name: zip1, ref_start_time: 2117052019372489, ref_stop_time: 2117052019505719, actual_exe_time: 133230, task_app_start_time:2117049572799375, task_sched_time:2117052019363699
app_id: 0, app_name: SAR_api-aarch64, task_id: 534, task_name: DASH_FFT, resource_name: cpu1, ref_start_time: 2117052022861850, ref_stop_time: 2117052023538380, actual_exe_time: 676530, task_app_start_time:2117049572799375, task_sched_time:2117052022847600
app_id: 0, app_name: SAR_api-aarch64, task_id: 535, task_name: DASH_FFT, resource_name: cpu2, ref_start_time: 2117052027417830, ref_stop_time: 2117052027524120, actual_exe_time: 106290, task_app_start_time:2117049572799375, task_sched_time:2117052027410240
app_id: 0, app_name: SAR_api-aarch64, task_id: 536, task_name: DASH_ZIP, resource_name: cpu3, ref_start_time: 2117052027745520, ref_stop_time: 2117052027820820, actual_exe_time: 75300, task_app_start_time:2117049572799375, task_sched_time:2117052027739250
app_id: 0, app_name: SAR_api-aarch64, task_id: 537, task_name: DASH_FFT, resource_name: fft1, ref_start_time: 2117052031380531, ref_stop_time: 2117052031503621, actual_exe_time: 123090, task_app_start_time:2117049572799375, task_sched_time:2117052031240251
app_id: 0, app_name: SAR_api-aarch64, task_id: 538, task_name: DASH_FFT, resource_name: fft2, ref_start_time: 2117052038867302, ref_stop_time: 2117052038963062, actual_exe_time: 95760, task_app_start_time:2117049572799375, task_sched_time:2117052038859502
app_id: 0, app_name: SAR_api-aarch64, task_id: 539, task_name: DASH_ZIP, resource_name: zip1, ref_start_time: 2117052041755223, ref_stop_time: 2117052041877983, actual_exe_time: 122760, task_app_start_time:2117049572799375, task_sched_time:2117052041601623
app_id: 0, app_name: SAR_api-aarch64, task_id: 540, task_name: DASH_FFT, resource_name: cpu1, ref_start_time: 2117052047329014, ref_stop_time: 2117052047440554, actual_exe_time: 111540, task_app_start_time:2117049572799375, task_sched_time:2117052047261214
app_id: 0, app_name: SAR_api-aarch64, task_id: 541, task_name: DASH_FFT, resource_name: cpu2, ref_start_time: 2117052054862105, ref_stop_time: 2117052054976615, actual_exe_time: 114510, task_app_start_time:2117049572799375, task_sched_time:2117052054853765
app_id: 0, app_name: SAR_api-aarch64, task_id: 542, task_name: DASH_ZIP, resource_name: cpu3, ref_start_time: 2117052055710145, ref_stop_time: 2117052055787665, actual_exe_time: 77520, task_app_start_time:2117049572799375, task_sched_time:2117052055705135
app_id: 0, app_name: SAR_api-aarch64, task_id: 543, task_name: DASH_FFT, resource_name: fft1, ref_start_time: 2117052058876765, ref_stop_time: 2117052059001896, actual_exe_time: 125131, task_app_start_time:2117049572799375, task_sched_time:2117052058869625
app_id: 0, app_name: SAR_api-aarch64, task_id: 544, task_name: DASH_FFT, resource_name: fft2, ref_start_time: 2117052062868956, ref_stop_time: 2117052062961896, actual_exe_time: 92940, task_app_start_time:2117049572799375, task_sched_time:2117052062860346
app_id: 0, app_name: SAR_api-aarch64, task_id: 545, task_name: DASH_ZIP, resource_name: zip1, ref_start_time: 2117052067183287, ref_stop_time: 2117052067305807, actual_exe_time: 122520, task_app_start_time:2117049572799375, task_sched_time:2117052067175307
app_id: 0, app_name: SAR_api-aarch64, task_id: 546, task_name: DASH_FFT, resource_name: cpu1, ref_start_time: 2117052070078707, ref_stop_time: 2117052070188057, actual_exe_time: 109350, task_app_start_time:2117049572799375, task_sched_time:2117052070056687
app_id: 0, app_name: SAR_api-aarch64, task_id: 547, task_name: DASH_FFT, resource_name: cpu2, ref_start_time: 2117052078811109, ref_stop_time: 2117052078923129, actual_exe_time: 112020, task_app_start_time:2117049572799375, task_sched_time:2117052078800429
app_id: 0, app_name: SAR_api-aarch64, task_id: 548, task_name: DASH_ZIP, resource_name: cpu3, ref_start_time: 2117052082819319, ref_stop_time: 2117052082898459, actual_exe_time: 79140, task_app_start_time:2117049572799375, task_sched_time:2117052082813619
app_id: 0, app_name: SAR_api-aarch64, task_id: 549, task_name: DASH_FFT, resource_name: fft1, ref_start_time: 2117052084131370, ref_stop_time: 2117052084255480, actual_exe_time: 124110, task_app_start_time:2117049572799375, task_sched_time:2117052084124650
app_id: 0, app_name: SAR_api-aarch64, task_id: 550, task_name: DASH_FFT, resource_name: fft2, ref_start_time: 2117052087228930, ref_stop_time: 2117052087321390, actual_exe_time: 92460, task_app_start_time:2117049572799375, task_sched_time:2117052087222510
app_id: 0, app_name: SAR_api-aarch64, task_id: 551, task_name: DASH_ZIP, resource_name: zip1, ref_start_time: 2117052095140561, ref_stop_time: 2117052095271511, actual_exe_time: 130950, task_app_start_time:2117049572799375, task_sched_time:2117052095132701
app_id: 0, app_name: SAR_api-aarch64, task_id: 552, task_name: DASH_FFT, resource_name: cpu1, ref_start_time: 2117052103025043, ref_stop_time: 2117052103138233, actual_exe_time: 113190, task_app_start_time:2117049572799375, task_sched_time:2117052102954543
app_id: 0, app_name: SAR_api-aarch64, task_id: 553, task_name: DASH_FFT, resource_name: cpu2, ref_start_time: 2117052106824183, ref_stop_time: 2117052106934883, actual_exe_time: 110700, task_app_start_time:2117049572799375, task_sched_time:2117052106819473
app_id: 0, app_name: SAR_api-aarch64, task_id: 554, task_name: DASH_ZIP, resource_name: cpu3, ref_start_time: 2117052111856894, ref_stop_time: 2117052111937774, actual_exe_time: 80880, task_app_start_time:2117049572799375, task_sched_time:2117052111713614
app_id: 0, app_name: SAR_api-aarch64, task_id: 555, task_name: DASH_FFT, resource_name: fft1, ref_start_time: 2117052114945365, ref_stop_time: 2117052115071035, actual_exe_time: 125670, task_app_start_time:2117049572799375, task_sched_time:2117052114874355
app_id: 0, app_name: SAR_api-aarch64, task_id: 556, task_name: DASH_FFT, resource_name: fft2, ref_start_time: 2117052123132846, ref_stop_time: 2117052123224556, actual_exe_time: 91710, task_app_start_time:2117049572799375, task_sched_time:2117052123123306
app_id: 0, app_name: SAR_api-aarch64, task_id: 557, task_name: DASH_ZIP, resource_name: zip1, ref_start_time: 2117052125873916, ref_stop_time: 2117052125999826, actual_exe_time: 125910, task_app_start_time:2117049572799375, task_sched_time:2117052125730996
app_id: 0, app_name: SAR_api-aarch64, task_id: 558, task_name: DASH_FFT, resource_name: cpu1, ref_start_time: 2117052131410417, ref_stop_time: 2117052131526217, actual_exe_time: 115800, task_app_start_time:2117049572799375, task_sched_time:2117052131347927
app_id: 0, app_name: SAR_api-aarch64, task_id: 559, task_name: DASH_FFT, resource_name: cpu2, ref_start_time: 2117052139172708, ref_stop_time: 2117052139288868, actual_exe_time: 116160, task_app_start_time:2117049572799375, task_sched_time:2117052139167578
app_id: 0, app_name: SAR_api-aarch64, task_id: 560, task_name: DASH_ZIP, resource_name: cpu3, ref_start_time: 2117052139520468, ref_stop_time: 2117052139596998, actual_exe_time: 76530, task_app_start_time:2117049572799375, task_sched_time:2117052139515608
app_id: 0, app_name: SAR_api-aarch64, task_id: 561, task_name: DASH_FFT, resource_name: fft1, ref_start_time: 2117052140969199, ref_stop_time: 2117052141095439, actual_exe_time: 126240, task_app_start_time:2117049572799375, task_sched_time:2117052140961459
app_id: 0, app_name: SAR_api-aarch64, task_id: 562, task_name: DASH_FFT, resource_name: fft2, ref_start_time: 2117052147063100, ref_stop_time: 2117052147157570, actual_exe_time: 94470, task_app_start_time:2117049572799375, task_sched_time:2117052147054250
app_id: 0, app_name: SAR_api-aarch64, task_id: 563, task_name: DASH_ZIP, resource_name: zip1, ref_start_time: 2117052150820720, ref_stop_time: 2117052150943030, actual_exe_time: 122310, task_app_start_time:2117049572799375, task_sched_time:2117052150813700
app_id: 0, app_name: SAR_api-aarch64, task_id: 564, task_name: DASH_FFT, resource_name: cpu1, ref_start_time: 2117052154882481, ref_stop_time: 2117052154992821, actual_exe_time: 110340, task_app_start_time:2117049572799375, task_sched_time:2117052154853831
app_id: 0, app_name: SAR_api-aarch64, task_id: 565, task_name: DASH_FFT, resource_name: cpu2, ref_start_time: 2117052155279411, ref_stop_time: 2117052155375501, actual_exe_time: 96090, task_app_start_time:2117049572799375, task_sched_time:2117052155209211
app_id: 0, app_name: SAR_api-aarch64, task_id: 566, task_name: DASH_ZIP, resource_name: cpu3, ref_start_time: 2117052162874752, ref_stop_time: 2117052162958752, actual_exe_time: 84000, task_app_start_time:2117049572799375, task_sched_time:2117052162868692
app_id: 0, app_name: SAR_api-aarch64, task_id: 567, task_name: DASH_FFT, resource_name: fft1, ref_start_time: 2117052167473843, ref_stop_time: 2117052167597383, actual_exe_time: 123540, task_app_start_time:2117049572799375, task_sched_time:2117052167461753
app_id: 0, app_name: SAR_api-aarch64, task_id: 568, task_name: DASH_FFT, resource_name: fft2, ref_start_time: 2117052169000153, ref_stop_time: 2117052169080553, actual_exe_time: 80400, task_app_start_time:2117049572799375, task_sched_time:2117052168993253
app_id: 0, app_name: SAR_api-aarch64, task_id: 569, task_name: DASH_ZIP, resource_name: zip1, ref_start_time: 2117052175113464, ref_stop_time: 2117052175240754, actual_exe_time: 127290, task_app_start_time:2117049572799375, task_sched_time:2117052175103834
app_id: 0, app_name: SAR_api-aarch64, task_id: 570, task_name: DASH_FFT, resource_name: cpu1, ref_start_time: 2117052182249295, ref_stop_time: 2117052182371725, actual_exe_time: 122430, task_app_start_time:2117049572799375, task_sched_time:2117052182243295
app_id: 0, app_name: SAR_api-aarch64, task_id: 571, task_name: DASH_FFT, resource_name: cpu2, ref_start_time: 2117052183329326, ref_stop_time: 2117052183428866, actual_exe_time: 99540, task_app_start_time:2117049572799375, task_sched_time:2117052183165345
app_id: 0, app_name: SAR_api-aarch64, task_id: 572, task_name: DASH_ZIP, resource_name: cpu3, ref_start_time: 2117052187228036, ref_stop_time: 2117052187311346, actual_exe_time: 83310, task_app_start_time:2117049572799375, task_sched_time:2117052187217536
app_id: 0, app_name: SAR_api-aarch64, task_id: 573, task_name: DASH_FFT, resource_name: fft1, ref_start_time: 2117052194809067, ref_stop_time: 2117052195584357, actual_exe_time: 775290, task_app_start_time:2117049572799375, task_sched_time:2117052194804177
app_id: 0, app_name: SAR_api-aarch64, task_id: 574, task_name: DASH_FFT, resource_name: fft2, ref_start_time: 2117052196271808, ref_stop_time: 2117052196358298, actual_exe_time: 86490, task_app_start_time:2117049572799375, task_sched_time:2117052196268088
app_id: 0, app_name: SAR_api-aarch64, task_id: 575, task_name: DASH_ZIP, resource_name: zip1, ref_start_time: 2117052202875379, ref_stop_time: 2117052203005579, actual_exe_time: 130200, task_app_start_time:2117049572799375, task_sched_time:2117052202868569
app_id: 0, app_name: SAR_api-aarch64, task_id: 576, task_name: DASH_FFT, resource_name: cpu1, ref_start_time: 2117052203534299, ref_stop_time: 2117052203642449, actual_exe_time: 108150, task_app_start_time:2117049572799375, task_sched_time:2117052203515369
app_id: 0, app_name: SAR_api-aarch64, task_id: 577, task_name: DASH_FFT, resource_name: cpu2, ref_start_time: 2117052207081349, ref_stop_time: 2117052210641000, actual_exe_time: 3559651, task_app_start_time:2117049572799375, task_sched_time:2117052207072919
app_id: 0, app_name: SAR_api-aarch64, task_id: 578, task_name: DASH_ZIP, resource_name: cpu3, ref_start_time: 2117052211821320, ref_stop_time: 2117052211898390, actual_exe_time: 77070, task_app_start_time:2117049572799375, task_sched_time:2117052211813910
app_id: 0, app_name: SAR_api-aarch64, task_id: 579, task_name: DASH_FFT, resource_name: fft1, ref_start_time: 2117052214914441, ref_stop_time: 2117052215038491, actual_exe_time: 124050, task_app_start_time:2117049572799375, task_sched_time:2117052214899591
app_id: 0, app_name: SAR_api-aarch64, task_id: 580, task_name: DASH_FFT, resource_name: fft2, ref_start_time: 2117052218857761, ref_stop_time: 2117052218951151, actual_exe_time: 93390, task_app_start_time:2117049572799375, task_sched_time:2117052218850861
app_id: 0, app_name: SAR_api-aarch64, task_id: 581, task_name: DASH_ZIP, resource_name: zip1, ref_start_time: 2117052225608242, ref_stop_time: 2117052225731422, actual_exe_time: 123180, task_app_start_time:2117049572799375, task_sched_time:2117052225599812
app_id: 0, app_name: SAR_api-aarch64, task_id: 582, task_name: DASH_FFT, resource_name: cpu1, ref_start_time: 2117052230839793, ref_stop_time: 2117052230963213, actual_exe_time: 123420, task_app_start_time:2117049572799375, task_sched_time:2117052230827733
app_id: 0, app_name: SAR_api-aarch64, task_id: 583, task_name: DASH_FFT, resource_name: cpu2, ref_start_time: 2117052235177014, ref_stop_time: 2117052235291554, actual_exe_time: 114540, task_app_start_time:2117049572799375, task_sched_time:2117052235171314
app_id: 0, app_name: SAR_api-aarch64, task_id: 584, task_name: DASH_ZIP, resource_name: cpu3, ref_start_time: 2117052235522764, ref_stop_time: 2117052235597434, actual_exe_time: 74670, task_app_start_time:2117049572799375, task_sched_time:2117052235519584
app_id: 0, app_name: SAR_api-aarch64, task_id: 585, task_name: DASH_FFT, resource_name: fft1, ref_start_time: 2117052240927085, ref_stop_time: 2117052241047535, actual_exe_time: 120450, task_app_start_time:2117049572799375, task_sched_time:2117052240918535
app_id: 0, app_name: SAR_api-aarch64, task_id: 586, task_name: DASH_FFT, resource_name: fft2, ref_start_time: 2117052242025025, ref_stop_time: 2117052242111605, actual_exe_time: 86580, task_app_start_time:2117049572799375, task_sched_time:2117052242016115
app_id: 0, app_name: SAR_api-aarch64, task_id: 587, task_name: DASH_ZIP, resource_name: zip1, ref_start_time: 2117052247252136, ref_stop_time: 2117052247378406, actual_exe_time: 126270, task_app_start_time:2117049572799375, task_sched_time:2117052247244636
app_id: 0, app_name: SAR_api-aarch64, task_id: 588, task_name: DASH_FFT, resource_name: cpu1, ref_start_time: 2117052250892336, ref_stop_time: 2117052251003306, actual_exe_time: 110970, task_app_start_time:2117049572799375, task_sched_time:2117052250852976
app_id: 0, app_name: SAR_api-aarch64, task_id: 589, task_name: DASH_FFT, resource_name: cpu2, ref_start_time: 2117052254850447, ref_stop_time: 2117052254954907, actual_exe_time: 104460, task_app_start_time:2117049572799375, task_sched_time:2117052251523716
app_id: 0, app_name: SAR_api-aarch64, task_id: 590, task_name: DASH_ZIP, resource_name: cpu3, ref_start_time: 2117052256701657, ref_stop_time: 2117052256777587, actual_exe_time: 75930, task_app_start_time:2117049572799375, task_sched_time:2117052256694997
app_id: 0, app_name: SAR_api-aarch64, task_id: 591, task_name: DASH_FFT, resource_name: fft1, ref_start_time: 2117052257227977, ref_stop_time: 2117052257349657, actual_exe_time: 121680, task_app_start_time:2117049572799375, task_sched_time:2117052257222247
app_id: 0, app_name: SAR_api-aarch64, task_id: 592, task_name: DASH_FFT, resource_name: fft2, ref_start_time: 2117052258197548, ref_stop_time: 2117052258270628, actual_exe_time: 73080, task_app_start_time:2117049572799375, task_sched_time:2117052258194368
app_id: 0, app_name: SAR_api-aarch64, task_id: 593, task_name: DASH_ZIP, resource_name: zip1, ref_start_time: 2117052260558518, ref_stop_time: 2117052260685838, actual_exe_time: 127320, task_app_start_time:2117049572799375, task_sched_time:2117052259238518
app_id: 0, app_name: SAR_api-aarch64, task_id: 594, task_name: DASH_FFT, resource_name: cpu1, ref_start_time: 2117052267082919, ref_stop_time: 2117052267194249, actual_exe_time: 111330, task_app_start_time:2117049572799375, task_sched_time:2117052266968139
app_id: 0, app_name: SAR_api-aarch64, task_id: 595, task_name: DASH_FFT, resource_name: cpu2, ref_start_time: 2117052270104339, ref_stop_time: 2117052270200430, actual_exe_time: 96091, task_app_start_time:2117049572799375, task_sched_time:2117052270099269
app_id: 0, app_name: SAR_api-aarch64, task_id: 596, task_name: DASH_ZIP, resource_name: cpu3, ref_start_time: 2117052271035810, ref_stop_time: 2117052271113330, actual_exe_time: 77520, task_app_start_time:2117049572799375, task_sched_time:2117052271032000
app_id: 0, app_name: SAR_api-aarch64, task_id: 597, task_name: DASH_FFT, resource_name: fft1, ref_start_time: 2117052279324931, ref_stop_time: 2117052279456421, actual_exe_time: 131490, task_app_start_time:2117049572799375, task_sched_time:2117052279314251
app_id: 0, app_name: SAR_api-aarch64, task_id: 598, task_name: DASH_FFT, resource_name: fft2, ref_start_time: 2117052282815732, ref_stop_time: 2117052282893672, actual_exe_time: 77940, task_app_start_time:2117049572799375, task_sched_time:2117052282806702
app_id: 0, app_name: SAR_api-aarch64, task_id: 599, task_name: DASH_ZIP, resource_name: zip1, ref_start_time: 2117052285305912, ref_stop_time: 2117052285434432, actual_exe_time: 128520, task_app_start_time:2117049572799375, task_sched_time:2117052285296762
app_id: 0, app_name: SAR_api-aarch64, task_id: 600, task_name: DASH_FFT, resource_name: cpu1, ref_start_time: 2117052291459093, ref_stop_time: 2117052291574353, actual_exe_time: 115260, task_app_start_time:2117049572799375, task_sched_time:2117052291415233
app_id: 0, app_name: SAR_api-aarch64, task_id: 601, task_name: DASH_FFT, resource_name: cpu2, ref_start_time: 2117052298838884, ref_stop_time: 2117052298939804, actual_exe_time: 100920, task_app_start_time:2117049572799375, task_sched_time:2117052298830874
app_id: 0, app_name: SAR_api-aarch64, task_id: 602, task_name: DASH_ZIP, resource_name: cpu3, ref_start_time: 2117052299369854, ref_stop_time: 2117052299444824, actual_exe_time: 74970, task_app_start_time:2117049572799375, task_sched_time:2117052299362774
app_id: 0, app_name: SAR_api-aarch64, task_id: 603, task_name: DASH_FFT, resource_name: fft1, ref_start_time: 2117052306832685, ref_stop_time: 2117052306972005, actual_exe_time: 139320, task_app_start_time:2117049572799375, task_sched_time:2117052306822005
app_id: 0, app_name: SAR_api-aarch64, task_id: 604, task_name: DASH_FFT, resource_name: fft2, ref_start_time: 2117052310815696, ref_stop_time: 2117052310893246, actual_exe_time: 77550, task_app_start_time:2117049572799375, task_sched_time:2117052310811136
app_id: 0, app_name: SAR_api-aarch64, task_id: 605, task_name: DASH_ZIP, resource_name: zip1, ref_start_time: 2117052314013157, ref_stop_time: 2117052314136517, actual_exe_time: 123360, task_app_start_time:2117049572799375, task_sched_time:2117052314004127
app_id: 0, app_name: SAR_api-aarch64, task_id: 606, task_name: DASH_FFT, resource_name: cpu1, ref_start_time: 2117052314450557, ref_stop_time: 2117052314562577, actual_exe_time: 112020, task_app_start_time:2117049572799375, task_sched_time:2117052314430427
app_id: 0, app_name: SAR_api-aarch64, task_id: 607, task_name: DASH_FFT, resource_name: cpu2, ref_start_time: 2117052318917107, ref_stop_time: 2117052319024567, actual_exe_time: 107460, task_app_start_time:2117049572799375, task_sched_time:2117052318908377
app_id: 0, app_name: SAR_api-aarch64, task_id: 608, task_name: DASH_ZIP, resource_name: cpu3, ref_start_time: 2117052327168909, ref_stop_time: 2117052327353139, actual_exe_time: 184230, task_app_start_time:2117049572799375, task_sched_time:2117052327163059
app_id: 0, app_name: SAR_api-aarch64, task_id: 609, task_name: DASH_FFT, resource_name: fft1, ref_start_time: 2117052328725699, ref_stop_time: 2117052328859289, actual_exe_time: 133590, task_app_start_time:2117049572799375, task_sched_time:2117052328721049
app_id: 0, app_name: SAR_api-aarch64, task_id: 610, task_name: DASH_FFT, resource_name: fft2, ref_start_time: 2117052335288560, ref_stop_time: 2117052335371210, actual_exe_time: 82650, task_app_start_time:2117049572799375, task_sched_time:2117052335282950
app_id: 0, app_name: SAR_api-aarch64, task_id: 611, task_name: DASH_ZIP, resource_name: zip1, ref_start_time: 2117052342597131, ref_stop_time: 2117052342727061, actual_exe_time: 129930, task_app_start_time:2117049572799375, task_sched_time:2117052342588551
app_id: 0, app_name: SAR_api-aarch64, task_id: 612, task_name: DASH_FFT, resource_name: cpu1, ref_start_time: 2117052347269212, ref_stop_time: 2117052347392572, actual_exe_time: 123360, task_app_start_time:2117049572799375, task_sched_time:2117052347264442
app_id: 0, app_name: SAR_api-aarch64, task_id: 613, task_name: DASH_FFT, resource_name: cpu2, ref_start_time: 2117052354996223, ref_stop_time: 2117052355099243, actual_exe_time: 103020, task_app_start_time:2117049572799375, task_sched_time:2117052354990943
app_id: 0, app_name: SAR_api-aarch64, task_id: 614, task_name: DASH_ZIP, resource_name: cpu3, ref_start_time: 2117052356946133, ref_stop_time: 2117052357022063, actual_exe_time: 75930, task_app_start_time:2117049572799375, task_sched_time:2117052356939743
app_id: 0, app_name: SAR_api-aarch64, task_id: 615, task_name: DASH_FFT, resource_name: fft1, ref_start_time: 2117052362944724, ref_stop_time: 2117052363071984, actual_exe_time: 127260, task_app_start_time:2117049572799375, task_sched_time:2117052362934224
app_id: 0, app_name: SAR_api-aarch64, task_id: 616, task_name: DASH_FFT, resource_name: fft2, ref_start_time: 2117052369702286, ref_stop_time: 2117052369784156, actual_exe_time: 81870, task_app_start_time:2117049572799375, task_sched_time:2117052369691576
app_id: 0, app_name: SAR_api-aarch64, task_id: 617, task_name: DASH_ZIP, resource_name: zip1, ref_start_time: 2117052371154166, ref_stop_time: 2117052371281546, actual_exe_time: 127380, task_app_start_time:2117049572799375, task_sched_time:2117052371144536
app_id: 0, app_name: SAR_api-aarch64, task_id: 618, task_name: DASH_FFT, resource_name: cpu1, ref_start_time: 2117052375277156, ref_stop_time: 2117052375393946, actual_exe_time: 116790, task_app_start_time:2117049572799375, task_sched_time:2117052375270256
app_id: 0, app_name: SAR_api-aarch64, task_id: 619, task_name: DASH_FFT, resource_name: cpu2, ref_start_time: 2117052375655096, ref_stop_time: 2117052375754186, actual_exe_time: 99090, task_app_start_time:2117049572799375, task_sched_time:2117052375645616
app_id: 0, app_name: SAR_api-aarch64, task_id: 620, task_name: DASH_ZIP, resource_name: cpu3, ref_start_time: 2117052377382257, ref_stop_time: 2117052377459957, actual_exe_time: 77700, task_app_start_time:2117049572799375, task_sched_time:2117052377271347
app_id: 0, app_name: SAR_api-aarch64, task_id: 621, task_name: DASH_FFT, resource_name: fft1, ref_start_time: 2117052377937767, ref_stop_time: 2117052378348587, actual_exe_time: 410820, task_app_start_time:2117049572799375, task_sched_time:2117052377877917
app_id: 0, app_name: SAR_api-aarch64, task_id: 622, task_name: DASH_FFT, resource_name: fft2, ref_start_time: 2117052378891527, ref_stop_time: 2117052378964037, actual_exe_time: 72510, task_app_start_time:2117049572799375, task_sched_time:2117052378883097
app_id: 0, app_name: SAR_api-aarch64, task_id: 623, task_name: DASH_ZIP, resource_name: zip1, ref_start_time: 2117052382799868, ref_stop_time: 2117052382921968, actual_exe_time: 122100, task_app_start_time:2117049572799375, task_sched_time:2117052379927427
app_id: 0, app_name: SAR_api-aarch64, task_id: 624, task_name: DASH_FFT, resource_name: cpu1, ref_start_time: 2117052383670498, ref_stop_time: 2117052383780358, actual_exe_time: 109860, task_app_start_time:2117049572799375, task_sched_time:2117052383614668
app_id: 0, app_name: SAR_api-aarch64, task_id: 625, task_name: DASH_FFT, resource_name: cpu2, ref_start_time: 2117052384399048, ref_stop_time: 2117052384510198, actual_exe_time: 111150, task_app_start_time:2117049572799375, task_sched_time:2117052384395178
app_id: 0, app_name: SAR_api-aarch64, task_id: 626, task_name: DASH_ZIP, resource_name: cpu3, ref_start_time: 2117052386020248, ref_stop_time: 2117052386098788, actual_exe_time: 78540, task_app_start_time:2117049572799375, task_sched_time:2117052385300698
app_id: 0, app_name: SAR_api-aarch64, task_id: 627, task_name: DASH_FFT, resource_name: fft1, ref_start_time: 2117052387255618, ref_stop_time: 2117052387382818, actual_exe_time: 127200, task_app_start_time:2117049572799375, task_sched_time:2117052387241668
app_id: 0, app_name: SAR_api-aarch64, task_id: 628, task_name: DASH_FFT, resource_name: fft2, ref_start_time: 2117052391527289, ref_stop_time: 2117052391609399, actual_exe_time: 82110, task_app_start_time:2117049572799375, task_sched_time:2117052391522069
app_id: 0, app_name: SAR_api-aarch64, task_id: 629, task_name: DASH_ZIP, resource_name: zip1, ref_start_time: 2117052394836650, ref_stop_time: 2117052394958330, actual_exe_time: 121680, task_app_start_time:2117049572799375, task_sched_time:2117052394831580
app_id: 0, app_name: SAR_api-aarch64, task_id: 630, task_name: DASH_FFT, resource_name: cpu1, ref_start_time: 2117052400445870, ref_stop_time: 2117052400574240, actual_exe_time: 128370, task_app_start_time:2117049572799375, task_sched_time:2117052400438130
app_id: 0, app_name: SAR_api-aarch64, task_id: 631, task_name: DASH_FFT, resource_name: cpu2, ref_start_time: 2117052401680641, ref_stop_time: 2117052401774331, actual_exe_time: 93690, task_app_start_time:2117049572799375, task_sched_time:2117052401676741
app_id: 0, app_name: SAR_api-aarch64, task_id: 632, task_name: DASH_ZIP, resource_name: cpu3, ref_start_time: 2117052405333621, ref_stop_time: 2117052405414171, actual_exe_time: 80550, task_app_start_time:2117049572799375, task_sched_time:2117052405325341
app_id: 0, app_name: SAR_api-aarch64, task_id: 633, task_name: DASH_FFT, resource_name: fft1, ref_start_time: 2117052406178721, ref_stop_time: 2117052406303611, actual_exe_time: 124890, task_app_start_time:2117049572799375, task_sched_time:2117052406167681
app_id: 0, app_name: SAR_api-aarch64, task_id: 634, task_name: DASH_FFT, resource_name: fft2, ref_start_time: 2117052407271892, ref_stop_time: 2117052407348992, actual_exe_time: 77100, task_app_start_time:2117049572799375, task_sched_time:2117052407267392
app_id: 0, app_name: SAR_api-aarch64, task_id: 635, task_name: DASH_ZIP, resource_name: zip1, ref_start_time: 2117052410799802, ref_stop_time: 2117052410921452, actual_exe_time: 121650, task_app_start_time:2117049572799375, task_sched_time:2117052407765902
app_id: 0, app_name: SAR_api-aarch64, task_id: 636, task_name: DASH_FFT, resource_name: cpu1, ref_start_time: 2117052411486682, ref_stop_time: 2117052411594952, actual_exe_time: 108270, task_app_start_time:2117049572799375, task_sched_time:2117052411477562
app_id: 0, app_name: SAR_api-aarch64, task_id: 637, task_name: DASH_FFT, resource_name: cpu2, ref_start_time: 2117052412308262, ref_stop_time: 2117052412397872, actual_exe_time: 89610, task_app_start_time:2117049572799375, task_sched_time:2117052412300372
app_id: 0, app_name: SAR_api-aarch64, task_id: 638, task_name: DASH_ZIP, resource_name: cpu3, ref_start_time: 2117052414877403, ref_stop_time: 2117052414954203, actual_exe_time: 76800, task_app_start_time:2117049572799375, task_sched_time:2117052413225063
app_id: 0, app_name: SAR_api-aarch64, task_id: 639, task_name: DASH_FFT, resource_name: fft1, ref_start_time: 2117052415545953, ref_stop_time: 2117052415664543, actual_exe_time: 118590, task_app_start_time:2117049572799375, task_sched_time:2117052415535993
app_id: 0, app_name: SAR_api-aarch64, task_id: 640, task_name: DASH_FFT, resource_name: fft2, ref_start_time: 2117052416451923, ref_stop_time: 2117052416524403, actual_exe_time: 72480, task_app_start_time:2117049572799375, task_sched_time:2117052416443343
app_id: 0, app_name: SAR_api-aarch64, task_id: 641, task_name: DASH_ZIP, resource_name: zip1, ref_start_time: 2117052417406613, ref_stop_time: 2117052417526823, actual_exe_time: 120210, task_app_start_time:2117049572799375, task_sched_time:2117052417403313
app_id: 0, app_name: SAR_api-aarch64, task_id: 642, task_name: DASH_FFT, resource_name: cpu1, ref_start_time: 2117052421505544, ref_stop_time: 2117052421623084, actual_exe_time: 117540, task_app_start_time:2117049572799375, task_sched_time:2117052421454004
app_id: 0, app_name: SAR_api-aarch64, task_id: 643, task_name: DASH_FFT, resource_name: cpu2, ref_start_time: 2117052422278284, ref_stop_time: 2117052422605944, actual_exe_time: 327660, task_app_start_time:2117049572799375, task_sched_time:2117052422269194
app_id: 0, app_name: SAR_api-aarch64, task_id: 644, task_name: DASH_ZIP, resource_name: cpu3, ref_start_time: 2117052426939655, ref_stop_time: 2117052427021375, actual_exe_time: 81720, task_app_start_time:2117049572799375, task_sched_time:2117052423559044
app_id: 0, app_name: SAR_api-aarch64, task_id: 645, task_name: DASH_FFT, resource_name: fft1, ref_start_time: 2117052427894585, ref_stop_time: 2117052428019145, actual_exe_time: 124560, task_app_start_time:2117049572799375, task_sched_time:2117052427890115
app_id: 0, app_name: SAR_api-aarch64, task_id: 646, task_name: DASH_FFT, resource_name: fft2, ref_start_time: 2117052428622505, ref_stop_time: 2117052428691325, actual_exe_time: 68820, task_app_start_time:2117049572799375, task_sched_time:2117052428617465
app_id: 0, app_name: SAR_api-aarch64, task_id: 647, task_name: DASH_ZIP, resource_name: zip1, ref_start_time: 2117052430784605, ref_stop_time: 2117052430907995, actual_exe_time: 123390, task_app_start_time:2117049572799375, task_sched_time:2117052429471475
app_id: 0, app_name: SAR_api-aarch64, task_id: 648, task_name: DASH_FFT, resource_name: cpu1, ref_start_time: 2117052431292145, ref_stop_time: 2117052432099806, actual_exe_time: 807661, task_app_start_time:2117049572799375, task_sched_time:2117052431270995
app_id: 0, app_name: SAR_api-aarch64, task_id: 649, task_name: DASH_FFT, resource_name: cpu2, ref_start_time: 2117052432704936, ref_stop_time: 2117052433241606, actual_exe_time: 536670, task_app_start_time:2117049572799375, task_sched_time:2117052432696926
app_id: 0, app_name: SAR_api-aarch64, task_id: 650, task_name: DASH_ZIP, resource_name: cpu3, ref_start_time: 2117052439040697, ref_stop_time: 2117052439125327, actual_exe_time: 84630, task_app_start_time:2117049572799375, task_sched_time:2117052439031067
app_id: 0, app_name: SAR_api-aarch64, task_id: 651, task_name: DASH_FFT, resource_name: fft1, ref_start_time: 2117052442899087, ref_stop_time: 2117052443028657, actual_exe_time: 129570, task_app_start_time:2117049572799375, task_sched_time:2117052442809357
app_id: 0, app_name: SAR_api-aarch64, task_id: 652, task_name: DASH_FFT, resource_name: fft2, ref_start_time: 2117052446035648, ref_stop_time: 2117052446558518, actual_exe_time: 522870, task_app_start_time:2117049572799375, task_sched_time:2117052446026438
app_id: 0, app_name: SAR_api-aarch64, task_id: 653, task_name: DASH_ZIP, resource_name: zip1, ref_start_time: 2117052447741448, ref_stop_time: 2117052447866998, actual_exe_time: 125550, task_app_start_time:2117049572799375, task_sched_time:2117052447731068
app_id: 0, app_name: SAR_api-aarch64, task_id: 654, task_name: DASH_FFT, resource_name: cpu1, ref_start_time: 2117052455096129, ref_stop_time: 2117052455221319, actual_exe_time: 125190, task_app_start_time:2117049572799375, task_sched_time:2117052454998419
app_id: 0, app_name: SAR_api-aarch64, task_id: 655, task_name: DASH_FFT, resource_name: cpu2, ref_start_time: 2117052461101110, ref_stop_time: 2117052461497920, actual_exe_time: 396810, task_app_start_time:2117049572799375, task_sched_time:2117052461093490
app_id: 0, app_name: SAR_api-aarch64, task_id: 656, task_name: DASH_ZIP, resource_name: cpu3, ref_start_time: 2117052462649200, ref_stop_time: 2117052462726330, actual_exe_time: 77130, task_app_start_time:2117049572799375, task_sched_time:2117052462639210
app_id: 0, app_name: SAR_api-aarch64, task_id: 657, task_name: DASH_FFT, resource_name: fft1, ref_start_time: 2117052470799242, ref_stop_time: 2117052470940332, actual_exe_time: 141090, task_app_start_time:2117049572799375, task_sched_time:2117052470793482
app_id: 0, app_name: SAR_api-aarch64, task_id: 658, task_name: DASH_FFT, resource_name: fft2, ref_start_time: 2117052471640412, ref_stop_time: 2117052471711632, actual_exe_time: 71220, task_app_start_time:2117049572799375, task_sched_time:2117052471636572
app_id: 0, app_name: SAR_api-aarch64, task_id: 659, task_name: DASH_ZIP, resource_name: zip1, ref_start_time: 2117052474852482, ref_stop_time: 2117052474975662, actual_exe_time: 123180, task_app_start_time:2117049572799375, task_sched_time:2117052474841292
app_id: 0, app_name: SAR_api-aarch64, task_id: 660, task_name: DASH_FFT, resource_name: cpu1, ref_start_time: 2117052476900643, ref_stop_time: 2117052477011253, actual_exe_time: 110610, task_app_start_time:2117049572799375, task_sched_time:2117052476896083
app_id: 0, app_name: SAR_api-aarch64, task_id: 661, task_name: DASH_FFT, resource_name: cpu2, ref_start_time: 2117052477351663, ref_stop_time: 2117052477442203, actual_exe_time: 90540, task_app_start_time:2117049572799375, task_sched_time:2117052477348123
app_id: 0, app_name: SAR_api-aarch64, task_id: 662, task_name: DASH_ZIP, resource_name: cpu3, ref_start_time: 2117052479177073, ref_stop_time: 2117052479254983, actual_exe_time: 77910, task_app_start_time:2117049572799375, task_sched_time:2117052479168193
app_id: 0, app_name: SAR_api-aarch64, task_id: 663, task_name: DASH_FFT, resource_name: fft1, ref_start_time: 2117052482849974, ref_stop_time: 2117052482978044, actual_exe_time: 128070, task_app_start_time:2117049572799375, task_sched_time:2117052482839744
app_id: 0, app_name: SAR_api-aarch64, task_id: 664, task_name: DASH_FFT, resource_name: fft2, ref_start_time: 2117052487274974, ref_stop_time: 2117052487353784, actual_exe_time: 78810, task_app_start_time:2117049572799375, task_sched_time:2117052487270054
app_id: 0, app_name: SAR_api-aarch64, task_id: 665, task_name: DASH_ZIP, resource_name: zip1, ref_start_time: 2117052491000975, ref_stop_time: 2117052491121035, actual_exe_time: 120060, task_app_start_time:2117049572799375, task_sched_time:2117052490992545
app_id: 0, app_name: SAR_api-aarch64, task_id: 666, task_name: DASH_FFT, resource_name: cpu1, ref_start_time: 2117052492721355, ref_stop_time: 2117052493504475, actual_exe_time: 783120, task_app_start_time:2117049572799375, task_sched_time:2117052492717815
app_id: 0, app_name: SAR_api-aarch64, task_id: 667, task_name: DASH_FFT, resource_name: cpu2, ref_start_time: 2117052499298226, ref_stop_time: 2117052499423416, actual_exe_time: 125190, task_app_start_time:2117049572799375, task_sched_time:2117052499287666
app_id: 0, app_name: SAR_api-aarch64, task_id: 668, task_name: DASH_ZIP, resource_name: cpu3, ref_start_time: 2117052499886856, ref_stop_time: 2117052500313337, actual_exe_time: 426481, task_app_start_time:2117049572799375, task_sched_time:2117052499882896
app_id: 0, app_name: SAR_api-aarch64, task_id: 669, task_name: DASH_FFT, resource_name: fft1, ref_start_time: 2117052507315398, ref_stop_time: 2117052507450218, actual_exe_time: 134820, task_app_start_time:2117049572799375, task_sched_time:2117052507290558
app_id: 0, app_name: SAR_api-aarch64, task_id: 670, task_name: DASH_FFT, resource_name: fft2, ref_start_time: 2117052510906578, ref_stop_time: 2117052510990458, actual_exe_time: 83880, task_app_start_time:2117049572799375, task_sched_time:2117052510900728
app_id: 0, app_name: SAR_api-aarch64, task_id: 671, task_name: DASH_ZIP, resource_name: zip1, ref_start_time: 2117052520313830, ref_stop_time: 2117052520440130, actual_exe_time: 126300, task_app_start_time:2117049572799375, task_sched_time:2117052520304050
app_id: 0, app_name: SAR_api-aarch64, task_id: 672, task_name: DASH_FFT, resource_name: cpu1, ref_start_time: 2117052521761990, ref_stop_time: 2117052521882140, actual_exe_time: 120150, task_app_start_time:2117049572799375, task_sched_time:2117052521750470
app_id: 0, app_name: SAR_api-aarch64, task_id: 673, task_name: DASH_FFT, resource_name: cpu2, ref_start_time: 2117052525212891, ref_stop_time: 2117052525316841, actual_exe_time: 103950, task_app_start_time:2117049572799375, task_sched_time:2117052525202361
app_id: 0, app_name: SAR_api-aarch64, task_id: 674, task_name: DASH_ZIP, resource_name: cpu3, ref_start_time: 2117052527621741, ref_stop_time: 2117052527701631, actual_exe_time: 79890, task_app_start_time:2117049572799375, task_sched_time:2117052526075901
app_id: 0, app_name: SAR_api-aarch64, task_id: 675, task_name: DASH_FFT, resource_name: fft1, ref_start_time: 2117052530817401, ref_stop_time: 2117052530945951, actual_exe_time: 128550, task_app_start_time:2117049572799375, task_sched_time:2117052530810291
app_id: 0, app_name: SAR_api-aarch64, task_id: 676, task_name: DASH_FFT, resource_name: fft2, ref_start_time: 2117052534695802, ref_stop_time: 2117052534999582, actual_exe_time: 303780, task_app_start_time:2117049572799375, task_sched_time:2117052534689742
app_id: 0, app_name: SAR_api-aarch64, task_id: 677, task_name: DASH_ZIP, resource_name: zip1, ref_start_time: 2117052535790592, ref_stop_time: 2117052535914912, actual_exe_time: 124320, task_app_start_time:2117049572799375, task_sched_time:2117052535781862
app_id: 0, app_name: SAR_api-aarch64, task_id: 678, task_name: DASH_FFT, resource_name: cpu1, ref_start_time: 2117052546887444, ref_stop_time: 2117052547004984, actual_exe_time: 117540, task_app_start_time:2117049572799375, task_sched_time:2117052546872954
app_id: 0, app_name: SAR_api-aarch64, task_id: 679, task_name: DASH_FFT, resource_name: cpu2, ref_start_time: 2117052548933294, ref_stop_time: 2117052549025094, actual_exe_time: 91800, task_app_start_time:2117049572799375, task_sched_time:2117052548926904
app_id: 0, app_name: SAR_api-aarch64, task_id: 680, task_name: DASH_ZIP, resource_name: cpu3, ref_start_time: 2117052550131255, ref_stop_time: 2117052550208505, actual_exe_time: 77250, task_app_start_time:2117049572799375, task_sched_time:2117052550123845
app_id: 0, app_name: SAR_api-aarch64, task_id: 681, task_name: DASH_FFT, resource_name: fft1, ref_start_time: 2117052550422345, ref_stop_time: 2117052550541895, actual_exe_time: 119550, task_app_start_time:2117049572799375, task_sched_time:2117052550417215
app_id: 0, app_name: SAR_api-aarch64, task_id: 682, task_name: DASH_FFT, resource_name: fft2, ref_start_time: 2117052558929296, ref_stop_time: 2117052559017496, actual_exe_time: 88200, task_app_start_time:2117049572799375, task_sched_time:2117052558924046
app_id: 0, app_name: SAR_api-aarch64, task_id: 683, task_name: DASH_ZIP, resource_name: zip1, ref_start_time: 2117052562853957, ref_stop_time: 2117052562978547, actual_exe_time: 124590, task_app_start_time:2117049572799375, task_sched_time:2117052562849037
app_id: 0, app_name: SAR_api-aarch64, task_id: 684, task_name: DASH_FFT, resource_name: cpu1, ref_start_time: 2117052563779337, ref_stop_time: 2117052563891477, actual_exe_time: 112140, task_app_start_time:2117049572799375, task_sched_time:2117052563775407
app_id: 0, app_name: SAR_api-aarch64, task_id: 685, task_name: DASH_FFT, resource_name: cpu2, ref_start_time: 2117052566978627, ref_stop_time: 2117052567084197, actual_exe_time: 105570, task_app_start_time:2117049572799375, task_sched_time:2117052566972057
app_id: 0, app_name: SAR_api-aarch64, task_id: 686, task_name: DASH_ZIP, resource_name: cpu3, ref_start_time: 2117052574811689, ref_stop_time: 2117052575178469, actual_exe_time: 366780, task_app_start_time:2117049572799375, task_sched_time:2117052574803889
app_id: 0, app_name: SAR_api-aarch64, task_id: 687, task_name: DASH_FFT, resource_name: fft1, ref_start_time: 2117052578330869, ref_stop_time: 2117052578458069, actual_exe_time: 127200, task_app_start_time:2117049572799375, task_sched_time:2117052578129059
app_id: 0, app_name: SAR_api-aarch64, task_id: 688, task_name: DASH_FFT, resource_name: fft2, ref_start_time: 2117052583671920, ref_stop_time: 2117052583753850, actual_exe_time: 81930, task_app_start_time:2117049572799375, task_sched_time:2117052583663280
app_id: 0, app_name: SAR_api-aarch64, task_id: 689, task_name: DASH_ZIP, resource_name: zip1, ref_start_time: 2117052590838801, ref_stop_time: 2117052590963811, actual_exe_time: 125010, task_app_start_time:2117049572799375, task_sched_time:2117052590833821
app_id: 0, app_name: SAR_api-aarch64, task_id: 690, task_name: DASH_FFT, resource_name: cpu1, ref_start_time: 2117052592446891, ref_stop_time: 2117052592563381, actual_exe_time: 116490, task_app_start_time:2117049572799375, task_sched_time:2117052592436631
app_id: 0, app_name: SAR_api-aarch64, task_id: 691, task_name: DASH_FFT, resource_name: cpu2, ref_start_time: 2117052598935922, ref_stop_time: 2117052599046832, actual_exe_time: 110910, task_app_start_time:2117049572799375, task_sched_time:2117052598930042
app_id: 0, app_name: SAR_api-aarch64, task_id: 692, task_name: DASH_ZIP, resource_name: cpu3, ref_start_time: 2117052603383663, ref_stop_time: 2117052603459323, actual_exe_time: 75660, task_app_start_time:2117049572799375, task_sched_time:2117052603375713
app_id: 0, app_name: SAR_api-aarch64, task_id: 693, task_name: DASH_FFT, resource_name: fft1, ref_start_time: 2117052605849934, ref_stop_time: 2117052605975784, actual_exe_time: 125850, task_app_start_time:2117049572799375, task_sched_time:2117052605843754
app_id: 0, app_name: SAR_api-aarch64, task_id: 694, task_name: DASH_FFT, resource_name: fft2, ref_start_time: 2117052610092954, ref_stop_time: 2117052610181424, actual_exe_time: 88470, task_app_start_time:2117049572799375, task_sched_time:2117052610086654
app_id: 0, app_name: SAR_api-aarch64, task_id: 695, task_name: DASH_ZIP, resource_name: zip1, ref_start_time: 2117052614782795, ref_stop_time: 2117052614913295, actual_exe_time: 130500, task_app_start_time:2117049572799375, task_sched_time:2117052610415754
app_id: 0, app_name: SAR_api-aarch64, task_id: 696, task_name: DASH_FFT, resource_name: cpu1, ref_start_time: 2117052618888356, ref_stop_time: 2117052619011716, actual_exe_time: 123360, task_app_start_time:2117049572799375, task_sched_time:2117052618883736
app_id: 0, app_name: SAR_api-aarch64, task_id: 697, task_name: DASH_FFT, resource_name: cpu2, ref_start_time: 2117052620226116, ref_stop_time: 2117052620331116, actual_exe_time: 105000, task_app_start_time:2117049572799375, task_sched_time:2117052620207786
app_id: 0, app_name: SAR_api-aarch64, task_id: 698, task_name: DASH_ZIP, resource_name: cpu3, ref_start_time: 2117052627349947, ref_stop_time: 2117052627432657, actual_exe_time: 82710, task_app_start_time:2117049572799375, task_sched_time:2117052627342057
app_id: 0, app_name: SAR_api-aarch64, task_id: 699, task_name: DASH_FFT, resource_name: fft1, ref_start_time: 2117052628202607, ref_stop_time: 2117052628326867, actual_exe_time: 124260, task_app_start_time:2117049572799375, task_sched_time:2117052628146057
app_id: 0, app_name: SAR_api-aarch64, task_id: 700, task_name: DASH_FFT, resource_name: fft2, ref_start_time: 2117052634726558, ref_stop_time: 2117052634851898, actual_exe_time: 125340, task_app_start_time:2117049572799375, task_sched_time:2117052634610428
app_id: 0, app_name: SAR_api-aarch64, task_id: 701, task_name: DASH_ZIP, resource_name: zip1, ref_start_time: 2117052635641978, ref_stop_time: 2117052635766208, actual_exe_time: 124230, task_app_start_time:2117049572799375, task_sched_time:2117052635635918
app_id: 0, app_name: SAR_api-aarch64, task_id: 702, task_name: DASH_FFT, resource_name: cpu1, ref_start_time: 2117052636649678, ref_stop_time: 2117052636761548, actual_exe_time: 111870, task_app_start_time:2117049572799375, task_sched_time:2117052636644878
app_id: 0, app_name: SAR_api-aarch64, task_id: 703, task_name: DASH_FFT, resource_name: cpu2, ref_start_time: 2117052638497409, ref_stop_time: 2117052638598089, actual_exe_time: 100680, task_app_start_time:2117049572799375, task_sched_time:2117052637423859
app_id: 0, app_name: SAR_api-aarch64, task_id: 704, task_name: DASH_ZIP, resource_name: cpu3, ref_start_time: 2117052643084980, ref_stop_time: 2117052643165950, actual_exe_time: 80970, task_app_start_time:2117049572799375, task_sched_time:2117052643076940
app_id: 0, app_name: SAR_api-aarch64, task_id: 705, task_name: DASH_FFT, resource_name: fft1, ref_start_time: 2117052647103570, ref_stop_time: 2117052647229240, actual_exe_time: 125670, task_app_start_time:2117049572799375, task_sched_time:2117052647090610
app_id: 0, app_name: SAR_api-aarch64, task_id: 706, task_name: DASH_FFT, resource_name: fft2, ref_start_time: 2117052649123950, ref_stop_time: 2117052649196430, actual_exe_time: 72480, task_app_start_time:2117049572799375, task_sched_time:2117052649114350
app_id: 0, app_name: SAR_api-aarch64, task_id: 707, task_name: DASH_ZIP, resource_name: zip1, ref_start_time: 2117052650526001, ref_stop_time: 2117052650646991, actual_exe_time: 120990, task_app_start_time:2117049572799375, task_sched_time:2117052650516461
app_id: 0, app_name: SAR_api-aarch64, task_id: 708, task_name: DASH_FFT, resource_name: cpu1, ref_start_time: 2117052654582391, ref_stop_time: 2117052654693631, actual_exe_time: 111240, task_app_start_time:2117049572799375, task_sched_time:2117052654575101
app_id: 0, app_name: SAR_api-aarch64, task_id: 709, task_name: DASH_FFT, resource_name: cpu2, ref_start_time: 2117052655455782, ref_stop_time: 2117052655556732, actual_exe_time: 100950, task_app_start_time:2117049572799375, task_sched_time:2117052655451222
app_id: 0, app_name: SAR_api-aarch64, task_id: 710, task_name: DASH_ZIP, resource_name: cpu3, ref_start_time: 2117052658796702, ref_stop_time: 2117052658877462, actual_exe_time: 80760, task_app_start_time:2117049572799375, task_sched_time:2117052656229482
app_id: 0, app_name: SAR_api-aarch64, task_id: 711, task_name: DASH_FFT, resource_name: fft1, ref_start_time: 2117052662818263, ref_stop_time: 2117052662946003, actual_exe_time: 127740, task_app_start_time:2117049572799375, task_sched_time:2117052662810583
app_id: 0, app_name: SAR_api-aarch64, task_id: 712, task_name: DASH_FFT, resource_name: fft2, ref_start_time: 2117052664687083, ref_stop_time: 2117052664758963, actual_exe_time: 71880, task_app_start_time:2117049572799375, task_sched_time:2117052664680243
app_id: 0, app_name: SAR_api-aarch64, task_id: 713, task_name: DASH_ZIP, resource_name: zip1, ref_start_time: 2117052671093074, ref_stop_time: 2117052671222404, actual_exe_time: 129330, task_app_start_time:2117049572799375, task_sched_time:2117052671082514
app_id: 0, app_name: SAR_api-aarch64, task_id: 714, task_name: DASH_FFT, resource_name: cpu1, ref_start_time: 2117052675101735, ref_stop_time: 2117052675212075, actual_exe_time: 110340, task_app_start_time:2117049572799375, task_sched_time:2117052675080015
app_id: 0, app_name: SAR_api-aarch64, task_id: 715, task_name: DASH_FFT, resource_name: cpu2, ref_start_time: 2117052679022645, ref_stop_time: 2117052679120475, actual_exe_time: 97830, task_app_start_time:2117049572799375, task_sched_time:2117052679013615
app_id: 0, app_name: SAR_api-aarch64, task_id: 716, task_name: DASH_ZIP, resource_name: cpu3, ref_start_time: 2117052682865976, ref_stop_time: 2117052682949166, actual_exe_time: 83190, task_app_start_time:2117049572799375, task_sched_time:2117052682855656
app_id: 0, app_name: SAR_api-aarch64, task_id: 717, task_name: DASH_FFT, resource_name: fft1, ref_start_time: 2117052684035346, ref_stop_time: 2117052684155256, actual_exe_time: 119910, task_app_start_time:2117049572799375, task_sched_time:2117052684031386
app_id: 0, app_name: SAR_api-aarch64, task_id: 718, task_name: DASH_FFT, resource_name: fft2, ref_start_time: 2117052686788207, ref_stop_time: 2117052686868277, actual_exe_time: 80070, task_app_start_time:2117049572799375, task_sched_time:2117052684846786
app_id: 0, app_name: SAR_api-aarch64, task_id: 719, task_name: DASH_ZIP, resource_name: zip1, ref_start_time: 2117052687288187, ref_stop_time: 2117052687407557, actual_exe_time: 119370, task_app_start_time:2117049572799375, task_sched_time:2117052687284437
app_id: 0, app_name: SAR_api-aarch64, task_id: 720, task_name: DASH_FFT, resource_name: cpu1, ref_start_time: 2117052688619797, ref_stop_time: 2117052688727377, actual_exe_time: 107580, task_app_start_time:2117049572799375, task_sched_time:2117052688609957
app_id: 0, app_name: SAR_api-aarch64, task_id: 721, task_name: DASH_FFT, resource_name: cpu2, ref_start_time: 2117052690776977, ref_stop_time: 2117052690878557, actual_exe_time: 101580, task_app_start_time:2117049572799375, task_sched_time:2117052689287177
app_id: 0, app_name: SAR_api-aarch64, task_id: 722, task_name: DASH_ZIP, resource_name: cpu3, ref_start_time: 2117052691519087, ref_stop_time: 2117052691594207, actual_exe_time: 75120, task_app_start_time:2117049572799375, task_sched_time:2117052691509367
app_id: 0, app_name: SAR_api-aarch64, task_id: 723, task_name: DASH_FFT, resource_name: fft1, ref_start_time: 2117052692153977, ref_stop_time: 2117052692271427, actual_exe_time: 117450, task_app_start_time:2117049572799375, task_sched_time:2117052692150287
app_id: 0, app_name: SAR_api-aarch64, task_id: 724, task_name: DASH_FFT, resource_name: fft2, ref_start_time: 2117052693889658, ref_stop_time: 2117052693972128, actual_exe_time: 82470, task_app_start_time:2117049572799375, task_sched_time:2117052692839868
app_id: 0, app_name: SAR_api-aarch64, task_id: 725, task_name: DASH_ZIP, resource_name: zip1, ref_start_time: 2117052698803148, ref_stop_time: 2117052698937098, actual_exe_time: 133950, task_app_start_time:2117049572799375, task_sched_time:2117052694913738
app_id: 0, app_name: SAR_api-aarch64, task_id: 726, task_name: DASH_FFT, resource_name: cpu1, ref_start_time: 2117052702908589, ref_stop_time: 2117052703018899, actual_exe_time: 110310, task_app_start_time:2117049572799375, task_sched_time:2117052702896859
app_id: 0, app_name: SAR_api-aarch64, task_id: 727, task_name: DASH_FFT, resource_name: cpu2, ref_start_time: 2117052706950730, ref_stop_time: 2117052707053420, actual_exe_time: 102690, task_app_start_time:2117049572799375, task_sched_time:2117052706936240
app_id: 0, app_name: SAR_api-aarch64, task_id: 728, task_name: DASH_ZIP, resource_name: cpu3, ref_start_time: 2117052709399600, ref_stop_time: 2117052709476790, actual_exe_time: 77190, task_app_start_time:2117049572799375, task_sched_time:2117052709390870
app_id: 0, app_name: SAR_api-aarch64, task_id: 729, task_name: DASH_FFT, resource_name: fft1, ref_start_time: 2117052709923790, ref_stop_time: 2117052713693381, actual_exe_time: 3769591, task_app_start_time:2117049572799375, task_sched_time:2117052709845700
app_id: 0, app_name: SAR_api-aarch64, task_id: 730, task_name: DASH_FFT, resource_name: fft2, ref_start_time: 2117052714252611, ref_stop_time: 2117052714336161, actual_exe_time: 83550, task_app_start_time:2117049572799375, task_sched_time:2117052714242771
app_id: 0, app_name: SAR_api-aarch64, task_id: 731, task_name: DASH_ZIP, resource_name: zip1, ref_start_time: 2117052718813482, ref_stop_time: 2117052718941852, actual_exe_time: 128370, task_app_start_time:2117049572799375, task_sched_time:2117052714782021
app_id: 0, app_name: SAR_api-aarch64, task_id: 732, task_name: DASH_FFT, resource_name: cpu1, ref_start_time: 2117052720229932, ref_stop_time: 2117052720340632, actual_exe_time: 110700, task_app_start_time:2117049572799375, task_sched_time:2117052720180522
app_id: 0, app_name: SAR_api-aarch64, task_id: 733, task_name: DASH_FFT, resource_name: cpu2, ref_start_time: 2117052720919152, ref_stop_time: 2117052721016862, actual_exe_time: 97710, task_app_start_time:2117049572799375, task_sched_time:2117052720915912
app_id: 0, app_name: SAR_api-aarch64, task_id: 734, task_name: DASH_ZIP, resource_name: cpu3, ref_start_time: 2117052722786052, ref_stop_time: 2117052722864742, actual_exe_time: 78690, task_app_start_time:2117049572799375, task_sched_time:2117052721710042
app_id: 0, app_name: SAR_api-aarch64, task_id: 735, task_name: DASH_FFT, resource_name: fft1, ref_start_time: 2117052723426192, ref_stop_time: 2117052723545562, actual_exe_time: 119370, task_app_start_time:2117049572799375, task_sched_time:2117052723416052
app_id: 0, app_name: SAR_api-aarch64, task_id: 736, task_name: DASH_FFT, resource_name: fft2, ref_start_time: 2117052724454083, ref_stop_time: 2117052724533493, actual_exe_time: 79410, task_app_start_time:2117049572799375, task_sched_time:2117052724363933
app_id: 0, app_name: SAR_api-aarch64, task_id: 737, task_name: DASH_ZIP, resource_name: zip1, ref_start_time: 2117052727425703, ref_stop_time: 2117052727550383, actual_exe_time: 124680, task_app_start_time:2117049572799375, task_sched_time:2117052727421503
app_id: 0, app_name: SAR_api-aarch64, task_id: 738, task_name: DASH_FFT, resource_name: cpu1, ref_start_time: 2117052729558973, ref_stop_time: 2117052730246094, actual_exe_time: 687121, task_app_start_time:2117049572799375, task_sched_time:2117052729554863
app_id: 0, app_name: SAR_api-aarch64, task_id: 739, task_name: DASH_FFT, resource_name: cpu2, ref_start_time: 2117052734771954, ref_stop_time: 2117052734883044, actual_exe_time: 111090, task_app_start_time:2117049572799375, task_sched_time:2117052730822754
app_id: 0, app_name: SAR_api-aarch64, task_id: 740, task_name: DASH_ZIP, resource_name: cpu3, ref_start_time: 2117052735696524, ref_stop_time: 2117052735773114, actual_exe_time: 76590, task_app_start_time:2117049572799375, task_sched_time:2117052735691184
app_id: 0, app_name: SAR_api-aarch64, task_id: 741, task_name: DASH_FFT, resource_name: fft1, ref_start_time: 2117052736368645, ref_stop_time: 2117052736485225, actual_exe_time: 116580, task_app_start_time:2117049572799375, task_sched_time:2117052736345425
app_id: 0, app_name: SAR_api-aarch64, task_id: 742, task_name: DASH_FFT, resource_name: fft2, ref_start_time: 2117052737074815, ref_stop_time: 2117052737141025, actual_exe_time: 66210, task_app_start_time:2117049572799375, task_sched_time:2117052737065455
app_id: 0, app_name: SAR_api-aarch64, task_id: 743, task_name: DASH_ZIP, resource_name: zip1, ref_start_time: 2117052737773605, ref_stop_time: 2117052737909415, actual_exe_time: 135810, task_app_start_time:2117049572799375, task_sched_time:2117052737763585
app_id: 0, app_name: SAR_api-aarch64, task_id: 744, task_name: DASH_FFT, resource_name: cpu1, ref_start_time: 2117052738502425, ref_stop_time: 2117052738605685, actual_exe_time: 103260, task_app_start_time:2117049572799375, task_sched_time:2117052738498315
app_id: 0, app_name: SAR_api-aarch64, task_id: 745, task_name: DASH_FFT, resource_name: cpu2, ref_start_time: 2117052740368755, ref_stop_time: 2117052740467605, actual_exe_time: 98850, task_app_start_time:2117049572799375, task_sched_time:2117052739071315
app_id: 0, app_name: SAR_api-aarch64, task_id: 746, task_name: DASH_ZIP, resource_name: cpu3, ref_start_time: 2117052746865676, ref_stop_time: 2117052746949646, actual_exe_time: 83970, task_app_start_time:2117049572799375, task_sched_time:2117052744910126
app_id: 0, app_name: SAR_api-aarch64, task_id: 747, task_name: DASH_FFT, resource_name: fft1, ref_start_time: 2117052747269116, ref_stop_time: 2117052747388936, actual_exe_time: 119820, task_app_start_time:2117049572799375, task_sched_time:2117052747194746
app_id: 0, app_name: SAR_api-aarch64, task_id: 748, task_name: DASH_FFT, resource_name: fft2, ref_start_time: 2117052748420966, ref_stop_time: 2117052748492036, actual_exe_time: 71070, task_app_start_time:2117049572799375, task_sched_time:2117052748414096
app_id: 0, app_name: SAR_api-aarch64, task_id: 749, task_name: DASH_ZIP, resource_name: zip1, ref_start_time: 2117052750785507, ref_stop_time: 2117052750906047, actual_exe_time: 120540, task_app_start_time:2117049572799375, task_sched_time:2117052749178107
app_id: 0, app_name: SAR_api-aarch64, task_id: 750, task_name: DASH_FFT, resource_name: cpu1, ref_start_time: 2117052751561967, ref_stop_time: 2117052751669367, actual_exe_time: 107400, task_app_start_time:2117049572799375, task_sched_time:2117052751523267
app_id: 0, app_name: SAR_api-aarch64, task_id: 751, task_name: DASH_FFT, resource_name: cpu2, ref_start_time: 2117052752231387, ref_stop_time: 2117052752320577, actual_exe_time: 89190, task_app_start_time:2117049572799375, task_sched_time:2117052752228267
app_id: 0, app_name: SAR_api-aarch64, task_id: 752, task_name: DASH_ZIP, resource_name: cpu3, ref_start_time: 2117052754785977, ref_stop_time: 2117052754864398, actual_exe_time: 78421, task_app_start_time:2117049572799375, task_sched_time:2117052752977547
app_id: 0, app_name: SAR_api-aarch64, task_id: 753, task_name: DASH_FFT, resource_name: fft1, ref_start_time: 2117052755448198, ref_stop_time: 2117052755567598, actual_exe_time: 119400, task_app_start_time:2117049572799375, task_sched_time:2117052755444508
app_id: 0, app_name: SAR_api-aarch64, task_id: 754, task_name: DASH_FFT, resource_name: fft2, ref_start_time: 2117052756168348, ref_stop_time: 2117052756236358, actual_exe_time: 68010, task_app_start_time:2117049572799375, task_sched_time:2117052756159288
app_id: 0, app_name: SAR_api-aarch64, task_id: 755, task_name: DASH_ZIP, resource_name: zip1, ref_start_time: 2117052757122738, ref_stop_time: 2117052757243728, actual_exe_time: 120990, task_app_start_time:2117049572799375, task_sched_time:2117052757114338
app_id: 0, app_name: SAR_api-aarch64, task_id: 756, task_name: DASH_FFT, resource_name: cpu1, ref_start_time: 2117052763303039, ref_stop_time: 2117052763414759, actual_exe_time: 111720, task_app_start_time:2117049572799375, task_sched_time:2117052763294669
app_id: 0, app_name: SAR_api-aarch64, task_id: 757, task_name: DASH_FFT, resource_name: cpu2, ref_start_time: 2117052764122159, ref_stop_time: 2117052764216509, actual_exe_time: 94350, task_app_start_time:2117049572799375, task_sched_time:2117052764117539
app_id: 0, app_name: SAR_api-aarch64, task_id: 758, task_name: DASH_ZIP, resource_name: cpu3, ref_start_time: 2117052764904859, ref_stop_time: 2117052764980279, actual_exe_time: 75420, task_app_start_time:2117049572799375, task_sched_time:2117052764899999
app_id: 0, app_name: SAR_api-aarch64, task_id: 759, task_name: DASH_FFT, resource_name: fft1, ref_start_time: 2117052771116630, ref_stop_time: 2117052771244700, actual_exe_time: 128070, task_app_start_time:2117049572799375, task_sched_time:2117052771039590
app_id: 0, app_name: SAR_api-aarch64, task_id: 760, task_name: DASH_FFT, resource_name: fft2, ref_start_time: 2117052771902300, ref_stop_time: 2117052771969770, actual_exe_time: 67470, task_app_start_time:2117049572799375, task_sched_time:2117052771892940
app_id: 0, app_name: SAR_api-aarch64, task_id: 761, task_name: DASH_ZIP, resource_name: zip1, ref_start_time: 2117052772616360, ref_stop_time: 2117052772734920, actual_exe_time: 118560, task_app_start_time:2117049572799375, task_sched_time:2117052772608860
app_id: 0, app_name: SAR_api-aarch64, task_id: 762, task_name: DASH_FFT, resource_name: cpu1, ref_start_time: 2117052773317520, ref_stop_time: 2117052773416610, actual_exe_time: 99090, task_app_start_time:2117049572799375, task_sched_time:2117052773298230
app_id: 0, app_name: SAR_api-aarch64, task_id: 763, task_name: DASH_FFT, resource_name: cpu2, ref_start_time: 2117052774609231, ref_stop_time: 2117052774697161, actual_exe_time: 87930, task_app_start_time:2117049572799375, task_sched_time:2117052774601131
app_id: 0, app_name: SAR_api-aarch64, task_id: 764, task_name: DASH_ZIP, resource_name: cpu3, ref_start_time: 2117052776234061, ref_stop_time: 2117052776311401, actual_exe_time: 77340, task_app_start_time:2117049572799375, task_sched_time:2117052776226351
app_id: 0, app_name: SAR_api-aarch64, task_id: 765, task_name: DASH_FFT, resource_name: fft1, ref_start_time: 2117052782947792, ref_stop_time: 2117052783073252, actual_exe_time: 125460, task_app_start_time:2117049572799375, task_sched_time:2117052782936572
app_id: 0, app_name: SAR_api-aarch64, task_id: 766, task_name: DASH_FFT, resource_name: fft2, ref_start_time: 2117052783824572, ref_stop_time: 2117052783893392, actual_exe_time: 68820, task_app_start_time:2117049572799375, task_sched_time:2117052783818452
app_id: 0, app_name: SAR_api-aarch64, task_id: 767, task_name: DASH_ZIP, resource_name: zip1, ref_start_time: 2117052784197382, ref_stop_time: 2117052784316902, actual_exe_time: 119520, task_app_start_time:2117049572799375, task_sched_time:2117052784188292
app_id: 0, app_name: SAR_api-aarch64, task_id: 768, task_name: DASH_FFT, resource_name: cpu1, ref_start_time: 2117052785263312, ref_stop_time: 2117052785364712, actual_exe_time: 101400, task_app_start_time:2117049572799375, task_sched_time:2117052785257762
app_id: 0, app_name: SAR_api-aarch64, task_id: 769, task_name: DASH_FFT, resource_name: cpu2, ref_start_time: 2117052831173820, ref_stop_time: 2117052831226950, actual_exe_time: 53130, task_app_start_time:2117049572799375, task_sched_time:2117052831166380
app_id: 0, app_name: SAR_api-aarch64, task_id: 770, task_name: DASH_FFT, resource_name: cpu3, ref_start_time: 2117052835246440, ref_stop_time: 2117052835317480, actual_exe_time: 71040, task_app_start_time:2117049572799375, task_sched_time:2117052835241880
app_id: 0, app_name: SAR_api-aarch64, task_id: 771, task_name: DASH_FFT, resource_name: fft1, ref_start_time: 2117052838859521, ref_stop_time: 2117052839360641, actual_exe_time: 501120, task_app_start_time:2117049572799375, task_sched_time:2117052838808671
app_id: 0, app_name: SAR_api-aarch64, task_id: 772, task_name: DASH_FFT, resource_name: fft2, ref_start_time: 2117052839489221, ref_stop_time: 2117052839560321, actual_exe_time: 71100, task_app_start_time:2117049572799375, task_sched_time:2117052839486101
app_id: 0, app_name: SAR_api-aarch64, task_id: 773, task_name: DASH_FFT, resource_name: cpu1, ref_start_time: 2117052843329282, ref_stop_time: 2117052843697232, actual_exe_time: 367950, task_app_start_time:2117049572799375, task_sched_time:2117052843317072
app_id: 0, app_name: SAR_api-aarch64, task_id: 774, task_name: DASH_FFT, resource_name: cpu2, ref_start_time: 2117052844083962, ref_stop_time: 2117052844136282, actual_exe_time: 52320, task_app_start_time:2117049572799375, task_sched_time:2117052844077212
app_id: 0, app_name: SAR_api-aarch64, task_id: 775, task_name: DASH_FFT, resource_name: cpu3, ref_start_time: 2117052845786582, ref_stop_time: 2117052845829662, actual_exe_time: 43080, task_app_start_time:2117049572799375, task_sched_time:2117052845781272
app_id: 0, app_name: SAR_api-aarch64, task_id: 776, task_name: DASH_FFT, resource_name: fft1, ref_start_time: 2117052851020653, ref_stop_time: 2117052851088693, actual_exe_time: 68040, task_app_start_time:2117049572799375, task_sched_time:2117052851014533
app_id: 0, app_name: SAR_api-aarch64, task_id: 777, task_name: DASH_FFT, resource_name: fft2, ref_start_time: 2117052854830204, ref_stop_time: 2117052854873194, actual_exe_time: 42990, task_app_start_time:2117049572799375, task_sched_time:2117052854824564
app_id: 0, app_name: SAR_api-aarch64, task_id: 778, task_name: DASH_FFT, resource_name: cpu1, ref_start_time: 2117052859160374, ref_stop_time: 2117052859230364, actual_exe_time: 69990, task_app_start_time:2117049572799375, task_sched_time:2117052859155604
app_id: 0, app_name: SAR_api-aarch64, task_id: 779, task_name: DASH_FFT, resource_name: cpu2, ref_start_time: 2117052859866754, ref_stop_time: 2117052859909384, actual_exe_time: 42630, task_app_start_time:2117049572799375, task_sched_time:2117052859864114
app_id: 0, app_name: SAR_api-aarch64, task_id: 780, task_name: DASH_FFT, resource_name: cpu3, ref_start_time: 2117052861590915, ref_stop_time: 2117052861642155, actual_exe_time: 51240, task_app_start_time:2117049572799375, task_sched_time:2117052861585635
app_id: 0, app_name: SAR_api-aarch64, task_id: 781, task_name: DASH_FFT, resource_name: fft1, ref_start_time: 2117052863195105, ref_stop_time: 2117052863241095, actual_exe_time: 45990, task_app_start_time:2117049572799375, task_sched_time:2117052863181215
app_id: 0, app_name: SAR_api-aarch64, task_id: 782, task_name: DASH_FFT, resource_name: fft2, ref_start_time: 2117052867172116, ref_stop_time: 2117052867230886, actual_exe_time: 58770, task_app_start_time:2117049572799375, task_sched_time:2117052867162036
app_id: 0, app_name: SAR_api-aarch64, task_id: 783, task_name: DASH_FFT, resource_name: cpu1, ref_start_time: 2117052871403676, ref_stop_time: 2117052871457976, actual_exe_time: 54300, task_app_start_time:2117049572799375, task_sched_time:2117052871391136
app_id: 0, app_name: SAR_api-aarch64, task_id: 784, task_name: DASH_FFT, resource_name: cpu2, ref_start_time: 2117052877264567, ref_stop_time: 2117052877321747, actual_exe_time: 57180, task_app_start_time:2117049572799375, task_sched_time:2117052877257967
app_id: 0, app_name: SAR_api-aarch64, task_id: 785, task_name: DASH_FFT, resource_name: cpu3, ref_start_time: 2117052882890138, ref_stop_time: 2117052882944078, actual_exe_time: 53940, task_app_start_time:2117049572799375, task_sched_time:2117052882879518
app_id: 0, app_name: SAR_api-aarch64, task_id: 786, task_name: DASH_FFT, resource_name: fft1, ref_start_time: 2117052886836849, ref_stop_time: 2117052886895349, actual_exe_time: 58500, task_app_start_time:2117049572799375, task_sched_time:2117052886828929
app_id: 0, app_name: SAR_api-aarch64, task_id: 787, task_name: DASH_FFT, resource_name: fft2, ref_start_time: 2117052890995029, ref_stop_time: 2117052891035679, actual_exe_time: 40650, task_app_start_time:2117049572799375, task_sched_time:2117052890990709
app_id: 0, app_name: SAR_api-aarch64, task_id: 788, task_name: DASH_FFT, resource_name: cpu1, ref_start_time: 2117052892821550, ref_stop_time: 2117052892883230, actual_exe_time: 61680, task_app_start_time:2117049572799375, task_sched_time:2117052892771330
app_id: 0, app_name: SAR_api-aarch64, task_id: 789, task_name: DASH_FFT, resource_name: cpu2, ref_start_time: 2117052896890090, ref_stop_time: 2117052896942650, actual_exe_time: 52560, task_app_start_time:2117049572799375, task_sched_time:2117052896880940
app_id: 0, app_name: SAR_api-aarch64, task_id: 790, task_name: DASH_FFT, resource_name: cpu3, ref_start_time: 2117052898795751, ref_stop_time: 2117052898858181, actual_exe_time: 62430, task_app_start_time:2117049572799375, task_sched_time:2117052898065401
app_id: 0, app_name: SAR_api-aarch64, task_id: 791, task_name: DASH_FFT, resource_name: fft1, ref_start_time: 2117052899589011, ref_stop_time: 2117052899635631, actual_exe_time: 46620, task_app_start_time:2117049572799375, task_sched_time:2117052899525621
app_id: 0, app_name: SAR_api-aarch64, task_id: 792, task_name: DASH_FFT, resource_name: fft2, ref_start_time: 2117052900224081, ref_stop_time: 2117052900274991, actual_exe_time: 50910, task_app_start_time:2117049572799375, task_sched_time:2117052900220991
app_id: 0, app_name: SAR_api-aarch64, task_id: 793, task_name: DASH_FFT, resource_name: cpu1, ref_start_time: 2117052901077191, ref_stop_time: 2117052901124201, actual_exe_time: 47010, task_app_start_time:2117049572799375, task_sched_time:2117052901058351
app_id: 0, app_name: SAR_api-aarch64, task_id: 794, task_name: DASH_FFT, resource_name: cpu2, ref_start_time: 2117052901323341, ref_stop_time: 2117052901372631, actual_exe_time: 49290, task_app_start_time:2117049572799375, task_sched_time:2117052901318811
app_id: 0, app_name: SAR_api-aarch64, task_id: 795, task_name: DASH_FFT, resource_name: cpu3, ref_start_time: 2117052902809961, ref_stop_time: 2117052902855261, actual_exe_time: 45300, task_app_start_time:2117049572799375, task_sched_time:2117052902320721
app_id: 0, app_name: SAR_api-aarch64, task_id: 796, task_name: DASH_FFT, resource_name: fft1, ref_start_time: 2117052903528191, ref_stop_time: 2117052903581171, actual_exe_time: 52980, task_app_start_time:2117049572799375, task_sched_time:2117052903506681
app_id: 0, app_name: SAR_api-aarch64, task_id: 797, task_name: DASH_FFT, resource_name: fft2, ref_start_time: 2117052904203462, ref_stop_time: 2117052904241472, actual_exe_time: 38010, task_app_start_time:2117049572799375, task_sched_time:2117052904196262
app_id: 0, app_name: SAR_api-aarch64, task_id: 798, task_name: DASH_FFT, resource_name: cpu1, ref_start_time: 2117052905164242, ref_stop_time: 2117052905221902, actual_exe_time: 57660, task_app_start_time:2117049572799375, task_sched_time:2117052905152692
app_id: 0, app_name: SAR_api-aarch64, task_id: 799, task_name: DASH_FFT, resource_name: cpu2, ref_start_time: 2117052905787012, ref_stop_time: 2117052905827842, actual_exe_time: 40830, task_app_start_time:2117049572799375, task_sched_time:2117052905778822
app_id: 0, app_name: SAR_api-aarch64, task_id: 800, task_name: DASH_FFT, resource_name: cpu3, ref_start_time: 2117052906775332, ref_stop_time: 2117052906834042, actual_exe_time: 58710, task_app_start_time:2117049572799375, task_sched_time:2117052906437472
app_id: 0, app_name: SAR_api-aarch64, task_id: 801, task_name: DASH_FFT, resource_name: fft1, ref_start_time: 2117052907537092, ref_stop_time: 2117052907578912, actual_exe_time: 41820, task_app_start_time:2117049572799375, task_sched_time:2117052907484292
app_id: 0, app_name: SAR_api-aarch64, task_id: 802, task_name: DASH_FFT, resource_name: fft2, ref_start_time: 2117052908423232, ref_stop_time: 2117052908471892, actual_exe_time: 48660, task_app_start_time:2117049572799375, task_sched_time:2117052908368872
app_id: 0, app_name: SAR_api-aarch64, task_id: 803, task_name: DASH_FFT, resource_name: cpu1, ref_start_time: 2117052912827233, ref_stop_time: 2117052912882073, actual_exe_time: 54840, task_app_start_time:2117049572799375, task_sched_time:2117052912807223
app_id: 0, app_name: SAR_api-aarch64, task_id: 804, task_name: DASH_FFT, resource_name: cpu2, ref_start_time: 2117052918784514, ref_stop_time: 2117052918861794, actual_exe_time: 77280, task_app_start_time:2117049572799375, task_sched_time:2117052913080823
app_id: 0, app_name: SAR_api-aarch64, task_id: 805, task_name: DASH_FFT, resource_name: cpu3, ref_start_time: 2117052920133854, ref_stop_time: 2117052920177474, actual_exe_time: 43620, task_app_start_time:2117049572799375, task_sched_time:2117052920125754
app_id: 0, app_name: SAR_api-aarch64, task_id: 806, task_name: DASH_FFT, resource_name: fft1, ref_start_time: 2117052920816084, ref_stop_time: 2117052920868794, actual_exe_time: 52710, task_app_start_time:2117049572799375, task_sched_time:2117052920808674
app_id: 0, app_name: SAR_api-aarch64, task_id: 807, task_name: DASH_FFT, resource_name: fft2, ref_start_time: 2117052921480134, ref_stop_time: 2117052921518714, actual_exe_time: 38580, task_app_start_time:2117049572799375, task_sched_time:2117052921474974
app_id: 0, app_name: SAR_api-aarch64, task_id: 808, task_name: DASH_FFT, resource_name: cpu1, ref_start_time: 2117052922255004, ref_stop_time: 2117052922311194, actual_exe_time: 56190, task_app_start_time:2117049572799375, task_sched_time:2117052922238384
app_id: 0, app_name: SAR_api-aarch64, task_id: 809, task_name: DASH_FFT, resource_name: cpu2, ref_start_time: 2117052923932635, ref_stop_time: 2117052923977665, actual_exe_time: 45030, task_app_start_time:2117049572799375, task_sched_time:2117052923063805
app_id: 0, app_name: SAR_api-aarch64, task_id: 810, task_name: DASH_FFT, resource_name: cpu3, ref_start_time: 2117052924798615, ref_stop_time: 2117052924853875, actual_exe_time: 55260, task_app_start_time:2117049572799375, task_sched_time:2117052924790845
app_id: 0, app_name: SAR_api-aarch64, task_id: 811, task_name: DASH_FFT, resource_name: fft1, ref_start_time: 2117052931148416, ref_stop_time: 2117052931196986, actual_exe_time: 48570, task_app_start_time:2117049572799375, task_sched_time:2117052931138486
app_id: 0, app_name: SAR_api-aarch64, task_id: 812, task_name: DASH_FFT, resource_name: fft2, ref_start_time: 2117052931935796, ref_stop_time: 2117052931988746, actual_exe_time: 52950, task_app_start_time:2117049572799375, task_sched_time:2117052931931236
app_id: 0, app_name: SAR_api-aarch64, task_id: 813, task_name: DASH_FFT, resource_name: cpu1, ref_start_time: 2117052932936506, ref_stop_time: 2117052932986546, actual_exe_time: 50040, task_app_start_time:2117049572799375, task_sched_time:2117052932894746
app_id: 0, app_name: SAR_api-aarch64, task_id: 814, task_name: DASH_FFT, resource_name: cpu2, ref_start_time: 2117052933631756, ref_stop_time: 2117052933681286, actual_exe_time: 49530, task_app_start_time:2117049572799375, task_sched_time:2117052933628156
app_id: 0, app_name: SAR_api-aarch64, task_id: 815, task_name: DASH_FFT, resource_name: cpu3, ref_start_time: 2117052939012467, ref_stop_time: 2117052939060647, actual_exe_time: 48180, task_app_start_time:2117049572799375, task_sched_time:2117052939006077
app_id: 0, app_name: SAR_api-aarch64, task_id: 816, task_name: DASH_FFT, resource_name: fft1, ref_start_time: 2117052939685067, ref_stop_time: 2117052939744017, actual_exe_time: 58950, task_app_start_time:2117049572799375, task_sched_time:2117052939681287
app_id: 0, app_name: SAR_api-aarch64, task_id: 817, task_name: DASH_FFT, resource_name: fft2, ref_start_time: 2117052940536827, ref_stop_time: 2117052940574537, actual_exe_time: 37710, task_app_start_time:2117049572799375, task_sched_time:2117052940530917
app_id: 0, app_name: SAR_api-aarch64, task_id: 818, task_name: DASH_FFT, resource_name: cpu1, ref_start_time: 2117052941452698, ref_stop_time: 2117052941507118, actual_exe_time: 54420, task_app_start_time:2117049572799375, task_sched_time:2117052941370048
app_id: 0, app_name: SAR_api-aarch64, task_id: 819, task_name: DASH_FFT, resource_name: cpu2, ref_start_time: 2117052943094508, ref_stop_time: 2117052943136928, actual_exe_time: 42420, task_app_start_time:2117049572799375, task_sched_time:2117052943089108
app_id: 0, app_name: SAR_api-aarch64, task_id: 820, task_name: DASH_FFT, resource_name: cpu3, ref_start_time: 2117052946868508, ref_stop_time: 2117052946933488, actual_exe_time: 64980, task_app_start_time:2117049572799375, task_sched_time:2117052946860018
app_id: 0, app_name: SAR_api-aarch64, task_id: 821, task_name: DASH_FFT, resource_name: fft1, ref_start_time: 2117052947728699, ref_stop_time: 2117052947772589, actual_exe_time: 43890, task_app_start_time:2117049572799375, task_sched_time:2117052947715889
app_id: 0, app_name: SAR_api-aarch64, task_id: 822, task_name: DASH_FFT, resource_name: fft2, ref_start_time: 2117052951129859, ref_stop_time: 2117052951188239, actual_exe_time: 58380, task_app_start_time:2117049572799375, task_sched_time:2117052951122359
app_id: 0, app_name: SAR_api-aarch64, task_id: 823, task_name: DASH_FFT, resource_name: cpu1, ref_start_time: 2117052951600619, ref_stop_time: 2117052951651139, actual_exe_time: 50520, task_app_start_time:2117049572799375, task_sched_time:2117052951506419
app_id: 0, app_name: SAR_api-aarch64, task_id: 824, task_name: DASH_FFT, resource_name: cpu2, ref_start_time: 2117052954918290, ref_stop_time: 2117052954974060, actual_exe_time: 55770, task_app_start_time:2117049572799375, task_sched_time:2117052954911960
app_id: 0, app_name: SAR_api-aarch64, task_id: 825, task_name: DASH_FFT, resource_name: cpu3, ref_start_time: 2117052955628060, ref_stop_time: 2117052955669850, actual_exe_time: 41790, task_app_start_time:2117049572799375, task_sched_time:2117052955620170
app_id: 0, app_name: SAR_api-aarch64, task_id: 826, task_name: DASH_FFT, resource_name: fft1, ref_start_time: 2117052959254970, ref_stop_time: 2117052959313110, actual_exe_time: 58140, task_app_start_time:2117049572799375, task_sched_time:2117052959249810
app_id: 0, app_name: SAR_api-aarch64, task_id: 827, task_name: DASH_FFT, resource_name: fft2, ref_start_time: 2117052960008661, ref_stop_time: 2117052960047001, actual_exe_time: 38340, task_app_start_time:2117049572799375, task_sched_time:2117052960001641
app_id: 0, app_name: SAR_api-aarch64, task_id: 828, task_name: DASH_FFT, resource_name: cpu1, ref_start_time: 2117052961617051, ref_stop_time: 2117052961674621, actual_exe_time: 57570, task_app_start_time:2117049572799375, task_sched_time:2117052961542681
app_id: 0, app_name: SAR_api-aarch64, task_id: 829, task_name: DASH_FFT, resource_name: cpu2, ref_start_time: 2117052966928012, ref_stop_time: 2117052966979522, actual_exe_time: 51510, task_app_start_time:2117049572799375, task_sched_time:2117052966923242
app_id: 0, app_name: SAR_api-aarch64, task_id: 830, task_name: DASH_FFT, resource_name: cpu3, ref_start_time: 2117052967696072, ref_stop_time: 2117052967748542, actual_exe_time: 52470, task_app_start_time:2117049572799375, task_sched_time:2117052967691002
app_id: 0, app_name: SAR_api-aarch64, task_id: 831, task_name: DASH_FFT, resource_name: fft1, ref_start_time: 2117052968400472, ref_stop_time: 2117052968443672, actual_exe_time: 43200, task_app_start_time:2117049572799375, task_sched_time:2117052968393272
app_id: 0, app_name: SAR_api-aarch64, task_id: 832, task_name: DASH_FFT, resource_name: fft2, ref_start_time: 2117052970970482, ref_stop_time: 2117052971019112, actual_exe_time: 48630, task_app_start_time:2117049572799375, task_sched_time:2117052970960882
app_id: 0, app_name: SAR_api-aarch64, task_id: 833, task_name: DASH_FFT, resource_name: cpu1, ref_start_time: 2117052975068003, ref_stop_time: 2117052975118073, actual_exe_time: 50070, task_app_start_time:2117049572799375, task_sched_time:2117052975062003
app_id: 0, app_name: SAR_api-aarch64, task_id: 834, task_name: DASH_FFT, resource_name: cpu2, ref_start_time: 2117052975530003, ref_stop_time: 2117052975580373, actual_exe_time: 50370, task_app_start_time:2117049572799375, task_sched_time:2117052975525143
app_id: 0, app_name: SAR_api-aarch64, task_id: 835, task_name: DASH_FFT, resource_name: cpu3, ref_start_time: 2117052978802344, ref_stop_time: 2117052978846954, actual_exe_time: 44610, task_app_start_time:2117049572799375, task_sched_time:2117052978798594
app_id: 0, app_name: SAR_api-aarch64, task_id: 836, task_name: DASH_FFT, resource_name: fft1, ref_start_time: 2117052979498554, ref_stop_time: 2117052979551084, actual_exe_time: 52530, task_app_start_time:2117049572799375, task_sched_time:2117052979489824
app_id: 0, app_name: SAR_api-aarch64, task_id: 837, task_name: DASH_FFT, resource_name: fft2, ref_start_time: 2117052980937204, ref_stop_time: 2117052980975214, actual_exe_time: 38010, task_app_start_time:2117049572799375, task_sched_time:2117052980927304
app_id: 0, app_name: SAR_api-aarch64, task_id: 838, task_name: DASH_FFT, resource_name: cpu1, ref_start_time: 2117052987477115, ref_stop_time: 2117052987552415, actual_exe_time: 75300, task_app_start_time:2117049572799375, task_sched_time:2117052987432955
app_id: 0, app_name: SAR_api-aarch64, task_id: 839, task_name: DASH_FFT, resource_name: cpu2, ref_start_time: 2117052988651045, ref_stop_time: 2117052988693165, actual_exe_time: 42120, task_app_start_time:2117049572799375, task_sched_time:2117052988645555
app_id: 0, app_name: SAR_api-aarch64, task_id: 840, task_name: DASH_FFT, resource_name: cpu3, ref_start_time: 2117052989354005, ref_stop_time: 2117052989404255, actual_exe_time: 50250, task_app_start_time:2117049572799375, task_sched_time:2117052989350135
app_id: 0, app_name: SAR_api-aarch64, task_id: 841, task_name: DASH_FFT, resource_name: fft1, ref_start_time: 2117052994977026, ref_stop_time: 2117052995024276, actual_exe_time: 47250, task_app_start_time:2117049572799375, task_sched_time:2117052994970036
app_id: 0, app_name: SAR_api-aarch64, task_id: 842, task_name: DASH_FFT, resource_name: fft2, ref_start_time: 2117052995238206, ref_stop_time: 2117052995288336, actual_exe_time: 50130, task_app_start_time:2117049572799375, task_sched_time:2117052995232206
app_id: 0, app_name: SAR_api-aarch64, task_id: 843, task_name: DASH_FFT, resource_name: cpu1, ref_start_time: 2117052997446477, ref_stop_time: 2117052997499907, actual_exe_time: 53430, task_app_start_time:2117049572799375, task_sched_time:2117052997430037
app_id: 0, app_name: SAR_api-aarch64, task_id: 844, task_name: DASH_FFT, resource_name: cpu2, ref_start_time: 2117052998704107, ref_stop_time: 2117052998770797, actual_exe_time: 66690, task_app_start_time:2117049572799375, task_sched_time:2117052998700777
app_id: 0, app_name: SAR_api-aarch64, task_id: 845, task_name: DASH_FFT, resource_name: cpu3, ref_start_time: 2117053003686058, ref_stop_time: 2117053003735588, actual_exe_time: 49530, task_app_start_time:2117049572799375, task_sched_time:2117053003680598
app_id: 0, app_name: SAR_api-aarch64, task_id: 846, task_name: DASH_FFT, resource_name: fft1, ref_start_time: 2117053007296588, ref_stop_time: 2117053007353888, actual_exe_time: 57300, task_app_start_time:2117049572799375, task_sched_time:2117053007282488
app_id: 0, app_name: SAR_api-aarch64, task_id: 847, task_name: DASH_FFT, resource_name: fft2, ref_start_time: 2117053010948999, ref_stop_time: 2117053010989769, actual_exe_time: 40770, task_app_start_time:2117049572799375, task_sched_time:2117053010943779
app_id: 0, app_name: SAR_api-aarch64, task_id: 848, task_name: DASH_FFT, resource_name: cpu1, ref_start_time: 2117053011818219, ref_stop_time: 2117053011878909, actual_exe_time: 60690, task_app_start_time:2117049572799375, task_sched_time:2117053011804329
app_id: 0, app_name: SAR_api-aarch64, task_id: 849, task_name: DASH_FFT, resource_name: cpu2, ref_start_time: 2117053014182249, ref_stop_time: 2117053014224039, actual_exe_time: 41790, task_app_start_time:2117049572799375, task_sched_time:2117053014178979
app_id: 0, app_name: SAR_api-aarch64, task_id: 850, task_name: DASH_FFT, resource_name: cpu3, ref_start_time: 2117053015239509, ref_stop_time: 2117053015294649, actual_exe_time: 55140, task_app_start_time:2117049572799375, task_sched_time:2117053015233839
app_id: 0, app_name: SAR_api-aarch64, task_id: 851, task_name: DASH_FFT, resource_name: fft1, ref_start_time: 2117053016237010, ref_stop_time: 2117053016282550, actual_exe_time: 45540, task_app_start_time:2117049572799375, task_sched_time:2117053016233440
app_id: 0, app_name: SAR_api-aarch64, task_id: 852, task_name: DASH_FFT, resource_name: fft2, ref_start_time: 2117053016952840, ref_stop_time: 2117053017003000, actual_exe_time: 50160, task_app_start_time:2117049572799375, task_sched_time:2117053016946630
app_id: 0, app_name: SAR_api-aarch64, task_id: 853, task_name: DASH_FFT, resource_name: cpu1, ref_start_time: 2117053017817650, ref_stop_time: 2117053017868260, actual_exe_time: 50610, task_app_start_time:2117049572799375, task_sched_time:2117053017765240
app_id: 0, app_name: SAR_api-aarch64, task_id: 854, task_name: DASH_FFT, resource_name: cpu2, ref_start_time: 2117053018478580, ref_stop_time: 2117053018526940, actual_exe_time: 48360, task_app_start_time:2117049572799375, task_sched_time:2117053018471560
app_id: 0, app_name: SAR_api-aarch64, task_id: 855, task_name: DASH_FFT, resource_name: cpu3, ref_start_time: 2117053019246340, ref_stop_time: 2117053019291760, actual_exe_time: 45420, task_app_start_time:2117049572799375, task_sched_time:2117053019241630
app_id: 0, app_name: SAR_api-aarch64, task_id: 856, task_name: DASH_FFT, resource_name: fft1, ref_start_time: 2117053019726070, ref_stop_time: 2117053019779890, actual_exe_time: 53820, task_app_start_time:2117049572799375, task_sched_time:2117053019634510
app_id: 0, app_name: SAR_api-aarch64, task_id: 857, task_name: DASH_FFT, resource_name: fft2, ref_start_time: 2117053020736350, ref_stop_time: 2117053020774150, actual_exe_time: 37800, task_app_start_time:2117049572799375, task_sched_time:2117053020732240
app_id: 0, app_name: SAR_api-aarch64, task_id: 858, task_name: DASH_FFT, resource_name: cpu1, ref_start_time: 2117053021599030, ref_stop_time: 2117053021656540, actual_exe_time: 57510, task_app_start_time:2117049572799375, task_sched_time:2117053021572360
app_id: 0, app_name: SAR_api-aarch64, task_id: 859, task_name: DASH_FFT, resource_name: cpu2, ref_start_time: 2117053022316931, ref_stop_time: 2117053022358661, actual_exe_time: 41730, task_app_start_time:2117049572799375, task_sched_time:2117053022309191
app_id: 0, app_name: SAR_api-aarch64, task_id: 860, task_name: DASH_FFT, resource_name: cpu3, ref_start_time: 2117053022892571, ref_stop_time: 2117053022948791, actual_exe_time: 56220, task_app_start_time:2117049572799375, task_sched_time:2117053022554531
app_id: 0, app_name: SAR_api-aarch64, task_id: 861, task_name: DASH_FFT, resource_name: fft1, ref_start_time: 2117053023911101, ref_stop_time: 2117053023954061, actual_exe_time: 42960, task_app_start_time:2117049572799375, task_sched_time:2117053023863611
app_id: 0, app_name: SAR_api-aarch64, task_id: 862, task_name: DASH_FFT, resource_name: fft2, ref_start_time: 2117053024578811, ref_stop_time: 2117053024625101, actual_exe_time: 46290, task_app_start_time:2117049572799375, task_sched_time:2117053024571191
app_id: 0, app_name: SAR_api-aarch64, task_id: 863, task_name: DASH_FFT, resource_name: cpu1, ref_start_time: 2117053025513131, ref_stop_time: 2117053025559691, actual_exe_time: 46560, task_app_start_time:2117049572799375, task_sched_time:2117053025453431
app_id: 0, app_name: SAR_api-aarch64, task_id: 864, task_name: DASH_FFT, resource_name: cpu2, ref_start_time: 2117053025865481, ref_stop_time: 2117053025912821, actual_exe_time: 47340, task_app_start_time:2117049572799375, task_sched_time:2117053025861401
app_id: 0, app_name: SAR_api-aarch64, task_id: 865, task_name: DASH_FFT, resource_name: cpu3, ref_start_time: 2117053026837811, ref_stop_time: 2117053026881731, actual_exe_time: 43920, task_app_start_time:2117049572799375, task_sched_time:2117053026834421
app_id: 0, app_name: SAR_api-aarch64, task_id: 866, task_name: DASH_FFT, resource_name: fft1, ref_start_time: 2117053027501381, ref_stop_time: 2117053027551841, actual_exe_time: 50460, task_app_start_time:2117049572799375, task_sched_time:2117053027498261
app_id: 0, app_name: SAR_api-aarch64, task_id: 867, task_name: DASH_FFT, resource_name: fft2, ref_start_time: 2117053028167171, ref_stop_time: 2117053028204311, actual_exe_time: 37140, task_app_start_time:2117049572799375, task_sched_time:2117053028161291
app_id: 0, app_name: SAR_api-aarch64, task_id: 868, task_name: DASH_FFT, resource_name: cpu1, ref_start_time: 2117053028633252, ref_stop_time: 2117053028687912, actual_exe_time: 54660, task_app_start_time:2117049572799375, task_sched_time:2117053028622362
app_id: 0, app_name: SAR_api-aarch64, task_id: 869, task_name: DASH_FFT, resource_name: cpu2, ref_start_time: 2117053029601442, ref_stop_time: 2117053029642002, actual_exe_time: 40560, task_app_start_time:2117049572799375, task_sched_time:2117053029593582
app_id: 0, app_name: SAR_api-aarch64, task_id: 870, task_name: DASH_FFT, resource_name: cpu3, ref_start_time: 2117053030797062, ref_stop_time: 2117053030853672, actual_exe_time: 56610, task_app_start_time:2117049572799375, task_sched_time:2117053030270742
app_id: 0, app_name: SAR_api-aarch64, task_id: 871, task_name: DASH_FFT, resource_name: fft1, ref_start_time: 2117053031433632, ref_stop_time: 2117053031475572, actual_exe_time: 41940, task_app_start_time:2117049572799375, task_sched_time:2117053031385212
app_id: 0, app_name: SAR_api-aarch64, task_id: 872, task_name: DASH_FFT, resource_name: fft2, ref_start_time: 2117053032012362, ref_stop_time: 2117053032058022, actual_exe_time: 45660, task_app_start_time:2117049572799375, task_sched_time:2117053032006542
app_id: 0, app_name: SAR_api-aarch64, task_id: 873, task_name: DASH_FFT, resource_name: cpu1, ref_start_time: 2117053032783122, ref_stop_time: 2117053032829352, actual_exe_time: 46230, task_app_start_time:2117049572799375, task_sched_time:2117053032778442
app_id: 0, app_name: SAR_api-aarch64, task_id: 874, task_name: DASH_FFT, resource_name: cpu2, ref_start_time: 2117053033778942, ref_stop_time: 2117053033829342, actual_exe_time: 50400, task_app_start_time:2117049572799375, task_sched_time:2117053033774022
app_id: 0, app_name: SAR_api-aarch64, task_id: 875, task_name: DASH_FFT, resource_name: cpu3, ref_start_time: 2117053035045243, ref_stop_time: 2117053035090843, actual_exe_time: 45600, task_app_start_time:2117049572799375, task_sched_time:2117053035036693
app_id: 0, app_name: SAR_api-aarch64, task_id: 876, task_name: DASH_FFT, resource_name: fft1, ref_start_time: 2117053038564783, ref_stop_time: 2117053038626973, actual_exe_time: 62190, task_app_start_time:2117049572799375, task_sched_time:2117053038559863
app_id: 0, app_name: SAR_api-aarch64, task_id: 877, task_name: DASH_FFT, resource_name: fft2, ref_start_time: 2117053042780204, ref_stop_time: 2117053042830784, actual_exe_time: 50580, task_app_start_time:2117049572799375, task_sched_time:2117053039364253
app_id: 0, app_name: SAR_api-aarch64, task_id: 878, task_name: DASH_FFT, resource_name: cpu1, ref_start_time: 2117053047203645, ref_stop_time: 2117053047274055, actual_exe_time: 70410, task_app_start_time:2117049572799375, task_sched_time:2117053047141725
app_id: 0, app_name: SAR_api-aarch64, task_id: 879, task_name: DASH_FFT, resource_name: cpu2, ref_start_time: 2117053048695755, ref_stop_time: 2117053048740185, actual_exe_time: 44430, task_app_start_time:2117049572799375, task_sched_time:2117053048692245
app_id: 0, app_name: SAR_api-aarch64, task_id: 880, task_name: DASH_FFT, resource_name: cpu3, ref_start_time: 2117053049759945, ref_stop_time: 2117053049819705, actual_exe_time: 59760, task_app_start_time:2117049572799375, task_sched_time:2117053049751815
app_id: 0, app_name: SAR_api-aarch64, task_id: 881, task_name: DASH_FFT, resource_name: fft1, ref_start_time: 2117053050169325, ref_stop_time: 2117053050212375, actual_exe_time: 43050, task_app_start_time:2117049572799375, task_sched_time:2117053050166505
app_id: 0, app_name: SAR_api-aarch64, task_id: 882, task_name: DASH_FFT, resource_name: fft2, ref_start_time: 2117053054332546, ref_stop_time: 2117053054394586, actual_exe_time: 62040, task_app_start_time:2117049572799375, task_sched_time:2117053054325016
app_id: 0, app_name: SAR_api-aarch64, task_id: 883, task_name: DASH_FFT, resource_name: cpu1, ref_start_time: 2117053055594826, ref_stop_time: 2117053055651016, actual_exe_time: 56190, task_app_start_time:2117049572799375, task_sched_time:2117053055540286
app_id: 0, app_name: SAR_api-aarch64, task_id: 884, task_name: DASH_FFT, resource_name: cpu2, ref_start_time: 2117053056321396, ref_stop_time: 2117053056374136, actual_exe_time: 52740, task_app_start_time:2117049572799375, task_sched_time:2117053056317586
app_id: 0, app_name: SAR_api-aarch64, task_id: 885, task_name: DASH_FFT, resource_name: cpu3, ref_start_time: 2117053058816196, ref_stop_time: 2117053058864436, actual_exe_time: 48240, task_app_start_time:2117049572799375, task_sched_time:2117053056780336
app_id: 0, app_name: SAR_api-aarch64, task_id: 886, task_name: DASH_FFT, resource_name: fft1, ref_start_time: 2117053059826537, ref_stop_time: 2117053059882787, actual_exe_time: 56250, task_app_start_time:2117049572799375, task_sched_time:2117053059781867
app_id: 0, app_name: SAR_api-aarch64, task_id: 887, task_name: DASH_FFT, resource_name: fft2, ref_start_time: 2117053060524337, ref_stop_time: 2117053060562557, actual_exe_time: 38220, task_app_start_time:2117049572799375, task_sched_time:2117053060519147
app_id: 0, app_name: SAR_api-aarch64, task_id: 888, task_name: DASH_FFT, resource_name: cpu1, ref_start_time: 2117053061287657, ref_stop_time: 2117053061344357, actual_exe_time: 56700, task_app_start_time:2117049572799375, task_sched_time:2117053061280937
app_id: 0, app_name: SAR_api-aarch64, task_id: 889, task_name: DASH_FFT, resource_name: cpu2, ref_start_time: 2117053061929867, ref_stop_time: 2117053061971237, actual_exe_time: 41370, task_app_start_time:2117049572799375, task_sched_time:2117053061922097
app_id: 0, app_name: SAR_api-aarch64, task_id: 890, task_name: DASH_FFT, resource_name: cpu3, ref_start_time: 2117053062871507, ref_stop_time: 2117053062931267, actual_exe_time: 59760, task_app_start_time:2117049572799375, task_sched_time:2117053062832987
app_id: 0, app_name: SAR_api-aarch64, task_id: 891, task_name: DASH_FFT, resource_name: fft1, ref_start_time: 2117053063249687, ref_stop_time: 2117053063292887, actual_exe_time: 43200, task_app_start_time:2117049572799375, task_sched_time:2117053063207237
app_id: 0, app_name: SAR_api-aarch64, task_id: 892, task_name: DASH_FFT, resource_name: fft2, ref_start_time: 2117053064232637, ref_stop_time: 2117053064280637, actual_exe_time: 48000, task_app_start_time:2117049572799375, task_sched_time:2117053064223427
app_id: 0, app_name: SAR_api-aarch64, task_id: 893, task_name: DASH_FFT, resource_name: cpu1, ref_start_time: 2117053065200647, ref_stop_time: 2117053065248647, actual_exe_time: 48000, task_app_start_time:2117049572799375, task_sched_time:2117053065193087
app_id: 0, app_name: SAR_api-aarch64, task_id: 894, task_name: DASH_FFT, resource_name: cpu2, ref_start_time: 2117053066098338, ref_stop_time: 2117053066153088, actual_exe_time: 54750, task_app_start_time:2117049572799375, task_sched_time:2117053066072538
app_id: 0, app_name: SAR_api-aarch64, task_id: 895, task_name: DASH_FFT, resource_name: cpu3, ref_start_time: 2117053069915568, ref_stop_time: 2117053069967258, actual_exe_time: 51690, task_app_start_time:2117049572799375, task_sched_time:2117053069906148
app_id: 0, app_name: SAR_api-aarch64, task_id: 896, task_name: DASH_FFT, resource_name: fft1, ref_start_time: 2117053071020408, ref_stop_time: 2117053071079628, actual_exe_time: 59220, task_app_start_time:2117049572799375, task_sched_time:2117053071008708
app_id: 0, app_name: SAR_api-aarch64, task_id: 897, task_name: DASH_FFT, resource_name: fft2, ref_start_time: 2117053074804519, ref_stop_time: 2117053074852969, actual_exe_time: 48450, task_app_start_time:2117049572799375, task_sched_time:2117053071761678
app_id: 0, app_name: SAR_api-aarch64, task_id: 898, task_name: DASH_FFT, resource_name: cpu1, ref_start_time: 2117053075700019, ref_stop_time: 2117053075762449, actual_exe_time: 62430, task_app_start_time:2117049572799375, task_sched_time:2117053075691439
app_id: 0, app_name: SAR_api-aarch64, task_id: 899, task_name: DASH_FFT, resource_name: cpu2, ref_start_time: 2117053076373579, ref_stop_time: 2117053076415849, actual_exe_time: 42270, task_app_start_time:2117049572799375, task_sched_time:2117053076369829
app_id: 0, app_name: SAR_api-aarch64, task_id: 900, task_name: DASH_FFT, resource_name: cpu3, ref_start_time: 2117053076842629, ref_stop_time: 2117053076897889, actual_exe_time: 55260, task_app_start_time:2117049572799375, task_sched_time:2117053076837919
app_id: 0, app_name: SAR_api-aarch64, task_id: 901, task_name: DASH_FFT, resource_name: fft1, ref_start_time: 2117053077689859, ref_stop_time: 2117053077745299, actual_exe_time: 55440, task_app_start_time:2117049572799375, task_sched_time:2117053077651549
app_id: 0, app_name: SAR_api-aarch64, task_id: 902, task_name: DASH_FFT, resource_name: fft2, ref_start_time: 2117053080418180, ref_stop_time: 2117053080473680, actual_exe_time: 55500, task_app_start_time:2117049572799375, task_sched_time:2117053078371760
app_id: 0, app_name: SAR_api-aarch64, task_id: 903, task_name: DASH_FFT, resource_name: cpu1, ref_start_time: 2117053087249901, ref_stop_time: 2117053087305041, actual_exe_time: 55140, task_app_start_time:2117049572799375, task_sched_time:2117053087242251
app_id: 0, app_name: SAR_api-aarch64, task_id: 904, task_name: DASH_FFT, resource_name: cpu2, ref_start_time: 2117053087476971, ref_stop_time: 2117053088057951, actual_exe_time: 580980, task_app_start_time:2117049572799375, task_sched_time:2117053087468901
app_id: 0, app_name: SAR_api-aarch64, task_id: 905, task_name: DASH_FFT, resource_name: cpu3, ref_start_time: 2117053088760821, ref_stop_time: 2117053088803661, actual_exe_time: 42840, task_app_start_time:2117049572799375, task_sched_time:2117053088755931
app_id: 0, app_name: SAR_api-aarch64, task_id: 906, task_name: DASH_FFT, resource_name: fft1, ref_start_time: 2117053094977032, ref_stop_time: 2117053095040242, actual_exe_time: 63210, task_app_start_time:2117049572799375, task_sched_time:2117053094890842
app_id: 0, app_name: SAR_api-aarch64, task_id: 907, task_name: DASH_FFT, resource_name: fft2, ref_start_time: 2117053095740832, ref_stop_time: 2117053095779502, actual_exe_time: 38670, task_app_start_time:2117049572799375, task_sched_time:2117053095736752
app_id: 0, app_name: SAR_api-aarch64, task_id: 908, task_name: DASH_FFT, resource_name: cpu1, ref_start_time: 2117053096613892, ref_stop_time: 2117053096680703, actual_exe_time: 66811, task_app_start_time:2117049572799375, task_sched_time:2117053096608942
app_id: 0, app_name: SAR_api-aarch64, task_id: 909, task_name: DASH_FFT, resource_name: cpu2, ref_start_time: 2117053097063083, ref_stop_time: 2117053097104333, actual_exe_time: 41250, task_app_start_time:2117049572799375, task_sched_time:2117053097058793
app_id: 0, app_name: SAR_api-aarch64, task_id: 910, task_name: DASH_FFT, resource_name: cpu3, ref_start_time: 2117053099134853, ref_stop_time: 2117053099191823, actual_exe_time: 56970, task_app_start_time:2117049572799375, task_sched_time:2117053099127893
app_id: 0, app_name: SAR_api-aarch64, task_id: 911, task_name: DASH_FFT, resource_name: fft1, ref_start_time: 2117053102871384, ref_stop_time: 2117053102920464, actual_exe_time: 49080, task_app_start_time:2117049572799375, task_sched_time:2117053102861154
app_id: 0, app_name: SAR_api-aarch64, task_id: 912, task_name: DASH_FFT, resource_name: fft2, ref_start_time: 2117053103707544, ref_stop_time: 2117053103758424, actual_exe_time: 50880, task_app_start_time:2117049572799375, task_sched_time:2117053103704814
app_id: 0, app_name: SAR_api-aarch64, task_id: 913, task_name: DASH_FFT, resource_name: cpu1, ref_start_time: 2117053107202334, ref_stop_time: 2117053107258404, actual_exe_time: 56070, task_app_start_time:2117049572799375, task_sched_time:2117053107194354
app_id: 0, app_name: SAR_api-aarch64, task_id: 914, task_name: DASH_FFT, resource_name: cpu2, ref_start_time: 2117053110954015, ref_stop_time: 2117053111016055, actual_exe_time: 62040, task_app_start_time:2117049572799375, task_sched_time:2117053110948015
app_id: 0, app_name: SAR_api-aarch64, task_id: 915, task_name: DASH_FFT, resource_name: cpu3, ref_start_time: 2117053111742265, ref_stop_time: 2117053111784235, actual_exe_time: 41970, task_app_start_time:2117049572799375, task_sched_time:2117053111739175
app_id: 0, app_name: SAR_api-aarch64, task_id: 916, task_name: DASH_FFT, resource_name: fft1, ref_start_time: 2117053115125455, ref_stop_time: 2117053115182275, actual_exe_time: 56820, task_app_start_time:2117049572799375, task_sched_time:2117053115115855
app_id: 0, app_name: SAR_api-aarch64, task_id: 917, task_name: DASH_FFT, resource_name: fft2, ref_start_time: 2117053115815306, ref_stop_time: 2117053115853316, actual_exe_time: 38010, task_app_start_time:2117049572799375, task_sched_time:2117053115811976
app_id: 0, app_name: SAR_api-aarch64, task_id: 918, task_name: DASH_FFT, resource_name: cpu1, ref_start_time: 2117053117395616, ref_stop_time: 2117053117455076, actual_exe_time: 59460, task_app_start_time:2117049572799375, task_sched_time:2117053117333156
app_id: 0, app_name: SAR_api-aarch64, task_id: 919, task_name: DASH_FFT, resource_name: cpu2, ref_start_time: 2117053118247136, ref_stop_time: 2117053118289886, actual_exe_time: 42750, task_app_start_time:2117049572799375, task_sched_time:2117053118242066
app_id: 0, app_name: SAR_api-aarch64, task_id: 920, task_name: DASH_FFT, resource_name: cpu3, ref_start_time: 2117053123076327, ref_stop_time: 2117053123138817, actual_exe_time: 62490, task_app_start_time:2117049572799375, task_sched_time:2117053123063397
app_id: 0, app_name: SAR_api-aarch64, task_id: 921, task_name: DASH_FFT, resource_name: fft1, ref_start_time: 2117053123922357, ref_stop_time: 2117053123966937, actual_exe_time: 44580, task_app_start_time:2117049572799375, task_sched_time:2117053123883717
app_id: 0, app_name: SAR_api-aarch64, task_id: 922, task_name: DASH_FFT, resource_name: fft2, ref_start_time: 2117053127406077, ref_stop_time: 2117053127456957, actual_exe_time: 50880, task_app_start_time:2117049572799375, task_sched_time:2117053127400077
app_id: 0, app_name: SAR_api-aarch64, task_id: 923, task_name: DASH_FFT, resource_name: cpu1, ref_start_time: 2117053131042528, ref_stop_time: 2117053131099588, actual_exe_time: 57060, task_app_start_time:2117049572799375, task_sched_time:2117053131029238
app_id: 0, app_name: SAR_api-aarch64, task_id: 924, task_name: DASH_FFT, resource_name: cpu2, ref_start_time: 2117053132046658, ref_stop_time: 2117053132098708, actual_exe_time: 52050, task_app_start_time:2117049572799375, task_sched_time:2117053132043118
app_id: 0, app_name: SAR_api-aarch64, task_id: 925, task_name: DASH_FFT, resource_name: cpu3, ref_start_time: 2117053134835399, ref_stop_time: 2117053134878419, actual_exe_time: 43020, task_app_start_time:2117049572799375, task_sched_time:2117053134828739
app_id: 0, app_name: SAR_api-aarch64, task_id: 926, task_name: DASH_FFT, resource_name: fft1, ref_start_time: 2117053135549279, ref_stop_time: 2117053135603339, actual_exe_time: 54060, task_app_start_time:2117049572799375, task_sched_time:2117053135505209
app_id: 0, app_name: SAR_api-aarch64, task_id: 927, task_name: DASH_FFT, resource_name: fft2, ref_start_time: 2117053135787299, ref_stop_time: 2117053135825369, actual_exe_time: 38070, task_app_start_time:2117049572799375, task_sched_time:2117053135781569
app_id: 0, app_name: SAR_api-aarch64, task_id: 928, task_name: DASH_FFT, resource_name: cpu1, ref_start_time: 2117053143151850, ref_stop_time: 2117053143218180, actual_exe_time: 66330, task_app_start_time:2117049572799375, task_sched_time:2117053143136940
app_id: 0, app_name: SAR_api-aarch64, task_id: 929, task_name: DASH_FFT, resource_name: cpu2, ref_start_time: 2117053143960110, ref_stop_time: 2117053144001720, actual_exe_time: 41610, task_app_start_time:2117049572799375, task_sched_time:2117053143953600
app_id: 0, app_name: SAR_api-aarch64, task_id: 930, task_name: DASH_FFT, resource_name: cpu3, ref_start_time: 2117053144650410, ref_stop_time: 2117053144701380, actual_exe_time: 50970, task_app_start_time:2117049572799375, task_sched_time:2117053144645310
app_id: 0, app_name: SAR_api-aarch64, task_id: 931, task_name: DASH_FFT, resource_name: fft1, ref_start_time: 2117053144931480, ref_stop_time: 2117053144975580, actual_exe_time: 44100, task_app_start_time:2117049572799375, task_sched_time:2117053144879220
app_id: 0, app_name: SAR_api-aarch64, task_id: 932, task_name: DASH_FFT, resource_name: fft2, ref_start_time: 2117053151305581, ref_stop_time: 2117053151362131, actual_exe_time: 56550, task_app_start_time:2117049572799375, task_sched_time:2117053151296011
app_id: 0, app_name: SAR_api-aarch64, task_id: 933, task_name: DASH_FFT, resource_name: cpu1, ref_start_time: 2117053152313791, ref_stop_time: 2117053152361821, actual_exe_time: 48030, task_app_start_time:2117049572799375, task_sched_time:2117053152298701
app_id: 0, app_name: SAR_api-aarch64, task_id: 934, task_name: DASH_FFT, resource_name: cpu2, ref_start_time: 2117053152948142, ref_stop_time: 2117053152994222, actual_exe_time: 46080, task_app_start_time:2117049572799375, task_sched_time:2117053152942472
app_id: 0, app_name: SAR_api-aarch64, task_id: 935, task_name: DASH_FFT, resource_name: cpu3, ref_start_time: 2117053154209972, ref_stop_time: 2117053154251312, actual_exe_time: 41340, task_app_start_time:2117049572799375, task_sched_time:2117053154206042
app_id: 0, app_name: SAR_api-aarch64, task_id: 936, task_name: DASH_FFT, resource_name: fft1, ref_start_time: 2117053159363103, ref_stop_time: 2117053159427063, actual_exe_time: 63960, task_app_start_time:2117049572799375, task_sched_time:2117053159265213
app_id: 0, app_name: SAR_api-aarch64, task_id: 937, task_name: DASH_FFT, resource_name: fft2, ref_start_time: 2117053160155643, ref_stop_time: 2117053160193413, actual_exe_time: 37770, task_app_start_time:2117049572799375, task_sched_time:2117053160146613
app_id: 0, app_name: SAR_api-aarch64, task_id: 938, task_name: DASH_FFT, resource_name: cpu1, ref_start_time: 2117053163281703, ref_stop_time: 2117053163347493, actual_exe_time: 65790, task_app_start_time:2117049572799375, task_sched_time:2117053163224163
app_id: 0, app_name: SAR_api-aarch64, task_id: 939, task_name: DASH_FFT, resource_name: cpu2, ref_start_time: 2117053167058914, ref_stop_time: 2117053167104004, actual_exe_time: 45090, task_app_start_time:2117049572799375, task_sched_time:2117053167049824
app_id: 0, app_name: SAR_api-aarch64, task_id: 940, task_name: DASH_FFT, resource_name: cpu3, ref_start_time: 2117053167718854, ref_stop_time: 2117053167772194, actual_exe_time: 53340, task_app_start_time:2117049572799375, task_sched_time:2117053167713934
app_id: 0, app_name: SAR_api-aarch64, task_id: 941, task_name: DASH_FFT, resource_name: fft1, ref_start_time: 2117053170918234, ref_stop_time: 2117053170962184, actual_exe_time: 43950, task_app_start_time:2117049572799375, task_sched_time:2117053170913434
app_id: 0, app_name: SAR_api-aarch64, task_id: 942, task_name: DASH_FFT, resource_name: fft2, ref_start_time: 2117053172513455, ref_stop_time: 2117053172560345, actual_exe_time: 46890, task_app_start_time:2117049572799375, task_sched_time:2117053172508145
app_id: 0, app_name: SAR_api-aarch64, task_id: 943, task_name: DASH_FFT, resource_name: cpu1, ref_start_time: 2117053173941035, ref_stop_time: 2117053173990475, actual_exe_time: 49440, task_app_start_time:2117049572799375, task_sched_time:2117053173903265
app_id: 0, app_name: SAR_api-aarch64, task_id: 944, task_name: DASH_FFT, resource_name: cpu2, ref_start_time: 2117053178831906, ref_stop_time: 2117053178894006, actual_exe_time: 62100, task_app_start_time:2117049572799375, task_sched_time:2117053178824466
app_id: 0, app_name: SAR_api-aarch64, task_id: 945, task_name: DASH_FFT, resource_name: cpu3, ref_start_time: 2117053183199756, ref_stop_time: 2117053183249196, actual_exe_time: 49440, task_app_start_time:2117049572799375, task_sched_time:2117053183196006
app_id: 0, app_name: SAR_api-aarch64, task_id: 946, task_name: DASH_FFT, resource_name: fft1, ref_start_time: 2117053186941357, ref_stop_time: 2117053186996467, actual_exe_time: 55110, task_app_start_time:2117049572799375, task_sched_time:2117053186789257
app_id: 0, app_name: SAR_api-aarch64, task_id: 947, task_name: DASH_FFT, resource_name: fft2, ref_start_time: 2117053187217897, ref_stop_time: 2117053187256417, actual_exe_time: 38520, task_app_start_time:2117049572799375, task_sched_time:2117053187208417
app_id: 0, app_name: SAR_api-aarch64, task_id: 948, task_name: DASH_FFT, resource_name: cpu1, ref_start_time: 2117053190157538, ref_stop_time: 2117053190222698, actual_exe_time: 65160, task_app_start_time:2117049572799375, task_sched_time:2117053190151268
app_id: 0, app_name: SAR_api-aarch64, task_id: 949, task_name: DASH_FFT, resource_name: cpu2, ref_start_time: 2117053198772489, ref_stop_time: 2117053198832159, actual_exe_time: 59670, task_app_start_time:2117049572799375, task_sched_time:2117053194122608
app_id: 0, app_name: SAR_api-aarch64, task_id: 950, task_name: DASH_FFT, resource_name: cpu3, ref_start_time: 2117053202840580, ref_stop_time: 2117053202898060, actual_exe_time: 57480, task_app_start_time:2117049572799375, task_sched_time:2117053202831250
app_id: 0, app_name: SAR_api-aarch64, task_id: 951, task_name: DASH_FFT, resource_name: fft1, ref_start_time: 2117053203843840, ref_stop_time: 2117053203890130, actual_exe_time: 46290, task_app_start_time:2117049572799375, task_sched_time:2117053203812790
app_id: 0, app_name: SAR_api-aarch64, task_id: 952, task_name: DASH_FFT, resource_name: fft2, ref_start_time: 2117053207039590, ref_stop_time: 2117053207100760, actual_exe_time: 61170, task_app_start_time:2117049572799375, task_sched_time:2117053207032420
app_id: 0, app_name: SAR_api-aarch64, task_id: 953, task_name: DASH_FFT, resource_name: cpu1, ref_start_time: 2117053215007082, ref_stop_time: 2117053215064142, actual_exe_time: 57060, task_app_start_time:2117049572799375, task_sched_time:2117053214997992
app_id: 0, app_name: SAR_api-aarch64, task_id: 954, task_name: DASH_FFT, resource_name: cpu2, ref_start_time: 2117053218072572, ref_stop_time: 2117053218127052, actual_exe_time: 54480, task_app_start_time:2117049572799375, task_sched_time:2117053218068702
app_id: 0, app_name: SAR_api-aarch64, task_id: 955, task_name: DASH_FFT, resource_name: cpu3, ref_start_time: 2117053222810803, ref_stop_time: 2117053222865133, actual_exe_time: 54330, task_app_start_time:2117049572799375, task_sched_time:2117053222799943
app_id: 0, app_name: SAR_api-aarch64, task_id: 956, task_name: DASH_FFT, resource_name: fft1, ref_start_time: 2117053226901783, ref_stop_time: 2117053226965173, actual_exe_time: 63390, task_app_start_time:2117049572799375, task_sched_time:2117053226826813
app_id: 0, app_name: SAR_api-aarch64, task_id: 957, task_name: DASH_FFT, resource_name: fft2, ref_start_time: 2117053232401474, ref_stop_time: 2117053232448124, actual_exe_time: 46650, task_app_start_time:2117049572799375, task_sched_time:2117053232394904
app_id: 0, app_name: SAR_api-aarch64, task_id: 958, task_name: DASH_FFT, resource_name: cpu1, ref_start_time: 2117053233209494, ref_stop_time: 2117053233269674, actual_exe_time: 60180, task_app_start_time:2117049572799375, task_sched_time:2117053232975884
app_id: 0, app_name: SAR_api-aarch64, task_id: 959, task_name: DASH_FFT, resource_name: cpu2, ref_start_time: 2117053237440365, ref_stop_time: 2117053237494965, actual_exe_time: 54600, task_app_start_time:2117049572799375, task_sched_time:2117053237431785
app_id: 0, app_name: SAR_api-aarch64, task_id: 960, task_name: DASH_FFT, resource_name: cpu3, ref_start_time: 2117053242809106, ref_stop_time: 2117053242877296, actual_exe_time: 68190, task_app_start_time:2117049572799375, task_sched_time:2117053238351375
app_id: 0, app_name: SAR_api-aarch64, task_id: 961, task_name: DASH_FFT, resource_name: fft1, ref_start_time: 2117053243137696, ref_stop_time: 2117053243181766, actual_exe_time: 44070, task_app_start_time:2117049572799375, task_sched_time:2117053243119576
app_id: 0, app_name: SAR_api-aarch64, task_id: 962, task_name: DASH_FFT, resource_name: fft2, ref_start_time: 2117053246828387, ref_stop_time: 2117053246881517, actual_exe_time: 53130, task_app_start_time:2117049572799375, task_sched_time:2117053246823797
app_id: 0, app_name: SAR_api-aarch64, task_id: 963, task_name: DASH_FFT, resource_name: cpu1, ref_start_time: 2117053248182047, ref_stop_time: 2117053248231577, actual_exe_time: 49530, task_app_start_time:2117049572799375, task_sched_time:2117053248178597
app_id: 0, app_name: SAR_api-aarch64, task_id: 964, task_name: DASH_FFT, resource_name: cpu2, ref_start_time: 2117053251167887, ref_stop_time: 2117053251234037, actual_exe_time: 66150, task_app_start_time:2117049572799375, task_sched_time:2117053251162667
app_id: 0, app_name: SAR_api-aarch64, task_id: 965, task_name: DASH_FFT, resource_name: cpu3, ref_start_time: 2117053258790649, ref_stop_time: 2117053259043969, actual_exe_time: 253320, task_app_start_time:2117049572799375, task_sched_time:2117053258781679
app_id: 0, app_name: SAR_api-aarch64, task_id: 966, task_name: DASH_FFT, resource_name: fft1, ref_start_time: 2117053262140179, ref_stop_time: 2117053262214279, actual_exe_time: 74100, task_app_start_time:2117049572799375, task_sched_time:2117053262135889
app_id: 0, app_name: SAR_api-aarch64, task_id: 967, task_name: DASH_FFT, resource_name: fft2, ref_start_time: 2117053267085680, ref_stop_time: 2117053267135150, actual_exe_time: 49470, task_app_start_time:2117049572799375, task_sched_time:2117053267076680
app_id: 0, app_name: SAR_api-aarch64, task_id: 968, task_name: DASH_FFT, resource_name: cpu1, ref_start_time: 2117053274824421, ref_stop_time: 2117053274889101, actual_exe_time: 64680, task_app_start_time:2117049572799375, task_sched_time:2117053274753921
app_id: 0, app_name: SAR_api-aarch64, task_id: 969, task_name: DASH_FFT, resource_name: cpu2, ref_start_time: 2117053276133891, ref_stop_time: 2117053276177961, actual_exe_time: 44070, task_app_start_time:2117049572799375, task_sched_time:2117053276125461
app_id: 0, app_name: SAR_api-aarch64, task_id: 970, task_name: DASH_FFT, resource_name: cpu3, ref_start_time: 2117053282950942, ref_stop_time: 2117053283023602, actual_exe_time: 72660, task_app_start_time:2117049572799375, task_sched_time:2117053282943232
app_id: 0, app_name: SAR_api-aarch64, task_id: 971, task_name: DASH_FFT, resource_name: fft1, ref_start_time: 2117053288778353, ref_stop_time: 2117053288825753, actual_exe_time: 47400, task_app_start_time:2117049572799375, task_sched_time:2117053288773013
app_id: 0, app_name: SAR_api-aarch64, task_id: 972, task_name: DASH_FFT, resource_name: fft2, ref_start_time: 2117053289593214, ref_stop_time: 2117053289643824, actual_exe_time: 50610, task_app_start_time:2117049572799375, task_sched_time:2117053289583164
app_id: 0, app_name: SAR_api-aarch64, task_id: 973, task_name: DASH_FFT, resource_name: cpu1, ref_start_time: 2117053295031254, ref_stop_time: 2117053295089184, actual_exe_time: 57930, task_app_start_time:2117049572799375, task_sched_time:2117053294956854
app_id: 0, app_name: SAR_api-aarch64, task_id: 974, task_name: DASH_FFT, resource_name: cpu2, ref_start_time: 2117053303152106, ref_stop_time: 2117053303220176, actual_exe_time: 68070, task_app_start_time:2117049572799375, task_sched_time:2117053303142266
app_id: 0, app_name: SAR_api-aarch64, task_id: 975, task_name: DASH_FFT, resource_name: cpu3, ref_start_time: 2117053304319346, ref_stop_time: 2117053304364736, actual_exe_time: 45390, task_app_start_time:2117049572799375, task_sched_time:2117053304112166
app_id: 0, app_name: SAR_api-aarch64, task_id: 976, task_name: DASH_FFT, resource_name: fft1, ref_start_time: 2117053310940287, ref_stop_time: 2117053311006077, actual_exe_time: 65790, task_app_start_time:2117049572799375, task_sched_time:2117053310930147
app_id: 0, app_name: SAR_api-aarch64, task_id: 977, task_name: DASH_FFT, resource_name: fft2, ref_start_time: 2117053317270738, ref_stop_time: 2117053317318558, actual_exe_time: 47820, task_app_start_time:2117049572799375, task_sched_time:2117053317263268
app_id: 0, app_name: SAR_api-aarch64, task_id: 978, task_name: DASH_FFT, resource_name: cpu1, ref_start_time: 2117053317893058, ref_stop_time: 2117053317960588, actual_exe_time: 67530, task_app_start_time:2117049572799375, task_sched_time:2117053317872598
app_id: 0, app_name: SAR_api-aarch64, task_id: 979, task_name: DASH_FFT, resource_name: cpu2, ref_start_time: 2117053326871190, ref_stop_time: 2117053326925490, actual_exe_time: 54300, task_app_start_time:2117049572799375, task_sched_time:2117053326863720
app_id: 0, app_name: SAR_api-aarch64, task_id: 980, task_name: DASH_FFT, resource_name: cpu3, ref_start_time: 2117053330815860, ref_stop_time: 2117053330880300, actual_exe_time: 64440, task_app_start_time:2117049572799375, task_sched_time:2117053330809860
app_id: 0, app_name: SAR_api-aarch64, task_id: 981, task_name: DASH_FFT, resource_name: fft1, ref_start_time: 2117053331757830, ref_stop_time: 2117053331803100, actual_exe_time: 45270, task_app_start_time:2117049572799375, task_sched_time:2117053331747150
app_id: 0, app_name: SAR_api-aarch64, task_id: 982, task_name: DASH_FFT, resource_name: fft2, ref_start_time: 2117053332183920, ref_stop_time: 2117053332233420, actual_exe_time: 49500, task_app_start_time:2117049572799375, task_sched_time:2117053332118970
app_id: 0, app_name: SAR_api-aarch64, task_id: 983, task_name: DASH_FFT, resource_name: cpu1, ref_start_time: 2117053333522371, ref_stop_time: 2117053333575021, actual_exe_time: 52650, task_app_start_time:2117049572799375, task_sched_time:2117053333518321
app_id: 0, app_name: SAR_api-aarch64, task_id: 984, task_name: DASH_FFT, resource_name: cpu2, ref_start_time: 2117053334173011, ref_stop_time: 2117053334513241, actual_exe_time: 340230, task_app_start_time:2117049572799375, task_sched_time:2117053334167311
app_id: 0, app_name: SAR_api-aarch64, task_id: 985, task_name: DASH_FFT, resource_name: cpu3, ref_start_time: 2117053335332001, ref_stop_time: 2117053335377511, actual_exe_time: 45510, task_app_start_time:2117049572799375, task_sched_time:2117053335325641
app_id: 0, app_name: SAR_api-aarch64, task_id: 986, task_name: DASH_FFT, resource_name: fft1, ref_start_time: 2117053336044171, ref_stop_time: 2117053336104681, actual_exe_time: 60510, task_app_start_time:2117049572799375, task_sched_time:2117053336004301
app_id: 0, app_name: SAR_api-aarch64, task_id: 987, task_name: DASH_FFT, resource_name: fft2, ref_start_time: 2117053345223573, ref_stop_time: 2117053345268693, actual_exe_time: 45120, task_app_start_time:2117049572799375, task_sched_time:2117053342852762
app_id: 0, app_name: SAR_api-aarch64, task_id: 988, task_name: DASH_FFT, resource_name: cpu1, ref_start_time: 2117053346456693, ref_stop_time: 2117053346518823, actual_exe_time: 62130, task_app_start_time:2117049572799375, task_sched_time:2117053346452043
app_id: 0, app_name: SAR_api-aarch64, task_id: 989, task_name: DASH_FFT, resource_name: cpu2, ref_start_time: 2117053347224183, ref_stop_time: 2117053347270743, actual_exe_time: 46560, task_app_start_time:2117049572799375, task_sched_time:2117053347217103
app_id: 0, app_name: SAR_api-aarch64, task_id: 990, task_name: DASH_FFT, resource_name: cpu3, ref_start_time: 2117053350820013, ref_stop_time: 2117053350888203, actual_exe_time: 68190, task_app_start_time:2117049572799375, task_sched_time:2117053348270913
app_id: 0, app_name: SAR_api-aarch64, task_id: 991, task_name: DASH_FFT, resource_name: fft1, ref_start_time: 2117053354839564, ref_stop_time: 2117053354885374, actual_exe_time: 45810, task_app_start_time:2117049572799375, task_sched_time:2117053354830534
app_id: 0, app_name: SAR_api-aarch64, task_id: 992, task_name: DASH_FFT, resource_name: fft2, ref_start_time: 2117053355601804, ref_stop_time: 2117053355653104, actual_exe_time: 51300, task_app_start_time:2117049572799375, task_sched_time:2117053355594124
app_id: 0, app_name: SAR_api-aarch64, task_id: 993, task_name: DASH_FFT, resource_name: cpu1, ref_start_time: 2117053359029635, ref_stop_time: 2117053359079225, actual_exe_time: 49590, task_app_start_time:2117049572799375, task_sched_time:2117053359026455
app_id: 0, app_name: SAR_api-aarch64, task_id: 994, task_name: DASH_FFT, resource_name: cpu2, ref_start_time: 2117053361329075, ref_stop_time: 2117053361380735, actual_exe_time: 51660, task_app_start_time:2117049572799375, task_sched_time:2117053361324665
app_id: 0, app_name: SAR_api-aarch64, task_id: 995, task_name: DASH_FFT, resource_name: cpu3, ref_start_time: 2117053361584495, ref_stop_time: 2117053361626345, actual_exe_time: 41850, task_app_start_time:2117049572799375, task_sched_time:2117053361576365
app_id: 0, app_name: SAR_api-aarch64, task_id: 996, task_name: DASH_FFT, resource_name: fft1, ref_start_time: 2117053366282376, ref_stop_time: 2117053366345376, actual_exe_time: 63000, task_app_start_time:2117049572799375, task_sched_time:2117053366181516
app_id: 0, app_name: SAR_api-aarch64, task_id: 997, task_name: DASH_FFT, resource_name: fft2, ref_start_time: 2117053367082776, ref_stop_time: 2117053367121266, actual_exe_time: 38490, task_app_start_time:2117049572799375, task_sched_time:2117053367078366
app_id: 0, app_name: SAR_api-aarch64, task_id: 998, task_name: DASH_FFT, resource_name: cpu1, ref_start_time: 2117053367998136, ref_stop_time: 2117053368057956, actual_exe_time: 59820, task_app_start_time:2117049572799375, task_sched_time:2117053367993486
app_id: 0, app_name: SAR_api-aarch64, task_id: 999, task_name: DASH_FFT, resource_name: cpu2, ref_start_time: 2117053368467906, ref_stop_time: 2117053368510866, actual_exe_time: 42960, task_app_start_time:2117049572799375, task_sched_time:2117053368460046
app_id: 0, app_name: SAR_api-aarch64, task_id: 1000, task_name: DASH_FFT, resource_name: cpu3, ref_start_time: 2117053370897847, ref_stop_time: 2117053370966667, actual_exe_time: 68820, task_app_start_time:2117049572799375, task_sched_time:2117053369484906
app_id: 0, app_name: SAR_api-aarch64, task_id: 1001, task_name: DASH_FFT, resource_name: fft1, ref_start_time: 2117053374822477, ref_stop_time: 2117053374869877, actual_exe_time: 47400, task_app_start_time:2117049572799375, task_sched_time:2117053374816627
app_id: 0, app_name: SAR_api-aarch64, task_id: 1002, task_name: DASH_FFT, resource_name: fft2, ref_start_time: 2117053375546227, ref_stop_time: 2117053375598877, actual_exe_time: 52650, task_app_start_time:2117049572799375, task_sched_time:2117053375539717
app_id: 0, app_name: SAR_api-aarch64, task_id: 1003, task_name: DASH_FFT, resource_name: cpu1, ref_start_time: 2117053378424878, ref_stop_time: 2117053378475728, actual_exe_time: 50850, task_app_start_time:2117049572799375, task_sched_time:2117053378414108
app_id: 0, app_name: SAR_api-aarch64, task_id: 1004, task_name: DASH_FFT, resource_name: cpu2, ref_start_time: 2117053379228488, ref_stop_time: 2117053379279998, actual_exe_time: 51510, task_app_start_time:2117049572799375, task_sched_time:2117053379222158
app_id: 0, app_name: SAR_api-aarch64, task_id: 1005, task_name: DASH_FFT, resource_name: cpu3, ref_start_time: 2117053382863919, ref_stop_time: 2117053382915279, actual_exe_time: 51360, task_app_start_time:2117049572799375, task_sched_time:2117053382857799
app_id: 0, app_name: SAR_api-aarch64, task_id: 1006, task_name: DASH_FFT, resource_name: fft1, ref_start_time: 2117053387237769, ref_stop_time: 2117053387300079, actual_exe_time: 62310, task_app_start_time:2117049572799375, task_sched_time:2117053387139669
app_id: 0, app_name: SAR_api-aarch64, task_id: 1007, task_name: DASH_FFT, resource_name: fft2, ref_start_time: 2117053388030489, ref_stop_time: 2117053388068619, actual_exe_time: 38130, task_app_start_time:2117049572799375, task_sched_time:2117053388026199
app_id: 0, app_name: SAR_api-aarch64, task_id: 1008, task_name: DASH_FFT, resource_name: cpu1, ref_start_time: 2117053391018850, ref_stop_time: 2117053391081280, actual_exe_time: 62430, task_app_start_time:2117049572799375, task_sched_time:2117053391013210
app_id: 0, app_name: SAR_api-aarch64, task_id: 1009, task_name: DASH_FFT, resource_name: cpu2, ref_start_time: 2117053394803740, ref_stop_time: 2117053394849100, actual_exe_time: 45360, task_app_start_time:2117049572799375, task_sched_time:2117053394794170
app_id: 0, app_name: SAR_api-aarch64, task_id: 1010, task_name: DASH_FFT, resource_name: cpu3, ref_start_time: 2117053395399691, ref_stop_time: 2117053395451231, actual_exe_time: 51540, task_app_start_time:2117049572799375, task_sched_time:2117053395392341
app_id: 0, app_name: SAR_api-aarch64, task_id: 1011, task_name: DASH_FFT, resource_name: fft1, ref_start_time: 2117053397000461, ref_stop_time: 2117053397044171, actual_exe_time: 43710, task_app_start_time:2117049572799375, task_sched_time:2117053396992991
app_id: 0, app_name: SAR_api-aarch64, task_id: 1012, task_name: DASH_FFT, resource_name: fft2, ref_start_time: 2117053402999802, ref_stop_time: 2117053403056652, actual_exe_time: 56850, task_app_start_time:2117049572799375, task_sched_time:2117053402991312
app_id: 0, app_name: SAR_api-aarch64, task_id: 1013, task_name: DASH_FFT, resource_name: cpu1, ref_start_time: 2117053403957222, ref_stop_time: 2117053404007112, actual_exe_time: 49890, task_app_start_time:2117049572799375, task_sched_time:2117053403937032
app_id: 0, app_name: SAR_api-aarch64, task_id: 1014, task_name: DASH_FFT, resource_name: cpu2, ref_start_time: 2117053406931872, ref_stop_time: 2117053406983442, actual_exe_time: 51570, task_app_start_time:2117049572799375, task_sched_time:2117053406922782
app_id: 0, app_name: SAR_api-aarch64, task_id: 1015, task_name: DASH_FFT, resource_name: cpu3, ref_start_time: 2117053407175772, ref_stop_time: 2117053407219452, actual_exe_time: 43680, task_app_start_time:2117049572799375, task_sched_time:2117053407167672
app_id: 0, app_name: SAR_api-aarch64, task_id: 1016, task_name: DASH_FFT, resource_name: fft1, ref_start_time: 2117053411239513, ref_stop_time: 2117053411295973, actual_exe_time: 56460, task_app_start_time:2117049572799375, task_sched_time:2117053411233573
app_id: 0, app_name: SAR_api-aarch64, task_id: 1017, task_name: DASH_FFT, resource_name: fft2, ref_start_time: 2117053413847324, ref_stop_time: 2117053413888064, actual_exe_time: 40740, task_app_start_time:2117049572799375, task_sched_time:2117053413842554
app_id: 0, app_name: SAR_api-aarch64, task_id: 1018, task_name: DASH_FFT, resource_name: cpu1, ref_start_time: 2117053415083114, ref_stop_time: 2117053415147314, actual_exe_time: 64200, task_app_start_time:2117049572799375, task_sched_time:2117053415026204
app_id: 0, app_name: SAR_api-aarch64, task_id: 1019, task_name: DASH_FFT, resource_name: cpu2, ref_start_time: 2117053415804014, ref_stop_time: 2117053415851084, actual_exe_time: 47070, task_app_start_time:2117049572799375, task_sched_time:2117053415796664
app_id: 0, app_name: SAR_api-aarch64, task_id: 1020, task_name: DASH_FFT, resource_name: cpu3, ref_start_time: 2117053418790514, ref_stop_time: 2117053418858824, actual_exe_time: 68310, task_app_start_time:2117049572799375, task_sched_time:2117053416351244
app_id: 0, app_name: SAR_api-aarch64, task_id: 1021, task_name: DASH_FFT, resource_name: fft1, ref_start_time: 2117053422835265, ref_stop_time: 2117053422883595, actual_exe_time: 48330, task_app_start_time:2117049572799375, task_sched_time:2117053422820745
app_id: 0, app_name: SAR_api-aarch64, task_id: 1022, task_name: DASH_FFT, resource_name: fft2, ref_start_time: 2117053427216826, ref_stop_time: 2117053427277306, actual_exe_time: 60480, task_app_start_time:2117049572799375, task_sched_time:2117053427208096
app_id: 0, app_name: SAR_api-aarch64, task_id: 1023, task_name: DASH_FFT, resource_name: cpu1, ref_start_time: 2117053429544166, ref_stop_time: 2117053429602216, actual_exe_time: 58050, task_app_start_time:2117049572799375, task_sched_time:2117053429533216
app_id: 0, app_name: SAR_api-aarch64, task_id: 1024, task_name: DASH_FFT, resource_name: cpu2, ref_start_time: 2117053430451066, ref_stop_time: 2117053430510616, actual_exe_time: 59550, task_app_start_time:2117049572799375, task_sched_time:2117053430446986
app_id: 0, app_name: SAR_api-aarch64, task_id: 1025, task_name: DASH_FFT, resource_name: cpu3, ref_start_time: 2117053433168437, ref_stop_time: 2117053433220127, actual_exe_time: 51690, task_app_start_time:2117049572799375, task_sched_time:2117053431192006
app_id: 0, app_name: SAR_api-aarch64, task_id: 1026, task_name: DASH_FFT, resource_name: fft1, ref_start_time: 2117053439201078, ref_stop_time: 2117053439262518, actual_exe_time: 61440, task_app_start_time:2117049572799375, task_sched_time:2117053439194208
app_id: 0, app_name: SAR_api-aarch64, task_id: 1027, task_name: DASH_FFT, resource_name: fft2, ref_start_time: 2117053442929838, ref_stop_time: 2117053442972288, actual_exe_time: 42450, task_app_start_time:2117049572799375, task_sched_time:2117053442926118
app_id: 0, app_name: SAR_api-aarch64, task_id: 1028, task_name: DASH_FFT, resource_name: cpu1, ref_start_time: 2117053447262499, ref_stop_time: 2117053447335129, actual_exe_time: 72630, task_app_start_time:2117049572799375, task_sched_time:2117053447255599
app_id: 0, app_name: SAR_api-aarch64, task_id: 1029, task_name: DASH_FFT, resource_name: cpu2, ref_start_time: 2117053447631619, ref_stop_time: 2117053447674339, actual_exe_time: 42720, task_app_start_time:2117049572799375, task_sched_time:2117053447627209
app_id: 0, app_name: SAR_api-aarch64, task_id: 1030, task_name: DASH_FFT, resource_name: cpu3, ref_start_time: 2117053454876470, ref_stop_time: 2117053454946490, actual_exe_time: 70020, task_app_start_time:2117049572799375, task_sched_time:2117053454867980
app_id: 0, app_name: SAR_api-aarch64, task_id: 1031, task_name: DASH_FFT, resource_name: fft1, ref_start_time: 2117053455702370, ref_stop_time: 2117053455745870, actual_exe_time: 43500, task_app_start_time:2117049572799375, task_sched_time:2117053455698860
app_id: 0, app_name: SAR_api-aarch64, task_id: 1032, task_name: DASH_FFT, resource_name: fft2, ref_start_time: 2117053459192901, ref_stop_time: 2117053459267271, actual_exe_time: 74370, task_app_start_time:2117049572799375, task_sched_time:2117053459186571
app_id: 0, app_name: SAR_api-aarch64, task_id: 1033, task_name: DASH_FFT, resource_name: cpu1, ref_start_time: 2117053460457461, ref_stop_time: 2117053460507171, actual_exe_time: 49710, task_app_start_time:2117049572799375, task_sched_time:2117053460387651
app_id: 0, app_name: SAR_api-aarch64, task_id: 1034, task_name: DASH_FFT, resource_name: cpu2, ref_start_time: 2117053464436452, ref_stop_time: 2117053464759252, actual_exe_time: 322800, task_app_start_time:2117049572799375, task_sched_time:2117053464425352
app_id: 0, app_name: SAR_api-aarch64, task_id: 1035, task_name: DASH_FFT, resource_name: cpu3, ref_start_time: 2117053466785332, ref_stop_time: 2117053466836662, actual_exe_time: 51330, task_app_start_time:2117049572799375, task_sched_time:2117053465498632
app_id: 0, app_name: SAR_api-aarch64, task_id: 1036, task_name: DASH_FFT, resource_name: fft1, ref_start_time: 2117053467250542, ref_stop_time: 2117053467315762, actual_exe_time: 65220, task_app_start_time:2117049572799375, task_sched_time:2117053467215382
app_id: 0, app_name: SAR_api-aarch64, task_id: 1037, task_name: DASH_FFT, resource_name: fft2, ref_start_time: 2117053468291332, ref_stop_time: 2117053468331232, actual_exe_time: 39900, task_app_start_time:2117049572799375, task_sched_time:2117053468288182
app_id: 0, app_name: SAR_api-aarch64, task_id: 1038, task_name: DASH_FFT, resource_name: cpu1, ref_start_time: 2117053469216352, ref_stop_time: 2117053469275392, actual_exe_time: 59040, task_app_start_time:2117049572799375, task_sched_time:2117053469210472
app_id: 0, app_name: SAR_api-aarch64, task_id: 1039, task_name: DASH_FFT, resource_name: cpu2, ref_start_time: 2117053469908003, ref_stop_time: 2117053469949913, actual_exe_time: 41910, task_app_start_time:2117049572799375, task_sched_time:2117053469903353
app_id: 0, app_name: SAR_api-aarch64, task_id: 1040, task_name: DASH_FFT, resource_name: cpu3, ref_start_time: 2117053470789043, ref_stop_time: 2117053470849283, actual_exe_time: 60240, task_app_start_time:2117049572799375, task_sched_time:2117053470568933
app_id: 0, app_name: SAR_api-aarch64, task_id: 1041, task_name: DASH_FFT, resource_name: fft1, ref_start_time: 2117053473901783, ref_stop_time: 2117053473946693, actual_exe_time: 44910, task_app_start_time:2117049572799375, task_sched_time:2117053473897253
app_id: 0, app_name: SAR_api-aarch64, task_id: 1042, task_name: DASH_FFT, resource_name: fft2, ref_start_time: 2117053474278373, ref_stop_time: 2117053474324723, actual_exe_time: 46350, task_app_start_time:2117049572799375, task_sched_time:2117053474269523
app_id: 0, app_name: SAR_api-aarch64, task_id: 1043, task_name: DASH_FFT, resource_name: cpu1, ref_start_time: 2117053479280964, ref_stop_time: 2117053479335774, actual_exe_time: 54810, task_app_start_time:2117049572799375, task_sched_time:2117053479276134
app_id: 0, app_name: SAR_api-aarch64, task_id: 1044, task_name: DASH_FFT, resource_name: cpu2, ref_start_time: 2117053486811205, ref_stop_time: 2117053487151315, actual_exe_time: 340110, task_app_start_time:2117049572799375, task_sched_time:2117053486804995
app_id: 0, app_name: SAR_api-aarch64, task_id: 1045, task_name: DASH_FFT, resource_name: cpu3, ref_start_time: 2117053489679176, ref_stop_time: 2117053489724026, actual_exe_time: 44850, task_app_start_time:2117049572799375, task_sched_time:2117053489670176
app_id: 0, app_name: SAR_api-aarch64, task_id: 1046, task_name: DASH_FFT, resource_name: fft1, ref_start_time: 2117053490535796, ref_stop_time: 2117053490591416, actual_exe_time: 55620, task_app_start_time:2117049572799375, task_sched_time:2117053490519416
app_id: 0, app_name: SAR_api-aarch64, task_id: 1047, task_name: DASH_FFT, resource_name: fft2, ref_start_time: 2117053491420346, ref_stop_time: 2117053491462196, actual_exe_time: 41850, task_app_start_time:2117049572799375, task_sched_time:2117053491415516
app_id: 0, app_name: SAR_api-aarch64, task_id: 1048, task_name: DASH_FFT, resource_name: cpu1, ref_start_time: 2117053492404616, ref_stop_time: 2117053492466326, actual_exe_time: 61710, task_app_start_time:2117049572799375, task_sched_time:2117053492357726
app_id: 0, app_name: SAR_api-aarch64, task_id: 1049, task_name: DASH_FFT, resource_name: cpu2, ref_start_time: 2117053493131276, ref_stop_time: 2117053493175286, actual_exe_time: 44010, task_app_start_time:2117049572799375, task_sched_time:2117053493125276
app_id: 0, app_name: SAR_api-aarch64, task_id: 1050, task_name: DASH_FFT, resource_name: cpu3, ref_start_time: 2117053494054406, ref_stop_time: 2117053494113296, actual_exe_time: 58890, task_app_start_time:2117049572799375, task_sched_time:2117053493386966
app_id: 0, app_name: SAR_api-aarch64, task_id: 1051, task_name: DASH_FFT, resource_name: fft1, ref_start_time: 2117053499172587, ref_stop_time: 2117053499221127, actual_exe_time: 48540, task_app_start_time:2117049572799375, task_sched_time:2117053499166647
app_id: 0, app_name: SAR_api-aarch64, task_id: 1052, task_name: DASH_FFT, resource_name: fft2, ref_start_time: 2117053502816538, ref_stop_time: 2117053502875728, actual_exe_time: 59190, task_app_start_time:2117049572799375, task_sched_time:2117053502807958
app_id: 0, app_name: SAR_api-aarch64, task_id: 1053, task_name: DASH_FFT, resource_name: cpu1, ref_start_time: 2117053504875618, ref_stop_time: 2117053504932018, actual_exe_time: 56400, task_app_start_time:2117049572799375, task_sched_time:2117053504869648
app_id: 0, app_name: SAR_api-aarch64, task_id: 1054, task_name: DASH_FFT, resource_name: cpu2, ref_start_time: 2117053507030789, ref_stop_time: 2117053507094719, actual_exe_time: 63930, task_app_start_time:2117049572799375, task_sched_time:2117053507026649
app_id: 0, app_name: SAR_api-aarch64, task_id: 1055, task_name: DASH_FFT, resource_name: cpu3, ref_start_time: 2117053511071729, ref_stop_time: 2117053511125969, actual_exe_time: 54240, task_app_start_time:2117049572799375, task_sched_time:2117053511063899
app_id: 0, app_name: SAR_api-aarch64, task_id: 1056, task_name: DASH_FFT, resource_name: fft1, ref_start_time: 2117053515496820, ref_stop_time: 2117053515554210, actual_exe_time: 57390, task_app_start_time:2117049572799375, task_sched_time:2117053515483500
app_id: 0, app_name: SAR_api-aarch64, task_id: 1057, task_name: DASH_FFT, resource_name: fft2, ref_start_time: 2117053519374741, ref_stop_time: 2117053519416351, actual_exe_time: 41610, task_app_start_time:2117049572799375, task_sched_time:2117053519364931
app_id: 0, app_name: SAR_api-aarch64, task_id: 1058, task_name: DASH_FFT, resource_name: cpu1, ref_start_time: 2117053521631611, ref_stop_time: 2117053521694491, actual_exe_time: 62880, task_app_start_time:2117049572799375, task_sched_time:2117053521624591
app_id: 0, app_name: SAR_api-aarch64, task_id: 1059, task_name: DASH_FFT, resource_name: cpu2, ref_start_time: 2117053522400601, ref_stop_time: 2117053522445271, actual_exe_time: 44670, task_app_start_time:2117049572799375, task_sched_time:2117053522395081
app_id: 0, app_name: SAR_api-aarch64, task_id: 1060, task_name: DASH_FFT, resource_name: cpu3, ref_start_time: 2117053522808661, ref_stop_time: 2117053522865541, actual_exe_time: 56880, task_app_start_time:2117049572799375, task_sched_time:2117053522657521
app_id: 0, app_name: SAR_api-aarch64, task_id: 1061, task_name: DASH_FFT, resource_name: fft1, ref_start_time: 2117053523882751, ref_stop_time: 2117053523929341, actual_exe_time: 46590, task_app_start_time:2117049572799375, task_sched_time:2117053523836671
app_id: 0, app_name: SAR_api-aarch64, task_id: 1062, task_name: DASH_FFT, resource_name: fft2, ref_start_time: 2117053524602391, ref_stop_time: 2117053524653811, actual_exe_time: 51420, task_app_start_time:2117049572799375, task_sched_time:2117053524594021
app_id: 0, app_name: SAR_api-aarch64, task_id: 1063, task_name: DASH_FFT, resource_name: cpu1, ref_start_time: 2117053525527622, ref_stop_time: 2117053525577692, actual_exe_time: 50070, task_app_start_time:2117049572799375, task_sched_time:2117053525473172
app_id: 0, app_name: SAR_api-aarch64, task_id: 1064, task_name: DASH_FFT, resource_name: cpu2, ref_start_time: 2117053530781042, ref_stop_time: 2117053530852472, actual_exe_time: 71430, task_app_start_time:2117049572799375, task_sched_time:2117053525859062
app_id: 0, app_name: SAR_api-aarch64, task_id: 1065, task_name: DASH_FFT, resource_name: cpu3, ref_start_time: 2117053532084603, ref_stop_time: 2117053532129753, actual_exe_time: 45150, task_app_start_time:2117049572799375, task_sched_time:2117053532078693
app_id: 0, app_name: SAR_api-aarch64, task_id: 1066, task_name: DASH_FFT, resource_name: fft1, ref_start_time: 2117053532815523, ref_stop_time: 2117053532870543, actual_exe_time: 55020, task_app_start_time:2117049572799375, task_sched_time:2117053532774483
app_id: 0, app_name: SAR_api-aarch64, task_id: 1067, task_name: DASH_FFT, resource_name: fft2, ref_start_time: 2117053534772003, ref_stop_time: 2117053534813943, actual_exe_time: 41940, task_app_start_time:2117049572799375, task_sched_time:2117053533568223
app_id: 0, app_name: SAR_api-aarch64, task_id: 1068, task_name: DASH_FFT, resource_name: cpu1, ref_start_time: 2117053535656973, ref_stop_time: 2117053535719703, actual_exe_time: 62730, task_app_start_time:2117049572799375, task_sched_time:2117053535643323
app_id: 0, app_name: SAR_api-aarch64, task_id: 1069, task_name: DASH_FFT, resource_name: cpu2, ref_start_time: 2117053536330713, ref_stop_time: 2117053536375143, actual_exe_time: 44430, task_app_start_time:2117049572799375, task_sched_time:2117053536325253
app_id: 0, app_name: SAR_api-aarch64, task_id: 1070, task_name: DASH_FFT, resource_name: cpu3, ref_start_time: 2117053536963923, ref_stop_time: 2117053537021583, actual_exe_time: 57660, task_app_start_time:2117049572799375, task_sched_time:2117053536956183
app_id: 0, app_name: SAR_api-aarch64, task_id: 1071, task_name: DASH_FFT, resource_name: fft1, ref_start_time: 2117053539262134, ref_stop_time: 2117053539309564, actual_exe_time: 47430, task_app_start_time:2117049572799375, task_sched_time:2117053539247884
app_id: 0, app_name: SAR_api-aarch64, task_id: 1072, task_name: DASH_FFT, resource_name: fft2, ref_start_time: 2117053541991804, ref_stop_time: 2117053542052944, actual_exe_time: 61140, task_app_start_time:2117049572799375, task_sched_time:2117053541982354
app_id: 0, app_name: SAR_api-aarch64, task_id: 1073, task_name: DASH_FFT, resource_name: cpu1, ref_start_time: 2117053542991764, ref_stop_time: 2117053543043124, actual_exe_time: 51360, task_app_start_time:2117049572799375, task_sched_time:2117053542969024
app_id: 0, app_name: SAR_api-aarch64, task_id: 1074, task_name: DASH_FFT, resource_name: cpu2, ref_start_time: 2117053543812954, ref_stop_time: 2117053543865664, actual_exe_time: 52710, task_app_start_time:2117049572799375, task_sched_time:2117053543804404
app_id: 0, app_name: SAR_api-aarch64, task_id: 1075, task_name: DASH_FFT, resource_name: cpu3, ref_start_time: 2117053546806565, ref_stop_time: 2117053546854625, actual_exe_time: 48060, task_app_start_time:2117049572799375, task_sched_time:2117053544670475
app_id: 0, app_name: SAR_api-aarch64, task_id: 1076, task_name: DASH_FFT, resource_name: fft1, ref_start_time: 2117053547481115, ref_stop_time: 2117053547536615, actual_exe_time: 55500, task_app_start_time:2117049572799375, task_sched_time:2117053547414725
app_id: 0, app_name: SAR_api-aarch64, task_id: 1077, task_name: DASH_FFT, resource_name: fft2, ref_start_time: 2117053548169045, ref_stop_time: 2117053548206125, actual_exe_time: 37080, task_app_start_time:2117049572799375, task_sched_time:2117053548160585
app_id: 0, app_name: SAR_api-aarch64, task_id: 1078, task_name: DASH_FFT, resource_name: cpu1, ref_start_time: 2117053549017655, ref_stop_time: 2117053549074805, actual_exe_time: 57150, task_app_start_time:2117049572799375, task_sched_time:2117053548994675
app_id: 0, app_name: SAR_api-aarch64, task_id: 1079, task_name: DASH_FFT, resource_name: cpu2, ref_start_time: 2117053549594345, ref_stop_time: 2117053549634605, actual_exe_time: 40260, task_app_start_time:2117049572799375, task_sched_time:2117053549587205
app_id: 0, app_name: SAR_api-aarch64, task_id: 1080, task_name: DASH_FFT, resource_name: cpu3, ref_start_time: 2117053550814776, ref_stop_time: 2117053550875166, actual_exe_time: 60390, task_app_start_time:2117049572799375, task_sched_time:2117053550411966
app_id: 0, app_name: SAR_api-aarch64, task_id: 1081, task_name: DASH_FFT, resource_name: fft1, ref_start_time: 2117053551446816, ref_stop_time: 2117053551489536, actual_exe_time: 42720, task_app_start_time:2117049572799375, task_sched_time:2117053551434636
app_id: 0, app_name: SAR_api-aarch64, task_id: 1082, task_name: DASH_FFT, resource_name: fft2, ref_start_time: 2117053552080116, ref_stop_time: 2117053552130036, actual_exe_time: 49920, task_app_start_time:2117049572799375, task_sched_time:2117053552075796
app_id: 0, app_name: SAR_api-aarch64, task_id: 1083, task_name: DASH_FFT, resource_name: cpu1, ref_start_time: 2117053552818656, ref_stop_time: 2117053552864346, actual_exe_time: 45690, task_app_start_time:2117049572799375, task_sched_time:2117053552813076
app_id: 0, app_name: SAR_api-aarch64, task_id: 1084, task_name: DASH_FFT, resource_name: cpu2, ref_start_time: 2117053553839706, ref_stop_time: 2117053553891756, actual_exe_time: 52050, task_app_start_time:2117049572799375, task_sched_time:2117053553831006
app_id: 0, app_name: SAR_api-aarch64, task_id: 1085, task_name: DASH_FFT, resource_name: cpu3, ref_start_time: 2117053559280837, ref_stop_time: 2117053559334717, actual_exe_time: 53880, task_app_start_time:2117049572799375, task_sched_time:2117053559267817
app_id: 0, app_name: SAR_api-aarch64, task_id: 1086, task_name: DASH_FFT, resource_name: fft1, ref_start_time: 2117053560037617, ref_stop_time: 2117053560424137, actual_exe_time: 386520, task_app_start_time:2117049572799375, task_sched_time:2117053559998677
app_id: 0, app_name: SAR_api-aarch64, task_id: 1087, task_name: DASH_FFT, resource_name: fft2, ref_start_time: 2117053566860758, ref_stop_time: 2117053566906388, actual_exe_time: 45630, task_app_start_time:2117049572799375, task_sched_time:2117053566836368
app_id: 0, app_name: SAR_api-aarch64, task_id: 1088, task_name: DASH_FFT, resource_name: cpu1, ref_start_time: 2117053567858708, ref_stop_time: 2117053567922788, actual_exe_time: 64080, task_app_start_time:2117049572799375, task_sched_time:2117053567855648
app_id: 0, app_name: SAR_api-aarch64, task_id: 1089, task_name: DASH_FFT, resource_name: cpu2, ref_start_time: 2117053568275648, ref_stop_time: 2117053568317798, actual_exe_time: 42150, task_app_start_time:2117049572799375, task_sched_time:2117053568272498
app_id: 0, app_name: SAR_api-aarch64, task_id: 1090, task_name: DASH_FFT, resource_name: cpu3, ref_start_time: 2117053569283619, ref_stop_time: 2117053569337499, actual_exe_time: 53880, task_app_start_time:2117049572799375, task_sched_time:2117053569274019
app_id: 0, app_name: SAR_api-aarch64, task_id: 1091, task_name: DASH_FFT, resource_name: fft1, ref_start_time: 2117053571165249, ref_stop_time: 2117053571207759, actual_exe_time: 42510, task_app_start_time:2117049572799375, task_sched_time:2117053571155289
app_id: 0, app_name: SAR_api-aarch64, task_id: 1092, task_name: DASH_FFT, resource_name: fft2, ref_start_time: 2117053572231809, ref_stop_time: 2117053572284249, actual_exe_time: 52440, task_app_start_time:2117049572799375, task_sched_time:2117053572227699
app_id: 0, app_name: SAR_api-aarch64, task_id: 1093, task_name: DASH_FFT, resource_name: cpu1, ref_start_time: 2117053579321770, ref_stop_time: 2117053579378140, actual_exe_time: 56370, task_app_start_time:2117049572799375, task_sched_time:2117053579304730
app_id: 0, app_name: SAR_api-aarch64, task_id: 1094, task_name: DASH_FFT, resource_name: cpu2, ref_start_time: 2117053580100810, ref_stop_time: 2117053580150970, actual_exe_time: 50160, task_app_start_time:2117049572799375, task_sched_time:2117053580096970
app_id: 0, app_name: SAR_api-aarch64, task_id: 1095, task_name: DASH_FFT, resource_name: cpu3, ref_start_time: 2117053580743170, ref_stop_time: 2117053580785800, actual_exe_time: 42630, task_app_start_time:2117049572799375, task_sched_time:2117053580738850
app_id: 0, app_name: SAR_api-aarch64, task_id: 1096, task_name: DASH_FFT, resource_name: fft1, ref_start_time: 2117053586860951, ref_stop_time: 2117053586922841, actual_exe_time: 61890, task_app_start_time:2117049572799375, task_sched_time:2117053586853571
app_id: 0, app_name: SAR_api-aarch64, task_id: 1097, task_name: DASH_FFT, resource_name: fft2, ref_start_time: 2117053587732782, ref_stop_time: 2117053587771032, actual_exe_time: 38250, task_app_start_time:2117049572799375, task_sched_time:2117053587728702
app_id: 0, app_name: SAR_api-aarch64, task_id: 1098, task_name: DASH_FFT, resource_name: cpu1, ref_start_time: 2117053588642592, ref_stop_time: 2117053588698602, actual_exe_time: 56010, task_app_start_time:2117049572799375, task_sched_time:2117053588583672
app_id: 0, app_name: SAR_api-aarch64, task_id: 1099, task_name: DASH_FFT, resource_name: cpu2, ref_start_time: 2117053589309612, ref_stop_time: 2117053589350262, actual_exe_time: 40650, task_app_start_time:2117049572799375, task_sched_time:2117053589304452
app_id: 0, app_name: SAR_api-aarch64, task_id: 1100, task_name: DASH_FFT, resource_name: cpu3, ref_start_time: 2117053590291992, ref_stop_time: 2117053590347042, actual_exe_time: 55050, task_app_start_time:2117049572799375, task_sched_time:2117053590282032
app_id: 0, app_name: SAR_api-aarch64, task_id: 1101, task_name: DASH_FFT, resource_name: fft1, ref_start_time: 2117053595865783, ref_stop_time: 2117053595913483, actual_exe_time: 47700, task_app_start_time:2117049572799375, task_sched_time:2117053595861403
app_id: 0, app_name: SAR_api-aarch64, task_id: 1102, task_name: DASH_FFT, resource_name: fft2, ref_start_time: 2117053596547113, ref_stop_time: 2117053596596313, actual_exe_time: 49200, task_app_start_time:2117049572799375, task_sched_time:2117053596543243
app_id: 0, app_name: SAR_api-aarch64, task_id: 1103, task_name: DASH_FFT, resource_name: cpu1, ref_start_time: 2117053597268223, ref_stop_time: 2117053597316043, actual_exe_time: 47820, task_app_start_time:2117049572799375, task_sched_time:2117053597257573
app_id: 0, app_name: SAR_api-aarch64, task_id: 1104, task_name: DASH_FFT, resource_name: cpu2, ref_start_time: 2117053602838984, ref_stop_time: 2117053602900634, actual_exe_time: 61650, task_app_start_time:2117049572799375, task_sched_time:2117053602833314
app_id: 0, app_name: SAR_api-aarch64, task_id: 1105, task_name: DASH_FFT, resource_name: cpu3, ref_start_time: 2117053604779024, ref_stop_time: 2117053604860444, actual_exe_time: 81420, task_app_start_time:2117049572799375, task_sched_time:2117053604773444
app_id: 0, app_name: SAR_api-aarch64, task_id: 1106, task_name: DASH_FFT, resource_name: fft1, ref_start_time: 2117053605817984, ref_stop_time: 2117053605883264, actual_exe_time: 65280, task_app_start_time:2117049572799375, task_sched_time:2117053605807094
app_id: 0, app_name: SAR_api-aarch64, task_id: 1107, task_name: DASH_FFT, resource_name: fft2, ref_start_time: 2117053606338335, ref_stop_time: 2117053606376045, actual_exe_time: 37710, task_app_start_time:2117049572799375, task_sched_time:2117053606333955
app_id: 0, app_name: SAR_api-aarch64, task_id: 1108, task_name: DASH_FFT, resource_name: cpu1, ref_start_time: 2117053611015575, ref_stop_time: 2117053611080945, actual_exe_time: 65370, task_app_start_time:2117049572799375, task_sched_time:2117053610957855
app_id: 0, app_name: SAR_api-aarch64, task_id: 1109, task_name: DASH_FFT, resource_name: cpu2, ref_start_time: 2117053619135227, ref_stop_time: 2117053619187817, actual_exe_time: 52590, task_app_start_time:2117049572799375, task_sched_time:2117053619125177
app_id: 0, app_name: SAR_api-aarch64, task_id: 1110, task_name: DASH_FFT, resource_name: cpu3, ref_start_time: 2117053619732797, ref_stop_time: 2117053619795167, actual_exe_time: 62370, task_app_start_time:2117049572799375, task_sched_time:2117053619729797
app_id: 0, app_name: SAR_api-aarch64, task_id: 1111, task_name: DASH_FFT, resource_name: fft1, ref_start_time: 2117053621631047, ref_stop_time: 2117053621677547, actual_exe_time: 46500, task_app_start_time:2117049572799375, task_sched_time:2117053621623847
app_id: 0, app_name: SAR_api-aarch64, task_id: 1112, task_name: DASH_FFT, resource_name: fft2, ref_start_time: 2117053625361848, ref_stop_time: 2117053625415548, actual_exe_time: 53700, task_app_start_time:2117049572799375, task_sched_time:2117053625356898
app_id: 0, app_name: SAR_api-aarch64, task_id: 1113, task_name: DASH_FFT, resource_name: cpu1, ref_start_time: 2117053626240008, ref_stop_time: 2117053626291398, actual_exe_time: 51390, task_app_start_time:2117049572799375, task_sched_time:2117053626230618
app_id: 0, app_name: SAR_api-aarch64, task_id: 1114, task_name: DASH_FFT, resource_name: cpu2, ref_start_time: 2117053627407158, ref_stop_time: 2117053627460498, actual_exe_time: 53340, task_app_start_time:2117049572799375, task_sched_time:2117053627398068
app_id: 0, app_name: SAR_api-aarch64, task_id: 1115, task_name: DASH_FFT, resource_name: cpu3, ref_start_time: 2117053629379928, ref_stop_time: 2117053629426578, actual_exe_time: 46650, task_app_start_time:2117049572799375, task_sched_time:2117053627661768
app_id: 0, app_name: SAR_api-aarch64, task_id: 1116, task_name: DASH_FFT, resource_name: fft1, ref_start_time: 2117053630373318, ref_stop_time: 2117053630428578, actual_exe_time: 55260, task_app_start_time:2117049572799375, task_sched_time:2117053630351808
app_id: 0, app_name: SAR_api-aarch64, task_id: 1117, task_name: DASH_FFT, resource_name: fft2, ref_start_time: 2117053631250519, ref_stop_time: 2117053631287989, actual_exe_time: 37470, task_app_start_time:2117049572799375, task_sched_time:2117053631246289
app_id: 0, app_name: SAR_api-aarch64, task_id: 1118, task_name: DASH_FFT, resource_name: cpu1, ref_start_time: 2117053632220359, ref_stop_time: 2117053632280269, actual_exe_time: 59910, task_app_start_time:2117049572799375, task_sched_time:2117053632216729
app_id: 0, app_name: SAR_api-aarch64, task_id: 1119, task_name: DASH_FFT, resource_name: cpu2, ref_start_time: 2117053632608829, ref_stop_time: 2117053632650079, actual_exe_time: 41250, task_app_start_time:2117049572799375, task_sched_time:2117053632601329
app_id: 0, app_name: SAR_api-aarch64, task_id: 1120, task_name: DASH_FFT, resource_name: cpu3, ref_start_time: 2117053634786949, ref_stop_time: 2117053634847699, actual_exe_time: 60750, task_app_start_time:2117049572799375, task_sched_time:2117053633629969
app_id: 0, app_name: SAR_api-aarch64, task_id: 1121, task_name: DASH_FFT, resource_name: fft1, ref_start_time: 2117053635473679, ref_stop_time: 2117053635516399, actual_exe_time: 42720, task_app_start_time:2117049572799375, task_sched_time:2117053635468549
app_id: 0, app_name: SAR_api-aarch64, task_id: 1122, task_name: DASH_FFT, resource_name: fft2, ref_start_time: 2117053636140789, ref_stop_time: 2117053636186329, actual_exe_time: 45540, task_app_start_time:2117049572799375, task_sched_time:2117053636133079
app_id: 0, app_name: SAR_api-aarch64, task_id: 1123, task_name: DASH_FFT, resource_name: cpu1, ref_start_time: 2117053636955739, ref_stop_time: 2117053637002479, actual_exe_time: 46740, task_app_start_time:2117049572799375, task_sched_time:2117053636949349
app_id: 0, app_name: SAR_api-aarch64, task_id: 1124, task_name: DASH_FFT, resource_name: cpu2, ref_start_time: 2117053637377540, ref_stop_time: 2117053637424550, actual_exe_time: 47010, task_app_start_time:2117049572799375, task_sched_time:2117053637368750
app_id: 0, app_name: SAR_api-aarch64, task_id: 1125, task_name: DASH_FFT, resource_name: cpu3, ref_start_time: 2117053643003320, ref_stop_time: 2117053643058070, actual_exe_time: 54750, task_app_start_time:2117049572799375, task_sched_time:2117053642994230
app_id: 0, app_name: SAR_api-aarch64, task_id: 1126, task_name: DASH_FFT, resource_name: fft1, ref_start_time: 2117053644010361, ref_stop_time: 2117053644065111, actual_exe_time: 54750, task_app_start_time:2117049572799375, task_sched_time:2117053643990201
app_id: 0, app_name: SAR_api-aarch64, task_id: 1127, task_name: DASH_FFT, resource_name: fft2, ref_start_time: 2117053646934971, ref_stop_time: 2117053646975951, actual_exe_time: 40980, task_app_start_time:2117049572799375, task_sched_time:2117053646925761
app_id: 0, app_name: SAR_api-aarch64, task_id: 1128, task_name: DASH_FFT, resource_name: cpu1, ref_start_time: 2117053647501911, ref_stop_time: 2117053647560261, actual_exe_time: 58350, task_app_start_time:2117049572799375, task_sched_time:2117053647493121
app_id: 0, app_name: SAR_api-aarch64, task_id: 1129, task_name: DASH_FFT, resource_name: cpu2, ref_start_time: 2117053650949932, ref_stop_time: 2117053650993552, actual_exe_time: 43620, task_app_start_time:2117049572799375, task_sched_time:2117053650945972
app_id: 0, app_name: SAR_api-aarch64, task_id: 1130, task_name: DASH_FFT, resource_name: cpu3, ref_start_time: 2117053651827912, ref_stop_time: 2117053651884612, actual_exe_time: 56700, task_app_start_time:2117049572799375, task_sched_time:2117053651819992
app_id: 0, app_name: SAR_api-aarch64, task_id: 1131, task_name: DASH_FFT, resource_name: fft1, ref_start_time: 2117053654846422, ref_stop_time: 2117053654893852, actual_exe_time: 47430, task_app_start_time:2117049572799375, task_sched_time:2117053654748802
app_id: 0, app_name: SAR_api-aarch64, task_id: 1132, task_name: DASH_FFT, resource_name: fft2, ref_start_time: 2117053655946253, ref_stop_time: 2117053655996263, actual_exe_time: 50010, task_app_start_time:2117049572799375, task_sched_time:2117053655938483
app_id: 0, app_name: SAR_api-aarch64, task_id: 1133, task_name: DASH_FFT, resource_name: cpu1, ref_start_time: 2117053660144873, ref_stop_time: 2117053660201813, actual_exe_time: 56940, task_app_start_time:2117049572799375, task_sched_time:2117053660137103
app_id: 0, app_name: SAR_api-aarch64, task_id: 1134, task_name: DASH_FFT, resource_name: cpu2, ref_start_time: 2117053660847533, ref_stop_time: 2117053660905493, actual_exe_time: 57960, task_app_start_time:2117049572799375, task_sched_time:2117053660844083
app_id: 0, app_name: SAR_api-aarch64, task_id: 1135, task_name: DASH_FFT, resource_name: cpu3, ref_start_time: 2117053662803714, ref_stop_time: 2117053662851324, actual_exe_time: 47610, task_app_start_time:2117049572799375, task_sched_time:2117053662034993
app_id: 0, app_name: SAR_api-aarch64, task_id: 1136, task_name: DASH_FFT, resource_name: fft1, ref_start_time: 2117053663524164, ref_stop_time: 2117053663577984, actual_exe_time: 53820, task_app_start_time:2117049572799375, task_sched_time:2117053663461734
app_id: 0, app_name: SAR_api-aarch64, task_id: 1137, task_name: DASH_FFT, resource_name: fft2, ref_start_time: 2117053664216774, ref_stop_time: 2117053664254874, actual_exe_time: 38100, task_app_start_time:2117049572799375, task_sched_time:2117053664211014
app_id: 0, app_name: SAR_api-aarch64, task_id: 1138, task_name: DASH_FFT, resource_name: cpu1, ref_start_time: 2117053664987624, ref_stop_time: 2117053665042584, actual_exe_time: 54960, task_app_start_time:2117049572799375, task_sched_time:2117053664983724
app_id: 0, app_name: SAR_api-aarch64, task_id: 1139, task_name: DASH_FFT, resource_name: cpu2, ref_start_time: 2117053665615134, ref_stop_time: 2117053665656084, actual_exe_time: 40950, task_app_start_time:2117049572799375, task_sched_time:2117053665609794
app_id: 0, app_name: SAR_api-aarch64, task_id: 1140, task_name: DASH_FFT, resource_name: cpu3, ref_start_time: 2117053666796414, ref_stop_time: 2117053666854314, actual_exe_time: 57900, task_app_start_time:2117049572799375, task_sched_time:2117053666238534
app_id: 0, app_name: SAR_api-aarch64, task_id: 1141, task_name: DASH_FFT, resource_name: fft1, ref_start_time: 2117053667374004, ref_stop_time: 2117053667417084, actual_exe_time: 43080, task_app_start_time:2117049572799375, task_sched_time:2117053667333234
app_id: 0, app_name: SAR_api-aarch64, task_id: 1142, task_name: DASH_FFT, resource_name: fft2, ref_start_time: 2117053668333735, ref_stop_time: 2117053668381195, actual_exe_time: 47460, task_app_start_time:2117049572799375, task_sched_time:2117053668328875
app_id: 0, app_name: SAR_api-aarch64, task_id: 1143, task_name: DASH_FFT, resource_name: cpu1, ref_start_time: 2117053669126485, ref_stop_time: 2117053669172715, actual_exe_time: 46230, task_app_start_time:2117049572799375, task_sched_time:2117053669101375
app_id: 0, app_name: SAR_api-aarch64, task_id: 1144, task_name: DASH_FFT, resource_name: cpu2, ref_start_time: 2117053669803795, ref_stop_time: 2117053669851405, actual_exe_time: 47610, task_app_start_time:2117049572799375, task_sched_time:2117053669799145
app_id: 0, app_name: SAR_api-aarch64, task_id: 1145, task_name: DASH_FFT, resource_name: cpu3, ref_start_time: 2117053670618475, ref_stop_time: 2117053670662635, actual_exe_time: 44160, task_app_start_time:2117049572799375, task_sched_time:2117053670614065
app_id: 0, app_name: SAR_api-aarch64, task_id: 1146, task_name: DASH_FFT, resource_name: fft1, ref_start_time: 2117053675435066, ref_stop_time: 2117053675499056, actual_exe_time: 63990, task_app_start_time:2117049572799375, task_sched_time:2117053675331746
app_id: 0, app_name: SAR_api-aarch64, task_id: 1147, task_name: DASH_FFT, resource_name: fft2, ref_start_time: 2117053676248216, ref_stop_time: 2117053676288566, actual_exe_time: 40350, task_app_start_time:2117049572799375, task_sched_time:2117053676242216
app_id: 0, app_name: SAR_api-aarch64, task_id: 1148, task_name: DASH_FFT, resource_name: cpu1, ref_start_time: 2117053679616316, ref_stop_time: 2117053679678326, actual_exe_time: 62010, task_app_start_time:2117049572799375, task_sched_time:2117053679510116
app_id: 0, app_name: SAR_api-aarch64, task_id: 1149, task_name: DASH_FFT, resource_name: cpu2, ref_start_time: 2117053683149267, ref_stop_time: 2117053683195497, actual_exe_time: 46230, task_app_start_time:2117049572799375, task_sched_time:2117053683142817
app_id: 0, app_name: SAR_api-aarch64, task_id: 1150, task_name: DASH_FFT, resource_name: cpu3, ref_start_time: 2117053683880127, ref_stop_time: 2117053683940457, actual_exe_time: 60330, task_app_start_time:2117049572799375, task_sched_time:2117053683871337
app_id: 0, app_name: SAR_api-aarch64, task_id: 1151, task_name: DASH_FFT, resource_name: fft1, ref_start_time: 2117053686777527, ref_stop_time: 2117053686822407, actual_exe_time: 44880, task_app_start_time:2117049572799375, task_sched_time:2117053686755777
app_id: 0, app_name: SAR_api-aarch64, task_id: 1152, task_name: DASH_FFT, resource_name: fft2, ref_start_time: 2117053687925388, ref_stop_time: 2117053687977948, actual_exe_time: 52560, task_app_start_time:2117049572799375, task_sched_time:2117053687915728
app_id: 0, app_name: SAR_api-aarch64, task_id: 1153, task_name: DASH_FFT, resource_name: cpu1, ref_start_time: 2117053691468538, ref_stop_time: 2117053691519958, actual_exe_time: 51420, task_app_start_time:2117049572799375, task_sched_time:2117053691419548
app_id: 0, app_name: SAR_api-aarch64, task_id: 1154, task_name: DASH_FFT, resource_name: cpu2, ref_start_time: 2117053698779149, ref_stop_time: 2117053698851149, actual_exe_time: 72000, task_app_start_time:2117049572799375, task_sched_time:2117053693277479
app_id: 0, app_name: SAR_api-aarch64, task_id: 1155, task_name: DASH_FFT, resource_name: cpu3, ref_start_time: 2117053699956350, ref_stop_time: 2117053699999400, actual_exe_time: 43050, task_app_start_time:2117049572799375, task_sched_time:2117053699947350
app_id: 0, app_name: SAR_api-aarch64, task_id: 1156, task_name: DASH_FFT, resource_name: fft1, ref_start_time: 2117053700368130, ref_stop_time: 2117053700425610, actual_exe_time: 57480, task_app_start_time:2117049572799375, task_sched_time:2117053700285420
app_id: 0, app_name: SAR_api-aarch64, task_id: 1157, task_name: DASH_FFT, resource_name: fft2, ref_start_time: 2117053701329990, ref_stop_time: 2117053701367850, actual_exe_time: 37860, task_app_start_time:2117049572799375, task_sched_time:2117053701325910
app_id: 0, app_name: SAR_api-aarch64, task_id: 1158, task_name: DASH_FFT, resource_name: cpu1, ref_start_time: 2117053702110110, ref_stop_time: 2117053702165160, actual_exe_time: 55050, task_app_start_time:2117049572799375, task_sched_time:2117053702096760
app_id: 0, app_name: SAR_api-aarch64, task_id: 1159, task_name: DASH_FFT, resource_name: cpu2, ref_start_time: 2117053704239720, ref_stop_time: 2117053704286640, actual_exe_time: 46920, task_app_start_time:2117049572799375, task_sched_time:2117053702817330
app_id: 0, app_name: SAR_api-aarch64, task_id: 1160, task_name: DASH_FFT, resource_name: cpu3, ref_start_time: 2117053707430101, ref_stop_time: 2117053707494781, actual_exe_time: 64680, task_app_start_time:2117049572799375, task_sched_time:2117053707420801
app_id: 0, app_name: SAR_api-aarch64, task_id: 1161, task_name: DASH_FFT, resource_name: fft1, ref_start_time: 2117053711059291, ref_stop_time: 2117053711110771, actual_exe_time: 51480, task_app_start_time:2117049572799375, task_sched_time:2117053711052451
app_id: 0, app_name: SAR_api-aarch64, task_id: 1162, task_name: DASH_FFT, resource_name: fft2, ref_start_time: 2117053711781661, ref_stop_time: 2117053711832422, actual_exe_time: 50761, task_app_start_time:2117049572799375, task_sched_time:2117053711778061
app_id: 0, app_name: SAR_api-aarch64, task_id: 1163, task_name: DASH_FFT, resource_name: cpu1, ref_start_time: 2117053715157952, ref_stop_time: 2117053715208502, actual_exe_time: 50550, task_app_start_time:2117049572799375, task_sched_time:2117053715039362
app_id: 0, app_name: SAR_api-aarch64, task_id: 1164, task_name: DASH_FFT, resource_name: cpu2, ref_start_time: 2117053719189353, ref_stop_time: 2117053719251033, actual_exe_time: 61680, task_app_start_time:2117049572799375, task_sched_time:2117053719026213
app_id: 0, app_name: SAR_api-aarch64, task_id: 1165, task_name: DASH_FFT, resource_name: cpu3, ref_start_time: 2117053720086473, ref_stop_time: 2117053720127933, actual_exe_time: 41460, task_app_start_time:2117049572799375, task_sched_time:2117053720081433
app_id: 0, app_name: SAR_api-aarch64, task_id: 1166, task_name: DASH_FFT, resource_name: fft1, ref_start_time: 2117053721787713, ref_stop_time: 2117053721841263, actual_exe_time: 53550, task_app_start_time:2117049572799375, task_sched_time:2117053721784173
app_id: 0, app_name: SAR_api-aarch64, task_id: 1167, task_name: DASH_FFT, resource_name: fft2, ref_start_time: 2117053722120473, ref_stop_time: 2117053722158003, actual_exe_time: 37530, task_app_start_time:2117049572799375, task_sched_time:2117053722116693
app_id: 0, app_name: SAR_api-aarch64, task_id: 1168, task_name: DASH_FFT, resource_name: cpu1, ref_start_time: 2117053723764173, ref_stop_time: 2117053723824593, actual_exe_time: 60420, task_app_start_time:2117049572799375, task_sched_time:2117053723678643
app_id: 0, app_name: SAR_api-aarch64, task_id: 1169, task_name: DASH_FFT, resource_name: cpu2, ref_start_time: 2117053724622444, ref_stop_time: 2117053724663154, actual_exe_time: 40710, task_app_start_time:2117049572799375, task_sched_time:2117053724612844
app_id: 0, app_name: SAR_api-aarch64, task_id: 1170, task_name: DASH_FFT, resource_name: cpu3, ref_start_time: 2117053731143665, ref_stop_time: 2117053731209185, actual_exe_time: 65520, task_app_start_time:2117049572799375, task_sched_time:2117053731134185
app_id: 0, app_name: SAR_api-aarch64, task_id: 1171, task_name: DASH_FFT, resource_name: fft1, ref_start_time: 2117053732052395, ref_stop_time: 2117053732441615, actual_exe_time: 389220, task_app_start_time:2117049572799375, task_sched_time:2117053732032175
app_id: 0, app_name: SAR_api-aarch64, task_id: 1172, task_name: DASH_FFT, resource_name: fft2, ref_start_time: 2117053738457876, ref_stop_time: 2117053738515806, actual_exe_time: 57930, task_app_start_time:2117049572799375, task_sched_time:2117053738450676
app_id: 0, app_name: SAR_api-aarch64, task_id: 1173, task_name: DASH_FFT, resource_name: cpu1, ref_start_time: 2117053739689346, ref_stop_time: 2117053739739446, actual_exe_time: 50100, task_app_start_time:2117049572799375, task_sched_time:2117053739676596
app_id: 0, app_name: SAR_api-aarch64, task_id: 1174, task_name: DASH_FFT, resource_name: cpu2, ref_start_time: 2117053740975536, ref_stop_time: 2117053741028876, actual_exe_time: 53340, task_app_start_time:2117049572799375, task_sched_time:2117053740970886
app_id: 0, app_name: SAR_api-aarch64, task_id: 1175, task_name: DASH_FFT, resource_name: cpu3, ref_start_time: 2117053741691636, ref_stop_time: 2117053741735316, actual_exe_time: 43680, task_app_start_time:2117049572799375, task_sched_time:2117053741684016
app_id: 0, app_name: SAR_api-aarch64, task_id: 1176, task_name: DASH_FFT, resource_name: fft1, ref_start_time: 2117053742502956, ref_stop_time: 2117053742560316, actual_exe_time: 57360, task_app_start_time:2117049572799375, task_sched_time:2117053742497526
app_id: 0, app_name: SAR_api-aarch64, task_id: 1177, task_name: DASH_FFT, resource_name: fft2, ref_start_time: 2117053744621047, ref_stop_time: 2117053744664727, actual_exe_time: 43680, task_app_start_time:2117049572799375, task_sched_time:2117053743174537
app_id: 0, app_name: SAR_api-aarch64, task_id: 1178, task_name: DASH_FFT, resource_name: cpu1, ref_start_time: 2117053751627488, ref_stop_time: 2117053751696998, actual_exe_time: 69510, task_app_start_time:2117049572799375, task_sched_time:2117053751545708
app_id: 0, app_name: SAR_api-aarch64, task_id: 1179, task_name: DASH_FFT, resource_name: cpu2, ref_start_time: 2117053752807598, ref_stop_time: 2117053752851038, actual_exe_time: 43440, task_app_start_time:2117049572799375, task_sched_time:2117053752800158
app_id: 0, app_name: SAR_api-aarch64, task_id: 1180, task_name: DASH_FFT, resource_name: cpu3, ref_start_time: 2117053755726359, ref_stop_time: 2117053755779249, actual_exe_time: 52890, task_app_start_time:2117049572799375, task_sched_time:2117053755719969
app_id: 0, app_name: SAR_api-aarch64, task_id: 1181, task_name: DASH_FFT, resource_name: fft1, ref_start_time: 2117053756715249, ref_stop_time: 2117053756760429, actual_exe_time: 45180, task_app_start_time:2117049572799375, task_sched_time:2117053756701929
app_id: 0, app_name: SAR_api-aarch64, task_id: 1182, task_name: DASH_FFT, resource_name: fft2, ref_start_time: 2117053757454779, ref_stop_time: 2117053757507639, actual_exe_time: 52860, task_app_start_time:2117049572799375, task_sched_time:2117053757449079
app_id: 0, app_name: SAR_api-aarch64, task_id: 1183, task_name: DASH_FFT, resource_name: cpu1, ref_start_time: 2117053763365140, ref_stop_time: 2117053763419050, actual_exe_time: 53910, task_app_start_time:2117049572799375, task_sched_time:2117053763336550
app_id: 0, app_name: SAR_api-aarch64, task_id: 1184, task_name: DASH_FFT, resource_name: cpu2, ref_start_time: 2117053763742570, ref_stop_time: 2117053763795610, actual_exe_time: 53040, task_app_start_time:2117049572799375, task_sched_time:2117053763733720
app_id: 0, app_name: SAR_api-aarch64, task_id: 1185, task_name: DASH_FFT, resource_name: cpu3, ref_start_time: 2117053771237231, ref_stop_time: 2117053771287541, actual_exe_time: 50310, task_app_start_time:2117049572799375, task_sched_time:2117053771230511
app_id: 0, app_name: SAR_api-aarch64, task_id: 1186, task_name: DASH_FFT, resource_name: fft1, ref_start_time: 2117053772037871, ref_stop_time: 2117053772095981, actual_exe_time: 58110, task_app_start_time:2117049572799375, task_sched_time:2117053772027851
app_id: 0, app_name: SAR_api-aarch64, task_id: 1187, task_name: DASH_FFT, resource_name: fft2, ref_start_time: 2117053772719261, ref_stop_time: 2117053772757991, actual_exe_time: 38730, task_app_start_time:2117049572799375, task_sched_time:2117053772710351
app_id: 0, app_name: SAR_api-aarch64, task_id: 1188, task_name: DASH_FFT, resource_name: cpu1, ref_start_time: 2117053774905182, ref_stop_time: 2117053774965032, actual_exe_time: 59850, task_app_start_time:2117049572799375, task_sched_time:2117053774892852
app_id: 0, app_name: SAR_api-aarch64, task_id: 1189, task_name: DASH_FFT, resource_name: cpu2, ref_start_time: 2117053779082742, ref_stop_time: 2117053779135242, actual_exe_time: 52500, task_app_start_time:2117049572799375, task_sched_time:2117053779072632
app_id: 0, app_name: SAR_api-aarch64, task_id: 1190, task_name: DASH_FFT, resource_name: cpu3, ref_start_time: 2117053780240173, ref_stop_time: 2117053780292493, actual_exe_time: 52320, task_app_start_time:2117049572799375, task_sched_time:2117053780235553
app_id: 0, app_name: SAR_api-aarch64, task_id: 1191, task_name: DASH_FFT, resource_name: fft1, ref_start_time: 2117053781145033, ref_stop_time: 2117053781191293, actual_exe_time: 46260, task_app_start_time:2117049572799375, task_sched_time:2117053781134503
app_id: 0, app_name: SAR_api-aarch64, task_id: 1192, task_name: DASH_FFT, resource_name: fft2, ref_start_time: 2117053782779523, ref_stop_time: 2117053782834213, actual_exe_time: 54690, task_app_start_time:2117049572799375, task_sched_time:2117053781582283
app_id: 0, app_name: SAR_api-aarch64, task_id: 1193, task_name: DASH_FFT, resource_name: cpu1, ref_start_time: 2117053783876503, ref_stop_time: 2117053784200743, actual_exe_time: 324240, task_app_start_time:2117049572799375, task_sched_time:2117053783851573
app_id: 0, app_name: SAR_api-aarch64, task_id: 1194, task_name: DASH_FFT, resource_name: cpu2, ref_start_time: 2117053786783684, ref_stop_time: 2117053786851514, actual_exe_time: 67830, task_app_start_time:2117049572799375, task_sched_time:2117053784776953
app_id: 0, app_name: SAR_api-aarch64, task_id: 1195, task_name: DASH_FFT, resource_name: cpu3, ref_start_time: 2117053787514214, ref_stop_time: 2117053787555884, actual_exe_time: 41670, task_app_start_time:2117049572799375, task_sched_time:2117053787509744
app_id: 0, app_name: SAR_api-aarch64, task_id: 1196, task_name: DASH_FFT, resource_name: fft1, ref_start_time: 2117053787791654, ref_stop_time: 2117053787844424, actual_exe_time: 52770, task_app_start_time:2117049572799375, task_sched_time:2117053787742184
app_id: 0, app_name: SAR_api-aarch64, task_id: 1197, task_name: DASH_FFT, resource_name: fft2, ref_start_time: 2117053790375974, ref_stop_time: 2117053790416504, actual_exe_time: 40530, task_app_start_time:2117049572799375, task_sched_time:2117053788767494
app_id: 0, app_name: SAR_api-aarch64, task_id: 1198, task_name: DASH_FFT, resource_name: cpu1, ref_start_time: 2117053791334684, ref_stop_time: 2117053791396244, actual_exe_time: 61560, task_app_start_time:2117049572799375, task_sched_time:2117053791328444
app_id: 0, app_name: SAR_api-aarch64, task_id: 1199, task_name: DASH_FFT, resource_name: cpu2, ref_start_time: 2117053795262375, ref_stop_time: 2117053795315205, actual_exe_time: 52830, task_app_start_time:2117049572799375, task_sched_time:2117053795253765
app_id: 0, app_name: SAR_api-aarch64, task_id: 1200, task_name: DASH_FFT, resource_name: cpu3, ref_start_time: 2117053798810236, ref_stop_time: 2117053798876026, actual_exe_time: 65790, task_app_start_time:2117049572799375, task_sched_time:2117053796444825
app_id: 0, app_name: SAR_api-aarch64, task_id: 1201, task_name: DASH_FFT, resource_name: fft1, ref_start_time: 2117053799729076, ref_stop_time: 2117053799772696, actual_exe_time: 43620, task_app_start_time:2117049572799375, task_sched_time:2117053799720646
app_id: 0, app_name: SAR_api-aarch64, task_id: 1202, task_name: DASH_FFT, resource_name: fft2, ref_start_time: 2117053800402336, ref_stop_time: 2117053800451026, actual_exe_time: 48690, task_app_start_time:2117049572799375, task_sched_time:2117053800393486
app_id: 0, app_name: SAR_api-aarch64, task_id: 1203, task_name: DASH_FFT, resource_name: cpu1, ref_start_time: 2117053801168566, ref_stop_time: 2117053801216806, actual_exe_time: 48240, task_app_start_time:2117049572799375, task_sched_time:2117053801145376
app_id: 0, app_name: SAR_api-aarch64, task_id: 1204, task_name: DASH_FFT, resource_name: cpu2, ref_start_time: 2117053801831836, ref_stop_time: 2117053801879866, actual_exe_time: 48030, task_app_start_time:2117049572799375, task_sched_time:2117053801825476
app_id: 0, app_name: SAR_api-aarch64, task_id: 1205, task_name: DASH_FFT, resource_name: cpu3, ref_start_time: 2117053802791386, ref_stop_time: 2117053802835486, actual_exe_time: 44100, task_app_start_time:2117049572799375, task_sched_time:2117053802583876
app_id: 0, app_name: SAR_api-aarch64, task_id: 1206, task_name: DASH_FFT, resource_name: fft1, ref_start_time: 2117053803439116, ref_stop_time: 2117053803491136, actual_exe_time: 52020, task_app_start_time:2117049572799375, task_sched_time:2117053803433776
app_id: 0, app_name: SAR_api-aarch64, task_id: 1207, task_name: DASH_FFT, resource_name: fft2, ref_start_time: 2117053804104516, ref_stop_time: 2117053804141866, actual_exe_time: 37350, task_app_start_time:2117049572799375, task_sched_time:2117053804101066
app_id: 0, app_name: SAR_api-aarch64, task_id: 1208, task_name: DASH_FFT, resource_name: cpu1, ref_start_time: 2117053805012707, ref_stop_time: 2117053805069647, actual_exe_time: 56940, task_app_start_time:2117049572799375, task_sched_time:2117053804962606
app_id: 0, app_name: SAR_api-aarch64, task_id: 1209, task_name: DASH_FFT, resource_name: cpu2, ref_start_time: 2117053805676457, ref_stop_time: 2117053805717707, actual_exe_time: 41250, task_app_start_time:2117049572799375, task_sched_time:2117053805671537
app_id: 0, app_name: SAR_api-aarch64, task_id: 1210, task_name: DASH_FFT, resource_name: cpu3, ref_start_time: 2117053806786067, ref_stop_time: 2117053806844387, actual_exe_time: 58320, task_app_start_time:2117049572799375, task_sched_time:2117053806306457
app_id: 0, app_name: SAR_api-aarch64, task_id: 1211, task_name: DASH_FFT, resource_name: fft1, ref_start_time: 2117053807628467, ref_stop_time: 2117053807670407, actual_exe_time: 41940, task_app_start_time:2117049572799375, task_sched_time:2117053807595887
app_id: 0, app_name: SAR_api-aarch64, task_id: 1212, task_name: DASH_FFT, resource_name: fft2, ref_start_time: 2117053808320327, ref_stop_time: 2117053808371717, actual_exe_time: 51390, task_app_start_time:2117049572799375, task_sched_time:2117053808315617
app_id: 0, app_name: SAR_api-aarch64, task_id: 1213, task_name: DASH_FFT, resource_name: cpu1, ref_start_time: 2117053815280328, ref_stop_time: 2117053815337028, actual_exe_time: 56700, task_app_start_time:2117049572799375, task_sched_time:2117053815273158
app_id: 0, app_name: SAR_api-aarch64, task_id: 1214, task_name: DASH_FFT, resource_name: cpu2, ref_start_time: 2117053815679898, ref_stop_time: 2117053815731678, actual_exe_time: 51780, task_app_start_time:2117049572799375, task_sched_time:2117053815674168
app_id: 0, app_name: SAR_api-aarch64, task_id: 1215, task_name: DASH_FFT, resource_name: cpu3, ref_start_time: 2117053816744688, ref_stop_time: 2117053816787918, actual_exe_time: 43230, task_app_start_time:2117049572799375, task_sched_time:2117053816737098
app_id: 0, app_name: SAR_api-aarch64, task_id: 1216, task_name: DASH_FFT, resource_name: fft1, ref_start_time: 2117053823012979, ref_stop_time: 2117053823076249, actual_exe_time: 63270, task_app_start_time:2117049572799375, task_sched_time:2117053823005179
app_id: 0, app_name: SAR_api-aarch64, task_id: 1217, task_name: DASH_FFT, resource_name: fft2, ref_start_time: 2117053823823640, ref_stop_time: 2117053823861860, actual_exe_time: 38220, task_app_start_time:2117049572799375, task_sched_time:2117053823817640
app_id: 0, app_name: SAR_api-aarch64, task_id: 1218, task_name: DASH_FFT, resource_name: cpu1, ref_start_time: 2117053824603070, ref_stop_time: 2117053824660070, actual_exe_time: 57000, task_app_start_time:2117049572799375, task_sched_time:2117053824595450
app_id: 0, app_name: SAR_api-aarch64, task_id: 1219, task_name: DASH_FFT, resource_name: cpu2, ref_start_time: 2117053825302970, ref_stop_time: 2117053825343770, actual_exe_time: 40800, task_app_start_time:2117049572799375, task_sched_time:2117053825293760
app_id: 0, app_name: SAR_api-aarch64, task_id: 1220, task_name: DASH_FFT, resource_name: cpu3, ref_start_time: 2117053826678410, ref_stop_time: 2117053826734810, actual_exe_time: 56400, task_app_start_time:2117049572799375, task_sched_time:2117053826672980
app_id: 0, app_name: SAR_api-aarch64, task_id: 1221, task_name: DASH_FFT, resource_name: fft1, ref_start_time: 2117053831200671, ref_stop_time: 2117053831249511, actual_exe_time: 48840, task_app_start_time:2117049572799375, task_sched_time:2117053831191761
app_id: 0, app_name: SAR_api-aarch64, task_id: 1222, task_name: DASH_FFT, resource_name: fft2, ref_start_time: 2117053831457771, ref_stop_time: 2117053831506701, actual_exe_time: 48930, task_app_start_time:2117049572799375, task_sched_time:2117053831451381
app_id: 0, app_name: SAR_api-aarch64, task_id: 1223, task_name: DASH_FFT, resource_name: cpu1, ref_start_time: 2117053834946411, ref_stop_time: 2117053835001071, actual_exe_time: 54660, task_app_start_time:2117049572799375, task_sched_time:2117053834936691
app_id: 0, app_name: SAR_api-aarch64, task_id: 1224, task_name: DASH_FFT, resource_name: cpu2, ref_start_time: 2117053835743541, ref_stop_time: 2117053835792651, actual_exe_time: 49110, task_app_start_time:2117049572799375, task_sched_time:2117053835739071
app_id: 0, app_name: SAR_api-aarch64, task_id: 1225, task_name: DASH_FFT, resource_name: cpu3, ref_start_time: 2117053839261672, ref_stop_time: 2117053839306732, actual_exe_time: 45060, task_app_start_time:2117049572799375, task_sched_time:2117053839254322
app_id: 0, app_name: SAR_api-aarch64, task_id: 1226, task_name: DASH_FFT, resource_name: fft1, ref_start_time: 2117053840028292, ref_stop_time: 2117053840084512, actual_exe_time: 56220, task_app_start_time:2117049572799375, task_sched_time:2117053839933162
app_id: 0, app_name: SAR_api-aarch64, task_id: 1227, task_name: DASH_FFT, resource_name: fft2, ref_start_time: 2117053842954943, ref_stop_time: 2117053842994783, actual_exe_time: 39840, task_app_start_time:2117049572799375, task_sched_time:2117053842951463
app_id: 0, app_name: SAR_api-aarch64, task_id: 1228, task_name: DASH_FFT, resource_name: cpu1, ref_start_time: 2117053845056563, ref_stop_time: 2117053845119743, actual_exe_time: 63180, task_app_start_time:2117049572799375, task_sched_time:2117053845000463
app_id: 0, app_name: SAR_api-aarch64, task_id: 1229, task_name: DASH_FFT, resource_name: cpu2, ref_start_time: 2117053846882333, ref_stop_time: 2117053846929523, actual_exe_time: 47190, task_app_start_time:2117049572799375, task_sched_time:2117053846874893
app_id: 0, app_name: SAR_api-aarch64, task_id: 1230, task_name: DASH_FFT, resource_name: cpu3, ref_start_time: 2117053854808305, ref_stop_time: 2117053854877425, actual_exe_time: 69120, task_app_start_time:2117049572799375, task_sched_time:2117053849741514
app_id: 0, app_name: SAR_api-aarch64, task_id: 1231, task_name: DASH_FFT, resource_name: fft1, ref_start_time: 2117053856122155, ref_stop_time: 2117053856165865, actual_exe_time: 43710, task_app_start_time:2117049572799375, task_sched_time:2117053856115675
app_id: 0, app_name: SAR_api-aarch64, task_id: 1232, task_name: DASH_FFT, resource_name: fft2, ref_start_time: 2117053856797995, ref_stop_time: 2117053856849595, actual_exe_time: 51600, task_app_start_time:2117049572799375, task_sched_time:2117053856794365
app_id: 0, app_name: SAR_api-aarch64, task_id: 1233, task_name: DASH_FFT, resource_name: cpu1, ref_start_time: 2117053857701805, ref_stop_time: 2117053857749955, actual_exe_time: 48150, task_app_start_time:2117049572799375, task_sched_time:2117053857690165
app_id: 0, app_name: SAR_api-aarch64, task_id: 1234, task_name: DASH_FFT, resource_name: cpu2, ref_start_time: 2117053858367835, ref_stop_time: 2117053858418865, actual_exe_time: 51030, task_app_start_time:2117049572799375, task_sched_time:2117053858365225
app_id: 0, app_name: SAR_api-aarch64, task_id: 1235, task_name: DASH_FFT, resource_name: cpu3, ref_start_time: 2117053858791435, ref_stop_time: 2117053858835745, actual_exe_time: 44310, task_app_start_time:2117049572799375, task_sched_time:2117053858723335
app_id: 0, app_name: SAR_api-aarch64, task_id: 1236, task_name: DASH_FFT, resource_name: fft1, ref_start_time: 2117053859752245, ref_stop_time: 2117053859804475, actual_exe_time: 52230, task_app_start_time:2117049572799375, task_sched_time:2117053859746815
app_id: 0, app_name: SAR_api-aarch64, task_id: 1237, task_name: DASH_FFT, resource_name: fft2, ref_start_time: 2117053860439695, ref_stop_time: 2117053860478275, actual_exe_time: 38580, task_app_start_time:2117049572799375, task_sched_time:2117053860436485
app_id: 0, app_name: SAR_api-aarch64, task_id: 1238, task_name: DASH_FFT, resource_name: cpu1, ref_start_time: 2117053861781656, ref_stop_time: 2117053861858786, actual_exe_time: 77130, task_app_start_time:2117049572799375, task_sched_time:2117053861767976
app_id: 0, app_name: SAR_api-aarch64, task_id: 1239, task_name: DASH_FFT, resource_name: cpu2, ref_start_time: 2117053864682386, ref_stop_time: 2117053864735066, actual_exe_time: 52680, task_app_start_time:2117049572799375, task_sched_time:2117053862536846
app_id: 0, app_name: SAR_api-aarch64, task_id: 1240, task_name: DASH_FFT, resource_name: cpu3, ref_start_time: 2117053871255807, ref_stop_time: 2117053871326697, actual_exe_time: 70890, task_app_start_time:2117049572799375, task_sched_time:2117053871247767
app_id: 0, app_name: SAR_api-aarch64, task_id: 1241, task_name: DASH_FFT, resource_name: fft1, ref_start_time: 2117053872049337, ref_stop_time: 2117053872093497, actual_exe_time: 44160, task_app_start_time:2117049572799375, task_sched_time:2117053872005957
app_id: 0, app_name: SAR_api-aarch64, task_id: 1242, task_name: DASH_FFT, resource_name: fft2, ref_start_time: 2117053872689147, ref_stop_time: 2117053872738977, actual_exe_time: 49830, task_app_start_time:2117049572799375, task_sched_time:2117053872685427
app_id: 0, app_name: SAR_api-aarch64, task_id: 1243, task_name: DASH_FFT, resource_name: cpu1, ref_start_time: 2117053875426828, ref_stop_time: 2117053875479268, actual_exe_time: 52440, task_app_start_time:2117049572799375, task_sched_time:2117053875422688
app_id: 0, app_name: SAR_api-aarch64, task_id: 1244, task_name: DASH_FFT, resource_name: cpu2, ref_start_time: 2117053876828998, ref_stop_time: 2117053876882488, actual_exe_time: 53490, task_app_start_time:2117049572799375, task_sched_time:2117053876820748
app_id: 0, app_name: SAR_api-aarch64, task_id: 1245, task_name: DASH_FFT, resource_name: cpu3, ref_start_time: 2117053877561208, ref_stop_time: 2117053877605128, actual_exe_time: 43920, task_app_start_time:2117049572799375, task_sched_time:2117053877558328
app_id: 0, app_name: SAR_api-aarch64, task_id: 1246, task_name: DASH_FFT, resource_name: fft1, ref_start_time: 2117053878435588, ref_stop_time: 2117053878489378, actual_exe_time: 53790, task_app_start_time:2117049572799375, task_sched_time:2117053878421248
app_id: 0, app_name: SAR_api-aarch64, task_id: 1247, task_name: DASH_FFT, resource_name: fft2, ref_start_time: 2117053879251828, ref_stop_time: 2117053879291908, actual_exe_time: 40080, task_app_start_time:2117049572799375, task_sched_time:2117053879116018
app_id: 0, app_name: SAR_api-aarch64, task_id: 1248, task_name: DASH_FFT, resource_name: cpu1, ref_start_time: 2117053883400769, ref_stop_time: 2117053883466349, actual_exe_time: 65580, task_app_start_time:2117049572799375, task_sched_time:2117053883345149
app_id: 0, app_name: SAR_api-aarch64, task_id: 1249, task_name: DASH_FFT, resource_name: cpu2, ref_start_time: 2117053886808740, ref_stop_time: 2117053887119300, actual_exe_time: 310560, task_app_start_time:2117049572799375, task_sched_time:2117053886798480
app_id: 0, app_name: SAR_api-aarch64, task_id: 1250, task_name: DASH_FFT, resource_name: cpu3, ref_start_time: 2117053887361310, ref_stop_time: 2117053887416510, actual_exe_time: 55200, task_app_start_time:2117049572799375, task_sched_time:2117053887357200
app_id: 0, app_name: SAR_api-aarch64, task_id: 1251, task_name: DASH_FFT, resource_name: fft1, ref_start_time: 2117053890926390, ref_stop_time: 2117053890971510, actual_exe_time: 45120, task_app_start_time:2117049572799375, task_sched_time:2117053890920690
app_id: 0, app_name: SAR_api-aarch64, task_id: 1252, task_name: DASH_FFT, resource_name: fft2, ref_start_time: 2117053894263441, ref_stop_time: 2117053894315791, actual_exe_time: 52350, task_app_start_time:2117049572799375, task_sched_time:2117053894259751
app_id: 0, app_name: SAR_api-aarch64, task_id: 1253, task_name: DASH_FFT, resource_name: cpu1, ref_start_time: 2117053895699421, ref_stop_time: 2117053895754471, actual_exe_time: 55050, task_app_start_time:2117049572799375, task_sched_time:2117053895686431
app_id: 0, app_name: SAR_api-aarch64, task_id: 1254, task_name: DASH_FFT, resource_name: cpu2, ref_start_time: 2117053902782452, ref_stop_time: 2117053902852262, actual_exe_time: 69810, task_app_start_time:2117049572799375, task_sched_time:2117053899822382
app_id: 0, app_name: SAR_api-aarch64, task_id: 1255, task_name: DASH_FFT, resource_name: cpu3, ref_start_time: 2117053903705252, ref_stop_time: 2117053903747222, actual_exe_time: 41970, task_app_start_time:2117049572799375, task_sched_time:2117053903698292
app_id: 0, app_name: SAR_api-aarch64, task_id: 1256, task_name: DASH_FFT, resource_name: fft1, ref_start_time: 2117053904408062, ref_stop_time: 2117053904462963, actual_exe_time: 54901, task_app_start_time:2117049572799375, task_sched_time:2117053904352892
app_id: 0, app_name: SAR_api-aarch64, task_id: 1257, task_name: DASH_FFT, resource_name: fft2, ref_start_time: 2117053906772723, ref_stop_time: 2117053906812923, actual_exe_time: 40200, task_app_start_time:2117049572799375, task_sched_time:2117053905106223
app_id: 0, app_name: SAR_api-aarch64, task_id: 1258, task_name: DASH_FFT, resource_name: cpu1, ref_start_time: 2117053907623433, ref_stop_time: 2117053907682533, actual_exe_time: 59100, task_app_start_time:2117049572799375, task_sched_time:2117053907617763
app_id: 0, app_name: SAR_api-aarch64, task_id: 1259, task_name: DASH_FFT, resource_name: cpu2, ref_start_time: 2117053910760924, ref_stop_time: 2117053910810904, actual_exe_time: 49980, task_app_start_time:2117049572799375, task_sched_time:2117053908042743
app_id: 0, app_name: SAR_api-aarch64, task_id: 1260, task_name: DASH_FFT, resource_name: cpu3, ref_start_time: 2117053919136115, ref_stop_time: 2117053919200525, actual_exe_time: 64410, task_app_start_time:2117049572799375, task_sched_time:2117053919127895
app_id: 0, app_name: SAR_api-aarch64, task_id: 1261, task_name: DASH_FFT, resource_name: fft1, ref_start_time: 2117053920285175, ref_stop_time: 2117053920329305, actual_exe_time: 44130, task_app_start_time:2117049572799375, task_sched_time:2117053920278575
app_id: 0, app_name: SAR_api-aarch64, task_id: 1262, task_name: DASH_FFT, resource_name: fft2, ref_start_time: 2117053924997396, ref_stop_time: 2117053925053916, actual_exe_time: 56520, task_app_start_time:2117049572799375, task_sched_time:2117053924990586
app_id: 0, app_name: SAR_api-aarch64, task_id: 1263, task_name: DASH_FFT, resource_name: cpu1, ref_start_time: 2117053926468296, ref_stop_time: 2117053926520196, actual_exe_time: 51900, task_app_start_time:2117049572799375, task_sched_time:2117053926284336
app_id: 0, app_name: SAR_api-aarch64, task_id: 1264, task_name: DASH_FFT, resource_name: cpu2, ref_start_time: 2117053930957527, ref_stop_time: 2117053931371377, actual_exe_time: 413850, task_app_start_time:2117049572799375, task_sched_time:2117053930950117
app_id: 0, app_name: SAR_api-aarch64, task_id: 1265, task_name: DASH_FFT, resource_name: cpu3, ref_start_time: 2117053938858508, ref_stop_time: 2117053938912118, actual_exe_time: 53610, task_app_start_time:2117049572799375, task_sched_time:2117053938854128
app_id: 0, app_name: SAR_api-aarch64, task_id: 1266, task_name: DASH_FFT, resource_name: fft1, ref_start_time: 2117053939994248, ref_stop_time: 2117053940052238, actual_exe_time: 57990, task_app_start_time:2117049572799375, task_sched_time:2117053939833418
app_id: 0, app_name: SAR_api-aarch64, task_id: 1267, task_name: DASH_FFT, resource_name: fft2, ref_start_time: 2117053941930269, ref_stop_time: 2117053941970739, actual_exe_time: 40470, task_app_start_time:2117049572799375, task_sched_time:2117053941922319
app_id: 0, app_name: SAR_api-aarch64, task_id: 1268, task_name: DASH_FFT, resource_name: cpu1, ref_start_time: 2117053947068129, ref_stop_time: 2117053947139349, actual_exe_time: 71220, task_app_start_time:2117049572799375, task_sched_time:2117053946995829
app_id: 0, app_name: SAR_api-aarch64, task_id: 1269, task_name: DASH_FFT, resource_name: cpu2, ref_start_time: 2117053954860661, ref_stop_time: 2117053954916101, actual_exe_time: 55440, task_app_start_time:2117049572799375, task_sched_time:2117053954855951
app_id: 0, app_name: SAR_api-aarch64, task_id: 1270, task_name: DASH_FFT, resource_name: cpu3, ref_start_time: 2117053955116801, ref_stop_time: 2117053955171521, actual_exe_time: 54720, task_app_start_time:2117049572799375, task_sched_time:2117053955113621
app_id: 0, app_name: SAR_api-aarch64, task_id: 1271, task_name: DASH_FFT, resource_name: fft1, ref_start_time: 2117053957565971, ref_stop_time: 2117053958274241, actual_exe_time: 708270, task_app_start_time:2117049572799375, task_sched_time:2117053957542271
app_id: 0, app_name: SAR_api-aarch64, task_id: 1272, task_name: DASH_FFT, resource_name: fft2, ref_start_time: 2117053960375382, ref_stop_time: 2117053960429772, actual_exe_time: 54390, task_app_start_time:2117049572799375, task_sched_time:2117053960369232
app_id: 0, app_name: SAR_api-aarch64, task_id: 1273, task_name: DASH_FFT, resource_name: cpu1, ref_start_time: 2117053963261682, ref_stop_time: 2117053963316522, actual_exe_time: 54840, task_app_start_time:2117049572799375, task_sched_time:2117053963251482
app_id: 0, app_name: SAR_api-aarch64, task_id: 1274, task_name: DASH_FFT, resource_name: cpu2, ref_start_time: 2117053970858793, ref_stop_time: 2117053970924373, actual_exe_time: 65580, task_app_start_time:2117049572799375, task_sched_time:2117053970849073
app_id: 0, app_name: SAR_api-aarch64, task_id: 1275, task_name: DASH_FFT, resource_name: cpu3, ref_start_time: 2117053973332564, ref_stop_time: 2117053973377114, actual_exe_time: 44550, task_app_start_time:2117049572799375, task_sched_time:2117053973327194
app_id: 0, app_name: SAR_api-aarch64, task_id: 1276, task_name: DASH_FFT, resource_name: fft1, ref_start_time: 2117053974957394, ref_stop_time: 2117053975017964, actual_exe_time: 60570, task_app_start_time:2117049572799375, task_sched_time:2117053974950914
app_id: 0, app_name: SAR_api-aarch64, task_id: 1277, task_name: DASH_FFT, resource_name: fft2, ref_start_time: 2117053978809514, ref_stop_time: 2117053982906045, actual_exe_time: 4096531, task_app_start_time:2117049572799375, task_sched_time:2117053978803154
app_id: 0, app_name: SAR_api-aarch64, task_id: 1278, task_name: DASH_FFT, resource_name: cpu1, ref_start_time: 2117053988231916, ref_stop_time: 2117053988307186, actual_exe_time: 75270, task_app_start_time:2117049572799375, task_sched_time:2117053987955946
app_id: 0, app_name: SAR_api-aarch64, task_id: 1279, task_name: DASH_FFT, resource_name: cpu2, ref_start_time: 2117053995191977, ref_stop_time: 2117053995249127, actual_exe_time: 57150, task_app_start_time:2117049572799375, task_sched_time:2117053995184387
app_id: 0, app_name: SAR_api-aarch64, task_id: 1280, task_name: DASH_FFT, resource_name: cpu3, ref_start_time: 2117053998812828, ref_stop_time: 2117053998878258, actual_exe_time: 65430, task_app_start_time:2117049572799375, task_sched_time:2117053998806918
app_id: 0, app_name: SAR_api-aarch64, task_id: 1281, task_name: DASH_ZIP, resource_name: zip1, ref_start_time: 2117054002967648, ref_stop_time: 2117054003105918, actual_exe_time: 138270, task_app_start_time:2117049572799375, task_sched_time:2117054002962758
app_id: 0, app_name: SAR_api-aarch64, task_id: 1282, task_name: DASH_FFT, resource_name: cpu1, ref_start_time: 2117054007188049, ref_stop_time: 2117054007243999, actual_exe_time: 55950, task_app_start_time:2117049572799375, task_sched_time:2117054006955429
app_id: 0, app_name: SAR_api-aarch64, task_id: 1283, task_name: DASH_ZIP, resource_name: cpu2, ref_start_time: 2117054019493841, ref_stop_time: 2117054019576131, actual_exe_time: 82290, task_app_start_time:2117049572799375, task_sched_time:2117054019482321
app_id: 0, app_name: SAR_api-aarch64, task_id: 1284, task_name: DASH_FFT, resource_name: cpu3, ref_start_time: 2117054032339963, ref_stop_time: 2117054032411063, actual_exe_time: 71100, task_app_start_time:2117049572799375, task_sched_time:2117054032333663
app_id: 0, app_name: SAR_api-aarch64, task_id: 1285, task_name: DASH_ZIP, resource_name: zip1, ref_start_time: 2117054034796993, ref_stop_time: 2117054034922064, actual_exe_time: 125071, task_app_start_time:2117049572799375, task_sched_time:2117054032778983
app_id: 0, app_name: SAR_api-aarch64, task_id: 1286, task_name: DASH_FFT, resource_name: cpu1, ref_start_time: 2117054036251964, ref_stop_time: 2117054036306144, actual_exe_time: 54180, task_app_start_time:2117049572799375, task_sched_time:2117054036215904
app_id: 0, app_name: SAR_api-aarch64, task_id: 1287, task_name: DASH_ZIP, resource_name: cpu2, ref_start_time: 2117054051341336, ref_stop_time: 2117054051422876, actual_exe_time: 81540, task_app_start_time:2117049572799375, task_sched_time:2117054051333086
app_id: 0, app_name: SAR_api-aarch64, task_id: 1288, task_name: DASH_FFT, resource_name: cpu3, ref_start_time: 2117054054807537, ref_stop_time: 2117054055124337, actual_exe_time: 316800, task_app_start_time:2117049572799375, task_sched_time:2117054054797247
app_id: 0, app_name: SAR_api-aarch64, task_id: 1289, task_name: DASH_ZIP, resource_name: zip1, ref_start_time: 2117054059906878, ref_stop_time: 2117054060032938, actual_exe_time: 126060, task_app_start_time:2117049572799375, task_sched_time:2117054059900938
app_id: 0, app_name: SAR_api-aarch64, task_id: 1290, task_name: DASH_FFT, resource_name: cpu1, ref_start_time: 2117054071046299, ref_stop_time: 2117054071101859, actual_exe_time: 55560, task_app_start_time:2117049572799375, task_sched_time:2117054070894679
app_id: 0, app_name: SAR_api-aarch64, task_id: 1291, task_name: DASH_ZIP, resource_name: cpu2, ref_start_time: 2117054073198350, ref_stop_time: 2117054073275120, actual_exe_time: 76770, task_app_start_time:2117049572799375, task_sched_time:2117054073192830
app_id: 0, app_name: SAR_api-aarch64, task_id: 1292, task_name: DASH_FFT, resource_name: cpu3, ref_start_time: 2117054078945871, ref_stop_time: 2117054079014481, actual_exe_time: 68610, task_app_start_time:2117049572799375, task_sched_time:2117054078937381
app_id: 0, app_name: SAR_api-aarch64, task_id: 1293, task_name: DASH_ZIP, resource_name: zip1, ref_start_time: 2117054086424392, ref_stop_time: 2117054086552252, actual_exe_time: 127860, task_app_start_time:2117049572799375, task_sched_time:2117054086415722
app_id: 0, app_name: SAR_api-aarch64, task_id: 1294, task_name: DASH_FFT, resource_name: cpu1, ref_start_time: 2117054087062912, ref_stop_time: 2117054087115682, actual_exe_time: 52770, task_app_start_time:2117049572799375, task_sched_time:2117054087048782
app_id: 0, app_name: SAR_api-aarch64, task_id: 1295, task_name: DASH_ZIP, resource_name: cpu2, ref_start_time: 2117054095046003, ref_stop_time: 2117054095403543, actual_exe_time: 357540, task_app_start_time:2117049572799375, task_sched_time:2117054095036433
app_id: 0, app_name: SAR_api-aarch64, task_id: 1296, task_name: DASH_FFT, resource_name: cpu3, ref_start_time: 2117054100560964, ref_stop_time: 2117054100627654, actual_exe_time: 66690, task_app_start_time:2117049572799375, task_sched_time:2117054100551064
app_id: 0, app_name: SAR_api-aarch64, task_id: 1297, task_name: DASH_ZIP, resource_name: zip1, ref_start_time: 2117054107217245, ref_stop_time: 2117054107342855, actual_exe_time: 125610, task_app_start_time:2117049572799375, task_sched_time:2117054107208665
app_id: 0, app_name: SAR_api-aarch64, task_id: 1298, task_name: DASH_FFT, resource_name: cpu1, ref_start_time: 2117054114195696, ref_stop_time: 2117054114254286, actual_exe_time: 58590, task_app_start_time:2117049572799375, task_sched_time:2117054114187566
app_id: 0, app_name: SAR_api-aarch64, task_id: 1299, task_name: DASH_ZIP, resource_name: cpu2, ref_start_time: 2117054114911346, ref_stop_time: 2117054115373556, actual_exe_time: 462210, task_app_start_time:2117049572799375, task_sched_time:2117054114904416
app_id: 0, app_name: SAR_api-aarch64, task_id: 1300, task_name: DASH_FFT, resource_name: cpu3, ref_start_time: 2117054122824958, ref_stop_time: 2117054123048878, actual_exe_time: 223920, task_app_start_time:2117049572799375, task_sched_time:2117054122819828
app_id: 0, app_name: SAR_api-aarch64, task_id: 1301, task_name: DASH_ZIP, resource_name: zip1, ref_start_time: 2117054128992959, ref_stop_time: 2117054129291669, actual_exe_time: 298710, task_app_start_time:2117049572799375, task_sched_time:2117054128984649
app_id: 0, app_name: SAR_api-aarch64, task_id: 1302, task_name: DASH_FFT, resource_name: cpu1, ref_start_time: 2117054135004780, ref_stop_time: 2117054135062770, actual_exe_time: 57990, task_app_start_time:2117049572799375, task_sched_time:2117054134995840
app_id: 0, app_name: SAR_api-aarch64, task_id: 1303, task_name: DASH_ZIP, resource_name: cpu2, ref_start_time: 2117054142247771, ref_stop_time: 2117054142336661, actual_exe_time: 88890, task_app_start_time:2117049572799375, task_sched_time:2117054142115141
app_id: 0, app_name: SAR_api-aarch64, task_id: 1304, task_name: DASH_FFT, resource_name: cpu3, ref_start_time: 2117054143163281, ref_stop_time: 2117054143244821, actual_exe_time: 81540, task_app_start_time:2117049572799375, task_sched_time:2117054143110301
app_id: 0, app_name: SAR_api-aarch64, task_id: 1305, task_name: DASH_ZIP, resource_name: zip1, ref_start_time: 2117054147042462, ref_stop_time: 2117054147170742, actual_exe_time: 128280, task_app_start_time:2117049572799375, task_sched_time:2117054147034872
app_id: 0, app_name: SAR_api-aarch64, task_id: 1306, task_name: DASH_FFT, resource_name: cpu1, ref_start_time: 2117054155118103, ref_stop_time: 2117054155182423, actual_exe_time: 64320, task_app_start_time:2117049572799375, task_sched_time:2117054155109133
app_id: 0, app_name: SAR_api-aarch64, task_id: 1307, task_name: DASH_ZIP, resource_name: cpu2, ref_start_time: 2117054157029883, ref_stop_time: 2117054157107193, actual_exe_time: 77310, task_app_start_time:2117049572799375, task_sched_time:2117054156874663
app_id: 0, app_name: SAR_api-aarch64, task_id: 1308, task_name: DASH_FFT, resource_name: cpu3, ref_start_time: 2117054163231904, ref_stop_time: 2117054163301564, actual_exe_time: 69660, task_app_start_time:2117049572799375, task_sched_time:2117054163223204
app_id: 0, app_name: SAR_api-aarch64, task_id: 1309, task_name: DASH_ZIP, resource_name: zip1, ref_start_time: 2117054170489505, ref_stop_time: 2117054170611755, actual_exe_time: 122250, task_app_start_time:2117049572799375, task_sched_time:2117054170480145
app_id: 0, app_name: SAR_api-aarch64, task_id: 1310, task_name: DASH_FFT, resource_name: cpu1, ref_start_time: 2117054174946846, ref_stop_time: 2117054175005556, actual_exe_time: 58710, task_app_start_time:2117049572799375, task_sched_time:2117054174937636
app_id: 0, app_name: SAR_api-aarch64, task_id: 1311, task_name: DASH_ZIP, resource_name: cpu2, ref_start_time: 2117054182866517, ref_stop_time: 2117054182948387, actual_exe_time: 81870, task_app_start_time:2117049572799375, task_sched_time:2117054182855357
app_id: 0, app_name: SAR_api-aarch64, task_id: 1312, task_name: DASH_FFT, resource_name: cpu3, ref_start_time: 2117054184650558, ref_stop_time: 2117054184714098, actual_exe_time: 63540, task_app_start_time:2117049572799375, task_sched_time:2117054184644858
app_id: 0, app_name: SAR_api-aarch64, task_id: 1313, task_name: DASH_ZIP, resource_name: zip1, ref_start_time: 2117054194955169, ref_stop_time: 2117054195080989, actual_exe_time: 125820, task_app_start_time:2117049572799375, task_sched_time:2117054194946259
app_id: 0, app_name: SAR_api-aarch64, task_id: 1314, task_name: DASH_FFT, resource_name: cpu1, ref_start_time: 2117054198822770, ref_stop_time: 2117054198879290, actual_exe_time: 56520, task_app_start_time:2117049572799375, task_sched_time:2117054198815390
app_id: 0, app_name: SAR_api-aarch64, task_id: 1315, task_name: DASH_ZIP, resource_name: cpu2, ref_start_time: 2117054203384541, ref_stop_time: 2117054203465931, actual_exe_time: 81390, task_app_start_time:2117049572799375, task_sched_time:2117054203376231
app_id: 0, app_name: SAR_api-aarch64, task_id: 1316, task_name: DASH_FFT, resource_name: cpu3, ref_start_time: 2117054210790282, ref_stop_time: 2117054210861352, actual_exe_time: 71070, task_app_start_time:2117049572799375, task_sched_time:2117054210784072
app_id: 0, app_name: SAR_api-aarch64, task_id: 1317, task_name: DASH_ZIP, resource_name: zip1, ref_start_time: 2117054212757052, ref_stop_time: 2117054212877652, actual_exe_time: 120600, task_app_start_time:2117049572799375, task_sched_time:2117054212751652
app_id: 0, app_name: SAR_api-aarch64, task_id: 1318, task_name: DASH_FFT, resource_name: cpu1, ref_start_time: 2117054219048833, ref_stop_time: 2117054219104363, actual_exe_time: 55530, task_app_start_time:2117049572799375, task_sched_time:2117054218987393
app_id: 0, app_name: SAR_api-aarch64, task_id: 1319, task_name: DASH_ZIP, resource_name: cpu2, ref_start_time: 2117054226508604, ref_stop_time: 2117054226586274, actual_exe_time: 77670, task_app_start_time:2117049572799375, task_sched_time:2117054226341834
app_id: 0, app_name: SAR_api-aarch64, task_id: 1320, task_name: DASH_FFT, resource_name: cpu3, ref_start_time: 2117054230926135, ref_stop_time: 2117054230992465, actual_exe_time: 66330, task_app_start_time:2117049572799375, task_sched_time:2117054230920585
app_id: 0, app_name: SAR_api-aarch64, task_id: 1321, task_name: DASH_ZIP, resource_name: zip1, ref_start_time: 2117054234959216, ref_stop_time: 2117054235082816, actual_exe_time: 123600, task_app_start_time:2117049572799375, task_sched_time:2117054234952226
app_id: 0, app_name: SAR_api-aarch64, task_id: 1322, task_name: DASH_FFT, resource_name: cpu1, ref_start_time: 2117054241273377, ref_stop_time: 2117054241331517, actual_exe_time: 58140, task_app_start_time:2117049572799375, task_sched_time:2117054241267437
app_id: 0, app_name: SAR_api-aarch64, task_id: 1323, task_name: DASH_ZIP, resource_name: cpu2, ref_start_time: 2117054246922798, ref_stop_time: 2117054247006768, actual_exe_time: 83970, task_app_start_time:2117049572799375, task_sched_time:2117054246917038
app_id: 0, app_name: SAR_api-aarch64, task_id: 1324, task_name: DASH_FFT, resource_name: cpu3, ref_start_time: 2117054254150879, ref_stop_time: 2117054254471369, actual_exe_time: 320490, task_app_start_time:2117049572799375, task_sched_time:2117054254141729
app_id: 0, app_name: SAR_api-aarch64, task_id: 1325, task_name: DASH_ZIP, resource_name: zip1, ref_start_time: 2117054254850419, ref_stop_time: 2117054254975459, actual_exe_time: 125040, task_app_start_time:2117049572799375, task_sched_time:2117054254843729
app_id: 0, app_name: SAR_api-aarch64, task_id: 1326, task_name: DASH_FFT, resource_name: cpu1, ref_start_time: 2117054266785891, ref_stop_time: 2117054266853361, actual_exe_time: 67470, task_app_start_time:2117049572799375, task_sched_time:2117054266778181
app_id: 0, app_name: SAR_api-aarch64, task_id: 1327, task_name: DASH_ZIP, resource_name: cpu2, ref_start_time: 2117054268606351, ref_stop_time: 2117054268683481, actual_exe_time: 77130, task_app_start_time:2117049572799375, task_sched_time:2117054268455481
app_id: 0, app_name: SAR_api-aarch64, task_id: 1328, task_name: DASH_FFT, resource_name: cpu3, ref_start_time: 2117054274928162, ref_stop_time: 2117054274998242, actual_exe_time: 70080, task_app_start_time:2117049572799375, task_sched_time:2117054274923122
app_id: 0, app_name: SAR_api-aarch64, task_id: 1329, task_name: DASH_ZIP, resource_name: zip1, ref_start_time: 2117054279243093, ref_stop_time: 2117054279366783, actual_exe_time: 123690, task_app_start_time:2117049572799375, task_sched_time:2117054279234573
app_id: 0, app_name: SAR_api-aarch64, task_id: 1330, task_name: DASH_FFT, resource_name: cpu1, ref_start_time: 2117054286975204, ref_stop_time: 2117054287033854, actual_exe_time: 58650, task_app_start_time:2117049572799375, task_sched_time:2117054286966744
app_id: 0, app_name: SAR_api-aarch64, task_id: 1331, task_name: DASH_ZIP, resource_name: cpu2, ref_start_time: 2117054287324674, ref_stop_time: 2117054287401444, actual_exe_time: 76770, task_app_start_time:2117049572799375, task_sched_time:2117054287316574
app_id: 0, app_name: SAR_api-aarch64, task_id: 1332, task_name: DASH_FFT, resource_name: cpu3, ref_start_time: 2117054296083296, ref_stop_time: 2117054296154936, actual_exe_time: 71640, task_app_start_time:2117049572799375, task_sched_time:2117054296075856
app_id: 0, app_name: SAR_api-aarch64, task_id: 1333, task_name: DASH_ZIP, resource_name: zip1, ref_start_time: 2117054303423337, ref_stop_time: 2117054303547177, actual_exe_time: 123840, task_app_start_time:2117049572799375, task_sched_time:2117054303415207
app_id: 0, app_name: SAR_api-aarch64, task_id: 1334, task_name: DASH_FFT, resource_name: cpu1, ref_start_time: 2117054306944557, ref_stop_time: 2117054306997657, actual_exe_time: 53100, task_app_start_time:2117049572799375, task_sched_time:2117054306861157
app_id: 0, app_name: SAR_api-aarch64, task_id: 1335, task_name: DASH_ZIP, resource_name: cpu2, ref_start_time: 2117054310398368, ref_stop_time: 2117054310476368, actual_exe_time: 78000, task_app_start_time:2117049572799375, task_sched_time:2117054310248038
app_id: 0, app_name: SAR_api-aarch64, task_id: 1336, task_name: DASH_FFT, resource_name: cpu3, ref_start_time: 2117054315201459, ref_stop_time: 2117054315270759, actual_exe_time: 69300, task_app_start_time:2117049572799375, task_sched_time:2117054315192129
app_id: 0, app_name: SAR_api-aarch64, task_id: 1337, task_name: DASH_ZIP, resource_name: zip1, ref_start_time: 2117054323257360, ref_stop_time: 2117054323380570, actual_exe_time: 123210, task_app_start_time:2117049572799375, task_sched_time:2117054323250520
app_id: 0, app_name: SAR_api-aarch64, task_id: 1338, task_name: DASH_FFT, resource_name: cpu1, ref_start_time: 2117054324145510, ref_stop_time: 2117054324197800, actual_exe_time: 52290, task_app_start_time:2117049572799375, task_sched_time:2117054324041650
app_id: 0, app_name: SAR_api-aarch64, task_id: 1339, task_name: DASH_ZIP, resource_name: cpu2, ref_start_time: 2117054324453280, ref_stop_time: 2117054324529330, actual_exe_time: 76050, task_app_start_time:2117049572799375, task_sched_time:2117054324440050
app_id: 0, app_name: SAR_api-aarch64, task_id: 1340, task_name: DASH_FFT, resource_name: cpu3, ref_start_time: 2117054330816941, ref_stop_time: 2117054331149131, actual_exe_time: 332190, task_app_start_time:2117049572799375, task_sched_time:2117054330806681
app_id: 0, app_name: SAR_api-aarch64, task_id: 1341, task_name: DASH_ZIP, resource_name: zip1, ref_start_time: 2117054338144712, ref_stop_time: 2117054338268612, actual_exe_time: 123900, task_app_start_time:2117049572799375, task_sched_time:2117054338137812
app_id: 0, app_name: SAR_api-aarch64, task_id: 1342, task_name: DASH_FFT, resource_name: cpu1, ref_start_time: 2117054343043593, ref_stop_time: 2117054343101463, actual_exe_time: 57870, task_app_start_time:2117049572799375, task_sched_time:2117054342982513
app_id: 0, app_name: SAR_api-aarch64, task_id: 1343, task_name: DASH_ZIP, resource_name: cpu2, ref_start_time: 2117054350809994, ref_stop_time: 2117054351999615, actual_exe_time: 1189621, task_app_start_time:2117049572799375, task_sched_time:2117054350799044
app_id: 0, app_name: SAR_api-aarch64, task_id: 1344, task_name: DASH_FFT, resource_name: cpu3, ref_start_time: 2117054359158186, ref_stop_time: 2117054359229016, actual_exe_time: 70830, task_app_start_time:2117049572799375, task_sched_time:2117054359152186
app_id: 0, app_name: SAR_api-aarch64, task_id: 1345, task_name: DASH_ZIP, resource_name: zip1, ref_start_time: 2117054362911066, ref_stop_time: 2117054363033796, actual_exe_time: 122730, task_app_start_time:2117049572799375, task_sched_time:2117054362906146
app_id: 0, app_name: SAR_api-aarch64, task_id: 1346, task_name: DASH_FFT, resource_name: cpu1, ref_start_time: 2117054366047837, ref_stop_time: 2117054366101477, actual_exe_time: 53640, task_app_start_time:2117049572799375, task_sched_time:2117054366032357
app_id: 0, app_name: SAR_api-aarch64, task_id: 1347, task_name: DASH_ZIP, resource_name: cpu2, ref_start_time: 2117054373854438, ref_stop_time: 2117054373937658, actual_exe_time: 83220, task_app_start_time:2117049572799375, task_sched_time:2117054373844838
app_id: 0, app_name: SAR_api-aarch64, task_id: 1348, task_name: DASH_FFT, resource_name: cpu3, ref_start_time: 2117054378817099, ref_stop_time: 2117054378880309, actual_exe_time: 63210, task_app_start_time:2117049572799375, task_sched_time:2117054378807949
app_id: 0, app_name: SAR_api-aarch64, task_id: 1349, task_name: DASH_ZIP, resource_name: zip1, ref_start_time: 2117054380257399, ref_stop_time: 2117054380377939, actual_exe_time: 120540, task_app_start_time:2117049572799375, task_sched_time:2117054380249989
app_id: 0, app_name: SAR_api-aarch64, task_id: 1350, task_name: DASH_FFT, resource_name: cpu1, ref_start_time: 2117054383271500, ref_stop_time: 2117054383331110, actual_exe_time: 59610, task_app_start_time:2117049572799375, task_sched_time:2117054383265620
app_id: 0, app_name: SAR_api-aarch64, task_id: 1351, task_name: DASH_ZIP, resource_name: cpu2, ref_start_time: 2117054390878841, ref_stop_time: 2117054390966561, actual_exe_time: 87720, task_app_start_time:2117049572799375, task_sched_time:2117054390867591
app_id: 0, app_name: SAR_api-aarch64, task_id: 1352, task_name: DASH_FFT, resource_name: cpu3, ref_start_time: 2117054394227561, ref_stop_time: 2117054394293381, actual_exe_time: 65820, task_app_start_time:2117049572799375, task_sched_time:2117054394222461
app_id: 0, app_name: SAR_api-aarch64, task_id: 1353, task_name: DASH_ZIP, resource_name: zip1, ref_start_time: 2117054399370042, ref_stop_time: 2117054399494512, actual_exe_time: 124470, task_app_start_time:2117049572799375, task_sched_time:2117054399362482
app_id: 0, app_name: SAR_api-aarch64, task_id: 1354, task_name: DASH_FFT, resource_name: cpu1, ref_start_time: 2117054402868583, ref_stop_time: 2117054402925643, actual_exe_time: 57060, task_app_start_time:2117049572799375, task_sched_time:2117054402861263
app_id: 0, app_name: SAR_api-aarch64, task_id: 1355, task_name: DASH_ZIP, resource_name: cpu2, ref_start_time: 2117054408531534, ref_stop_time: 2117054408612174, actual_exe_time: 80640, task_app_start_time:2117049572799375, task_sched_time:2117054408436494
app_id: 0, app_name: SAR_api-aarch64, task_id: 1356, task_name: DASH_FFT, resource_name: cpu3, ref_start_time: 2117054419365105, ref_stop_time: 2117054419439085, actual_exe_time: 73980, task_app_start_time:2117049572799375, task_sched_time:2117054419356465
app_id: 0, app_name: SAR_api-aarch64, task_id: 1357, task_name: DASH_ZIP, resource_name: zip1, ref_start_time: 2117054422726156, ref_stop_time: 2117054422914436, actual_exe_time: 188280, task_app_start_time:2117049572799375, task_sched_time:2117054422718086
app_id: 0, app_name: SAR_api-aarch64, task_id: 1358, task_name: DASH_FFT, resource_name: cpu1, ref_start_time: 2117054431145447, ref_stop_time: 2117054431205837, actual_exe_time: 60390, task_app_start_time:2117049572799375, task_sched_time:2117054431127657
app_id: 0, app_name: SAR_api-aarch64, task_id: 1359, task_name: DASH_ZIP, resource_name: cpu2, ref_start_time: 2117054435977458, ref_stop_time: 2117054436056658, actual_exe_time: 79200, task_app_start_time:2117049572799375, task_sched_time:2117054435831808
app_id: 0, app_name: SAR_api-aarch64, task_id: 1360, task_name: DASH_FFT, resource_name: cpu3, ref_start_time: 2117054443136449, ref_stop_time: 2117054443490149, actual_exe_time: 353700, task_app_start_time:2117049572799375, task_sched_time:2117054443127119
app_id: 0, app_name: SAR_api-aarch64, task_id: 1361, task_name: DASH_ZIP, resource_name: zip1, ref_start_time: 2117054446925930, ref_stop_time: 2117054447047070, actual_exe_time: 121140, task_app_start_time:2117049572799375, task_sched_time:2117054446916030
app_id: 0, app_name: SAR_api-aarch64, task_id: 1362, task_name: DASH_FFT, resource_name: cpu1, ref_start_time: 2117054450050520, ref_stop_time: 2117054450107190, actual_exe_time: 56670, task_app_start_time:2117049572799375, task_sched_time:2117054450025920
app_id: 0, app_name: SAR_api-aarch64, task_id: 1363, task_name: DASH_ZIP, resource_name: cpu2, ref_start_time: 2117054455250061, ref_stop_time: 2117054455331931, actual_exe_time: 81870, task_app_start_time:2117049572799375, task_sched_time:2117054455238631
app_id: 0, app_name: SAR_api-aarch64, task_id: 1364, task_name: DASH_FFT, resource_name: cpu3, ref_start_time: 2117054458802362, ref_stop_time: 2117054459118652, actual_exe_time: 316290, task_app_start_time:2117049572799375, task_sched_time:2117054458792432
app_id: 0, app_name: SAR_api-aarch64, task_id: 1365, task_name: DASH_ZIP, resource_name: zip1, ref_start_time: 2117054462947192, ref_stop_time: 2117054463069292, actual_exe_time: 122100, task_app_start_time:2117049572799375, task_sched_time:2117054462943112
app_id: 0, app_name: SAR_api-aarch64, task_id: 1366, task_name: DASH_FFT, resource_name: cpu1, ref_start_time: 2117054464204403, ref_stop_time: 2117054464256183, actual_exe_time: 51780, task_app_start_time:2117049572799375, task_sched_time:2117054464141613
app_id: 0, app_name: SAR_api-aarch64, task_id: 1367, task_name: DASH_ZIP, resource_name: cpu2, ref_start_time: 2117054470942254, ref_stop_time: 2117054471023584, actual_exe_time: 81330, task_app_start_time:2117049572799375, task_sched_time:2117054470931964
app_id: 0, app_name: SAR_api-aarch64, task_id: 1368, task_name: DASH_FFT, resource_name: cpu3, ref_start_time: 2117054474820894, ref_stop_time: 2117054474887014, actual_exe_time: 66120, task_app_start_time:2117049572799375, task_sched_time:2117054474811744
app_id: 0, app_name: SAR_api-aarch64, task_id: 1369, task_name: DASH_ZIP, resource_name: zip1, ref_start_time: 2117054478151105, ref_stop_time: 2117054478271225, actual_exe_time: 120120, task_app_start_time:2117049572799375, task_sched_time:2117054478146785
app_id: 0, app_name: SAR_api-aarch64, task_id: 1370, task_name: DASH_FFT, resource_name: cpu1, ref_start_time: 2117054486914586, ref_stop_time: 2117054486975816, actual_exe_time: 61230, task_app_start_time:2117049572799375, task_sched_time:2117054486897426
app_id: 0, app_name: SAR_api-aarch64, task_id: 1371, task_name: DASH_ZIP, resource_name: cpu2, ref_start_time: 2117054491852647, ref_stop_time: 2117054491940577, actual_exe_time: 87930, task_app_start_time:2117049572799375, task_sched_time:2117054491717407
app_id: 0, app_name: SAR_api-aarch64, task_id: 1372, task_name: DASH_FFT, resource_name: cpu3, ref_start_time: 2117054494857388, ref_stop_time: 2117054494924498, actual_exe_time: 67110, task_app_start_time:2117049572799375, task_sched_time:2117054494846978
app_id: 0, app_name: SAR_api-aarch64, task_id: 1373, task_name: DASH_ZIP, resource_name: zip1, ref_start_time: 2117054498996848, ref_stop_time: 2117054499121228, actual_exe_time: 124380, task_app_start_time:2117049572799375, task_sched_time:2117054498988118
app_id: 0, app_name: SAR_api-aarch64, task_id: 1374, task_name: DASH_FFT, resource_name: cpu1, ref_start_time: 2117054506340189, ref_stop_time: 2117054506398299, actual_exe_time: 58110, task_app_start_time:2117049572799375, task_sched_time:2117054506283459
app_id: 0, app_name: SAR_api-aarch64, task_id: 1375, task_name: DASH_ZIP, resource_name: cpu2, ref_start_time: 2117054514812401, ref_stop_time: 2117054514898171, actual_exe_time: 85770, task_app_start_time:2117049572799375, task_sched_time:2117054514807151
app_id: 0, app_name: SAR_api-aarch64, task_id: 1376, task_name: DASH_FFT, resource_name: cpu3, ref_start_time: 2117054519077801, ref_stop_time: 2117054519146141, actual_exe_time: 68340, task_app_start_time:2117049572799375, task_sched_time:2117054519069911
app_id: 0, app_name: SAR_api-aarch64, task_id: 1377, task_name: DASH_ZIP, resource_name: zip1, ref_start_time: 2117054520579902, ref_stop_time: 2117054520702482, actual_exe_time: 122580, task_app_start_time:2117049572799375, task_sched_time:2117054520573452
app_id: 0, app_name: SAR_api-aarch64, task_id: 1378, task_name: DASH_FFT, resource_name: cpu1, ref_start_time: 2117054527072263, ref_stop_time: 2117054527127943, actual_exe_time: 55680, task_app_start_time:2117049572799375, task_sched_time:2117054526956973
app_id: 0, app_name: SAR_api-aarch64, task_id: 1379, task_name: DASH_ZIP, resource_name: cpu2, ref_start_time: 2117054533681714, ref_stop_time: 2117054533763524, actual_exe_time: 81810, task_app_start_time:2117049572799375, task_sched_time:2117054533669144
app_id: 0, app_name: SAR_api-aarch64, task_id: 1380, task_name: DASH_FFT, resource_name: cpu3, ref_start_time: 2117054539244975, ref_stop_time: 2117054539314035, actual_exe_time: 69060, task_app_start_time:2117049572799375, task_sched_time:2117054539233605
app_id: 0, app_name: SAR_api-aarch64, task_id: 1381, task_name: DASH_ZIP, resource_name: zip1, ref_start_time: 2117054546951676, ref_stop_time: 2117054547076266, actual_exe_time: 124590, task_app_start_time:2117049572799375, task_sched_time:2117054546943576
app_id: 0, app_name: SAR_api-aarch64, task_id: 1382, task_name: DASH_FFT, resource_name: cpu1, ref_start_time: 2117054548597596, ref_stop_time: 2117054548651086, actual_exe_time: 53490, task_app_start_time:2117049572799375, task_sched_time:2117054548527666
app_id: 0, app_name: SAR_api-aarch64, task_id: 1383, task_name: DASH_ZIP, resource_name: cpu2, ref_start_time: 2117054558786918, ref_stop_time: 2117054558869238, actual_exe_time: 82320, task_app_start_time:2117049572799375, task_sched_time:2117054554924927
app_id: 0, app_name: SAR_api-aarch64, task_id: 1384, task_name: DASH_FFT, resource_name: cpu3, ref_start_time: 2117054560135808, ref_stop_time: 2117054560200368, actual_exe_time: 64560, task_app_start_time:2117049572799375, task_sched_time:2117054560132628
app_id: 0, app_name: SAR_api-aarch64, task_id: 1385, task_name: DASH_ZIP, resource_name: zip1, ref_start_time: 2117054561102498, ref_stop_time: 2117054561222288, actual_exe_time: 119790, task_app_start_time:2117049572799375, task_sched_time:2117054561093828
app_id: 0, app_name: SAR_api-aarch64, task_id: 1386, task_name: DASH_FFT, resource_name: cpu1, ref_start_time: 2117054562264278, ref_stop_time: 2117054562319148, actual_exe_time: 54870, task_app_start_time:2117049572799375, task_sched_time:2117054562223208
app_id: 0, app_name: SAR_api-aarch64, task_id: 1387, task_name: DASH_ZIP, resource_name: cpu2, ref_start_time: 2117054563349199, ref_stop_time: 2117054563427619, actual_exe_time: 78420, task_app_start_time:2117049572799375, task_sched_time:2117054563343829
app_id: 0, app_name: SAR_api-aarch64, task_id: 1388, task_name: DASH_FFT, resource_name: cpu3, ref_start_time: 2117054566818279, ref_stop_time: 2117054566893999, actual_exe_time: 75720, task_app_start_time:2117049572799375, task_sched_time:2117054564069739
app_id: 0, app_name: SAR_api-aarch64, task_id: 1389, task_name: DASH_ZIP, resource_name: zip1, ref_start_time: 2117054567264139, ref_stop_time: 2117054567385309, actual_exe_time: 121170, task_app_start_time:2117049572799375, task_sched_time:2117054567259849
app_id: 0, app_name: SAR_api-aarch64, task_id: 1390, task_name: DASH_FFT, resource_name: cpu1, ref_start_time: 2117054568841059, ref_stop_time: 2117054568891399, actual_exe_time: 50340, task_app_start_time:2117049572799375, task_sched_time:2117054568778119
app_id: 0, app_name: SAR_api-aarch64, task_id: 1391, task_name: DASH_ZIP, resource_name: cpu2, ref_start_time: 2117054569676590, ref_stop_time: 2117054569754320, actual_exe_time: 77730, task_app_start_time:2117049572799375, task_sched_time:2117054569673260
app_id: 0, app_name: SAR_api-aarch64, task_id: 1392, task_name: DASH_FFT, resource_name: cpu3, ref_start_time: 2117054570793700, ref_stop_time: 2117054570859910, actual_exe_time: 66210, task_app_start_time:2117049572799375, task_sched_time:2117054570315140
app_id: 0, app_name: SAR_api-aarch64, task_id: 1393, task_name: DASH_ZIP, resource_name: zip1, ref_start_time: 2117054574787450, ref_stop_time: 2117054574912760, actual_exe_time: 125310, task_app_start_time:2117049572799375, task_sched_time:2117054571766870
app_id: 0, app_name: SAR_api-aarch64, task_id: 1394, task_name: DASH_FFT, resource_name: cpu1, ref_start_time: 2117054575615841, ref_stop_time: 2117054575668671, actual_exe_time: 52830, task_app_start_time:2117049572799375, task_sched_time:2117054575551701
app_id: 0, app_name: SAR_api-aarch64, task_id: 1395, task_name: DASH_ZIP, resource_name: cpu2, ref_start_time: 2117054576747741, ref_stop_time: 2117054576824091, actual_exe_time: 76350, task_app_start_time:2117049572799375, task_sched_time:2117054576738861
app_id: 0, app_name: SAR_api-aarch64, task_id: 1396, task_name: DASH_FFT, resource_name: cpu3, ref_start_time: 2117054577017321, ref_stop_time: 2117054577083321, actual_exe_time: 66000, task_app_start_time:2117049572799375, task_sched_time:2117054577009971
app_id: 0, app_name: SAR_api-aarch64, task_id: 1397, task_name: DASH_ZIP, resource_name: zip1, ref_start_time: 2117054583849942, ref_stop_time: 2117054583973152, actual_exe_time: 123210, task_app_start_time:2117049572799375, task_sched_time:2117054583839472
app_id: 0, app_name: SAR_api-aarch64, task_id: 1398, task_name: DASH_FFT, resource_name: cpu1, ref_start_time: 2117054587030362, ref_stop_time: 2117054587083162, actual_exe_time: 52800, task_app_start_time:2117049572799375, task_sched_time:2117054586859182
app_id: 0, app_name: SAR_api-aarch64, task_id: 1399, task_name: DASH_ZIP, resource_name: cpu2, ref_start_time: 2117054591355013, ref_stop_time: 2117054591432623, actual_exe_time: 77610, task_app_start_time:2117049572799375, task_sched_time:2117054591350033
app_id: 0, app_name: SAR_api-aarch64, task_id: 1400, task_name: DASH_FFT, resource_name: cpu3, ref_start_time: 2117054598897104, ref_stop_time: 2117054598970994, actual_exe_time: 73890, task_app_start_time:2117049572799375, task_sched_time:2117054598889814
app_id: 0, app_name: SAR_api-aarch64, task_id: 1401, task_name: DASH_ZIP, resource_name: zip1, ref_start_time: 2117054602923825, ref_stop_time: 2117054603044785, actual_exe_time: 120960, task_app_start_time:2117049572799375, task_sched_time:2117054602917105
app_id: 0, app_name: SAR_api-aarch64, task_id: 1402, task_name: DASH_FFT, resource_name: cpu1, ref_start_time: 2117054604988335, ref_stop_time: 2117054605041495, actual_exe_time: 53160, task_app_start_time:2117049572799375, task_sched_time:2117054604969525
app_id: 0, app_name: SAR_api-aarch64, task_id: 1403, task_name: DASH_ZIP, resource_name: cpu2, ref_start_time: 2117054606598766, ref_stop_time: 2117054606674906, actual_exe_time: 76140, task_app_start_time:2117049572799375, task_sched_time:2117054606594956
app_id: 0, app_name: SAR_api-aarch64, task_id: 1404, task_name: DASH_FFT, resource_name: cpu3, ref_start_time: 2117054610868366, ref_stop_time: 2117054610935326, actual_exe_time: 66960, task_app_start_time:2117049572799375, task_sched_time:2117054610862246
app_id: 0, app_name: SAR_api-aarch64, task_id: 1405, task_name: DASH_ZIP, resource_name: zip1, ref_start_time: 2117054615320397, ref_stop_time: 2117054615442587, actual_exe_time: 122190, task_app_start_time:2117049572799375, task_sched_time:2117054615313767
app_id: 0, app_name: SAR_api-aarch64, task_id: 1406, task_name: DASH_FFT, resource_name: cpu1, ref_start_time: 2117054619353748, ref_stop_time: 2117054619405078, actual_exe_time: 51330, task_app_start_time:2117049572799375, task_sched_time:2117054619103998
app_id: 0, app_name: SAR_api-aarch64, task_id: 1407, task_name: DASH_ZIP, resource_name: cpu2, ref_start_time: 2117054622217338, ref_stop_time: 2117054622293988, actual_exe_time: 76650, task_app_start_time:2117049572799375, task_sched_time:2117054622207768
app_id: 0, app_name: SAR_api-aarch64, task_id: 1408, task_name: DASH_FFT, resource_name: cpu3, ref_start_time: 2117054626892029, ref_stop_time: 2117054626959589, actual_exe_time: 67560, task_app_start_time:2117049572799375, task_sched_time:2117054626880959
app_id: 0, app_name: SAR_api-aarch64, task_id: 1409, task_name: DASH_ZIP, resource_name: zip1, ref_start_time: 2117054627310289, ref_stop_time: 2117054627429299, actual_exe_time: 119010, task_app_start_time:2117049572799375, task_sched_time:2117054627301589
app_id: 0, app_name: SAR_api-aarch64, task_id: 1410, task_name: DASH_FFT, resource_name: cpu1, ref_start_time: 2117054635284950, ref_stop_time: 2117054635343180, actual_exe_time: 58230, task_app_start_time:2117049572799375, task_sched_time:2117054635070300
app_id: 0, app_name: SAR_api-aarch64, task_id: 1411, task_name: DASH_ZIP, resource_name: cpu2, ref_start_time: 2117054637850161, ref_stop_time: 2117054637928791, actual_exe_time: 78630, task_app_start_time:2117049572799375, task_sched_time:2117054637841821
app_id: 0, app_name: SAR_api-aarch64, task_id: 1412, task_name: DASH_FFT, resource_name: cpu3, ref_start_time: 2117054643253821, ref_stop_time: 2117054643323991, actual_exe_time: 70170, task_app_start_time:2117049572799375, task_sched_time:2117054643246321
app_id: 0, app_name: SAR_api-aarch64, task_id: 1413, task_name: DASH_ZIP, resource_name: zip1, ref_start_time: 2117054650960883, ref_stop_time: 2117054651085173, actual_exe_time: 124290, task_app_start_time:2117049572799375, task_sched_time:2117054650953743
app_id: 0, app_name: SAR_api-aarch64, task_id: 1414, task_name: DASH_FFT, resource_name: cpu1, ref_start_time: 2117054652551963, ref_stop_time: 2117054652606773, actual_exe_time: 54810, task_app_start_time:2117049572799375, task_sched_time:2117054652536663
app_id: 0, app_name: SAR_api-aarch64, task_id: 1415, task_name: DASH_ZIP, resource_name: cpu2, ref_start_time: 2117054662789525, ref_stop_time: 2117054662873135, actual_exe_time: 83610, task_app_start_time:2117049572799375, task_sched_time:2117054657044074
app_id: 0, app_name: SAR_api-aarch64, task_id: 1416, task_name: DASH_FFT, resource_name: cpu3, ref_start_time: 2117054665951375, ref_stop_time: 2117054666015575, actual_exe_time: 64200, task_app_start_time:2117049572799375, task_sched_time:2117054665941565
app_id: 0, app_name: SAR_api-aarch64, task_id: 1417, task_name: DASH_ZIP, resource_name: zip1, ref_start_time: 2117054667336595, ref_stop_time: 2117054667456415, actual_exe_time: 119820, task_app_start_time:2117049572799375, task_sched_time:2117054667332065
app_id: 0, app_name: SAR_api-aarch64, task_id: 1418, task_name: DASH_FFT, resource_name: cpu1, ref_start_time: 2117054671416476, ref_stop_time: 2117054671473326, actual_exe_time: 56850, task_app_start_time:2117049572799375, task_sched_time:2117054671086746
app_id: 0, app_name: SAR_api-aarch64, task_id: 1419, task_name: DASH_ZIP, resource_name: cpu2, ref_start_time: 2117054678814687, ref_stop_time: 2117054678896977, actual_exe_time: 82290, task_app_start_time:2117049572799375, task_sched_time:2117054678806257
app_id: 0, app_name: SAR_api-aarch64, task_id: 1420, task_name: DASH_FFT, resource_name: cpu3, ref_start_time: 2117054679644217, ref_stop_time: 2117054679704547, actual_exe_time: 60330, task_app_start_time:2117049572799375, task_sched_time:2117054679641247
app_id: 0, app_name: SAR_api-aarch64, task_id: 1421, task_name: DASH_ZIP, resource_name: zip1, ref_start_time: 2117054682857758, ref_stop_time: 2117054682979288, actual_exe_time: 121530, task_app_start_time:2117049572799375, task_sched_time:2117054682847588
app_id: 0, app_name: SAR_api-aarch64, task_id: 1422, task_name: DASH_FFT, resource_name: cpu1, ref_start_time: 2117054687387489, ref_stop_time: 2117054687444999, actual_exe_time: 57510, task_app_start_time:2117049572799375, task_sched_time:2117054687261278
app_id: 0, app_name: SAR_api-aarch64, task_id: 1423, task_name: DASH_ZIP, resource_name: cpu2, ref_start_time: 2117054695030770, ref_stop_time: 2117054695111680, actual_exe_time: 80910, task_app_start_time:2117049572799375, task_sched_time:2117054695023360
app_id: 0, app_name: SAR_api-aarch64, task_id: 1424, task_name: DASH_FFT, resource_name: cpu3, ref_start_time: 2117054697585840, ref_stop_time: 2117054698223340, actual_exe_time: 637500, task_app_start_time:2117049572799375, task_sched_time:2117054697580950
app_id: 0, app_name: SAR_api-aarch64, task_id: 1425, task_name: DASH_ZIP, resource_name: zip1, ref_start_time: 2117054701490971, ref_stop_time: 2117054701613101, actual_exe_time: 122130, task_app_start_time:2117049572799375, task_sched_time:2117054701484131
app_id: 0, app_name: SAR_api-aarch64, task_id: 1426, task_name: DASH_FFT, resource_name: cpu1, ref_start_time: 2117054702655391, ref_stop_time: 2117054702710261, actual_exe_time: 54870, task_app_start_time:2117049572799375, task_sched_time:2117054702450371
app_id: 0, app_name: SAR_api-aarch64, task_id: 1427, task_name: DASH_ZIP, resource_name: cpu2, ref_start_time: 2117054706782252, ref_stop_time: 2117054706863132, actual_exe_time: 80880, task_app_start_time:2117049572799375, task_sched_time:2117054703665131
app_id: 0, app_name: SAR_api-aarch64, task_id: 1428, task_name: DASH_FFT, resource_name: cpu3, ref_start_time: 2117054710826192, ref_stop_time: 2117054710895192, actual_exe_time: 69000, task_app_start_time:2117049572799375, task_sched_time:2117054710820492
app_id: 0, app_name: SAR_api-aarch64, task_id: 1429, task_name: DASH_ZIP, resource_name: zip1, ref_start_time: 2117054711806622, ref_stop_time: 2117054711930162, actual_exe_time: 123540, task_app_start_time:2117049572799375, task_sched_time:2117054711799362
app_id: 0, app_name: SAR_api-aarch64, task_id: 1430, task_name: DASH_FFT, resource_name: cpu1, ref_start_time: 2117054716546773, ref_stop_time: 2117054716605783, actual_exe_time: 59010, task_app_start_time:2117049572799375, task_sched_time:2117054716430613
app_id: 0, app_name: SAR_api-aarch64, task_id: 1431, task_name: DASH_ZIP, resource_name: cpu2, ref_start_time: 2117054717926923, ref_stop_time: 2117054718005553, actual_exe_time: 78630, task_app_start_time:2117049572799375, task_sched_time:2117054717922333
app_id: 0, app_name: SAR_api-aarch64, task_id: 1432, task_name: DASH_FFT, resource_name: cpu3, ref_start_time: 2117054719022704, ref_stop_time: 2117054719098844, actual_exe_time: 76140, task_app_start_time:2117049572799375, task_sched_time:2117054719011334
app_id: 0, app_name: SAR_api-aarch64, task_id: 1433, task_name: DASH_ZIP, resource_name: zip1, ref_start_time: 2117054719430794, ref_stop_time: 2117054719549504, actual_exe_time: 118710, task_app_start_time:2117049572799375, task_sched_time:2117054719424524
app_id: 0, app_name: SAR_api-aarch64, task_id: 1434, task_name: DASH_FFT, resource_name: cpu1, ref_start_time: 2117054720656684, ref_stop_time: 2117054720706094, actual_exe_time: 49410, task_app_start_time:2117049572799375, task_sched_time:2117054720653354
app_id: 0, app_name: SAR_api-aarch64, task_id: 1435, task_name: DASH_ZIP, resource_name: cpu2, ref_start_time: 2117054721473734, ref_stop_time: 2117054721773614, actual_exe_time: 299880, task_app_start_time:2117049572799375, task_sched_time:2117054721465124
app_id: 0, app_name: SAR_api-aarch64, task_id: 1436, task_name: DASH_FFT, resource_name: cpu3, ref_start_time: 2117054722805974, ref_stop_time: 2117054722872934, actual_exe_time: 66960, task_app_start_time:2117049572799375, task_sched_time:2117054722440304
app_id: 0, app_name: SAR_api-aarch64, task_id: 1437, task_name: DASH_ZIP, resource_name: zip1, ref_start_time: 2117054723265334, ref_stop_time: 2117054723383804, actual_exe_time: 118470, task_app_start_time:2117049572799375, task_sched_time:2117054723261614
app_id: 0, app_name: SAR_api-aarch64, task_id: 1438, task_name: DASH_FFT, resource_name: cpu1, ref_start_time: 2117054724467224, ref_stop_time: 2117054724514714, actual_exe_time: 47490, task_app_start_time:2117049572799375, task_sched_time:2117054724447334
app_id: 0, app_name: SAR_api-aarch64, task_id: 1439, task_name: DASH_ZIP, resource_name: cpu2, ref_start_time: 2117054725461065, ref_stop_time: 2117054725535765, actual_exe_time: 74700, task_app_start_time:2117049572799375, task_sched_time:2117054725452245
app_id: 0, app_name: SAR_api-aarch64, task_id: 1440, task_name: DASH_FFT, resource_name: cpu3, ref_start_time: 2117054726597465, ref_stop_time: 2117054726661335, actual_exe_time: 63870, task_app_start_time:2117049572799375, task_sched_time:2117054725943555
app_id: 0, app_name: SAR_api-aarch64, task_id: 1441, task_name: DASH_ZIP, resource_name: zip1, ref_start_time: 2117054730995736, ref_stop_time: 2117054731218396, actual_exe_time: 222660, task_app_start_time:2117049572799375, task_sched_time:2117054730990096
app_id: 0, app_name: SAR_api-aarch64, task_id: 1442, task_name: DASH_FFT, resource_name: cpu1, ref_start_time: 2117054735190306, ref_stop_time: 2117054735247396, actual_exe_time: 57090, task_app_start_time:2117049572799375, task_sched_time:2117054734920516
app_id: 0, app_name: SAR_api-aarch64, task_id: 1443, task_name: DASH_ZIP, resource_name: cpu2, ref_start_time: 2117054741711257, ref_stop_time: 2117054741792047, actual_exe_time: 80790, task_app_start_time:2117049572799375, task_sched_time:2117054741706727
app_id: 0, app_name: SAR_api-aarch64, task_id: 1444, task_name: DASH_FFT, resource_name: cpu3, ref_start_time: 2117054746895888, ref_stop_time: 2117054746970258, actual_exe_time: 74370, task_app_start_time:2117049572799375, task_sched_time:2117054746887488
app_id: 0, app_name: SAR_api-aarch64, task_id: 1445, task_name: DASH_ZIP, resource_name: zip1, ref_start_time: 2117054750946639, ref_stop_time: 2117054751069519, actual_exe_time: 122880, task_app_start_time:2117049572799375, task_sched_time:2117054750937519
app_id: 0, app_name: SAR_api-aarch64, task_id: 1446, task_name: DASH_FFT, resource_name: cpu1, ref_start_time: 2117054755201809, ref_stop_time: 2117054755408479, actual_exe_time: 206670, task_app_start_time:2117049572799375, task_sched_time:2117054755123569
app_id: 0, app_name: SAR_api-aarch64, task_id: 1447, task_name: DASH_ZIP, resource_name: cpu2, ref_start_time: 2117054757163210, ref_stop_time: 2117054757241210, actual_exe_time: 78000, task_app_start_time:2117049572799375, task_sched_time:2117054757152680
app_id: 0, app_name: SAR_api-aarch64, task_id: 1448, task_name: DASH_FFT, resource_name: cpu3, ref_start_time: 2117054763170981, ref_stop_time: 2117054763244991, actual_exe_time: 74010, task_app_start_time:2117049572799375, task_sched_time:2117054763162791
app_id: 0, app_name: SAR_api-aarch64, task_id: 1449, task_name: DASH_ZIP, resource_name: zip1, ref_start_time: 2117054766920531, ref_stop_time: 2117054767041881, actual_exe_time: 121350, task_app_start_time:2117049572799375, task_sched_time:2117054766915131
app_id: 0, app_name: SAR_api-aarch64, task_id: 1450, task_name: DASH_FFT, resource_name: cpu1, ref_start_time: 2117054770881192, ref_stop_time: 2117054770936212, actual_exe_time: 55020, task_app_start_time:2117049572799375, task_sched_time:2117054770876212
app_id: 0, app_name: SAR_api-aarch64, task_id: 1451, task_name: DASH_ZIP, resource_name: cpu2, ref_start_time: 2117054772577602, ref_stop_time: 2117054772654942, actual_exe_time: 77340, task_app_start_time:2117049572799375, task_sched_time:2117054772569802
app_id: 0, app_name: SAR_api-aarch64, task_id: 1452, task_name: DASH_FFT, resource_name: cpu3, ref_start_time: 2117054778944293, ref_stop_time: 2117054779012573, actual_exe_time: 68280, task_app_start_time:2117049572799375, task_sched_time:2117054778936613
app_id: 0, app_name: SAR_api-aarch64, task_id: 1453, task_name: DASH_ZIP, resource_name: zip1, ref_start_time: 2117054779481053, ref_stop_time: 2117054779605523, actual_exe_time: 124470, task_app_start_time:2117049572799375, task_sched_time:2117054779476343
app_id: 0, app_name: SAR_api-aarch64, task_id: 1454, task_name: DASH_FFT, resource_name: cpu1, ref_start_time: 2117054783401484, ref_stop_time: 2117054783454014, actual_exe_time: 52530, task_app_start_time:2117049572799375, task_sched_time:2117054783363114
app_id: 0, app_name: SAR_api-aarch64, task_id: 1455, task_name: DASH_ZIP, resource_name: cpu2, ref_start_time: 2117054786642384, ref_stop_time: 2117054786718524, actual_exe_time: 76140, task_app_start_time:2117049572799375, task_sched_time:2117054786636174
app_id: 0, app_name: SAR_api-aarch64, task_id: 1456, task_name: DASH_FFT, resource_name: cpu3, ref_start_time: 2117054787547065, ref_stop_time: 2117054787609405, actual_exe_time: 62340, task_app_start_time:2117049572799375, task_sched_time:2117054787540255
app_id: 0, app_name: SAR_api-aarch64, task_id: 1457, task_name: DASH_ZIP, resource_name: zip1, ref_start_time: 2117054790999525, ref_stop_time: 2117054791122105, actual_exe_time: 122580, task_app_start_time:2117049572799375, task_sched_time:2117054790989715
app_id: 0, app_name: SAR_api-aarch64, task_id: 1458, task_name: DASH_FFT, resource_name: cpu1, ref_start_time: 2117054795245336, ref_stop_time: 2117054795303056, actual_exe_time: 57720, task_app_start_time:2117049572799375, task_sched_time:2117054795240686
app_id: 0, app_name: SAR_api-aarch64, task_id: 1459, task_name: DASH_ZIP, resource_name: cpu2, ref_start_time: 2117054799487397, ref_stop_time: 2117054799564497, actual_exe_time: 77100, task_app_start_time:2117049572799375, task_sched_time:2117054799482177
app_id: 0, app_name: SAR_api-aarch64, task_id: 1460, task_name: DASH_FFT, resource_name: cpu3, ref_start_time: 2117054802271607, ref_stop_time: 2117054802333737, actual_exe_time: 62130, task_app_start_time:2117049572799375, task_sched_time:2117054802263687
app_id: 0, app_name: SAR_api-aarch64, task_id: 1461, task_name: DASH_ZIP, resource_name: zip1, ref_start_time: 2117054811024618, ref_stop_time: 2117054811150708, actual_exe_time: 126090, task_app_start_time:2117049572799375, task_sched_time:2117054811013548
app_id: 0, app_name: SAR_api-aarch64, task_id: 1462, task_name: DASH_FFT, resource_name: cpu1, ref_start_time: 2117054814901279, ref_stop_time: 2117054814955549, actual_exe_time: 54270, task_app_start_time:2117049572799375, task_sched_time:2117054814863569
app_id: 0, app_name: SAR_api-aarch64, task_id: 1463, task_name: DASH_ZIP, resource_name: cpu2, ref_start_time: 2117054817583219, ref_stop_time: 2117054817660319, actual_exe_time: 77100, task_app_start_time:2117049572799375, task_sched_time:2117054817573589
app_id: 0, app_name: SAR_api-aarch64, task_id: 1464, task_name: DASH_FFT, resource_name: cpu3, ref_start_time: 2117054823235430, ref_stop_time: 2117054823302840, actual_exe_time: 67410, task_app_start_time:2117049572799375, task_sched_time:2117054823226430
app_id: 0, app_name: SAR_api-aarch64, task_id: 1465, task_name: DASH_ZIP, resource_name: zip1, ref_start_time: 2117054826912711, ref_stop_time: 2117054827035471, actual_exe_time: 122760, task_app_start_time:2117049572799375, task_sched_time:2117054826903531
app_id: 0, app_name: SAR_api-aarch64, task_id: 1466, task_name: DASH_FFT, resource_name: cpu1, ref_start_time: 2117054830888702, ref_stop_time: 2117054830943722, actual_exe_time: 55020, task_app_start_time:2117049572799375, task_sched_time:2117054830883512
app_id: 0, app_name: SAR_api-aarch64, task_id: 1467, task_name: DASH_ZIP, resource_name: cpu2, ref_start_time: 2117054832583582, ref_stop_time: 2117054832659422, actual_exe_time: 75840, task_app_start_time:2117049572799375, task_sched_time:2117054832574312
app_id: 0, app_name: SAR_api-aarch64, task_id: 1468, task_name: DASH_FFT, resource_name: cpu3, ref_start_time: 2117054838932573, ref_stop_time: 2117054839000733, actual_exe_time: 68160, task_app_start_time:2117049572799375, task_sched_time:2117054838925343
app_id: 0, app_name: SAR_api-aarch64, task_id: 1469, task_name: DASH_ZIP, resource_name: zip1, ref_start_time: 2117054839360133, ref_stop_time: 2117054839479503, actual_exe_time: 119370, task_app_start_time:2117049572799375, task_sched_time:2117054839352183
app_id: 0, app_name: SAR_api-aarch64, task_id: 1470, task_name: DASH_FFT, resource_name: cpu1, ref_start_time: 2117054850838315, ref_stop_time: 2117054850900895, actual_exe_time: 62580, task_app_start_time:2117049572799375, task_sched_time:2117054850823045
app_id: 0, app_name: SAR_api-aarch64, task_id: 1471, task_name: DASH_ZIP, resource_name: cpu2, ref_start_time: 2117054855248316, ref_stop_time: 2117054855326946, actual_exe_time: 78630, task_app_start_time:2117049572799375, task_sched_time:2117054855241686
app_id: 0, app_name: SAR_api-aarch64, task_id: 1472, task_name: DASH_FFT, resource_name: cpu3, ref_start_time: 2117054858898626, ref_stop_time: 2117054858967266, actual_exe_time: 68640, task_app_start_time:2117049572799375, task_sched_time:2117054858891516
app_id: 0, app_name: SAR_api-aarch64, task_id: 1473, task_name: DASH_ZIP, resource_name: zip1, ref_start_time: 2117054862273027, ref_stop_time: 2117054862396987, actual_exe_time: 123960, task_app_start_time:2117049572799375, task_sched_time:2117054862265347
app_id: 0, app_name: SAR_api-aarch64, task_id: 1474, task_name: DASH_FFT, resource_name: cpu1, ref_start_time: 2117054867199657, ref_stop_time: 2117054867257347, actual_exe_time: 57690, task_app_start_time:2117049572799375, task_sched_time:2117054867135907
app_id: 0, app_name: SAR_api-aarch64, task_id: 1475, task_name: DASH_ZIP, resource_name: cpu2, ref_start_time: 2117054870786728, ref_stop_time: 2117054871086908, actual_exe_time: 300180, task_app_start_time:2117049572799375, task_sched_time:2117054870779198
app_id: 0, app_name: SAR_api-aarch64, task_id: 1476, task_name: DASH_FFT, resource_name: cpu3, ref_start_time: 2117054876076329, ref_stop_time: 2117054876140559, actual_exe_time: 64230, task_app_start_time:2117049572799375, task_sched_time:2117054876062259
app_id: 0, app_name: SAR_api-aarch64, task_id: 1477, task_name: DASH_ZIP, resource_name: zip1, ref_start_time: 2117054877637469, ref_stop_time: 2117054877762089, actual_exe_time: 124620, task_app_start_time:2117049572799375, task_sched_time:2117054877627029
app_id: 0, app_name: SAR_api-aarch64, task_id: 1478, task_name: DASH_FFT, resource_name: cpu1, ref_start_time: 2117054881125690, ref_stop_time: 2117054881185240, actual_exe_time: 59550, task_app_start_time:2117049572799375, task_sched_time:2117054881116030
app_id: 0, app_name: SAR_api-aarch64, task_id: 1479, task_name: DASH_ZIP, resource_name: cpu2, ref_start_time: 2117054883145530, ref_stop_time: 2117054883223680, actual_exe_time: 78150, task_app_start_time:2117049572799375, task_sched_time:2117054883138600
app_id: 0, app_name: SAR_api-aarch64, task_id: 1480, task_name: DASH_FFT, resource_name: cpu3, ref_start_time: 2117054890708741, ref_stop_time: 2117054890789561, actual_exe_time: 80820, task_app_start_time:2117049572799375, task_sched_time:2117054890700941
app_id: 0, app_name: SAR_api-aarch64, task_id: 1481, task_name: DASH_ZIP, resource_name: zip1, ref_start_time: 2117054891578021, ref_stop_time: 2117054891707951, actual_exe_time: 129930, task_app_start_time:2117049572799375, task_sched_time:2117054891568691
app_id: 0, app_name: SAR_api-aarch64, task_id: 1482, task_name: DASH_FFT, resource_name: cpu1, ref_start_time: 2117054896127402, ref_stop_time: 2117054896559762, actual_exe_time: 432360, task_app_start_time:2117049572799375, task_sched_time:2117054896109102
app_id: 0, app_name: SAR_api-aarch64, task_id: 1483, task_name: DASH_ZIP, resource_name: cpu2, ref_start_time: 2117054897522672, ref_stop_time: 2117054897599922, actual_exe_time: 77250, task_app_start_time:2117049572799375, task_sched_time:2117054897513492
app_id: 0, app_name: SAR_api-aarch64, task_id: 1484, task_name: DASH_FFT, resource_name: cpu3, ref_start_time: 2117054898807513, ref_stop_time: 2117054898874893, actual_exe_time: 67380, task_app_start_time:2117049572799375, task_sched_time:2117054897879792
app_id: 0, app_name: SAR_api-aarch64, task_id: 1485, task_name: DASH_ZIP, resource_name: zip1, ref_start_time: 2117054902795773, ref_stop_time: 2117054902917573, actual_exe_time: 121800, task_app_start_time:2117049572799375, task_sched_time:2117054899751883
app_id: 0, app_name: SAR_api-aarch64, task_id: 1486, task_name: DASH_FFT, resource_name: cpu1, ref_start_time: 2117054903299623, ref_stop_time: 2117054903351043, actual_exe_time: 51420, task_app_start_time:2117049572799375, task_sched_time:2117054903296113
app_id: 0, app_name: SAR_api-aarch64, task_id: 1487, task_name: DASH_ZIP, resource_name: cpu2, ref_start_time: 2117054904810003, ref_stop_time: 2117054904886534, actual_exe_time: 76531, task_app_start_time:2117049572799375, task_sched_time:2117054904800163
app_id: 0, app_name: SAR_api-aarch64, task_id: 1488, task_name: DASH_FFT, resource_name: cpu3, ref_start_time: 2117054906380144, ref_stop_time: 2117054906446174, actual_exe_time: 66030, task_app_start_time:2117049572799375, task_sched_time:2117054905572604
app_id: 0, app_name: SAR_api-aarch64, task_id: 1489, task_name: DASH_ZIP, resource_name: zip1, ref_start_time: 2117054910408244, ref_stop_time: 2117054910532804, actual_exe_time: 124560, task_app_start_time:2117049572799375, task_sched_time:2117054910397474
app_id: 0, app_name: SAR_api-aarch64, task_id: 1490, task_name: DASH_FFT, resource_name: cpu1, ref_start_time: 2117054911602845, ref_stop_time: 2117054911658765, actual_exe_time: 55920, task_app_start_time:2117049572799375, task_sched_time:2117054911553465
app_id: 0, app_name: SAR_api-aarch64, task_id: 1491, task_name: DASH_ZIP, resource_name: cpu2, ref_start_time: 2117054914795055, ref_stop_time: 2117054914872275, actual_exe_time: 77220, task_app_start_time:2117049572799375, task_sched_time:2117054911959515
app_id: 0, app_name: SAR_api-aarch64, task_id: 1492, task_name: DASH_FFT, resource_name: cpu3, ref_start_time: 2117054919141846, ref_stop_time: 2117054919215526, actual_exe_time: 73680, task_app_start_time:2117049572799375, task_sched_time:2117054919137496
app_id: 0, app_name: SAR_api-aarch64, task_id: 1493, task_name: DASH_ZIP, resource_name: zip1, ref_start_time: 2117054921205186, ref_stop_time: 2117054921332866, actual_exe_time: 127680, task_app_start_time:2117049572799375, task_sched_time:2117054921200566
app_id: 0, app_name: SAR_api-aarch64, task_id: 1494, task_name: DASH_FFT, resource_name: cpu1, ref_start_time: 2117054925326677, ref_stop_time: 2117054925384787, actual_exe_time: 58110, task_app_start_time:2117049572799375, task_sched_time:2117054925310327
app_id: 0, app_name: SAR_api-aarch64, task_id: 1495, task_name: DASH_ZIP, resource_name: cpu2, ref_start_time: 2117054930892518, ref_stop_time: 2117054930972618, actual_exe_time: 80100, task_app_start_time:2117049572799375, task_sched_time:2117054926470577
app_id: 0, app_name: SAR_api-aarch64, task_id: 1496, task_name: DASH_FFT, resource_name: cpu3, ref_start_time: 2117054931815018, ref_stop_time: 2117054931880208, actual_exe_time: 65190, task_app_start_time:2117049572799375, task_sched_time:2117054931811448
app_id: 0, app_name: SAR_api-aarch64, task_id: 1497, task_name: DASH_ZIP, resource_name: zip1, ref_start_time: 2117054933024228, ref_stop_time: 2117054933143478, actual_exe_time: 119250, task_app_start_time:2117049572799375, task_sched_time:2117054933019128
app_id: 0, app_name: SAR_api-aarch64, task_id: 1498, task_name: DASH_FFT, resource_name: cpu1, ref_start_time: 2117054933903798, ref_stop_time: 2117054933952998, actual_exe_time: 49200, task_app_start_time:2117049572799375, task_sched_time:2117054933848208
app_id: 0, app_name: SAR_api-aarch64, task_id: 1499, task_name: DASH_ZIP, resource_name: cpu2, ref_start_time: 2117054934886478, ref_stop_time: 2117054934961838, actual_exe_time: 75360, task_app_start_time:2117049572799375, task_sched_time:2117054934881258
app_id: 0, app_name: SAR_api-aarch64, task_id: 1500, task_name: DASH_FFT, resource_name: cpu3, ref_start_time: 2117054935686968, ref_stop_time: 2117054935742378, actual_exe_time: 55410, task_app_start_time:2117049572799375, task_sched_time:2117054935681628
app_id: 0, app_name: SAR_api-aarch64, task_id: 1501, task_name: DASH_ZIP, resource_name: zip1, ref_start_time: 2117054936456049, ref_stop_time: 2117054936580969, actual_exe_time: 124920, task_app_start_time:2117049572799375, task_sched_time:2117054936449149
app_id: 0, app_name: SAR_api-aarch64, task_id: 1502, task_name: DASH_FFT, resource_name: cpu1, ref_start_time: 2117054943152800, ref_stop_time: 2117054943214540, actual_exe_time: 61740, task_app_start_time:2117049572799375, task_sched_time:2117054943102160
app_id: 0, app_name: SAR_api-aarch64, task_id: 1503, task_name: DASH_ZIP, resource_name: cpu2, ref_start_time: 2117054946922180, ref_stop_time: 2117054947073290, actual_exe_time: 151110, task_app_start_time:2117049572799375, task_sched_time:2117054946779830
app_id: 0, app_name: SAR_api-aarch64, task_id: 1504, task_name: DASH_FFT, resource_name: cpu3, ref_start_time: 2117054950826951, ref_stop_time: 2117054950894841, actual_exe_time: 67890, task_app_start_time:2117049572799375, task_sched_time:2117054950809041
app_id: 0, app_name: SAR_api-aarch64, task_id: 1505, task_name: DASH_ZIP, resource_name: zip1, ref_start_time: 2117054951901461, ref_stop_time: 2117054952022361, actual_exe_time: 120900, task_app_start_time:2117049572799375, task_sched_time:2117054951894111
app_id: 0, app_name: SAR_api-aarch64, task_id: 1506, task_name: DASH_FFT, resource_name: cpu1, ref_start_time: 2117054955017922, ref_stop_time: 2117054955075192, actual_exe_time: 57270, task_app_start_time:2117049572799375, task_sched_time:2117054954937762
app_id: 0, app_name: SAR_api-aarch64, task_id: 1507, task_name: DASH_ZIP, resource_name: cpu2, ref_start_time: 2117054962819453, ref_stop_time: 2117054963162773, actual_exe_time: 343320, task_app_start_time:2117049572799375, task_sched_time:2117054962812223
app_id: 0, app_name: SAR_api-aarch64, task_id: 1508, task_name: DASH_FFT, resource_name: cpu3, ref_start_time: 2117054966103763, ref_stop_time: 2117054966172703, actual_exe_time: 68940, task_app_start_time:2117049572799375, task_sched_time:2117054966097463
app_id: 0, app_name: SAR_api-aarch64, task_id: 1509, task_name: DASH_ZIP, resource_name: zip1, ref_start_time: 2117054967821594, ref_stop_time: 2117054967947084, actual_exe_time: 125490, task_app_start_time:2117049572799375, task_sched_time:2117054967711074
app_id: 0, app_name: SAR_api-aarch64, task_id: 1510, task_name: DASH_FFT, resource_name: cpu1, ref_start_time: 2117054971231094, ref_stop_time: 2117054971288424, actual_exe_time: 57330, task_app_start_time:2117049572799375, task_sched_time:2117054971140824
app_id: 0, app_name: SAR_api-aarch64, task_id: 1511, task_name: DASH_ZIP, resource_name: cpu2, ref_start_time: 2117054978865345, ref_stop_time: 2117054978945415, actual_exe_time: 80070, task_app_start_time:2117049572799375, task_sched_time:2117054978859675
app_id: 0, app_name: SAR_api-aarch64, task_id: 1512, task_name: DASH_FFT, resource_name: cpu3, ref_start_time: 2117054981919226, ref_stop_time: 2117054981991586, actual_exe_time: 72360, task_app_start_time:2117049572799375, task_sched_time:2117054981910496
app_id: 0, app_name: SAR_api-aarch64, task_id: 1513, task_name: DASH_ZIP, resource_name: zip1, ref_start_time: 2117054991655187, ref_stop_time: 2117054991781007, actual_exe_time: 125820, task_app_start_time:2117049572799375, task_sched_time:2117054991646757
app_id: 0, app_name: SAR_api-aarch64, task_id: 1514, task_name: DASH_FFT, resource_name: cpu1, ref_start_time: 2117054992698468, ref_stop_time: 2117054992750698, actual_exe_time: 52230, task_app_start_time:2117049572799375, task_sched_time:2117054992640688
app_id: 0, app_name: SAR_api-aarch64, task_id: 1515, task_name: DASH_ZIP, resource_name: cpu2, ref_start_time: 2117054997561648, ref_stop_time: 2117054997639378, actual_exe_time: 77730, task_app_start_time:2117049572799375, task_sched_time:2117054997551928
app_id: 0, app_name: SAR_api-aarch64, task_id: 1516, task_name: DASH_FFT, resource_name: cpu3, ref_start_time: 2117055002840419, ref_stop_time: 2117055003191839, actual_exe_time: 351420, task_app_start_time:2117049572799375, task_sched_time:2117055002831269
app_id: 0, app_name: SAR_api-aarch64, task_id: 1517, task_name: DASH_ZIP, resource_name: zip1, ref_start_time: 2117055007262630, ref_stop_time: 2117055007384790, actual_exe_time: 122160, task_app_start_time:2117049572799375, task_sched_time:2117055007257080
app_id: 0, app_name: SAR_api-aarch64, task_id: 1518, task_name: DASH_FFT, resource_name: cpu1, ref_start_time: 2117055011042751, ref_stop_time: 2117055011097351, actual_exe_time: 54600, task_app_start_time:2117049572799375, task_sched_time:2117055010855281
app_id: 0, app_name: SAR_api-aarch64, task_id: 1519, task_name: DASH_ZIP, resource_name: cpu2, ref_start_time: 2117055013742001, ref_stop_time: 2117055014033961, actual_exe_time: 291960, task_app_start_time:2117049572799375, task_sched_time:2117055013735401
app_id: 0, app_name: SAR_api-aarch64, task_id: 1520, task_name: DASH_FFT, resource_name: cpu3, ref_start_time: 2117055019121122, ref_stop_time: 2117055019192552, actual_exe_time: 71430, task_app_start_time:2117049572799375, task_sched_time:2117055019110082
app_id: 0, app_name: SAR_api-aarch64, task_id: 1521, task_name: DASH_ZIP, resource_name: zip1, ref_start_time: 2117055022914983, ref_stop_time: 2117055023036333, actual_exe_time: 121350, task_app_start_time:2117049572799375, task_sched_time:2117055022906613
app_id: 0, app_name: SAR_api-aarch64, task_id: 1522, task_name: DASH_FFT, resource_name: cpu1, ref_start_time: 2117055026894123, ref_stop_time: 2117055026948363, actual_exe_time: 54240, task_app_start_time:2117049572799375, task_sched_time:2117055026889083
app_id: 0, app_name: SAR_api-aarch64, task_id: 1523, task_name: DASH_ZIP, resource_name: cpu2, ref_start_time: 2117055027592853, ref_stop_time: 2117055027671273, actual_exe_time: 78420, task_app_start_time:2117049572799375, task_sched_time:2117055027583433
app_id: 0, app_name: SAR_api-aarch64, task_id: 1524, task_name: DASH_FFT, resource_name: cpu3, ref_start_time: 2117055031074834, ref_stop_time: 2117055031146264, actual_exe_time: 71430, task_app_start_time:2117049572799375, task_sched_time:2117055031066044
app_id: 0, app_name: SAR_api-aarch64, task_id: 1525, task_name: DASH_ZIP, resource_name: zip1, ref_start_time: 2117055039010105, ref_stop_time: 2117055039134275, actual_exe_time: 124170, task_app_start_time:2117049572799375, task_sched_time:2117055039003535
app_id: 0, app_name: SAR_api-aarch64, task_id: 1526, task_name: DASH_FFT, resource_name: cpu1, ref_start_time: 2117055039796375, ref_stop_time: 2117055039894685, actual_exe_time: 98310, task_app_start_time:2117049572799375, task_sched_time:2117055039384235
app_id: 0, app_name: SAR_api-aarch64, task_id: 1527, task_name: DASH_ZIP, resource_name: cpu2, ref_start_time: 2117055043993646, ref_stop_time: 2117055044070866, actual_exe_time: 77220, task_app_start_time:2117049572799375, task_sched_time:2117055043989056
app_id: 0, app_name: SAR_api-aarch64, task_id: 1528, task_name: DASH_FFT, resource_name: cpu3, ref_start_time: 2117055051245967, ref_stop_time: 2117055051317277, actual_exe_time: 71310, task_app_start_time:2117049572799375, task_sched_time:2117055051238557
app_id: 0, app_name: SAR_api-aarch64, task_id: 1529, task_name: DASH_ZIP, resource_name: zip1, ref_start_time: 2117055058233448, ref_stop_time: 2117055058362658, actual_exe_time: 129210, task_app_start_time:2117049572799375, task_sched_time:2117055058223848
app_id: 0, app_name: SAR_api-aarch64, task_id: 1530, task_name: DASH_FFT, resource_name: cpu1, ref_start_time: 2117055066898740, ref_stop_time: 2117055066955680, actual_exe_time: 56940, task_app_start_time:2117049572799375, task_sched_time:2117055066892830
app_id: 0, app_name: SAR_api-aarch64, task_id: 1531, task_name: DASH_ZIP, resource_name: cpu2, ref_start_time: 2117055070812870, ref_stop_time: 2117055070890960, actual_exe_time: 78090, task_app_start_time:2117049572799375, task_sched_time:2117055070806510
app_id: 0, app_name: SAR_api-aarch64, task_id: 1532, task_name: DASH_FFT, resource_name: cpu3, ref_start_time: 2117055074803951, ref_stop_time: 2117055074875771, actual_exe_time: 71820, task_app_start_time:2117049572799375, task_sched_time:2117055072145980
app_id: 0, app_name: SAR_api-aarch64, task_id: 1533, task_name: DASH_ZIP, resource_name: zip1, ref_start_time: 2117055079493042, ref_stop_time: 2117055079618142, actual_exe_time: 125100, task_app_start_time:2117049572799375, task_sched_time:2117055079484312
app_id: 0, app_name: SAR_api-aarch64, task_id: 1534, task_name: DASH_FFT, resource_name: cpu1, ref_start_time: 2117055086284023, ref_stop_time: 2117055086341443, actual_exe_time: 57420, task_app_start_time:2117049572799375, task_sched_time:2117055086276823
app_id: 0, app_name: SAR_api-aarch64, task_id: 1535, task_name: DASH_ZIP, resource_name: cpu2, ref_start_time: 2117055091075593, ref_stop_time: 2117055091156713, actual_exe_time: 81120, task_app_start_time:2117049572799375, task_sched_time:2117055087651453
app_id: 0, app_name: SAR_api-aarch64, task_id: 1536, task_name: DASH_FFT, resource_name: cpu3, ref_start_time: 2117055092017114, ref_stop_time: 2117055092084044, actual_exe_time: 66930, task_app_start_time:2117049572799375, task_sched_time:2117055092007544
app_id: 0, app_name: SAR_api-aarch64, task_id: 1537, task_name: DASH_ZIP, resource_name: zip1, ref_start_time: 2117055092867434, ref_stop_time: 2117055092992474, actual_exe_time: 125040, task_app_start_time:2117049572799375, task_sched_time:2117055092863204
app_id: 0, app_name: SAR_api-aarch64, task_id: 1538, task_name: DASH_FFT, resource_name: cpu1, ref_start_time: 2117055094150654, ref_stop_time: 2117055094202944, actual_exe_time: 52290, task_app_start_time:2117049572799375, task_sched_time:2117055094142794
app_id: 0, app_name: SAR_api-aarch64, task_id: 1539, task_name: DASH_ZIP, resource_name: cpu2, ref_start_time: 2117055095145484, ref_stop_time: 2117055095222074, actual_exe_time: 76590, task_app_start_time:2117049572799375, task_sched_time:2117055095140264
app_id: 0, app_name: SAR_api-aarch64, task_id: 1540, task_name: DASH_FFT, resource_name: cpu3, ref_start_time: 2117055095665654, ref_stop_time: 2117055095723494, actual_exe_time: 57840, task_app_start_time:2117049572799375, task_sched_time:2117055095659144
app_id: 0, app_name: SAR_api-aarch64, task_id: 1541, task_name: DASH_ZIP, resource_name: zip1, ref_start_time: 2117055096466804, ref_stop_time: 2117055096584824, actual_exe_time: 118020, task_app_start_time:2117049572799375, task_sched_time:2117055096459484
app_id: 0, app_name: SAR_api-aarch64, task_id: 1542, task_name: DASH_FFT, resource_name: cpu1, ref_start_time: 2117055097152694, ref_stop_time: 2117055097200364, actual_exe_time: 47670, task_app_start_time:2117049572799375, task_sched_time:2117055097144174
app_id: 0, app_name: SAR_api-aarch64, task_id: 1543, task_name: DASH_ZIP, resource_name: cpu2, ref_start_time: 2117055098794265, ref_stop_time: 2117055098869445, actual_exe_time: 75180, task_app_start_time:2117049572799375, task_sched_time:2117055097894175
app_id: 0, app_name: SAR_api-aarch64, task_id: 1544, task_name: DASH_FFT, resource_name: cpu3, ref_start_time: 2117055099707795, ref_stop_time: 2117055099766985, actual_exe_time: 59190, task_app_start_time:2117049572799375, task_sched_time:2117055099698885
app_id: 0, app_name: SAR_api-aarch64, task_id: 1545, task_name: DASH_ZIP, resource_name: zip1, ref_start_time: 2117055100972535, ref_stop_time: 2117055101093345, actual_exe_time: 120810, task_app_start_time:2117049572799375, task_sched_time:2117055100966865
app_id: 0, app_name: SAR_api-aarch64, task_id: 1546, task_name: DASH_FFT, resource_name: cpu1, ref_start_time: 2117055102074255, ref_stop_time: 2117055102123395, actual_exe_time: 49140, task_app_start_time:2117049572799375, task_sched_time:2117055102070655
app_id: 0, app_name: SAR_api-aarch64, task_id: 1547, task_name: DASH_ZIP, resource_name: cpu2, ref_start_time: 2117055106345296, ref_stop_time: 2117055106430826, actual_exe_time: 85530, task_app_start_time:2117049572799375, task_sched_time:2117055106334586
app_id: 0, app_name: SAR_api-aarch64, task_id: 1548, task_name: DASH_FFT, resource_name: cpu3, ref_start_time: 2117055110801647, ref_stop_time: 2117055110875147, actual_exe_time: 73500, task_app_start_time:2117049572799375, task_sched_time:2117055107317386
app_id: 0, app_name: SAR_api-aarch64, task_id: 1549, task_name: DASH_ZIP, resource_name: zip1, ref_start_time: 2117055111956437, ref_stop_time: 2117055112076107, actual_exe_time: 119670, task_app_start_time:2117049572799375, task_sched_time:2117055111952117
app_id: 0, app_name: SAR_api-aarch64, task_id: 1550, task_name: DASH_FFT, resource_name: cpu1, ref_start_time: 2117055112895377, ref_stop_time: 2117055112943827, actual_exe_time: 48450, task_app_start_time:2117049572799375, task_sched_time:2117055112892347
app_id: 0, app_name: SAR_api-aarch64, task_id: 1551, task_name: DASH_ZIP, resource_name: cpu2, ref_start_time: 2117055113662957, ref_stop_time: 2117055113737747, actual_exe_time: 74790, task_app_start_time:2117049572799375, task_sched_time:2117055113653417
app_id: 0, app_name: SAR_api-aarch64, task_id: 1552, task_name: DASH_FFT, resource_name: cpu3, ref_start_time: 2117055116706488, ref_stop_time: 2117055116771378, actual_exe_time: 64890, task_app_start_time:2117049572799375, task_sched_time:2117055114514477
app_id: 0, app_name: SAR_api-aarch64, task_id: 1553, task_name: DASH_ZIP, resource_name: zip1, ref_start_time: 2117055117949808, ref_stop_time: 2117055118077038, actual_exe_time: 127230, task_app_start_time:2117049572799375, task_sched_time:2117055117940088
app_id: 0, app_name: SAR_api-aarch64, task_id: 1554, task_name: DASH_FFT, resource_name: cpu1, ref_start_time: 2117055118885208, ref_stop_time: 2117055118937048, actual_exe_time: 51840, task_app_start_time:2117049572799375, task_sched_time:2117055118877978
app_id: 0, app_name: SAR_api-aarch64, task_id: 1555, task_name: DASH_ZIP, resource_name: cpu2, ref_start_time: 2117055122782359, ref_stop_time: 2117055122866269, actual_exe_time: 83910, task_app_start_time:2117049572799375, task_sched_time:2117055119311478
app_id: 0, app_name: SAR_api-aarch64, task_id: 1556, task_name: DASH_FFT, resource_name: cpu3, ref_start_time: 2117055126942069, ref_stop_time: 2117055127010349, actual_exe_time: 68280, task_app_start_time:2117049572799375, task_sched_time:2117055126935559
app_id: 0, app_name: SAR_api-aarch64, task_id: 1557, task_name: DASH_ZIP, resource_name: zip1, ref_start_time: 2117055131410060, ref_stop_time: 2117055131533660, actual_exe_time: 123600, task_app_start_time:2117049572799375, task_sched_time:2117055131404510
app_id: 0, app_name: SAR_api-aarch64, task_id: 1558, task_name: DASH_FFT, resource_name: cpu1, ref_start_time: 2117055134169160, ref_stop_time: 2117055134221510, actual_exe_time: 52350, task_app_start_time:2117049572799375, task_sched_time:2117055134165350
app_id: 0, app_name: SAR_api-aarch64, task_id: 1559, task_name: DASH_ZIP, resource_name: cpu2, ref_start_time: 2117055134932601, ref_stop_time: 2117055135009701, actual_exe_time: 77100, task_app_start_time:2117049572799375, task_sched_time:2117055134924201
app_id: 0, app_name: SAR_api-aarch64, task_id: 1560, task_name: DASH_FFT, resource_name: cpu3, ref_start_time: 2117055135768671, ref_stop_time: 2117055135825491, actual_exe_time: 56820, task_app_start_time:2117049572799375, task_sched_time:2117055135762161
app_id: 0, app_name: SAR_api-aarch64, task_id: 1561, task_name: DASH_ZIP, resource_name: zip1, ref_start_time: 2117055139067951, ref_stop_time: 2117055139192931, actual_exe_time: 124980, task_app_start_time:2117049572799375, task_sched_time:2117055137071481
app_id: 0, app_name: SAR_api-aarch64, task_id: 1562, task_name: DASH_FFT, resource_name: cpu1, ref_start_time: 2117055140172191, ref_stop_time: 2117055140224181, actual_exe_time: 51990, task_app_start_time:2117049572799375, task_sched_time:2117055140167241
app_id: 0, app_name: SAR_api-aarch64, task_id: 1563, task_name: DASH_ZIP, resource_name: cpu2, ref_start_time: 2117055142787682, ref_stop_time: 2117055142868022, actual_exe_time: 80340, task_app_start_time:2117049572799375, task_sched_time:2117055141202032
app_id: 0, app_name: SAR_api-aarch64, task_id: 1564, task_name: DASH_FFT, resource_name: cpu3, ref_start_time: 2117055143498202, ref_stop_time: 2117055143564982, actual_exe_time: 66780, task_app_start_time:2117049572799375, task_sched_time:2117055143488392
app_id: 0, app_name: SAR_api-aarch64, task_id: 1565, task_name: DASH_ZIP, resource_name: zip1, ref_start_time: 2117055144286272, ref_stop_time: 2117055144406962, actual_exe_time: 120690, task_app_start_time:2117049572799375, task_sched_time:2117055144281562
app_id: 0, app_name: SAR_api-aarch64, task_id: 1566, task_name: DASH_FFT, resource_name: cpu1, ref_start_time: 2117055145647612, ref_stop_time: 2117055145696932, actual_exe_time: 49320, task_app_start_time:2117049572799375, task_sched_time:2117055145635372
app_id: 0, app_name: SAR_api-aarch64, task_id: 1567, task_name: DASH_ZIP, resource_name: cpu2, ref_start_time: 2117055146781102, ref_stop_time: 2117055146857572, actual_exe_time: 76470, task_app_start_time:2117049572799375, task_sched_time:2117055146605692
app_id: 0, app_name: SAR_api-aarch64, task_id: 1568, task_name: DASH_FFT, resource_name: cpu3, ref_start_time: 2117055147420613, ref_stop_time: 2117055147479233, actual_exe_time: 58620, task_app_start_time:2117049572799375, task_sched_time:2117055147413233
app_id: 0, app_name: SAR_api-aarch64, task_id: 1569, task_name: DASH_ZIP, resource_name: zip1, ref_start_time: 2117055148708183, ref_stop_time: 2117055148828933, actual_exe_time: 120750, task_app_start_time:2117049572799375, task_sched_time:2117055148702603
app_id: 0, app_name: SAR_api-aarch64, task_id: 1570, task_name: DASH_FFT, resource_name: cpu1, ref_start_time: 2117055149517613, ref_stop_time: 2117055149565313, actual_exe_time: 47700, task_app_start_time:2117049572799375, task_sched_time:2117055149504623
app_id: 0, app_name: SAR_api-aarch64, task_id: 1571, task_name: DASH_ZIP, resource_name: cpu2, ref_start_time: 2117055150370273, ref_stop_time: 2117055150445573, actual_exe_time: 75300, task_app_start_time:2117049572799375, task_sched_time:2117055150365413
app_id: 0, app_name: SAR_api-aarch64, task_id: 1572, task_name: DASH_FFT, resource_name: cpu3, ref_start_time: 2117055151035253, ref_stop_time: 2117055151092433, actual_exe_time: 57180, task_app_start_time:2117049572799375, task_sched_time:2117055151025383
app_id: 0, app_name: SAR_api-aarch64, task_id: 1573, task_name: DASH_ZIP, resource_name: zip1, ref_start_time: 2117055154783634, ref_stop_time: 2117055154912034, actual_exe_time: 128400, task_app_start_time:2117049572799375, task_sched_time:2117055152419663
app_id: 0, app_name: SAR_api-aarch64, task_id: 1574, task_name: DASH_FFT, resource_name: cpu1, ref_start_time: 2117055155823794, ref_stop_time: 2117055155878394, actual_exe_time: 54600, task_app_start_time:2117049572799375, task_sched_time:2117055155814644
app_id: 0, app_name: SAR_api-aarch64, task_id: 1575, task_name: DASH_ZIP, resource_name: cpu2, ref_start_time: 2117055156563714, ref_stop_time: 2117055156642254, actual_exe_time: 78540, task_app_start_time:2117049572799375, task_sched_time:2117055156559124
app_id: 0, app_name: SAR_api-aarch64, task_id: 1576, task_name: DASH_FFT, resource_name: cpu3, ref_start_time: 2117055159021344, ref_stop_time: 2117055159091304, actual_exe_time: 69960, task_app_start_time:2117049572799375, task_sched_time:2117055157248644
app_id: 0, app_name: SAR_api-aarch64, task_id: 1577, task_name: DASH_ZIP, resource_name: zip1, ref_start_time: 2117055162774225, ref_stop_time: 2117055162896775, actual_exe_time: 122550, task_app_start_time:2117049572799375, task_sched_time:2117055160035045
app_id: 0, app_name: SAR_api-aarch64, task_id: 1578, task_name: DASH_FFT, resource_name: cpu1, ref_start_time: 2117055163758555, ref_stop_time: 2117055163809825, actual_exe_time: 51270, task_app_start_time:2117049572799375, task_sched_time:2117055163746105
app_id: 0, app_name: SAR_api-aarch64, task_id: 1579, task_name: DASH_ZIP, resource_name: cpu2, ref_start_time: 2117055164613105, ref_stop_time: 2117055164688585, actual_exe_time: 75480, task_app_start_time:2117049572799375, task_sched_time:2117055164603715
app_id: 0, app_name: SAR_api-aarch64, task_id: 1580, task_name: DASH_FFT, resource_name: cpu3, ref_start_time: 2117055165597675, ref_stop_time: 2117055165664545, actual_exe_time: 66870, task_app_start_time:2117049572799375, task_sched_time:2117055165129105
app_id: 0, app_name: SAR_api-aarch64, task_id: 1581, task_name: DASH_ZIP, resource_name: zip1, ref_start_time: 2117055166584646, ref_stop_time: 2117055166708846, actual_exe_time: 124200, task_app_start_time:2117049572799375, task_sched_time:2117055166575016
app_id: 0, app_name: SAR_api-aarch64, task_id: 1582, task_name: DASH_FFT, resource_name: cpu1, ref_start_time: 2117055167298496, ref_stop_time: 2117055167352016, actual_exe_time: 53520, task_app_start_time:2117049572799375, task_sched_time:2117055167284516
app_id: 0, app_name: SAR_api-aarch64, task_id: 1583, task_name: DASH_ZIP, resource_name: cpu2, ref_start_time: 2117055169594486, ref_stop_time: 2117055169674286, actual_exe_time: 79800, task_app_start_time:2117049572799375, task_sched_time:2117055168493036
app_id: 0, app_name: SAR_api-aarch64, task_id: 1584, task_name: DASH_FFT, resource_name: cpu3, ref_start_time: 2117055175435547, ref_stop_time: 2117055175509917, actual_exe_time: 74370, task_app_start_time:2117049572799375, task_sched_time:2117055175428287
app_id: 0, app_name: SAR_api-aarch64, task_id: 1585, task_name: DASH_ZIP, resource_name: zip1, ref_start_time: 2117055176571917, ref_stop_time: 2117055176692067, actual_exe_time: 120150, task_app_start_time:2117049572799375, task_sched_time:2117055176567537
app_id: 0, app_name: SAR_api-aarch64, task_id: 1586, task_name: DASH_FFT, resource_name: cpu1, ref_start_time: 2117055177466217, ref_stop_time: 2117055177513557, actual_exe_time: 47340, task_app_start_time:2117049572799375, task_sched_time:2117055177458867
app_id: 0, app_name: SAR_api-aarch64, task_id: 1587, task_name: DASH_ZIP, resource_name: cpu2, ref_start_time: 2117055181685628, ref_stop_time: 2117055181763118, actual_exe_time: 77490, task_app_start_time:2117049572799375, task_sched_time:2117055181546128
app_id: 0, app_name: SAR_api-aarch64, task_id: 1588, task_name: DASH_FFT, resource_name: cpu3, ref_start_time: 2117055185683369, ref_stop_time: 2117055185752489, actual_exe_time: 69120, task_app_start_time:2117049572799375, task_sched_time:2117055185676439
app_id: 0, app_name: SAR_api-aarch64, task_id: 1589, task_name: DASH_ZIP, resource_name: zip1, ref_start_time: 2117055191348930, ref_stop_time: 2117055191473790, actual_exe_time: 124860, task_app_start_time:2117049572799375, task_sched_time:2117055191339180
app_id: 0, app_name: SAR_api-aarch64, task_id: 1590, task_name: DASH_FFT, resource_name: cpu1, ref_start_time: 2117055192229790, ref_stop_time: 2117055192282200, actual_exe_time: 52410, task_app_start_time:2117049572799375, task_sched_time:2117055192220190
app_id: 0, app_name: SAR_api-aarch64, task_id: 1591, task_name: DASH_ZIP, resource_name: cpu2, ref_start_time: 2117055197829051, ref_stop_time: 2117055197916801, actual_exe_time: 87750, task_app_start_time:2117049572799375, task_sched_time:2117055197642271
app_id: 0, app_name: SAR_api-aarch64, task_id: 1592, task_name: DASH_FFT, resource_name: cpu3, ref_start_time: 2117055198669021, ref_stop_time: 2117055198729861, actual_exe_time: 60840, task_app_start_time:2117049572799375, task_sched_time:2117055198664821
app_id: 0, app_name: SAR_api-aarch64, task_id: 1593, task_name: DASH_ZIP, resource_name: zip1, ref_start_time: 2117055200186481, ref_stop_time: 2117055200307051, actual_exe_time: 120570, task_app_start_time:2117049572799375, task_sched_time:2117055200181381
app_id: 0, app_name: SAR_api-aarch64, task_id: 1594, task_name: DASH_FFT, resource_name: cpu1, ref_start_time: 2117055203394802, ref_stop_time: 2117055203454502, actual_exe_time: 59700, task_app_start_time:2117049572799375, task_sched_time:2117055203386882
app_id: 0, app_name: SAR_api-aarch64, task_id: 1595, task_name: DASH_ZIP, resource_name: cpu2, ref_start_time: 2117055203902822, ref_stop_time: 2117055203979532, actual_exe_time: 76710, task_app_start_time:2117049572799375, task_sched_time:2117055203894512
app_id: 0, app_name: SAR_api-aarch64, task_id: 1596, task_name: DASH_FFT, resource_name: cpu3, ref_start_time: 2117055206162332, ref_stop_time: 2117055206223172, actual_exe_time: 60840, task_app_start_time:2117049572799375, task_sched_time:2117055206158012
app_id: 0, app_name: SAR_api-aarch64, task_id: 1597, task_name: DASH_ZIP, resource_name: zip1, ref_start_time: 2117055207383782, ref_stop_time: 2117055207508672, actual_exe_time: 124890, task_app_start_time:2117049572799375, task_sched_time:2117055207373252
app_id: 0, app_name: SAR_api-aarch64, task_id: 1598, task_name: DASH_FFT, resource_name: cpu1, ref_start_time: 2117055208324342, ref_stop_time: 2117055208376332, actual_exe_time: 51990, task_app_start_time:2117049572799375, task_sched_time:2117055208318222
app_id: 0, app_name: SAR_api-aarch64, task_id: 1599, task_name: DASH_ZIP, resource_name: cpu2, ref_start_time: 2117055210786473, ref_stop_time: 2117055210864653, actual_exe_time: 78180, task_app_start_time:2117049572799375, task_sched_time:2117055209285962
app_id: 0, app_name: SAR_api-aarch64, task_id: 1600, task_name: DASH_FFT, resource_name: cpu3, ref_start_time: 2117055211511603, ref_stop_time: 2117055211572953, actual_exe_time: 61350, task_app_start_time:2117049572799375, task_sched_time:2117055211508663
app_id: 0, app_name: SAR_api-aarch64, task_id: 1601, task_name: DASH_ZIP, resource_name: zip1, ref_start_time: 2117055212869163, ref_stop_time: 2117055212991203, actual_exe_time: 122040, task_app_start_time:2117049572799375, task_sched_time:2117055212861843
app_id: 0, app_name: SAR_api-aarch64, task_id: 1602, task_name: DASH_FFT, resource_name: cpu1, ref_start_time: 2117055213876593, ref_stop_time: 2117055213927383, actual_exe_time: 50790, task_app_start_time:2117049572799375, task_sched_time:2117055213870743
app_id: 0, app_name: SAR_api-aarch64, task_id: 1603, task_name: DASH_ZIP, resource_name: cpu2, ref_start_time: 2117055216086934, ref_stop_time: 2117055216164844, actual_exe_time: 77910, task_app_start_time:2117049572799375, task_sched_time:2117055215028473
app_id: 0, app_name: SAR_api-aarch64, task_id: 1604, task_name: DASH_FFT, resource_name: cpu3, ref_start_time: 2117055216838614, ref_stop_time: 2117055216895044, actual_exe_time: 56430, task_app_start_time:2117049572799375, task_sched_time:2117055216833994
app_id: 0, app_name: SAR_api-aarch64, task_id: 1605, task_name: DASH_ZIP, resource_name: zip1, ref_start_time: 2117055218463294, ref_stop_time: 2117055218582574, actual_exe_time: 119280, task_app_start_time:2117049572799375, task_sched_time:2117055218455404
app_id: 0, app_name: SAR_api-aarch64, task_id: 1606, task_name: DASH_FFT, resource_name: cpu1, ref_start_time: 2117055219244284, ref_stop_time: 2117055219294654, actual_exe_time: 50370, task_app_start_time:2117049572799375, task_sched_time:2117055219238554
app_id: 0, app_name: SAR_api-aarch64, task_id: 1607, task_name: DASH_ZIP, resource_name: cpu2, ref_start_time: 2117055220047024, ref_stop_time: 2117055220121574, actual_exe_time: 74550, task_app_start_time:2117049572799375, task_sched_time:2117055220041684
app_id: 0, app_name: SAR_api-aarch64, task_id: 1608, task_name: DASH_FFT, resource_name: cpu3, ref_start_time: 2117055220679964, ref_stop_time: 2117055220735704, actual_exe_time: 55740, task_app_start_time:2117049572799375, task_sched_time:2117055220676634
app_id: 0, app_name: SAR_api-aarch64, task_id: 1609, task_name: DASH_ZIP, resource_name: zip1, ref_start_time: 2117055221832355, ref_stop_time: 2117055221948455, actual_exe_time: 116100, task_app_start_time:2117049572799375, task_sched_time:2117055221829505
app_id: 0, app_name: SAR_api-aarch64, task_id: 1610, task_name: DASH_FFT, resource_name: cpu1, ref_start_time: 2117055223312705, ref_stop_time: 2117055223363075, actual_exe_time: 50370, task_app_start_time:2117049572799375, task_sched_time:2117055223300705
app_id: 0, app_name: SAR_api-aarch64, task_id: 1611, task_name: DASH_ZIP, resource_name: cpu2, ref_start_time: 2117055227892325, ref_stop_time: 2117055227969036, actual_exe_time: 76711, task_app_start_time:2117049572799375, task_sched_time:2117055227887105
app_id: 0, app_name: SAR_api-aarch64, task_id: 1612, task_name: DASH_FFT, resource_name: cpu3, ref_start_time: 2117055230915726, ref_stop_time: 2117055230976986, actual_exe_time: 61260, task_app_start_time:2117049572799375, task_sched_time:2117055230905886
app_id: 0, app_name: SAR_api-aarch64, task_id: 1613, task_name: DASH_ZIP, resource_name: zip1, ref_start_time: 2117055235413207, ref_stop_time: 2117055235536657, actual_exe_time: 123450, task_app_start_time:2117049572799375, task_sched_time:2117055235407747
app_id: 0, app_name: SAR_api-aarch64, task_id: 1614, task_name: DASH_FFT, resource_name: cpu1, ref_start_time: 2117055238876197, ref_stop_time: 2117055238931637, actual_exe_time: 55440, task_app_start_time:2117049572799375, task_sched_time:2117055238868367
app_id: 0, app_name: SAR_api-aarch64, task_id: 1615, task_name: DASH_ZIP, resource_name: cpu2, ref_start_time: 2117055240313827, ref_stop_time: 2117055240389758, actual_exe_time: 75931, task_app_start_time:2117049572799375, task_sched_time:2117055240305667
app_id: 0, app_name: SAR_api-aarch64, task_id: 1616, task_name: DASH_FFT, resource_name: cpu3, ref_start_time: 2117055241196608, ref_stop_time: 2117055241254478, actual_exe_time: 57870, task_app_start_time:2117049572799375, task_sched_time:2117055241190668
app_id: 0, app_name: SAR_api-aarch64, task_id: 1617, task_name: DASH_ZIP, resource_name: zip1, ref_start_time: 2117055242813878, ref_stop_time: 2117055242936788, actual_exe_time: 122910, task_app_start_time:2117049572799375, task_sched_time:2117055242575978
app_id: 0, app_name: SAR_api-aarch64, task_id: 1618, task_name: DASH_FFT, resource_name: cpu1, ref_start_time: 2117055243236758, ref_stop_time: 2117055243288118, actual_exe_time: 51360, task_app_start_time:2117049572799375, task_sched_time:2117055243233608
app_id: 0, app_name: SAR_api-aarch64, task_id: 1619, task_name: DASH_ZIP, resource_name: cpu2, ref_start_time: 2117055244468378, ref_stop_time: 2117055244545958, actual_exe_time: 77580, task_app_start_time:2117049572799375, task_sched_time:2117055244463968
app_id: 0, app_name: SAR_api-aarch64, task_id: 1620, task_name: DASH_FFT, resource_name: cpu3, ref_start_time: 2117055245300278, ref_stop_time: 2117055245367208, actual_exe_time: 66930, task_app_start_time:2117049572799375, task_sched_time:2117055245292328
app_id: 0, app_name: SAR_api-aarch64, task_id: 1621, task_name: DASH_ZIP, resource_name: zip1, ref_start_time: 2117055246666089, ref_stop_time: 2117055246797699, actual_exe_time: 131610, task_app_start_time:2117049572799375, task_sched_time:2117055246659129
app_id: 0, app_name: SAR_api-aarch64, task_id: 1622, task_name: DASH_FFT, resource_name: cpu1, ref_start_time: 2117055247651799, ref_stop_time: 2117055247702769, actual_exe_time: 50970, task_app_start_time:2117049572799375, task_sched_time:2117055247641329
app_id: 0, app_name: SAR_api-aarch64, task_id: 1623, task_name: DASH_ZIP, resource_name: cpu2, ref_start_time: 2117055250774799, ref_stop_time: 2117055250853099, actual_exe_time: 78300, task_app_start_time:2117049572799375, task_sched_time:2117055248398469
app_id: 0, app_name: SAR_api-aarch64, task_id: 1624, task_name: DASH_FFT, resource_name: cpu3, ref_start_time: 2117055251525279, ref_stop_time: 2117055251587439, actual_exe_time: 62160, task_app_start_time:2117049572799375, task_sched_time:2117055251515799
app_id: 0, app_name: SAR_api-aarch64, task_id: 1625, task_name: DASH_ZIP, resource_name: zip1, ref_start_time: 2117055252914250, ref_stop_time: 2117055253035060, actual_exe_time: 120810, task_app_start_time:2117049572799375, task_sched_time:2117055252904560
app_id: 0, app_name: SAR_api-aarch64, task_id: 1626, task_name: DASH_FFT, resource_name: cpu1, ref_start_time: 2117055253965810, ref_stop_time: 2117055254016240, actual_exe_time: 50430, task_app_start_time:2117049572799375, task_sched_time:2117055253952370
app_id: 0, app_name: SAR_api-aarch64, task_id: 1627, task_name: DASH_ZIP, resource_name: cpu2, ref_start_time: 2117055254899440, ref_stop_time: 2117055254975430, actual_exe_time: 75990, task_app_start_time:2117049572799375, task_sched_time:2117055254892210
app_id: 0, app_name: SAR_api-aarch64, task_id: 1628, task_name: DASH_FFT, resource_name: cpu3, ref_start_time: 2117055255679860, ref_stop_time: 2117055255736290, actual_exe_time: 56430, task_app_start_time:2117049572799375, task_sched_time:2117055255672570
app_id: 0, app_name: SAR_api-aarch64, task_id: 1629, task_name: DASH_ZIP, resource_name: zip1, ref_start_time: 2117055259753681, ref_stop_time: 2117055259881841, actual_exe_time: 128160, task_app_start_time:2117049572799375, task_sched_time:2117055256957950
app_id: 0, app_name: SAR_api-aarch64, task_id: 1630, task_name: DASH_FFT, resource_name: cpu1, ref_start_time: 2117055267110642, ref_stop_time: 2117055267169472, actual_exe_time: 58830, task_app_start_time:2117049572799375, task_sched_time:2117055267095402
app_id: 0, app_name: SAR_api-aarch64, task_id: 1631, task_name: DASH_ZIP, resource_name: cpu2, ref_start_time: 2117055270608642, ref_stop_time: 2117055270687572, actual_exe_time: 78930, task_app_start_time:2117049572799375, task_sched_time:2117055270470192
app_id: 0, app_name: SAR_api-aarch64, task_id: 1632, task_name: DASH_FFT, resource_name: cpu3, ref_start_time: 2117055271408922, ref_stop_time: 2117055271481253, actual_exe_time: 72331, task_app_start_time:2117049572799375, task_sched_time:2117055271403702
app_id: 0, app_name: SAR_api-aarch64, task_id: 1633, task_name: DASH_ZIP, resource_name: zip1, ref_start_time: 2117055274787553, ref_stop_time: 2117055274916823, actual_exe_time: 129270, task_app_start_time:2117049572799375, task_sched_time:2117055272515803
app_id: 0, app_name: SAR_api-aarch64, task_id: 1634, task_name: DASH_FFT, resource_name: cpu1, ref_start_time: 2117055275921943, ref_stop_time: 2117055275974293, actual_exe_time: 52350, task_app_start_time:2117049572799375, task_sched_time:2117055275911083
app_id: 0, app_name: SAR_api-aarch64, task_id: 1635, task_name: DASH_ZIP, resource_name: cpu2, ref_start_time: 2117055276867453, ref_stop_time: 2117055276945873, actual_exe_time: 78420, task_app_start_time:2117049572799375, task_sched_time:2117055276843153
app_id: 0, app_name: SAR_api-aarch64, task_id: 1636, task_name: DASH_FFT, resource_name: cpu3, ref_start_time: 2117055278792614, ref_stop_time: 2117055278861434, actual_exe_time: 68820, task_app_start_time:2117049572799375, task_sched_time:2117055277660084
app_id: 0, app_name: SAR_api-aarch64, task_id: 1637, task_name: DASH_ZIP, resource_name: zip1, ref_start_time: 2117055282801694, ref_stop_time: 2117055282923914, actual_exe_time: 122220, task_app_start_time:2117049572799375, task_sched_time:2117055280107334
app_id: 0, app_name: SAR_api-aarch64, task_id: 1638, task_name: DASH_FFT, resource_name: cpu1, ref_start_time: 2117055283638694, ref_stop_time: 2117055283690714, actual_exe_time: 52020, task_app_start_time:2117049572799375, task_sched_time:2117055283632664
app_id: 0, app_name: SAR_api-aarch64, task_id: 1639, task_name: DASH_ZIP, resource_name: cpu2, ref_start_time: 2117055284486885, ref_stop_time: 2117055284560865, actual_exe_time: 73980, task_app_start_time:2117049572799375, task_sched_time:2117055284477885
app_id: 0, app_name: SAR_api-aarch64, task_id: 1640, task_name: DASH_FFT, resource_name: cpu3, ref_start_time: 2117055285780005, ref_stop_time: 2117055285847055, actual_exe_time: 67050, task_app_start_time:2117049572799375, task_sched_time:2117055285291755
app_id: 0, app_name: SAR_api-aarch64, task_id: 1641, task_name: DASH_ZIP, resource_name: zip1, ref_start_time: 2117055291201816, ref_stop_time: 2117055291331506, actual_exe_time: 129690, task_app_start_time:2117049572799375, task_sched_time:2117055291196596
app_id: 0, app_name: SAR_api-aarch64, task_id: 1642, task_name: DASH_FFT, resource_name: cpu1, ref_start_time: 2117055292204686, ref_stop_time: 2117055292256976, actual_exe_time: 52290, task_app_start_time:2117049572799375, task_sched_time:2117055292193076
app_id: 0, app_name: SAR_api-aarch64, task_id: 1643, task_name: DASH_ZIP, resource_name: cpu2, ref_start_time: 2117055299301967, ref_stop_time: 2117055299382337, actual_exe_time: 80370, task_app_start_time:2117049572799375, task_sched_time:2117055299291257
app_id: 0, app_name: SAR_api-aarch64, task_id: 1644, task_name: DASH_FFT, resource_name: cpu3, ref_start_time: 2117055300178447, ref_stop_time: 2117055300242737, actual_exe_time: 64290, task_app_start_time:2117049572799375, task_sched_time:2117055300171007
app_id: 0, app_name: SAR_api-aarch64, task_id: 1645, task_name: DASH_ZIP, resource_name: zip1, ref_start_time: 2117055301131937, ref_stop_time: 2117055301250767, actual_exe_time: 118830, task_app_start_time:2117049572799375, task_sched_time:2117055301126027
app_id: 0, app_name: SAR_api-aarch64, task_id: 1646, task_name: DASH_FFT, resource_name: cpu1, ref_start_time: 2117055303910508, ref_stop_time: 2117055303963968, actual_exe_time: 53460, task_app_start_time:2117049572799375, task_sched_time:2117055303896258
app_id: 0, app_name: SAR_api-aarch64, task_id: 1647, task_name: DASH_ZIP, resource_name: cpu2, ref_start_time: 2117055306831038, ref_stop_time: 2117055306911168, actual_exe_time: 80130, task_app_start_time:2117049572799375, task_sched_time:2117055305004698
app_id: 0, app_name: SAR_api-aarch64, task_id: 1648, task_name: DASH_FFT, resource_name: cpu3, ref_start_time: 2117055307540508, ref_stop_time: 2117055307603658, actual_exe_time: 63150, task_app_start_time:2117049572799375, task_sched_time:2117055307533518
app_id: 0, app_name: SAR_api-aarch64, task_id: 1649, task_name: DASH_ZIP, resource_name: zip1, ref_start_time: 2117055308574578, ref_stop_time: 2117055308695568, actual_exe_time: 120990, task_app_start_time:2117049572799375, task_sched_time:2117055308569298
app_id: 0, app_name: SAR_api-aarch64, task_id: 1650, task_name: DASH_FFT, resource_name: cpu1, ref_start_time: 2117055315568030, ref_stop_time: 2117055315625990, actual_exe_time: 57960, task_app_start_time:2117049572799375, task_sched_time:2117055315553090
app_id: 0, app_name: SAR_api-aarch64, task_id: 1651, task_name: DASH_ZIP, resource_name: cpu2, ref_start_time: 2117055316565470, ref_stop_time: 2117055316641790, actual_exe_time: 76320, task_app_start_time:2117049572799375, task_sched_time:2117055316559500
app_id: 0, app_name: SAR_api-aarch64, task_id: 1652, task_name: DASH_FFT, resource_name: cpu3, ref_start_time: 2117055319981060, ref_stop_time: 2117055320040940, actual_exe_time: 59880, task_app_start_time:2117049572799375, task_sched_time:2117055319974520
app_id: 0, app_name: SAR_api-aarch64, task_id: 1653, task_name: DASH_ZIP, resource_name: zip1, ref_start_time: 2117055322220081, ref_stop_time: 2117055322340741, actual_exe_time: 120660, task_app_start_time:2117049572799375, task_sched_time:2117055322212641
app_id: 0, app_name: SAR_api-aarch64, task_id: 1654, task_name: DASH_FFT, resource_name: cpu1, ref_start_time: 2117055323071901, ref_stop_time: 2117055323125631, actual_exe_time: 53730, task_app_start_time:2117049572799375, task_sched_time:2117055323067311
app_id: 0, app_name: SAR_api-aarch64, task_id: 1655, task_name: DASH_ZIP, resource_name: cpu2, ref_start_time: 2117055326819141, ref_stop_time: 2117055326902571, actual_exe_time: 83430, task_app_start_time:2117049572799375, task_sched_time:2117055323941871
app_id: 0, app_name: SAR_api-aarch64, task_id: 1656, task_name: DASH_FFT, resource_name: cpu3, ref_start_time: 2117055327561342, ref_stop_time: 2117055327620232, actual_exe_time: 58890, task_app_start_time:2117049572799375, task_sched_time:2117055327554442
app_id: 0, app_name: SAR_api-aarch64, task_id: 1657, task_name: DASH_ZIP, resource_name: zip1, ref_start_time: 2117055328972452, ref_stop_time: 2117055329094042, actual_exe_time: 121590, task_app_start_time:2117049572799375, task_sched_time:2117055328966722
app_id: 0, app_name: SAR_api-aarch64, task_id: 1658, task_name: DASH_FFT, resource_name: cpu1, ref_start_time: 2117055330023472, ref_stop_time: 2117055330073722, actual_exe_time: 50250, task_app_start_time:2117049572799375, task_sched_time:2117055330016122
app_id: 0, app_name: SAR_api-aarch64, task_id: 1659, task_name: DASH_ZIP, resource_name: cpu2, ref_start_time: 2117055331144632, ref_stop_time: 2117055331222242, actual_exe_time: 77610, task_app_start_time:2117049572799375, task_sched_time:2117055331139412
app_id: 0, app_name: SAR_api-aarch64, task_id: 1660, task_name: DASH_FFT, resource_name: cpu3, ref_start_time: 2117055331929372, ref_stop_time: 2117055331983582, actual_exe_time: 54210, task_app_start_time:2117049572799375, task_sched_time:2117055331922652
app_id: 0, app_name: SAR_api-aarch64, task_id: 1661, task_name: DASH_ZIP, resource_name: zip1, ref_start_time: 2117055333258432, ref_stop_time: 2117055333379212, actual_exe_time: 120780, task_app_start_time:2117049572799375, task_sched_time:2117055333250542
app_id: 0, app_name: SAR_api-aarch64, task_id: 1662, task_name: DASH_FFT, resource_name: cpu1, ref_start_time: 2117055334103803, ref_stop_time: 2117055334153783, actual_exe_time: 49980, task_app_start_time:2117049572799375, task_sched_time:2117055334099213
app_id: 0, app_name: SAR_api-aarch64, task_id: 1663, task_name: DASH_ZIP, resource_name: cpu2, ref_start_time: 2117055335033653, ref_stop_time: 2117055335110153, actual_exe_time: 76500, task_app_start_time:2117049572799375, task_sched_time:2117055335028973
app_id: 0, app_name: SAR_api-aarch64, task_id: 1664, task_name: DASH_FFT, resource_name: cpu3, ref_start_time: 2117055335727463, ref_stop_time: 2117055335781733, actual_exe_time: 54270, task_app_start_time:2117049572799375, task_sched_time:2117055335723833
app_id: 0, app_name: SAR_api-aarch64, task_id: 1665, task_name: DASH_ZIP, resource_name: zip1, ref_start_time: 2117055336885103, ref_stop_time: 2117055337003993, actual_exe_time: 118890, task_app_start_time:2117049572799375, task_sched_time:2117055336879103
app_id: 0, app_name: SAR_api-aarch64, task_id: 1666, task_name: DASH_FFT, resource_name: cpu1, ref_start_time: 2117055337772653, ref_stop_time: 2117055337820833, actual_exe_time: 48180, task_app_start_time:2117049572799375, task_sched_time:2117055337759753
app_id: 0, app_name: SAR_api-aarch64, task_id: 1667, task_name: DASH_ZIP, resource_name: cpu2, ref_start_time: 2117055338438413, ref_stop_time: 2117055338513443, actual_exe_time: 75030, task_app_start_time:2117049572799375, task_sched_time:2117055338433943
app_id: 0, app_name: SAR_api-aarch64, task_id: 1668, task_name: DASH_FFT, resource_name: cpu3, ref_start_time: 2117055339726823, ref_stop_time: 2117055339788173, actual_exe_time: 61350, task_app_start_time:2117049572799375, task_sched_time:2117055339720673
app_id: 0, app_name: SAR_api-aarch64, task_id: 1669, task_name: DASH_ZIP, resource_name: zip1, ref_start_time: 2117055344239604, ref_stop_time: 2117055344363744, actual_exe_time: 124140, task_app_start_time:2117049572799375, task_sched_time:2117055344234474
app_id: 0, app_name: SAR_api-aarch64, task_id: 1670, task_name: DASH_FFT, resource_name: cpu1, ref_start_time: 2117055350777205, ref_stop_time: 2117055350841855, actual_exe_time: 64650, task_app_start_time:2117049572799375, task_sched_time:2117055345686054
app_id: 0, app_name: SAR_api-aarch64, task_id: 1671, task_name: DASH_ZIP, resource_name: cpu2, ref_start_time: 2117055352072665, ref_stop_time: 2117055352149405, actual_exe_time: 76740, task_app_start_time:2117049572799375, task_sched_time:2117055352062885
app_id: 0, app_name: SAR_api-aarch64, task_id: 1672, task_name: DASH_FFT, resource_name: cpu3, ref_start_time: 2117055352882186, ref_stop_time: 2117055352940566, actual_exe_time: 58380, task_app_start_time:2117049572799375, task_sched_time:2117055352876936
app_id: 0, app_name: SAR_api-aarch64, task_id: 1673, task_name: DASH_ZIP, resource_name: zip1, ref_start_time: 2117055354009406, ref_stop_time: 2117055354128026, actual_exe_time: 118620, task_app_start_time:2117049572799375, task_sched_time:2117055354003436
app_id: 0, app_name: SAR_api-aarch64, task_id: 1674, task_name: DASH_FFT, resource_name: cpu1, ref_start_time: 2117055354852406, ref_stop_time: 2117055354899296, actual_exe_time: 46890, task_app_start_time:2117049572799375, task_sched_time:2117055354846766
app_id: 0, app_name: SAR_api-aarch64, task_id: 1675, task_name: DASH_ZIP, resource_name: cpu2, ref_start_time: 2117055362798117, ref_stop_time: 2117055362880047, actual_exe_time: 81930, task_app_start_time:2117049572799375, task_sched_time:2117055361945757
app_id: 0, app_name: SAR_api-aarch64, task_id: 1676, task_name: DASH_FFT, resource_name: cpu3, ref_start_time: 2117055364003967, ref_stop_time: 2117055364064717, actual_exe_time: 60750, task_app_start_time:2117049572799375, task_sched_time:2117055363999197
app_id: 0, app_name: SAR_api-aarch64, task_id: 1677, task_name: DASH_ZIP, resource_name: zip1, ref_start_time: 2117055365458758, ref_stop_time: 2117055365579388, actual_exe_time: 120630, task_app_start_time:2117049572799375, task_sched_time:2117055365448798
app_id: 0, app_name: SAR_api-aarch64, task_id: 1678, task_name: DASH_FFT, resource_name: cpu1, ref_start_time: 2117055366286818, ref_stop_time: 2117055366338538, actual_exe_time: 51720, task_app_start_time:2117049572799375, task_sched_time:2117055366278658
app_id: 0, app_name: SAR_api-aarch64, task_id: 1679, task_name: DASH_ZIP, resource_name: cpu2, ref_start_time: 2117055367267938, ref_stop_time: 2117055367342998, actual_exe_time: 75060, task_app_start_time:2117049572799375, task_sched_time:2117055367258188
app_id: 0, app_name: SAR_api-aarch64, task_id: 1680, task_name: DASH_FFT, resource_name: cpu3, ref_start_time: 2117055367956138, ref_stop_time: 2117055368012088, actual_exe_time: 55950, task_app_start_time:2117049572799375, task_sched_time:2117055367953108
app_id: 0, app_name: SAR_api-aarch64, task_id: 1681, task_name: DASH_ZIP, resource_name: zip1, ref_start_time: 2117055368861898, ref_stop_time: 2117055368979678, actual_exe_time: 117780, task_app_start_time:2117049572799375, task_sched_time:2117055368852838
app_id: 0, app_name: SAR_api-aarch64, task_id: 1682, task_name: DASH_FFT, resource_name: cpu1, ref_start_time: 2117055369733158, ref_stop_time: 2117055369780318, actual_exe_time: 47160, task_app_start_time:2117049572799375, task_sched_time:2117055369720828
app_id: 0, app_name: SAR_api-aarch64, task_id: 1683, task_name: DASH_ZIP, resource_name: cpu2, ref_start_time: 2117055370797018, ref_stop_time: 2117055370872589, actual_exe_time: 75571, task_app_start_time:2117049572799375, task_sched_time:2117055370432458
app_id: 0, app_name: SAR_api-aarch64, task_id: 1684, task_name: DASH_FFT, resource_name: cpu3, ref_start_time: 2117055371404549, ref_stop_time: 2117055371459539, actual_exe_time: 54990, task_app_start_time:2117049572799375, task_sched_time:2117055371396329
app_id: 0, app_name: SAR_api-aarch64, task_id: 1685, task_name: DASH_ZIP, resource_name: zip1, ref_start_time: 2117055372893689, ref_stop_time: 2117055373013689, actual_exe_time: 120000, task_app_start_time:2117049572799375, task_sched_time:2117055372889819
app_id: 0, app_name: SAR_api-aarch64, task_id: 1686, task_name: DASH_FFT, resource_name: cpu1, ref_start_time: 2117055373688539, ref_stop_time: 2117055373736479, actual_exe_time: 47940, task_app_start_time:2117049572799375, task_sched_time:2117055373680589
app_id: 0, app_name: SAR_api-aarch64, task_id: 1687, task_name: DASH_ZIP, resource_name: cpu2, ref_start_time: 2117055374346409, ref_stop_time: 2117055374421919, actual_exe_time: 75510, task_app_start_time:2117049572799375, task_sched_time:2117055374338219
app_id: 0, app_name: SAR_api-aarch64, task_id: 1688, task_name: DASH_FFT, resource_name: cpu3, ref_start_time: 2117055375191179, ref_stop_time: 2117055375248959, actual_exe_time: 57780, task_app_start_time:2117049572799375, task_sched_time:2117055375185659
app_id: 0, app_name: SAR_api-aarch64, task_id: 1689, task_name: DASH_ZIP, resource_name: zip1, ref_start_time: 2117055376412329, ref_stop_time: 2117055376535479, actual_exe_time: 123150, task_app_start_time:2117049572799375, task_sched_time:2117055376406029
app_id: 0, app_name: SAR_api-aarch64, task_id: 1690, task_name: DASH_FFT, resource_name: cpu1, ref_start_time: 2117055377550920, ref_stop_time: 2117055377606690, actual_exe_time: 55770, task_app_start_time:2117049572799375, task_sched_time:2117055377546270
app_id: 0, app_name: SAR_api-aarch64, task_id: 1691, task_name: DASH_ZIP, resource_name: cpu2, ref_start_time: 2117055378943250, ref_stop_time: 2117055379021850, actual_exe_time: 78600, task_app_start_time:2117049572799375, task_sched_time:2117055378482120
app_id: 0, app_name: SAR_api-aarch64, task_id: 1692, task_name: DASH_FFT, resource_name: cpu3, ref_start_time: 2117055379561940, ref_stop_time: 2117055379624580, actual_exe_time: 62640, task_app_start_time:2117049572799375, task_sched_time:2117055379555190
app_id: 0, app_name: SAR_api-aarch64, task_id: 1693, task_name: DASH_ZIP, resource_name: zip1, ref_start_time: 2117055380892350, ref_stop_time: 2117055381014600, actual_exe_time: 122250, task_app_start_time:2117049572799375, task_sched_time:2117055380884190
app_id: 0, app_name: SAR_api-aarch64, task_id: 1694, task_name: DASH_FFT, resource_name: cpu1, ref_start_time: 2117055381861560, ref_stop_time: 2117055381910550, actual_exe_time: 48990, task_app_start_time:2117049572799375, task_sched_time:2117055381856850
app_id: 0, app_name: SAR_api-aarch64, task_id: 1695, task_name: DASH_ZIP, resource_name: cpu2, ref_start_time: 2117055386912091, ref_stop_time: 2117055386994891, actual_exe_time: 82800, task_app_start_time:2117049572799375, task_sched_time:2117055386905881
app_id: 0, app_name: SAR_api-aarch64, task_id: 1696, task_name: DASH_FFT, resource_name: cpu3, ref_start_time: 2117055387744261, ref_stop_time: 2117055387805941, actual_exe_time: 61680, task_app_start_time:2117049572799375, task_sched_time:2117055387741441
app_id: 0, app_name: SAR_api-aarch64, task_id: 1697, task_name: DASH_ZIP, resource_name: zip1, ref_start_time: 2117055388966761, ref_stop_time: 2117055389086131, actual_exe_time: 119370, task_app_start_time:2117049572799375, task_sched_time:2117055388959501
app_id: 0, app_name: SAR_api-aarch64, task_id: 1698, task_name: DASH_FFT, resource_name: cpu1, ref_start_time: 2117055391488472, ref_stop_time: 2117055391537402, actual_exe_time: 48930, task_app_start_time:2117049572799375, task_sched_time:2117055391477522
app_id: 0, app_name: SAR_api-aarch64, task_id: 1699, task_name: DASH_ZIP, resource_name: cpu2, ref_start_time: 2117055394974442, ref_stop_time: 2117055395052532, actual_exe_time: 78090, task_app_start_time:2117049572799375, task_sched_time:2117055394966942
app_id: 0, app_name: SAR_api-aarch64, task_id: 1700, task_name: DASH_FFT, resource_name: cpu3, ref_start_time: 2117055396003563, ref_stop_time: 2117055396065033, actual_exe_time: 61470, task_app_start_time:2117049572799375, task_sched_time:2117055395994233
app_id: 0, app_name: SAR_api-aarch64, task_id: 1701, task_name: DASH_ZIP, resource_name: zip1, ref_start_time: 2117055400735913, ref_stop_time: 2117055400864913, actual_exe_time: 129000, task_app_start_time:2117049572799375, task_sched_time:2117055400725683
app_id: 0, app_name: SAR_api-aarch64, task_id: 1702, task_name: DASH_FFT, resource_name: cpu1, ref_start_time: 2117055401887043, ref_stop_time: 2117055401941584, actual_exe_time: 54541, task_app_start_time:2117049572799375, task_sched_time:2117055401873093
app_id: 0, app_name: SAR_api-aarch64, task_id: 1703, task_name: DASH_ZIP, resource_name: cpu2, ref_start_time: 2117055406808094, ref_stop_time: 2117055406888974, actual_exe_time: 80880, task_app_start_time:2117049572799375, task_sched_time:2117055403157964
app_id: 0, app_name: SAR_api-aarch64, task_id: 1704, task_name: DASH_FFT, resource_name: cpu3, ref_start_time: 2117055407454084, ref_stop_time: 2117055407519694, actual_exe_time: 65610, task_app_start_time:2117049572799375, task_sched_time:2117055407447694
app_id: 0, app_name: SAR_api-aarch64, task_id: 1705, task_name: DASH_ZIP, resource_name: zip1, ref_start_time: 2117055408430735, ref_stop_time: 2117055408549895, actual_exe_time: 119160, task_app_start_time:2117049572799375, task_sched_time:2117055408426925
app_id: 0, app_name: SAR_api-aarch64, task_id: 1706, task_name: DASH_FFT, resource_name: cpu1, ref_start_time: 2117055409192225, ref_stop_time: 2117055409240495, actual_exe_time: 48270, task_app_start_time:2117049572799375, task_sched_time:2117055409180495
app_id: 0, app_name: SAR_api-aarch64, task_id: 1707, task_name: DASH_ZIP, resource_name: cpu2, ref_start_time: 2117055410803345, ref_stop_time: 2117055410879305, actual_exe_time: 75960, task_app_start_time:2117049572799375, task_sched_time:2117055409838935
app_id: 0, app_name: SAR_api-aarch64, task_id: 1708, task_name: DASH_FFT, resource_name: cpu3, ref_start_time: 2117055411323995, ref_stop_time: 2117055411380065, actual_exe_time: 56070, task_app_start_time:2117049572799375, task_sched_time:2117055411317065
app_id: 0, app_name: SAR_api-aarch64, task_id: 1709, task_name: DASH_ZIP, resource_name: zip1, ref_start_time: 2117055412085905, ref_stop_time: 2117055412204705, actual_exe_time: 118800, task_app_start_time:2117049572799375, task_sched_time:2117055412077475
app_id: 0, app_name: SAR_api-aarch64, task_id: 1710, task_name: DASH_FFT, resource_name: cpu1, ref_start_time: 2117055412718485, ref_stop_time: 2117055412767445, actual_exe_time: 48960, task_app_start_time:2117049572799375, task_sched_time:2117055412708555
app_id: 0, app_name: SAR_api-aarch64, task_id: 1711, task_name: DASH_ZIP, resource_name: cpu2, ref_start_time: 2117055413414845, ref_stop_time: 2117055413490805, actual_exe_time: 75960, task_app_start_time:2117049572799375, task_sched_time:2117055413408185
app_id: 0, app_name: SAR_api-aarch64, task_id: 1712, task_name: DASH_FFT, resource_name: cpu3, ref_start_time: 2117055416251226, ref_stop_time: 2117055416320976, actual_exe_time: 69750, task_app_start_time:2117049572799375, task_sched_time:2117055413949715
app_id: 0, app_name: SAR_api-aarch64, task_id: 1713, task_name: DASH_ZIP, resource_name: zip1, ref_start_time: 2117055417516926, ref_stop_time: 2117055417643676, actual_exe_time: 126750, task_app_start_time:2117049572799375, task_sched_time:2117055417509486
app_id: 0, app_name: SAR_api-aarch64, task_id: 1714, task_name: DASH_FFT, resource_name: cpu1, ref_start_time: 2117055418956566, ref_stop_time: 2117055419009216, actual_exe_time: 52650, task_app_start_time:2117049572799375, task_sched_time:2117055418943666
app_id: 0, app_name: SAR_api-aarch64, task_id: 1715, task_name: DASH_ZIP, resource_name: cpu2, ref_start_time: 2117055419692916, ref_stop_time: 2117055419769386, actual_exe_time: 76470, task_app_start_time:2117049572799375, task_sched_time:2117055419688536
app_id: 0, app_name: SAR_api-aarch64, task_id: 1716, task_name: DASH_FFT, resource_name: cpu3, ref_start_time: 2117055420338066, ref_stop_time: 2117055420393926, actual_exe_time: 55860, task_app_start_time:2117049572799375, task_sched_time:2117055420329846
app_id: 0, app_name: SAR_api-aarch64, task_id: 1717, task_name: DASH_ZIP, resource_name: zip1, ref_start_time: 2117055421402677, ref_stop_time: 2117055421521687, actual_exe_time: 119010, task_app_start_time:2117049572799375, task_sched_time:2117055421398117
app_id: 0, app_name: SAR_api-aarch64, task_id: 1718, task_name: DASH_FFT, resource_name: cpu1, ref_start_time: 2117055422297517, ref_stop_time: 2117055422347137, actual_exe_time: 49620, task_app_start_time:2117049572799375, task_sched_time:2117055422286447
app_id: 0, app_name: SAR_api-aarch64, task_id: 1719, task_name: DASH_ZIP, resource_name: cpu2, ref_start_time: 2117055423318057, ref_stop_time: 2117055423393717, actual_exe_time: 75660, task_app_start_time:2117049572799375, task_sched_time:2117055423304407
app_id: 0, app_name: SAR_api-aarch64, task_id: 1720, task_name: DASH_FFT, resource_name: cpu3, ref_start_time: 2117055424003377, ref_stop_time: 2117055424060317, actual_exe_time: 56940, task_app_start_time:2117049572799375, task_sched_time:2117055423998337
app_id: 0, app_name: SAR_api-aarch64, task_id: 1721, task_name: DASH_ZIP, resource_name: zip1, ref_start_time: 2117055424995807, ref_stop_time: 2117055425114787, actual_exe_time: 118980, task_app_start_time:2117049572799375, task_sched_time:2117055424989357
app_id: 0, app_name: SAR_api-aarch64, task_id: 1722, task_name: DASH_FFT, resource_name: cpu1, ref_start_time: 2117055425950797, ref_stop_time: 2117055425998197, actual_exe_time: 47400, task_app_start_time:2117049572799375, task_sched_time:2117055425937717
app_id: 0, app_name: SAR_api-aarch64, task_id: 1723, task_name: DASH_ZIP, resource_name: cpu2, ref_start_time: 2117055427002178, ref_stop_time: 2117055427079488, actual_exe_time: 77310, task_app_start_time:2117049572799375, task_sched_time:2117055426731997
app_id: 0, app_name: SAR_api-aarch64, task_id: 1724, task_name: DASH_FFT, resource_name: cpu3, ref_start_time: 2117055427627018, ref_stop_time: 2117055427681498, actual_exe_time: 54480, task_app_start_time:2117049572799375, task_sched_time:2117055427618918
app_id: 0, app_name: SAR_api-aarch64, task_id: 1725, task_name: DASH_ZIP, resource_name: zip1, ref_start_time: 2117055429098578, ref_stop_time: 2117055429218878, actual_exe_time: 120300, task_app_start_time:2117049572799375, task_sched_time:2117055429070918
app_id: 0, app_name: SAR_api-aarch64, task_id: 1726, task_name: DASH_FFT, resource_name: cpu1, ref_start_time: 2117055429978358, ref_stop_time: 2117055430029958, actual_exe_time: 51600, task_app_start_time:2117049572799375, task_sched_time:2117055429968038
app_id: 0, app_name: SAR_api-aarch64, task_id: 1727, task_name: DASH_ZIP, resource_name: cpu2, ref_start_time: 2117055431107678, ref_stop_time: 2117055431185258, actual_exe_time: 77580, task_app_start_time:2117049572799375, task_sched_time:2117055431103418
app_id: 0, app_name: SAR_api-aarch64, task_id: 1728, task_name: DASH_FFT, resource_name: cpu3, ref_start_time: 2117055432534358, ref_stop_time: 2117055432599488, actual_exe_time: 65130, task_app_start_time:2117049572799375, task_sched_time:2117055431833768
app_id: 0, app_name: SAR_api-aarch64, task_id: 1729, task_name: DASH_ZIP, resource_name: zip1, ref_start_time: 2117055433613969, ref_stop_time: 2117055433734719, actual_exe_time: 120750, task_app_start_time:2117049572799375, task_sched_time:2117055433610819
app_id: 0, app_name: SAR_api-aarch64, task_id: 1730, task_name: DASH_FFT, resource_name: cpu1, ref_start_time: 2117055438822389, ref_stop_time: 2117055438883979, actual_exe_time: 61590, task_app_start_time:2117049572799375, task_sched_time:2117055438810629
app_id: 0, app_name: SAR_api-aarch64, task_id: 1731, task_name: DASH_ZIP, resource_name: cpu2, ref_start_time: 2117055439610010, ref_stop_time: 2117055439686990, actual_exe_time: 76980, task_app_start_time:2117049572799375, task_sched_time:2117055439601280
app_id: 0, app_name: SAR_api-aarch64, task_id: 1732, task_name: DASH_FFT, resource_name: cpu3, ref_start_time: 2117055440478180, ref_stop_time: 2117055440541120, actual_exe_time: 62940, task_app_start_time:2117049572799375, task_sched_time:2117055440470380
app_id: 0, app_name: SAR_api-aarch64, task_id: 1733, task_name: DASH_ZIP, resource_name: zip1, ref_start_time: 2117055441723690, ref_stop_time: 2117055441843420, actual_exe_time: 119730, task_app_start_time:2117049572799375, task_sched_time:2117055441717510
app_id: 0, app_name: SAR_api-aarch64, task_id: 1734, task_name: DASH_FFT, resource_name: cpu1, ref_start_time: 2117055447311971, ref_stop_time: 2117055447366601, actual_exe_time: 54630, task_app_start_time:2117049572799375, task_sched_time:2117055447305701
app_id: 0, app_name: SAR_api-aarch64, task_id: 1735, task_name: DASH_ZIP, resource_name: cpu2, ref_start_time: 2117055448188511, ref_stop_time: 2117055448265431, actual_exe_time: 76920, task_app_start_time:2117049572799375, task_sched_time:2117055448178851
app_id: 0, app_name: SAR_api-aarch64, task_id: 1736, task_name: DASH_FFT, resource_name: cpu3, ref_start_time: 2117055448841461, ref_stop_time: 2117055448898941, actual_exe_time: 57480, task_app_start_time:2117049572799375, task_sched_time:2117055448833811
app_id: 0, app_name: SAR_api-aarch64, task_id: 1737, task_name: DASH_ZIP, resource_name: zip1, ref_start_time: 2117055449819311, ref_stop_time: 2117055449937781, actual_exe_time: 118470, task_app_start_time:2117049572799375, task_sched_time:2117055449815411
app_id: 0, app_name: SAR_api-aarch64, task_id: 1738, task_name: DASH_FFT, resource_name: cpu1, ref_start_time: 2117055450801451, ref_stop_time: 2117055450848881, actual_exe_time: 47430, task_app_start_time:2117049572799375, task_sched_time:2117055450794851
app_id: 0, app_name: SAR_api-aarch64, task_id: 1739, task_name: DASH_ZIP, resource_name: cpu2, ref_start_time: 2117055455324672, ref_stop_time: 2117055455407142, actual_exe_time: 82470, task_app_start_time:2117049572799375, task_sched_time:2117055455316542
app_id: 0, app_name: SAR_api-aarch64, task_id: 1740, task_name: DASH_FFT, resource_name: cpu3, ref_start_time: 2117055458801463, ref_stop_time: 2117055458875383, actual_exe_time: 73920, task_app_start_time:2117049572799375, task_sched_time:2117055456234302
app_id: 0, app_name: SAR_api-aarch64, task_id: 1741, task_name: DASH_ZIP, resource_name: zip1, ref_start_time: 2117055459858363, ref_stop_time: 2117055459982503, actual_exe_time: 124140, task_app_start_time:2117049572799375, task_sched_time:2117055459852573
app_id: 0, app_name: SAR_api-aarch64, task_id: 1742, task_name: DASH_FFT, resource_name: cpu1, ref_start_time: 2117055460833933, ref_stop_time: 2117055460881573, actual_exe_time: 47640, task_app_start_time:2117049572799375, task_sched_time:2117055460828623
app_id: 0, app_name: SAR_api-aarch64, task_id: 1743, task_name: DASH_ZIP, resource_name: cpu2, ref_start_time: 2117055461591913, ref_stop_time: 2117055461666973, actual_exe_time: 75060, task_app_start_time:2117049572799375, task_sched_time:2117055461587263
app_id: 0, app_name: SAR_api-aarch64, task_id: 1744, task_name: DASH_FFT, resource_name: cpu3, ref_start_time: 2117055465138574, ref_stop_time: 2117055465203614, actual_exe_time: 65040, task_app_start_time:2117049572799375, task_sched_time:2117055462526443
app_id: 0, app_name: SAR_api-aarch64, task_id: 1745, task_name: DASH_ZIP, resource_name: zip1, ref_start_time: 2117055466172944, ref_stop_time: 2117055466293334, actual_exe_time: 120390, task_app_start_time:2117049572799375, task_sched_time:2117055466163734
app_id: 0, app_name: SAR_api-aarch64, task_id: 1746, task_name: DASH_FFT, resource_name: cpu1, ref_start_time: 2117055467161954, ref_stop_time: 2117055467211004, actual_exe_time: 49050, task_app_start_time:2117049572799375, task_sched_time:2117055467149384
app_id: 0, app_name: SAR_api-aarch64, task_id: 1747, task_name: DASH_ZIP, resource_name: cpu2, ref_start_time: 2117055468010534, ref_stop_time: 2117055468085654, actual_exe_time: 75120, task_app_start_time:2117049572799375, task_sched_time:2117055468000814
app_id: 0, app_name: SAR_api-aarch64, task_id: 1748, task_name: DASH_FFT, resource_name: cpu3, ref_start_time: 2117055468885364, ref_stop_time: 2117055468945844, actual_exe_time: 60480, task_app_start_time:2117049572799375, task_sched_time:2117055468876304
app_id: 0, app_name: SAR_api-aarch64, task_id: 1749, task_name: DASH_ZIP, resource_name: zip1, ref_start_time: 2117055470084044, ref_stop_time: 2117055470204164, actual_exe_time: 120120, task_app_start_time:2117049572799375, task_sched_time:2117055470076724
app_id: 0, app_name: SAR_api-aarch64, task_id: 1750, task_name: DASH_FFT, resource_name: cpu1, ref_start_time: 2117055471085445, ref_stop_time: 2117055471134075, actual_exe_time: 48630, task_app_start_time:2117049572799375, task_sched_time:2117055471080255
app_id: 0, app_name: SAR_api-aarch64, task_id: 1751, task_name: DASH_ZIP, resource_name: cpu2, ref_start_time: 2117055472135865, ref_stop_time: 2117055472213745, actual_exe_time: 77880, task_app_start_time:2117049572799375, task_sched_time:2117055472130105
app_id: 0, app_name: SAR_api-aarch64, task_id: 1752, task_name: DASH_FFT, resource_name: cpu3, ref_start_time: 2117055473992145, ref_stop_time: 2117055474061655, actual_exe_time: 69510, task_app_start_time:2117049572799375, task_sched_time:2117055473042045
app_id: 0, app_name: SAR_api-aarch64, task_id: 1753, task_name: DASH_ZIP, resource_name: zip1, ref_start_time: 2117055479673636, ref_stop_time: 2117055479796036, actual_exe_time: 122400, task_app_start_time:2117049572799375, task_sched_time:2117055479663166
app_id: 0, app_name: SAR_api-aarch64, task_id: 1754, task_name: DASH_FFT, resource_name: cpu1, ref_start_time: 2117055480416976, ref_stop_time: 2117055480468456, actual_exe_time: 51480, task_app_start_time:2117049572799375, task_sched_time:2117055480408576
app_id: 0, app_name: SAR_api-aarch64, task_id: 1755, task_name: DASH_ZIP, resource_name: cpu2, ref_start_time: 2117055483196777, ref_stop_time: 2117055483273517, actual_exe_time: 76740, task_app_start_time:2117049572799375, task_sched_time:2117055483190177
app_id: 0, app_name: SAR_api-aarch64, task_id: 1756, task_name: DASH_FFT, resource_name: cpu3, ref_start_time: 2117055486393637, ref_stop_time: 2117055486459307, actual_exe_time: 65670, task_app_start_time:2117049572799375, task_sched_time:2117055486235657
app_id: 0, app_name: SAR_api-aarch64, task_id: 1757, task_name: DASH_ZIP, resource_name: zip1, ref_start_time: 2117055487584037, ref_stop_time: 2117055487705297, actual_exe_time: 121260, task_app_start_time:2117049572799375, task_sched_time:2117055487474177
app_id: 0, app_name: SAR_api-aarch64, task_id: 1758, task_name: DASH_FFT, resource_name: cpu1, ref_start_time: 2117055488272867, ref_stop_time: 2117055488324707, actual_exe_time: 51840, task_app_start_time:2117049572799375, task_sched_time:2117055488262187
app_id: 0, app_name: SAR_api-aarch64, task_id: 1759, task_name: DASH_ZIP, resource_name: cpu2, ref_start_time: 2117055488788147, ref_stop_time: 2117055489020798, actual_exe_time: 232651, task_app_start_time:2117049572799375, task_sched_time:2117055488780557
app_id: 0, app_name: SAR_api-aarch64, task_id: 1760, task_name: DASH_FFT, resource_name: cpu3, ref_start_time: 2117055489460868, ref_stop_time: 2117055489520358, actual_exe_time: 59490, task_app_start_time:2117049572799375, task_sched_time:2117055489457358
app_id: 0, app_name: SAR_api-aarch64, task_id: 1761, task_name: DASH_ZIP, resource_name: zip1, ref_start_time: 2117055490052378, ref_stop_time: 2117055490170128, actual_exe_time: 117750, task_app_start_time:2117049572799375, task_sched_time:2117055489958808
app_id: 0, app_name: SAR_api-aarch64, task_id: 1762, task_name: DASH_FFT, resource_name: cpu1, ref_start_time: 2117055494531948, ref_stop_time: 2117055494587718, actual_exe_time: 55770, task_app_start_time:2117049572799375, task_sched_time:2117055494527628
app_id: 0, app_name: SAR_api-aarch64, task_id: 1763, task_name: DASH_ZIP, resource_name: cpu2, ref_start_time: 2117055498945339, ref_stop_time: 2117055499024509, actual_exe_time: 79170, task_app_start_time:2117049572799375, task_sched_time:2117055498937329
app_id: 0, app_name: SAR_api-aarch64, task_id: 1764, task_name: DASH_FFT, resource_name: cpu3, ref_start_time: 2117055499562229, ref_stop_time: 2117055499630119, actual_exe_time: 67890, task_app_start_time:2117049572799375, task_sched_time:2117055499555719
app_id: 0, app_name: SAR_api-aarch64, task_id: 1765, task_name: DASH_ZIP, resource_name: zip1, ref_start_time: 2117055502911040, ref_stop_time: 2117055503033200, actual_exe_time: 122160, task_app_start_time:2117049572799375, task_sched_time:2117055502907170
app_id: 0, app_name: SAR_api-aarch64, task_id: 1766, task_name: DASH_FFT, resource_name: cpu1, ref_start_time: 2117055503747470, ref_stop_time: 2117055503796970, actual_exe_time: 49500, task_app_start_time:2117049572799375, task_sched_time:2117055503733760
app_id: 0, app_name: SAR_api-aarch64, task_id: 1767, task_name: DASH_ZIP, resource_name: cpu2, ref_start_time: 2117055506599240, ref_stop_time: 2117055506675740, actual_exe_time: 76500, task_app_start_time:2117049572799375, task_sched_time:2117055506594470
app_id: 0, app_name: SAR_api-aarch64, task_id: 1768, task_name: DASH_FFT, resource_name: cpu3, ref_start_time: 2117055507707351, ref_stop_time: 2117055507772571, actual_exe_time: 65220, task_app_start_time:2117049572799375, task_sched_time:2117055507703181
app_id: 0, app_name: SAR_api-aarch64, task_id: 1769, task_name: DASH_ZIP, resource_name: zip1, ref_start_time: 2117055511544621, ref_stop_time: 2117055511668551, actual_exe_time: 123930, task_app_start_time:2117049572799375, task_sched_time:2117055511352681
app_id: 0, app_name: SAR_api-aarch64, task_id: 1770, task_name: DASH_FFT, resource_name: cpu1, ref_start_time: 2117055513356111, ref_stop_time: 2117055513411521, actual_exe_time: 55410, task_app_start_time:2117049572799375, task_sched_time:2117055513343061
app_id: 0, app_name: SAR_api-aarch64, task_id: 1771, task_name: DASH_ZIP, resource_name: cpu2, ref_start_time: 2117055514193532, ref_stop_time: 2117055514271682, actual_exe_time: 78150, task_app_start_time:2117049572799375, task_sched_time:2117055514187292
app_id: 0, app_name: SAR_api-aarch64, task_id: 1772, task_name: DASH_FFT, resource_name: cpu3, ref_start_time: 2117055518778972, ref_stop_time: 2117055518856492, actual_exe_time: 77520, task_app_start_time:2117049572799375, task_sched_time:2117055515130192
app_id: 0, app_name: SAR_api-aarch64, task_id: 1773, task_name: DASH_ZIP, resource_name: zip1, ref_start_time: 2117055520126633, ref_stop_time: 2117055520246603, actual_exe_time: 119970, task_app_start_time:2117049572799375, task_sched_time:2117055520118473
app_id: 0, app_name: SAR_api-aarch64, task_id: 1774, task_name: DASH_FFT, resource_name: cpu1, ref_start_time: 2117055521289313, ref_stop_time: 2117055521339413, actual_exe_time: 50100, task_app_start_time:2117049572799375, task_sched_time:2117055521283583
app_id: 0, app_name: SAR_api-aarch64, task_id: 1775, task_name: DASH_ZIP, resource_name: cpu2, ref_start_time: 2117055522222283, ref_stop_time: 2117055522298903, actual_exe_time: 76620, task_app_start_time:2117049572799375, task_sched_time:2117055522213523
app_id: 0, app_name: SAR_api-aarch64, task_id: 1776, task_name: DASH_FFT, resource_name: cpu3, ref_start_time: 2117055523036153, ref_stop_time: 2117055523103323, actual_exe_time: 67170, task_app_start_time:2117049572799375, task_sched_time:2117055523027423
app_id: 0, app_name: SAR_api-aarch64, task_id: 1777, task_name: DASH_ZIP, resource_name: zip1, ref_start_time: 2117055524419393, ref_stop_time: 2117055524547943, actual_exe_time: 128550, task_app_start_time:2117049572799375, task_sched_time:2117055524393113
app_id: 0, app_name: SAR_api-aarch64, task_id: 1778, task_name: DASH_FFT, resource_name: cpu1, ref_start_time: 2117055529041764, ref_stop_time: 2117055529098044, actual_exe_time: 56280, task_app_start_time:2117049572799375, task_sched_time:2117055529037354
app_id: 0, app_name: SAR_api-aarch64, task_id: 1779, task_name: DASH_ZIP, resource_name: cpu2, ref_start_time: 2117055530798414, ref_stop_time: 2117055530878754, actual_exe_time: 80340, task_app_start_time:2117049572799375, task_sched_time:2117055529484684
app_id: 0, app_name: SAR_api-aarch64, task_id: 1780, task_name: DASH_FFT, resource_name: cpu3, ref_start_time: 2117055531828464, ref_stop_time: 2117055531896654, actual_exe_time: 68190, task_app_start_time:2117049572799375, task_sched_time:2117055531820994
app_id: 0, app_name: SAR_api-aarch64, task_id: 1781, task_name: DASH_ZIP, resource_name: zip1, ref_start_time: 2117055532898925, ref_stop_time: 2117055533020695, actual_exe_time: 121770, task_app_start_time:2117049572799375, task_sched_time:2117055532895715
app_id: 0, app_name: SAR_api-aarch64, task_id: 1782, task_name: DASH_FFT, resource_name: cpu1, ref_start_time: 2117055533774445, ref_stop_time: 2117055533823645, actual_exe_time: 49200, task_app_start_time:2117049572799375, task_sched_time:2117055533762175
app_id: 0, app_name: SAR_api-aarch64, task_id: 1783, task_name: DASH_ZIP, resource_name: cpu2, ref_start_time: 2117055534783525, ref_stop_time: 2117055534862665, actual_exe_time: 79140, task_app_start_time:2117049572799375, task_sched_time:2117055534620475
app_id: 0, app_name: SAR_api-aarch64, task_id: 1784, task_name: DASH_FFT, resource_name: cpu3, ref_start_time: 2117055535447755, ref_stop_time: 2117055535511205, actual_exe_time: 63450, task_app_start_time:2117049572799375, task_sched_time:2117055535439025
app_id: 0, app_name: SAR_api-aarch64, task_id: 1785, task_name: DASH_ZIP, resource_name: zip1, ref_start_time: 2117055536460525, ref_stop_time: 2117055536579865, actual_exe_time: 119340, task_app_start_time:2117049572799375, task_sched_time:2117055536454405
app_id: 0, app_name: SAR_api-aarch64, task_id: 1786, task_name: DASH_FFT, resource_name: cpu1, ref_start_time: 2117055537346905, ref_stop_time: 2117055537394515, actual_exe_time: 47610, task_app_start_time:2117049572799375, task_sched_time:2117055537336705
app_id: 0, app_name: SAR_api-aarch64, task_id: 1787, task_name: DASH_ZIP, resource_name: cpu2, ref_start_time: 2117055538367505, ref_stop_time: 2117055538445655, actual_exe_time: 78150, task_app_start_time:2117049572799375, task_sched_time:2117055538298175
app_id: 0, app_name: SAR_api-aarch64, task_id: 1788, task_name: DASH_FFT, resource_name: cpu3, ref_start_time: 2117055539145076, ref_stop_time: 2117055539208556, actual_exe_time: 63480, task_app_start_time:2117049572799375, task_sched_time:2117055539137576
app_id: 0, app_name: SAR_api-aarch64, task_id: 1789, task_name: DASH_ZIP, resource_name: zip1, ref_start_time: 2117055540082336, ref_stop_time: 2117055540200956, actual_exe_time: 118620, task_app_start_time:2117049572799375, task_sched_time:2117055540072736
app_id: 0, app_name: SAR_api-aarch64, task_id: 1790, task_name: DASH_FFT, resource_name: cpu1, ref_start_time: 2117055540882586, ref_stop_time: 2117055540930406, actual_exe_time: 47820, task_app_start_time:2117049572799375, task_sched_time:2117055540875026
app_id: 0, app_name: SAR_api-aarch64, task_id: 1791, task_name: DASH_ZIP, resource_name: cpu2, ref_start_time: 2117055541734046, ref_stop_time: 2117055541808266, actual_exe_time: 74220, task_app_start_time:2117049572799375, task_sched_time:2117055541726306
app_id: 0, app_name: SAR_api-aarch64, task_id: 1792, task_name: DASH_FFT, resource_name: cpu3, ref_start_time: 2117055546814877, ref_stop_time: 2117055546893417, actual_exe_time: 78540, task_app_start_time:2117049572799375, task_sched_time:2117055542611696
app_id: 0, app_name: SAR_api-aarch64, task_id: 1793, task_name: DASH_ZIP, resource_name: zip1, ref_start_time: 2117055548270237, ref_stop_time: 2117055548390897, actual_exe_time: 120660, task_app_start_time:2117049572799375, task_sched_time:2117055548261477
app_id: 0, app_name: SAR_api-aarch64, task_id: 1794, task_name: DASH_FFT, resource_name: cpu1, ref_start_time: 2117055549051617, ref_stop_time: 2117055549101957, actual_exe_time: 50340, task_app_start_time:2117049572799375, task_sched_time:2117055549041057
app_id: 0, app_name: SAR_api-aarch64, task_id: 1795, task_name: DASH_ZIP, resource_name: cpu2, ref_start_time: 2117055550131347, ref_stop_time: 2117055550207397, actual_exe_time: 76050, task_app_start_time:2117049572799375, task_sched_time:2117055550123127
app_id: 0, app_name: SAR_api-aarch64, task_id: 1796, task_name: DASH_FFT, resource_name: cpu3, ref_start_time: 2117055550936337, ref_stop_time: 2117055551001797, actual_exe_time: 65460, task_app_start_time:2117049572799375, task_sched_time:2117055550930307
app_id: 0, app_name: SAR_api-aarch64, task_id: 1797, task_name: DASH_ZIP, resource_name: zip1, ref_start_time: 2117055554807298, ref_stop_time: 2117055554930058, actual_exe_time: 122760, task_app_start_time:2117049572799375, task_sched_time:2117055552357618
app_id: 0, app_name: SAR_api-aarch64, task_id: 1798, task_name: DASH_FFT, resource_name: cpu1, ref_start_time: 2117055555494718, ref_stop_time: 2117055555545328, actual_exe_time: 50610, task_app_start_time:2117049572799375, task_sched_time:2117055555487488
app_id: 0, app_name: SAR_api-aarch64, task_id: 1799, task_name: DASH_ZIP, resource_name: cpu2, ref_start_time: 2117055556166808, ref_stop_time: 2117055556241268, actual_exe_time: 74460, task_app_start_time:2117049572799375, task_sched_time:2117055556163178
app_id: 0, app_name: SAR_api-aarch64, task_id: 1800, task_name: DASH_FFT, resource_name: cpu3, ref_start_time: 2117055557513089, ref_stop_time: 2117055557574289, actual_exe_time: 61200, task_app_start_time:2117049572799375, task_sched_time:2117055556666668
app_id: 0, app_name: SAR_api-aarch64, task_id: 1801, task_name: DASH_ZIP, resource_name: zip1, ref_start_time: 2117055558322549, ref_stop_time: 2117055558443059, actual_exe_time: 120510, task_app_start_time:2117049572799375, task_sched_time:2117055558312289
app_id: 0, app_name: SAR_api-aarch64, task_id: 1802, task_name: DASH_FFT, resource_name: cpu1, ref_start_time: 2117055563173339, ref_stop_time: 2117055563230519, actual_exe_time: 57180, task_app_start_time:2117049572799375, task_sched_time:2117055563163019
app_id: 0, app_name: SAR_api-aarch64, task_id: 1803, task_name: DASH_ZIP, resource_name: cpu2, ref_start_time: 2117055563995820, ref_stop_time: 2117055564072110, actual_exe_time: 76290, task_app_start_time:2117049572799375, task_sched_time:2117055563992580
app_id: 0, app_name: SAR_api-aarch64, task_id: 1804, task_name: DASH_FFT, resource_name: cpu3, ref_start_time: 2117055564513410, ref_stop_time: 2117055564573770, actual_exe_time: 60360, task_app_start_time:2117049572799375, task_sched_time:2117055564504530
app_id: 0, app_name: SAR_api-aarch64, task_id: 1805, task_name: DASH_ZIP, resource_name: zip1, ref_start_time: 2117055571177011, ref_stop_time: 2117055571305411, actual_exe_time: 128400, task_app_start_time:2117049572799375, task_sched_time:2117055571165671
app_id: 0, app_name: SAR_api-aarch64, task_id: 1806, task_name: DASH_FFT, resource_name: cpu1, ref_start_time: 2117055572046081, ref_stop_time: 2117055572098731, actual_exe_time: 52650, task_app_start_time:2117049572799375, task_sched_time:2117055572040651
app_id: 0, app_name: SAR_api-aarch64, task_id: 1807, task_name: DASH_ZIP, resource_name: cpu2, ref_start_time: 2117055572975541, ref_stop_time: 2117055573051531, actual_exe_time: 75990, task_app_start_time:2117049572799375, task_sched_time:2117055572969991
app_id: 0, app_name: SAR_api-aarch64, task_id: 1808, task_name: DASH_FFT, resource_name: cpu3, ref_start_time: 2117055573700521, ref_stop_time: 2117055573764451, actual_exe_time: 63930, task_app_start_time:2117049572799375, task_sched_time:2117055573691971
app_id: 0, app_name: SAR_api-aarch64, task_id: 1809, task_name: DASH_ZIP, resource_name: zip1, ref_start_time: 2117055577222342, ref_stop_time: 2117055577346452, actual_exe_time: 124110, task_app_start_time:2117049572799375, task_sched_time:2117055577212712
app_id: 0, app_name: SAR_api-aarch64, task_id: 1810, task_name: DASH_FFT, resource_name: cpu1, ref_start_time: 2117055583570973, ref_stop_time: 2117055583630763, actual_exe_time: 59790, task_app_start_time:2117049572799375, task_sched_time:2117055583555553
app_id: 0, app_name: SAR_api-aarch64, task_id: 1811, task_name: DASH_ZIP, resource_name: cpu2, ref_start_time: 2117055584384693, ref_stop_time: 2117055584461463, actual_exe_time: 76770, task_app_start_time:2117049572799375, task_sched_time:2117055584380013
app_id: 0, app_name: SAR_api-aarch64, task_id: 1812, task_name: DASH_FFT, resource_name: cpu3, ref_start_time: 2117055585118013, ref_stop_time: 2117055585182993, actual_exe_time: 64980, task_app_start_time:2117049572799375, task_sched_time:2117055585110963
app_id: 0, app_name: SAR_api-aarch64, task_id: 1813, task_name: DASH_ZIP, resource_name: zip1, ref_start_time: 2117055590791134, ref_stop_time: 2117055590915814, actual_exe_time: 124680, task_app_start_time:2117049572799375, task_sched_time:2117055590775174
app_id: 0, app_name: SAR_api-aarch64, task_id: 1814, task_name: DASH_FFT, resource_name: cpu1, ref_start_time: 2117055591251004, ref_stop_time: 2117055591309684, actual_exe_time: 58680, task_app_start_time:2117049572799375, task_sched_time:2117055591200904
app_id: 0, app_name: SAR_api-aarch64, task_id: 1815, task_name: DASH_ZIP, resource_name: cpu2, ref_start_time: 2117055592698234, ref_stop_time: 2117055592772184, actual_exe_time: 73950, task_app_start_time:2117049572799375, task_sched_time:2117055592692954
app_id: 0, app_name: SAR_api-aarch64, task_id: 1816, task_name: DASH_FFT, resource_name: cpu3, ref_start_time: 2117055595313905, ref_stop_time: 2117055595375165, actual_exe_time: 61260, task_app_start_time:2117049572799375, task_sched_time:2117055595305625
app_id: 0, app_name: SAR_api-aarch64, task_id: 1817, task_name: DASH_ZIP, resource_name: zip1, ref_start_time: 2117055596973115, ref_stop_time: 2117055597096655, actual_exe_time: 123540, task_app_start_time:2117049572799375, task_sched_time:2117055596858005
app_id: 0, app_name: SAR_api-aarch64, task_id: 1818, task_name: DASH_FFT, resource_name: cpu1, ref_start_time: 2117055603062936, ref_stop_time: 2117055603121436, actual_exe_time: 58500, task_app_start_time:2117049572799375, task_sched_time:2117055602996876
app_id: 0, app_name: SAR_api-aarch64, task_id: 1819, task_name: DASH_ZIP, resource_name: cpu2, ref_start_time: 2117055610126527, ref_stop_time: 2117055610205997, actual_exe_time: 79470, task_app_start_time:2117049572799375, task_sched_time:2117055610118937
app_id: 0, app_name: SAR_api-aarch64, task_id: 1820, task_name: DASH_FFT, resource_name: cpu3, ref_start_time: 2117055611455437, ref_stop_time: 2117055611525577, actual_exe_time: 70140, task_app_start_time:2117049572799375, task_sched_time:2117055611447187
app_id: 0, app_name: SAR_api-aarch64, task_id: 1821, task_name: DASH_ZIP, resource_name: zip1, ref_start_time: 2117055615005458, ref_stop_time: 2117055615129478, actual_exe_time: 124020, task_app_start_time:2117049572799375, task_sched_time:2117055614998408
app_id: 0, app_name: SAR_api-aarch64, task_id: 1822, task_name: DASH_FFT, resource_name: cpu1, ref_start_time: 2117055622963559, ref_stop_time: 2117055623023709, actual_exe_time: 60150, task_app_start_time:2117049572799375, task_sched_time:2117055622948499
app_id: 0, app_name: SAR_api-aarch64, task_id: 1823, task_name: DASH_ZIP, resource_name: cpu2, ref_start_time: 2117055626178870, ref_stop_time: 2117055626255730, actual_exe_time: 76860, task_app_start_time:2117049572799375, task_sched_time:2117055626171340
app_id: 0, app_name: SAR_api-aarch64, task_id: 1824, task_name: DASH_FFT, resource_name: cpu3, ref_start_time: 2117055630817110, ref_stop_time: 2117055630887400, actual_exe_time: 70290, task_app_start_time:2117049572799375, task_sched_time:2117055630096990
app_id: 0, app_name: SAR_api-aarch64, task_id: 1825, task_name: DASH_ZIP, resource_name: zip1, ref_start_time: 2117055633364711, ref_stop_time: 2117055633487681, actual_exe_time: 122970, task_app_start_time:2117049572799375, task_sched_time:2117055631769190
app_id: 0, app_name: SAR_api-aarch64, task_id: 1826, task_name: DASH_FFT, resource_name: cpu1, ref_start_time: 2117055634129411, ref_stop_time: 2117055634181821, actual_exe_time: 52410, task_app_start_time:2117049572799375, task_sched_time:2117055634124761
app_id: 0, app_name: SAR_api-aarch64, task_id: 1827, task_name: DASH_ZIP, resource_name: cpu2, ref_start_time: 2117055635084581, ref_stop_time: 2117055635160181, actual_exe_time: 75600, task_app_start_time:2117049572799375, task_sched_time:2117055635079991
app_id: 0, app_name: SAR_api-aarch64, task_id: 1828, task_name: DASH_FFT, resource_name: cpu3, ref_start_time: 2117055638810492, ref_stop_time: 2117055638885732, actual_exe_time: 75240, task_app_start_time:2117049572799375, task_sched_time:2117055636014971
app_id: 0, app_name: SAR_api-aarch64, task_id: 1829, task_name: DASH_ZIP, resource_name: zip1, ref_start_time: 2117055641074442, ref_stop_time: 2117055641195582, actual_exe_time: 121140, task_app_start_time:2117049572799375, task_sched_time:2117055641067992
app_id: 0, app_name: SAR_api-aarch64, task_id: 1830, task_name: DASH_FFT, resource_name: cpu1, ref_start_time: 2117055646969683, ref_stop_time: 2117055647028723, actual_exe_time: 59040, task_app_start_time:2117049572799375, task_sched_time:2117055646955223
app_id: 0, app_name: SAR_api-aarch64, task_id: 1831, task_name: DASH_ZIP, resource_name: cpu2, ref_start_time: 2117055654684244, ref_stop_time: 2117055654948964, actual_exe_time: 264720, task_app_start_time:2117049572799375, task_sched_time:2117055654675364
app_id: 0, app_name: SAR_api-aarch64, task_id: 1832, task_name: DASH_FFT, resource_name: cpu3, ref_start_time: 2117055655922674, ref_stop_time: 2117055655992304, actual_exe_time: 69630, task_app_start_time:2117049572799375, task_sched_time:2117055655914064
app_id: 0, app_name: SAR_api-aarch64, task_id: 1833, task_name: DASH_ZIP, resource_name: zip1, ref_start_time: 2117055663104136, ref_stop_time: 2117055663231636, actual_exe_time: 127500, task_app_start_time:2117049572799375, task_sched_time:2117055663093246
app_id: 0, app_name: SAR_api-aarch64, task_id: 1834, task_name: DASH_FFT, resource_name: cpu1, ref_start_time: 2117055667018656, ref_stop_time: 2117055667072806, actual_exe_time: 54150, task_app_start_time:2117049572799375, task_sched_time:2117055666869226
app_id: 0, app_name: SAR_api-aarch64, task_id: 1835, task_name: DASH_ZIP, resource_name: cpu2, ref_start_time: 2117055670161277, ref_stop_time: 2117055670443397, actual_exe_time: 282120, task_app_start_time:2117049572799375, task_sched_time:2117055670152667
app_id: 0, app_name: SAR_api-aarch64, task_id: 1836, task_name: DASH_FFT, resource_name: cpu3, ref_start_time: 2117055670689817, ref_stop_time: 2117055670865497, actual_exe_time: 175680, task_app_start_time:2117049572799375, task_sched_time:2117055670682827
app_id: 0, app_name: SAR_api-aarch64, task_id: 1837, task_name: DASH_ZIP, resource_name: zip1, ref_start_time: 2117055678867128, ref_stop_time: 2117055678992408, actual_exe_time: 125280, task_app_start_time:2117049572799375, task_sched_time:2117055678854138
app_id: 0, app_name: SAR_api-aarch64, task_id: 1838, task_name: DASH_FFT, resource_name: cpu1, ref_start_time: 2117055682920699, ref_stop_time: 2117055682974639, actual_exe_time: 53940, task_app_start_time:2117049572799375, task_sched_time:2117055682875009
app_id: 0, app_name: SAR_api-aarch64, task_id: 1839, task_name: DASH_ZIP, resource_name: cpu2, ref_start_time: 2117055685061919, ref_stop_time: 2117055685142709, actual_exe_time: 80790, task_app_start_time:2117049572799375, task_sched_time:2117055685052199
app_id: 0, app_name: SAR_api-aarch64, task_id: 1840, task_name: DASH_FFT, resource_name: cpu3, ref_start_time: 2117055690791920, ref_stop_time: 2117055690865690, actual_exe_time: 73770, task_app_start_time:2117049572799375, task_sched_time:2117055689182750
app_id: 0, app_name: SAR_api-aarch64, task_id: 1841, task_name: DASH_ZIP, resource_name: zip1, ref_start_time: 2117055694780571, ref_stop_time: 2117055694902071, actual_exe_time: 121500, task_app_start_time:2117049572799375, task_sched_time:2117055692269030
app_id: 0, app_name: SAR_api-aarch64, task_id: 1842, task_name: DASH_FFT, resource_name: cpu1, ref_start_time: 2117055695725691, ref_stop_time: 2117055695777141, actual_exe_time: 51450, task_app_start_time:2117049572799375, task_sched_time:2117055695716031
app_id: 0, app_name: SAR_api-aarch64, task_id: 1843, task_name: DASH_ZIP, resource_name: cpu2, ref_start_time: 2117055696649451, ref_stop_time: 2117055696724931, actual_exe_time: 75480, task_app_start_time:2117049572799375, task_sched_time:2117055696644981
app_id: 0, app_name: SAR_api-aarch64, task_id: 1844, task_name: DASH_FFT, resource_name: cpu3, ref_start_time: 2117055698775161, ref_stop_time: 2117055698840411, actual_exe_time: 65250, task_app_start_time:2117049572799375, task_sched_time:2117055697216601
app_id: 0, app_name: SAR_api-aarch64, task_id: 1845, task_name: DASH_ZIP, resource_name: zip1, ref_start_time: 2117055700308942, ref_stop_time: 2117055700432812, actual_exe_time: 123870, task_app_start_time:2117049572799375, task_sched_time:2117055700300812
app_id: 0, app_name: SAR_api-aarch64, task_id: 1846, task_name: DASH_FFT, resource_name: cpu1, ref_start_time: 2117055703263972, ref_stop_time: 2117055703321332, actual_exe_time: 57360, task_app_start_time:2117049572799375, task_sched_time:2117055703201182
app_id: 0, app_name: SAR_api-aarch64, task_id: 1847, task_name: DASH_ZIP, resource_name: cpu2, ref_start_time: 2117055713502164, ref_stop_time: 2117055713800514, actual_exe_time: 298350, task_app_start_time:2117049572799375, task_sched_time:2117055713491664
app_id: 0, app_name: SAR_api-aarch64, task_id: 1848, task_name: DASH_FFT, resource_name: cpu3, ref_start_time: 2117055714569894, ref_stop_time: 2117055714634964, actual_exe_time: 65070, task_app_start_time:2117049572799375, task_sched_time:2117055714566054
app_id: 0, app_name: SAR_api-aarch64, task_id: 1849, task_name: DASH_ZIP, resource_name: zip1, ref_start_time: 2117055718349084, ref_stop_time: 2117055718470644, actual_exe_time: 121560, task_app_start_time:2117049572799375, task_sched_time:2117055718341854
app_id: 0, app_name: SAR_api-aarch64, task_id: 1850, task_name: DASH_FFT, resource_name: cpu1, ref_start_time: 2117055719534415, ref_stop_time: 2117055719590935, actual_exe_time: 56520, task_app_start_time:2117049572799375, task_sched_time:2117055719414865
app_id: 0, app_name: SAR_api-aarch64, task_id: 1851, task_name: DASH_ZIP, resource_name: cpu2, ref_start_time: 2117055720548865, ref_stop_time: 2117055720627555, actual_exe_time: 78690, task_app_start_time:2117049572799375, task_sched_time:2117055720543915
app_id: 0, app_name: SAR_api-aarch64, task_id: 1852, task_name: DASH_FFT, resource_name: cpu3, ref_start_time: 2117055723014175, ref_stop_time: 2117055723087285, actual_exe_time: 73110, task_app_start_time:2117049572799375, task_sched_time:2117055721244865
app_id: 0, app_name: SAR_api-aarch64, task_id: 1853, task_name: DASH_ZIP, resource_name: zip1, ref_start_time: 2117055726927256, ref_stop_time: 2117055727048366, actual_exe_time: 121110, task_app_start_time:2117049572799375, task_sched_time:2117055726922666
app_id: 0, app_name: SAR_api-aarch64, task_id: 1854, task_name: DASH_FFT, resource_name: cpu1, ref_start_time: 2117055728869426, ref_stop_time: 2117055728927506, actual_exe_time: 58080, task_app_start_time:2117049572799375, task_sched_time:2117055728850256
app_id: 0, app_name: SAR_api-aarch64, task_id: 1855, task_name: DASH_ZIP, resource_name: cpu2, ref_start_time: 2117055729186136, ref_stop_time: 2117055729261766, actual_exe_time: 75630, task_app_start_time:2117049572799375, task_sched_time:2117055729183406
app_id: 0, app_name: SAR_api-aarch64, task_id: 1856, task_name: DASH_FFT, resource_name: cpu3, ref_start_time: 2117055733401047, ref_stop_time: 2117055733470497, actual_exe_time: 69450, task_app_start_time:2117049572799375, task_sched_time:2117055733389857
app_id: 0, app_name: SAR_api-aarch64, task_id: 1857, task_name: DASH_ZIP, resource_name: zip1, ref_start_time: 2117055734368217, ref_stop_time: 2117055734783957, actual_exe_time: 415740, task_app_start_time:2117049572799375, task_sched_time:2117055734362247
app_id: 0, app_name: SAR_api-aarch64, task_id: 1858, task_name: DASH_FFT, resource_name: cpu1, ref_start_time: 2117055735332777, ref_stop_time: 2117055736028867, actual_exe_time: 696090, task_app_start_time:2117049572799375, task_sched_time:2117055735325727
app_id: 0, app_name: SAR_api-aarch64, task_id: 1859, task_name: DASH_ZIP, resource_name: cpu2, ref_start_time: 2117055738775218, ref_stop_time: 2117055738854358, actual_exe_time: 79140, task_app_start_time:2117049572799375, task_sched_time:2117055736487297
app_id: 0, app_name: SAR_api-aarch64, task_id: 1860, task_name: DASH_FFT, resource_name: cpu3, ref_start_time: 2117055739488318, ref_stop_time: 2117055739554348, actual_exe_time: 66030, task_app_start_time:2117049572799375, task_sched_time:2117055739481508
app_id: 0, app_name: SAR_api-aarch64, task_id: 1861, task_name: DASH_ZIP, resource_name: zip1, ref_start_time: 2117055740553438, ref_stop_time: 2117055740673018, actual_exe_time: 119580, task_app_start_time:2117049572799375, task_sched_time:2117055740550168
app_id: 0, app_name: SAR_api-aarch64, task_id: 1862, task_name: DASH_FFT, resource_name: cpu1, ref_start_time: 2117055741212208, ref_stop_time: 2117055741641448, actual_exe_time: 429240, task_app_start_time:2117049572799375, task_sched_time:2117055741143688
app_id: 0, app_name: SAR_api-aarch64, task_id: 1863, task_name: DASH_ZIP, resource_name: cpu2, ref_start_time: 2117055742772298, ref_stop_time: 2117055742848798, actual_exe_time: 76500, task_app_start_time:2117049572799375, task_sched_time:2117055742461948
app_id: 0, app_name: SAR_api-aarch64, task_id: 1864, task_name: DASH_FFT, resource_name: cpu3, ref_start_time: 2117055743683128, ref_stop_time: 2117055743740579, actual_exe_time: 57451, task_app_start_time:2117049572799375, task_sched_time:2117055743674128
app_id: 0, app_name: SAR_api-aarch64, task_id: 1865, task_name: DASH_ZIP, resource_name: zip1, ref_start_time: 2117055750986930, ref_stop_time: 2117055751114430, actual_exe_time: 127500, task_app_start_time:2117049572799375, task_sched_time:2117055750977870
app_id: 0, app_name: SAR_api-aarch64, task_id: 1866, task_name: DASH_FFT, resource_name: cpu1, ref_start_time: 2117055754951940, ref_stop_time: 2117055755005640, actual_exe_time: 53700, task_app_start_time:2117049572799375, task_sched_time:2117055754866500
app_id: 0, app_name: SAR_api-aarch64, task_id: 1867, task_name: DASH_ZIP, resource_name: cpu2, ref_start_time: 2117055758429241, ref_stop_time: 2117055758506581, actual_exe_time: 77340, task_app_start_time:2117049572799375, task_sched_time:2117055758423961
app_id: 0, app_name: SAR_api-aarch64, task_id: 1868, task_name: DASH_FFT, resource_name: cpu3, ref_start_time: 2117055762890752, ref_stop_time: 2117055762960532, actual_exe_time: 69780, task_app_start_time:2117049572799375, task_sched_time:2117055762879082
app_id: 0, app_name: SAR_api-aarch64, task_id: 1869, task_name: DASH_ZIP, resource_name: zip1, ref_start_time: 2117055766898062, ref_stop_time: 2117055767019922, actual_exe_time: 121860, task_app_start_time:2117049572799375, task_sched_time:2117055766893622
app_id: 0, app_name: SAR_api-aarch64, task_id: 1870, task_name: DASH_FFT, resource_name: cpu1, ref_start_time: 2117055770996033, ref_stop_time: 2117055771052133, actual_exe_time: 56100, task_app_start_time:2117049572799375, task_sched_time:2117055770955563
app_id: 0, app_name: SAR_api-aarch64, task_id: 1871, task_name: DASH_ZIP, resource_name: cpu2, ref_start_time: 2117055773876603, ref_stop_time: 2117055773954243, actual_exe_time: 77640, task_app_start_time:2117049572799375, task_sched_time:2117055773872373
app_id: 0, app_name: SAR_api-aarch64, task_id: 1872, task_name: DASH_FFT, resource_name: cpu3, ref_start_time: 2117055777566664, ref_stop_time: 2117055777634914, actual_exe_time: 68250, task_app_start_time:2117049572799375, task_sched_time:2117055777555114
app_id: 0, app_name: SAR_api-aarch64, task_id: 1873, task_name: DASH_ZIP, resource_name: zip1, ref_start_time: 2117055779263224, ref_stop_time: 2117055779386284, actual_exe_time: 123060, task_app_start_time:2117049572799375, task_sched_time:2117055779256624
app_id: 0, app_name: SAR_api-aarch64, task_id: 1874, task_name: DASH_FFT, resource_name: cpu1, ref_start_time: 2117055780192354, ref_stop_time: 2117055780245484, actual_exe_time: 53130, task_app_start_time:2117049572799375, task_sched_time:2117055780188784
app_id: 0, app_name: SAR_api-aarch64, task_id: 1875, task_name: DASH_ZIP, resource_name: cpu2, ref_start_time: 2117055782775085, ref_stop_time: 2117055782852725, actual_exe_time: 77640, task_app_start_time:2117049572799375, task_sched_time:2117055781137835
app_id: 0, app_name: SAR_api-aarch64, task_id: 1876, task_name: DASH_FFT, resource_name: cpu3, ref_start_time: 2117055783395875, ref_stop_time: 2117055783456895, actual_exe_time: 61020, task_app_start_time:2117049572799375, task_sched_time:2117055783391555
app_id: 0, app_name: SAR_api-aarch64, task_id: 1877, task_name: DASH_ZIP, resource_name: zip1, ref_start_time: 2117055786923905, ref_stop_time: 2117055787044535, actual_exe_time: 120630, task_app_start_time:2117049572799375, task_sched_time:2117055786917695
app_id: 0, app_name: SAR_api-aarch64, task_id: 1878, task_name: DASH_FFT, resource_name: cpu1, ref_start_time: 2117055788503046, ref_stop_time: 2117055788562086, actual_exe_time: 59040, task_app_start_time:2117049572799375, task_sched_time:2117055788497076
app_id: 0, app_name: SAR_api-aarch64, task_id: 1879, task_name: DASH_ZIP, resource_name: cpu2, ref_start_time: 2117055794955627, ref_stop_time: 2117055795036267, actual_exe_time: 80640, task_app_start_time:2117049572799375, task_sched_time:2117055794944467
app_id: 0, app_name: SAR_api-aarch64, task_id: 1880, task_name: DASH_FFT, resource_name: cpu3, ref_start_time: 2117055798826827, ref_stop_time: 2117055798899187, actual_exe_time: 72360, task_app_start_time:2117049572799375, task_sched_time:2117055798819237
app_id: 0, app_name: SAR_api-aarch64, task_id: 1881, task_name: DASH_ZIP, resource_name: zip1, ref_start_time: 2117055802229278, ref_stop_time: 2117055802348948, actual_exe_time: 119670, task_app_start_time:2117049572799375, task_sched_time:2117055802223518
app_id: 0, app_name: SAR_api-aarch64, task_id: 1882, task_name: DASH_FFT, resource_name: cpu1, ref_start_time: 2117055807204299, ref_stop_time: 2117055807262259, actual_exe_time: 57960, task_app_start_time:2117049572799375, task_sched_time:2117055807110339
app_id: 0, app_name: SAR_api-aarch64, task_id: 1883, task_name: DASH_ZIP, resource_name: cpu2, ref_start_time: 2117055815544720, ref_stop_time: 2117055816606090, actual_exe_time: 1061370, task_app_start_time:2117049572799375, task_sched_time:2117055815539230
app_id: 0, app_name: SAR_api-aarch64, task_id: 1884, task_name: DASH_FFT, resource_name: cpu3, ref_start_time: 2117055823331581, ref_stop_time: 2117055823398511, actual_exe_time: 66930, task_app_start_time:2117049572799375, task_sched_time:2117055823321621
app_id: 0, app_name: SAR_api-aarch64, task_id: 1885, task_name: DASH_ZIP, resource_name: zip1, ref_start_time: 2117055830203502, ref_stop_time: 2117055830329742, actual_exe_time: 126240, task_app_start_time:2117049572799375, task_sched_time:2117055830192492
app_id: 0, app_name: SAR_api-aarch64, task_id: 1886, task_name: DASH_FFT, resource_name: cpu1, ref_start_time: 2117055835283103, ref_stop_time: 2117055835341573, actual_exe_time: 58470, task_app_start_time:2117049572799375, task_sched_time:2117055835188213
app_id: 0, app_name: SAR_api-aarch64, task_id: 1887, task_name: DASH_ZIP, resource_name: cpu2, ref_start_time: 2117055842872624, ref_stop_time: 2117055842954044, actual_exe_time: 81420, task_app_start_time:2117049572799375, task_sched_time:2117055842863864
app_id: 0, app_name: SAR_api-aarch64, task_id: 1888, task_name: DASH_FFT, resource_name: cpu3, ref_start_time: 2117055844462385, ref_stop_time: 2117055844526525, actual_exe_time: 64140, task_app_start_time:2117049572799375, task_sched_time:2117055844452635
app_id: 0, app_name: SAR_api-aarch64, task_id: 1889, task_name: DASH_ZIP, resource_name: zip1, ref_start_time: 2117055851035266, ref_stop_time: 2117055851159346, actual_exe_time: 124080, task_app_start_time:2117049572799375, task_sched_time:2117055851026206
app_id: 0, app_name: SAR_api-aarch64, task_id: 1890, task_name: DASH_FFT, resource_name: cpu1, ref_start_time: 2117055858062377, ref_stop_time: 2117055858607297, actual_exe_time: 544920, task_app_start_time:2117049572799375, task_sched_time:2117055857998657
app_id: 0, app_name: SAR_api-aarch64, task_id: 1891, task_name: DASH_ZIP, resource_name: cpu2, ref_start_time: 2117055870870099, ref_stop_time: 2117055870952509, actual_exe_time: 82410, task_app_start_time:2117049572799375, task_sched_time:2117055870860139
app_id: 0, app_name: SAR_api-aarch64, task_id: 1892, task_name: DASH_FFT, resource_name: cpu3, ref_start_time: 2117055872542629, ref_stop_time: 2117055872605479, actual_exe_time: 62850, task_app_start_time:2117049572799375, task_sched_time:2117055872534529
app_id: 0, app_name: SAR_api-aarch64, task_id: 1893, task_name: DASH_ZIP, resource_name: zip1, ref_start_time: 2117055882856241, ref_stop_time: 2117055882982781, actual_exe_time: 126540, task_app_start_time:2117049572799375, task_sched_time:2117055882850211
app_id: 0, app_name: SAR_api-aarch64, task_id: 1894, task_name: DASH_FFT, resource_name: cpu1, ref_start_time: 2117055886114961, ref_stop_time: 2117055886170191, actual_exe_time: 55230, task_app_start_time:2117049572799375, task_sched_time:2117055886103381
app_id: 0, app_name: SAR_api-aarch64, task_id: 1895, task_name: DASH_ZIP, resource_name: cpu2, ref_start_time: 2117055889703322, ref_stop_time: 2117055889783122, actual_exe_time: 79800, task_app_start_time:2117049572799375, task_sched_time:2117055889694622
app_id: 0, app_name: SAR_api-aarch64, task_id: 1896, task_name: DASH_FFT, resource_name: cpu3, ref_start_time: 2117055894786433, ref_stop_time: 2117055894860623, actual_exe_time: 74190, task_app_start_time:2117049572799375, task_sched_time:2117055890681922
app_id: 0, app_name: SAR_api-aarch64, task_id: 1897, task_name: DASH_ZIP, resource_name: zip1, ref_start_time: 2117055898905163, ref_stop_time: 2117055899028313, actual_exe_time: 123150, task_app_start_time:2117049572799375, task_sched_time:2117055898897393
app_id: 0, app_name: SAR_api-aarch64, task_id: 1898, task_name: DASH_FFT, resource_name: cpu1, ref_start_time: 2117055899805224, ref_stop_time: 2117055899875634, actual_exe_time: 70410, task_app_start_time:2117049572799375, task_sched_time:2117055899539304
app_id: 0, app_name: SAR_api-aarch64, task_id: 1899, task_name: DASH_ZIP, resource_name: cpu2, ref_start_time: 2117055910831905, ref_stop_time: 2117055911178525, actual_exe_time: 346620, task_app_start_time:2117049572799375, task_sched_time:2117055910822965
app_id: 0, app_name: SAR_api-aarch64, task_id: 1900, task_name: DASH_FFT, resource_name: cpu3, ref_start_time: 2117055913197316, ref_stop_time: 2117055913261216, actual_exe_time: 63900, task_app_start_time:2117049572799375, task_sched_time:2117055913192816
app_id: 0, app_name: SAR_api-aarch64, task_id: 1901, task_name: DASH_ZIP, resource_name: zip1, ref_start_time: 2117055923017007, ref_stop_time: 2117055923142257, actual_exe_time: 125250, task_app_start_time:2117049572799375, task_sched_time:2117055923009447
app_id: 0, app_name: SAR_api-aarch64, task_id: 1902, task_name: DASH_FFT, resource_name: cpu1, ref_start_time: 2117055926866308, ref_stop_time: 2117055927273828, actual_exe_time: 407520, task_app_start_time:2117049572799375, task_sched_time:2117055926851638
app_id: 0, app_name: SAR_api-aarch64, task_id: 1903, task_name: DASH_ZIP, resource_name: cpu2, ref_start_time: 2117055928816368, ref_stop_time: 2117055928892748, actual_exe_time: 76380, task_app_start_time:2117049572799375, task_sched_time:2117055928810818
app_id: 0, app_name: SAR_api-aarch64, task_id: 1904, task_name: DASH_FFT, resource_name: cpu3, ref_start_time: 2117055938933480, ref_stop_time: 2117055939009380, actual_exe_time: 75900, task_app_start_time:2117049572799375, task_sched_time:2117055938923970
app_id: 0, app_name: SAR_api-aarch64, task_id: 1905, task_name: DASH_ZIP, resource_name: zip1, ref_start_time: 2117055939351830, ref_stop_time: 2117055939474050, actual_exe_time: 122220, task_app_start_time:2117049572799375, task_sched_time:2117055939342920
app_id: 0, app_name: SAR_api-aarch64, task_id: 1906, task_name: DASH_FFT, resource_name: cpu1, ref_start_time: 2117055942933471, ref_stop_time: 2117055942988011, actual_exe_time: 54540, task_app_start_time:2117049572799375, task_sched_time:2117055942928851
app_id: 0, app_name: SAR_api-aarch64, task_id: 1907, task_name: DASH_ZIP, resource_name: cpu2, ref_start_time: 2117055951049342, ref_stop_time: 2117055951129712, actual_exe_time: 80370, task_app_start_time:2117049572799375, task_sched_time:2117055951041032
app_id: 0, app_name: SAR_api-aarch64, task_id: 1908, task_name: DASH_FFT, resource_name: cpu3, ref_start_time: 2117055955128173, ref_stop_time: 2117055955193573, actual_exe_time: 65400, task_app_start_time:2117049572799375, task_sched_time:2117055955117673
app_id: 0, app_name: SAR_api-aarch64, task_id: 1909, task_name: DASH_ZIP, resource_name: zip1, ref_start_time: 2117055956902883, ref_stop_time: 2117055957027863, actual_exe_time: 124980, task_app_start_time:2117049572799375, task_sched_time:2117055956897933
app_id: 0, app_name: SAR_api-aarch64, task_id: 1910, task_name: DASH_FFT, resource_name: cpu1, ref_start_time: 2117055963521094, ref_stop_time: 2117055963579684, actual_exe_time: 58590, task_app_start_time:2117049572799375, task_sched_time:2117055963453744
app_id: 0, app_name: SAR_api-aarch64, task_id: 1911, task_name: DASH_ZIP, resource_name: cpu2, ref_start_time: 2117055970086775, ref_stop_time: 2117055970166635, actual_exe_time: 79860, task_app_start_time:2117049572799375, task_sched_time:2117055970078765
app_id: 0, app_name: SAR_api-aarch64, task_id: 1912, task_name: DASH_FFT, resource_name: cpu3, ref_start_time: 2117055971269675, ref_stop_time: 2117055974524226, actual_exe_time: 3254551, task_app_start_time:2117049572799375, task_sched_time:2117055971265955
app_id: 0, app_name: SAR_api-aarch64, task_id: 1913, task_name: DASH_ZIP, resource_name: zip1, ref_start_time: 2117055982786767, ref_stop_time: 2117055982912767, actual_exe_time: 126000, task_app_start_time:2117049572799375, task_sched_time:2117055982776417
app_id: 0, app_name: SAR_api-aarch64, task_id: 1914, task_name: DASH_FFT, resource_name: cpu1, ref_start_time: 2117055984523137, ref_stop_time: 2117055984583497, actual_exe_time: 60360, task_app_start_time:2117049572799375, task_sched_time:2117055984512217
app_id: 0, app_name: SAR_api-aarch64, task_id: 1915, task_name: DASH_ZIP, resource_name: cpu2, ref_start_time: 2117055987935638, ref_stop_time: 2117055988019428, actual_exe_time: 83790, task_app_start_time:2117049572799375, task_sched_time:2117055987931648
app_id: 0, app_name: SAR_api-aarch64, task_id: 1916, task_name: DASH_FFT, resource_name: cpu3, ref_start_time: 2117055995215049, ref_stop_time: 2117055995294519, actual_exe_time: 79470, task_app_start_time:2117049572799375, task_sched_time:2117055995207249
app_id: 0, app_name: SAR_api-aarch64, task_id: 1917, task_name: DASH_ZIP, resource_name: zip1, ref_start_time: 2117055997889369, ref_stop_time: 2117055998009969, actual_exe_time: 120600, task_app_start_time:2117049572799375, task_sched_time:2117055997883639
app_id: 0, app_name: SAR_api-aarch64, task_id: 1918, task_name: DASH_FFT, resource_name: cpu1, ref_start_time: 2117055999676770, ref_stop_time: 2117055999731940, actual_exe_time: 55170, task_app_start_time:2117049572799375, task_sched_time:2117055999662280
app_id: 0, app_name: SAR_api-aarch64, task_id: 1919, task_name: DASH_ZIP, resource_name: cpu2, ref_start_time: 2117056000574070, ref_stop_time: 2117056000652820, actual_exe_time: 78750, task_app_start_time:2117049572799375, task_sched_time:2117056000570140
app_id: 0, app_name: SAR_api-aarch64, task_id: 1920, task_name: DASH_FFT, resource_name: cpu3, ref_start_time: 2117056002793860, ref_stop_time: 2117056002865890, actual_exe_time: 72030, task_app_start_time:2117049572799375, task_sched_time:2117056001020530
app_id: 0, app_name: SAR_api-aarch64, task_id: 1921, task_name: DASH_ZIP, resource_name: zip1, ref_start_time: 2117056010825671, ref_stop_time: 2117056010950682, actual_exe_time: 125011, task_app_start_time:2117049572799375, task_sched_time:2117056010817631
app_id: 0, app_name: SAR_api-aarch64, task_id: 1922, task_name: DASH_FFT, resource_name: cpu1, ref_start_time: 2117056014209612, ref_stop_time: 2117056014266732, actual_exe_time: 57120, task_app_start_time:2117049572799375, task_sched_time:2117056014154292
app_id: 0, app_name: SAR_api-aarch64, task_id: 1923, task_name: DASH_ZIP, resource_name: cpu2, ref_start_time: 2117056015160522, ref_stop_time: 2117056015236842, actual_exe_time: 76320, task_app_start_time:2117049572799375, task_sched_time:2117056015121432
app_id: 0, app_name: SAR_api-aarch64, task_id: 1924, task_name: DASH_FFT, resource_name: cpu3, ref_start_time: 2117056018972113, ref_stop_time: 2117056019040633, actual_exe_time: 68520, task_app_start_time:2117049572799375, task_sched_time:2117056018966293
app_id: 0, app_name: SAR_api-aarch64, task_id: 1925, task_name: DASH_ZIP, resource_name: zip1, ref_start_time: 2117056020400623, ref_stop_time: 2117056020522333, actual_exe_time: 121710, task_app_start_time:2117049572799375, task_sched_time:2117056020392313
app_id: 0, app_name: SAR_api-aarch64, task_id: 1926, task_name: DASH_FFT, resource_name: cpu1, ref_start_time: 2117056021369473, ref_stop_time: 2117056021428423, actual_exe_time: 58950, task_app_start_time:2117049572799375, task_sched_time:2117056021344423
app_id: 0, app_name: SAR_api-aarch64, task_id: 1927, task_name: DASH_ZIP, resource_name: cpu2, ref_start_time: 2117056022790003, ref_stop_time: 2117056022865933, actual_exe_time: 75930, task_app_start_time:2117049572799375, task_sched_time:2117056022217633
app_id: 0, app_name: SAR_api-aarch64, task_id: 1928, task_name: DASH_FFT, resource_name: cpu3, ref_start_time: 2117056027284184, ref_stop_time: 2117056027347934, actual_exe_time: 63750, task_app_start_time:2117049572799375, task_sched_time:2117056027275694
app_id: 0, app_name: SAR_api-aarch64, task_id: 1929, task_name: DASH_ZIP, resource_name: zip1, ref_start_time: 2117056029391384, ref_stop_time: 2117056029515134, actual_exe_time: 123750, task_app_start_time:2117049572799375, task_sched_time:2117056029237124
app_id: 0, app_name: SAR_api-aarch64, task_id: 1930, task_name: DASH_FFT, resource_name: cpu1, ref_start_time: 2117056032929735, ref_stop_time: 2117056032987815, actual_exe_time: 58080, task_app_start_time:2117049572799375, task_sched_time:2117056032869915
app_id: 0, app_name: SAR_api-aarch64, task_id: 1931, task_name: DASH_ZIP, resource_name: cpu2, ref_start_time: 2117056034294765, ref_stop_time: 2117056034374325, actual_exe_time: 79560, task_app_start_time:2117049572799375, task_sched_time:2117056034286455
app_id: 0, app_name: SAR_api-aarch64, task_id: 1932, task_name: DASH_FFT, resource_name: cpu3, ref_start_time: 2117056038777726, ref_stop_time: 2117056038855306, actual_exe_time: 77580, task_app_start_time:2117049572799375, task_sched_time:2117056034963645
app_id: 0, app_name: SAR_api-aarch64, task_id: 1933, task_name: DASH_ZIP, resource_name: zip1, ref_start_time: 2117056039835226, ref_stop_time: 2117056039955016, actual_exe_time: 119790, task_app_start_time:2117049572799375, task_sched_time:2117056039829676
app_id: 0, app_name: SAR_api-aarch64, task_id: 1934, task_name: DASH_FFT, resource_name: cpu1, ref_start_time: 2117056040214906, ref_stop_time: 2117056040263926, actual_exe_time: 49020, task_app_start_time:2117049572799375, task_sched_time:2117056040177016
app_id: 0, app_name: SAR_api-aarch64, task_id: 1935, task_name: DASH_ZIP, resource_name: cpu2, ref_start_time: 2117056040941776, ref_stop_time: 2117056041018516, actual_exe_time: 76740, task_app_start_time:2117049572799375, task_sched_time:2117056040934936
app_id: 0, app_name: SAR_api-aarch64, task_id: 1936, task_name: DASH_FFT, resource_name: cpu3, ref_start_time: 2117056042899247, ref_stop_time: 2117056042962727, actual_exe_time: 63480, task_app_start_time:2117049572799375, task_sched_time:2117056041981517
app_id: 0, app_name: SAR_api-aarch64, task_id: 1937, task_name: DASH_ZIP, resource_name: zip1, ref_start_time: 2117056047009847, ref_stop_time: 2117056047133927, actual_exe_time: 124080, task_app_start_time:2117049572799375, task_sched_time:2117056046999827
app_id: 0, app_name: SAR_api-aarch64, task_id: 1938, task_name: DASH_FFT, resource_name: cpu1, ref_start_time: 2117056050986588, ref_stop_time: 2117056051042748, actual_exe_time: 56160, task_app_start_time:2117049572799375, task_sched_time:2117056050934508
app_id: 0, app_name: SAR_api-aarch64, task_id: 1939, task_name: DASH_ZIP, resource_name: cpu2, ref_start_time: 2117056051622288, ref_stop_time: 2117056051697438, actual_exe_time: 75150, task_app_start_time:2117049572799375, task_sched_time:2117056051617818
app_id: 0, app_name: SAR_api-aarch64, task_id: 1940, task_name: DASH_FFT, resource_name: cpu3, ref_start_time: 2117056055348859, ref_stop_time: 2117056055416719, actual_exe_time: 67860, task_app_start_time:2117049572799375, task_sched_time:2117056055339649
app_id: 0, app_name: SAR_api-aarch64, task_id: 1941, task_name: DASH_ZIP, resource_name: zip1, ref_start_time: 2117056058559519, ref_stop_time: 2117056058679309, actual_exe_time: 119790, task_app_start_time:2117049572799375, task_sched_time:2117056058549769
app_id: 0, app_name: SAR_api-aarch64, task_id: 1942, task_name: DASH_FFT, resource_name: cpu1, ref_start_time: 2117056059903069, ref_stop_time: 2117056059954129, actual_exe_time: 51060, task_app_start_time:2117049572799375, task_sched_time:2117056059830709
app_id: 0, app_name: SAR_api-aarch64, task_id: 1943, task_name: DASH_ZIP, resource_name: cpu2, ref_start_time: 2117056064261590, ref_stop_time: 2117056064341330, actual_exe_time: 79740, task_app_start_time:2117049572799375, task_sched_time:2117056064253970
app_id: 0, app_name: SAR_api-aarch64, task_id: 1944, task_name: DASH_FFT, resource_name: cpu3, ref_start_time: 2117056064979880, ref_stop_time: 2117056065042160, actual_exe_time: 62280, task_app_start_time:2117049572799375, task_sched_time:2117056064971450
app_id: 0, app_name: SAR_api-aarch64, task_id: 1945, task_name: DASH_ZIP, resource_name: zip1, ref_start_time: 2117056066087870, ref_stop_time: 2117056066213060, actual_exe_time: 125190, task_app_start_time:2117049572799375, task_sched_time:2117056066080040
app_id: 0, app_name: SAR_api-aarch64, task_id: 1946, task_name: DASH_FFT, resource_name: cpu1, ref_start_time: 2117056067000621, ref_stop_time: 2117056067054411, actual_exe_time: 53790, task_app_start_time:2117049572799375, task_sched_time:2117056066991261
app_id: 0, app_name: SAR_api-aarch64, task_id: 1947, task_name: DASH_ZIP, resource_name: cpu2, ref_start_time: 2117056070815841, ref_stop_time: 2117056070893811, actual_exe_time: 77970, task_app_start_time:2117049572799375, task_sched_time:2117056070810471
app_id: 0, app_name: SAR_api-aarch64, task_id: 1948, task_name: DASH_FFT, resource_name: cpu3, ref_start_time: 2117056071524381, ref_stop_time: 2117056071586061, actual_exe_time: 61680, task_app_start_time:2117049572799375, task_sched_time:2117056071518231
app_id: 0, app_name: SAR_api-aarch64, task_id: 1949, task_name: DASH_ZIP, resource_name: zip1, ref_start_time: 2117056075151592, ref_stop_time: 2117056075271862, actual_exe_time: 120270, task_app_start_time:2117049572799375, task_sched_time:2117056075141692
app_id: 0, app_name: SAR_api-aarch64, task_id: 1950, task_name: DASH_FFT, resource_name: cpu1, ref_start_time: 2117056077094392, ref_stop_time: 2117056077151452, actual_exe_time: 57060, task_app_start_time:2117049572799375, task_sched_time:2117056076839062
app_id: 0, app_name: SAR_api-aarch64, task_id: 1951, task_name: DASH_ZIP, resource_name: cpu2, ref_start_time: 2117056083202963, ref_stop_time: 2117056083284233, actual_exe_time: 81270, task_app_start_time:2117049572799375, task_sched_time:2117056083194353
app_id: 0, app_name: SAR_api-aarch64, task_id: 1952, task_name: DASH_FFT, resource_name: cpu3, ref_start_time: 2117056084089763, ref_stop_time: 2117056084151443, actual_exe_time: 61680, task_app_start_time:2117049572799375, task_sched_time:2117056084046503
app_id: 0, app_name: SAR_api-aarch64, task_id: 1953, task_name: DASH_ZIP, resource_name: zip1, ref_start_time: 2117056091236034, ref_stop_time: 2117056091359034, actual_exe_time: 123000, task_app_start_time:2117049572799375, task_sched_time:2117056091231054
app_id: 0, app_name: SAR_api-aarch64, task_id: 1954, task_name: DASH_FFT, resource_name: cpu1, ref_start_time: 2117056092338265, ref_stop_time: 2117056092390105, actual_exe_time: 51840, task_app_start_time:2117049572799375, task_sched_time:2117056092332865
app_id: 0, app_name: SAR_api-aarch64, task_id: 1955, task_name: DASH_ZIP, resource_name: cpu2, ref_start_time: 2117056093138125, ref_stop_time: 2117056093211805, actual_exe_time: 73680, task_app_start_time:2117049572799375, task_sched_time:2117056093132455
app_id: 0, app_name: SAR_api-aarch64, task_id: 1956, task_name: DASH_FFT, resource_name: cpu3, ref_start_time: 2117056093540635, ref_stop_time: 2117056093595205, actual_exe_time: 54570, task_app_start_time:2117049572799375, task_sched_time:2117056093537545
app_id: 0, app_name: SAR_api-aarch64, task_id: 1957, task_name: DASH_ZIP, resource_name: zip1, ref_start_time: 2117056099645666, ref_stop_time: 2117056099768966, actual_exe_time: 123300, task_app_start_time:2117049572799375, task_sched_time:2117056099640626
app_id: 0, app_name: SAR_api-aarch64, task_id: 1958, task_name: DASH_FFT, resource_name: cpu1, ref_start_time: 2117056102886866, ref_stop_time: 2117056102940266, actual_exe_time: 53400, task_app_start_time:2117049572799375, task_sched_time:2117056102875526
app_id: 0, app_name: SAR_api-aarch64, task_id: 1959, task_name: DASH_ZIP, resource_name: cpu2, ref_start_time: 2117056106979137, ref_stop_time: 2117056107311447, actual_exe_time: 332310, task_app_start_time:2117049572799375, task_sched_time:2117056106971967
app_id: 0, app_name: SAR_api-aarch64, task_id: 1960, task_name: DASH_FFT, resource_name: cpu3, ref_start_time: 2117056107512477, ref_stop_time: 2117056107572117, actual_exe_time: 59640, task_app_start_time:2117049572799375, task_sched_time:2117056107503957
app_id: 0, app_name: SAR_api-aarch64, task_id: 1961, task_name: DASH_ZIP, resource_name: zip1, ref_start_time: 2117056110390408, ref_stop_time: 2117056110509718, actual_exe_time: 119310, task_app_start_time:2117049572799375, task_sched_time:2117056110380838
app_id: 0, app_name: SAR_api-aarch64, task_id: 1962, task_name: DASH_FFT, resource_name: cpu1, ref_start_time: 2117056111917528, ref_stop_time: 2117056111970208, actual_exe_time: 52680, task_app_start_time:2117049572799375, task_sched_time:2117056111894728
app_id: 0, app_name: SAR_api-aarch64, task_id: 1963, task_name: DASH_ZIP, resource_name: cpu2, ref_start_time: 2117056115452878, ref_stop_time: 2117056115530308, actual_exe_time: 77430, task_app_start_time:2117049572799375, task_sched_time:2117056115446638
app_id: 0, app_name: SAR_api-aarch64, task_id: 1964, task_name: DASH_FFT, resource_name: cpu3, ref_start_time: 2117056116653029, ref_stop_time: 2117056116712939, actual_exe_time: 59910, task_app_start_time:2117049572799375, task_sched_time:2117056116647329
app_id: 0, app_name: SAR_api-aarch64, task_id: 1965, task_name: DASH_ZIP, resource_name: zip1, ref_start_time: 2117056117950529, ref_stop_time: 2117056118072689, actual_exe_time: 122160, task_app_start_time:2117049572799375, task_sched_time:2117056117943299
app_id: 0, app_name: SAR_api-aarch64, task_id: 1966, task_name: DASH_FFT, resource_name: cpu1, ref_start_time: 2117056118529649, ref_stop_time: 2117056118583199, actual_exe_time: 53550, task_app_start_time:2117049572799375, task_sched_time:2117056118523079
app_id: 0, app_name: SAR_api-aarch64, task_id: 1967, task_name: DASH_ZIP, resource_name: cpu2, ref_start_time: 2117056122775250, ref_stop_time: 2117056122854630, actual_exe_time: 79380, task_app_start_time:2117049572799375, task_sched_time:2117056119639169
app_id: 0, app_name: SAR_api-aarch64, task_id: 1968, task_name: DASH_FFT, resource_name: cpu3, ref_start_time: 2117056123506470, ref_stop_time: 2117056123567970, actual_exe_time: 61500, task_app_start_time:2117049572799375, task_sched_time:2117056123503110
app_id: 0, app_name: SAR_api-aarch64, task_id: 1969, task_name: DASH_ZIP, resource_name: zip1, ref_start_time: 2117056124399780, ref_stop_time: 2117056124518220, actual_exe_time: 118440, task_app_start_time:2117049572799375, task_sched_time:2117056124394650
app_id: 0, app_name: SAR_api-aarch64, task_id: 1970, task_name: DASH_FFT, resource_name: cpu1, ref_start_time: 2117056125214400, ref_stop_time: 2117056125262700, actual_exe_time: 48300, task_app_start_time:2117049572799375, task_sched_time:2117056125197570
app_id: 0, app_name: SAR_api-aarch64, task_id: 1971, task_name: DASH_ZIP, resource_name: cpu2, ref_start_time: 2117056128041720, ref_stop_time: 2117056128118640, actual_exe_time: 76920, task_app_start_time:2117049572799375, task_sched_time:2117056126012340
app_id: 0, app_name: SAR_api-aarch64, task_id: 1972, task_name: DASH_FFT, resource_name: cpu3, ref_start_time: 2117056129230831, ref_stop_time: 2117056129291221, actual_exe_time: 60390, task_app_start_time:2117049572799375, task_sched_time:2117056129226511
app_id: 0, app_name: SAR_api-aarch64, task_id: 1973, task_name: DASH_ZIP, resource_name: zip1, ref_start_time: 2117056134195591, ref_stop_time: 2117056134328911, actual_exe_time: 133320, task_app_start_time:2117049572799375, task_sched_time:2117056130446521
app_id: 0, app_name: SAR_api-aarch64, task_id: 1974, task_name: DASH_FFT, resource_name: cpu1, ref_start_time: 2117056135034691, ref_stop_time: 2117056135088031, actual_exe_time: 53340, task_app_start_time:2117049572799375, task_sched_time:2117056135021791
app_id: 0, app_name: SAR_api-aarch64, task_id: 1975, task_name: DASH_ZIP, resource_name: cpu2, ref_start_time: 2117056139147842, ref_stop_time: 2117056139223322, actual_exe_time: 75480, task_app_start_time:2117049572799375, task_sched_time:2117056139139772
app_id: 0, app_name: SAR_api-aarch64, task_id: 1976, task_name: DASH_FFT, resource_name: cpu3, ref_start_time: 2117056139822752, ref_stop_time: 2117056139890942, actual_exe_time: 68190, task_app_start_time:2117049572799375, task_sched_time:2117056139817922
app_id: 0, app_name: SAR_api-aarch64, task_id: 1977, task_name: DASH_ZIP, resource_name: zip1, ref_start_time: 2117056143574793, ref_stop_time: 2117056143694733, actual_exe_time: 119940, task_app_start_time:2117049572799375, task_sched_time:2117056143569663
app_id: 0, app_name: SAR_api-aarch64, task_id: 1978, task_name: DASH_FFT, resource_name: cpu1, ref_start_time: 2117056146199043, ref_stop_time: 2117056146252173, actual_exe_time: 53130, task_app_start_time:2117049572799375, task_sched_time:2117056146188843
app_id: 0, app_name: SAR_api-aarch64, task_id: 1979, task_name: DASH_ZIP, resource_name: cpu2, ref_start_time: 2117056147454663, ref_stop_time: 2117056147531823, actual_exe_time: 77160, task_app_start_time:2117049572799375, task_sched_time:2117056147448453
app_id: 0, app_name: SAR_api-aarch64, task_id: 1980, task_name: DASH_FFT, resource_name: cpu3, ref_start_time: 2117056150892994, ref_stop_time: 2117056150967814, actual_exe_time: 74820, task_app_start_time:2117049572799375, task_sched_time:2117056147873794
app_id: 0, app_name: SAR_api-aarch64, task_id: 1981, task_name: DASH_ZIP, resource_name: zip1, ref_start_time: 2117056154789935, ref_stop_time: 2117056154918785, actual_exe_time: 128850, task_app_start_time:2117049572799375, task_sched_time:2117056152277524
app_id: 0, app_name: SAR_api-aarch64, task_id: 1982, task_name: DASH_FFT, resource_name: cpu1, ref_start_time: 2117056155774805, ref_stop_time: 2117056155828115, actual_exe_time: 53310, task_app_start_time:2117049572799375, task_sched_time:2117056155731365
app_id: 0, app_name: SAR_api-aarch64, task_id: 1983, task_name: DASH_ZIP, resource_name: cpu2, ref_start_time: 2117056156603615, ref_stop_time: 2117056156679875, actual_exe_time: 76260, task_app_start_time:2117049572799375, task_sched_time:2117056156598845
app_id: 0, app_name: SAR_api-aarch64, task_id: 1984, task_name: DASH_FFT, resource_name: cpu3, ref_start_time: 2117056158787375, ref_stop_time: 2117056158856195, actual_exe_time: 68820, task_app_start_time:2117049572799375, task_sched_time:2117056157180215
app_id: 0, app_name: SAR_api-aarch64, task_id: 1985, task_name: DASH_ZIP, resource_name: zip1, ref_start_time: 2117056161483356, ref_stop_time: 2117056161604196, actual_exe_time: 120840, task_app_start_time:2117049572799375, task_sched_time:2117056159783345
app_id: 0, app_name: SAR_api-aarch64, task_id: 1986, task_name: DASH_FFT, resource_name: cpu1, ref_start_time: 2117056162590656, ref_stop_time: 2117056162643246, actual_exe_time: 52590, task_app_start_time:2117049572799375, task_sched_time:2117056162553726
app_id: 0, app_name: SAR_api-aarch64, task_id: 1987, task_name: DASH_ZIP, resource_name: cpu2, ref_start_time: 2117056162875296, ref_stop_time: 2117056162950146, actual_exe_time: 74850, task_app_start_time:2117049572799375, task_sched_time:2117056162870496
app_id: 0, app_name: SAR_api-aarch64, task_id: 1988, task_name: DASH_FFT, resource_name: cpu3, ref_start_time: 2117056167132747, ref_stop_time: 2117056167204867, actual_exe_time: 72120, task_app_start_time:2117049572799375, task_sched_time:2117056167122067
app_id: 0, app_name: SAR_api-aarch64, task_id: 1989, task_name: DASH_ZIP, resource_name: zip1, ref_start_time: 2117056171487547, ref_stop_time: 2117056171612437, actual_exe_time: 124890, task_app_start_time:2117049572799375, task_sched_time:2117056171477677
app_id: 0, app_name: SAR_api-aarch64, task_id: 1990, task_name: DASH_FFT, resource_name: cpu1, ref_start_time: 2117056174889848, ref_stop_time: 2117056174942978, actual_exe_time: 53130, task_app_start_time:2117049572799375, task_sched_time:2117056174882978
app_id: 0, app_name: SAR_api-aarch64, task_id: 1991, task_name: DASH_ZIP, resource_name: cpu2, ref_start_time: 2117056178415718, ref_stop_time: 2117056178492518, actual_exe_time: 76800, task_app_start_time:2117049572799375, task_sched_time:2117056178410648
app_id: 0, app_name: SAR_api-aarch64, task_id: 1992, task_name: DASH_FFT, resource_name: cpu3, ref_start_time: 2117056179106049, ref_stop_time: 2117056179169679, actual_exe_time: 63630, task_app_start_time:2117049572799375, task_sched_time:2117056179103079
app_id: 0, app_name: SAR_api-aarch64, task_id: 1993, task_name: DASH_ZIP, resource_name: zip1, ref_start_time: 2117056180552499, ref_stop_time: 2117056180675889, actual_exe_time: 123390, task_app_start_time:2117049572799375, task_sched_time:2117056180543529
app_id: 0, app_name: SAR_api-aarch64, task_id: 1994, task_name: DASH_FFT, resource_name: cpu1, ref_start_time: 2117056184678129, ref_stop_time: 2117056184735219, actual_exe_time: 57090, task_app_start_time:2117049572799375, task_sched_time:2117056184609789
app_id: 0, app_name: SAR_api-aarch64, task_id: 1995, task_name: DASH_ZIP, resource_name: cpu2, ref_start_time: 2117056186792650, ref_stop_time: 2117056186871910, actual_exe_time: 79260, task_app_start_time:2117049572799375, task_sched_time:2117056186064700
app_id: 0, app_name: SAR_api-aarch64, task_id: 1996, task_name: DASH_FFT, resource_name: cpu3, ref_start_time: 2117056187479350, ref_stop_time: 2117056187542710, actual_exe_time: 63360, task_app_start_time:2117049572799375, task_sched_time:2117056187471970
app_id: 0, app_name: SAR_api-aarch64, task_id: 1997, task_name: DASH_ZIP, resource_name: zip1, ref_start_time: 2117056188490800, ref_stop_time: 2117056188612690, actual_exe_time: 121890, task_app_start_time:2117049572799375, task_sched_time:2117056188487530
app_id: 0, app_name: SAR_api-aarch64, task_id: 1998, task_name: DASH_FFT, resource_name: cpu1, ref_start_time: 2117056189236510, ref_stop_time: 2117056189286430, actual_exe_time: 49920, task_app_start_time:2117049572799375, task_sched_time:2117056189233600
app_id: 0, app_name: SAR_api-aarch64, task_id: 1999, task_name: DASH_ZIP, resource_name: cpu2, ref_start_time: 2117056190781960, ref_stop_time: 2117056190857530, actual_exe_time: 75570, task_app_start_time:2117049572799375, task_sched_time:2117056190388810
app_id: 0, app_name: SAR_api-aarch64, task_id: 2000, task_name: DASH_FFT, resource_name: cpu3, ref_start_time: 2117056191392731, ref_stop_time: 2117056191448861, actual_exe_time: 56130, task_app_start_time:2117049572799375, task_sched_time:2117056191383611
app_id: 0, app_name: SAR_api-aarch64, task_id: 2001, task_name: DASH_ZIP, resource_name: zip1, ref_start_time: 2117056192429411, ref_stop_time: 2117056192548781, actual_exe_time: 119370, task_app_start_time:2117049572799375, task_sched_time:2117056192422391
app_id: 0, app_name: SAR_api-aarch64, task_id: 2002, task_name: DASH_FFT, resource_name: cpu1, ref_start_time: 2117056193023441, ref_stop_time: 2117056193073091, actual_exe_time: 49650, task_app_start_time:2117049572799375, task_sched_time:2117056192974331
app_id: 0, app_name: SAR_api-aarch64, task_id: 2003, task_name: DASH_ZIP, resource_name: cpu2, ref_start_time: 2117056194772801, ref_stop_time: 2117056194849811, actual_exe_time: 77010, task_app_start_time:2117049572799375, task_sched_time:2117056193801941
app_id: 0, app_name: SAR_api-aarch64, task_id: 2004, task_name: DASH_FFT, resource_name: cpu3, ref_start_time: 2117056195475971, ref_stop_time: 2117056195530541, actual_exe_time: 54570, task_app_start_time:2117049572799375, task_sched_time:2117056195471951
app_id: 0, app_name: SAR_api-aarch64, task_id: 2005, task_name: DASH_ZIP, resource_name: zip1, ref_start_time: 2117056198921862, ref_stop_time: 2117056199048702, actual_exe_time: 126840, task_app_start_time:2117049572799375, task_sched_time:2117056198911212
app_id: 0, app_name: SAR_api-aarch64, task_id: 2006, task_name: DASH_FFT, resource_name: cpu1, ref_start_time: 2117056203264302, ref_stop_time: 2117056203322592, actual_exe_time: 58290, task_app_start_time:2117049572799375, task_sched_time:2117056203202832
app_id: 0, app_name: SAR_api-aarch64, task_id: 2007, task_name: DASH_ZIP, resource_name: cpu2, ref_start_time: 2117056204178313, ref_stop_time: 2117056204255263, actual_exe_time: 76950, task_app_start_time:2117049572799375, task_sched_time:2117056204172703
app_id: 0, app_name: SAR_api-aarch64, task_id: 2008, task_name: DASH_FFT, resource_name: cpu3, ref_start_time: 2117056205021343, ref_stop_time: 2117056205078583, actual_exe_time: 57240, task_app_start_time:2117049572799375, task_sched_time:2117056205017293
app_id: 0, app_name: SAR_api-aarch64, task_id: 2009, task_name: DASH_ZIP, resource_name: zip1, ref_start_time: 2117056211505664, ref_stop_time: 2117056211627344, actual_exe_time: 121680, task_app_start_time:2117049572799375, task_sched_time:2117056211500624
app_id: 0, app_name: SAR_api-aarch64, task_id: 2010, task_name: DASH_FFT, resource_name: cpu1, ref_start_time: 2117056212575914, ref_stop_time: 2117056212625834, actual_exe_time: 49920, task_app_start_time:2117049572799375, task_sched_time:2117056212533344
app_id: 0, app_name: SAR_api-aarch64, task_id: 2011, task_name: DASH_ZIP, resource_name: cpu2, ref_start_time: 2117056213406884, ref_stop_time: 2117056213481074, actual_exe_time: 74190, task_app_start_time:2117049572799375, task_sched_time:2117056213401664
app_id: 0, app_name: SAR_api-aarch64, task_id: 2012, task_name: DASH_FFT, resource_name: cpu3, ref_start_time: 2117056214053084, ref_stop_time: 2117056214107774, actual_exe_time: 54690, task_app_start_time:2117049572799375, task_sched_time:2117056214047654
app_id: 0, app_name: SAR_api-aarch64, task_id: 2013, task_name: DASH_ZIP, resource_name: zip1, ref_start_time: 2117056219251695, ref_stop_time: 2117056219373225, actual_exe_time: 121530, task_app_start_time:2117049572799375, task_sched_time:2117056219246265
app_id: 0, app_name: SAR_api-aarch64, task_id: 2014, task_name: DASH_FFT, resource_name: cpu1, ref_start_time: 2117056220189135, ref_stop_time: 2117056220241245, actual_exe_time: 52110, task_app_start_time:2117049572799375, task_sched_time:2117056220115785
app_id: 0, app_name: SAR_api-aarch64, task_id: 2015, task_name: DASH_ZIP, resource_name: cpu2, ref_start_time: 2117056227071226, ref_stop_time: 2117056227152856, actual_exe_time: 81630, task_app_start_time:2117049572799375, task_sched_time:2117056227062496
app_id: 0, app_name: SAR_api-aarch64, task_id: 2016, task_name: DASH_FFT, resource_name: cpu3, ref_start_time: 2117056227640236, ref_stop_time: 2117056227703056, actual_exe_time: 62820, task_app_start_time:2117049572799375, task_sched_time:2117056227636486
app_id: 0, app_name: SAR_api-aarch64, task_id: 2017, task_name: DASH_ZIP, resource_name: zip1, ref_start_time: 2117056228725277, ref_stop_time: 2117056228843537, actual_exe_time: 118260, task_app_start_time:2117049572799375, task_sched_time:2117056228717087
app_id: 0, app_name: SAR_api-aarch64, task_id: 2018, task_name: DASH_FFT, resource_name: cpu1, ref_start_time: 2117056232234077, ref_stop_time: 2117056232293897, actual_exe_time: 59820, task_app_start_time:2117049572799375, task_sched_time:2117056232223607
app_id: 0, app_name: SAR_api-aarch64, task_id: 2019, task_name: DASH_ZIP, resource_name: cpu2, ref_start_time: 2117056233100267, ref_stop_time: 2117056233175147, actual_exe_time: 74880, task_app_start_time:2117049572799375, task_sched_time:2117056233096637
app_id: 0, app_name: SAR_api-aarch64, task_id: 2020, task_name: DASH_FFT, resource_name: cpu3, ref_start_time: 2117056234197607, ref_stop_time: 2117056234256827, actual_exe_time: 59220, task_app_start_time:2117049572799375, task_sched_time:2117056234194667
app_id: 0, app_name: SAR_api-aarch64, task_id: 2021, task_name: DASH_ZIP, resource_name: zip1, ref_start_time: 2117056235432648, ref_stop_time: 2117056235553278, actual_exe_time: 120630, task_app_start_time:2117049572799375, task_sched_time:2117056235424488
app_id: 0, app_name: SAR_api-aarch64, task_id: 2022, task_name: DASH_FFT, resource_name: cpu1, ref_start_time: 2117056239152738, ref_stop_time: 2117056239209198, actual_exe_time: 56460, task_app_start_time:2117049572799375, task_sched_time:2117056239144098
app_id: 0, app_name: SAR_api-aarch64, task_id: 2023, task_name: DASH_ZIP, resource_name: cpu2, ref_start_time: 2117056243036089, ref_stop_time: 2117056243114959, actual_exe_time: 78870, task_app_start_time:2117049572799375, task_sched_time:2117056243032189
app_id: 0, app_name: SAR_api-aarch64, task_id: 2024, task_name: DASH_FFT, resource_name: cpu3, ref_start_time: 2117056243785999, ref_stop_time: 2117056243850679, actual_exe_time: 64680, task_app_start_time:2117049572799375, task_sched_time:2117056243777419
app_id: 0, app_name: SAR_api-aarch64, task_id: 2025, task_name: DASH_ZIP, resource_name: zip1, ref_start_time: 2117056247037070, ref_stop_time: 2117056247158030, actual_exe_time: 120960, task_app_start_time:2117049572799375, task_sched_time:2117056247029210
app_id: 0, app_name: SAR_api-aarch64, task_id: 2026, task_name: DASH_FFT, resource_name: cpu1, ref_start_time: 2117056250601250, ref_stop_time: 2117056250654740, actual_exe_time: 53490, task_app_start_time:2117049572799375, task_sched_time:2117056250589790
app_id: 0, app_name: SAR_api-aarch64, task_id: 2027, task_name: DASH_ZIP, resource_name: cpu2, ref_start_time: 2117056252215820, ref_stop_time: 2117056252291810, actual_exe_time: 75990, task_app_start_time:2117049572799375, task_sched_time:2117056252209730
app_id: 0, app_name: SAR_api-aarch64, task_id: 2028, task_name: DASH_FFT, resource_name: cpu3, ref_start_time: 2117056255594481, ref_stop_time: 2117056255675691, actual_exe_time: 81210, task_app_start_time:2117049572799375, task_sched_time:2117056255589111
app_id: 0, app_name: SAR_api-aarch64, task_id: 2029, task_name: DASH_ZIP, resource_name: zip1, ref_start_time: 2117056262793432, ref_stop_time: 2117056262918652, actual_exe_time: 125220, task_app_start_time:2117049572799375, task_sched_time:2117056257664181
app_id: 0, app_name: SAR_api-aarch64, task_id: 2030, task_name: DASH_FFT, resource_name: cpu1, ref_start_time: 2117056264043982, ref_stop_time: 2117056264096092, actual_exe_time: 52110, task_app_start_time:2117049572799375, task_sched_time:2117056264028532
app_id: 0, app_name: SAR_api-aarch64, task_id: 2031, task_name: DASH_ZIP, resource_name: cpu2, ref_start_time: 2117056264523232, ref_stop_time: 2117056264597692, actual_exe_time: 74460, task_app_start_time:2117049572799375, task_sched_time:2117056264514352
app_id: 0, app_name: SAR_api-aarch64, task_id: 2032, task_name: DASH_FFT, resource_name: cpu3, ref_start_time: 2117056268293483, ref_stop_time: 2117056268359243, actual_exe_time: 65760, task_app_start_time:2117049572799375, task_sched_time:2117056265564922
app_id: 0, app_name: SAR_api-aarch64, task_id: 2033, task_name: DASH_ZIP, resource_name: zip1, ref_start_time: 2117056272992294, ref_stop_time: 2117056273125194, actual_exe_time: 132900, task_app_start_time:2117049572799375, task_sched_time:2117056272981494
app_id: 0, app_name: SAR_api-aarch64, task_id: 2034, task_name: DASH_FFT, resource_name: cpu1, ref_start_time: 2117056273898924, ref_stop_time: 2117056273954124, actual_exe_time: 55200, task_app_start_time:2117049572799375, task_sched_time:2117056273892504
app_id: 0, app_name: SAR_api-aarch64, task_id: 2035, task_name: DASH_ZIP, resource_name: cpu2, ref_start_time: 2117056274806784, ref_stop_time: 2117056274884634, actual_exe_time: 77850, task_app_start_time:2117049572799375, task_sched_time:2117056274399594
app_id: 0, app_name: SAR_api-aarch64, task_id: 2036, task_name: DASH_FFT, resource_name: cpu3, ref_start_time: 2117056276016264, ref_stop_time: 2117056276075274, actual_exe_time: 59010, task_app_start_time:2117049572799375, task_sched_time:2117056276011134
app_id: 0, app_name: SAR_api-aarch64, task_id: 2037, task_name: DASH_ZIP, resource_name: zip1, ref_start_time: 2117056277230484, ref_stop_time: 2117056277350484, actual_exe_time: 120000, task_app_start_time:2117049572799375, task_sched_time:2117056277226014
app_id: 0, app_name: SAR_api-aarch64, task_id: 2038, task_name: DASH_FFT, resource_name: cpu1, ref_start_time: 2117056277981864, ref_stop_time: 2117056278032924, actual_exe_time: 51060, task_app_start_time:2117049572799375, task_sched_time:2117056277973854
app_id: 0, app_name: SAR_api-aarch64, task_id: 2039, task_name: DASH_ZIP, resource_name: cpu2, ref_start_time: 2117056278836865, ref_stop_time: 2117056278912465, actual_exe_time: 75600, task_app_start_time:2117049572799375, task_sched_time:2117056278831375
app_id: 0, app_name: SAR_api-aarch64, task_id: 2040, task_name: DASH_FFT, resource_name: cpu3, ref_start_time: 2117056279568025, ref_stop_time: 2117056279625475, actual_exe_time: 57450, task_app_start_time:2117049572799375, task_sched_time:2117056279563315
app_id: 0, app_name: SAR_api-aarch64, task_id: 2041, task_name: DASH_ZIP, resource_name: zip1, ref_start_time: 2117056280098785, ref_stop_time: 2117056280215815, actual_exe_time: 117030, task_app_start_time:2117049572799375, task_sched_time:2117056280094525
app_id: 0, app_name: SAR_api-aarch64, task_id: 2042, task_name: DASH_FFT, resource_name: cpu1, ref_start_time: 2117056281209235, ref_stop_time: 2117056281259545, actual_exe_time: 50310, task_app_start_time:2117049572799375, task_sched_time:2117056281204795
app_id: 0, app_name: SAR_api-aarch64, task_id: 2043, task_name: DASH_ZIP, resource_name: cpu2, ref_start_time: 2117056282767165, ref_stop_time: 2117056282843755, actual_exe_time: 76590, task_app_start_time:2117049572799375, task_sched_time:2117056282229805
app_id: 0, app_name: SAR_api-aarch64, task_id: 2044, task_name: DASH_FFT, resource_name: cpu3, ref_start_time: 2117056283429205, ref_stop_time: 2117056283489895, actual_exe_time: 60690, task_app_start_time:2117049572799375, task_sched_time:2117056283422695
app_id: 0, app_name: SAR_api-aarch64, task_id: 2045, task_name: DASH_ZIP, resource_name: zip1, ref_start_time: 2117056284526216, ref_stop_time: 2117056284647866, actual_exe_time: 121650, task_app_start_time:2117049572799375, task_sched_time:2117056284514816
app_id: 0, app_name: SAR_api-aarch64, task_id: 2046, task_name: DASH_FFT, resource_name: cpu1, ref_start_time: 2117056289111206, ref_stop_time: 2117056289169046, actual_exe_time: 57840, task_app_start_time:2117049572799375, task_sched_time:2117056289101006
app_id: 0, app_name: SAR_api-aarch64, task_id: 2047, task_name: DASH_ZIP, resource_name: cpu2, ref_start_time: 2117056290125266, ref_stop_time: 2117056290202036, actual_exe_time: 76770, task_app_start_time:2117049572799375, task_sched_time:2117056290120376
app_id: 0, app_name: SAR_api-aarch64, task_id: 2048, task_name: DASH_FFT, resource_name: cpu3, ref_start_time: 2117056294803347, ref_stop_time: 2117056294885997, actual_exe_time: 82650, task_app_start_time:2117049572799375, task_sched_time:2117056290811577
app_id: 0, app_name: SAR_api-aarch64, task_id: 2049, task_name: DASH_ZIP, resource_name: zip1, ref_start_time: 2117056295900627, ref_stop_time: 2117056296019607, actual_exe_time: 118980, task_app_start_time:2117049572799375, task_sched_time:2117056295897207
app_id: 0, app_name: SAR_api-aarch64, task_id: 2050, task_name: DASH_FFT, resource_name: cpu1, ref_start_time: 2117056296652997, ref_stop_time: 2117056296702287, actual_exe_time: 49290, task_app_start_time:2117049572799375, task_sched_time:2117056296608507
app_id: 0, app_name: SAR_api-aarch64, task_id: 2051, task_name: DASH_ZIP, resource_name: cpu2, ref_start_time: 2117056297442868, ref_stop_time: 2117056297518138, actual_exe_time: 75270, task_app_start_time:2117049572799375, task_sched_time:2117056297437618
app_id: 0, app_name: SAR_api-aarch64, task_id: 2052, task_name: DASH_FFT, resource_name: cpu3, ref_start_time: 2117056300878228, ref_stop_time: 2117056300942548, actual_exe_time: 64320, task_app_start_time:2117049572799375, task_sched_time:2117056298271678
app_id: 0, app_name: SAR_api-aarch64, task_id: 2053, task_name: DASH_ZIP, resource_name: zip1, ref_start_time: 2117056302039618, ref_stop_time: 2117056302165198, actual_exe_time: 125580, task_app_start_time:2117049572799375, task_sched_time:2117056302032448
app_id: 0, app_name: SAR_api-aarch64, task_id: 2054, task_name: DASH_FFT, resource_name: cpu1, ref_start_time: 2117056311197120, ref_stop_time: 2117056311253880, actual_exe_time: 56760, task_app_start_time:2117049572799375, task_sched_time:2117056311191840
app_id: 0, app_name: SAR_api-aarch64, task_id: 2055, task_name: DASH_ZIP, resource_name: cpu2, ref_start_time: 2117056312149980, ref_stop_time: 2117056312226600, actual_exe_time: 76620, task_app_start_time:2117049572799375, task_sched_time:2117056312144100
app_id: 0, app_name: SAR_api-aarch64, task_id: 2056, task_name: DASH_FFT, resource_name: cpu3, ref_start_time: 2117056312806920, ref_stop_time: 2117056312865960, actual_exe_time: 59040, task_app_start_time:2117049572799375, task_sched_time:2117056312798520
app_id: 0, app_name: SAR_api-aarch64, task_id: 2057, task_name: DASH_ZIP, resource_name: zip1, ref_start_time: 2117056315021940, ref_stop_time: 2117056315143320, actual_exe_time: 121380, task_app_start_time:2117049572799375, task_sched_time:2117056315014830
app_id: 0, app_name: SAR_api-aarch64, task_id: 2058, task_name: DASH_FFT, resource_name: cpu1, ref_start_time: 2117056317284661, ref_stop_time: 2117056317334431, actual_exe_time: 49770, task_app_start_time:2117049572799375, task_sched_time:2117056317216411
app_id: 0, app_name: SAR_api-aarch64, task_id: 2059, task_name: DASH_ZIP, resource_name: cpu2, ref_start_time: 2117056318626561, ref_stop_time: 2117056318985961, actual_exe_time: 359400, task_app_start_time:2117049572799375, task_sched_time:2117056318618221
app_id: 0, app_name: SAR_api-aarch64, task_id: 2060, task_name: DASH_FFT, resource_name: cpu3, ref_start_time: 2117056323261832, ref_stop_time: 2117056323330142, actual_exe_time: 68310, task_app_start_time:2117049572799375, task_sched_time:2117056323253042
app_id: 0, app_name: SAR_api-aarch64, task_id: 2061, task_name: DASH_ZIP, resource_name: zip1, ref_start_time: 2117056327003762, ref_stop_time: 2117056327125892, actual_exe_time: 122130, task_app_start_time:2117049572799375, task_sched_time:2117056326997492
app_id: 0, app_name: SAR_api-aarch64, task_id: 2062, task_name: DASH_FFT, resource_name: cpu1, ref_start_time: 2117056328099063, ref_stop_time: 2117056328150873, actual_exe_time: 51810, task_app_start_time:2117049572799375, task_sched_time:2117056328002673
app_id: 0, app_name: SAR_api-aarch64, task_id: 2063, task_name: DASH_ZIP, resource_name: cpu2, ref_start_time: 2117056331218793, ref_stop_time: 2117056331294993, actual_exe_time: 76200, task_app_start_time:2117049572799375, task_sched_time:2117056331210453
app_id: 0, app_name: SAR_api-aarch64, task_id: 2064, task_name: DASH_FFT, resource_name: cpu3, ref_start_time: 2117056334822784, ref_stop_time: 2117056334894274, actual_exe_time: 71490, task_app_start_time:2117049572799375, task_sched_time:2117056334819424
app_id: 0, app_name: SAR_api-aarch64, task_id: 2065, task_name: DASH_ZIP, resource_name: zip1, ref_start_time: 2117056336977174, ref_stop_time: 2117056337096784, actual_exe_time: 119610, task_app_start_time:2117049572799375, task_sched_time:2117056336970394
app_id: 0, app_name: SAR_api-aarch64, task_id: 2066, task_name: DASH_FFT, resource_name: cpu1, ref_start_time: 2117056337709264, ref_stop_time: 2117056337758824, actual_exe_time: 49560, task_app_start_time:2117049572799375, task_sched_time:2117056337700624
app_id: 0, app_name: SAR_api-aarch64, task_id: 2067, task_name: DASH_ZIP, resource_name: cpu2, ref_start_time: 2117056340970175, ref_stop_time: 2117056341051235, actual_exe_time: 81060, task_app_start_time:2117049572799375, task_sched_time:2117056338525714
app_id: 0, app_name: SAR_api-aarch64, task_id: 2068, task_name: DASH_FFT, resource_name: cpu3, ref_start_time: 2117056347067046, ref_stop_time: 2117056347133316, actual_exe_time: 66270, task_app_start_time:2117049572799375, task_sched_time:2117056347057086
app_id: 0, app_name: SAR_api-aarch64, task_id: 2069, task_name: DASH_ZIP, resource_name: zip1, ref_start_time: 2117056347974816, ref_stop_time: 2117056348093556, actual_exe_time: 118740, task_app_start_time:2117049572799375, task_sched_time:2117056347967376
app_id: 0, app_name: SAR_api-aarch64, task_id: 2070, task_name: DASH_FFT, resource_name: cpu1, ref_start_time: 2117056351232876, ref_stop_time: 2117056351284656, actual_exe_time: 51780, task_app_start_time:2117049572799375, task_sched_time:2117056351191176
app_id: 0, app_name: SAR_api-aarch64, task_id: 2071, task_name: DASH_ZIP, resource_name: cpu2, ref_start_time: 2117056353219837, ref_stop_time: 2117056353297117, actual_exe_time: 77280, task_app_start_time:2117049572799375, task_sched_time:2117056353209757
app_id: 0, app_name: SAR_api-aarch64, task_id: 2072, task_name: DASH_FFT, resource_name: cpu3, ref_start_time: 2117056354129497, ref_stop_time: 2117056354190547, actual_exe_time: 61050, task_app_start_time:2117049572799375, task_sched_time:2117056354119267
app_id: 0, app_name: SAR_api-aarch64, task_id: 2073, task_name: DASH_ZIP, resource_name: zip1, ref_start_time: 2117056355027547, ref_stop_time: 2117056355146167, actual_exe_time: 118620, task_app_start_time:2117049572799375, task_sched_time:2117056355022687
app_id: 0, app_name: SAR_api-aarch64, task_id: 2074, task_name: DASH_FFT, resource_name: cpu1, ref_start_time: 2117056358946148, ref_stop_time: 2117056359003688, actual_exe_time: 57540, task_app_start_time:2117049572799375, task_sched_time:2117056358940028
app_id: 0, app_name: SAR_api-aarch64, task_id: 2075, task_name: DASH_ZIP, resource_name: cpu2, ref_start_time: 2117056363048618, ref_stop_time: 2117056363127008, actual_exe_time: 78390, task_app_start_time:2117049572799375, task_sched_time:2117056363041478
app_id: 0, app_name: SAR_api-aarch64, task_id: 2076, task_name: DASH_FFT, resource_name: cpu3, ref_start_time: 2117056363818958, ref_stop_time: 2117056363878718, actual_exe_time: 59760, task_app_start_time:2117049572799375, task_sched_time:2117056363815748
app_id: 0, app_name: SAR_api-aarch64, task_id: 2077, task_name: DASH_ZIP, resource_name: zip1, ref_start_time: 2117056367035379, ref_stop_time: 2117056367156549, actual_exe_time: 121170, task_app_start_time:2117049572799375, task_sched_time:2117056367031929
app_id: 0, app_name: SAR_api-aarch64, task_id: 2078, task_name: DASH_FFT, resource_name: cpu1, ref_start_time: 2117056370757719, ref_stop_time: 2117056370812439, actual_exe_time: 54720, task_app_start_time:2117049572799375, task_sched_time:2117056370735129
app_id: 0, app_name: SAR_api-aarch64, task_id: 2079, task_name: DASH_ZIP, resource_name: cpu2, ref_start_time: 2117056372665750, ref_stop_time: 2117056372742520, actual_exe_time: 76770, task_app_start_time:2117049572799375, task_sched_time:2117056372558230
app_id: 0, app_name: SAR_api-aarch64, task_id: 2080, task_name: DASH_FFT, resource_name: cpu3, ref_start_time: 2117056375614240, ref_stop_time: 2117056375676880, actual_exe_time: 62640, task_app_start_time:2117049572799375, task_sched_time:2117056375606200
app_id: 0, app_name: SAR_api-aarch64, task_id: 2081, task_name: DASH_ZIP, resource_name: zip1, ref_start_time: 2117056379159521, ref_stop_time: 2117056379280721, actual_exe_time: 121200, task_app_start_time:2117049572799375, task_sched_time:2117056379149891
app_id: 0, app_name: SAR_api-aarch64, task_id: 2082, task_name: DASH_FFT, resource_name: cpu1, ref_start_time: 2117056379673661, ref_stop_time: 2117056379725591, actual_exe_time: 51930, task_app_start_time:2117049572799375, task_sched_time:2117056379622181
app_id: 0, app_name: SAR_api-aarch64, task_id: 2083, task_name: DASH_ZIP, resource_name: cpu2, ref_start_time: 2117056382898211, ref_stop_time: 2117056382973481, actual_exe_time: 75270, task_app_start_time:2117049572799375, task_sched_time:2117056382888671
app_id: 0, app_name: SAR_api-aarch64, task_id: 2084, task_name: DASH_FFT, resource_name: cpu3, ref_start_time: 2117056383573121, ref_stop_time: 2117056383631231, actual_exe_time: 58110, task_app_start_time:2117049572799375, task_sched_time:2117056383570091
app_id: 0, app_name: SAR_api-aarch64, task_id: 2085, task_name: DASH_ZIP, resource_name: zip1, ref_start_time: 2117056387442552, ref_stop_time: 2117056387809422, actual_exe_time: 366870, task_app_start_time:2117049572799375, task_sched_time:2117056387434902
app_id: 0, app_name: SAR_api-aarch64, task_id: 2086, task_name: DASH_FFT, resource_name: cpu1, ref_start_time: 2117056389282812, ref_stop_time: 2117056389335132, actual_exe_time: 52320, task_app_start_time:2117049572799375, task_sched_time:2117056389237752
app_id: 0, app_name: SAR_api-aarch64, task_id: 2087, task_name: DASH_ZIP, resource_name: cpu2, ref_start_time: 2117056390650453, ref_stop_time: 2117056390957293, actual_exe_time: 306840, task_app_start_time:2117049572799375, task_sched_time:2117056390641003
app_id: 0, app_name: SAR_api-aarch64, task_id: 2088, task_name: DASH_FFT, resource_name: cpu3, ref_start_time: 2117056394897733, ref_stop_time: 2117056394966583, actual_exe_time: 68850, task_app_start_time:2117049572799375, task_sched_time:2117056394890053
app_id: 0, app_name: SAR_api-aarch64, task_id: 2089, task_name: DASH_ZIP, resource_name: zip1, ref_start_time: 2117056402999655, ref_stop_time: 2117056403126795, actual_exe_time: 127140, task_app_start_time:2117049572799375, task_sched_time:2117056402994585
app_id: 0, app_name: SAR_api-aarch64, task_id: 2090, task_name: DASH_FFT, resource_name: cpu1, ref_start_time: 2117056405290335, ref_stop_time: 2117056405343675, actual_exe_time: 53340, task_app_start_time:2117049572799375, task_sched_time:2117056405275035
app_id: 0, app_name: SAR_api-aarch64, task_id: 2091, task_name: DASH_ZIP, resource_name: cpu2, ref_start_time: 2117056405608545, ref_stop_time: 2117056405684745, actual_exe_time: 76200, task_app_start_time:2117049572799375, task_sched_time:2117056405602485
app_id: 0, app_name: SAR_api-aarch64, task_id: 2092, task_name: DASH_FFT, resource_name: cpu3, ref_start_time: 2117056406626985, ref_stop_time: 2117056406918975, actual_exe_time: 291990, task_app_start_time:2117049572799375, task_sched_time:2117056406500325
app_id: 0, app_name: SAR_api-aarch64, task_id: 2093, task_name: DASH_ZIP, resource_name: zip1, ref_start_time: 2117056414795597, ref_stop_time: 2117056414924417, actual_exe_time: 128820, task_app_start_time:2117049572799375, task_sched_time:2117056414789537
app_id: 0, app_name: SAR_api-aarch64, task_id: 2094, task_name: DASH_FFT, resource_name: cpu1, ref_start_time: 2117056419109537, ref_stop_time: 2117056419165547, actual_exe_time: 56010, task_app_start_time:2117049572799375, task_sched_time:2117056419102277
app_id: 0, app_name: SAR_api-aarch64, task_id: 2095, task_name: DASH_ZIP, resource_name: cpu2, ref_start_time: 2117056420823377, ref_stop_time: 2117056421173928, actual_exe_time: 350551, task_app_start_time:2117049572799375, task_sched_time:2117056420814167
app_id: 0, app_name: SAR_api-aarch64, task_id: 2096, task_name: DASH_FFT, resource_name: cpu3, ref_start_time: 2117056426795838, ref_stop_time: 2117056426869308, actual_exe_time: 73470, task_app_start_time:2117049572799375, task_sched_time:2117056424511578
app_id: 0, app_name: SAR_api-aarch64, task_id: 2097, task_name: DASH_ZIP, resource_name: zip1, ref_start_time: 2117056427403639, ref_stop_time: 2117056427524089, actual_exe_time: 120450, task_app_start_time:2117049572799375, task_sched_time:2117056427396919
app_id: 0, app_name: SAR_api-aarch64, task_id: 2098, task_name: DASH_FFT, resource_name: cpu1, ref_start_time: 2117056428748989, ref_stop_time: 2117056428798939, actual_exe_time: 49950, task_app_start_time:2117049572799375, task_sched_time:2117056428738639
app_id: 0, app_name: SAR_api-aarch64, task_id: 2099, task_name: DASH_ZIP, resource_name: cpu2, ref_start_time: 2117056429366179, ref_stop_time: 2117056429808859, actual_exe_time: 442680, task_app_start_time:2117049572799375, task_sched_time:2117056429360899
app_id: 0, app_name: SAR_api-aarch64, task_id: 2100, task_name: DASH_FFT, resource_name: cpu3, ref_start_time: 2117056430781579, ref_stop_time: 2117056430846319, actual_exe_time: 64740, task_app_start_time:2117049572799375, task_sched_time:2117056430341929
app_id: 0, app_name: SAR_api-aarch64, task_id: 2101, task_name: DASH_ZIP, resource_name: zip1, ref_start_time: 2117056434077710, ref_stop_time: 2117056434198160, actual_exe_time: 120450, task_app_start_time:2117049572799375, task_sched_time:2117056434067780
app_id: 0, app_name: SAR_api-aarch64, task_id: 2102, task_name: DASH_FFT, resource_name: cpu1, ref_start_time: 2117056435439650, ref_stop_time: 2117056435841530, actual_exe_time: 401880, task_app_start_time:2117049572799375, task_sched_time:2117056435432990
app_id: 0, app_name: SAR_api-aarch64, task_id: 2103, task_name: DASH_ZIP, resource_name: cpu2, ref_start_time: 2117056439085880, ref_stop_time: 2117056439479120, actual_exe_time: 393240, task_app_start_time:2117049572799375, task_sched_time:2117056439080990
app_id: 0, app_name: SAR_api-aarch64, task_id: 2104, task_name: DASH_FFT, resource_name: cpu3, ref_start_time: 2117056448674422, ref_stop_time: 2117056448746842, actual_exe_time: 72420, task_app_start_time:2117049572799375, task_sched_time:2117056448663772
app_id: 0, app_name: SAR_api-aarch64, task_id: 2105, task_name: DASH_ZIP, resource_name: zip1, ref_start_time: 2117056449768552, ref_stop_time: 2117056449889452, actual_exe_time: 120900, task_app_start_time:2117049572799375, task_sched_time:2117056449764172
app_id: 0, app_name: SAR_api-aarch64, task_id: 2106, task_name: DASH_FFT, resource_name: cpu1, ref_start_time: 2117056455166843, ref_stop_time: 2117056455225223, actual_exe_time: 58380, task_app_start_time:2117049572799375, task_sched_time:2117056455115033
app_id: 0, app_name: SAR_api-aarch64, task_id: 2107, task_name: DASH_ZIP, resource_name: cpu2, ref_start_time: 2117056462565264, ref_stop_time: 2117056462654034, actual_exe_time: 88770, task_app_start_time:2117049572799375, task_sched_time:2117056462557104
app_id: 0, app_name: SAR_api-aarch64, task_id: 2108, task_name: DASH_FFT, resource_name: cpu3, ref_start_time: 2117056463776874, ref_stop_time: 2117056463843804, actual_exe_time: 66930, task_app_start_time:2117049572799375, task_sched_time:2117056463768774
app_id: 0, app_name: SAR_api-aarch64, task_id: 2109, task_name: DASH_ZIP, resource_name: zip1, ref_start_time: 2117056467166215, ref_stop_time: 2117056467290265, actual_exe_time: 124050, task_app_start_time:2117049572799375, task_sched_time:2117056467158685
app_id: 0, app_name: SAR_api-aarch64, task_id: 2110, task_name: DASH_FFT, resource_name: cpu1, ref_start_time: 2117056475262886, ref_stop_time: 2117056475321356, actual_exe_time: 58470, task_app_start_time:2117049572799375, task_sched_time:2117056475256346
app_id: 0, app_name: SAR_api-aarch64, task_id: 2111, task_name: DASH_ZIP, resource_name: cpu2, ref_start_time: 2117056478201297, ref_stop_time: 2117056478281007, actual_exe_time: 79710, task_app_start_time:2117049572799375, task_sched_time:2117056478195687
app_id: 0, app_name: SAR_api-aarch64, task_id: 2112, task_name: DASH_FFT, resource_name: cpu3, ref_start_time: 2117056483162848, ref_stop_time: 2117056483236678, actual_exe_time: 73830, task_app_start_time:2117049572799375, task_sched_time:2117056483153068
app_id: 0, app_name: SAR_api-aarch64, task_id: 2113, task_name: DASH_ZIP, resource_name: zip1, ref_start_time: 2117056490973799, ref_stop_time: 2117056491100189, actual_exe_time: 126390, task_app_start_time:2117049572799375, task_sched_time:2117056490963239
app_id: 0, app_name: SAR_api-aarch64, task_id: 2114, task_name: DASH_FFT, resource_name: cpu1, ref_start_time: 2117056492719229, ref_stop_time: 2117056492996969, actual_exe_time: 277740, task_app_start_time:2117049572799375, task_sched_time:2117056492711519
app_id: 0, app_name: SAR_api-aarch64, task_id: 2115, task_name: DASH_ZIP, resource_name: cpu2, ref_start_time: 2117056498946030, ref_stop_time: 2117056499027060, actual_exe_time: 81030, task_app_start_time:2117049572799375, task_sched_time:2117056498938350
app_id: 0, app_name: SAR_api-aarch64, task_id: 2116, task_name: DASH_FFT, resource_name: cpu3, ref_start_time: 2117056502823861, ref_stop_time: 2117056502895831, actual_exe_time: 71970, task_app_start_time:2117049572799375, task_sched_time:2117056502816721
app_id: 0, app_name: SAR_api-aarch64, task_id: 2117, task_name: DASH_ZIP, resource_name: zip1, ref_start_time: 2117056507074021, ref_stop_time: 2117056507203051, actual_exe_time: 129030, task_app_start_time:2117049572799375, task_sched_time:2117056506987441
app_id: 0, app_name: SAR_api-aarch64, task_id: 2118, task_name: DASH_FFT, resource_name: cpu1, ref_start_time: 2117056515101423, ref_stop_time: 2117056515162203, actual_exe_time: 60780, task_app_start_time:2117049572799375, task_sched_time:2117056515095633
app_id: 0, app_name: SAR_api-aarch64, task_id: 2119, task_name: DASH_ZIP, resource_name: cpu2, ref_start_time: 2117056520013293, ref_stop_time: 2117056520092373, actual_exe_time: 79080, task_app_start_time:2117049572799375, task_sched_time:2117056520006033
app_id: 0, app_name: SAR_api-aarch64, task_id: 2120, task_name: DASH_FFT, resource_name: cpu3, ref_start_time: 2117056521038184, ref_stop_time: 2117056521104454, actual_exe_time: 66270, task_app_start_time:2117049572799375, task_sched_time:2117056521033804
app_id: 0, app_name: SAR_api-aarch64, task_id: 2121, task_name: DASH_ZIP, resource_name: zip1, ref_start_time: 2117056527042745, ref_stop_time: 2117056527166825, actual_exe_time: 124080, task_app_start_time:2117049572799375, task_sched_time:2117056527027655
app_id: 0, app_name: SAR_api-aarch64, task_id: 2122, task_name: DASH_FFT, resource_name: cpu1, ref_start_time: 2117056534658246, ref_stop_time: 2117056534722416, actual_exe_time: 64170, task_app_start_time:2117049572799375, task_sched_time:2117056534649186
app_id: 0, app_name: SAR_api-aarch64, task_id: 2123, task_name: DASH_ZIP, resource_name: cpu2, ref_start_time: 2117056538969576, ref_stop_time: 2117056539051356, actual_exe_time: 81780, task_app_start_time:2117049572799375, task_sched_time:2117056538850476
app_id: 0, app_name: SAR_api-aarch64, task_id: 2124, task_name: DASH_FFT, resource_name: cpu3, ref_start_time: 2117056539806187, ref_stop_time: 2117056539872277, actual_exe_time: 66090, task_app_start_time:2117049572799375, task_sched_time:2117056539800757
app_id: 0, app_name: SAR_api-aarch64, task_id: 2125, task_name: DASH_ZIP, resource_name: zip1, ref_start_time: 2117056540893447, ref_stop_time: 2117056541014947, actual_exe_time: 121500, task_app_start_time:2117049572799375, task_sched_time:2117056540889037
app_id: 0, app_name: SAR_api-aarch64, task_id: 2126, task_name: DASH_FFT, resource_name: cpu1, ref_start_time: 2117056541459577, ref_stop_time: 2117056541510247, actual_exe_time: 50670, task_app_start_time:2117049572799375, task_sched_time:2117056541448207
app_id: 0, app_name: SAR_api-aarch64, task_id: 2127, task_name: DASH_ZIP, resource_name: cpu2, ref_start_time: 2117056542842727, ref_stop_time: 2117056542918447, actual_exe_time: 75720, task_app_start_time:2117049572799375, task_sched_time:2117056542709137
app_id: 0, app_name: SAR_api-aarch64, task_id: 2128, task_name: DASH_FFT, resource_name: cpu3, ref_start_time: 2117056547257348, ref_stop_time: 2117056547321428, actual_exe_time: 64080, task_app_start_time:2117049572799375, task_sched_time:2117056547252818
app_id: 0, app_name: SAR_api-aarch64, task_id: 2129, task_name: DASH_ZIP, resource_name: zip1, ref_start_time: 2117056549903708, ref_stop_time: 2117056550029078, actual_exe_time: 125370, task_app_start_time:2117049572799375, task_sched_time:2117056549868308
app_id: 0, app_name: SAR_api-aarch64, task_id: 2130, task_name: DASH_FFT, resource_name: cpu1, ref_start_time: 2117056554242519, ref_stop_time: 2117056554298829, actual_exe_time: 56310, task_app_start_time:2117049572799375, task_sched_time:2117056554225029
app_id: 0, app_name: SAR_api-aarch64, task_id: 2131, task_name: DASH_ZIP, resource_name: cpu2, ref_start_time: 2117056555252769, ref_stop_time: 2117056555331159, actual_exe_time: 78390, task_app_start_time:2117049572799375, task_sched_time:2117056555247819
app_id: 0, app_name: SAR_api-aarch64, task_id: 2132, task_name: DASH_FFT, resource_name: cpu3, ref_start_time: 2117056558792110, ref_stop_time: 2117056558868700, actual_exe_time: 76590, task_app_start_time:2117049572799375, task_sched_time:2117056555726019
app_id: 0, app_name: SAR_api-aarch64, task_id: 2133, task_name: DASH_ZIP, resource_name: zip1, ref_start_time: 2117056562511450, ref_stop_time: 2117056562633970, actual_exe_time: 122520, task_app_start_time:2117049572799375, task_sched_time:2117056562502870
app_id: 0, app_name: SAR_api-aarch64, task_id: 2134, task_name: DASH_FFT, resource_name: cpu1, ref_start_time: 2117056563694080, ref_stop_time: 2117056563751140, actual_exe_time: 57060, task_app_start_time:2117049572799375, task_sched_time:2117056563687540
app_id: 0, app_name: SAR_api-aarch64, task_id: 2135, task_name: DASH_ZIP, resource_name: cpu2, ref_start_time: 2117056570879322, ref_stop_time: 2117056570961342, actual_exe_time: 82020, task_app_start_time:2117049572799375, task_sched_time:2117056570869812
app_id: 0, app_name: SAR_api-aarch64, task_id: 2136, task_name: DASH_FFT, resource_name: cpu3, ref_start_time: 2117056571795852, ref_stop_time: 2117056571860502, actual_exe_time: 64650, task_app_start_time:2117049572799375, task_sched_time:2117056571789312
app_id: 0, app_name: SAR_api-aarch64, task_id: 2137, task_name: DASH_ZIP, resource_name: zip1, ref_start_time: 2117056577935593, ref_stop_time: 2117056578057033, actual_exe_time: 121440, task_app_start_time:2117049572799375, task_sched_time:2117056577927853
app_id: 0, app_name: SAR_api-aarch64, task_id: 2138, task_name: DASH_FFT, resource_name: cpu1, ref_start_time: 2117056579486173, ref_stop_time: 2117056579541073, actual_exe_time: 54900, task_app_start_time:2117049572799375, task_sched_time:2117056579470633
app_id: 0, app_name: SAR_api-aarch64, task_id: 2139, task_name: DASH_ZIP, resource_name: cpu2, ref_start_time: 2117056587271774, ref_stop_time: 2117056587350884, actual_exe_time: 79110, task_app_start_time:2117049572799375, task_sched_time:2117056587264574
app_id: 0, app_name: SAR_api-aarch64, task_id: 2140, task_name: DASH_FFT, resource_name: cpu3, ref_start_time: 2117056590823415, ref_stop_time: 2117056590896825, actual_exe_time: 73410, task_app_start_time:2117049572799375, task_sched_time:2117056590815675
app_id: 0, app_name: SAR_api-aarch64, task_id: 2141, task_name: DASH_ZIP, resource_name: zip1, ref_start_time: 2117056594288625, ref_stop_time: 2117056594415585, actual_exe_time: 126960, task_app_start_time:2117049572799375, task_sched_time:2117056594274975
app_id: 0, app_name: SAR_api-aarch64, task_id: 2142, task_name: DASH_FFT, resource_name: cpu1, ref_start_time: 2117056597880046, ref_stop_time: 2117056597936776, actual_exe_time: 56730, task_app_start_time:2117049572799375, task_sched_time:2117056597783986
app_id: 0, app_name: SAR_api-aarch64, task_id: 2143, task_name: DASH_ZIP, resource_name: cpu2, ref_start_time: 2117056598866146, ref_stop_time: 2117056599237816, actual_exe_time: 371670, task_app_start_time:2117049572799375, task_sched_time:2117056598859786
app_id: 0, app_name: SAR_api-aarch64, task_id: 2144, task_name: DASH_FFT, resource_name: cpu3, ref_start_time: 2117056602793807, ref_stop_time: 2117056602868117, actual_exe_time: 74310, task_app_start_time:2117049572799375, task_sched_time:2117056599788706
app_id: 0, app_name: SAR_api-aarch64, task_id: 2145, task_name: DASH_ZIP, resource_name: zip1, ref_start_time: 2117056603345387, ref_stop_time: 2117056603465837, actual_exe_time: 120450, task_app_start_time:2117049572799375, task_sched_time:2117056603337797
app_id: 0, app_name: SAR_api-aarch64, task_id: 2146, task_name: DASH_FFT, resource_name: cpu1, ref_start_time: 2117056604649667, ref_stop_time: 2117056604698207, actual_exe_time: 48540, task_app_start_time:2117049572799375, task_sched_time:2117056604599657
app_id: 0, app_name: SAR_api-aarch64, task_id: 2147, task_name: DASH_ZIP, resource_name: cpu2, ref_start_time: 2117056605506887, ref_stop_time: 2117056605582487, actual_exe_time: 75600, task_app_start_time:2117049572799375, task_sched_time:2117056605495457
app_id: 0, app_name: SAR_api-aarch64, task_id: 2148, task_name: DASH_FFT, resource_name: cpu3, ref_start_time: 2117056606803517, ref_stop_time: 2117056606870297, actual_exe_time: 66780, task_app_start_time:2117049572799375, task_sched_time:2117056606138627
app_id: 0, app_name: SAR_api-aarch64, task_id: 2149, task_name: DASH_ZIP, resource_name: zip1, ref_start_time: 2117056609127408, ref_stop_time: 2117056609251548, actual_exe_time: 124140, task_app_start_time:2117049572799375, task_sched_time:2117056607999738
app_id: 0, app_name: SAR_api-aarch64, task_id: 2150, task_name: DASH_FFT, resource_name: cpu1, ref_start_time: 2117056613317028, ref_stop_time: 2117056613377328, actual_exe_time: 60300, task_app_start_time:2117049572799375, task_sched_time:2117056613304068
app_id: 0, app_name: SAR_api-aarch64, task_id: 2151, task_name: DASH_ZIP, resource_name: cpu2, ref_start_time: 2117056618787619, ref_stop_time: 2117056618868289, actual_exe_time: 80670, task_app_start_time:2117049572799375, task_sched_time:2117056614514629
app_id: 0, app_name: SAR_api-aarch64, task_id: 2152, task_name: DASH_FFT, resource_name: cpu3, ref_start_time: 2117056619737029, ref_stop_time: 2117056619807859, actual_exe_time: 70830, task_app_start_time:2117049572799375, task_sched_time:2117056619727309
app_id: 0, app_name: SAR_api-aarch64, task_id: 2153, task_name: DASH_ZIP, resource_name: zip1, ref_start_time: 2117056620724330, ref_stop_time: 2117056620842890, actual_exe_time: 118560, task_app_start_time:2117049572799375, task_sched_time:2117056620721000
app_id: 0, app_name: SAR_api-aarch64, task_id: 2154, task_name: DASH_FFT, resource_name: cpu1, ref_start_time: 2117056621428940, ref_stop_time: 2117056621477270, actual_exe_time: 48330, task_app_start_time:2117049572799375, task_sched_time:2117056621422400
app_id: 0, app_name: SAR_api-aarch64, task_id: 2155, task_name: DASH_ZIP, resource_name: cpu2, ref_start_time: 2117056624313440, ref_stop_time: 2117056624391230, actual_exe_time: 77790, task_app_start_time:2117049572799375, task_sched_time:2117056622189140
app_id: 0, app_name: SAR_api-aarch64, task_id: 2156, task_name: DASH_FFT, resource_name: cpu3, ref_start_time: 2117056625438440, ref_stop_time: 2117056625498320, actual_exe_time: 59880, task_app_start_time:2117049572799375, task_sched_time:2117056625428750
app_id: 0, app_name: SAR_api-aarch64, task_id: 2157, task_name: DASH_ZIP, resource_name: zip1, ref_start_time: 2117056626441131, ref_stop_time: 2117056626560081, actual_exe_time: 118950, task_app_start_time:2117049572799375, task_sched_time:2117056626436451
app_id: 0, app_name: SAR_api-aarch64, task_id: 2158, task_name: DASH_FFT, resource_name: cpu1, ref_start_time: 2117056627215011, ref_stop_time: 2117056627262021, actual_exe_time: 47010, task_app_start_time:2117049572799375, task_sched_time:2117056627202471
app_id: 0, app_name: SAR_api-aarch64, task_id: 2159, task_name: DASH_ZIP, resource_name: cpu2, ref_start_time: 2117056627789451, ref_stop_time: 2117056627867211, actual_exe_time: 77760, task_app_start_time:2117049572799375, task_sched_time:2117056627781141
app_id: 0, app_name: SAR_api-aarch64, task_id: 2160, task_name: DASH_FFT, resource_name: cpu3, ref_start_time: 2117056628197631, ref_stop_time: 2117056628255471, actual_exe_time: 57840, task_app_start_time:2117049572799375, task_sched_time:2117056628190971
app_id: 0, app_name: SAR_api-aarch64, task_id: 2161, task_name: DASH_ZIP, resource_name: zip1, ref_start_time: 2117056629173591, ref_stop_time: 2117056629291941, actual_exe_time: 118350, task_app_start_time:2117049572799375, task_sched_time:2117056629164741
app_id: 0, app_name: SAR_api-aarch64, task_id: 2162, task_name: DASH_FFT, resource_name: cpu1, ref_start_time: 2117056630807181, ref_stop_time: 2117056630857461, actual_exe_time: 50280, task_app_start_time:2117049572799375, task_sched_time:2117056629772601
app_id: 0, app_name: SAR_api-aarch64, task_id: 2163, task_name: DASH_ZIP, resource_name: cpu2, ref_start_time: 2117056631513051, ref_stop_time: 2117056631591741, actual_exe_time: 78690, task_app_start_time:2117049572799375, task_sched_time:2117056631508971
app_id: 0, app_name: SAR_api-aarch64, task_id: 2164, task_name: DASH_FFT, resource_name: cpu3, ref_start_time: 2117056631930921, ref_stop_time: 2117056631986361, actual_exe_time: 55440, task_app_start_time:2117049572799375, task_sched_time:2117056631922761
app_id: 0, app_name: SAR_api-aarch64, task_id: 2165, task_name: DASH_ZIP, resource_name: zip1, ref_start_time: 2117056632550812, ref_stop_time: 2117056632670902, actual_exe_time: 120090, task_app_start_time:2117049572799375, task_sched_time:2117056632544272
app_id: 0, app_name: SAR_api-aarch64, task_id: 2166, task_name: DASH_FFT, resource_name: cpu1, ref_start_time: 2117056634275512, ref_stop_time: 2117056634325792, actual_exe_time: 50280, task_app_start_time:2117049572799375, task_sched_time:2117056633226862
app_id: 0, app_name: SAR_api-aarch64, task_id: 2167, task_name: DASH_ZIP, resource_name: cpu2, ref_start_time: 2117056635275262, ref_stop_time: 2117056635448482, actual_exe_time: 173220, task_app_start_time:2117049572799375, task_sched_time:2117056635265512
app_id: 0, app_name: SAR_api-aarch64, task_id: 2168, task_name: DASH_FFT, resource_name: cpu3, ref_start_time: 2117056639196953, ref_stop_time: 2117056639264693, actual_exe_time: 67740, task_app_start_time:2117049572799375, task_sched_time:2117056639189753
app_id: 0, app_name: SAR_api-aarch64, task_id: 2169, task_name: DASH_ZIP, resource_name: zip1, ref_start_time: 2117056640007883, ref_stop_time: 2117056640127493, actual_exe_time: 119610, task_app_start_time:2117049572799375, task_sched_time:2117056640003053
app_id: 0, app_name: SAR_api-aarch64, task_id: 2170, task_name: DASH_FFT, resource_name: cpu1, ref_start_time: 2117056640935213, ref_stop_time: 2117056640979793, actual_exe_time: 44580, task_app_start_time:2117049572799375, task_sched_time:2117056640926123
app_id: 0, app_name: SAR_api-aarch64, task_id: 2171, task_name: DASH_ZIP, resource_name: cpu2, ref_start_time: 2117056647294884, ref_stop_time: 2117056647375734, actual_exe_time: 80850, task_app_start_time:2117049572799375, task_sched_time:2117056647290624
app_id: 0, app_name: SAR_api-aarch64, task_id: 2172, task_name: DASH_FFT, resource_name: cpu3, ref_start_time: 2117056654789035, ref_stop_time: 2117056654871835, actual_exe_time: 82800, task_app_start_time:2117049572799375, task_sched_time:2117056651296465
app_id: 0, app_name: SAR_api-aarch64, task_id: 2173, task_name: DASH_ZIP, resource_name: zip1, ref_start_time: 2117056656114945, ref_stop_time: 2117056656234795, actual_exe_time: 119850, task_app_start_time:2117049572799375, task_sched_time:2117056656107085
app_id: 0, app_name: SAR_api-aarch64, task_id: 2174, task_name: DASH_FFT, resource_name: cpu1, ref_start_time: 2117056657072005, ref_stop_time: 2117056657118175, actual_exe_time: 46170, task_app_start_time:2117049572799375, task_sched_time:2117056657063335
app_id: 0, app_name: SAR_api-aarch64, task_id: 2175, task_name: DASH_ZIP, resource_name: cpu2, ref_start_time: 2117056657866886, ref_stop_time: 2117056657945636, actual_exe_time: 78750, task_app_start_time:2117049572799375, task_sched_time:2117056657857856
app_id: 0, app_name: SAR_api-aarch64, task_id: 2176, task_name: DASH_FFT, resource_name: cpu3, ref_start_time: 2117056661107696, ref_stop_time: 2117056661173036, actual_exe_time: 65340, task_app_start_time:2117049572799375, task_sched_time:2117056658407666
app_id: 0, app_name: SAR_api-aarch64, task_id: 2177, task_name: DASH_ZIP, resource_name: zip1, ref_start_time: 2117056662319876, ref_stop_time: 2117056662440146, actual_exe_time: 120270, task_app_start_time:2117049572799375, task_sched_time:2117056662314536
app_id: 0, app_name: SAR_api-aarch64, task_id: 2178, task_name: DASH_FFT, resource_name: cpu1, ref_start_time: 2117056663306126, ref_stop_time: 2117056663351667, actual_exe_time: 45541, task_app_start_time:2117049572799375, task_sched_time:2117056663295206
app_id: 0, app_name: SAR_api-aarch64, task_id: 2179, task_name: DASH_ZIP, resource_name: cpu2, ref_start_time: 2117056664252267, ref_stop_time: 2117056664330897, actual_exe_time: 78630, task_app_start_time:2117049572799375, task_sched_time:2117056664242997
app_id: 0, app_name: SAR_api-aarch64, task_id: 2180, task_name: DASH_FFT, resource_name: cpu3, ref_start_time: 2117056664828537, ref_stop_time: 2117056664886947, actual_exe_time: 58410, task_app_start_time:2117049572799375, task_sched_time:2117056664820557
app_id: 0, app_name: SAR_api-aarch64, task_id: 2181, task_name: DASH_ZIP, resource_name: zip1, ref_start_time: 2117056666042247, ref_stop_time: 2117056666164047, actual_exe_time: 121800, task_app_start_time:2117049572799375, task_sched_time:2117056666038197
app_id: 0, app_name: SAR_api-aarch64, task_id: 2182, task_name: DASH_FFT, resource_name: cpu1, ref_start_time: 2117056667059367, ref_stop_time: 2117056667109377, actual_exe_time: 50010, task_app_start_time:2117049572799375, task_sched_time:2117056667048597
app_id: 0, app_name: SAR_api-aarch64, task_id: 2183, task_name: DASH_ZIP, resource_name: cpu2, ref_start_time: 2117056667752397, ref_stop_time: 2117056667831447, actual_exe_time: 79050, task_app_start_time:2117049572799375, task_sched_time:2117056667743487
app_id: 0, app_name: SAR_api-aarch64, task_id: 2184, task_name: DASH_FFT, resource_name: cpu3, ref_start_time: 2117056668397907, ref_stop_time: 2117056668452267, actual_exe_time: 54360, task_app_start_time:2117049572799375, task_sched_time:2117056668394517
app_id: 0, app_name: SAR_api-aarch64, task_id: 2185, task_name: DASH_ZIP, resource_name: zip1, ref_start_time: 2117056669248257, ref_stop_time: 2117056669366937, actual_exe_time: 118680, task_app_start_time:2117049572799375, task_sched_time:2117056669242557
app_id: 0, app_name: SAR_api-aarch64, task_id: 2186, task_name: DASH_FFT, resource_name: cpu1, ref_start_time: 2117056670062488, ref_stop_time: 2117056670104218, actual_exe_time: 41730, task_app_start_time:2117049572799375, task_sched_time:2117056670052138
app_id: 0, app_name: SAR_api-aarch64, task_id: 2187, task_name: DASH_ZIP, resource_name: cpu2, ref_start_time: 2117056675274898, ref_stop_time: 2117056675359288, actual_exe_time: 84390, task_app_start_time:2117049572799375, task_sched_time:2117056675269588
app_id: 0, app_name: SAR_api-aarch64, task_id: 2188, task_name: DASH_FFT, resource_name: cpu3, ref_start_time: 2117056679395879, ref_stop_time: 2117056679727049, actual_exe_time: 331170, task_app_start_time:2117049572799375, task_sched_time:2117056679388919
app_id: 0, app_name: SAR_api-aarch64, task_id: 2189, task_name: DASH_ZIP, resource_name: zip1, ref_start_time: 2117056680977329, ref_stop_time: 2117056681097989, actual_exe_time: 120660, task_app_start_time:2117049572799375, task_sched_time:2117056680972379
app_id: 0, app_name: SAR_api-aarch64, task_id: 2190, task_name: DASH_FFT, resource_name: cpu1, ref_start_time: 2117056682524760, ref_stop_time: 2117056682570570, actual_exe_time: 45810, task_app_start_time:2117049572799375, task_sched_time:2117056682520920
app_id: 0, app_name: SAR_api-aarch64, task_id: 2191, task_name: DASH_ZIP, resource_name: cpu2, ref_start_time: 2117056683342110, ref_stop_time: 2117056683419600, actual_exe_time: 77490, task_app_start_time:2117049572799375, task_sched_time:2117056683335840
app_id: 0, app_name: SAR_api-aarch64, task_id: 2192, task_name: DASH_FFT, resource_name: cpu3, ref_start_time: 2117056687116350, ref_stop_time: 2117056687185620, actual_exe_time: 69270, task_app_start_time:2117049572799375, task_sched_time:2117056687111460
app_id: 0, app_name: SAR_api-aarch64, task_id: 2193, task_name: DASH_ZIP, resource_name: zip1, ref_start_time: 2117056688956221, ref_stop_time: 2117056689077691, actual_exe_time: 121470, task_app_start_time:2117049572799375, task_sched_time:2117056688947461
app_id: 0, app_name: SAR_api-aarch64, task_id: 2194, task_name: DASH_FFT, resource_name: cpu1, ref_start_time: 2117056689924441, ref_stop_time: 2117056689971061, actual_exe_time: 46620, task_app_start_time:2117049572799375, task_sched_time:2117056689912291
app_id: 0, app_name: SAR_api-aarch64, task_id: 2195, task_name: DASH_ZIP, resource_name: cpu2, ref_start_time: 2117056690658061, ref_stop_time: 2117056690735761, actual_exe_time: 77700, task_app_start_time:2117049572799375, task_sched_time:2117056690653951
app_id: 0, app_name: SAR_api-aarch64, task_id: 2196, task_name: DASH_FFT, resource_name: cpu3, ref_start_time: 2117056691299491, ref_stop_time: 2117056691353911, actual_exe_time: 54420, task_app_start_time:2117049572799375, task_sched_time:2117056691296671
app_id: 0, app_name: SAR_api-aarch64, task_id: 2197, task_name: DASH_ZIP, resource_name: zip1, ref_start_time: 2117056692442671, ref_stop_time: 2117056692562611, actual_exe_time: 119940, task_app_start_time:2117049572799375, task_sched_time:2117056692434121
app_id: 0, app_name: SAR_api-aarch64, task_id: 2198, task_name: DASH_FFT, resource_name: cpu1, ref_start_time: 2117056693352241, ref_stop_time: 2117056693396881, actual_exe_time: 44640, task_app_start_time:2117049572799375, task_sched_time:2117056693338801
app_id: 0, app_name: SAR_api-aarch64, task_id: 2199, task_name: DASH_ZIP, resource_name: cpu2, ref_start_time: 2117056699396522, ref_stop_time: 2117056699476892, actual_exe_time: 80370, task_app_start_time:2117049572799375, task_sched_time:2117056699388752
app_id: 0, app_name: SAR_api-aarch64, task_id: 2200, task_name: DASH_FFT, resource_name: cpu3, ref_start_time: 2117056700040532, ref_stop_time: 2117056700103112, actual_exe_time: 62580, task_app_start_time:2117049572799375, task_sched_time:2117056700034982
app_id: 0, app_name: SAR_api-aarch64, task_id: 2201, task_name: DASH_ZIP, resource_name: zip1, ref_start_time: 2117056701153353, ref_stop_time: 2117056701271493, actual_exe_time: 118140, task_app_start_time:2117049572799375, task_sched_time:2117056701150473
app_id: 0, app_name: SAR_api-aarch64, task_id: 2202, task_name: DASH_FFT, resource_name: cpu1, ref_start_time: 2117056701982553, ref_stop_time: 2117056702025903, actual_exe_time: 43350, task_app_start_time:2117049572799375, task_sched_time:2117056701975383
app_id: 0, app_name: SAR_api-aarch64, task_id: 2203, task_name: DASH_ZIP, resource_name: cpu2, ref_start_time: 2117056705124213, ref_stop_time: 2117056705204043, actual_exe_time: 79830, task_app_start_time:2117049572799375, task_sched_time:2117056705117703
app_id: 0, app_name: SAR_api-aarch64, task_id: 2204, task_name: DASH_FFT, resource_name: cpu3, ref_start_time: 2117056705804163, ref_stop_time: 2117056705862723, actual_exe_time: 58560, task_app_start_time:2117049572799375, task_sched_time:2117056705801103
app_id: 0, app_name: SAR_api-aarch64, task_id: 2205, task_name: DASH_ZIP, resource_name: zip1, ref_start_time: 2117056707093924, ref_stop_time: 2117056707221784, actual_exe_time: 127860, task_app_start_time:2117049572799375, task_sched_time:2117056707086634
app_id: 0, app_name: SAR_api-aarch64, task_id: 2206, task_name: DASH_FFT, resource_name: cpu1, ref_start_time: 2117056710812304, ref_stop_time: 2117056710872724, actual_exe_time: 60420, task_app_start_time:2117049572799375, task_sched_time:2117056707912384
app_id: 0, app_name: SAR_api-aarch64, task_id: 2207, task_name: DASH_ZIP, resource_name: cpu2, ref_start_time: 2117056711574994, ref_stop_time: 2117056711654344, actual_exe_time: 79350, task_app_start_time:2117049572799375, task_sched_time:2117056711571124
app_id: 0, app_name: SAR_api-aarch64, task_id: 2208, task_name: DASH_FFT, resource_name: cpu3, ref_start_time: 2117056712038644, ref_stop_time: 2117056712094414, actual_exe_time: 55770, task_app_start_time:2117049572799375, task_sched_time:2117056712034144
app_id: 0, app_name: SAR_api-aarch64, task_id: 2209, task_name: DASH_ZIP, resource_name: zip1, ref_start_time: 2117056712702454, ref_stop_time: 2117056712820264, actual_exe_time: 117810, task_app_start_time:2117049572799375, task_sched_time:2117056712695704
app_id: 0, app_name: SAR_api-aarch64, task_id: 2210, task_name: DASH_FFT, resource_name: cpu1, ref_start_time: 2117056713204595, ref_stop_time: 2117056713247195, actual_exe_time: 42600, task_app_start_time:2117049572799375, task_sched_time:2117056713192715
app_id: 0, app_name: SAR_api-aarch64, task_id: 2211, task_name: DASH_ZIP, resource_name: cpu2, ref_start_time: 2117056713730075, ref_stop_time: 2117056713806185, actual_exe_time: 76110, task_app_start_time:2117049572799375, task_sched_time:2117056713725575
app_id: 0, app_name: SAR_api-aarch64, task_id: 2212, task_name: DASH_FFT, resource_name: cpu3, ref_start_time: 2117056714130605, ref_stop_time: 2117056714180045, actual_exe_time: 49440, task_app_start_time:2117049572799375, task_sched_time:2117056714125925
app_id: 0, app_name: SAR_api-aarch64, task_id: 2213, task_name: DASH_ZIP, resource_name: zip1, ref_start_time: 2117056714970965, ref_stop_time: 2117056715088055, actual_exe_time: 117090, task_app_start_time:2117049572799375, task_sched_time:2117056714965145
app_id: 0, app_name: SAR_api-aarch64, task_id: 2214, task_name: DASH_FFT, resource_name: cpu1, ref_start_time: 2117056715801995, ref_stop_time: 2117056715844115, actual_exe_time: 42120, task_app_start_time:2117049572799375, task_sched_time:2117056715796565
app_id: 0, app_name: SAR_api-aarch64, task_id: 2215, task_name: DASH_ZIP, resource_name: cpu2, ref_start_time: 2117056716534535, ref_stop_time: 2117056716610735, actual_exe_time: 76200, task_app_start_time:2117049572799375, task_sched_time:2117056716531475
app_id: 0, app_name: SAR_api-aarch64, task_id: 2216, task_name: DASH_FFT, resource_name: cpu3, ref_start_time: 2117056717133515, ref_stop_time: 2117056717185175, actual_exe_time: 51660, task_app_start_time:2117049572799375, task_sched_time:2117056717128715
app_id: 0, app_name: SAR_api-aarch64, task_id: 2217, task_name: DASH_ZIP, resource_name: zip1, ref_start_time: 2117056718330815, ref_stop_time: 2117056718448655, actual_exe_time: 117840, task_app_start_time:2117049572799375, task_sched_time:2117056718324155
app_id: 0, app_name: SAR_api-aarch64, task_id: 2218, task_name: DASH_FFT, resource_name: cpu1, ref_start_time: 2117056719048415, ref_stop_time: 2117056719093865, actual_exe_time: 45450, task_app_start_time:2117049572799375, task_sched_time:2117056719037615
app_id: 0, app_name: SAR_api-aarch64, task_id: 2219, task_name: DASH_ZIP, resource_name: cpu2, ref_start_time: 2117056719775646, ref_stop_time: 2117056719852566, actual_exe_time: 76920, task_app_start_time:2117049572799375, task_sched_time:2117056719770846
app_id: 0, app_name: SAR_api-aarch64, task_id: 2220, task_name: DASH_FFT, resource_name: cpu3, ref_start_time: 2117056720413566, ref_stop_time: 2117056720465166, actual_exe_time: 51600, task_app_start_time:2117049572799375, task_sched_time:2117056720409366
app_id: 0, app_name: SAR_api-aarch64, task_id: 2221, task_name: DASH_ZIP, resource_name: zip1, ref_start_time: 2117056721544236, ref_stop_time: 2117056721663876, actual_exe_time: 119640, task_app_start_time:2117049572799375, task_sched_time:2117056721536946
app_id: 0, app_name: SAR_api-aarch64, task_id: 2222, task_name: DASH_FFT, resource_name: cpu1, ref_start_time: 2117056722780716, ref_stop_time: 2117056722827096, actual_exe_time: 46380, task_app_start_time:2117049572799375, task_sched_time:2117056722279026
app_id: 0, app_name: SAR_api-aarch64, task_id: 2223, task_name: DASH_ZIP, resource_name: cpu2, ref_start_time: 2117056723588436, ref_stop_time: 2117056723667696, actual_exe_time: 79260, task_app_start_time:2117049572799375, task_sched_time:2117056723582976
app_id: 0, app_name: SAR_api-aarch64, task_id: 2224, task_name: DASH_FFT, resource_name: cpu3, ref_start_time: 2117056724095496, ref_stop_time: 2117056724149946, actual_exe_time: 54450, task_app_start_time:2117049572799375, task_sched_time:2117056724086586
app_id: 0, app_name: SAR_api-aarch64, task_id: 2225, task_name: DASH_ZIP, resource_name: zip1, ref_start_time: 2117056724788436, ref_stop_time: 2117056724905556, actual_exe_time: 117120, task_app_start_time:2117049572799375, task_sched_time:2117056724785676
app_id: 0, app_name: SAR_api-aarch64, task_id: 2226, task_name: DASH_FFT, resource_name: cpu1, ref_start_time: 2117056726688817, ref_stop_time: 2117056726735257, actual_exe_time: 46440, task_app_start_time:2117049572799375, task_sched_time:2117056725361856
app_id: 0, app_name: SAR_api-aarch64, task_id: 2227, task_name: DASH_ZIP, resource_name: cpu2, ref_start_time: 2117056727940837, ref_stop_time: 2117056728021027, actual_exe_time: 80190, task_app_start_time:2117049572799375, task_sched_time:2117056727931597
app_id: 0, app_name: SAR_api-aarch64, task_id: 2228, task_name: DASH_FFT, resource_name: cpu3, ref_start_time: 2117056728696477, ref_stop_time: 2117056728755457, actual_exe_time: 58980, task_app_start_time:2117049572799375, task_sched_time:2117056728691287
app_id: 0, app_name: SAR_api-aarch64, task_id: 2229, task_name: DASH_ZIP, resource_name: zip1, ref_start_time: 2117056729927557, ref_stop_time: 2117056730047737, actual_exe_time: 120180, task_app_start_time:2117049572799375, task_sched_time:2117056729922247
app_id: 0, app_name: SAR_api-aarch64, task_id: 2230, task_name: DASH_FFT, resource_name: cpu1, ref_start_time: 2117056731023937, ref_stop_time: 2117056731072597, actual_exe_time: 48660, task_app_start_time:2117049572799375, task_sched_time:2117056731020787
app_id: 0, app_name: SAR_api-aarch64, task_id: 2231, task_name: DASH_ZIP, resource_name: cpu2, ref_start_time: 2117056731974488, ref_stop_time: 2117056732055458, actual_exe_time: 80970, task_app_start_time:2117049572799375, task_sched_time:2117056731970618
app_id: 0, app_name: SAR_api-aarch64, task_id: 2232, task_name: DASH_FFT, resource_name: cpu3, ref_start_time: 2117056734788548, ref_stop_time: 2117056734870178, actual_exe_time: 81630, task_app_start_time:2117049572799375, task_sched_time:2117056732584208
app_id: 0, app_name: SAR_api-aarch64, task_id: 2233, task_name: DASH_ZIP, resource_name: zip1, ref_start_time: 2117056736214928, ref_stop_time: 2117056736336488, actual_exe_time: 121560, task_app_start_time:2117049572799375, task_sched_time:2117056736206888
app_id: 0, app_name: SAR_api-aarch64, task_id: 2234, task_name: DASH_FFT, resource_name: cpu1, ref_start_time: 2117056737365998, ref_stop_time: 2117056737411508, actual_exe_time: 45510, task_app_start_time:2117049572799375, task_sched_time:2117056737363418
app_id: 0, app_name: SAR_api-aarch64, task_id: 2235, task_name: DASH_ZIP, resource_name: cpu2, ref_start_time: 2117056738054769, ref_stop_time: 2117056738132589, actual_exe_time: 77820, task_app_start_time:2117049572799375, task_sched_time:2117056738051529
app_id: 0, app_name: SAR_api-aarch64, task_id: 2236, task_name: DASH_FFT, resource_name: cpu3, ref_start_time: 2117056742775689, ref_stop_time: 2117056742850119, actual_exe_time: 74430, task_app_start_time:2117049572799375, task_sched_time:2117056738267949
app_id: 0, app_name: SAR_api-aarch64, task_id: 2237, task_name: DASH_ZIP, resource_name: zip1, ref_start_time: 2117056743714479, ref_stop_time: 2117056743836249, actual_exe_time: 121770, task_app_start_time:2117049572799375, task_sched_time:2117056743709709
app_id: 0, app_name: SAR_api-aarch64, task_id: 2238, task_name: DASH_FFT, resource_name: cpu1, ref_start_time: 2117056744333710, ref_stop_time: 2117056744377750, actual_exe_time: 44040, task_app_start_time:2117049572799375, task_sched_time:2117056744327380
app_id: 0, app_name: SAR_api-aarch64, task_id: 2239, task_name: DASH_ZIP, resource_name: cpu2, ref_start_time: 2117056744890150, ref_stop_time: 2117056744967490, actual_exe_time: 77340, task_app_start_time:2117049572799375, task_sched_time:2117056744887090
app_id: 0, app_name: SAR_api-aarch64, task_id: 2240, task_name: DASH_FFT, resource_name: cpu3, ref_start_time: 2117056745341650, ref_stop_time: 2117056745392920, actual_exe_time: 51270, task_app_start_time:2117049572799375, task_sched_time:2117056745336970
app_id: 0, app_name: SAR_api-aarch64, task_id: 2241, task_name: DASH_ZIP, resource_name: zip1, ref_start_time: 2117056745946510, ref_stop_time: 2117056746063300, actual_exe_time: 116790, task_app_start_time:2117049572799375, task_sched_time:2117056745941500
app_id: 0, app_name: SAR_api-aarch64, task_id: 2242, task_name: DASH_FFT, resource_name: cpu1, ref_start_time: 2117056746475560, ref_stop_time: 2117056746518010, actual_exe_time: 42450, task_app_start_time:2117049572799375, task_sched_time:2117056746466920
app_id: 0, app_name: SAR_api-aarch64, task_id: 2243, task_name: DASH_ZIP, resource_name: cpu2, ref_start_time: 2117056746992400, ref_stop_time: 2117056747069830, actual_exe_time: 77430, task_app_start_time:2117049572799375, task_sched_time:2117056746982200
app_id: 0, app_name: SAR_api-aarch64, task_id: 2244, task_name: DASH_FFT, resource_name: cpu3, ref_start_time: 2117056748160480, ref_stop_time: 2117056748219730, actual_exe_time: 59250, task_app_start_time:2117049572799375, task_sched_time:2117056747303650
app_id: 0, app_name: SAR_api-aarch64, task_id: 2245, task_name: DASH_ZIP, resource_name: zip1, ref_start_time: 2117056749507150, ref_stop_time: 2117056749627660, actual_exe_time: 120510, task_app_start_time:2117049572799375, task_sched_time:2117056749492180
app_id: 0, app_name: SAR_api-aarch64, task_id: 2246, task_name: DASH_FFT, resource_name: cpu1, ref_start_time: 2117056750435111, ref_stop_time: 2117056750479781, actual_exe_time: 44670, task_app_start_time:2117049572799375, task_sched_time:2117056750422301
app_id: 0, app_name: SAR_api-aarch64, task_id: 2247, task_name: DASH_ZIP, resource_name: cpu2, ref_start_time: 2117056751523691, ref_stop_time: 2117056751604781, actual_exe_time: 81090, task_app_start_time:2117049572799375, task_sched_time:2117056751519821
app_id: 0, app_name: SAR_api-aarch64, task_id: 2248, task_name: DASH_FFT, resource_name: cpu3, ref_start_time: 2117056754805331, ref_stop_time: 2117056754877601, actual_exe_time: 72270, task_app_start_time:2117049572799375, task_sched_time:2117056752075211
app_id: 0, app_name: SAR_api-aarch64, task_id: 2249, task_name: DASH_ZIP, resource_name: zip1, ref_start_time: 2117056758885932, ref_stop_time: 2117056759010522, actual_exe_time: 124590, task_app_start_time:2117049572799375, task_sched_time:2117056756164301
app_id: 0, app_name: SAR_api-aarch64, task_id: 2250, task_name: DASH_FFT, resource_name: cpu1, ref_start_time: 2117056759876352, ref_stop_time: 2117056759924232, actual_exe_time: 47880, task_app_start_time:2117049572799375, task_sched_time:2117056759871612
app_id: 0, app_name: SAR_api-aarch64, task_id: 2251, task_name: DASH_ZIP, resource_name: cpu2, ref_start_time: 2117056760699042, ref_stop_time: 2117056760777942, actual_exe_time: 78900, task_app_start_time:2117049572799375, task_sched_time:2117056760690282
app_id: 0, app_name: SAR_api-aarch64, task_id: 2252, task_name: DASH_FFT, resource_name: cpu3, ref_start_time: 2117056762786143, ref_stop_time: 2117056762853943, actual_exe_time: 67800, task_app_start_time:2117049572799375, task_sched_time:2117056761518342
app_id: 0, app_name: SAR_api-aarch64, task_id: 2253, task_name: DASH_ZIP, resource_name: zip1, ref_start_time: 2117056763835513, ref_stop_time: 2117056763957403, actual_exe_time: 121890, task_app_start_time:2117049572799375, task_sched_time:2117056763830233
app_id: 0, app_name: SAR_api-aarch64, task_id: 2254, task_name: DASH_FFT, resource_name: cpu1, ref_start_time: 2117056764610923, ref_stop_time: 2117056764654483, actual_exe_time: 43560, task_app_start_time:2117049572799375, task_sched_time:2117056764603873
app_id: 0, app_name: SAR_api-aarch64, task_id: 2255, task_name: DASH_ZIP, resource_name: cpu2, ref_start_time: 2117056765262973, ref_stop_time: 2117056765341483, actual_exe_time: 78510, task_app_start_time:2117049572799375, task_sched_time:2117056765253343
app_id: 0, app_name: SAR_api-aarch64, task_id: 2256, task_name: DASH_FFT, resource_name: cpu3, ref_start_time: 2117056766111883, ref_stop_time: 2117056766169963, actual_exe_time: 58080, task_app_start_time:2117049572799375, task_sched_time:2117056765937733
app_id: 0, app_name: SAR_api-aarch64, task_id: 2257, task_name: DASH_ZIP, resource_name: zip1, ref_start_time: 2117056767681753, ref_stop_time: 2117056767805023, actual_exe_time: 123270, task_app_start_time:2117049572799375, task_sched_time:2117056767226953
app_id: 0, app_name: SAR_api-aarch64, task_id: 2258, task_name: DASH_FFT, resource_name: cpu1, ref_start_time: 2117056768511463, ref_stop_time: 2117056768558623, actual_exe_time: 47160, task_app_start_time:2117049572799375, task_sched_time:2117056768499193
app_id: 0, app_name: SAR_api-aarch64, task_id: 2259, task_name: DASH_ZIP, resource_name: cpu2, ref_start_time: 2117056771381744, ref_stop_time: 2117056771461484, actual_exe_time: 79740, task_app_start_time:2117049572799375, task_sched_time:2117056771373944
app_id: 0, app_name: SAR_api-aarch64, task_id: 2260, task_name: DASH_FFT, resource_name: cpu3, ref_start_time: 2117056772146654, ref_stop_time: 2117056772216824, actual_exe_time: 70170, task_app_start_time:2117049572799375, task_sched_time:2117056772142814
app_id: 0, app_name: SAR_api-aarch64, task_id: 2261, task_name: DASH_ZIP, resource_name: zip1, ref_start_time: 2117056779637415, ref_stop_time: 2117056779765995, actual_exe_time: 128580, task_app_start_time:2117049572799375, task_sched_time:2117056779625865
app_id: 0, app_name: SAR_api-aarch64, task_id: 2262, task_name: DASH_FFT, resource_name: cpu1, ref_start_time: 2117056780892975, ref_stop_time: 2117056780939415, actual_exe_time: 46440, task_app_start_time:2117049572799375, task_sched_time:2117056780880705
app_id: 0, app_name: SAR_api-aarch64, task_id: 2263, task_name: DASH_ZIP, resource_name: cpu2, ref_start_time: 2117056781604426, ref_stop_time: 2117056781679696, actual_exe_time: 75270, task_app_start_time:2117049572799375, task_sched_time:2117056781600556
app_id: 0, app_name: SAR_api-aarch64, task_id: 2264, task_name: DASH_FFT, resource_name: cpu3, ref_start_time: 2117056782090276, ref_stop_time: 2117056782161436, actual_exe_time: 71160, task_app_start_time:2117049572799375, task_sched_time:2117056782083736
app_id: 0, app_name: SAR_api-aarch64, task_id: 2265, task_name: DASH_ZIP, resource_name: zip1, ref_start_time: 2117056785966276, ref_stop_time: 2117056786089126, actual_exe_time: 122850, task_app_start_time:2117049572799375, task_sched_time:2117056785715896
app_id: 0, app_name: SAR_api-aarch64, task_id: 2266, task_name: DASH_FFT, resource_name: cpu1, ref_start_time: 2117056786820346, ref_stop_time: 2117056786867506, actual_exe_time: 47160, task_app_start_time:2117049572799375, task_sched_time:2117056786807446
app_id: 0, app_name: SAR_api-aarch64, task_id: 2267, task_name: DASH_ZIP, resource_name: cpu2, ref_start_time: 2117056789953937, ref_stop_time: 2117056790035117, actual_exe_time: 81180, task_app_start_time:2117049572799375, task_sched_time:2117056787726047
app_id: 0, app_name: SAR_api-aarch64, task_id: 2268, task_name: DASH_FFT, resource_name: cpu3, ref_start_time: 2117056795525958, ref_stop_time: 2117056795599878, actual_exe_time: 73920, task_app_start_time:2117049572799375, task_sched_time:2117056795516898
app_id: 0, app_name: SAR_api-aarch64, task_id: 2269, task_name: DASH_ZIP, resource_name: zip1, ref_start_time: 2117056796867408, ref_stop_time: 2117056796991308, actual_exe_time: 123900, task_app_start_time:2117049572799375, task_sched_time:2117056796862698
app_id: 0, app_name: SAR_api-aarch64, task_id: 2270, task_name: DASH_FFT, resource_name: cpu1, ref_start_time: 2117056797857738, ref_stop_time: 2117056797901088, actual_exe_time: 43350, task_app_start_time:2117049572799375, task_sched_time:2117056797853718
app_id: 0, app_name: SAR_api-aarch64, task_id: 2271, task_name: DASH_ZIP, resource_name: cpu2, ref_start_time: 2117056803227799, ref_stop_time: 2117056803308409, actual_exe_time: 80610, task_app_start_time:2117049572799375, task_sched_time:2117056803221469
app_id: 0, app_name: SAR_api-aarch64, task_id: 2272, task_name: DASH_FFT, resource_name: cpu3, ref_start_time: 2117056803921369, ref_stop_time: 2117056803988629, actual_exe_time: 67260, task_app_start_time:2117049572799375, task_sched_time:2117056803915129
app_id: 0, app_name: SAR_api-aarch64, task_id: 2273, task_name: DASH_ZIP, resource_name: zip1, ref_start_time: 2117056804813299, ref_stop_time: 2117056804938459, actual_exe_time: 125160, task_app_start_time:2117049572799375, task_sched_time:2117056804803669
app_id: 0, app_name: SAR_api-aarch64, task_id: 2274, task_name: DASH_FFT, resource_name: cpu1, ref_start_time: 2117056808964310, ref_stop_time: 2117056809012550, actual_exe_time: 48240, task_app_start_time:2117049572799375, task_sched_time:2117056808949910
app_id: 0, app_name: SAR_api-aarch64, task_id: 2275, task_name: DASH_ZIP, resource_name: cpu2, ref_start_time: 2117056814846621, ref_stop_time: 2117056814928041, actual_exe_time: 81420, task_app_start_time:2117049572799375, task_sched_time:2117056809697840
app_id: 0, app_name: SAR_api-aarch64, task_id: 2276, task_name: DASH_FFT, resource_name: cpu3, ref_start_time: 2117056815814571, ref_stop_time: 2117056815885251, actual_exe_time: 70680, task_app_start_time:2117049572799375, task_sched_time:2117056815811391
app_id: 0, app_name: SAR_api-aarch64, task_id: 2277, task_name: DASH_ZIP, resource_name: zip1, ref_start_time: 2117056817134931, ref_stop_time: 2117056817257151, actual_exe_time: 122220, task_app_start_time:2117049572799375, task_sched_time:2117056817130041
app_id: 0, app_name: SAR_api-aarch64, task_id: 2278, task_name: DASH_FFT, resource_name: cpu1, ref_start_time: 2117056817885021, ref_stop_time: 2117056817930111, actual_exe_time: 45090, task_app_start_time:2117049572799375, task_sched_time:2117056817875631
app_id: 0, app_name: SAR_api-aarch64, task_id: 2279, task_name: DASH_ZIP, resource_name: cpu2, ref_start_time: 2117056820010042, ref_stop_time: 2117056820087622, actual_exe_time: 77580, task_app_start_time:2117049572799375, task_sched_time:2117056818650561
app_id: 0, app_name: SAR_api-aarch64, task_id: 2280, task_name: DASH_FFT, resource_name: cpu3, ref_start_time: 2117056820640552, ref_stop_time: 2117056820700882, actual_exe_time: 60330, task_app_start_time:2117049572799375, task_sched_time:2117056820635602
app_id: 0, app_name: SAR_api-aarch64, task_id: 2281, task_name: DASH_ZIP, resource_name: zip1, ref_start_time: 2117056821927612, ref_stop_time: 2117056822058232, actual_exe_time: 130620, task_app_start_time:2117049572799375, task_sched_time:2117056821918282
app_id: 0, app_name: SAR_api-aarch64, task_id: 2282, task_name: DASH_FFT, resource_name: cpu1, ref_start_time: 2117056822896972, ref_stop_time: 2117056822940292, actual_exe_time: 43320, task_app_start_time:2117049572799375, task_sched_time:2117056822891752
app_id: 0, app_name: SAR_api-aarch64, task_id: 2283, task_name: DASH_ZIP, resource_name: cpu2, ref_start_time: 2117056823903922, ref_stop_time: 2117056823986692, actual_exe_time: 82770, task_app_start_time:2117049572799375, task_sched_time:2117056823897922
app_id: 0, app_name: SAR_api-aarch64, task_id: 2284, task_name: DASH_FFT, resource_name: cpu3, ref_start_time: 2117056827505603, ref_stop_time: 2117056827577063, actual_exe_time: 71460, task_app_start_time:2117049572799375, task_sched_time:2117056827499393
app_id: 0, app_name: SAR_api-aarch64, task_id: 2285, task_name: DASH_ZIP, resource_name: zip1, ref_start_time: 2117056835079584, ref_stop_time: 2117056835214374, actual_exe_time: 134790, task_app_start_time:2117049572799375, task_sched_time:2117056834938464
app_id: 0, app_name: SAR_api-aarch64, task_id: 2286, task_name: DASH_FFT, resource_name: cpu1, ref_start_time: 2117056836242864, ref_stop_time: 2117056836291344, actual_exe_time: 48480, task_app_start_time:2117049572799375, task_sched_time:2117056836239924
app_id: 0, app_name: SAR_api-aarch64, task_id: 2287, task_name: DASH_ZIP, resource_name: cpu2, ref_start_time: 2117056836747284, ref_stop_time: 2117056836823034, actual_exe_time: 75750, task_app_start_time:2117049572799375, task_sched_time:2117056836743054
app_id: 0, app_name: SAR_api-aarch64, task_id: 2288, task_name: DASH_FFT, resource_name: cpu3, ref_start_time: 2117056839887655, ref_stop_time: 2117056840612485, actual_exe_time: 724830, task_app_start_time:2117049572799375, task_sched_time:2117056839882405
app_id: 0, app_name: SAR_api-aarch64, task_id: 2289, task_name: DASH_ZIP, resource_name: zip1, ref_start_time: 2117056844451376, ref_stop_time: 2117056844957896, actual_exe_time: 506520, task_app_start_time:2117049572799375, task_sched_time:2117056844441866
app_id: 0, app_name: SAR_api-aarch64, task_id: 2290, task_name: DASH_FFT, resource_name: cpu1, ref_start_time: 2117056845290926, ref_stop_time: 2117056845339256, actual_exe_time: 48330, task_app_start_time:2117049572799375, task_sched_time:2117056845283516
app_id: 0, app_name: SAR_api-aarch64, task_id: 2291, task_name: DASH_ZIP, resource_name: cpu2, ref_start_time: 2117056846779286, ref_stop_time: 2117056846858426, actual_exe_time: 79140, task_app_start_time:2117049572799375, task_sched_time:2117056846171246
app_id: 0, app_name: SAR_api-aarch64, task_id: 2292, task_name: DASH_FFT, resource_name: cpu3, ref_start_time: 2117056847426086, ref_stop_time: 2117056847497246, actual_exe_time: 71160, task_app_start_time:2117049572799375, task_sched_time:2117056847396566
app_id: 0, app_name: SAR_api-aarch64, task_id: 2293, task_name: DASH_ZIP, resource_name: zip1, ref_start_time: 2117056848504046, ref_stop_time: 2117056848629116, actual_exe_time: 125070, task_app_start_time:2117049572799375, task_sched_time:2117056848494086
app_id: 0, app_name: SAR_api-aarch64, task_id: 2294, task_name: DASH_FFT, resource_name: cpu1, ref_start_time: 2117056849347106, ref_stop_time: 2117056849390996, actual_exe_time: 43890, task_app_start_time:2117049572799375, task_sched_time:2117056849339066
app_id: 0, app_name: SAR_api-aarch64, task_id: 2295, task_name: DASH_ZIP, resource_name: cpu2, ref_start_time: 2117056850770997, ref_stop_time: 2117056850848967, actual_exe_time: 77970, task_app_start_time:2117049572799375, task_sched_time:2117056850036477
app_id: 0, app_name: SAR_api-aarch64, task_id: 2296, task_name: DASH_FFT, resource_name: cpu3, ref_start_time: 2117056851461837, ref_stop_time: 2117056851541697, actual_exe_time: 79860, task_app_start_time:2117049572799375, task_sched_time:2117056851453527
app_id: 0, app_name: SAR_api-aarch64, task_id: 2297, task_name: DASH_ZIP, resource_name: zip1, ref_start_time: 2117056852498787, ref_stop_time: 2117056852621067, actual_exe_time: 122280, task_app_start_time:2117049572799375, task_sched_time:2117056852492697
app_id: 0, app_name: SAR_api-aarch64, task_id: 2298, task_name: DASH_FFT, resource_name: cpu1, ref_start_time: 2117056853042687, ref_stop_time: 2117056853086847, actual_exe_time: 44160, task_app_start_time:2117049572799375, task_sched_time:2117056853032427
app_id: 0, app_name: SAR_api-aarch64, task_id: 2299, task_name: DASH_ZIP, resource_name: cpu2, ref_start_time: 2117056853958887, ref_stop_time: 2117056854035597, actual_exe_time: 76710, task_app_start_time:2117049572799375, task_sched_time:2117056853874497
app_id: 0, app_name: SAR_api-aarch64, task_id: 2300, task_name: DASH_FFT, resource_name: cpu3, ref_start_time: 2117056854734747, ref_stop_time: 2117056854823787, actual_exe_time: 89040, task_app_start_time:2117049572799375, task_sched_time:2117056854728477
app_id: 0, app_name: SAR_api-aarch64, task_id: 2301, task_name: DASH_ZIP, resource_name: zip1, ref_start_time: 2117056859480748, ref_stop_time: 2117056863229729, actual_exe_time: 3748981, task_app_start_time:2117049572799375, task_sched_time:2117056859468508
app_id: 0, app_name: SAR_api-aarch64, task_id: 2302, task_name: DASH_FFT, resource_name: cpu1, ref_start_time: 2117056869045440, ref_stop_time: 2117056869096260, actual_exe_time: 50820, task_app_start_time:2117049572799375, task_sched_time:2117056869036050
app_id: 0, app_name: SAR_api-aarch64, task_id: 2303, task_name: DASH_ZIP, resource_name: cpu2, ref_start_time: 2117056879077741, ref_stop_time: 2117056879158651, actual_exe_time: 80910, task_app_start_time:2117049572799375, task_sched_time:2117056870324910
app_id: 0, app_name: SAR_api-aarch64, task_id: 2304, task_name: DASH_FFT, resource_name: cpu3, ref_start_time: 2117056879939191, ref_stop_time: 2117056880008251, actual_exe_time: 69060, task_app_start_time:2117049572799375, task_sched_time:2117056879930431
