app_id: 0, app_name: pulse_doppler_api-aarch64, task_id: 0, task_name: DASH_FFT, resource_name: cpu1, ref_start_time: 2090108136964452, ref_stop_time: 2090108137156962, actual_exe_time: 192510, task_app_start_time:2090108129398151, task_sched_time:2090108136956172
app_id: 0, app_name: pulse_doppler_api-aarch64, task_id: 1, task_name: DASH_FFT, resource_name: cpu2, ref_start_time: 2090108137625772, ref_stop_time: 2090108137711332, actual_exe_time: 85560, task_app_start_time:2090108129398151, task_sched_time:2090108137622922
app_id: 0, app_name: pulse_doppler_api-aarch64, task_id: 2, task_name: DASH_ZIP, resource_name: cpu3, ref_start_time: 2090108140400023, ref_stop_time: 2090108140423543, actual_exe_time: 23520, task_app_start_time:2090108129398151, task_sched_time:2090108140391533
app_id: 0, app_name: pulse_doppler_api-aarch64, task_id: 3, task_name: DASH_FFT, resource_name: fft1, ref_start_time: 2090108143448233, ref_stop_time: 2090108143535143, actual_exe_time: 86910, task_app_start_time:2090108129398151, task_sched_time:2090108143306273
app_id: 0, app_name: pulse_doppler_api-aarch64, task_id: 4, task_name: DASH_FFT, resource_name: fft2, ref_start_time: 2090108148353444, ref_stop_time: 2090108148421664, actual_exe_time: 68220, task_app_start_time:2090108129398151, task_sched_time:2090108148343664
app_id: 0, app_name: pulse_doppler_api-aarch64, task_id: 5, task_name: DASH_FFT, resource_name: cpu1, ref_start_time: 2090108152358955, ref_stop_time: 2090108152391565, actual_exe_time: 32610, task_app_start_time:2090108129398151, task_sched_time:2090108152346595
app_id: 0, app_name: pulse_doppler_api-aarch64, task_id: 6, task_name: DASH_ZIP, resource_name: cpu2, ref_start_time: 2090108152975065, ref_stop_time: 2090108153000985, actual_exe_time: 25920, task_app_start_time:2090108129398151, task_sched_time:2090108152941615
app_id: 0, app_name: pulse_doppler_api-aarch64, task_id: 7, task_name: DASH_FFT, resource_name: cpu3, ref_start_time: 2090108156275965, ref_stop_time: 2090108156412046, actual_exe_time: 136081, task_app_start_time:2090108129398151, task_sched_time:2090108156271075
app_id: 0, app_name: pulse_doppler_api-aarch64, task_id: 8, task_name: DASH_FFT, resource_name: fft1, ref_start_time: 2090108158420426, ref_stop_time: 2090108158452136, actual_exe_time: 31710, task_app_start_time:2090108129398151, task_sched_time:2090108158265686
app_id: 0, app_name: pulse_doppler_api-aarch64, task_id: 9, task_name: DASH_FFT, resource_name: fft2, ref_start_time: 2090108168584457, ref_stop_time: 2090108168623997, actual_exe_time: 39540, task_app_start_time:2090108129398151, task_sched_time:2090108168573537
app_id: 0, app_name: pulse_doppler_api-aarch64, task_id: 10, task_name: DASH_ZIP, resource_name: zip1, ref_start_time: 2090108171468178, ref_stop_time: 2090108171551968, actual_exe_time: 83790, task_app_start_time:2090108129398151, task_sched_time:2090108171462298
app_id: 0, app_name: pulse_doppler_api-aarch64, task_id: 11, task_name: DASH_FFT, resource_name: cpu1, ref_start_time: 2090108176618879, ref_stop_time: 2090108176652959, actual_exe_time: 34080, task_app_start_time:2090108129398151, task_sched_time:2090108176609339
app_id: 0, app_name: pulse_doppler_api-aarch64, task_id: 12, task_name: DASH_FFT, resource_name: cpu2, ref_start_time: 2090108177116129, ref_stop_time: 2090108180370829, actual_exe_time: 3254700, task_app_start_time:2090108129398151, task_sched_time:2090108177012119
app_id: 0, app_name: pulse_doppler_api-aarch64, task_id: 13, task_name: DASH_FFT, resource_name: cpu3, ref_start_time: 2090108184257690, ref_stop_time: 2090108184285860, actual_exe_time: 28170, task_app_start_time:2090108129398151, task_sched_time:2090108184252650
app_id: 0, app_name: pulse_doppler_api-aarch64, task_id: 14, task_name: DASH_ZIP, resource_name: zip1, ref_start_time: 2090108188540611, ref_stop_time: 2090108188591911, actual_exe_time: 51300, task_app_start_time:2090108129398151, task_sched_time:2090108188529961
app_id: 0, app_name: pulse_doppler_api-aarch64, task_id: 15, task_name: DASH_FFT, resource_name: cpu1, ref_start_time: 2090108192370621, ref_stop_time: 2090108192403261, actual_exe_time: 32640, task_app_start_time:2090108129398151, task_sched_time:2090108192365461
app_id: 0, app_name: pulse_doppler_api-aarch64, task_id: 16, task_name: DASH_FFT, resource_name: cpu2, ref_start_time: 2090108196309052, ref_stop_time: 2090108196339472, actual_exe_time: 30420, task_app_start_time:2090108129398151, task_sched_time:2090108196302752
app_id: 0, app_name: pulse_doppler_api-aarch64, task_id: 17, task_name: DASH_FFT, resource_name: cpu3, ref_start_time: 2090108198025982, ref_stop_time: 2090108198049202, actual_exe_time: 23220, task_app_start_time:2090108129398151, task_sched_time:2090108198021992
app_id: 0, app_name: pulse_doppler_api-aarch64, task_id: 18, task_name: DASH_ZIP, resource_name: zip1, ref_start_time: 2090108204266943, ref_stop_time: 2090108204318393, actual_exe_time: 51450, task_app_start_time:2090108129398151, task_sched_time:2090108204260193
app_id: 0, app_name: pulse_doppler_api-aarch64, task_id: 19, task_name: DASH_FFT, resource_name: cpu1, ref_start_time: 2090108208857754, ref_stop_time: 2090108208888264, actual_exe_time: 30510, task_app_start_time:2090108129398151, task_sched_time:2090108208850464
app_id: 0, app_name: pulse_doppler_api-aarch64, task_id: 20, task_name: DASH_FFT, resource_name: cpu2, ref_start_time: 2090108212799035, ref_stop_time: 2090108212837765, actual_exe_time: 38730, task_app_start_time:2090108129398151, task_sched_time:2090108212627645
app_id: 0, app_name: pulse_doppler_api-aarch64, task_id: 21, task_name: DASH_FFT, resource_name: cpu3, ref_start_time: 2090108216710645, ref_stop_time: 2090108216741965, actual_exe_time: 31320, task_app_start_time:2090108129398151, task_sched_time:2090108216701105
app_id: 0, app_name: pulse_doppler_api-aarch64, task_id: 22, task_name: DASH_ZIP, resource_name: zip1, ref_start_time: 2090108224432886, ref_stop_time: 2090108224576226, actual_exe_time: 143340, task_app_start_time:2090108129398151, task_sched_time:2090108224427816
app_id: 0, app_name: pulse_doppler_api-aarch64, task_id: 23, task_name: DASH_FFT, resource_name: cpu1, ref_start_time: 2090108225454897, ref_stop_time: 2090108225484327, actual_exe_time: 29430, task_app_start_time:2090108129398151, task_sched_time:2090108225442057
app_id: 0, app_name: pulse_doppler_api-aarch64, task_id: 24, task_name: DASH_FFT, resource_name: cpu2, ref_start_time: 2090108228559297, ref_stop_time: 2090108228594097, actual_exe_time: 34800, task_app_start_time:2090108129398151, task_sched_time:2090108228488227
app_id: 0, app_name: pulse_doppler_api-aarch64, task_id: 25, task_name: DASH_FFT, resource_name: cpu3, ref_start_time: 2090108233105258, ref_stop_time: 2090108233132078, actual_exe_time: 26820, task_app_start_time:2090108129398151, task_sched_time:2090108233097578
app_id: 0, app_name: pulse_doppler_api-aarch64, task_id: 26, task_name: DASH_ZIP, resource_name: zip1, ref_start_time: 2090108236297588, ref_stop_time: 2090108236340158, actual_exe_time: 42570, task_app_start_time:2090108129398151, task_sched_time:2090108236289428
app_id: 0, app_name: pulse_doppler_api-aarch64, task_id: 27, task_name: DASH_FFT, resource_name: cpu1, ref_start_time: 2090108237058958, ref_stop_time: 2090108237085868, actual_exe_time: 26910, task_app_start_time:2090108129398151, task_sched_time:2090108237048098
app_id: 0, app_name: pulse_doppler_api-aarch64, task_id: 28, task_name: DASH_FFT, resource_name: cpu2, ref_start_time: 2090108240558459, ref_stop_time: 2090108240587559, actual_exe_time: 29100, task_app_start_time:2090108129398151, task_sched_time:2090108240551589
app_id: 0, app_name: pulse_doppler_api-aarch64, task_id: 29, task_name: DASH_FFT, resource_name: cpu3, ref_start_time: 2090108248344510, ref_stop_time: 2090108248372050, actual_exe_time: 27540, task_app_start_time:2090108129398151, task_sched_time:2090108248335900
app_id: 0, app_name: pulse_doppler_api-aarch64, task_id: 30, task_name: DASH_ZIP, resource_name: zip1, ref_start_time: 2090108252589841, ref_stop_time: 2090108252634301, actual_exe_time: 44460, task_app_start_time:2090108129398151, task_sched_time:2090108252582041
app_id: 0, app_name: pulse_doppler_api-aarch64, task_id: 31, task_name: DASH_FFT, resource_name: cpu1, ref_start_time: 2090108253474481, ref_stop_time: 2090108253501931, actual_exe_time: 27450, task_app_start_time:2090108129398151, task_sched_time:2090108253463681
app_id: 0, app_name: pulse_doppler_api-aarch64, task_id: 32, task_name: DASH_FFT, resource_name: cpu2, ref_start_time: 2090108255388061, ref_stop_time: 2090108255417401, actual_exe_time: 29340, task_app_start_time:2090108129398151, task_sched_time:2090108255384641
app_id: 0, app_name: pulse_doppler_api-aarch64, task_id: 33, task_name: DASH_FFT, resource_name: cpu3, ref_start_time: 2090108264345193, ref_stop_time: 2090108264373183, actual_exe_time: 27990, task_app_start_time:2090108129398151, task_sched_time:2090108264339283
app_id: 0, app_name: pulse_doppler_api-aarch64, task_id: 34, task_name: DASH_ZIP, resource_name: zip1, ref_start_time: 2090108264854863, ref_stop_time: 2090108264896113, actual_exe_time: 41250, task_app_start_time:2090108129398151, task_sched_time:2090108264849493
app_id: 0, app_name: pulse_doppler_api-aarch64, task_id: 35, task_name: DASH_FFT, resource_name: cpu1, ref_start_time: 2090108269114804, ref_stop_time: 2090108269142824, actual_exe_time: 28020, task_app_start_time:2090108129398151, task_sched_time:2090108269110814
app_id: 0, app_name: pulse_doppler_api-aarch64, task_id: 36, task_name: DASH_FFT, resource_name: cpu2, ref_start_time: 2090108270925544, ref_stop_time: 2090108270953924, actual_exe_time: 28380, task_app_start_time:2090108129398151, task_sched_time:2090108270919664
app_id: 0, app_name: pulse_doppler_api-aarch64, task_id: 37, task_name: DASH_FFT, resource_name: cpu3, ref_start_time: 2090108280604085, ref_stop_time: 2090108280836556, actual_exe_time: 232471, task_app_start_time:2090108129398151, task_sched_time:2090108280598355
app_id: 0, app_name: pulse_doppler_api-aarch64, task_id: 38, task_name: DASH_ZIP, resource_name: zip1, ref_start_time: 2090108283554976, ref_stop_time: 2090108283597516, actual_exe_time: 42540, task_app_start_time:2090108129398151, task_sched_time:2090108283547866
app_id: 0, app_name: pulse_doppler_api-aarch64, task_id: 39, task_name: DASH_FFT, resource_name: cpu1, ref_start_time: 2090108288664997, ref_stop_time: 2090108288699827, actual_exe_time: 34830, task_app_start_time:2090108129398151, task_sched_time:2090108288656237
app_id: 0, app_name: pulse_doppler_api-aarch64, task_id: 40, task_name: DASH_FFT, resource_name: cpu2, ref_start_time: 2090108296269068, ref_stop_time: 2090108296304918, actual_exe_time: 35850, task_app_start_time:2090108129398151, task_sched_time:2090108296259948
app_id: 0, app_name: pulse_doppler_api-aarch64, task_id: 41, task_name: DASH_FFT, resource_name: cpu3, ref_start_time: 2090108298366308, ref_stop_time: 2090108298390248, actual_exe_time: 23940, task_app_start_time:2090108129398151, task_sched_time:2090108298356678
app_id: 0, app_name: pulse_doppler_api-aarch64, task_id: 42, task_name: DASH_ZIP, resource_name: zip1, ref_start_time: 2090108304256479, ref_stop_time: 2090108304306669, actual_exe_time: 50190, task_app_start_time:2090108129398151, task_sched_time:2090108302205769
app_id: 0, app_name: pulse_doppler_api-aarch64, task_id: 43, task_name: DASH_FFT, resource_name: cpu1, ref_start_time: 2090108304979269, ref_stop_time: 2090108305005609, actual_exe_time: 26340, task_app_start_time:2090108129398151, task_sched_time:2090108304967209
app_id: 0, app_name: pulse_doppler_api-aarch64, task_id: 44, task_name: DASH_FFT, resource_name: cpu2, ref_start_time: 2090108306182870, ref_stop_time: 2090108306470570, actual_exe_time: 287700, task_app_start_time:2090108129398151, task_sched_time:2090108306138920
app_id: 0, app_name: pulse_doppler_api-aarch64, task_id: 45, task_name: DASH_FFT, resource_name: cpu3, ref_start_time: 2090108308237510, ref_stop_time: 2090108308262590, actual_exe_time: 25080, task_app_start_time:2090108129398151, task_sched_time:2090108307017290
app_id: 0, app_name: pulse_doppler_api-aarch64, task_id: 46, task_name: DASH_ZIP, resource_name: zip1, ref_start_time: 2090108309012260, ref_stop_time: 2090108309053990, actual_exe_time: 41730, task_app_start_time:2090108129398151, task_sched_time:2090108309005810
app_id: 0, app_name: pulse_doppler_api-aarch64, task_id: 47, task_name: DASH_FFT, resource_name: cpu1, ref_start_time: 2090108309524930, ref_stop_time: 2090108309714680, actual_exe_time: 189750, task_app_start_time:2090108129398151, task_sched_time:2090108309514940
app_id: 0, app_name: pulse_doppler_api-aarch64, task_id: 48, task_name: DASH_FFT, resource_name: cpu2, ref_start_time: 2090108311045240, ref_stop_time: 2090108311072510, actual_exe_time: 27270, task_app_start_time:2090108129398151, task_sched_time:2090108310999790
app_id: 0, app_name: pulse_doppler_api-aarch64, task_id: 49, task_name: DASH_FFT, resource_name: cpu3, ref_start_time: 2090108311829381, ref_stop_time: 2090108311854401, actual_exe_time: 25020, task_app_start_time:2090108129398151, task_sched_time:2090108311824221
app_id: 0, app_name: pulse_doppler_api-aarch64, task_id: 50, task_name: DASH_ZIP, resource_name: zip1, ref_start_time: 2090108316763781, ref_stop_time: 2090108316810911, actual_exe_time: 47130, task_app_start_time:2090108129398151, task_sched_time:2090108316754751
app_id: 0, app_name: pulse_doppler_api-aarch64, task_id: 51, task_name: DASH_FFT, resource_name: cpu1, ref_start_time: 2090108320354902, ref_stop_time: 2090108320383042, actual_exe_time: 28140, task_app_start_time:2090108129398151, task_sched_time:2090108320349982
app_id: 0, app_name: pulse_doppler_api-aarch64, task_id: 52, task_name: DASH_FFT, resource_name: cpu2, ref_start_time: 2090108326328233, ref_stop_time: 2090108326362403, actual_exe_time: 34170, task_app_start_time:2090108129398151, task_sched_time:2090108326247503
app_id: 0, app_name: pulse_doppler_api-aarch64, task_id: 53, task_name: DASH_FFT, resource_name: cpu3, ref_start_time: 2090108332464104, ref_stop_time: 2090108332496534, actual_exe_time: 32430, task_app_start_time:2090108129398151, task_sched_time:2090108332453754
app_id: 0, app_name: pulse_doppler_api-aarch64, task_id: 54, task_name: DASH_ZIP, resource_name: zip1, ref_start_time: 2090108333457944, ref_stop_time: 2090108333500154, actual_exe_time: 42210, task_app_start_time:2090108129398151, task_sched_time:2090108333450894
app_id: 0, app_name: pulse_doppler_api-aarch64, task_id: 55, task_name: DASH_FFT, resource_name: cpu1, ref_start_time: 2090108336327384, ref_stop_time: 2090108336353214, actual_exe_time: 25830, task_app_start_time:2090108129398151, task_sched_time:2090108336321684
app_id: 0, app_name: pulse_doppler_api-aarch64, task_id: 56, task_name: DASH_FFT, resource_name: cpu2, ref_start_time: 2090108340458355, ref_stop_time: 2090108340487365, actual_exe_time: 29010, task_app_start_time:2090108129398151, task_sched_time:2090108340453945
app_id: 0, app_name: pulse_doppler_api-aarch64, task_id: 57, task_name: DASH_FFT, resource_name: cpu3, ref_start_time: 2090108348358796, ref_stop_time: 2090108348389426, actual_exe_time: 30630, task_app_start_time:2090108129398151, task_sched_time:2090108348353966
app_id: 0, app_name: pulse_doppler_api-aarch64, task_id: 58, task_name: DASH_ZIP, resource_name: zip1, ref_start_time: 2090108352384527, ref_stop_time: 2090108352428237, actual_exe_time: 43710, task_app_start_time:2090108129398151, task_sched_time:2090108352376097
app_id: 0, app_name: pulse_doppler_api-aarch64, task_id: 59, task_name: DASH_FFT, resource_name: cpu1, ref_start_time: 2090108353978157, ref_stop_time: 2090108354005097, actual_exe_time: 26940, task_app_start_time:2090108129398151, task_sched_time:2090108353970807
app_id: 0, app_name: pulse_doppler_api-aarch64, task_id: 60, task_name: DASH_FFT, resource_name: cpu2, ref_start_time: 2090108360532408, ref_stop_time: 2090108360568468, actual_exe_time: 36060, task_app_start_time:2090108129398151, task_sched_time:2090108358262428
app_id: 0, app_name: pulse_doppler_api-aarch64, task_id: 61, task_name: DASH_FFT, resource_name: cpu3, ref_start_time: 2090108361209778, ref_stop_time: 2090108361233178, actual_exe_time: 23400, task_app_start_time:2090108129398151, task_sched_time:2090108361201108
app_id: 0, app_name: pulse_doppler_api-aarch64, task_id: 62, task_name: DASH_ZIP, resource_name: zip1, ref_start_time: 2090108364978469, ref_stop_time: 2090108365021099, actual_exe_time: 42630, task_app_start_time:2090108129398151, task_sched_time:2090108364973039
app_id: 0, app_name: pulse_doppler_api-aarch64, task_id: 63, task_name: DASH_FFT, resource_name: cpu1, ref_start_time: 2090108365774279, ref_stop_time: 2090108365798279, actual_exe_time: 24000, task_app_start_time:2090108129398151, task_sched_time:2090108365763539
app_id: 0, app_name: pulse_doppler_api-aarch64, task_id: 64, task_name: DASH_FFT, resource_name: cpu2, ref_start_time: 2090108368985900, ref_stop_time: 2090108369013890, actual_exe_time: 27990, task_app_start_time:2090108129398151, task_sched_time:2090108368981910
app_id: 0, app_name: pulse_doppler_api-aarch64, task_id: 65, task_name: DASH_FFT, resource_name: cpu3, ref_start_time: 2090108369935940, ref_stop_time: 2090108369958320, actual_exe_time: 22380, task_app_start_time:2090108129398151, task_sched_time:2090108369926790
app_id: 0, app_name: pulse_doppler_api-aarch64, task_id: 66, task_name: DASH_ZIP, resource_name: zip1, ref_start_time: 2090108373376310, ref_stop_time: 2090108373423050, actual_exe_time: 46740, task_app_start_time:2090108129398151, task_sched_time:2090108370617180
app_id: 0, app_name: pulse_doppler_api-aarch64, task_id: 67, task_name: DASH_FFT, resource_name: cpu1, ref_start_time: 2090108376247401, ref_stop_time: 2090108376279411, actual_exe_time: 32010, task_app_start_time:2090108129398151, task_sched_time:2090108374530231
app_id: 0, app_name: pulse_doppler_api-aarch64, task_id: 68, task_name: DASH_FFT, resource_name: cpu2, ref_start_time: 2090108377524681, ref_stop_time: 2090108377552041, actual_exe_time: 27360, task_app_start_time:2090108129398151, task_sched_time:2090108377516251
app_id: 0, app_name: pulse_doppler_api-aarch64, task_id: 69, task_name: DASH_FFT, resource_name: cpu3, ref_start_time: 2090108378057571, ref_stop_time: 2090108378080731, actual_exe_time: 23160, task_app_start_time:2090108129398151, task_sched_time:2090108378048691
app_id: 0, app_name: pulse_doppler_api-aarch64, task_id: 70, task_name: DASH_ZIP, resource_name: zip1, ref_start_time: 2090108378621691, ref_stop_time: 2090108378662821, actual_exe_time: 41130, task_app_start_time:2090108129398151, task_sched_time:2090108378615481
app_id: 0, app_name: pulse_doppler_api-aarch64, task_id: 71, task_name: DASH_FFT, resource_name: cpu1, ref_start_time: 2090108380256482, ref_stop_time: 2090108380281862, actual_exe_time: 25380, task_app_start_time:2090108129398151, task_sched_time:2090108379106941
app_id: 0, app_name: pulse_doppler_api-aarch64, task_id: 72, task_name: DASH_FFT, resource_name: cpu2, ref_start_time: 2090108381300212, ref_stop_time: 2090108381325412, actual_exe_time: 25200, task_app_start_time:2090108129398151, task_sched_time:2090108381293642
app_id: 0, app_name: pulse_doppler_api-aarch64, task_id: 73, task_name: DASH_FFT, resource_name: cpu3, ref_start_time: 2090108381713792, ref_stop_time: 2090108381734942, actual_exe_time: 21150, task_app_start_time:2090108129398151, task_sched_time:2090108381704792
app_id: 0, app_name: pulse_doppler_api-aarch64, task_id: 74, task_name: DASH_ZIP, resource_name: zip1, ref_start_time: 2090108382257422, ref_stop_time: 2090108382296992, actual_exe_time: 39570, task_app_start_time:2090108129398151, task_sched_time:2090108382250162
app_id: 0, app_name: pulse_doppler_api-aarch64, task_id: 75, task_name: DASH_FFT, resource_name: cpu1, ref_start_time: 2090108384251102, ref_stop_time: 2090108384276902, actual_exe_time: 25800, task_app_start_time:2090108129398151, task_sched_time:2090108382733042
app_id: 0, app_name: pulse_doppler_api-aarch64, task_id: 76, task_name: DASH_FFT, resource_name: cpu2, ref_start_time: 2090108385436162, ref_stop_time: 2090108385461212, actual_exe_time: 25050, task_app_start_time:2090108129398151, task_sched_time:2090108385431482
app_id: 0, app_name: pulse_doppler_api-aarch64, task_id: 77, task_name: DASH_FFT, resource_name: cpu3, ref_start_time: 2090108386261942, ref_stop_time: 2090108386282762, actual_exe_time: 20820, task_app_start_time:2090108129398151, task_sched_time:2090108386253632
app_id: 0, app_name: pulse_doppler_api-aarch64, task_id: 78, task_name: DASH_ZIP, resource_name: zip1, ref_start_time: 2090108387980553, ref_stop_time: 2090108388022223, actual_exe_time: 41670, task_app_start_time:2090108129398151, task_sched_time:2090108387975783
app_id: 0, app_name: pulse_doppler_api-aarch64, task_id: 79, task_name: DASH_FFT, resource_name: cpu1, ref_start_time: 2090108389121963, ref_stop_time: 2090108389149323, actual_exe_time: 27360, task_app_start_time:2090108129398151, task_sched_time:2090108389108493
app_id: 0, app_name: pulse_doppler_api-aarch64, task_id: 80, task_name: DASH_FFT, resource_name: cpu2, ref_start_time: 2090108390447393, ref_stop_time: 2090108390475473, actual_exe_time: 28080, task_app_start_time:2090108129398151, task_sched_time:2090108390438633
app_id: 0, app_name: pulse_doppler_api-aarch64, task_id: 81, task_name: DASH_FFT, resource_name: cpu3, ref_start_time: 2090108392322933, ref_stop_time: 2090108392350713, actual_exe_time: 27780, task_app_start_time:2090108129398151, task_sched_time:2090108391251723
app_id: 0, app_name: pulse_doppler_api-aarch64, task_id: 82, task_name: DASH_ZIP, resource_name: zip1, ref_start_time: 2090108393238114, ref_stop_time: 2090108393280444, actual_exe_time: 42330, task_app_start_time:2090108129398151, task_sched_time:2090108393232444
app_id: 0, app_name: pulse_doppler_api-aarch64, task_id: 83, task_name: DASH_FFT, resource_name: cpu1, ref_start_time: 2090108394131184, ref_stop_time: 2090108394154164, actual_exe_time: 22980, task_app_start_time:2090108129398151, task_sched_time:2090108394127344
app_id: 0, app_name: pulse_doppler_api-aarch64, task_id: 84, task_name: DASH_FFT, resource_name: cpu2, ref_start_time: 2090108395131654, ref_stop_time: 2090108395158384, actual_exe_time: 26730, task_app_start_time:2090108129398151, task_sched_time:2090108395128114
app_id: 0, app_name: pulse_doppler_api-aarch64, task_id: 85, task_name: DASH_FFT, resource_name: cpu3, ref_start_time: 2090108400279895, ref_stop_time: 2090108400312235, actual_exe_time: 32340, task_app_start_time:2090108129398151, task_sched_time:2090108395676844
app_id: 0, app_name: pulse_doppler_api-aarch64, task_id: 86, task_name: DASH_ZIP, resource_name: zip1, ref_start_time: 2090108400989155, ref_stop_time: 2090108401031545, actual_exe_time: 42390, task_app_start_time:2090108129398151, task_sched_time:2090108400985165
app_id: 0, app_name: pulse_doppler_api-aarch64, task_id: 87, task_name: DASH_FFT, resource_name: cpu1, ref_start_time: 2090108401491805, ref_stop_time: 2090108401515685, actual_exe_time: 23880, task_app_start_time:2090108129398151, task_sched_time:2090108401482655
app_id: 0, app_name: pulse_doppler_api-aarch64, task_id: 88, task_name: DASH_FFT, resource_name: cpu2, ref_start_time: 2090108402557645, ref_stop_time: 2090108402582635, actual_exe_time: 24990, task_app_start_time:2090108129398151, task_sched_time:2090108402548285
app_id: 0, app_name: pulse_doppler_api-aarch64, task_id: 89, task_name: DASH_FFT, resource_name: cpu3, ref_start_time: 2090108402962855, ref_stop_time: 2090108402983975, actual_exe_time: 21120, task_app_start_time:2090108129398151, task_sched_time:2090108402956135
app_id: 0, app_name: pulse_doppler_api-aarch64, task_id: 90, task_name: DASH_ZIP, resource_name: zip1, ref_start_time: 2090108403464995, ref_stop_time: 2090108403504415, actual_exe_time: 39420, task_app_start_time:2090108129398151, task_sched_time:2090108403459805
app_id: 0, app_name: pulse_doppler_api-aarch64, task_id: 91, task_name: DASH_FFT, resource_name: cpu1, ref_start_time: 2090108403907675, ref_stop_time: 2090108403929425, actual_exe_time: 21750, task_app_start_time:2090108129398151, task_sched_time:2090108403900385
app_id: 0, app_name: pulse_doppler_api-aarch64, task_id: 92, task_name: DASH_FFT, resource_name: cpu2, ref_start_time: 2090108405157746, ref_stop_time: 2090108405184476, actual_exe_time: 26730, task_app_start_time:2090108129398151, task_sched_time:2090108405148446
app_id: 0, app_name: pulse_doppler_api-aarch64, task_id: 93, task_name: DASH_FFT, resource_name: cpu3, ref_start_time: 2090108406647696, ref_stop_time: 2090108406673676, actual_exe_time: 25980, task_app_start_time:2090108129398151, task_sched_time:2090108405776676
app_id: 0, app_name: pulse_doppler_api-aarch64, task_id: 94, task_name: DASH_ZIP, resource_name: zip1, ref_start_time: 2090108412847077, ref_stop_time: 2090108412898437, actual_exe_time: 51360, task_app_start_time:2090108129398151, task_sched_time:2090108412839457
app_id: 0, app_name: pulse_doppler_api-aarch64, task_id: 95, task_name: DASH_FFT, resource_name: cpu1, ref_start_time: 2090108413843497, ref_stop_time: 2090108413869027, actual_exe_time: 25530, task_app_start_time:2090108129398151, task_sched_time:2090108413835397
app_id: 0, app_name: pulse_doppler_api-aarch64, task_id: 96, task_name: DASH_FFT, resource_name: cpu2, ref_start_time: 2090108420701378, ref_stop_time: 2090108420732098, actual_exe_time: 30720, task_app_start_time:2090108129398151, task_sched_time:2090108420694028
app_id: 0, app_name: pulse_doppler_api-aarch64, task_id: 97, task_name: DASH_FFT, resource_name: cpu3, ref_start_time: 2090108421673828, ref_stop_time: 2090108421697378, actual_exe_time: 23550, task_app_start_time:2090108129398151, task_sched_time:2090108421669118
app_id: 0, app_name: pulse_doppler_api-aarch64, task_id: 98, task_name: DASH_ZIP, resource_name: zip1, ref_start_time: 2090108423992259, ref_stop_time: 2090108424034469, actual_exe_time: 42210, task_app_start_time:2090108129398151, task_sched_time:2090108423986169
app_id: 0, app_name: pulse_doppler_api-aarch64, task_id: 99, task_name: DASH_FFT, resource_name: cpu1, ref_start_time: 2090108428436639, ref_stop_time: 2090108428467299, actual_exe_time: 30660, task_app_start_time:2090108129398151, task_sched_time:2090108428432379
app_id: 0, app_name: pulse_doppler_api-aarch64, task_id: 100, task_name: DASH_FFT, resource_name: cpu2, ref_start_time: 2090108432772330, ref_stop_time: 2090108432805390, actual_exe_time: 33060, task_app_start_time:2090108129398151, task_sched_time:2090108432764080
app_id: 0, app_name: pulse_doppler_api-aarch64, task_id: 101, task_name: DASH_FFT, resource_name: cpu3, ref_start_time: 2090108436616081, ref_stop_time: 2090108436642841, actual_exe_time: 26760, task_app_start_time:2090108129398151, task_sched_time:2090108436612361
app_id: 0, app_name: pulse_doppler_api-aarch64, task_id: 102, task_name: DASH_ZIP, resource_name: zip1, ref_start_time: 2090108437425571, ref_stop_time: 2090108437467211, actual_exe_time: 41640, task_app_start_time:2090108129398151, task_sched_time:2090108437416751
app_id: 0, app_name: pulse_doppler_api-aarch64, task_id: 103, task_name: DASH_FFT, resource_name: cpu1, ref_start_time: 2090108440735351, ref_stop_time: 2090108440760281, actual_exe_time: 24930, task_app_start_time:2090108129398151, task_sched_time:2090108440731901
app_id: 0, app_name: pulse_doppler_api-aarch64, task_id: 104, task_name: DASH_FFT, resource_name: cpu2, ref_start_time: 2090108442746282, ref_stop_time: 2090108442775682, actual_exe_time: 29400, task_app_start_time:2090108129398151, task_sched_time:2090108442736082
app_id: 0, app_name: pulse_doppler_api-aarch64, task_id: 105, task_name: DASH_FFT, resource_name: cpu3, ref_start_time: 2090108443522232, ref_stop_time: 2090108443544372, actual_exe_time: 22140, task_app_start_time:2090108129398151, task_sched_time:2090108443516622
app_id: 0, app_name: pulse_doppler_api-aarch64, task_id: 106, task_name: DASH_ZIP, resource_name: zip1, ref_start_time: 2090108444956922, ref_stop_time: 2090108445001592, actual_exe_time: 44670, task_app_start_time:2090108129398151, task_sched_time:2090108444952032
app_id: 0, app_name: pulse_doppler_api-aarch64, task_id: 107, task_name: DASH_FFT, resource_name: cpu1, ref_start_time: 2090108446676912, ref_stop_time: 2090108446708442, actual_exe_time: 31530, task_app_start_time:2090108129398151, task_sched_time:2090108446115762
app_id: 0, app_name: pulse_doppler_api-aarch64, task_id: 108, task_name: DASH_FFT, resource_name: cpu2, ref_start_time: 2090108452586463, ref_stop_time: 2090108452619043, actual_exe_time: 32580, task_app_start_time:2090108129398151, task_sched_time:2090108452578453
app_id: 0, app_name: pulse_doppler_api-aarch64, task_id: 109, task_name: DASH_FFT, resource_name: cpu3, ref_start_time: 2090108453073333, ref_stop_time: 2090108453097093, actual_exe_time: 23760, task_app_start_time:2090108129398151, task_sched_time:2090108453069823
app_id: 0, app_name: pulse_doppler_api-aarch64, task_id: 110, task_name: DASH_ZIP, resource_name: zip1, ref_start_time: 2090108453691843, ref_stop_time: 2090108453733423, actual_exe_time: 41580, task_app_start_time:2090108129398151, task_sched_time:2090108453651853
app_id: 0, app_name: pulse_doppler_api-aarch64, task_id: 111, task_name: DASH_FFT, resource_name: cpu1, ref_start_time: 2090108454303843, ref_stop_time: 2090108454326973, actual_exe_time: 23130, task_app_start_time:2090108129398151, task_sched_time:2090108454290133
app_id: 0, app_name: pulse_doppler_api-aarch64, task_id: 112, task_name: DASH_FFT, resource_name: cpu2, ref_start_time: 2090108455282444, ref_stop_time: 2090108455306984, actual_exe_time: 24540, task_app_start_time:2090108129398151, task_sched_time:2090108455277164
app_id: 0, app_name: pulse_doppler_api-aarch64, task_id: 113, task_name: DASH_FFT, resource_name: cpu3, ref_start_time: 2090108456798134, ref_stop_time: 2090108456822344, actual_exe_time: 24210, task_app_start_time:2090108129398151, task_sched_time:2090108456788354
app_id: 0, app_name: pulse_doppler_api-aarch64, task_id: 114, task_name: DASH_ZIP, resource_name: zip1, ref_start_time: 2090108459694814, ref_stop_time: 2090108459739694, actual_exe_time: 44880, task_app_start_time:2090108129398151, task_sched_time:2090108459686744
app_id: 0, app_name: pulse_doppler_api-aarch64, task_id: 115, task_name: DASH_FFT, resource_name: cpu1, ref_start_time: 2090108464533095, ref_stop_time: 2090108464562615, actual_exe_time: 29520, task_app_start_time:2090108129398151, task_sched_time:2090108464527725
app_id: 0, app_name: pulse_doppler_api-aarch64, task_id: 116, task_name: DASH_FFT, resource_name: cpu2, ref_start_time: 2090108468435496, ref_stop_time: 2090108468465166, actual_exe_time: 29670, task_app_start_time:2090108129398151, task_sched_time:2090108468428566
app_id: 0, app_name: pulse_doppler_api-aarch64, task_id: 117, task_name: DASH_FFT, resource_name: cpu3, ref_start_time: 2090108472529926, ref_stop_time: 2090108472557796, actual_exe_time: 27870, task_app_start_time:2090108129398151, task_sched_time:2090108472520026
app_id: 0, app_name: pulse_doppler_api-aarch64, task_id: 118, task_name: DASH_ZIP, resource_name: zip1, ref_start_time: 2090108474658847, ref_stop_time: 2090108474702677, actual_exe_time: 43830, task_app_start_time:2090108129398151, task_sched_time:2090108474654767
app_id: 0, app_name: pulse_doppler_api-aarch64, task_id: 119, task_name: DASH_FFT, resource_name: cpu1, ref_start_time: 2090108476563007, ref_stop_time: 2090108476591597, actual_exe_time: 28590, task_app_start_time:2090108129398151, task_sched_time:2090108476550917
app_id: 0, app_name: pulse_doppler_api-aarch64, task_id: 120, task_name: DASH_FFT, resource_name: cpu2, ref_start_time: 2090108480485988, ref_stop_time: 2090108480517638, actual_exe_time: 31650, task_app_start_time:2090108129398151, task_sched_time:2090108480481398
app_id: 0, app_name: pulse_doppler_api-aarch64, task_id: 121, task_name: DASH_FFT, resource_name: cpu3, ref_start_time: 2090108484685988, ref_stop_time: 2090108484867968, actual_exe_time: 181980, task_app_start_time:2090108129398151, task_sched_time:2090108484653948
app_id: 0, app_name: pulse_doppler_api-aarch64, task_id: 122, task_name: DASH_ZIP, resource_name: zip1, ref_start_time: 2090108488698639, ref_stop_time: 2090108488743189, actual_exe_time: 44550, task_app_start_time:2090108129398151, task_sched_time:2090108488642059
app_id: 0, app_name: pulse_doppler_api-aarch64, task_id: 123, task_name: DASH_FFT, resource_name: cpu1, ref_start_time: 2090108490617619, ref_stop_time: 2090108490644499, actual_exe_time: 26880, task_app_start_time:2090108129398151, task_sched_time:2090108490612129
app_id: 0, app_name: pulse_doppler_api-aarch64, task_id: 124, task_name: DASH_FFT, resource_name: cpu2, ref_start_time: 2090108492667700, ref_stop_time: 2090108492697640, actual_exe_time: 29940, task_app_start_time:2090108129398151, task_sched_time:2090108492662660
app_id: 0, app_name: pulse_doppler_api-aarch64, task_id: 125, task_name: DASH_FFT, resource_name: cpu3, ref_start_time: 2090108496015070, ref_stop_time: 2090108496044500, actual_exe_time: 29430, task_app_start_time:2090108129398151, task_sched_time:2090108496002290
app_id: 0, app_name: pulse_doppler_api-aarch64, task_id: 126, task_name: DASH_ZIP, resource_name: zip1, ref_start_time: 2090108500287761, ref_stop_time: 2090108500336901, actual_exe_time: 49140, task_app_start_time:2090108129398151, task_sched_time:2090108496668500
app_id: 0, app_name: pulse_doppler_api-aarch64, task_id: 127, task_name: DASH_FFT, resource_name: cpu1, ref_start_time: 2090108504435412, ref_stop_time: 2090108504463282, actual_exe_time: 27870, task_app_start_time:2090108129398151, task_sched_time:2090108504431212
app_id: 0, app_name: pulse_doppler_api-aarch64, task_id: 128, task_name: DASH_FFT, resource_name: cpu2, ref_start_time: 2090108509818402, ref_stop_time: 2090108509855362, actual_exe_time: 36960, task_app_start_time:2090108129398151, task_sched_time:2090108506688052
app_id: 0, app_name: pulse_doppler_api-aarch64, task_id: 129, task_name: DASH_FFT, resource_name: cpu3, ref_start_time: 2090108512729633, ref_stop_time: 2090108512760233, actual_exe_time: 30600, task_app_start_time:2090108129398151, task_sched_time:2090108512493683
app_id: 0, app_name: pulse_doppler_api-aarch64, task_id: 130, task_name: DASH_ZIP, resource_name: zip1, ref_start_time: 2090108516677243, ref_stop_time: 2090108516720503, actual_exe_time: 43260, task_app_start_time:2090108129398151, task_sched_time:2090108516673103
app_id: 0, app_name: pulse_doppler_api-aarch64, task_id: 131, task_name: DASH_FFT, resource_name: cpu1, ref_start_time: 2090108519428814, ref_stop_time: 2090108519454794, actual_exe_time: 25980, task_app_start_time:2090108129398151, task_sched_time:2090108519419484
app_id: 0, app_name: pulse_doppler_api-aarch64, task_id: 132, task_name: DASH_FFT, resource_name: cpu2, ref_start_time: 2090108520688544, ref_stop_time: 2090108520716084, actual_exe_time: 27540, task_app_start_time:2090108129398151, task_sched_time:2090108520679064
app_id: 0, app_name: pulse_doppler_api-aarch64, task_id: 133, task_name: DASH_FFT, resource_name: cpu3, ref_start_time: 2090108524609575, ref_stop_time: 2090108524644675, actual_exe_time: 35100, task_app_start_time:2090108129398151, task_sched_time:2090108524603395
app_id: 0, app_name: pulse_doppler_api-aarch64, task_id: 134, task_name: DASH_ZIP, resource_name: zip1, ref_start_time: 2090108525655855, ref_stop_time: 2090108525700555, actual_exe_time: 44700, task_app_start_time:2090108129398151, task_sched_time:2090108525649375
app_id: 0, app_name: pulse_doppler_api-aarch64, task_id: 135, task_name: DASH_FFT, resource_name: cpu1, ref_start_time: 2090108532427666, ref_stop_time: 2090108532459406, actual_exe_time: 31740, task_app_start_time:2090108129398151, task_sched_time:2090108532393136
app_id: 0, app_name: pulse_doppler_api-aarch64, task_id: 136, task_name: DASH_FFT, resource_name: cpu2, ref_start_time: 2090108535159886, ref_stop_time: 2090108535189316, actual_exe_time: 29430, task_app_start_time:2090108129398151, task_sched_time:2090108535152896
app_id: 0, app_name: pulse_doppler_api-aarch64, task_id: 137, task_name: DASH_FFT, resource_name: cpu3, ref_start_time: 2090108536038857, ref_stop_time: 2090108536064447, actual_exe_time: 25590, task_app_start_time:2090108129398151, task_sched_time:2090108536034417
app_id: 0, app_name: pulse_doppler_api-aarch64, task_id: 138, task_name: DASH_ZIP, resource_name: zip1, ref_start_time: 2090108540464187, ref_stop_time: 2090108540512787, actual_exe_time: 48600, task_app_start_time:2090108129398151, task_sched_time:2090108540455937
app_id: 0, app_name: pulse_doppler_api-aarch64, task_id: 139, task_name: DASH_FFT, resource_name: cpu1, ref_start_time: 2090108544379848, ref_stop_time: 2090108544411828, actual_exe_time: 31980, task_app_start_time:2090108129398151, task_sched_time:2090108544371238
app_id: 0, app_name: pulse_doppler_api-aarch64, task_id: 140, task_name: DASH_FFT, resource_name: cpu2, ref_start_time: 2090108549994439, ref_stop_time: 2090108550028879, actual_exe_time: 34440, task_app_start_time:2090108129398151, task_sched_time:2090108549986219
app_id: 0, app_name: pulse_doppler_api-aarch64, task_id: 141, task_name: DASH_FFT, resource_name: cpu3, ref_start_time: 2090108553072529, ref_stop_time: 2090108553110299, actual_exe_time: 37770, task_app_start_time:2090108129398151, task_sched_time:2090108553012529
app_id: 0, app_name: pulse_doppler_api-aarch64, task_id: 142, task_name: DASH_ZIP, resource_name: zip1, ref_start_time: 2090108560373991, ref_stop_time: 2090108560419651, actual_exe_time: 45660, task_app_start_time:2090108129398151, task_sched_time:2090108560366431
app_id: 0, app_name: pulse_doppler_api-aarch64, task_id: 143, task_name: DASH_FFT, resource_name: cpu1, ref_start_time: 2090108562861261, ref_stop_time: 2090108562889821, actual_exe_time: 28560, task_app_start_time:2090108129398151, task_sched_time:2090108562851481
app_id: 0, app_name: pulse_doppler_api-aarch64, task_id: 144, task_name: DASH_FFT, resource_name: cpu2, ref_start_time: 2090108564630601, ref_stop_time: 2090108564764251, actual_exe_time: 133650, task_app_start_time:2090108129398151, task_sched_time:2090108564624271
app_id: 0, app_name: pulse_doppler_api-aarch64, task_id: 145, task_name: DASH_FFT, resource_name: cpu3, ref_start_time: 2090108568435442, ref_stop_time: 2090108568472162, actual_exe_time: 36720, task_app_start_time:2090108129398151, task_sched_time:2090108568423682
app_id: 0, app_name: pulse_doppler_api-aarch64, task_id: 146, task_name: DASH_ZIP, resource_name: zip1, ref_start_time: 2090108572803713, ref_stop_time: 2090108572849223, actual_exe_time: 45510, task_app_start_time:2090108129398151, task_sched_time:2090108572793663
app_id: 0, app_name: pulse_doppler_api-aarch64, task_id: 147, task_name: DASH_FFT, resource_name: cpu1, ref_start_time: 2090108576733863, ref_stop_time: 2090108576764313, actual_exe_time: 30450, task_app_start_time:2090108129398151, task_sched_time:2090108576682983
app_id: 0, app_name: pulse_doppler_api-aarch64, task_id: 148, task_name: DASH_FFT, resource_name: cpu2, ref_start_time: 2090108578235663, ref_stop_time: 2090108578264403, actual_exe_time: 28740, task_app_start_time:2090108129398151, task_sched_time:2090108578229033
app_id: 0, app_name: pulse_doppler_api-aarch64, task_id: 149, task_name: DASH_FFT, resource_name: cpu3, ref_start_time: 2090108584666764, ref_stop_time: 2090108584700634, actual_exe_time: 33870, task_app_start_time:2090108129398151, task_sched_time:2090108584660494
app_id: 0, app_name: pulse_doppler_api-aarch64, task_id: 150, task_name: DASH_ZIP, resource_name: zip1, ref_start_time: 2090108585273845, ref_stop_time: 2090108585316775, actual_exe_time: 42930, task_app_start_time:2090108129398151, task_sched_time:2090108585270065
app_id: 0, app_name: pulse_doppler_api-aarch64, task_id: 151, task_name: DASH_FFT, resource_name: cpu1, ref_start_time: 2090108588644615, ref_stop_time: 2090108588672755, actual_exe_time: 28140, task_app_start_time:2090108129398151, task_sched_time:2090108588628985
app_id: 0, app_name: pulse_doppler_api-aarch64, task_id: 152, task_name: DASH_FFT, resource_name: cpu2, ref_start_time: 2090108591999066, ref_stop_time: 2090108592030416, actual_exe_time: 31350, task_app_start_time:2090108129398151, task_sched_time:2090108591834126
app_id: 0, app_name: pulse_doppler_api-aarch64, task_id: 153, task_name: DASH_FFT, resource_name: cpu3, ref_start_time: 2090108596497356, ref_stop_time: 2090108596533446, actual_exe_time: 36090, task_app_start_time:2090108129398151, task_sched_time:2090108596490006
app_id: 0, app_name: pulse_doppler_api-aarch64, task_id: 154, task_name: DASH_ZIP, resource_name: zip1, ref_start_time: 2090108600276757, ref_stop_time: 2090108600325387, actual_exe_time: 48630, task_app_start_time:2090108129398151, task_sched_time:2090108600268657
app_id: 0, app_name: pulse_doppler_api-aarch64, task_id: 155, task_name: DASH_FFT, resource_name: cpu1, ref_start_time: 2090108600830347, ref_stop_time: 2090108600857767, actual_exe_time: 27420, task_app_start_time:2090108129398151, task_sched_time:2090108600791497
app_id: 0, app_name: pulse_doppler_api-aarch64, task_id: 156, task_name: DASH_FFT, resource_name: cpu2, ref_start_time: 2090108605730398, ref_stop_time: 2090108605763008, actual_exe_time: 32610, task_app_start_time:2090108129398151, task_sched_time:2090108605534618
app_id: 0, app_name: pulse_doppler_api-aarch64, task_id: 157, task_name: DASH_FFT, resource_name: cpu3, ref_start_time: 2090108606352328, ref_stop_time: 2090108606381698, actual_exe_time: 29370, task_app_start_time:2090108129398151, task_sched_time:2090108606346958
app_id: 0, app_name: pulse_doppler_api-aarch64, task_id: 158, task_name: DASH_ZIP, resource_name: zip1, ref_start_time: 2090108612694809, ref_stop_time: 2090108613104879, actual_exe_time: 410070, task_app_start_time:2090108129398151, task_sched_time:2090108612689859
app_id: 0, app_name: pulse_doppler_api-aarch64, task_id: 159, task_name: DASH_FFT, resource_name: cpu1, ref_start_time: 2090108616680010, ref_stop_time: 2090108616710460, actual_exe_time: 30450, task_app_start_time:2090108129398151, task_sched_time:2090108616641970
app_id: 0, app_name: pulse_doppler_api-aarch64, task_id: 160, task_name: DASH_FFT, resource_name: cpu2, ref_start_time: 2090108619697470, ref_stop_time: 2090108619728640, actual_exe_time: 31170, task_app_start_time:2090108129398151, task_sched_time:2090108619543510
app_id: 0, app_name: pulse_doppler_api-aarch64, task_id: 161, task_name: DASH_FFT, resource_name: cpu3, ref_start_time: 2090108624327761, ref_stop_time: 2090108624362921, actual_exe_time: 35160, task_app_start_time:2090108129398151, task_sched_time:2090108624319061
app_id: 0, app_name: pulse_doppler_api-aarch64, task_id: 162, task_name: DASH_ZIP, resource_name: zip1, ref_start_time: 2090108628504241, ref_stop_time: 2090108628551311, actual_exe_time: 47070, task_app_start_time:2090108129398151, task_sched_time:2090108628498511
app_id: 0, app_name: pulse_doppler_api-aarch64, task_id: 163, task_name: DASH_FFT, resource_name: cpu1, ref_start_time: 2090108629046282, ref_stop_time: 2090108629074692, actual_exe_time: 28410, task_app_start_time:2090108129398151, task_sched_time:2090108629014842
app_id: 0, app_name: pulse_doppler_api-aarch64, task_id: 164, task_name: DASH_FFT, resource_name: cpu2, ref_start_time: 2090108632820972, ref_stop_time: 2090108632851032, actual_exe_time: 30060, task_app_start_time:2090108129398151, task_sched_time:2090108632815242
app_id: 0, app_name: pulse_doppler_api-aarch64, task_id: 165, task_name: DASH_FFT, resource_name: cpu3, ref_start_time: 2090108633717252, ref_stop_time: 2090108633742662, actual_exe_time: 25410, task_app_start_time:2090108129398151, task_sched_time:2090108633710652
app_id: 0, app_name: pulse_doppler_api-aarch64, task_id: 166, task_name: DASH_ZIP, resource_name: zip1, ref_start_time: 2090108640635433, ref_stop_time: 2090108640816303, actual_exe_time: 180870, task_app_start_time:2090108129398151, task_sched_time:2090108640627093
app_id: 0, app_name: pulse_doppler_api-aarch64, task_id: 167, task_name: DASH_FFT, resource_name: cpu1, ref_start_time: 2090108641323274, ref_stop_time: 2090108641349974, actual_exe_time: 26700, task_app_start_time:2090108129398151, task_sched_time:2090108641311364
app_id: 0, app_name: pulse_doppler_api-aarch64, task_id: 168, task_name: DASH_FFT, resource_name: cpu2, ref_start_time: 2090108642050174, ref_stop_time: 2090108642077714, actual_exe_time: 27540, task_app_start_time:2090108129398151, task_sched_time:2090108642036974
app_id: 0, app_name: pulse_doppler_api-aarch64, task_id: 169, task_name: DASH_FFT, resource_name: cpu3, ref_start_time: 2090108647499225, ref_stop_time: 2090108647527455, actual_exe_time: 28230, task_app_start_time:2090108129398151, task_sched_time:2090108647492445
app_id: 0, app_name: pulse_doppler_api-aarch64, task_id: 170, task_name: DASH_ZIP, resource_name: zip1, ref_start_time: 2090108648663675, ref_stop_time: 2090108648705375, actual_exe_time: 41700, task_app_start_time:2090108129398151, task_sched_time:2090108648657405
app_id: 0, app_name: pulse_doppler_api-aarch64, task_id: 171, task_name: DASH_FFT, resource_name: cpu1, ref_start_time: 2090108652707045, ref_stop_time: 2090108652738545, actual_exe_time: 31500, task_app_start_time:2090108129398151, task_sched_time:2090108652701135
app_id: 0, app_name: pulse_doppler_api-aarch64, task_id: 172, task_name: DASH_FFT, resource_name: cpu2, ref_start_time: 2090108656255596, ref_stop_time: 2090108656289916, actual_exe_time: 34320, task_app_start_time:2090108129398151, task_sched_time:2090108653505586
app_id: 0, app_name: pulse_doppler_api-aarch64, task_id: 173, task_name: DASH_FFT, resource_name: cpu3, ref_start_time: 2090108656875636, ref_stop_time: 2090108656898226, actual_exe_time: 22590, task_app_start_time:2090108129398151, task_sched_time:2090108656870266
app_id: 0, app_name: pulse_doppler_api-aarch64, task_id: 174, task_name: DASH_ZIP, resource_name: zip1, ref_start_time: 2090108660891887, ref_stop_time: 2090108660934337, actual_exe_time: 42450, task_app_start_time:2090108129398151, task_sched_time:2090108660886217
app_id: 0, app_name: pulse_doppler_api-aarch64, task_id: 175, task_name: DASH_FFT, resource_name: cpu1, ref_start_time: 2090108663363467, ref_stop_time: 2090108663392717, actual_exe_time: 29250, task_app_start_time:2090108129398151, task_sched_time:2090108663358877
app_id: 0, app_name: pulse_doppler_api-aarch64, task_id: 176, task_name: DASH_FFT, resource_name: cpu2, ref_start_time: 2090108664343747, ref_stop_time: 2090108664499057, actual_exe_time: 155310, task_app_start_time:2090108129398151, task_sched_time:2090108664339817
app_id: 0, app_name: pulse_doppler_api-aarch64, task_id: 177, task_name: DASH_FFT, resource_name: cpu3, ref_start_time: 2090108668791608, ref_stop_time: 2090108668825478, actual_exe_time: 33870, task_app_start_time:2090108129398151, task_sched_time:2090108668784168
app_id: 0, app_name: pulse_doppler_api-aarch64, task_id: 178, task_name: DASH_ZIP, resource_name: zip1, ref_start_time: 2090108672599329, ref_stop_time: 2090108672644719, actual_exe_time: 45390, task_app_start_time:2090108129398151, task_sched_time:2090108672593419
app_id: 0, app_name: pulse_doppler_api-aarch64, task_id: 179, task_name: DASH_FFT, resource_name: cpu1, ref_start_time: 2090108676336909, ref_stop_time: 2090108676365649, actual_exe_time: 28740, task_app_start_time:2090108129398151, task_sched_time:2090108676331929
app_id: 0, app_name: pulse_doppler_api-aarch64, task_id: 180, task_name: DASH_FFT, resource_name: cpu2, ref_start_time: 2090108678699230, ref_stop_time: 2090108678728540, actual_exe_time: 29310, task_app_start_time:2090108129398151, task_sched_time:2090108678633920
app_id: 0, app_name: pulse_doppler_api-aarch64, task_id: 181, task_name: DASH_FFT, resource_name: cpu3, ref_start_time: 2090108682271870, ref_stop_time: 2090108682303070, actual_exe_time: 31200, task_app_start_time:2090108129398151, task_sched_time:2090108679350710
app_id: 0, app_name: pulse_doppler_api-aarch64, task_id: 182, task_name: DASH_ZIP, resource_name: zip1, ref_start_time: 2090108688845441, ref_stop_time: 2090108688894341, actual_exe_time: 48900, task_app_start_time:2090108129398151, task_sched_time:2090108688839531
app_id: 0, app_name: pulse_doppler_api-aarch64, task_id: 183, task_name: DASH_FFT, resource_name: cpu1, ref_start_time: 2090108689365851, ref_stop_time: 2090108689393031, actual_exe_time: 27180, task_app_start_time:2090108129398151, task_sched_time:2090108689356521
app_id: 0, app_name: pulse_doppler_api-aarch64, task_id: 184, task_name: DASH_FFT, resource_name: cpu2, ref_start_time: 2090108692811202, ref_stop_time: 2090108692840482, actual_exe_time: 29280, task_app_start_time:2090108129398151, task_sched_time:2090108692803762
app_id: 0, app_name: pulse_doppler_api-aarch64, task_id: 185, task_name: DASH_FFT, resource_name: cpu3, ref_start_time: 2090108696315292, ref_stop_time: 2090108696350662, actual_exe_time: 35370, task_app_start_time:2090108129398151, task_sched_time:2090108696307222
app_id: 0, app_name: pulse_doppler_api-aarch64, task_id: 186, task_name: DASH_ZIP, resource_name: zip1, ref_start_time: 2090108700913333, ref_stop_time: 2090108700963343, actual_exe_time: 50010, task_app_start_time:2090108129398151, task_sched_time:2090108700907843
app_id: 0, app_name: pulse_doppler_api-aarch64, task_id: 187, task_name: DASH_FFT, resource_name: cpu1, ref_start_time: 2090108704479164, ref_stop_time: 2090108704507844, actual_exe_time: 28680, task_app_start_time:2090108129398151, task_sched_time:2090108704472744
app_id: 0, app_name: pulse_doppler_api-aarch64, task_id: 188, task_name: DASH_FFT, resource_name: cpu2, ref_start_time: 2090108707235624, ref_stop_time: 2090108707263164, actual_exe_time: 27540, task_app_start_time:2090108129398151, task_sched_time:2090108707211714
app_id: 0, app_name: pulse_doppler_api-aarch64, task_id: 189, task_name: DASH_FFT, resource_name: cpu3, ref_start_time: 2090108712517995, ref_stop_time: 2090108712556155, actual_exe_time: 38160, task_app_start_time:2090108129398151, task_sched_time:2090108712507075
app_id: 0, app_name: pulse_doppler_api-aarch64, task_id: 190, task_name: DASH_ZIP, resource_name: zip1, ref_start_time: 2090108713108635, ref_stop_time: 2090108713153875, actual_exe_time: 45240, task_app_start_time:2090108129398151, task_sched_time:2090108713100625
app_id: 0, app_name: pulse_doppler_api-aarch64, task_id: 191, task_name: DASH_FFT, resource_name: cpu1, ref_start_time: 2090108716490326, ref_stop_time: 2090108716518886, actual_exe_time: 28560, task_app_start_time:2090108129398151, task_sched_time:2090108716485046
app_id: 0, app_name: pulse_doppler_api-aarch64, task_id: 192, task_name: DASH_FFT, resource_name: cpu2, ref_start_time: 2090108721190096, ref_stop_time: 2090108721216706, actual_exe_time: 26610, task_app_start_time:2090108129398151, task_sched_time:2090108721186886
app_id: 0, app_name: pulse_doppler_api-aarch64, task_id: 193, task_name: DASH_FFT, resource_name: cpu3, ref_start_time: 2090108722300937, ref_stop_time: 2090108722329347, actual_exe_time: 28410, task_app_start_time:2090108129398151, task_sched_time:2090108722297007
app_id: 0, app_name: pulse_doppler_api-aarch64, task_id: 194, task_name: DASH_ZIP, resource_name: zip1, ref_start_time: 2090108724443987, ref_stop_time: 2090108724491267, actual_exe_time: 47280, task_app_start_time:2090108129398151, task_sched_time:2090108724437327
app_id: 0, app_name: pulse_doppler_api-aarch64, task_id: 195, task_name: DASH_FFT, resource_name: cpu1, ref_start_time: 2090108728912788, ref_stop_time: 2090108728942848, actual_exe_time: 30060, task_app_start_time:2090108129398151, task_sched_time:2090108728897578
app_id: 0, app_name: pulse_doppler_api-aarch64, task_id: 196, task_name: DASH_FFT, resource_name: cpu2, ref_start_time: 2090108732962848, ref_stop_time: 2090108732989998, actual_exe_time: 27150, task_app_start_time:2090108129398151, task_sched_time:2090108732954418
app_id: 0, app_name: pulse_doppler_api-aarch64, task_id: 197, task_name: DASH_FFT, resource_name: cpu3, ref_start_time: 2090108736389989, ref_stop_time: 2090108736418699, actual_exe_time: 28710, task_app_start_time:2090108129398151, task_sched_time:2090108736381469
app_id: 0, app_name: pulse_doppler_api-aarch64, task_id: 198, task_name: DASH_ZIP, resource_name: zip1, ref_start_time: 2090108737408189, ref_stop_time: 2090108737454839, actual_exe_time: 46650, task_app_start_time:2090108129398151, task_sched_time:2090108737401169
app_id: 0, app_name: pulse_doppler_api-aarch64, task_id: 199, task_name: DASH_FFT, resource_name: cpu1, ref_start_time: 2090108740495310, ref_stop_time: 2090108740528220, actual_exe_time: 32910, task_app_start_time:2090108129398151, task_sched_time:2090108740481630
app_id: 0, app_name: pulse_doppler_api-aarch64, task_id: 200, task_name: DASH_FFT, resource_name: cpu2, ref_start_time: 2090108744728520, ref_stop_time: 2090108744761010, actual_exe_time: 32490, task_app_start_time:2090108129398151, task_sched_time:2090108744717720
app_id: 0, app_name: pulse_doppler_api-aarch64, task_id: 201, task_name: DASH_FFT, resource_name: cpu3, ref_start_time: 2090108748310071, ref_stop_time: 2090108748339141, actual_exe_time: 29070, task_app_start_time:2090108129398151, task_sched_time:2090108748300801
app_id: 0, app_name: pulse_doppler_api-aarch64, task_id: 202, task_name: DASH_ZIP, resource_name: zip1, ref_start_time: 2090108751861471, ref_stop_time: 2090108751908331, actual_exe_time: 46860, task_app_start_time:2090108129398151, task_sched_time:2090108751852891
app_id: 0, app_name: pulse_doppler_api-aarch64, task_id: 203, task_name: DASH_FFT, resource_name: cpu1, ref_start_time: 2090108752193631, ref_stop_time: 2090108752233981, actual_exe_time: 40350, task_app_start_time:2090108129398151, task_sched_time:2090108752112451
app_id: 0, app_name: pulse_doppler_api-aarch64, task_id: 204, task_name: DASH_FFT, resource_name: cpu2, ref_start_time: 2090108756106262, ref_stop_time: 2090108756140612, actual_exe_time: 34350, task_app_start_time:2090108129398151, task_sched_time:2090108753176672
app_id: 0, app_name: pulse_doppler_api-aarch64, task_id: 205, task_name: DASH_FFT, resource_name: cpu3, ref_start_time: 2090108760650453, ref_stop_time: 2090108760683513, actual_exe_time: 33060, task_app_start_time:2090108129398151, task_sched_time:2090108760642563
app_id: 0, app_name: pulse_doppler_api-aarch64, task_id: 206, task_name: DASH_ZIP, resource_name: zip1, ref_start_time: 2090108761210223, ref_stop_time: 2090108761254593, actual_exe_time: 44370, task_app_start_time:2090108129398151, task_sched_time:2090108761205093
app_id: 0, app_name: pulse_doppler_api-aarch64, task_id: 207, task_name: DASH_FFT, resource_name: cpu1, ref_start_time: 2090108761640633, ref_stop_time: 2090108761664663, actual_exe_time: 24030, task_app_start_time:2090108129398151, task_sched_time:2090108761628753
app_id: 0, app_name: pulse_doppler_api-aarch64, task_id: 208, task_name: DASH_FFT, resource_name: cpu2, ref_start_time: 2090108766046254, ref_stop_time: 2090108766074304, actual_exe_time: 28050, task_app_start_time:2090108129398151, task_sched_time:2090108765846934
app_id: 0, app_name: pulse_doppler_api-aarch64, task_id: 209, task_name: DASH_FFT, resource_name: cpu3, ref_start_time: 2090108766355584, ref_stop_time: 2090108766382614, actual_exe_time: 27030, task_app_start_time:2090108129398151, task_sched_time:2090108766347094
app_id: 0, app_name: pulse_doppler_api-aarch64, task_id: 210, task_name: DASH_ZIP, resource_name: zip1, ref_start_time: 2090108772265075, ref_stop_time: 2090108772316255, actual_exe_time: 51180, task_app_start_time:2090108129398151, task_sched_time:2090108772256225
app_id: 0, app_name: pulse_doppler_api-aarch64, task_id: 211, task_name: DASH_FFT, resource_name: cpu1, ref_start_time: 2090108776590145, ref_stop_time: 2090108776619815, actual_exe_time: 29670, task_app_start_time:2090108129398151, task_sched_time:2090108776507165
app_id: 0, app_name: pulse_doppler_api-aarch64, task_id: 212, task_name: DASH_FFT, resource_name: cpu2, ref_start_time: 2090108776882225, ref_stop_time: 2090108776907365, actual_exe_time: 25140, task_app_start_time:2090108129398151, task_sched_time:2090108776849165
app_id: 0, app_name: pulse_doppler_api-aarch64, task_id: 213, task_name: DASH_FFT, resource_name: cpu3, ref_start_time: 2090108780023286, ref_stop_time: 2090108780052356, actual_exe_time: 29070, task_app_start_time:2090108129398151, task_sched_time:2090108780019626
app_id: 0, app_name: pulse_doppler_api-aarch64, task_id: 214, task_name: DASH_ZIP, resource_name: zip1, ref_start_time: 2090108784425847, ref_stop_time: 2090108784477327, actual_exe_time: 51480, task_app_start_time:2090108129398151, task_sched_time:2090108784418977
app_id: 0, app_name: pulse_doppler_api-aarch64, task_id: 215, task_name: DASH_FFT, resource_name: cpu1, ref_start_time: 2090108792251288, ref_stop_time: 2090108792284378, actual_exe_time: 33090, task_app_start_time:2090108129398151, task_sched_time:2090108792243548
app_id: 0, app_name: pulse_doppler_api-aarch64, task_id: 216, task_name: DASH_FFT, resource_name: cpu2, ref_start_time: 2090108793435298, ref_stop_time: 2090108793462328, actual_exe_time: 27030, task_app_start_time:2090108129398151, task_sched_time:2090108793264358
app_id: 0, app_name: pulse_doppler_api-aarch64, task_id: 217, task_name: DASH_FFT, resource_name: cpu3, ref_start_time: 2090108793826048, ref_stop_time: 2090108793852238, actual_exe_time: 26190, task_app_start_time:2090108129398151, task_sched_time:2090108793819598
app_id: 0, app_name: pulse_doppler_api-aarch64, task_id: 218, task_name: DASH_ZIP, resource_name: zip1, ref_start_time: 2090108800461479, ref_stop_time: 2090108800511219, actual_exe_time: 49740, task_app_start_time:2090108129398151, task_sched_time:2090108800450709
app_id: 0, app_name: pulse_doppler_api-aarch64, task_id: 219, task_name: DASH_FFT, resource_name: cpu1, ref_start_time: 2090108804336100, ref_stop_time: 2090108804364720, actual_exe_time: 28620, task_app_start_time:2090108129398151, task_sched_time:2090108804331030
app_id: 0, app_name: pulse_doppler_api-aarch64, task_id: 220, task_name: DASH_FFT, resource_name: cpu2, ref_start_time: 2090108806882230, ref_stop_time: 2090108806916340, actual_exe_time: 34110, task_app_start_time:2090108129398151, task_sched_time:2090108806720890
app_id: 0, app_name: pulse_doppler_api-aarch64, task_id: 221, task_name: DASH_FFT, resource_name: cpu3, ref_start_time: 2090108813060821, ref_stop_time: 2090108813097961, actual_exe_time: 37140, task_app_start_time:2090108129398151, task_sched_time:2090108813052751
app_id: 0, app_name: pulse_doppler_api-aarch64, task_id: 222, task_name: DASH_ZIP, resource_name: zip1, ref_start_time: 2090108813399161, ref_stop_time: 2090108813444701, actual_exe_time: 45540, task_app_start_time:2090108129398151, task_sched_time:2090108813389621
app_id: 0, app_name: pulse_doppler_api-aarch64, task_id: 223, task_name: DASH_FFT, resource_name: cpu1, ref_start_time: 2090108816555342, ref_stop_time: 2090108816582582, actual_exe_time: 27240, task_app_start_time:2090108129398151, task_sched_time:2090108816537852
app_id: 0, app_name: pulse_doppler_api-aarch64, task_id: 224, task_name: DASH_FFT, resource_name: cpu2, ref_start_time: 2090108820459752, ref_stop_time: 2090108820493922, actual_exe_time: 34170, task_app_start_time:2090108129398151, task_sched_time:2090108820319982
app_id: 0, app_name: pulse_doppler_api-aarch64, task_id: 225, task_name: DASH_FFT, resource_name: cpu3, ref_start_time: 2090108820868202, ref_stop_time: 2090108820894362, actual_exe_time: 26160, task_app_start_time:2090108129398151, task_sched_time:2090108820865232
app_id: 0, app_name: pulse_doppler_api-aarch64, task_id: 226, task_name: DASH_ZIP, resource_name: zip1, ref_start_time: 2090108821342263, ref_stop_time: 2090108821387383, actual_exe_time: 45120, task_app_start_time:2090108129398151, task_sched_time:2090108821334853
app_id: 0, app_name: pulse_doppler_api-aarch64, task_id: 227, task_name: DASH_FFT, resource_name: cpu1, ref_start_time: 2090108822038323, ref_stop_time: 2090108822066193, actual_exe_time: 27870, task_app_start_time:2090108129398151, task_sched_time:2090108821995213
app_id: 0, app_name: pulse_doppler_api-aarch64, task_id: 228, task_name: DASH_FFT, resource_name: cpu2, ref_start_time: 2090108822686683, ref_stop_time: 2090108822711523, actual_exe_time: 24840, task_app_start_time:2090108129398151, task_sched_time:2090108822576703
app_id: 0, app_name: pulse_doppler_api-aarch64, task_id: 229, task_name: DASH_FFT, resource_name: cpu3, ref_start_time: 2090108829128314, ref_stop_time: 2090108829161584, actual_exe_time: 33270, task_app_start_time:2090108129398151, task_sched_time:2090108829119944
app_id: 0, app_name: pulse_doppler_api-aarch64, task_id: 230, task_name: DASH_ZIP, resource_name: zip1, ref_start_time: 2090108832385174, ref_stop_time: 2090108832432154, actual_exe_time: 46980, task_app_start_time:2090108129398151, task_sched_time:2090108832377584
app_id: 0, app_name: pulse_doppler_api-aarch64, task_id: 231, task_name: DASH_FFT, resource_name: cpu1, ref_start_time: 2090108835414875, ref_stop_time: 2090108835444995, actual_exe_time: 30120, task_app_start_time:2090108129398151, task_sched_time:2090108835411335
app_id: 0, app_name: pulse_doppler_api-aarch64, task_id: 232, task_name: DASH_FFT, resource_name: cpu2, ref_start_time: 2090108836140245, ref_stop_time: 2090108836167365, actual_exe_time: 27120, task_app_start_time:2090108129398151, task_sched_time:2090108836083695
app_id: 0, app_name: pulse_doppler_api-aarch64, task_id: 233, task_name: DASH_FFT, resource_name: cpu3, ref_start_time: 2090108840356776, ref_stop_time: 2090108840392026, actual_exe_time: 35250, task_app_start_time:2090108129398151, task_sched_time:2090108840348796
app_id: 0, app_name: pulse_doppler_api-aarch64, task_id: 234, task_name: DASH_ZIP, resource_name: zip1, ref_start_time: 2090108844411456, ref_stop_time: 2090108844459756, actual_exe_time: 48300, task_app_start_time:2090108129398151, task_sched_time:2090108844405096
app_id: 0, app_name: pulse_doppler_api-aarch64, task_id: 235, task_name: DASH_FFT, resource_name: cpu1, ref_start_time: 2090108848363507, ref_stop_time: 2090108848392997, actual_exe_time: 29490, task_app_start_time:2090108129398151, task_sched_time:2090108848356547
app_id: 0, app_name: pulse_doppler_api-aarch64, task_id: 236, task_name: DASH_FFT, resource_name: cpu2, ref_start_time: 2090108849214517, ref_stop_time: 2090108849240347, actual_exe_time: 25830, task_app_start_time:2090108129398151, task_sched_time:2090108849065147
app_id: 0, app_name: pulse_doppler_api-aarch64, task_id: 237, task_name: DASH_FFT, resource_name: cpu3, ref_start_time: 2090108852670068, ref_stop_time: 2090108852707238, actual_exe_time: 37170, task_app_start_time:2090108129398151, task_sched_time:2090108852665208
app_id: 0, app_name: pulse_doppler_api-aarch64, task_id: 238, task_name: DASH_ZIP, resource_name: zip1, ref_start_time: 2090108856859148, ref_stop_time: 2090108856905468, actual_exe_time: 46320, task_app_start_time:2090108129398151, task_sched_time:2090108856852698
app_id: 0, app_name: pulse_doppler_api-aarch64, task_id: 239, task_name: DASH_FFT, resource_name: cpu1, ref_start_time: 2090108860686669, ref_stop_time: 2090108860716489, actual_exe_time: 29820, task_app_start_time:2090108129398151, task_sched_time:2090108860676379
app_id: 0, app_name: pulse_doppler_api-aarch64, task_id: 240, task_name: DASH_FFT, resource_name: cpu2, ref_start_time: 2090108863107609, ref_stop_time: 2090108863140939, actual_exe_time: 33330, task_app_start_time:2090108129398151, task_sched_time:2090108862958929
app_id: 0, app_name: pulse_doppler_api-aarch64, task_id: 241, task_name: DASH_FFT, resource_name: cpu3, ref_start_time: 2090108867791300, ref_stop_time: 2090108867830300, actual_exe_time: 39000, task_app_start_time:2090108129398151, task_sched_time:2090108867784280
app_id: 0, app_name: pulse_doppler_api-aarch64, task_id: 242, task_name: DASH_ZIP, resource_name: zip1, ref_start_time: 2090108872586261, ref_stop_time: 2090108872634531, actual_exe_time: 48270, task_app_start_time:2090108129398151, task_sched_time:2090108872578401
app_id: 0, app_name: pulse_doppler_api-aarch64, task_id: 243, task_name: DASH_FFT, resource_name: cpu1, ref_start_time: 2090108876632511, ref_stop_time: 2090108876661671, actual_exe_time: 29160, task_app_start_time:2090108129398151, task_sched_time:2090108876625611
app_id: 0, app_name: pulse_doppler_api-aarch64, task_id: 244, task_name: DASH_FFT, resource_name: cpu2, ref_start_time: 2090108877903522, ref_stop_time: 2090108877930042, actual_exe_time: 26520, task_app_start_time:2090108129398151, task_sched_time:2090108877754452
app_id: 0, app_name: pulse_doppler_api-aarch64, task_id: 245, task_name: DASH_FFT, resource_name: cpu3, ref_start_time: 2090108878371732, ref_stop_time: 2090108878398372, actual_exe_time: 26640, task_app_start_time:2090108129398151, task_sched_time:2090108878363662
app_id: 0, app_name: pulse_doppler_api-aarch64, task_id: 246, task_name: DASH_ZIP, resource_name: zip1, ref_start_time: 2090108879098692, ref_stop_time: 2090108879143872, actual_exe_time: 45180, task_app_start_time:2090108129398151, task_sched_time:2090108879094912
app_id: 0, app_name: pulse_doppler_api-aarch64, task_id: 247, task_name: DASH_FFT, resource_name: cpu1, ref_start_time: 2090108879730102, ref_stop_time: 2090108879756862, actual_exe_time: 26760, task_app_start_time:2090108129398151, task_sched_time:2090108879690502
app_id: 0, app_name: pulse_doppler_api-aarch64, task_id: 248, task_name: DASH_FFT, resource_name: cpu2, ref_start_time: 2090108882159652, ref_stop_time: 2090108882191032, actual_exe_time: 31380, task_app_start_time:2090108129398151, task_sched_time:2090108880467922
app_id: 0, app_name: pulse_doppler_api-aarch64, task_id: 249, task_name: DASH_FFT, resource_name: cpu3, ref_start_time: 2090108888606053, ref_stop_time: 2090108888644483, actual_exe_time: 38430, task_app_start_time:2090108129398151, task_sched_time:2090108888598943
app_id: 0, app_name: pulse_doppler_api-aarch64, task_id: 250, task_name: DASH_ZIP, resource_name: zip1, ref_start_time: 2090108889454243, ref_stop_time: 2090108889499453, actual_exe_time: 45210, task_app_start_time:2090108129398151, task_sched_time:2090108889449623
app_id: 0, app_name: pulse_doppler_api-aarch64, task_id: 251, task_name: DASH_FFT, resource_name: cpu1, ref_start_time: 2090108892345464, ref_stop_time: 2090108892374204, actual_exe_time: 28740, task_app_start_time:2090108129398151, task_sched_time:2090108892283904
app_id: 0, app_name: pulse_doppler_api-aarch64, task_id: 252, task_name: DASH_FFT, resource_name: cpu2, ref_start_time: 2090108893017434, ref_stop_time: 2090108893042874, actual_exe_time: 25440, task_app_start_time:2090108129398151, task_sched_time:2090108893010924
app_id: 0, app_name: pulse_doppler_api-aarch64, task_id: 253, task_name: DASH_FFT, resource_name: cpu3, ref_start_time: 2090108893497434, ref_stop_time: 2090108893524434, actual_exe_time: 27000, task_app_start_time:2090108129398151, task_sched_time:2090108893494284
app_id: 0, app_name: pulse_doppler_api-aarch64, task_id: 254, task_name: DASH_ZIP, resource_name: zip1, ref_start_time: 2090108894196134, ref_stop_time: 2090108894242634, actual_exe_time: 46500, task_app_start_time:2090108129398151, task_sched_time:2090108894192294
app_id: 0, app_name: pulse_doppler_api-aarch64, task_id: 255, task_name: DASH_FFT, resource_name: cpu1, ref_start_time: 2090108894742014, ref_stop_time: 2090108894768774, actual_exe_time: 26760, task_app_start_time:2090108129398151, task_sched_time:2090108894735204
app_id: 0, app_name: pulse_doppler_api-aarch64, task_id: 256, task_name: DASH_FFT, resource_name: cpu2, ref_start_time: 2090108896289565, ref_stop_time: 2090108896314495, actual_exe_time: 24930, task_app_start_time:2090108129398151, task_sched_time:2090108895405854
app_id: 0, app_name: pulse_doppler_api-aarch64, task_id: 257, task_name: DASH_FFT, resource_name: cpu3, ref_start_time: 2090108896986015, ref_stop_time: 2090108897013165, actual_exe_time: 27150, task_app_start_time:2090108129398151, task_sched_time:2090108896979985
app_id: 0, app_name: pulse_doppler_api-aarch64, task_id: 258, task_name: DASH_ZIP, resource_name: zip1, ref_start_time: 2090108897449335, ref_stop_time: 2090108897494035, actual_exe_time: 44700, task_app_start_time:2090108129398151, task_sched_time:2090108897445795
app_id: 0, app_name: pulse_doppler_api-aarch64, task_id: 259, task_name: DASH_FFT, resource_name: cpu1, ref_start_time: 2090108898131865, ref_stop_time: 2090108898156585, actual_exe_time: 24720, task_app_start_time:2090108129398151, task_sched_time:2090108898094035
app_id: 0, app_name: pulse_doppler_api-aarch64, task_id: 260, task_name: DASH_FFT, resource_name: cpu2, ref_start_time: 2090108900325495, ref_stop_time: 2090108900354055, actual_exe_time: 28560, task_app_start_time:2090108129398151, task_sched_time:2090108898698145
app_id: 0, app_name: pulse_doppler_api-aarch64, task_id: 261, task_name: DASH_FFT, resource_name: cpu3, ref_start_time: 2090108900794425, ref_stop_time: 2090108900819835, actual_exe_time: 25410, task_app_start_time:2090108129398151, task_sched_time:2090108900785515
app_id: 0, app_name: pulse_doppler_api-aarch64, task_id: 262, task_name: DASH_ZIP, resource_name: zip1, ref_start_time: 2090108901432375, ref_stop_time: 2090108901480885, actual_exe_time: 48510, task_app_start_time:2090108129398151, task_sched_time:2090108901346485
app_id: 0, app_name: pulse_doppler_api-aarch64, task_id: 263, task_name: DASH_FFT, resource_name: cpu1, ref_start_time: 2090108901993825, ref_stop_time: 2090108902018965, actual_exe_time: 25140, task_app_start_time:2090108129398151, task_sched_time:2090108901955725
app_id: 0, app_name: pulse_doppler_api-aarch64, task_id: 264, task_name: DASH_FFT, resource_name: cpu2, ref_start_time: 2090108904232876, ref_stop_time: 2090108904258376, actual_exe_time: 25500, task_app_start_time:2090108129398151, task_sched_time:2090108902787326
app_id: 0, app_name: pulse_doppler_api-aarch64, task_id: 265, task_name: DASH_FFT, resource_name: cpu3, ref_start_time: 2090108904672406, ref_stop_time: 2090108904697546, actual_exe_time: 25140, task_app_start_time:2090108129398151, task_sched_time:2090108904668176
app_id: 0, app_name: pulse_doppler_api-aarch64, task_id: 266, task_name: DASH_ZIP, resource_name: zip1, ref_start_time: 2090108905277206, ref_stop_time: 2090108905322476, actual_exe_time: 45270, task_app_start_time:2090108129398151, task_sched_time:2090108905267336
app_id: 0, app_name: pulse_doppler_api-aarch64, task_id: 267, task_name: DASH_FFT, resource_name: cpu1, ref_start_time: 2090108905880566, ref_stop_time: 2090108905905016, actual_exe_time: 24450, task_app_start_time:2090108129398151, task_sched_time:2090108905863256
app_id: 0, app_name: pulse_doppler_api-aarch64, task_id: 268, task_name: DASH_FFT, resource_name: cpu2, ref_start_time: 2090108906960746, ref_stop_time: 2090108906985676, actual_exe_time: 24930, task_app_start_time:2090108129398151, task_sched_time:2090108906454616
app_id: 0, app_name: pulse_doppler_api-aarch64, task_id: 269, task_name: DASH_FFT, resource_name: cpu3, ref_start_time: 2090108907570526, ref_stop_time: 2090108907596506, actual_exe_time: 25980, task_app_start_time:2090108129398151, task_sched_time:2090108907565516
app_id: 0, app_name: pulse_doppler_api-aarch64, task_id: 270, task_name: DASH_ZIP, resource_name: zip1, ref_start_time: 2090108912669357, ref_stop_time: 2090108912721317, actual_exe_time: 51960, task_app_start_time:2090108129398151, task_sched_time:2090108912661437
app_id: 0, app_name: pulse_doppler_api-aarch64, task_id: 271, task_name: DASH_FFT, resource_name: cpu1, ref_start_time: 2090108913257957, ref_stop_time: 2090108913285767, actual_exe_time: 27810, task_app_start_time:2090108129398151, task_sched_time:2090108913244487
app_id: 0, app_name: pulse_doppler_api-aarch64, task_id: 272, task_name: DASH_FFT, resource_name: cpu2, ref_start_time: 2090108916549228, ref_stop_time: 2090108916577218, actual_exe_time: 27990, task_app_start_time:2090108129398151, task_sched_time:2090108916544698
app_id: 0, app_name: pulse_doppler_api-aarch64, task_id: 273, task_name: DASH_FFT, resource_name: cpu3, ref_start_time: 2090108916962388, ref_stop_time: 2090108916987828, actual_exe_time: 25440, task_app_start_time:2090108129398151, task_sched_time:2090108916953388
app_id: 0, app_name: pulse_doppler_api-aarch64, task_id: 274, task_name: DASH_ZIP, resource_name: zip1, ref_start_time: 2090108920540098, ref_stop_time: 2090108920585488, actual_exe_time: 45390, task_app_start_time:2090108129398151, task_sched_time:2090108920532448
app_id: 0, app_name: pulse_doppler_api-aarch64, task_id: 275, task_name: DASH_FFT, resource_name: cpu1, ref_start_time: 2090108921109949, ref_stop_time: 2090108921134459, actual_exe_time: 24510, task_app_start_time:2090108129398151, task_sched_time:2090108921054719
app_id: 0, app_name: pulse_doppler_api-aarch64, task_id: 276, task_name: DASH_FFT, resource_name: cpu2, ref_start_time: 2090108923477279, ref_stop_time: 2090108923499929, actual_exe_time: 22650, task_app_start_time:2090108129398151, task_sched_time:2090108923473049
app_id: 0, app_name: pulse_doppler_api-aarch64, task_id: 277, task_name: DASH_FFT, resource_name: cpu3, ref_start_time: 2090108923899319, ref_stop_time: 2090108923924819, actual_exe_time: 25500, task_app_start_time:2090108129398151, task_sched_time:2090108923892629
app_id: 0, app_name: pulse_doppler_api-aarch64, task_id: 278, task_name: DASH_ZIP, resource_name: zip1, ref_start_time: 2090108928301820, ref_stop_time: 2090108928354230, actual_exe_time: 52410, task_app_start_time:2090108129398151, task_sched_time:2090108925144619
app_id: 0, app_name: pulse_doppler_api-aarch64, task_id: 279, task_name: DASH_FFT, resource_name: cpu1, ref_start_time: 2090108932636400, ref_stop_time: 2090108932669010, actual_exe_time: 32610, task_app_start_time:2090108129398151, task_sched_time:2090108932608770
app_id: 0, app_name: pulse_doppler_api-aarch64, task_id: 280, task_name: DASH_FFT, resource_name: cpu2, ref_start_time: 2090108933651631, ref_stop_time: 2090108933674491, actual_exe_time: 22860, task_app_start_time:2090108129398151, task_sched_time:2090108933646561
app_id: 0, app_name: pulse_doppler_api-aarch64, task_id: 281, task_name: DASH_FFT, resource_name: cpu3, ref_start_time: 2090108936273301, ref_stop_time: 2090108936344041, actual_exe_time: 70740, task_app_start_time:2090108129398151, task_sched_time:2090108936267931
app_id: 0, app_name: pulse_doppler_api-aarch64, task_id: 282, task_name: DASH_ZIP, resource_name: zip1, ref_start_time: 2090108938859541, ref_stop_time: 2090108938906341, actual_exe_time: 46800, task_app_start_time:2090108129398151, task_sched_time:2090108938852491
app_id: 0, app_name: pulse_doppler_api-aarch64, task_id: 283, task_name: DASH_FFT, resource_name: cpu1, ref_start_time: 2090108939718712, ref_stop_time: 2090108939745262, actual_exe_time: 26550, task_app_start_time:2090108129398151, task_sched_time:2090108939708092
app_id: 0, app_name: pulse_doppler_api-aarch64, task_id: 284, task_name: DASH_FFT, resource_name: cpu2, ref_start_time: 2090108944971802, ref_stop_time: 2090108944998982, actual_exe_time: 27180, task_app_start_time:2090108129398151, task_sched_time:2090108944961632
app_id: 0, app_name: pulse_doppler_api-aarch64, task_id: 285, task_name: DASH_FFT, resource_name: cpu3, ref_start_time: 2090108948284703, ref_stop_time: 2090108948316443, actual_exe_time: 31740, task_app_start_time:2090108129398151, task_sched_time:2090108948275223
app_id: 0, app_name: pulse_doppler_api-aarch64, task_id: 286, task_name: DASH_ZIP, resource_name: zip1, ref_start_time: 2090108952676314, ref_stop_time: 2090108952767124, actual_exe_time: 90810, task_app_start_time:2090108129398151, task_sched_time:2090108952663324
app_id: 0, app_name: pulse_doppler_api-aarch64, task_id: 287, task_name: DASH_FFT, resource_name: cpu1, ref_start_time: 2090108953510284, ref_stop_time: 2090108953541904, actual_exe_time: 31620, task_app_start_time:2090108129398151, task_sched_time:2090108953494354
app_id: 0, app_name: pulse_doppler_api-aarch64, task_id: 288, task_name: DASH_FFT, resource_name: cpu2, ref_start_time: 2090108954438484, ref_stop_time: 2090108954459994, actual_exe_time: 21510, task_app_start_time:2090108129398151, task_sched_time:2090108954429574
app_id: 0, app_name: pulse_doppler_api-aarch64, task_id: 289, task_name: DASH_FFT, resource_name: cpu3, ref_start_time: 2090108960406355, ref_stop_time: 2090108960444695, actual_exe_time: 38340, task_app_start_time:2090108129398151, task_sched_time:2090108960400385
app_id: 0, app_name: pulse_doppler_api-aarch64, task_id: 290, task_name: DASH_ZIP, resource_name: zip1, ref_start_time: 2090108960791285, ref_stop_time: 2090108961200365, actual_exe_time: 409080, task_app_start_time:2090108129398151, task_sched_time:2090108960785255
app_id: 0, app_name: pulse_doppler_api-aarch64, task_id: 291, task_name: DASH_FFT, resource_name: cpu1, ref_start_time: 2090108964355646, ref_stop_time: 2090108964382526, actual_exe_time: 26880, task_app_start_time:2090108129398151, task_sched_time:2090108964337706
app_id: 0, app_name: pulse_doppler_api-aarch64, task_id: 292, task_name: DASH_FFT, resource_name: cpu2, ref_start_time: 2090108967856286, ref_stop_time: 2090108967879986, actual_exe_time: 23700, task_app_start_time:2090108129398151, task_sched_time:2090108967849056
app_id: 0, app_name: pulse_doppler_api-aarch64, task_id: 293, task_name: DASH_FFT, resource_name: cpu3, ref_start_time: 2090108968308056, ref_stop_time: 2090108968340606, actual_exe_time: 32550, task_app_start_time:2090108129398151, task_sched_time:2090108968240106
app_id: 0, app_name: pulse_doppler_api-aarch64, task_id: 294, task_name: DASH_ZIP, resource_name: zip1, ref_start_time: 2090108972348757, ref_stop_time: 2090108972402427, actual_exe_time: 53670, task_app_start_time:2090108129398151, task_sched_time:2090108972341947
app_id: 0, app_name: pulse_doppler_api-aarch64, task_id: 295, task_name: DASH_FFT, resource_name: cpu1, ref_start_time: 2090108976456387, ref_stop_time: 2090108976489417, actual_exe_time: 33030, task_app_start_time:2090108129398151, task_sched_time:2090108976448257
app_id: 0, app_name: pulse_doppler_api-aarch64, task_id: 296, task_name: DASH_FFT, resource_name: cpu2, ref_start_time: 2090108977096618, ref_stop_time: 2090108977118518, actual_exe_time: 21900, task_app_start_time:2090108129398151, task_sched_time:2090108977088908
app_id: 0, app_name: pulse_doppler_api-aarch64, task_id: 297, task_name: DASH_FFT, resource_name: cpu3, ref_start_time: 2090108982223048, ref_stop_time: 2090108982253288, actual_exe_time: 30240, task_app_start_time:2090108129398151, task_sched_time:2090108982214108
app_id: 0, app_name: pulse_doppler_api-aarch64, task_id: 298, task_name: DASH_ZIP, resource_name: zip1, ref_start_time: 2090108982513028, ref_stop_time: 2090108982558208, actual_exe_time: 45180, task_app_start_time:2090108129398151, task_sched_time:2090108982509638
app_id: 0, app_name: pulse_doppler_api-aarch64, task_id: 299, task_name: DASH_FFT, resource_name: cpu1, ref_start_time: 2090108983976009, ref_stop_time: 2090108984001389, actual_exe_time: 25380, task_app_start_time:2090108129398151, task_sched_time:2090108983971479
app_id: 0, app_name: pulse_doppler_api-aarch64, task_id: 300, task_name: DASH_FFT, resource_name: cpu2, ref_start_time: 2090108988600239, ref_stop_time: 2090108988628739, actual_exe_time: 28500, task_app_start_time:2090108129398151, task_sched_time:2090108988593099
app_id: 0, app_name: pulse_doppler_api-aarch64, task_id: 301, task_name: DASH_FFT, resource_name: cpu3, ref_start_time: 2090108992301280, ref_stop_time: 2090108992428360, actual_exe_time: 127080, task_app_start_time:2090108129398151, task_sched_time:2090108992295700
app_id: 0, app_name: pulse_doppler_api-aarch64, task_id: 302, task_name: DASH_ZIP, resource_name: zip1, ref_start_time: 2090108996303131, ref_stop_time: 2090108996386921, actual_exe_time: 83790, task_app_start_time:2090108129398151, task_sched_time:2090108996295181
app_id: 0, app_name: pulse_doppler_api-aarch64, task_id: 303, task_name: DASH_FFT, resource_name: cpu1, ref_start_time: 2090108997006361, ref_stop_time: 2090108997032011, actual_exe_time: 25650, task_app_start_time:2090108129398151, task_sched_time:2090108996992291
app_id: 0, app_name: pulse_doppler_api-aarch64, task_id: 304, task_name: DASH_FFT, resource_name: cpu2, ref_start_time: 2090108998733851, ref_stop_time: 2090108998755691, actual_exe_time: 21840, task_app_start_time:2090108129398151, task_sched_time:2090108998726591
app_id: 0, app_name: pulse_doppler_api-aarch64, task_id: 305, task_name: DASH_FFT, resource_name: cpu3, ref_start_time: 2090109000793321, ref_stop_time: 2090109000826081, actual_exe_time: 32760, task_app_start_time:2090108129398151, task_sched_time:2090109000787741
app_id: 0, app_name: pulse_doppler_api-aarch64, task_id: 306, task_name: DASH_ZIP, resource_name: zip1, ref_start_time: 2090109004431452, ref_stop_time: 2090109004484582, actual_exe_time: 53130, task_app_start_time:2090108129398151, task_sched_time:2090109004424912
app_id: 0, app_name: pulse_doppler_api-aarch64, task_id: 307, task_name: DASH_FFT, resource_name: cpu1, ref_start_time: 2090109008711373, ref_stop_time: 2090109008740653, actual_exe_time: 29280, task_app_start_time:2090108129398151, task_sched_time:2090109008704893
app_id: 0, app_name: pulse_doppler_api-aarch64, task_id: 308, task_name: DASH_FFT, resource_name: cpu2, ref_start_time: 2090109013541883, ref_stop_time: 2090109013567353, actual_exe_time: 25470, task_app_start_time:2090108129398151, task_sched_time:2090109013535883
app_id: 0, app_name: pulse_doppler_api-aarch64, task_id: 309, task_name: DASH_FFT, resource_name: cpu3, ref_start_time: 2090109016551574, ref_stop_time: 2090109016583884, actual_exe_time: 32310, task_app_start_time:2090108129398151, task_sched_time:2090109016495384
app_id: 0, app_name: pulse_doppler_api-aarch64, task_id: 310, task_name: DASH_ZIP, resource_name: zip1, ref_start_time: 2090109024456965, ref_stop_time: 2090109024507755, actual_exe_time: 50790, task_app_start_time:2090108129398151, task_sched_time:2090109024448085
app_id: 0, app_name: pulse_doppler_api-aarch64, task_id: 311, task_name: DASH_FFT, resource_name: cpu1, ref_start_time: 2090109027141366, ref_stop_time: 2090109027171126, actual_exe_time: 29760, task_app_start_time:2090108129398151, task_sched_time:2090109027133446
app_id: 0, app_name: pulse_doppler_api-aarch64, task_id: 312, task_name: DASH_FFT, resource_name: cpu2, ref_start_time: 2090109036232387, ref_stop_time: 2090109036268207, actual_exe_time: 35820, task_app_start_time:2090108129398151, task_sched_time:2090109030788076
app_id: 0, app_name: pulse_doppler_api-aarch64, task_id: 313, task_name: DASH_FFT, resource_name: cpu3, ref_start_time: 2090109039190118, ref_stop_time: 2090109039221258, actual_exe_time: 31140, task_app_start_time:2090108129398151, task_sched_time:2090109039182198
app_id: 0, app_name: pulse_doppler_api-aarch64, task_id: 314, task_name: DASH_ZIP, resource_name: zip1, ref_start_time: 2090109039812978, ref_stop_time: 2090109043273298, actual_exe_time: 3460320, task_app_start_time:2090108129398151, task_sched_time:2090109039788768
app_id: 0, app_name: pulse_doppler_api-aarch64, task_id: 315, task_name: DASH_FFT, resource_name: cpu1, ref_start_time: 2090109048775359, ref_stop_time: 2090109048806409, actual_exe_time: 31050, task_app_start_time:2090108129398151, task_sched_time:2090109048689799
app_id: 0, app_name: pulse_doppler_api-aarch64, task_id: 316, task_name: DASH_FFT, resource_name: cpu2, ref_start_time: 2090109052783090, ref_stop_time: 2090109052808410, actual_exe_time: 25320, task_app_start_time:2090108129398151, task_sched_time:2090109052776550
app_id: 0, app_name: pulse_doppler_api-aarch64, task_id: 317, task_name: DASH_FFT, resource_name: cpu3, ref_start_time: 2090109053065420, ref_stop_time: 2090109053097970, actual_exe_time: 32550, task_app_start_time:2090108129398151, task_sched_time:2090109052964500
app_id: 0, app_name: pulse_doppler_api-aarch64, task_id: 318, task_name: DASH_ZIP, resource_name: zip1, ref_start_time: 2090109054566650, ref_stop_time: 2090109054613750, actual_exe_time: 47100, task_app_start_time:2090108129398151, task_sched_time:2090109054552730
app_id: 0, app_name: pulse_doppler_api-aarch64, task_id: 319, task_name: DASH_FFT, resource_name: cpu1, ref_start_time: 2090109058473581, ref_stop_time: 2090109058504751, actual_exe_time: 31170, task_app_start_time:2090108129398151, task_sched_time:2090109058404671
app_id: 0, app_name: pulse_doppler_api-aarch64, task_id: 320, task_name: DASH_FFT, resource_name: cpu2, ref_start_time: 2090109060667871, ref_stop_time: 2090109060694721, actual_exe_time: 26850, task_app_start_time:2090108129398151, task_sched_time:2090109060661961
app_id: 0, app_name: pulse_doppler_api-aarch64, task_id: 321, task_name: DASH_FFT, resource_name: cpu3, ref_start_time: 2090109068002392, ref_stop_time: 2090109068039922, actual_exe_time: 37530, task_app_start_time:2090108129398151, task_sched_time:2090109067992522
app_id: 0, app_name: pulse_doppler_api-aarch64, task_id: 322, task_name: DASH_ZIP, resource_name: zip1, ref_start_time: 2090109072730813, ref_stop_time: 2090109072780943, actual_exe_time: 50130, task_app_start_time:2090108129398151, task_sched_time:2090109072720013
app_id: 0, app_name: pulse_doppler_api-aarch64, task_id: 323, task_name: DASH_FFT, resource_name: cpu1, ref_start_time: 2090109073012603, ref_stop_time: 2090109073040653, actual_exe_time: 28050, task_app_start_time:2090108129398151, task_sched_time:2090109073008343
app_id: 0, app_name: pulse_doppler_api-aarch64, task_id: 324, task_name: DASH_FFT, resource_name: cpu2, ref_start_time: 2090109080327564, ref_stop_time: 2090109080362094, actual_exe_time: 34530, task_app_start_time:2090108129398151, task_sched_time:2090109080317064
app_id: 0, app_name: pulse_doppler_api-aarch64, task_id: 325, task_name: DASH_FFT, resource_name: cpu3, ref_start_time: 2090109081582344, ref_stop_time: 2090109081610124, actual_exe_time: 27780, task_app_start_time:2090108129398151, task_sched_time:2090109081578624
app_id: 0, app_name: pulse_doppler_api-aarch64, task_id: 326, task_name: DASH_ZIP, resource_name: zip1, ref_start_time: 2090109084437445, ref_stop_time: 2090109084487815, actual_exe_time: 50370, task_app_start_time:2090108129398151, task_sched_time:2090109084426465
app_id: 0, app_name: pulse_doppler_api-aarch64, task_id: 327, task_name: DASH_FFT, resource_name: cpu1, ref_start_time: 2090109088689646, ref_stop_time: 2090109088721776, actual_exe_time: 32130, task_app_start_time:2090108129398151, task_sched_time:2090109088683916
app_id: 0, app_name: pulse_doppler_api-aarch64, task_id: 328, task_name: DASH_FFT, resource_name: cpu2, ref_start_time: 2090109094441636, ref_stop_time: 2090109094473196, actual_exe_time: 31560, task_app_start_time:2090108129398151, task_sched_time:2090109094437196
app_id: 0, app_name: pulse_doppler_api-aarch64, task_id: 329, task_name: DASH_FFT, resource_name: cpu3, ref_start_time: 2090109095380937, ref_stop_time: 2090109095408237, actual_exe_time: 27300, task_app_start_time:2090108129398151, task_sched_time:2090109095373317
app_id: 0, app_name: pulse_doppler_api-aarch64, task_id: 330, task_name: DASH_ZIP, resource_name: zip1, ref_start_time: 2090109100522577, ref_stop_time: 2090109100574417, actual_exe_time: 51840, task_app_start_time:2090108129398151, task_sched_time:2090109100513157
app_id: 0, app_name: pulse_doppler_api-aarch64, task_id: 331, task_name: DASH_FFT, resource_name: cpu1, ref_start_time: 2090109104796828, ref_stop_time: 2090109104826378, actual_exe_time: 29550, task_app_start_time:2090108129398151, task_sched_time:2090109104729748
app_id: 0, app_name: pulse_doppler_api-aarch64, task_id: 332, task_name: DASH_FFT, resource_name: cpu2, ref_start_time: 2090109109005649, ref_stop_time: 2090109109037299, actual_exe_time: 31650, task_app_start_time:2090108129398151, task_sched_time:2090109108995959
app_id: 0, app_name: pulse_doppler_api-aarch64, task_id: 333, task_name: DASH_FFT, resource_name: cpu3, ref_start_time: 2090109112407229, ref_stop_time: 2090109112440499, actual_exe_time: 33270, task_app_start_time:2090108129398151, task_sched_time:2090109112334509
app_id: 0, app_name: pulse_doppler_api-aarch64, task_id: 334, task_name: DASH_ZIP, resource_name: zip1, ref_start_time: 2090109116448080, ref_stop_time: 2090109116498570, actual_exe_time: 50490, task_app_start_time:2090108129398151, task_sched_time:2090109116439350
app_id: 0, app_name: pulse_doppler_api-aarch64, task_id: 335, task_name: DASH_FFT, resource_name: cpu1, ref_start_time: 2090109120609771, ref_stop_time: 2090109120640161, actual_exe_time: 30390, task_app_start_time:2090108129398151, task_sched_time:2090109120573051
app_id: 0, app_name: pulse_doppler_api-aarch64, task_id: 336, task_name: DASH_FFT, resource_name: cpu2, ref_start_time: 2090109122680701, ref_stop_time: 2090109122709531, actual_exe_time: 28830, task_app_start_time:2090108129398151, task_sched_time:2090109122671851
app_id: 0, app_name: pulse_doppler_api-aarch64, task_id: 337, task_name: DASH_FFT, resource_name: cpu3, ref_start_time: 2090109128388202, ref_stop_time: 2090109128428522, actual_exe_time: 40320, task_app_start_time:2090108129398151, task_sched_time:2090109128382472
app_id: 0, app_name: pulse_doppler_api-aarch64, task_id: 338, task_name: DASH_ZIP, resource_name: zip1, ref_start_time: 2090109129001222, ref_stop_time: 2090109129046582, actual_exe_time: 45360, task_app_start_time:2090108129398151, task_sched_time:2090109128991412
app_id: 0, app_name: pulse_doppler_api-aarch64, task_id: 339, task_name: DASH_FFT, resource_name: cpu1, ref_start_time: 2090109132639233, ref_stop_time: 2090109132667043, actual_exe_time: 27810, task_app_start_time:2090108129398151, task_sched_time:2090109132602543
app_id: 0, app_name: pulse_doppler_api-aarch64, task_id: 340, task_name: DASH_FFT, resource_name: cpu2, ref_start_time: 2090109136305713, ref_stop_time: 2090109136332593, actual_exe_time: 26880, task_app_start_time:2090108129398151, task_sched_time:2090109136296683
app_id: 0, app_name: pulse_doppler_api-aarch64, task_id: 341, task_name: DASH_FFT, resource_name: cpu3, ref_start_time: 2090109136922663, ref_stop_time: 2090109136949183, actual_exe_time: 26520, task_app_start_time:2090108129398151, task_sched_time:2090109136919903
app_id: 0, app_name: pulse_doppler_api-aarch64, task_id: 342, task_name: DASH_ZIP, resource_name: zip1, ref_start_time: 2090109140446794, ref_stop_time: 2090109140496864, actual_exe_time: 50070, task_app_start_time:2090108129398151, task_sched_time:2090109140438244
app_id: 0, app_name: pulse_doppler_api-aarch64, task_id: 343, task_name: DASH_FFT, resource_name: cpu1, ref_start_time: 2090109144800575, ref_stop_time: 2090109144832375, actual_exe_time: 31800, task_app_start_time:2090108129398151, task_sched_time:2090109144790165
app_id: 0, app_name: pulse_doppler_api-aarch64, task_id: 344, task_name: DASH_FFT, resource_name: cpu2, ref_start_time: 2090109150385855, ref_stop_time: 2090109150419905, actual_exe_time: 34050, task_app_start_time:2090108129398151, task_sched_time:2090109150376165
app_id: 0, app_name: pulse_doppler_api-aarch64, task_id: 345, task_name: DASH_FFT, resource_name: cpu3, ref_start_time: 2090109154440836, ref_stop_time: 2090109154476416, actual_exe_time: 35580, task_app_start_time:2090108129398151, task_sched_time:2090109154435226
app_id: 0, app_name: pulse_doppler_api-aarch64, task_id: 346, task_name: DASH_ZIP, resource_name: zip1, ref_start_time: 2090109156591566, ref_stop_time: 2090109156641546, actual_exe_time: 49980, task_app_start_time:2090108129398151, task_sched_time:2090109156587576
app_id: 0, app_name: pulse_doppler_api-aarch64, task_id: 347, task_name: DASH_FFT, resource_name: cpu1, ref_start_time: 2090109160353327, ref_stop_time: 2090109160383057, actual_exe_time: 29730, task_app_start_time:2090108129398151, task_sched_time:2090109160344237
app_id: 0, app_name: pulse_doppler_api-aarch64, task_id: 348, task_name: DASH_FFT, resource_name: cpu2, ref_start_time: 2090109164286748, ref_stop_time: 2090109164316868, actual_exe_time: 30120, task_app_start_time:2090108129398151, task_sched_time:2090109164282668
app_id: 0, app_name: pulse_doppler_api-aarch64, task_id: 349, task_name: DASH_FFT, resource_name: cpu3, ref_start_time: 2090109168327568, ref_stop_time: 2090109168365698, actual_exe_time: 38130, task_app_start_time:2090108129398151, task_sched_time:2090109168317758
app_id: 0, app_name: pulse_doppler_api-aarch64, task_id: 350, task_name: DASH_ZIP, resource_name: zip1, ref_start_time: 2090109172661099, ref_stop_time: 2090109172714139, actual_exe_time: 53040, task_app_start_time:2090108129398151, task_sched_time:2090109172654649
app_id: 0, app_name: pulse_doppler_api-aarch64, task_id: 351, task_name: DASH_FFT, resource_name: cpu1, ref_start_time: 2090109176245950, ref_stop_time: 2090109176276790, actual_exe_time: 30840, task_app_start_time:2090108129398151, task_sched_time:2090109176242470
app_id: 0, app_name: pulse_doppler_api-aarch64, task_id: 352, task_name: DASH_FFT, resource_name: cpu2, ref_start_time: 2090109178229430, ref_stop_time: 2090109178257690, actual_exe_time: 28260, task_app_start_time:2090108129398151, task_sched_time:2090109178195800
app_id: 0, app_name: pulse_doppler_api-aarch64, task_id: 353, task_name: DASH_FFT, resource_name: cpu3, ref_start_time: 2090109184621441, ref_stop_time: 2090109184661011, actual_exe_time: 39570, task_app_start_time:2090108129398151, task_sched_time:2090109184609771
app_id: 0, app_name: pulse_doppler_api-aarch64, task_id: 354, task_name: DASH_ZIP, resource_name: zip1, ref_start_time: 2090109185228311, ref_stop_time: 2090109185274301, actual_exe_time: 45990, task_app_start_time:2090108129398151, task_sched_time:2090109185219911
app_id: 0, app_name: pulse_doppler_api-aarch64, task_id: 355, task_name: DASH_FFT, resource_name: cpu1, ref_start_time: 2090109188329172, ref_stop_time: 2090109188356202, actual_exe_time: 27030, task_app_start_time:2090108129398151, task_sched_time:2090109188319902
app_id: 0, app_name: pulse_doppler_api-aarch64, task_id: 356, task_name: DASH_FFT, resource_name: cpu2, ref_start_time: 2090109191789372, ref_stop_time: 2090109192306752, actual_exe_time: 517380, task_app_start_time:2090108129398151, task_sched_time:2090109191781152
app_id: 0, app_name: pulse_doppler_api-aarch64, task_id: 357, task_name: DASH_FFT, resource_name: cpu3, ref_start_time: 2090109193049492, ref_stop_time: 2090109193076822, actual_exe_time: 27330, task_app_start_time:2090108129398151, task_sched_time:2090109193039682
app_id: 0, app_name: pulse_doppler_api-aarch64, task_id: 358, task_name: DASH_ZIP, resource_name: zip1, ref_start_time: 2090109200630404, ref_stop_time: 2090109200681674, actual_exe_time: 51270, task_app_start_time:2090108129398151, task_sched_time:2090109200622274
app_id: 0, app_name: pulse_doppler_api-aarch64, task_id: 359, task_name: DASH_FFT, resource_name: cpu1, ref_start_time: 2090109201216124, ref_stop_time: 2090109201243124, actual_exe_time: 27000, task_app_start_time:2090108129398151, task_sched_time:2090109201148324
app_id: 0, app_name: pulse_doppler_api-aarch64, task_id: 360, task_name: DASH_FFT, resource_name: cpu2, ref_start_time: 2090109204269254, ref_stop_time: 2090109204295474, actual_exe_time: 26220, task_app_start_time:2090108129398151, task_sched_time:2090109204265054
app_id: 0, app_name: pulse_doppler_api-aarch64, task_id: 361, task_name: DASH_FFT, resource_name: cpu3, ref_start_time: 2090109207081455, ref_stop_time: 2090109207110615, actual_exe_time: 29160, task_app_start_time:2090108129398151, task_sched_time:2090109206913575
app_id: 0, app_name: pulse_doppler_api-aarch64, task_id: 362, task_name: DASH_ZIP, resource_name: zip1, ref_start_time: 2090109212261555, ref_stop_time: 2090109212313365, actual_exe_time: 51810, task_app_start_time:2090108129398151, task_sched_time:2090109212255495
app_id: 0, app_name: pulse_doppler_api-aarch64, task_id: 363, task_name: DASH_FFT, resource_name: cpu1, ref_start_time: 2090109216722406, ref_stop_time: 2090109216752946, actual_exe_time: 30540, task_app_start_time:2090108129398151, task_sched_time:2090109216493356
app_id: 0, app_name: pulse_doppler_api-aarch64, task_id: 364, task_name: DASH_FFT, resource_name: cpu2, ref_start_time: 2090109220333927, ref_stop_time: 2090109220358527, actual_exe_time: 24600, task_app_start_time:2090108129398151, task_sched_time:2090109220326607
app_id: 0, app_name: pulse_doppler_api-aarch64, task_id: 365, task_name: DASH_FFT, resource_name: cpu3, ref_start_time: 2090109224324977, ref_stop_time: 2090109224360467, actual_exe_time: 35490, task_app_start_time:2090108129398151, task_sched_time:2090109224314477
app_id: 0, app_name: pulse_doppler_api-aarch64, task_id: 366, task_name: DASH_ZIP, resource_name: zip1, ref_start_time: 2090109228371138, ref_stop_time: 2090109228427028, actual_exe_time: 55890, task_app_start_time:2090108129398151, task_sched_time:2090109228360488
app_id: 0, app_name: pulse_doppler_api-aarch64, task_id: 367, task_name: DASH_FFT, resource_name: cpu1, ref_start_time: 2090109232468599, ref_stop_time: 2090109232498659, actual_exe_time: 30060, task_app_start_time:2090108129398151, task_sched_time:2090109232337919
app_id: 0, app_name: pulse_doppler_api-aarch64, task_id: 368, task_name: DASH_FFT, resource_name: cpu2, ref_start_time: 2090109235080549, ref_stop_time: 2090109235105059, actual_exe_time: 24510, task_app_start_time:2090108129398151, task_sched_time:2090109235074999
app_id: 0, app_name: pulse_doppler_api-aarch64, task_id: 369, task_name: DASH_FFT, resource_name: cpu3, ref_start_time: 2090109240509890, ref_stop_time: 2090109240549580, actual_exe_time: 39690, task_app_start_time:2090108129398151, task_sched_time:2090109240500410
app_id: 0, app_name: pulse_doppler_api-aarch64, task_id: 370, task_name: DASH_ZIP, resource_name: zip1, ref_start_time: 2090109241111660, ref_stop_time: 2090109241157080, actual_exe_time: 45420, task_app_start_time:2090108129398151, task_sched_time:2090109241106500
app_id: 0, app_name: pulse_doppler_api-aarch64, task_id: 371, task_name: DASH_FFT, resource_name: cpu1, ref_start_time: 2090109244367351, ref_stop_time: 2090109244395971, actual_exe_time: 28620, task_app_start_time:2090108129398151, task_sched_time:2090109244332701
app_id: 0, app_name: pulse_doppler_api-aarch64, task_id: 372, task_name: DASH_FFT, resource_name: cpu2, ref_start_time: 2090109248134631, ref_stop_time: 2090109248163161, actual_exe_time: 28530, task_app_start_time:2090108129398151, task_sched_time:2090109244946591
app_id: 0, app_name: pulse_doppler_api-aarch64, task_id: 373, task_name: DASH_FFT, resource_name: cpu3, ref_start_time: 2090109252318222, ref_stop_time: 2090109252353622, actual_exe_time: 35400, task_app_start_time:2090108129398151, task_sched_time:2090109252309462
app_id: 0, app_name: pulse_doppler_api-aarch64, task_id: 374, task_name: DASH_ZIP, resource_name: zip1, ref_start_time: 2090109252914952, ref_stop_time: 2090109252960672, actual_exe_time: 45720, task_app_start_time:2090108129398151, task_sched_time:2090109252911622
app_id: 0, app_name: pulse_doppler_api-aarch64, task_id: 375, task_name: DASH_FFT, resource_name: cpu1, ref_start_time: 2090109256635673, ref_stop_time: 2090109256666783, actual_exe_time: 31110, task_app_start_time:2090108129398151, task_sched_time:2090109256434133
app_id: 0, app_name: pulse_doppler_api-aarch64, task_id: 376, task_name: DASH_FFT, resource_name: cpu2, ref_start_time: 2090109260585413, ref_stop_time: 2090109260611303, actual_exe_time: 25890, task_app_start_time:2090108129398151, task_sched_time:2090109260579083
app_id: 0, app_name: pulse_doppler_api-aarch64, task_id: 377, task_name: DASH_FFT, resource_name: cpu3, ref_start_time: 2090109261010783, ref_stop_time: 2090109261036223, actual_exe_time: 25440, task_app_start_time:2090108129398151, task_sched_time:2090109261006763
app_id: 0, app_name: pulse_doppler_api-aarch64, task_id: 378, task_name: DASH_ZIP, resource_name: zip1, ref_start_time: 2090109263445314, ref_stop_time: 2090109263492654, actual_exe_time: 47340, task_app_start_time:2090108129398151, task_sched_time:2090109263243594
app_id: 0, app_name: pulse_doppler_api-aarch64, task_id: 379, task_name: DASH_FFT, resource_name: cpu1, ref_start_time: 2090109268663725, ref_stop_time: 2090109268697715, actual_exe_time: 33990, task_app_start_time:2090108129398151, task_sched_time:2090109268536494
app_id: 0, app_name: pulse_doppler_api-aarch64, task_id: 380, task_name: DASH_FFT, resource_name: cpu2, ref_start_time: 2090109269346795, ref_stop_time: 2090109269369715, actual_exe_time: 22920, task_app_start_time:2090108129398151, task_sched_time:2090109269340165
app_id: 0, app_name: pulse_doppler_api-aarch64, task_id: 381, task_name: DASH_FFT, resource_name: cpu3, ref_start_time: 2090109272256495, ref_stop_time: 2090109272284875, actual_exe_time: 28380, task_app_start_time:2090108129398151, task_sched_time:2090109272243055
app_id: 0, app_name: pulse_doppler_api-aarch64, task_id: 382, task_name: DASH_ZIP, resource_name: zip1, ref_start_time: 2090109272755245, ref_stop_time: 2090109272799855, actual_exe_time: 44610, task_app_start_time:2090108129398151, task_sched_time:2090109272746335
app_id: 0, app_name: pulse_doppler_api-aarch64, task_id: 383, task_name: DASH_FFT, resource_name: cpu1, ref_start_time: 2090109276342316, ref_stop_time: 2090109276369916, actual_exe_time: 27600, task_app_start_time:2090108129398151, task_sched_time:2090109276324796
app_id: 0, app_name: pulse_doppler_api-aarch64, task_id: 384, task_name: DASH_FFT, resource_name: cpu2, ref_start_time: 2090109276970006, ref_stop_time: 2090109276991846, actual_exe_time: 21840, task_app_start_time:2090108129398151, task_sched_time:2090109276963286
app_id: 0, app_name: pulse_doppler_api-aarch64, task_id: 385, task_name: DASH_FFT, resource_name: cpu3, ref_start_time: 2090109277142056, ref_stop_time: 2090109277166956, actual_exe_time: 24900, task_app_start_time:2090108129398151, task_sched_time:2090109277137316
app_id: 0, app_name: pulse_doppler_api-aarch64, task_id: 386, task_name: DASH_ZIP, resource_name: zip1, ref_start_time: 2090109280901116, ref_stop_time: 2090109280952356, actual_exe_time: 51240, task_app_start_time:2090108129398151, task_sched_time:2090109280891066
app_id: 0, app_name: pulse_doppler_api-aarch64, task_id: 387, task_name: DASH_FFT, resource_name: cpu1, ref_start_time: 2090109284556407, ref_stop_time: 2090109284587517, actual_exe_time: 31110, task_app_start_time:2090108129398151, task_sched_time:2090109284548637
app_id: 0, app_name: pulse_doppler_api-aarch64, task_id: 388, task_name: DASH_FFT, resource_name: cpu2, ref_start_time: 2090109285230417, ref_stop_time: 2090109285251687, actual_exe_time: 21270, task_app_start_time:2090108129398151, task_sched_time:2090109285227087
app_id: 0, app_name: pulse_doppler_api-aarch64, task_id: 389, task_name: DASH_FFT, resource_name: cpu3, ref_start_time: 2090109288432378, ref_stop_time: 2090109288460428, actual_exe_time: 28050, task_app_start_time:2090108129398151, task_sched_time:2090109288427608
app_id: 0, app_name: pulse_doppler_api-aarch64, task_id: 390, task_name: DASH_ZIP, resource_name: zip1, ref_start_time: 2090109288999918, ref_stop_time: 2090109289046208, actual_exe_time: 46290, task_app_start_time:2090108129398151, task_sched_time:2090109288995238
app_id: 0, app_name: pulse_doppler_api-aarch64, task_id: 391, task_name: DASH_FFT, resource_name: cpu1, ref_start_time: 2090109292446168, ref_stop_time: 2090109292474398, actual_exe_time: 28230, task_app_start_time:2090108129398151, task_sched_time:2090109292434438
app_id: 0, app_name: pulse_doppler_api-aarch64, task_id: 392, task_name: DASH_FFT, resource_name: cpu2, ref_start_time: 2090109293210538, ref_stop_time: 2090109293231328, actual_exe_time: 20790, task_app_start_time:2090108129398151, task_sched_time:2090109293206278
app_id: 0, app_name: pulse_doppler_api-aarch64, task_id: 393, task_name: DASH_FFT, resource_name: cpu3, ref_start_time: 2090109295399909, ref_stop_time: 2090109295434019, actual_exe_time: 34110, task_app_start_time:2090108129398151, task_sched_time:2090109295190029
app_id: 0, app_name: pulse_doppler_api-aarch64, task_id: 394, task_name: DASH_ZIP, resource_name: zip1, ref_start_time: 2090109300370700, ref_stop_time: 2090109300426380, actual_exe_time: 55680, task_app_start_time:2090108129398151, task_sched_time:2090109300362990
app_id: 0, app_name: pulse_doppler_api-aarch64, task_id: 395, task_name: DASH_FFT, resource_name: cpu1, ref_start_time: 2090109300913430, ref_stop_time: 2090109300940190, actual_exe_time: 26760, task_app_start_time:2090108129398151, task_sched_time:2090109300909860
app_id: 0, app_name: pulse_doppler_api-aarch64, task_id: 396, task_name: DASH_FFT, resource_name: cpu2, ref_start_time: 2090109304283780, ref_stop_time: 2090109304308560, actual_exe_time: 24780, task_app_start_time:2090108129398151, task_sched_time:2090109304275110
app_id: 0, app_name: pulse_doppler_api-aarch64, task_id: 397, task_name: DASH_FFT, resource_name: cpu3, ref_start_time: 2090109304458230, ref_stop_time: 2090109304788980, actual_exe_time: 330750, task_app_start_time:2090108129398151, task_sched_time:2090109304453670
app_id: 0, app_name: pulse_doppler_api-aarch64, task_id: 398, task_name: DASH_ZIP, resource_name: zip1, ref_start_time: 2090109308689401, ref_stop_time: 2090109308736921, actual_exe_time: 47520, task_app_start_time:2090108129398151, task_sched_time:2090109308681031
app_id: 0, app_name: pulse_doppler_api-aarch64, task_id: 399, task_name: DASH_FFT, resource_name: cpu1, ref_start_time: 2090109310583541, ref_stop_time: 2090109310612821, actual_exe_time: 29280, task_app_start_time:2090108129398151, task_sched_time:2090109310558791
app_id: 0, app_name: pulse_doppler_api-aarch64, task_id: 400, task_name: DASH_FFT, resource_name: cpu2, ref_start_time: 2090109316392442, ref_stop_time: 2090109316422832, actual_exe_time: 30390, task_app_start_time:2090108129398151, task_sched_time:2090109316388332
app_id: 0, app_name: pulse_doppler_api-aarch64, task_id: 401, task_name: DASH_FFT, resource_name: cpu3, ref_start_time: 2090109320564003, ref_stop_time: 2090109320597483, actual_exe_time: 33480, task_app_start_time:2090108129398151, task_sched_time:2090109320559293
app_id: 0, app_name: pulse_doppler_api-aarch64, task_id: 402, task_name: DASH_ZIP, resource_name: zip1, ref_start_time: 2090109320988233, ref_stop_time: 2090109321033803, actual_exe_time: 45570, task_app_start_time:2090108129398151, task_sched_time:2090109320865323
app_id: 0, app_name: pulse_doppler_api-aarch64, task_id: 403, task_name: DASH_FFT, resource_name: cpu1, ref_start_time: 2090109324564113, ref_stop_time: 2090109324591384, actual_exe_time: 27271, task_app_start_time:2090108129398151, task_sched_time:2090109324518573
app_id: 0, app_name: pulse_doppler_api-aarch64, task_id: 404, task_name: DASH_FFT, resource_name: cpu2, ref_start_time: 2090109332401765, ref_stop_time: 2090109332434165, actual_exe_time: 32400, task_app_start_time:2090108129398151, task_sched_time:2090109332391895
app_id: 0, app_name: pulse_doppler_api-aarch64, task_id: 405, task_name: DASH_FFT, resource_name: cpu3, ref_start_time: 2090109333143215, ref_stop_time: 2090109333171085, actual_exe_time: 27870, task_app_start_time:2090108129398151, task_sched_time:2090109333137635
app_id: 0, app_name: pulse_doppler_api-aarch64, task_id: 406, task_name: DASH_ZIP, resource_name: zip1, ref_start_time: 2090109336381115, ref_stop_time: 2090109336428665, actual_exe_time: 47550, task_app_start_time:2090108129398151, task_sched_time:2090109336375625
app_id: 0, app_name: pulse_doppler_api-aarch64, task_id: 407, task_name: DASH_FFT, resource_name: cpu1, ref_start_time: 2090109337820156, ref_stop_time: 2090109338075366, actual_exe_time: 255210, task_app_start_time:2090108129398151, task_sched_time:2090109337797716
app_id: 0, app_name: pulse_doppler_api-aarch64, task_id: 408, task_name: DASH_FFT, resource_name: cpu2, ref_start_time: 2090109344334237, ref_stop_time: 2090109344363337, actual_exe_time: 29100, task_app_start_time:2090108129398151, task_sched_time:2090109344323767
app_id: 0, app_name: pulse_doppler_api-aarch64, task_id: 409, task_name: DASH_FFT, resource_name: cpu3, ref_start_time: 2090109351608878, ref_stop_time: 2090109351752008, actual_exe_time: 143130, task_app_start_time:2090108129398151, task_sched_time:2090109351466678
app_id: 0, app_name: pulse_doppler_api-aarch64, task_id: 410, task_name: DASH_ZIP, resource_name: zip1, ref_start_time: 2090109356720759, ref_stop_time: 2090109356774039, actual_exe_time: 53280, task_app_start_time:2090108129398151, task_sched_time:2090109356714039
app_id: 0, app_name: pulse_doppler_api-aarch64, task_id: 411, task_name: DASH_FFT, resource_name: cpu1, ref_start_time: 2090109360251009, ref_stop_time: 2090109360282839, actual_exe_time: 31830, task_app_start_time:2090108129398151, task_sched_time:2090109360245609
app_id: 0, app_name: pulse_doppler_api-aarch64, task_id: 412, task_name: DASH_FFT, resource_name: cpu2, ref_start_time: 2090109360636479, ref_stop_time: 2090109360657479, actual_exe_time: 21000, task_app_start_time:2090108129398151, task_sched_time:2090109360632729
app_id: 0, app_name: pulse_doppler_api-aarch64, task_id: 413, task_name: DASH_FFT, resource_name: cpu3, ref_start_time: 2090109364711110, ref_stop_time: 2090109364739430, actual_exe_time: 28320, task_app_start_time:2090108129398151, task_sched_time:2090109364707360
app_id: 0, app_name: pulse_doppler_api-aarch64, task_id: 414, task_name: DASH_ZIP, resource_name: zip1, ref_start_time: 2090109366100980, ref_stop_time: 2090109366147720, actual_exe_time: 46740, task_app_start_time:2090108129398151, task_sched_time:2090109365923410
app_id: 0, app_name: pulse_doppler_api-aarch64, task_id: 415, task_name: DASH_FFT, resource_name: cpu1, ref_start_time: 2090109372707251, ref_stop_time: 2090109372739711, actual_exe_time: 32460, task_app_start_time:2090108129398151, task_sched_time:2090109372652591
app_id: 0, app_name: pulse_doppler_api-aarch64, task_id: 416, task_name: DASH_FFT, resource_name: cpu2, ref_start_time: 2090109379053962, ref_stop_time: 2090109379082612, actual_exe_time: 28650, task_app_start_time:2090108129398151, task_sched_time:2090109379048712
app_id: 0, app_name: pulse_doppler_api-aarch64, task_id: 417, task_name: DASH_FFT, resource_name: cpu3, ref_start_time: 2090109379857662, ref_stop_time: 2090109379885952, actual_exe_time: 28290, task_app_start_time:2090108129398151, task_sched_time:2090109379849292
app_id: 0, app_name: pulse_doppler_api-aarch64, task_id: 418, task_name: DASH_ZIP, resource_name: zip1, ref_start_time: 2090109384686973, ref_stop_time: 2090109384739023, actual_exe_time: 52050, task_app_start_time:2090108129398151, task_sched_time:2090109384677793
app_id: 0, app_name: pulse_doppler_api-aarch64, task_id: 419, task_name: DASH_FFT, resource_name: cpu1, ref_start_time: 2090109385208523, ref_stop_time: 2090109385237383, actual_exe_time: 28860, task_app_start_time:2090108129398151, task_sched_time:2090109385199943
app_id: 0, app_name: pulse_doppler_api-aarch64, task_id: 420, task_name: DASH_FFT, resource_name: cpu2, ref_start_time: 2090109388287934, ref_stop_time: 2090109388312084, actual_exe_time: 24150, task_app_start_time:2090108129398151, task_sched_time:2090109388278094
app_id: 0, app_name: pulse_doppler_api-aarch64, task_id: 421, task_name: DASH_FFT, resource_name: cpu3, ref_start_time: 2090109392463334, ref_stop_time: 2090109392493184, actual_exe_time: 29850, task_app_start_time:2090108129398151, task_sched_time:2090109392458804
app_id: 0, app_name: pulse_doppler_api-aarch64, task_id: 422, task_name: DASH_ZIP, resource_name: zip1, ref_start_time: 2090109393717755, ref_stop_time: 2090109393771665, actual_exe_time: 53910, task_app_start_time:2090108129398151, task_sched_time:2090109393707585
app_id: 0, app_name: pulse_doppler_api-aarch64, task_id: 423, task_name: DASH_FFT, resource_name: cpu1, ref_start_time: 2090109400443936, ref_stop_time: 2090109400477326, actual_exe_time: 33390, task_app_start_time:2090108129398151, task_sched_time:2090109400437636
app_id: 0, app_name: pulse_doppler_api-aarch64, task_id: 424, task_name: DASH_FFT, resource_name: cpu2, ref_start_time: 2090109404273076, ref_stop_time: 2090109404296926, actual_exe_time: 23850, task_app_start_time:2090108129398151, task_sched_time:2090109404265336
app_id: 0, app_name: pulse_doppler_api-aarch64, task_id: 425, task_name: DASH_FFT, resource_name: cpu3, ref_start_time: 2090109404467386, ref_stop_time: 2090109404494086, actual_exe_time: 26700, task_app_start_time:2090108129398151, task_sched_time:2090109404462256
app_id: 0, app_name: pulse_doppler_api-aarch64, task_id: 426, task_name: DASH_ZIP, resource_name: zip1, ref_start_time: 2090109406995637, ref_stop_time: 2090109407042827, actual_exe_time: 47190, task_app_start_time:2090108129398151, task_sched_time:2090109406936357
app_id: 0, app_name: pulse_doppler_api-aarch64, task_id: 427, task_name: DASH_FFT, resource_name: cpu1, ref_start_time: 2090109407291737, ref_stop_time: 2090109407317237, actual_exe_time: 25500, task_app_start_time:2090108129398151, task_sched_time:2090109407246317
app_id: 0, app_name: pulse_doppler_api-aarch64, task_id: 428, task_name: DASH_FFT, resource_name: cpu2, ref_start_time: 2090109416321798, ref_stop_time: 2090109416349218, actual_exe_time: 27420, task_app_start_time:2090108129398151, task_sched_time:2090109416316008
app_id: 0, app_name: pulse_doppler_api-aarch64, task_id: 429, task_name: DASH_FFT, resource_name: cpu3, ref_start_time: 2090109416823728, ref_stop_time: 2090109416850638, actual_exe_time: 26910, task_app_start_time:2090108129398151, task_sched_time:2090109416815628
app_id: 0, app_name: pulse_doppler_api-aarch64, task_id: 430, task_name: DASH_ZIP, resource_name: zip1, ref_start_time: 2090109420983769, ref_stop_time: 2090109421032249, actual_exe_time: 48480, task_app_start_time:2090108129398151, task_sched_time:2090109420972159
app_id: 0, app_name: pulse_doppler_api-aarch64, task_id: 431, task_name: DASH_FFT, resource_name: cpu1, ref_start_time: 2090109424387540, ref_stop_time: 2090109424419490, actual_exe_time: 31950, task_app_start_time:2090108129398151, task_sched_time:2090109424375960
app_id: 0, app_name: pulse_doppler_api-aarch64, task_id: 432, task_name: DASH_FFT, resource_name: cpu2, ref_start_time: 2090109432945551, ref_stop_time: 2090109432975971, actual_exe_time: 30420, task_app_start_time:2090108129398151, task_sched_time:2090109432934151
app_id: 0, app_name: pulse_doppler_api-aarch64, task_id: 433, task_name: DASH_FFT, resource_name: cpu3, ref_start_time: 2090109433421051, ref_stop_time: 2090109433448081, actual_exe_time: 27030, task_app_start_time:2090108129398151, task_sched_time:2090109433414721
app_id: 0, app_name: pulse_doppler_api-aarch64, task_id: 434, task_name: DASH_ZIP, resource_name: zip1, ref_start_time: 2090109434598851, ref_stop_time: 2090109434645561, actual_exe_time: 46710, task_app_start_time:2090108129398151, task_sched_time:2090109434520161
app_id: 0, app_name: pulse_doppler_api-aarch64, task_id: 435, task_name: DASH_FFT, resource_name: cpu1, ref_start_time: 2090109440460732, ref_stop_time: 2090109440497032, actual_exe_time: 36300, task_app_start_time:2090108129398151, task_sched_time:2090109440452332
app_id: 0, app_name: pulse_doppler_api-aarch64, task_id: 436, task_name: DASH_FFT, resource_name: cpu2, ref_start_time: 2090109444550723, ref_stop_time: 2090109444577093, actual_exe_time: 26370, task_app_start_time:2090108129398151, task_sched_time:2090109444546403
app_id: 0, app_name: pulse_doppler_api-aarch64, task_id: 437, task_name: DASH_FFT, resource_name: cpu3, ref_start_time: 2090109447658633, ref_stop_time: 2090109447689023, actual_exe_time: 30390, task_app_start_time:2090108129398151, task_sched_time:2090109447502243
app_id: 0, app_name: pulse_doppler_api-aarch64, task_id: 438, task_name: DASH_ZIP, resource_name: zip1, ref_start_time: 2090109448025323, ref_stop_time: 2090109448071673, actual_exe_time: 46350, task_app_start_time:2090108129398151, task_sched_time:2090109447950953
app_id: 0, app_name: pulse_doppler_api-aarch64, task_id: 439, task_name: DASH_FFT, resource_name: cpu1, ref_start_time: 2090109452419904, ref_stop_time: 2090109452452454, actual_exe_time: 32550, task_app_start_time:2090108129398151, task_sched_time:2090109452410034
app_id: 0, app_name: pulse_doppler_api-aarch64, task_id: 440, task_name: DASH_FFT, resource_name: cpu2, ref_start_time: 2090109460691025, ref_stop_time: 2090109460718865, actual_exe_time: 27840, task_app_start_time:2090108129398151, task_sched_time:2090109460684275
app_id: 0, app_name: pulse_doppler_api-aarch64, task_id: 441, task_name: DASH_FFT, resource_name: cpu3, ref_start_time: 2090109461065275, ref_stop_time: 2090109461092785, actual_exe_time: 27510, task_app_start_time:2090108129398151, task_sched_time:2090109461057985
app_id: 0, app_name: pulse_doppler_api-aarch64, task_id: 442, task_name: DASH_ZIP, resource_name: zip1, ref_start_time: 2090109468774047, ref_stop_time: 2090109468826847, actual_exe_time: 52800, task_app_start_time:2090108129398151, task_sched_time:2090109468768077
app_id: 0, app_name: pulse_doppler_api-aarch64, task_id: 443, task_name: DASH_FFT, resource_name: cpu1, ref_start_time: 2090109469330487, ref_stop_time: 2090109469358447, actual_exe_time: 27960, task_app_start_time:2090108129398151, task_sched_time:2090109469326197
app_id: 0, app_name: pulse_doppler_api-aarch64, task_id: 444, task_name: DASH_FFT, resource_name: cpu2, ref_start_time: 2090109474955668, ref_stop_time: 2090109474982128, actual_exe_time: 26460, task_app_start_time:2090108129398151, task_sched_time:2090109474948408
app_id: 0, app_name: pulse_doppler_api-aarch64, task_id: 445, task_name: DASH_FFT, resource_name: cpu3, ref_start_time: 2090109475588248, ref_stop_time: 2090109475617078, actual_exe_time: 28830, task_app_start_time:2090108129398151, task_sched_time:2090109475579338
app_id: 0, app_name: pulse_doppler_api-aarch64, task_id: 446, task_name: DASH_ZIP, resource_name: zip1, ref_start_time: 2090109476351268, ref_stop_time: 2090109476396538, actual_exe_time: 45270, task_app_start_time:2090108129398151, task_sched_time:2090109476345628
app_id: 0, app_name: pulse_doppler_api-aarch64, task_id: 447, task_name: DASH_FFT, resource_name: cpu1, ref_start_time: 2090109476923278, ref_stop_time: 2090109476948208, actual_exe_time: 24930, task_app_start_time:2090108129398151, task_sched_time:2090109476918718
app_id: 0, app_name: pulse_doppler_api-aarch64, task_id: 448, task_name: DASH_FFT, resource_name: cpu2, ref_start_time: 2090109480146569, ref_stop_time: 2090109480178519, actual_exe_time: 31950, task_app_start_time:2090108129398151, task_sched_time:2090109477724158
app_id: 0, app_name: pulse_doppler_api-aarch64, task_id: 449, task_name: DASH_FFT, resource_name: cpu3, ref_start_time: 2090109484617589, ref_stop_time: 2090109484651519, actual_exe_time: 33930, task_app_start_time:2090108129398151, task_sched_time:2090109484610509
app_id: 0, app_name: pulse_doppler_api-aarch64, task_id: 450, task_name: DASH_ZIP, resource_name: zip1, ref_start_time: 2090109488386070, ref_stop_time: 2090109488433170, actual_exe_time: 47100, task_app_start_time:2090108129398151, task_sched_time:2090109488379650
app_id: 0, app_name: pulse_doppler_api-aarch64, task_id: 451, task_name: DASH_FFT, resource_name: cpu1, ref_start_time: 2090109488750600, ref_stop_time: 2090109488776130, actual_exe_time: 25530, task_app_start_time:2090108129398151, task_sched_time:2090109488748020
app_id: 0, app_name: pulse_doppler_api-aarch64, task_id: 452, task_name: DASH_FFT, resource_name: cpu2, ref_start_time: 2090109490496480, ref_stop_time: 2090109490522550, actual_exe_time: 26070, task_app_start_time:2090108129398151, task_sched_time:2090109490488290
app_id: 0, app_name: pulse_doppler_api-aarch64, task_id: 453, task_name: DASH_FFT, resource_name: cpu3, ref_start_time: 2090109491043530, ref_stop_time: 2090109491116610, actual_exe_time: 73080, task_app_start_time:2090108129398151, task_sched_time:2090109490860440
app_id: 0, app_name: pulse_doppler_api-aarch64, task_id: 454, task_name: DASH_ZIP, resource_name: zip1, ref_start_time: 2090109491364170, ref_stop_time: 2090109491408900, actual_exe_time: 44730, task_app_start_time:2090108129398151, task_sched_time:2090109491359880
app_id: 0, app_name: pulse_doppler_api-aarch64, task_id: 455, task_name: DASH_FFT, resource_name: cpu1, ref_start_time: 2090109496305621, ref_stop_time: 2090109496342581, actual_exe_time: 36960, task_app_start_time:2090108129398151, task_sched_time:2090109496297641
app_id: 0, app_name: pulse_doppler_api-aarch64, task_id: 456, task_name: DASH_FFT, resource_name: cpu2, ref_start_time: 2090109500293162, ref_stop_time: 2090109500324302, actual_exe_time: 31140, task_app_start_time:2090108129398151, task_sched_time:2090109500286622
app_id: 0, app_name: pulse_doppler_api-aarch64, task_id: 457, task_name: DASH_FFT, resource_name: cpu3, ref_start_time: 2090109504395212, ref_stop_time: 2090109504425542, actual_exe_time: 30330, task_app_start_time:2090108129398151, task_sched_time:2090109504388582
app_id: 0, app_name: pulse_doppler_api-aarch64, task_id: 458, task_name: DASH_ZIP, resource_name: zip1, ref_start_time: 2090109508765133, ref_stop_time: 2090109508818023, actual_exe_time: 52890, task_app_start_time:2090108129398151, task_sched_time:2090109508757363
app_id: 0, app_name: pulse_doppler_api-aarch64, task_id: 459, task_name: DASH_FFT, resource_name: cpu1, ref_start_time: 2090109512388984, ref_stop_time: 2090109512420994, actual_exe_time: 32010, task_app_start_time:2090108129398151, task_sched_time:2090109512381094
app_id: 0, app_name: pulse_doppler_api-aarch64, task_id: 460, task_name: DASH_FFT, resource_name: cpu2, ref_start_time: 2090109516254664, ref_stop_time: 2090109518046235, actual_exe_time: 1791571, task_app_start_time:2090108129398151, task_sched_time:2090109516246624
app_id: 0, app_name: pulse_doppler_api-aarch64, task_id: 461, task_name: DASH_FFT, resource_name: cpu3, ref_start_time: 2090109518806795, ref_stop_time: 2090109518835595, actual_exe_time: 28800, task_app_start_time:2090108129398151, task_sched_time:2090109518801935
app_id: 0, app_name: pulse_doppler_api-aarch64, task_id: 462, task_name: DASH_ZIP, resource_name: zip1, ref_start_time: 2090109528257906, ref_stop_time: 2090109528314456, actual_exe_time: 56550, task_app_start_time:2090108129398151, task_sched_time:2090109522592315
app_id: 0, app_name: pulse_doppler_api-aarch64, task_id: 463, task_name: DASH_FFT, resource_name: cpu1, ref_start_time: 2090109530901447, ref_stop_time: 2090109530930697, actual_exe_time: 29250, task_app_start_time:2090108129398151, task_sched_time:2090109530896107
app_id: 0, app_name: pulse_doppler_api-aarch64, task_id: 464, task_name: DASH_FFT, resource_name: cpu2, ref_start_time: 2090109531862077, ref_stop_time: 2090109531887097, actual_exe_time: 25020, task_app_start_time:2090108129398151, task_sched_time:2090109531847677
app_id: 0, app_name: pulse_doppler_api-aarch64, task_id: 465, task_name: DASH_FFT, resource_name: cpu3, ref_start_time: 2090109540264748, ref_stop_time: 2090109540305308, actual_exe_time: 40560, task_app_start_time:2090108129398151, task_sched_time:2090109540254158
app_id: 0, app_name: pulse_doppler_api-aarch64, task_id: 466, task_name: DASH_ZIP, resource_name: zip1, ref_start_time: 2090109540587128, ref_stop_time: 2090109540632278, actual_exe_time: 45150, task_app_start_time:2090108129398151, task_sched_time:2090109540578938
app_id: 0, app_name: pulse_doppler_api-aarch64, task_id: 467, task_name: DASH_FFT, resource_name: cpu1, ref_start_time: 2090109544999349, ref_stop_time: 2090109545028989, actual_exe_time: 29640, task_app_start_time:2090108129398151, task_sched_time:2090109544987349
app_id: 0, app_name: pulse_doppler_api-aarch64, task_id: 468, task_name: DASH_FFT, resource_name: cpu2, ref_start_time: 2090109545783489, ref_stop_time: 2090109545808359, actual_exe_time: 24870, task_app_start_time:2090108129398151, task_sched_time:2090109545745449
app_id: 0, app_name: pulse_doppler_api-aarch64, task_id: 469, task_name: DASH_FFT, resource_name: cpu3, ref_start_time: 2090109546150689, ref_stop_time: 2090109546466259, actual_exe_time: 315570, task_app_start_time:2090108129398151, task_sched_time:2090109546143969
app_id: 0, app_name: pulse_doppler_api-aarch64, task_id: 470, task_name: DASH_ZIP, resource_name: zip1, ref_start_time: 2090109552760860, ref_stop_time: 2090109552810540, actual_exe_time: 49680, task_app_start_time:2090108129398151, task_sched_time:2090109552756960
app_id: 0, app_name: pulse_doppler_api-aarch64, task_id: 471, task_name: DASH_FFT, resource_name: cpu1, ref_start_time: 2090109556704931, ref_stop_time: 2090109556734481, actual_exe_time: 29550, task_app_start_time:2090108129398151, task_sched_time:2090109556698211
app_id: 0, app_name: pulse_doppler_api-aarch64, task_id: 472, task_name: DASH_FFT, resource_name: cpu2, ref_start_time: 2090109556980301, ref_stop_time: 2090109557005111, actual_exe_time: 24810, task_app_start_time:2090108129398151, task_sched_time:2090109556975171
app_id: 0, app_name: pulse_doppler_api-aarch64, task_id: 473, task_name: DASH_FFT, resource_name: cpu3, ref_start_time: 2090109559957891, ref_stop_time: 2090109559987261, actual_exe_time: 29370, task_app_start_time:2090108129398151, task_sched_time:2090109559797421
app_id: 0, app_name: pulse_doppler_api-aarch64, task_id: 474, task_name: DASH_ZIP, resource_name: zip1, ref_start_time: 2090109564525182, ref_stop_time: 2090109564576722, actual_exe_time: 51540, task_app_start_time:2090108129398151, task_sched_time:2090109564514892
app_id: 0, app_name: pulse_doppler_api-aarch64, task_id: 475, task_name: DASH_FFT, resource_name: cpu1, ref_start_time: 2090109568365693, ref_stop_time: 2090109568395783, actual_exe_time: 30090, task_app_start_time:2090108129398151, task_sched_time:2090109568357473
app_id: 0, app_name: pulse_doppler_api-aarch64, task_id: 476, task_name: DASH_FFT, resource_name: cpu2, ref_start_time: 2090109572280093, ref_stop_time: 2090109572308413, actual_exe_time: 28320, task_app_start_time:2090108129398151, task_sched_time:2090109572274663
app_id: 0, app_name: pulse_doppler_api-aarch64, task_id: 477, task_name: DASH_FFT, resource_name: cpu3, ref_start_time: 2090109573394174, ref_stop_time: 2090109573422974, actual_exe_time: 28800, task_app_start_time:2090108129398151, task_sched_time:2090109573233584
app_id: 0, app_name: pulse_doppler_api-aarch64, task_id: 478, task_name: DASH_ZIP, resource_name: zip1, ref_start_time: 2090109576468604, ref_stop_time: 2090109576521944, actual_exe_time: 53340, task_app_start_time:2090108129398151, task_sched_time:2090109576459274
app_id: 0, app_name: pulse_doppler_api-aarch64, task_id: 479, task_name: DASH_FFT, resource_name: cpu1, ref_start_time: 2090109580685015, ref_stop_time: 2090109580717145, actual_exe_time: 32130, task_app_start_time:2090108129398151, task_sched_time:2090109580676555
app_id: 0, app_name: pulse_doppler_api-aarch64, task_id: 480, task_name: DASH_FFT, resource_name: cpu2, ref_start_time: 2090109586967316, ref_stop_time: 2090109587001246, actual_exe_time: 33930, task_app_start_time:2090108129398151, task_sched_time:2090109586957026
app_id: 0, app_name: pulse_doppler_api-aarch64, task_id: 481, task_name: DASH_FFT, resource_name: cpu3, ref_start_time: 2090109587890386, ref_stop_time: 2090109587918616, actual_exe_time: 28230, task_app_start_time:2090108129398151, task_sched_time:2090109587883216
app_id: 0, app_name: pulse_doppler_api-aarch64, task_id: 482, task_name: DASH_ZIP, resource_name: zip1, ref_start_time: 2090109592441507, ref_stop_time: 2090109592492897, actual_exe_time: 51390, task_app_start_time:2090108129398151, task_sched_time:2090109592431157
app_id: 0, app_name: pulse_doppler_api-aarch64, task_id: 483, task_name: DASH_FFT, resource_name: cpu1, ref_start_time: 2090109592718707, ref_stop_time: 2090109592746187, actual_exe_time: 27480, task_app_start_time:2090108129398151, task_sched_time:2090109592715707
app_id: 0, app_name: pulse_doppler_api-aarch64, task_id: 484, task_name: DASH_FFT, resource_name: cpu2, ref_start_time: 2090109596978977, ref_stop_time: 2090109597007087, actual_exe_time: 28110, task_app_start_time:2090108129398151, task_sched_time:2090109596974717
app_id: 0, app_name: pulse_doppler_api-aarch64, task_id: 485, task_name: DASH_FFT, resource_name: cpu3, ref_start_time: 2090109600286508, ref_stop_time: 2090109600315098, actual_exe_time: 28590, task_app_start_time:2090108129398151, task_sched_time:2090109600276758
app_id: 0, app_name: pulse_doppler_api-aarch64, task_id: 486, task_name: DASH_ZIP, resource_name: zip1, ref_start_time: 2090109604467039, ref_stop_time: 2090109604518489, actual_exe_time: 51450, task_app_start_time:2090108129398151, task_sched_time:2090109604458549
app_id: 0, app_name: pulse_doppler_api-aarch64, task_id: 487, task_name: DASH_FFT, resource_name: cpu1, ref_start_time: 2090109608644899, ref_stop_time: 2090109608677599, actual_exe_time: 32700, task_app_start_time:2090108129398151, task_sched_time:2090109608636379
app_id: 0, app_name: pulse_doppler_api-aarch64, task_id: 488, task_name: DASH_FFT, resource_name: cpu2, ref_start_time: 2090109612319270, ref_stop_time: 2090109612346780, actual_exe_time: 27510, task_app_start_time:2090108129398151, task_sched_time:2090109612311920
app_id: 0, app_name: pulse_doppler_api-aarch64, task_id: 489, task_name: DASH_FFT, resource_name: cpu3, ref_start_time: 2090109614951950, ref_stop_time: 2090109614981860, actual_exe_time: 29910, task_app_start_time:2090108129398151, task_sched_time:2090109614785810
app_id: 0, app_name: pulse_doppler_api-aarch64, task_id: 490, task_name: DASH_ZIP, resource_name: zip1, ref_start_time: 2090109620685731, ref_stop_time: 2090109620739191, actual_exe_time: 53460, task_app_start_time:2090108129398151, task_sched_time:2090109620677091
app_id: 0, app_name: pulse_doppler_api-aarch64, task_id: 491, task_name: DASH_FFT, resource_name: cpu1, ref_start_time: 2090109621240491, ref_stop_time: 2090109621268631, actual_exe_time: 28140, task_app_start_time:2090108129398151, task_sched_time:2090109621229901
app_id: 0, app_name: pulse_doppler_api-aarch64, task_id: 492, task_name: DASH_FFT, resource_name: cpu2, ref_start_time: 2090109628240872, ref_stop_time: 2090109628273752, actual_exe_time: 32880, task_app_start_time:2090108129398151, task_sched_time:2090109628234902
app_id: 0, app_name: pulse_doppler_api-aarch64, task_id: 493, task_name: DASH_FFT, resource_name: cpu3, ref_start_time: 2090109628853622, ref_stop_time: 2090109628980342, actual_exe_time: 126720, task_app_start_time:2090108129398151, task_sched_time:2090109628843872
app_id: 0, app_name: pulse_doppler_api-aarch64, task_id: 494, task_name: DASH_ZIP, resource_name: zip1, ref_start_time: 2090109632624683, ref_stop_time: 2090109632680423, actual_exe_time: 55740, task_app_start_time:2090108129398151, task_sched_time:2090109632615023
app_id: 0, app_name: pulse_doppler_api-aarch64, task_id: 495, task_name: DASH_FFT, resource_name: cpu1, ref_start_time: 2090109636393584, ref_stop_time: 2090109636425414, actual_exe_time: 31830, task_app_start_time:2090108129398151, task_sched_time:2090109636381674
app_id: 0, app_name: pulse_doppler_api-aarch64, task_id: 496, task_name: DASH_FFT, resource_name: cpu2, ref_start_time: 2090109640590734, ref_stop_time: 2090109640619744, actual_exe_time: 29010, task_app_start_time:2090108129398151, task_sched_time:2090109640583354
app_id: 0, app_name: pulse_doppler_api-aarch64, task_id: 497, task_name: DASH_FFT, resource_name: cpu3, ref_start_time: 2090109643106925, ref_stop_time: 2090109643137255, actual_exe_time: 30330, task_app_start_time:2090108129398151, task_sched_time:2090109642927675
app_id: 0, app_name: pulse_doppler_api-aarch64, task_id: 498, task_name: DASH_ZIP, resource_name: zip1, ref_start_time: 2090109648587386, ref_stop_time: 2090109648639226, actual_exe_time: 51840, task_app_start_time:2090108129398151, task_sched_time:2090109648575056
app_id: 0, app_name: pulse_doppler_api-aarch64, task_id: 499, task_name: DASH_FFT, resource_name: cpu1, ref_start_time: 2090109652644676, ref_stop_time: 2090109652675246, actual_exe_time: 30570, task_app_start_time:2090108129398151, task_sched_time:2090109652627276
app_id: 0, app_name: pulse_doppler_api-aarch64, task_id: 500, task_name: DASH_FFT, resource_name: cpu2, ref_start_time: 2090109656272967, ref_stop_time: 2090109656301797, actual_exe_time: 28830, task_app_start_time:2090108129398151, task_sched_time:2090109656264267
app_id: 0, app_name: pulse_doppler_api-aarch64, task_id: 501, task_name: DASH_FFT, resource_name: cpu3, ref_start_time: 2090109657113687, ref_stop_time: 2090109657141047, actual_exe_time: 27360, task_app_start_time:2090108129398151, task_sched_time:2090109656931647
app_id: 0, app_name: pulse_doppler_api-aarch64, task_id: 502, task_name: DASH_ZIP, resource_name: zip1, ref_start_time: 2090109660461988, ref_stop_time: 2090109660514188, actual_exe_time: 52200, task_app_start_time:2090108129398151, task_sched_time:2090109660455418
app_id: 0, app_name: pulse_doppler_api-aarch64, task_id: 503, task_name: DASH_FFT, resource_name: cpu1, ref_start_time: 2090109664600338, ref_stop_time: 2090109664632918, actual_exe_time: 32580, task_app_start_time:2090108129398151, task_sched_time:2090109664592628
app_id: 0, app_name: pulse_doppler_api-aarch64, task_id: 504, task_name: DASH_FFT, resource_name: cpu2, ref_start_time: 2090109670645309, ref_stop_time: 2090109670680499, actual_exe_time: 35190, task_app_start_time:2090108129398151, task_sched_time:2090109670640269
app_id: 0, app_name: pulse_doppler_api-aarch64, task_id: 505, task_name: DASH_FFT, resource_name: cpu3, ref_start_time: 2090109676747430, ref_stop_time: 2090109676789100, actual_exe_time: 41670, task_app_start_time:2090108129398151, task_sched_time:2090109676736000
app_id: 0, app_name: pulse_doppler_api-aarch64, task_id: 506, task_name: DASH_ZIP, resource_name: zip1, ref_start_time: 2090109677339540, ref_stop_time: 2090109677384870, actual_exe_time: 45330, task_app_start_time:2090108129398151, task_sched_time:2090109677336720
app_id: 0, app_name: pulse_doppler_api-aarch64, task_id: 507, task_name: DASH_FFT, resource_name: cpu1, ref_start_time: 2090109680326821, ref_stop_time: 2090109680354091, actual_exe_time: 27270, task_app_start_time:2090108129398151, task_sched_time:2090109680323701
app_id: 0, app_name: pulse_doppler_api-aarch64, task_id: 508, task_name: DASH_FFT, resource_name: cpu2, ref_start_time: 2090109684720591, ref_stop_time: 2090109684748701, actual_exe_time: 28110, task_app_start_time:2090108129398151, task_sched_time:2090109684710751
app_id: 0, app_name: pulse_doppler_api-aarch64, task_id: 509, task_name: DASH_FFT, resource_name: cpu3, ref_start_time: 2090109688327912, ref_stop_time: 2090109688366042, actual_exe_time: 38130, task_app_start_time:2090108129398151, task_sched_time:2090109688317652
app_id: 0, app_name: pulse_doppler_api-aarch64, task_id: 510, task_name: DASH_ZIP, resource_name: zip1, ref_start_time: 2090109692440253, ref_stop_time: 2090109692491523, actual_exe_time: 51270, task_app_start_time:2090108129398151, task_sched_time:2090109692435243
app_id: 0, app_name: pulse_doppler_api-aarch64, task_id: 511, task_name: DASH_FFT, resource_name: cpu1, ref_start_time: 2090109696349043, ref_stop_time: 2090109696378953, actual_exe_time: 29910, task_app_start_time:2090108129398151, task_sched_time:2090109696336713
