app_id: 0, app_name: SAR_api-aarch64, task_id: 0, task_name: DASH_FFT, resource_name: cpu1, ref_start_time: 2116691678685169, ref_stop_time: 2116691679251089, actual_exe_time: 565920, task_app_start_time:2116690715016524, task_sched_time:2116691678670649
app_id: 0, app_name: SAR_api-aarch64, task_id: 1, task_name: DASH_FFT, resource_name: cpu2, ref_start_time: 2116691687638130, ref_stop_time: 2116691687841320, actual_exe_time: 203190, task_app_start_time:2116690715016524, task_sched_time:2116691687517800
app_id: 0, app_name: SAR_api-aarch64, task_id: 2, task_name: DASH_ZIP, resource_name: cpu3, ref_start_time: 2116691690691621, ref_stop_time: 2116691690786121, actual_exe_time: 94500, task_app_start_time:2116690715016524, task_sched_time:2116691690685681
app_id: 0, app_name: SAR_api-aarch64, task_id: 3, task_name: DASH_FFT, resource_name: fft1, ref_start_time: 2116691694629931, ref_stop_time: 2116691695433751, actual_exe_time: 803820, task_app_start_time:2116690715016524, task_sched_time:2116691694619431
app_id: 0, app_name: SAR_api-aarch64, task_id: 4, task_name: DASH_FFT, resource_name: fft2, ref_start_time: 2116691701738222, ref_stop_time: 2116691701864342, actual_exe_time: 126120, task_app_start_time:2116690715016524, task_sched_time:2116691701604422
app_id: 0, app_name: SAR_api-aarch64, task_id: 5, task_name: DASH_ZIP, resource_name: zip1, ref_start_time: 2116691706772313, ref_stop_time: 2116691706943313, actual_exe_time: 171000, task_app_start_time:2116690715016524, task_sched_time:2116691706710933
app_id: 0, app_name: SAR_api-aarch64, task_id: 6, task_name: DASH_FFT, resource_name: cpu1, ref_start_time: 2116691710705704, ref_stop_time: 2116691710832934, actual_exe_time: 127230, task_app_start_time:2116690715016524, task_sched_time:2116691710665084
app_id: 0, app_name: SAR_api-aarch64, task_id: 7, task_name: DASH_FFT, resource_name: cpu2, ref_start_time: 2116691715392995, ref_stop_time: 2116691715503785, actual_exe_time: 110790, task_app_start_time:2116690715016524, task_sched_time:2116691715271884
app_id: 0, app_name: SAR_api-aarch64, task_id: 8, task_name: DASH_ZIP, resource_name: cpu3, ref_start_time: 2116691718742405, ref_stop_time: 2116691718824425, actual_exe_time: 82020, task_app_start_time:2116690715016524, task_sched_time:2116691718691855
app_id: 0, app_name: SAR_api-aarch64, task_id: 9, task_name: DASH_FFT, resource_name: fft1, ref_start_time: 2116691722662116, ref_stop_time: 2116691722800926, actual_exe_time: 138810, task_app_start_time:2116690715016524, task_sched_time:2116691722656266
app_id: 0, app_name: SAR_api-aarch64, task_id: 10, task_name: DASH_FFT, resource_name: fft2, ref_start_time: 2116691728805397, ref_stop_time: 2116691728894797, actual_exe_time: 89400, task_app_start_time:2116690715016524, task_sched_time:2116691728661187
app_id: 0, app_name: SAR_api-aarch64, task_id: 11, task_name: DASH_ZIP, resource_name: zip1, ref_start_time: 2116691734733128, ref_stop_time: 2116691734858738, actual_exe_time: 125610, task_app_start_time:2116690715016524, task_sched_time:2116691734663738
app_id: 0, app_name: SAR_api-aarch64, task_id: 12, task_name: DASH_FFT, resource_name: cpu1, ref_start_time: 2116691739108208, ref_stop_time: 2116691739223678, actual_exe_time: 115470, task_app_start_time:2116690715016524, task_sched_time:2116691739078808
app_id: 0, app_name: SAR_api-aarch64, task_id: 13, task_name: DASH_FFT, resource_name: cpu2, ref_start_time: 2116691742760229, ref_stop_time: 2116691742861179, actual_exe_time: 100950, task_app_start_time:2116690715016524, task_sched_time:2116691742753539
app_id: 0, app_name: SAR_api-aarch64, task_id: 14, task_name: DASH_ZIP, resource_name: cpu3, ref_start_time: 2116691746918800, ref_stop_time: 2116691746999740, actual_exe_time: 80940, task_app_start_time:2116690715016524, task_sched_time:2116691746842210
app_id: 0, app_name: SAR_api-aarch64, task_id: 15, task_name: DASH_FFT, resource_name: fft1, ref_start_time: 2116691751055590, ref_stop_time: 2116691751185370, actual_exe_time: 129780, task_app_start_time:2116690715016524, task_sched_time:2116691751048810
app_id: 0, app_name: SAR_api-aarch64, task_id: 16, task_name: DASH_FFT, resource_name: fft2, ref_start_time: 2116691751541680, ref_stop_time: 2116691751613440, actual_exe_time: 71760, task_app_start_time:2116690715016524, task_sched_time:2116691751538410
app_id: 0, app_name: SAR_api-aarch64, task_id: 17, task_name: DASH_ZIP, resource_name: zip1, ref_start_time: 2116691757461641, ref_stop_time: 2116691757585511, actual_exe_time: 123870, task_app_start_time:2116690715016524, task_sched_time:2116691757326851
app_id: 0, app_name: SAR_api-aarch64, task_id: 18, task_name: DASH_FFT, resource_name: cpu1, ref_start_time: 2116691758652071, ref_stop_time: 2116691758760851, actual_exe_time: 108780, task_app_start_time:2116690715016524, task_sched_time:2116691758646491
app_id: 0, app_name: SAR_api-aarch64, task_id: 19, task_name: DASH_FFT, resource_name: cpu2, ref_start_time: 2116691763426302, ref_stop_time: 2116691763530762, actual_exe_time: 104460, task_app_start_time:2116690715016524, task_sched_time:2116691763420212
app_id: 0, app_name: SAR_api-aarch64, task_id: 20, task_name: DASH_ZIP, resource_name: cpu3, ref_start_time: 2116691770598373, ref_stop_time: 2116691770687263, actual_exe_time: 88890, task_app_start_time:2116690715016524, task_sched_time:2116691770588593
app_id: 0, app_name: SAR_api-aarch64, task_id: 21, task_name: DASH_FFT, resource_name: fft1, ref_start_time: 2116691771412604, ref_stop_time: 2116691771535214, actual_exe_time: 122610, task_app_start_time:2116690715016524, task_sched_time:2116691771402794
app_id: 0, app_name: SAR_api-aarch64, task_id: 22, task_name: DASH_FFT, resource_name: fft2, ref_start_time: 2116691771942434, ref_stop_time: 2116691772020734, actual_exe_time: 78300, task_app_start_time:2116690715016524, task_sched_time:2116691771846014
app_id: 0, app_name: SAR_api-aarch64, task_id: 23, task_name: DASH_ZIP, resource_name: zip1, ref_start_time: 2116691778874925, ref_stop_time: 2116691779009805, actual_exe_time: 134880, task_app_start_time:2116690715016524, task_sched_time:2116691778868715
app_id: 0, app_name: SAR_api-aarch64, task_id: 24, task_name: DASH_FFT, resource_name: cpu1, ref_start_time: 2116691779251935, ref_stop_time: 2116691779359395, actual_exe_time: 107460, task_app_start_time:2116690715016524, task_sched_time:2116691779245035
app_id: 0, app_name: SAR_api-aarch64, task_id: 25, task_name: DASH_FFT, resource_name: cpu2, ref_start_time: 2116691785250856, ref_stop_time: 2116691785359456, actual_exe_time: 108600, task_app_start_time:2116690715016524, task_sched_time:2116691785118736
app_id: 0, app_name: SAR_api-aarch64, task_id: 26, task_name: DASH_ZIP, resource_name: cpu3, ref_start_time: 2116691791110277, ref_stop_time: 2116691791192087, actual_exe_time: 81810, task_app_start_time:2116690715016524, task_sched_time:2116691790968077
app_id: 0, app_name: SAR_api-aarch64, task_id: 27, task_name: DASH_FFT, resource_name: fft1, ref_start_time: 2116691794623067, ref_stop_time: 2116691794746757, actual_exe_time: 123690, task_app_start_time:2116690715016524, task_sched_time:2116691794611817
app_id: 0, app_name: SAR_api-aarch64, task_id: 28, task_name: DASH_FFT, resource_name: fft2, ref_start_time: 2116691798649548, ref_stop_time: 2116691798730908, actual_exe_time: 81360, task_app_start_time:2116690715016524, task_sched_time:2116691798642228
app_id: 0, app_name: SAR_api-aarch64, task_id: 29, task_name: DASH_ZIP, resource_name: zip1, ref_start_time: 2116691799483608, ref_stop_time: 2116691799610298, actual_exe_time: 126690, task_app_start_time:2116690715016524, task_sched_time:2116691799465368
app_id: 0, app_name: SAR_api-aarch64, task_id: 30, task_name: DASH_FFT, resource_name: cpu1, ref_start_time: 2116691806757379, ref_stop_time: 2116691806871199, actual_exe_time: 113820, task_app_start_time:2116690715016524, task_sched_time:2116691806751709
app_id: 0, app_name: SAR_api-aarch64, task_id: 31, task_name: DASH_FFT, resource_name: cpu2, ref_start_time: 2116691810623090, ref_stop_time: 2116691810725420, actual_exe_time: 102330, task_app_start_time:2116690715016524, task_sched_time:2116691810618590
app_id: 0, app_name: SAR_api-aarch64, task_id: 32, task_name: DASH_ZIP, resource_name: cpu3, ref_start_time: 2116691813614960, ref_stop_time: 2116691813693200, actual_exe_time: 78240, task_app_start_time:2116690715016524, task_sched_time:2116691813607970
app_id: 0, app_name: SAR_api-aarch64, task_id: 33, task_name: DASH_FFT, resource_name: fft1, ref_start_time: 2116691819567471, ref_stop_time: 2116691819700701, actual_exe_time: 133230, task_app_start_time:2116690715016524, task_sched_time:2116691819553221
app_id: 0, app_name: SAR_api-aarch64, task_id: 34, task_name: DASH_FFT, resource_name: fft2, ref_start_time: 2116691822647092, ref_stop_time: 2116691822723352, actual_exe_time: 76260, task_app_start_time:2116690715016524, task_sched_time:2116691822639262
app_id: 0, app_name: SAR_api-aarch64, task_id: 35, task_name: DASH_ZIP, resource_name: zip1, ref_start_time: 2116691826621732, ref_stop_time: 2116691826745632, actual_exe_time: 123900, task_app_start_time:2116690715016524, task_sched_time:2116691826614382
app_id: 0, app_name: SAR_api-aarch64, task_id: 36, task_name: DASH_FFT, resource_name: cpu1, ref_start_time: 2116691827873843, ref_stop_time: 2116691827990693, actual_exe_time: 116850, task_app_start_time:2116690715016524, task_sched_time:2116691827722823
app_id: 0, app_name: SAR_api-aarch64, task_id: 37, task_name: DASH_FFT, resource_name: cpu2, ref_start_time: 2116691835437954, ref_stop_time: 2116691835541724, actual_exe_time: 103770, task_app_start_time:2116690715016524, task_sched_time:2116691835429494
app_id: 0, app_name: SAR_api-aarch64, task_id: 38, task_name: DASH_ZIP, resource_name: cpu3, ref_start_time: 2116691838746054, ref_stop_time: 2116691838824474, actual_exe_time: 78420, task_app_start_time:2116690715016524, task_sched_time:2116691838607184
app_id: 0, app_name: SAR_api-aarch64, task_id: 39, task_name: DASH_FFT, resource_name: fft1, ref_start_time: 2116691847078886, ref_stop_time: 2116691847209026, actual_exe_time: 130140, task_app_start_time:2116690715016524, task_sched_time:2116691847063496
app_id: 0, app_name: SAR_api-aarch64, task_id: 40, task_name: DASH_FFT, resource_name: fft2, ref_start_time: 2116691850616906, ref_stop_time: 2116691850691126, actual_exe_time: 74220, task_app_start_time:2116690715016524, task_sched_time:2116691850612376
app_id: 0, app_name: SAR_api-aarch64, task_id: 41, task_name: DASH_ZIP, resource_name: zip1, ref_start_time: 2116691854672397, ref_stop_time: 2116691854795367, actual_exe_time: 122970, task_app_start_time:2116690715016524, task_sched_time:2116691854608287
app_id: 0, app_name: SAR_api-aarch64, task_id: 42, task_name: DASH_FFT, resource_name: cpu1, ref_start_time: 2116691856325007, ref_stop_time: 2116691856445907, actual_exe_time: 120900, task_app_start_time:2116690715016524, task_sched_time:2116691856244997
app_id: 0, app_name: SAR_api-aarch64, task_id: 43, task_name: DASH_FFT, resource_name: cpu2, ref_start_time: 2116691860097268, ref_stop_time: 2116691860202178, actual_exe_time: 104910, task_app_start_time:2116690715016524, task_sched_time:2116691858696148
app_id: 0, app_name: SAR_api-aarch64, task_id: 44, task_name: DASH_ZIP, resource_name: cpu3, ref_start_time: 2116691866593739, ref_stop_time: 2116691866679089, actual_exe_time: 85350, task_app_start_time:2116690715016524, task_sched_time:2116691866585609
app_id: 0, app_name: SAR_api-aarch64, task_id: 45, task_name: DASH_FFT, resource_name: fft1, ref_start_time: 2116691870180089, ref_stop_time: 2116691870312449, actual_exe_time: 132360, task_app_start_time:2116690715016524, task_sched_time:2116691870017339
app_id: 0, app_name: SAR_api-aarch64, task_id: 46, task_name: DASH_FFT, resource_name: fft2, ref_start_time: 2116691875039130, ref_stop_time: 2116691875116710, actual_exe_time: 77580, task_app_start_time:2116690715016524, task_sched_time:2116691875032290
app_id: 0, app_name: SAR_api-aarch64, task_id: 47, task_name: DASH_ZIP, resource_name: zip1, ref_start_time: 2116691882653221, ref_stop_time: 2116691883011991, actual_exe_time: 358770, task_app_start_time:2116690715016524, task_sched_time:2116691882648391
app_id: 0, app_name: SAR_api-aarch64, task_id: 48, task_name: DASH_FFT, resource_name: cpu1, ref_start_time: 2116691884590022, ref_stop_time: 2116691884711012, actual_exe_time: 120990, task_app_start_time:2116690715016524, task_sched_time:2116691884470802
app_id: 0, app_name: SAR_api-aarch64, task_id: 49, task_name: DASH_FFT, resource_name: cpu2, ref_start_time: 2116691891061713, ref_stop_time: 2116691891165093, actual_exe_time: 103380, task_app_start_time:2116690715016524, task_sched_time:2116691891056403
app_id: 0, app_name: SAR_api-aarch64, task_id: 50, task_name: DASH_ZIP, resource_name: cpu3, ref_start_time: 2116691891372873, ref_stop_time: 2116691891449013, actual_exe_time: 76140, task_app_start_time:2116690715016524, task_sched_time:2116691891366423
app_id: 0, app_name: SAR_api-aarch64, task_id: 51, task_name: DASH_FFT, resource_name: fft1, ref_start_time: 2116691898491724, ref_stop_time: 2116691898639534, actual_exe_time: 147810, task_app_start_time:2116690715016524, task_sched_time:2116691898394074
app_id: 0, app_name: SAR_api-aarch64, task_id: 52, task_name: DASH_FFT, resource_name: fft2, ref_start_time: 2116691899713834, ref_stop_time: 2116691899787694, actual_exe_time: 73860, task_app_start_time:2116690715016524, task_sched_time:2116691899706364
app_id: 0, app_name: SAR_api-aarch64, task_id: 53, task_name: DASH_ZIP, resource_name: zip1, ref_start_time: 2116691906607745, ref_stop_time: 2116691906979625, actual_exe_time: 371880, task_app_start_time:2116690715016524, task_sched_time:2116691906602045
app_id: 0, app_name: SAR_api-aarch64, task_id: 54, task_name: DASH_FFT, resource_name: cpu1, ref_start_time: 2116691912629946, ref_stop_time: 2116691912751926, actual_exe_time: 121980, task_app_start_time:2116690715016524, task_sched_time:2116691912461766
app_id: 0, app_name: SAR_api-aarch64, task_id: 55, task_name: DASH_FFT, resource_name: cpu2, ref_start_time: 2116691918801127, ref_stop_time: 2116691918902737, actual_exe_time: 101610, task_app_start_time:2116690715016524, task_sched_time:2116691918790117
app_id: 0, app_name: SAR_api-aarch64, task_id: 56, task_name: DASH_ZIP, resource_name: cpu3, ref_start_time: 2116691922779998, ref_stop_time: 2116691922859558, actual_exe_time: 79560, task_app_start_time:2116690715016524, task_sched_time:2116691922641668
app_id: 0, app_name: SAR_api-aarch64, task_id: 57, task_name: DASH_FFT, resource_name: fft1, ref_start_time: 2116691926774169, ref_stop_time: 2116691926906889, actual_exe_time: 132720, task_app_start_time:2116690715016524, task_sched_time:2116691926595158
app_id: 0, app_name: SAR_api-aarch64, task_id: 58, task_name: DASH_FFT, resource_name: fft2, ref_start_time: 2116691931262289, ref_stop_time: 2116691931341609, actual_exe_time: 79320, task_app_start_time:2116690715016524, task_sched_time:2116691931254369
app_id: 0, app_name: SAR_api-aarch64, task_id: 59, task_name: DASH_ZIP, resource_name: zip1, ref_start_time: 2116691938717410, ref_stop_time: 2116691938842960, actual_exe_time: 125550, task_app_start_time:2116690715016524, task_sched_time:2116691938657410
app_id: 0, app_name: SAR_api-aarch64, task_id: 60, task_name: DASH_FFT, resource_name: cpu1, ref_start_time: 2116691939095201, ref_stop_time: 2116691939210101, actual_exe_time: 114900, task_app_start_time:2116690715016524, task_sched_time:2116691939082511
app_id: 0, app_name: SAR_api-aarch64, task_id: 61, task_name: DASH_FFT, resource_name: cpu2, ref_start_time: 2116691941645321, ref_stop_time: 2116691941754881, actual_exe_time: 109560, task_app_start_time:2116690715016524, task_sched_time:2116691941641451
app_id: 0, app_name: SAR_api-aarch64, task_id: 62, task_name: DASH_ZIP, resource_name: cpu3, ref_start_time: 2116691951158862, ref_stop_time: 2116691951250122, actual_exe_time: 91260, task_app_start_time:2116690715016524, task_sched_time:2116691951147582
app_id: 0, app_name: SAR_api-aarch64, task_id: 63, task_name: DASH_FFT, resource_name: fft1, ref_start_time: 2116691954598423, ref_stop_time: 2116691954730063, actual_exe_time: 131640, task_app_start_time:2116690715016524, task_sched_time:2116691954575173
app_id: 0, app_name: SAR_api-aarch64, task_id: 64, task_name: DASH_FFT, resource_name: fft2, ref_start_time: 2116691955694293, ref_stop_time: 2116691955765963, actual_exe_time: 71670, task_app_start_time:2116690715016524, task_sched_time:2116691955690033
app_id: 0, app_name: SAR_api-aarch64, task_id: 65, task_name: DASH_ZIP, resource_name: zip1, ref_start_time: 2116691962935484, ref_stop_time: 2116691963062054, actual_exe_time: 126570, task_app_start_time:2116690715016524, task_sched_time:2116691962926724
app_id: 0, app_name: SAR_api-aarch64, task_id: 66, task_name: DASH_FFT, resource_name: cpu1, ref_start_time: 2116691963682754, ref_stop_time: 2116691963794114, actual_exe_time: 111360, task_app_start_time:2116690715016524, task_sched_time:2116691963677114
app_id: 0, app_name: SAR_api-aarch64, task_id: 67, task_name: DASH_FFT, resource_name: cpu2, ref_start_time: 2116691969069675, ref_stop_time: 2116691969168915, actual_exe_time: 99240, task_app_start_time:2116690715016524, task_sched_time:2116691969059595
app_id: 0, app_name: SAR_api-aarch64, task_id: 68, task_name: DASH_ZIP, resource_name: cpu3, ref_start_time: 2116691969860835, ref_stop_time: 2116691970308616, actual_exe_time: 447781, task_app_start_time:2116690715016524, task_sched_time:2116691969852615
app_id: 0, app_name: SAR_api-aarch64, task_id: 69, task_name: DASH_FFT, resource_name: fft1, ref_start_time: 2116691978691607, ref_stop_time: 2116691978822617, actual_exe_time: 131010, task_app_start_time:2116690715016524, task_sched_time:2116691978677177
app_id: 0, app_name: SAR_api-aarch64, task_id: 70, task_name: DASH_FFT, resource_name: fft2, ref_start_time: 2116691982910088, ref_stop_time: 2116691982986828, actual_exe_time: 76740, task_app_start_time:2116690715016524, task_sched_time:2116691982905828
app_id: 0, app_name: SAR_api-aarch64, task_id: 71, task_name: DASH_ZIP, resource_name: zip1, ref_start_time: 2116691983412438, ref_stop_time: 2116691983536368, actual_exe_time: 123930, task_app_start_time:2116690715016524, task_sched_time:2116691983357988
app_id: 0, app_name: SAR_api-aarch64, task_id: 72, task_name: DASH_FFT, resource_name: cpu1, ref_start_time: 2116691986755638, ref_stop_time: 2116691986869968, actual_exe_time: 114330, task_app_start_time:2116690715016524, task_sched_time:2116691986748378
app_id: 0, app_name: SAR_api-aarch64, task_id: 73, task_name: DASH_FFT, resource_name: cpu2, ref_start_time: 2116691990718879, ref_stop_time: 2116691994814869, actual_exe_time: 4095990, task_app_start_time:2116690715016524, task_sched_time:2116691990711769
app_id: 0, app_name: SAR_api-aarch64, task_id: 74, task_name: DASH_ZIP, resource_name: cpu3, ref_start_time: 2116691997300520, ref_stop_time: 2116691997380380, actual_exe_time: 79860, task_app_start_time:2116690715016524, task_sched_time:2116691997246760
app_id: 0, app_name: SAR_api-aarch64, task_id: 75, task_name: DASH_FFT, resource_name: fft1, ref_start_time: 2116691998798330, ref_stop_time: 2116691998922110, actual_exe_time: 123780, task_app_start_time:2116690715016524, task_sched_time:2116691998790470
app_id: 0, app_name: SAR_api-aarch64, task_id: 76, task_name: DASH_FFT, resource_name: fft2, ref_start_time: 2116692006604571, ref_stop_time: 2116692006682601, actual_exe_time: 78030, task_app_start_time:2116690715016524, task_sched_time:2116692006597011
app_id: 0, app_name: SAR_api-aarch64, task_id: 77, task_name: DASH_ZIP, resource_name: zip1, ref_start_time: 2116692010790802, ref_stop_time: 2116692010913592, actual_exe_time: 122790, task_app_start_time:2116690715016524, task_sched_time:2116692010786512
app_id: 0, app_name: SAR_api-aarch64, task_id: 78, task_name: DASH_FFT, resource_name: cpu1, ref_start_time: 2116692011879502, ref_stop_time: 2116692011998182, actual_exe_time: 118680, task_app_start_time:2116690715016524, task_sched_time:2116692011747232
app_id: 0, app_name: SAR_api-aarch64, task_id: 79, task_name: DASH_FFT, resource_name: cpu2, ref_start_time: 2116692019019623, ref_stop_time: 2116692019119583, actual_exe_time: 99960, task_app_start_time:2116690715016524, task_sched_time:2116692019010833
app_id: 0, app_name: SAR_api-aarch64, task_id: 80, task_name: DASH_ZIP, resource_name: cpu3, ref_start_time: 2116692019853564, ref_stop_time: 2116692019930814, actual_exe_time: 77250, task_app_start_time:2116690715016524, task_sched_time:2116692019811264
app_id: 0, app_name: SAR_api-aarch64, task_id: 81, task_name: DASH_FFT, resource_name: fft1, ref_start_time: 2116692022697024, ref_stop_time: 2116692022823594, actual_exe_time: 126570, task_app_start_time:2116690715016524, task_sched_time:2116692022608554
app_id: 0, app_name: SAR_api-aarch64, task_id: 82, task_name: DASH_FFT, resource_name: fft2, ref_start_time: 2116692025933364, ref_stop_time: 2116692026008214, actual_exe_time: 74850, task_app_start_time:2116690715016524, task_sched_time:2116692025928354
app_id: 0, app_name: SAR_api-aarch64, task_id: 83, task_name: DASH_ZIP, resource_name: zip1, ref_start_time: 2116692031140285, ref_stop_time: 2116692031265595, actual_exe_time: 125310, task_app_start_time:2116690715016524, task_sched_time:2116692030980205
app_id: 0, app_name: SAR_api-aarch64, task_id: 84, task_name: DASH_FFT, resource_name: cpu1, ref_start_time: 2116692038923877, ref_stop_time: 2116692039041357, actual_exe_time: 117480, task_app_start_time:2116690715016524, task_sched_time:2116692038916437
app_id: 0, app_name: SAR_api-aarch64, task_id: 85, task_name: DASH_FFT, resource_name: cpu2, ref_start_time: 2116692040060757, ref_stop_time: 2116692040152347, actual_exe_time: 91590, task_app_start_time:2116690715016524, task_sched_time:2116692040055987
app_id: 0, app_name: SAR_api-aarch64, task_id: 86, task_name: DASH_ZIP, resource_name: cpu3, ref_start_time: 2116692047019678, ref_stop_time: 2116692047104998, actual_exe_time: 85320, task_app_start_time:2116690715016524, task_sched_time:2116692047006328
app_id: 0, app_name: SAR_api-aarch64, task_id: 87, task_name: DASH_FFT, resource_name: fft1, ref_start_time: 2116692050575488, ref_stop_time: 2116692050706258, actual_exe_time: 130770, task_app_start_time:2116690715016524, task_sched_time:2116692050570028
app_id: 0, app_name: SAR_api-aarch64, task_id: 88, task_name: DASH_FFT, resource_name: fft2, ref_start_time: 2116692051251179, ref_stop_time: 2116692051321049, actual_exe_time: 69870, task_app_start_time:2116690715016524, task_sched_time:2116692051246769
app_id: 0, app_name: SAR_api-aarch64, task_id: 89, task_name: DASH_ZIP, resource_name: zip1, ref_start_time: 2116692053418919, ref_stop_time: 2116692053544859, actual_exe_time: 125940, task_app_start_time:2116690715016524, task_sched_time:2116692051921409
app_id: 0, app_name: SAR_api-aarch64, task_id: 90, task_name: DASH_FFT, resource_name: cpu1, ref_start_time: 2116692053895649, ref_stop_time: 2116692054010609, actual_exe_time: 114960, task_app_start_time:2116690715016524, task_sched_time:2116692053884549
app_id: 0, app_name: SAR_api-aarch64, task_id: 91, task_name: DASH_FFT, resource_name: cpu2, ref_start_time: 2116692055355929, ref_stop_time: 2116692055449619, actual_exe_time: 93690, task_app_start_time:2116690715016524, task_sched_time:2116692055347889
app_id: 0, app_name: SAR_api-aarch64, task_id: 92, task_name: DASH_ZIP, resource_name: cpu3, ref_start_time: 2116692058510700, ref_stop_time: 2116692058713500, actual_exe_time: 202800, task_app_start_time:2116690715016524, task_sched_time:2116692056404699
app_id: 0, app_name: SAR_api-aarch64, task_id: 93, task_name: DASH_FFT, resource_name: fft1, ref_start_time: 2116692059367920, ref_stop_time: 2116692059495030, actual_exe_time: 127110, task_app_start_time:2116690715016524, task_sched_time:2116692059354090
app_id: 0, app_name: SAR_api-aarch64, task_id: 94, task_name: DASH_FFT, resource_name: fft2, ref_start_time: 2116692062592380, ref_stop_time: 2116692062675450, actual_exe_time: 83070, task_app_start_time:2116690715016524, task_sched_time:2116692059964260
app_id: 0, app_name: SAR_api-aarch64, task_id: 95, task_name: DASH_ZIP, resource_name: zip1, ref_start_time: 2116692066734631, ref_stop_time: 2116692066856671, actual_exe_time: 122040, task_app_start_time:2116690715016524, task_sched_time:2116692066731271
app_id: 0, app_name: SAR_api-aarch64, task_id: 96, task_name: DASH_FFT, resource_name: cpu1, ref_start_time: 2116692067578051, ref_stop_time: 2116692067686801, actual_exe_time: 108750, task_app_start_time:2116690715016524, task_sched_time:2116692067567881
app_id: 0, app_name: SAR_api-aarch64, task_id: 97, task_name: DASH_FFT, resource_name: cpu2, ref_start_time: 2116692069449601, ref_stop_time: 2116692069546142, actual_exe_time: 96541, task_app_start_time:2116690715016524, task_sched_time:2116692069443511
app_id: 0, app_name: SAR_api-aarch64, task_id: 98, task_name: DASH_ZIP, resource_name: cpu3, ref_start_time: 2116692074667742, ref_stop_time: 2116692074751682, actual_exe_time: 83940, task_app_start_time:2116690715016524, task_sched_time:2116692074658502
app_id: 0, app_name: SAR_api-aarch64, task_id: 99, task_name: DASH_FFT, resource_name: fft1, ref_start_time: 2116692075725992, ref_stop_time: 2116692075847913, actual_exe_time: 121921, task_app_start_time:2116690715016524, task_sched_time:2116692075719302
app_id: 0, app_name: SAR_api-aarch64, task_id: 100, task_name: DASH_FFT, resource_name: fft2, ref_start_time: 2116692082579104, ref_stop_time: 2116692082655214, actual_exe_time: 76110, task_app_start_time:2116690715016524, task_sched_time:2116692082572114
app_id: 0, app_name: SAR_api-aarch64, task_id: 101, task_name: DASH_ZIP, resource_name: zip1, ref_start_time: 2116692083132304, ref_stop_time: 2116692083251914, actual_exe_time: 119610, task_app_start_time:2116690715016524, task_sched_time:2116692083124144
app_id: 0, app_name: SAR_api-aarch64, task_id: 102, task_name: DASH_FFT, resource_name: cpu1, ref_start_time: 2116692085322424, ref_stop_time: 2116692085831224, actual_exe_time: 508800, task_app_start_time:2116690715016524, task_sched_time:2116692085312914
app_id: 0, app_name: SAR_api-aarch64, task_id: 103, task_name: DASH_FFT, resource_name: cpu2, ref_start_time: 2116692094584566, ref_stop_time: 2116692094695386, actual_exe_time: 110820, task_app_start_time:2116690715016524, task_sched_time:2116692089754475
app_id: 0, app_name: SAR_api-aarch64, task_id: 104, task_name: DASH_ZIP, resource_name: cpu3, ref_start_time: 2116692095754656, ref_stop_time: 2116692095831456, actual_exe_time: 76800, task_app_start_time:2116690715016524, task_sched_time:2116692095749766
app_id: 0, app_name: SAR_api-aarch64, task_id: 105, task_name: DASH_FFT, resource_name: fft1, ref_start_time: 2116692096501446, ref_stop_time: 2116692096623216, actual_exe_time: 121770, task_app_start_time:2116690715016524, task_sched_time:2116692096488036
app_id: 0, app_name: SAR_api-aarch64, task_id: 106, task_name: DASH_FFT, resource_name: fft2, ref_start_time: 2116692098597276, ref_stop_time: 2116692098673386, actual_exe_time: 76110, task_app_start_time:2116690715016524, task_sched_time:2116692097206596
app_id: 0, app_name: SAR_api-aarch64, task_id: 107, task_name: DASH_ZIP, resource_name: zip1, ref_start_time: 2116692099384086, ref_stop_time: 2116692099506996, actual_exe_time: 122910, task_app_start_time:2116690715016524, task_sched_time:2116692099379796
app_id: 0, app_name: SAR_api-aarch64, task_id: 108, task_name: DASH_FFT, resource_name: cpu1, ref_start_time: 2116692103062567, ref_stop_time: 2116692103179717, actual_exe_time: 117150, task_app_start_time:2116690715016524, task_sched_time:2116692103047897
app_id: 0, app_name: SAR_api-aarch64, task_id: 109, task_name: DASH_FFT, resource_name: cpu2, ref_start_time: 2116692106734387, ref_stop_time: 2116692106841518, actual_exe_time: 107131, task_app_start_time:2116690715016524, task_sched_time:2116692106723557
app_id: 0, app_name: SAR_api-aarch64, task_id: 110, task_name: DASH_ZIP, resource_name: cpu3, ref_start_time: 2116692107750038, ref_stop_time: 2116692107825158, actual_exe_time: 75120, task_app_start_time:2116690715016524, task_sched_time:2116692107742028
app_id: 0, app_name: SAR_api-aarch64, task_id: 111, task_name: DASH_FFT, resource_name: fft1, ref_start_time: 2116692111017488, ref_stop_time: 2116692111138208, actual_exe_time: 120720, task_app_start_time:2116690715016524, task_sched_time:2116692111004858
app_id: 0, app_name: SAR_api-aarch64, task_id: 112, task_name: DASH_FFT, resource_name: fft2, ref_start_time: 2116692111594988, ref_stop_time: 2116692111664738, actual_exe_time: 69750, task_app_start_time:2116690715016524, task_sched_time:2116692111588148
app_id: 0, app_name: SAR_api-aarch64, task_id: 113, task_name: DASH_ZIP, resource_name: zip1, ref_start_time: 2116692112315198, ref_stop_time: 2116692112434568, actual_exe_time: 119370, task_app_start_time:2116690715016524, task_sched_time:2116692112233838
app_id: 0, app_name: SAR_api-aarch64, task_id: 114, task_name: DASH_FFT, resource_name: cpu1, ref_start_time: 2116692115059119, ref_stop_time: 2116692115169879, actual_exe_time: 110760, task_app_start_time:2116690715016524, task_sched_time:2116692115045949
app_id: 0, app_name: SAR_api-aarch64, task_id: 115, task_name: DASH_FFT, resource_name: cpu2, ref_start_time: 2116692117084899, ref_stop_time: 2116692117177269, actual_exe_time: 92370, task_app_start_time:2116690715016524, task_sched_time:2116692117077429
app_id: 0, app_name: SAR_api-aarch64, task_id: 116, task_name: DASH_ZIP, resource_name: cpu3, ref_start_time: 2116692122821500, ref_stop_time: 2116692122904540, actual_exe_time: 83040, task_app_start_time:2116690715016524, task_sched_time:2116692122680050
app_id: 0, app_name: SAR_api-aarch64, task_id: 117, task_name: DASH_FFT, resource_name: fft1, ref_start_time: 2116692123307230, ref_stop_time: 2116692123429570, actual_exe_time: 122340, task_app_start_time:2116690715016524, task_sched_time:2116692123301980
app_id: 0, app_name: SAR_api-aarch64, task_id: 118, task_name: DASH_FFT, resource_name: fft2, ref_start_time: 2116692126809701, ref_stop_time: 2116692126885541, actual_exe_time: 75840, task_app_start_time:2116690715016524, task_sched_time:2116692126763711
app_id: 0, app_name: SAR_api-aarch64, task_id: 119, task_name: DASH_ZIP, resource_name: zip1, ref_start_time: 2116692130926601, ref_stop_time: 2116692131049511, actual_exe_time: 122910, task_app_start_time:2116690715016524, task_sched_time:2116692130868461
app_id: 0, app_name: SAR_api-aarch64, task_id: 120, task_name: DASH_FFT, resource_name: cpu1, ref_start_time: 2116692131584351, ref_stop_time: 2116692131695742, actual_exe_time: 111391, task_app_start_time:2116690715016524, task_sched_time:2116692131577031
app_id: 0, app_name: SAR_api-aarch64, task_id: 121, task_name: DASH_FFT, resource_name: cpu2, ref_start_time: 2116692132607472, ref_stop_time: 2116692132702662, actual_exe_time: 95190, task_app_start_time:2116690715016524, task_sched_time:2116692132602552
app_id: 0, app_name: SAR_api-aarch64, task_id: 122, task_name: DASH_ZIP, resource_name: cpu3, ref_start_time: 2116692138906483, ref_stop_time: 2116692139275843, actual_exe_time: 369360, task_app_start_time:2116690715016524, task_sched_time:2116692138898743
app_id: 0, app_name: SAR_api-aarch64, task_id: 123, task_name: DASH_FFT, resource_name: fft1, ref_start_time: 2116692139817763, ref_stop_time: 2116692139939773, actual_exe_time: 122010, task_app_start_time:2116690715016524, task_sched_time:2116692139813593
app_id: 0, app_name: SAR_api-aarch64, task_id: 124, task_name: DASH_FFT, resource_name: fft2, ref_start_time: 2116692142600803, ref_stop_time: 2116692142673553, actual_exe_time: 72750, task_app_start_time:2116690715016524, task_sched_time:2116692142594533
app_id: 0, app_name: SAR_api-aarch64, task_id: 125, task_name: DASH_ZIP, resource_name: zip1, ref_start_time: 2116692146604664, ref_stop_time: 2116692146726824, actual_exe_time: 122160, task_app_start_time:2116690715016524, task_sched_time:2116692146601364
app_id: 0, app_name: SAR_api-aarch64, task_id: 126, task_name: DASH_FFT, resource_name: cpu1, ref_start_time: 2116692147260464, ref_stop_time: 2116692147366214, actual_exe_time: 105750, task_app_start_time:2116690715016524, task_sched_time:2116692147249004
app_id: 0, app_name: SAR_api-aarch64, task_id: 127, task_name: DASH_FFT, resource_name: cpu2, ref_start_time: 2116692148002604, ref_stop_time: 2116692148093504, actual_exe_time: 90900, task_app_start_time:2116690715016524, task_sched_time:2116692147996544
app_id: 0, app_name: SAR_api-aarch64, task_id: 128, task_name: DASH_ZIP, resource_name: cpu3, ref_start_time: 2116692150844145, ref_stop_time: 2116692150926345, actual_exe_time: 82200, task_app_start_time:2116690715016524, task_sched_time:2116692150761435
app_id: 0, app_name: SAR_api-aarch64, task_id: 129, task_name: DASH_FFT, resource_name: fft1, ref_start_time: 2116692154663355, ref_stop_time: 2116692154792115, actual_exe_time: 128760, task_app_start_time:2116690715016524, task_sched_time:2116692154650755
app_id: 0, app_name: SAR_api-aarch64, task_id: 130, task_name: DASH_FFT, resource_name: fft2, ref_start_time: 2116692155333645, ref_stop_time: 2116692155402105, actual_exe_time: 68460, task_app_start_time:2116690715016524, task_sched_time:2116692155325665
app_id: 0, app_name: SAR_api-aarch64, task_id: 131, task_name: DASH_ZIP, resource_name: zip1, ref_start_time: 2116692158612496, ref_stop_time: 2116692158732436, actual_exe_time: 119940, task_app_start_time:2116690715016524, task_sched_time:2116692158606466
app_id: 0, app_name: SAR_api-aarch64, task_id: 132, task_name: DASH_FFT, resource_name: cpu1, ref_start_time: 2116692162675306, ref_stop_time: 2116692162783847, actual_exe_time: 108541, task_app_start_time:2116690715016524, task_sched_time:2116692162664386
app_id: 0, app_name: SAR_api-aarch64, task_id: 133, task_name: DASH_FFT, resource_name: cpu2, ref_start_time: 2116692163317607, ref_stop_time: 2116692163408687, actual_exe_time: 91080, task_app_start_time:2116690715016524, task_sched_time:2116692163314157
app_id: 0, app_name: SAR_api-aarch64, task_id: 134, task_name: DASH_ZIP, resource_name: cpu3, ref_start_time: 2116692164177017, ref_stop_time: 2116692164259457, actual_exe_time: 82440, task_app_start_time:2116690715016524, task_sched_time:2116692164172877
app_id: 0, app_name: SAR_api-aarch64, task_id: 135, task_name: DASH_FFT, resource_name: fft1, ref_start_time: 2116692166849897, ref_stop_time: 2116692166976527, actual_exe_time: 126630, task_app_start_time:2116690715016524, task_sched_time:2116692166844827
app_id: 0, app_name: SAR_api-aarch64, task_id: 136, task_name: DASH_FFT, resource_name: fft2, ref_start_time: 2116692171281948, ref_stop_time: 2116692171358358, actual_exe_time: 76410, task_app_start_time:2116690715016524, task_sched_time:2116692171276428
app_id: 0, app_name: SAR_api-aarch64, task_id: 137, task_name: DASH_ZIP, resource_name: zip1, ref_start_time: 2116692174632528, ref_stop_time: 2116692174754178, actual_exe_time: 121650, task_app_start_time:2116690715016524, task_sched_time:2116692174625028
app_id: 0, app_name: SAR_api-aarch64, task_id: 138, task_name: DASH_FFT, resource_name: cpu1, ref_start_time: 2116692175281879, ref_stop_time: 2116692175389789, actual_exe_time: 107910, task_app_start_time:2116690715016524, task_sched_time:2116692175274649
app_id: 0, app_name: SAR_api-aarch64, task_id: 139, task_name: DASH_FFT, resource_name: cpu2, ref_start_time: 2116692178328709, ref_stop_time: 2116692178421349, actual_exe_time: 92640, task_app_start_time:2116690715016524, task_sched_time:2116692178324359
app_id: 0, app_name: SAR_api-aarch64, task_id: 140, task_name: DASH_ZIP, resource_name: cpu3, ref_start_time: 2116692179320119, ref_stop_time: 2116692179397489, actual_exe_time: 77370, task_app_start_time:2116690715016524, task_sched_time:2116692179315649
app_id: 0, app_name: SAR_api-aarch64, task_id: 141, task_name: DASH_FFT, resource_name: fft1, ref_start_time: 2116692182662930, ref_stop_time: 2116692182790790, actual_exe_time: 127860, task_app_start_time:2116690715016524, task_sched_time:2116692182653930
app_id: 0, app_name: SAR_api-aarch64, task_id: 142, task_name: DASH_FFT, resource_name: fft2, ref_start_time: 2116692186648850, ref_stop_time: 2116692186727480, actual_exe_time: 78630, task_app_start_time:2116690715016524, task_sched_time:2116692186641740
app_id: 0, app_name: SAR_api-aarch64, task_id: 143, task_name: DASH_ZIP, resource_name: zip1, ref_start_time: 2116692191099171, ref_stop_time: 2116692191222381, actual_exe_time: 123210, task_app_start_time:2116690715016524, task_sched_time:2116692190941881
app_id: 0, app_name: SAR_api-aarch64, task_id: 144, task_name: DASH_FFT, resource_name: cpu1, ref_start_time: 2116692193958352, ref_stop_time: 2116692194065122, actual_exe_time: 106770, task_app_start_time:2116690715016524, task_sched_time:2116692193953522
app_id: 0, app_name: SAR_api-aarch64, task_id: 145, task_name: DASH_FFT, resource_name: cpu2, ref_start_time: 2116692194897022, ref_stop_time: 2116692194989422, actual_exe_time: 92400, task_app_start_time:2116690715016524, task_sched_time:2116692194891652
app_id: 0, app_name: SAR_api-aarch64, task_id: 146, task_name: DASH_ZIP, resource_name: cpu3, ref_start_time: 2116692199171272, ref_stop_time: 2116692199486302, actual_exe_time: 315030, task_app_start_time:2116690715016524, task_sched_time:2116692199160262
app_id: 0, app_name: SAR_api-aarch64, task_id: 147, task_name: DASH_FFT, resource_name: fft1, ref_start_time: 2116692206664284, ref_stop_time: 2116692206789444, actual_exe_time: 125160, task_app_start_time:2116690715016524, task_sched_time:2116692206648444
app_id: 0, app_name: SAR_api-aarch64, task_id: 148, task_name: DASH_FFT, resource_name: fft2, ref_start_time: 2116692207326444, ref_stop_time: 2116692207394424, actual_exe_time: 67980, task_app_start_time:2116690715016524, task_sched_time:2116692207321824
app_id: 0, app_name: SAR_api-aarch64, task_id: 149, task_name: DASH_ZIP, resource_name: zip1, ref_start_time: 2116692208587524, ref_stop_time: 2116692208747004, actual_exe_time: 159480, task_app_start_time:2116690715016524, task_sched_time:2116692208583324
app_id: 0, app_name: SAR_api-aarch64, task_id: 150, task_name: DASH_FFT, resource_name: cpu1, ref_start_time: 2116692209534594, ref_stop_time: 2116692209641394, actual_exe_time: 106800, task_app_start_time:2116690715016524, task_sched_time:2116692209526914
app_id: 0, app_name: SAR_api-aarch64, task_id: 151, task_name: DASH_FFT, resource_name: cpu2, ref_start_time: 2116692215582745, ref_stop_time: 2116692215689575, actual_exe_time: 106830, task_app_start_time:2116690715016524, task_sched_time:2116692215577045
app_id: 0, app_name: SAR_api-aarch64, task_id: 152, task_name: DASH_ZIP, resource_name: cpu3, ref_start_time: 2116692216326445, ref_stop_time: 2116692216404205, actual_exe_time: 77760, task_app_start_time:2116690715016524, task_sched_time:2116692216300465
app_id: 0, app_name: SAR_api-aarch64, task_id: 153, task_name: DASH_FFT, resource_name: fft1, ref_start_time: 2116692218602695, ref_stop_time: 2116692218721616, actual_exe_time: 118921, task_app_start_time:2116690715016524, task_sched_time:2116692218596905
app_id: 0, app_name: SAR_api-aarch64, task_id: 154, task_name: DASH_FFT, resource_name: fft2, ref_start_time: 2116692222614746, ref_stop_time: 2116692222689236, actual_exe_time: 74490, task_app_start_time:2116690715016524, task_sched_time:2116692222611446
app_id: 0, app_name: SAR_api-aarch64, task_id: 155, task_name: DASH_ZIP, resource_name: zip1, ref_start_time: 2116692223907116, ref_stop_time: 2116692224026756, actual_exe_time: 119640, task_app_start_time:2116690715016524, task_sched_time:2116692223903156
app_id: 0, app_name: SAR_api-aarch64, task_id: 156, task_name: DASH_FFT, resource_name: cpu1, ref_start_time: 2116692225177077, ref_stop_time: 2116692225285107, actual_exe_time: 108030, task_app_start_time:2116690715016524, task_sched_time:2116692225172307
app_id: 0, app_name: SAR_api-aarch64, task_id: 157, task_name: DASH_FFT, resource_name: cpu2, ref_start_time: 2116692230717417, ref_stop_time: 2116692230822387, actual_exe_time: 104970, task_app_start_time:2116690715016524, task_sched_time:2116692230710757
app_id: 0, app_name: SAR_api-aarch64, task_id: 158, task_name: DASH_ZIP, resource_name: cpu3, ref_start_time: 2116692234623538, ref_stop_time: 2116692234701538, actual_exe_time: 78000, task_app_start_time:2116690715016524, task_sched_time:2116692234603408
app_id: 0, app_name: SAR_api-aarch64, task_id: 159, task_name: DASH_FFT, resource_name: fft1, ref_start_time: 2116692238116619, ref_stop_time: 2116692238234879, actual_exe_time: 118260, task_app_start_time:2116690715016524, task_sched_time:2116692238102699
app_id: 0, app_name: SAR_api-aarch64, task_id: 160, task_name: DASH_FFT, resource_name: fft2, ref_start_time: 2116692239229499, ref_stop_time: 2116692239300869, actual_exe_time: 71370, task_app_start_time:2116690715016524, task_sched_time:2116692239225179
app_id: 0, app_name: SAR_api-aarch64, task_id: 161, task_name: DASH_ZIP, resource_name: zip1, ref_start_time: 2116692247407410, ref_stop_time: 2116692247531070, actual_exe_time: 123660, task_app_start_time:2116690715016524, task_sched_time:2116692247402280
app_id: 0, app_name: SAR_api-aarch64, task_id: 162, task_name: DASH_FFT, resource_name: cpu1, ref_start_time: 2116692250679871, ref_stop_time: 2116692250796211, actual_exe_time: 116340, task_app_start_time:2116690715016524, task_sched_time:2116692250666461
app_id: 0, app_name: SAR_api-aarch64, task_id: 163, task_name: DASH_FFT, resource_name: cpu2, ref_start_time: 2116692253296921, ref_stop_time: 2116692253398831, actual_exe_time: 101910, task_app_start_time:2116690715016524, task_sched_time:2116692253291491
app_id: 0, app_name: SAR_api-aarch64, task_id: 164, task_name: DASH_ZIP, resource_name: cpu3, ref_start_time: 2116692259134592, ref_stop_time: 2116692259217662, actual_exe_time: 83070, task_app_start_time:2116690715016524, task_sched_time:2116692259074382
app_id: 0, app_name: SAR_api-aarch64, task_id: 165, task_name: DASH_FFT, resource_name: fft1, ref_start_time: 2116692266071643, ref_stop_time: 2116692266196593, actual_exe_time: 124950, task_app_start_time:2116690715016524, task_sched_time:2116692266059433
app_id: 0, app_name: SAR_api-aarch64, task_id: 166, task_name: DASH_FFT, resource_name: fft2, ref_start_time: 2116692267094613, ref_stop_time: 2116692267172403, actual_exe_time: 77790, task_app_start_time:2116690715016524, task_sched_time:2116692267085463
app_id: 0, app_name: SAR_api-aarch64, task_id: 167, task_name: DASH_ZIP, resource_name: zip1, ref_start_time: 2116692270825084, ref_stop_time: 2116692270950604, actual_exe_time: 125520, task_app_start_time:2116690715016524, task_sched_time:2116692270816594
app_id: 0, app_name: SAR_api-aarch64, task_id: 168, task_name: DASH_FFT, resource_name: cpu1, ref_start_time: 2116692274706155, ref_stop_time: 2116692275233735, actual_exe_time: 527580, task_app_start_time:2116690715016524, task_sched_time:2116692274699375
app_id: 0, app_name: SAR_api-aarch64, task_id: 169, task_name: DASH_FFT, resource_name: cpu2, ref_start_time: 2116692278664055, ref_stop_time: 2116692278768815, actual_exe_time: 104760, task_app_start_time:2116690715016524, task_sched_time:2116692278660155
app_id: 0, app_name: SAR_api-aarch64, task_id: 170, task_name: DASH_ZIP, resource_name: cpu3, ref_start_time: 2116692281189426, ref_stop_time: 2116692281268836, actual_exe_time: 79410, task_app_start_time:2116690715016524, task_sched_time:2116692281037956
app_id: 0, app_name: SAR_api-aarch64, task_id: 171, task_name: DASH_FFT, resource_name: fft1, ref_start_time: 2116692287214117, ref_stop_time: 2116692287345967, actual_exe_time: 131850, task_app_start_time:2116690715016524, task_sched_time:2116692287205777
app_id: 0, app_name: SAR_api-aarch64, task_id: 172, task_name: DASH_FFT, resource_name: fft2, ref_start_time: 2116692290917857, ref_stop_time: 2116692290992347, actual_exe_time: 74490, task_app_start_time:2116690715016524, task_sched_time:2116692290910957
app_id: 0, app_name: SAR_api-aarch64, task_id: 173, task_name: DASH_ZIP, resource_name: zip1, ref_start_time: 2116692295173598, ref_stop_time: 2116692295298098, actual_exe_time: 124500, task_app_start_time:2116690715016524, task_sched_time:2116692295119808
app_id: 0, app_name: SAR_api-aarch64, task_id: 174, task_name: DASH_FFT, resource_name: cpu1, ref_start_time: 2116692298934488, ref_stop_time: 2116692299050738, actual_exe_time: 116250, task_app_start_time:2116690715016524, task_sched_time:2116692298925278
app_id: 0, app_name: SAR_api-aarch64, task_id: 175, task_name: DASH_FFT, resource_name: cpu2, ref_start_time: 2116692302666579, ref_stop_time: 2116692302773589, actual_exe_time: 107010, task_app_start_time:2116690715016524, task_sched_time:2116692302657369
app_id: 0, app_name: SAR_api-aarch64, task_id: 176, task_name: DASH_ZIP, resource_name: cpu3, ref_start_time: 2116692306615600, ref_stop_time: 2116692306695190, actual_exe_time: 79590, task_app_start_time:2116690715016524, task_sched_time:2116692306611220
app_id: 0, app_name: SAR_api-aarch64, task_id: 177, task_name: DASH_FFT, resource_name: fft1, ref_start_time: 2116692309649260, ref_stop_time: 2116692309779100, actual_exe_time: 129840, task_app_start_time:2116690715016524, task_sched_time:2116692309638820
app_id: 0, app_name: SAR_api-aarch64, task_id: 178, task_name: DASH_FFT, resource_name: fft2, ref_start_time: 2116692314660671, ref_stop_time: 2116692314748511, actual_exe_time: 87840, task_app_start_time:2116690715016524, task_sched_time:2116692314655241
app_id: 0, app_name: SAR_api-aarch64, task_id: 179, task_name: DASH_ZIP, resource_name: zip1, ref_start_time: 2116692318626252, ref_stop_time: 2116692318750002, actual_exe_time: 123750, task_app_start_time:2116690715016524, task_sched_time:2116692318622322
app_id: 0, app_name: SAR_api-aarch64, task_id: 180, task_name: DASH_FFT, resource_name: cpu1, ref_start_time: 2116692322706462, ref_stop_time: 2116692322816592, actual_exe_time: 110130, task_app_start_time:2116690715016524, task_sched_time:2116692322700882
app_id: 0, app_name: SAR_api-aarch64, task_id: 181, task_name: DASH_FFT, resource_name: cpu2, ref_start_time: 2116692324045752, ref_stop_time: 2116692324150092, actual_exe_time: 104340, task_app_start_time:2116690715016524, task_sched_time:2116692323855432
app_id: 0, app_name: SAR_api-aarch64, task_id: 182, task_name: DASH_ZIP, resource_name: cpu3, ref_start_time: 2116692330888934, ref_stop_time: 2116692330970204, actual_exe_time: 81270, task_app_start_time:2116690715016524, task_sched_time:2116692330724414
app_id: 0, app_name: SAR_api-aarch64, task_id: 183, task_name: DASH_FFT, resource_name: fft1, ref_start_time: 2116692334620154, ref_stop_time: 2116692334746634, actual_exe_time: 126480, task_app_start_time:2116690715016524, task_sched_time:2116692334614154
app_id: 0, app_name: SAR_api-aarch64, task_id: 184, task_name: DASH_FFT, resource_name: fft2, ref_start_time: 2116692337495685, ref_stop_time: 2116692337573415, actual_exe_time: 77730, task_app_start_time:2116690715016524, task_sched_time:2116692337343165
app_id: 0, app_name: SAR_api-aarch64, task_id: 185, task_name: DASH_ZIP, resource_name: zip1, ref_start_time: 2116692343046856, ref_stop_time: 2116692343174626, actual_exe_time: 127770, task_app_start_time:2116690715016524, task_sched_time:2116692342960906
app_id: 0, app_name: SAR_api-aarch64, task_id: 186, task_name: DASH_FFT, resource_name: cpu1, ref_start_time: 2116692346689306, ref_stop_time: 2116692346798176, actual_exe_time: 108870, task_app_start_time:2116690715016524, task_sched_time:2116692346683216
app_id: 0, app_name: SAR_api-aarch64, task_id: 187, task_name: DASH_FFT, resource_name: cpu2, ref_start_time: 2116692351128107, ref_stop_time: 2116692351236497, actual_exe_time: 108390, task_app_start_time:2116690715016524, task_sched_time:2116692351121267
app_id: 0, app_name: SAR_api-aarch64, task_id: 188, task_name: DASH_ZIP, resource_name: cpu3, ref_start_time: 2116692352479127, ref_stop_time: 2116692352556767, actual_exe_time: 77640, task_app_start_time:2116690715016524, task_sched_time:2116692352472347
app_id: 0, app_name: SAR_api-aarch64, task_id: 189, task_name: DASH_FFT, resource_name: fft1, ref_start_time: 2116692358861478, ref_stop_time: 2116692358990058, actual_exe_time: 128580, task_app_start_time:2116690715016524, task_sched_time:2116692358852388
app_id: 0, app_name: SAR_api-aarch64, task_id: 190, task_name: DASH_FFT, resource_name: fft2, ref_start_time: 2116692359569898, ref_stop_time: 2116692359643638, actual_exe_time: 73740, task_app_start_time:2116690715016524, task_sched_time:2116692359559878
app_id: 0, app_name: SAR_api-aarch64, task_id: 191, task_name: DASH_ZIP, resource_name: zip1, ref_start_time: 2116692365946579, ref_stop_time: 2116692366072729, actual_exe_time: 126150, task_app_start_time:2116690715016524, task_sched_time:2116692365868219
app_id: 0, app_name: SAR_api-aarch64, task_id: 192, task_name: DASH_FFT, resource_name: cpu1, ref_start_time: 2116692366682719, ref_stop_time: 2116692366788649, actual_exe_time: 105930, task_app_start_time:2116690715016524, task_sched_time:2116692366674829
app_id: 0, app_name: SAR_api-aarch64, task_id: 193, task_name: DASH_FFT, resource_name: cpu2, ref_start_time: 2116692370629700, ref_stop_time: 2116692370933360, actual_exe_time: 303660, task_app_start_time:2116690715016524, task_sched_time:2116692370623460
app_id: 0, app_name: SAR_api-aarch64, task_id: 194, task_name: DASH_ZIP, resource_name: cpu3, ref_start_time: 2116692374968091, ref_stop_time: 2116692375049451, actual_exe_time: 81360, task_app_start_time:2116690715016524, task_sched_time:2116692374854421
app_id: 0, app_name: SAR_api-aarch64, task_id: 195, task_name: DASH_FFT, resource_name: fft1, ref_start_time: 2116692379098881, ref_stop_time: 2116692379225241, actual_exe_time: 126360, task_app_start_time:2116690715016524, task_sched_time:2116692379090751
app_id: 0, app_name: SAR_api-aarch64, task_id: 196, task_name: DASH_FFT, resource_name: fft2, ref_start_time: 2116692380700582, ref_stop_time: 2116692380777172, actual_exe_time: 76590, task_app_start_time:2116690715016524, task_sched_time:2116692380546052
app_id: 0, app_name: SAR_api-aarch64, task_id: 197, task_name: DASH_ZIP, resource_name: zip1, ref_start_time: 2116692386713693, ref_stop_time: 2116692387146083, actual_exe_time: 432390, task_app_start_time:2116690715016524, task_sched_time:2116692386704603
app_id: 0, app_name: SAR_api-aarch64, task_id: 198, task_name: DASH_FFT, resource_name: cpu1, ref_start_time: 2116692390680023, ref_stop_time: 2116692390791803, actual_exe_time: 111780, task_app_start_time:2116690715016524, task_sched_time:2116692390668053
app_id: 0, app_name: SAR_api-aarch64, task_id: 199, task_name: DASH_FFT, resource_name: cpu2, ref_start_time: 2116692394736834, ref_stop_time: 2116692394845764, actual_exe_time: 108930, task_app_start_time:2116690715016524, task_sched_time:2116692394598564
app_id: 0, app_name: SAR_api-aarch64, task_id: 200, task_name: DASH_ZIP, resource_name: cpu3, ref_start_time: 2116692402605835, ref_stop_time: 2116692402875685, actual_exe_time: 269850, task_app_start_time:2116690715016524, task_sched_time:2116692402598335
app_id: 0, app_name: SAR_api-aarch64, task_id: 201, task_name: DASH_FFT, resource_name: fft1, ref_start_time: 2116692406611496, ref_stop_time: 2116692406735786, actual_exe_time: 124290, task_app_start_time:2116690715016524, task_sched_time:2116692406605856
app_id: 0, app_name: SAR_api-aarch64, task_id: 202, task_name: DASH_FFT, resource_name: fft2, ref_start_time: 2116692408758446, ref_stop_time: 2116692408836866, actual_exe_time: 78420, task_app_start_time:2116690715016524, task_sched_time:2116692408593836
app_id: 0, app_name: SAR_api-aarch64, task_id: 203, task_name: DASH_ZIP, resource_name: zip1, ref_start_time: 2116692414609317, ref_stop_time: 2116692414740447, actual_exe_time: 131130, task_app_start_time:2116690715016524, task_sched_time:2116692414600497
app_id: 0, app_name: SAR_api-aarch64, task_id: 204, task_name: DASH_FFT, resource_name: cpu1, ref_start_time: 2116692418690338, ref_stop_time: 2116692418801158, actual_exe_time: 110820, task_app_start_time:2116690715016524, task_sched_time:2116692418677738
app_id: 0, app_name: SAR_api-aarch64, task_id: 205, task_name: DASH_FFT, resource_name: cpu2, ref_start_time: 2116692422494878, ref_stop_time: 2116692422642898, actual_exe_time: 148020, task_app_start_time:2116690715016524, task_sched_time:2116692422349528
app_id: 0, app_name: SAR_api-aarch64, task_id: 206, task_name: DASH_ZIP, resource_name: cpu3, ref_start_time: 2116692423259188, ref_stop_time: 2116692423342828, actual_exe_time: 83640, task_app_start_time:2116690715016524, task_sched_time:2116692423255678
app_id: 0, app_name: SAR_api-aarch64, task_id: 207, task_name: DASH_FFT, resource_name: fft1, ref_start_time: 2116692426673519, ref_stop_time: 2116692426799999, actual_exe_time: 126480, task_app_start_time:2116690715016524, task_sched_time:2116692426661159
app_id: 0, app_name: SAR_api-aarch64, task_id: 208, task_name: DASH_FFT, resource_name: fft2, ref_start_time: 2116692431001380, ref_stop_time: 2116692431086940, actual_exe_time: 85560, task_app_start_time:2116690715016524, task_sched_time:2116692430992410
app_id: 0, app_name: SAR_api-aarch64, task_id: 209, task_name: DASH_ZIP, resource_name: zip1, ref_start_time: 2116692434643950, ref_stop_time: 2116692434766140, actual_exe_time: 122190, task_app_start_time:2116690715016524, task_sched_time:2116692434633450
app_id: 0, app_name: SAR_api-aarch64, task_id: 210, task_name: DASH_FFT, resource_name: cpu1, ref_start_time: 2116692437531121, ref_stop_time: 2116692437649501, actual_exe_time: 118380, task_app_start_time:2116690715016524, task_sched_time:2116692437525241
app_id: 0, app_name: SAR_api-aarch64, task_id: 211, task_name: DASH_FFT, resource_name: cpu2, ref_start_time: 2116692438926751, ref_stop_time: 2116692439029651, actual_exe_time: 102900, task_app_start_time:2116690715016524, task_sched_time:2116692438918321
app_id: 0, app_name: SAR_api-aarch64, task_id: 212, task_name: DASH_ZIP, resource_name: cpu3, ref_start_time: 2116692442974202, ref_stop_time: 2116692443052592, actual_exe_time: 78390, task_app_start_time:2116690715016524, task_sched_time:2116692442930282
app_id: 0, app_name: SAR_api-aarch64, task_id: 213, task_name: DASH_FFT, resource_name: fft1, ref_start_time: 2116692450800903, ref_stop_time: 2116692450922793, actual_exe_time: 121890, task_app_start_time:2116690715016524, task_sched_time:2116692450785753
app_id: 0, app_name: SAR_api-aarch64, task_id: 214, task_name: DASH_FFT, resource_name: fft2, ref_start_time: 2116692451958183, ref_stop_time: 2116692452036333, actual_exe_time: 78150, task_app_start_time:2116690715016524, task_sched_time:2116692451799723
app_id: 0, app_name: SAR_api-aarch64, task_id: 215, task_name: DASH_ZIP, resource_name: zip1, ref_start_time: 2116692458840844, ref_stop_time: 2116692458979024, actual_exe_time: 138180, task_app_start_time:2116690715016524, task_sched_time:2116692458834094
app_id: 0, app_name: SAR_api-aarch64, task_id: 216, task_name: DASH_FFT, resource_name: cpu1, ref_start_time: 2116692462673285, ref_stop_time: 2116692462788815, actual_exe_time: 115530, task_app_start_time:2116690715016524, task_sched_time:2116692462667795
app_id: 0, app_name: SAR_api-aarch64, task_id: 217, task_name: DASH_FFT, resource_name: cpu2, ref_start_time: 2116692464819035, ref_stop_time: 2116692464917855, actual_exe_time: 98820, task_app_start_time:2116690715016524, task_sched_time:2116692463284145
app_id: 0, app_name: SAR_api-aarch64, task_id: 218, task_name: DASH_ZIP, resource_name: cpu3, ref_start_time: 2116692465525715, ref_stop_time: 2116692465603865, actual_exe_time: 78150, task_app_start_time:2116690715016524, task_sched_time:2116692465505585
app_id: 0, app_name: SAR_api-aarch64, task_id: 219, task_name: DASH_FFT, resource_name: fft1, ref_start_time: 2116692466062235, ref_stop_time: 2116692466181155, actual_exe_time: 118920, task_app_start_time:2116690715016524, task_sched_time:2116692466057165
app_id: 0, app_name: SAR_api-aarch64, task_id: 220, task_name: DASH_FFT, resource_name: fft2, ref_start_time: 2116692470665586, ref_stop_time: 2116692470748446, actual_exe_time: 82860, task_app_start_time:2116690715016524, task_sched_time:2116692470658836
app_id: 0, app_name: SAR_api-aarch64, task_id: 221, task_name: DASH_ZIP, resource_name: zip1, ref_start_time: 2116692474598647, ref_stop_time: 2116692474723267, actual_exe_time: 124620, task_app_start_time:2116690715016524, task_sched_time:2116692471559616
app_id: 0, app_name: SAR_api-aarch64, task_id: 222, task_name: DASH_FFT, resource_name: cpu1, ref_start_time: 2116692479235387, ref_stop_time: 2116692479345277, actual_exe_time: 109890, task_app_start_time:2116690715016524, task_sched_time:2116692479229237
app_id: 0, app_name: SAR_api-aarch64, task_id: 223, task_name: DASH_FFT, resource_name: cpu2, ref_start_time: 2116692479892658, ref_stop_time: 2116692479985688, actual_exe_time: 93030, task_app_start_time:2116690715016524, task_sched_time:2116692479884918
app_id: 0, app_name: SAR_api-aarch64, task_id: 224, task_name: DASH_ZIP, resource_name: cpu3, ref_start_time: 2116692481132258, ref_stop_time: 2116692481208818, actual_exe_time: 76560, task_app_start_time:2116690715016524, task_sched_time:2116692481122808
app_id: 0, app_name: SAR_api-aarch64, task_id: 225, task_name: DASH_FFT, resource_name: fft1, ref_start_time: 2116692482014438, ref_stop_time: 2116692482135458, actual_exe_time: 121020, task_app_start_time:2116690715016524, task_sched_time:2116692482004298
app_id: 0, app_name: SAR_api-aarch64, task_id: 226, task_name: DASH_FFT, resource_name: fft2, ref_start_time: 2116692482643718, ref_stop_time: 2116692482718208, actual_exe_time: 74490, task_app_start_time:2116690715016524, task_sched_time:2116692482633908
app_id: 0, app_name: SAR_api-aarch64, task_id: 227, task_name: DASH_ZIP, resource_name: zip1, ref_start_time: 2116692485102998, ref_stop_time: 2116692485233018, actual_exe_time: 130020, task_app_start_time:2116690715016524, task_sched_time:2116692483516088
app_id: 0, app_name: SAR_api-aarch64, task_id: 228, task_name: DASH_FFT, resource_name: cpu1, ref_start_time: 2116692490880789, ref_stop_time: 2116692490994609, actual_exe_time: 113820, task_app_start_time:2116690715016524, task_sched_time:2116692490871099
app_id: 0, app_name: SAR_api-aarch64, task_id: 229, task_name: DASH_FFT, resource_name: cpu2, ref_start_time: 2116692494812920, ref_stop_time: 2116692494914560, actual_exe_time: 101640, task_app_start_time:2116690715016524, task_sched_time:2116692494808060
app_id: 0, app_name: SAR_api-aarch64, task_id: 230, task_name: DASH_ZIP, resource_name: cpu3, ref_start_time: 2116692496280040, ref_stop_time: 2116692496357290, actual_exe_time: 77250, task_app_start_time:2116690715016524, task_sched_time:2116692496274010
app_id: 0, app_name: SAR_api-aarch64, task_id: 231, task_name: DASH_FFT, resource_name: fft1, ref_start_time: 2116692496943160, ref_stop_time: 2116692497060730, actual_exe_time: 117570, task_app_start_time:2116690715016524, task_sched_time:2116692496933860
app_id: 0, app_name: SAR_api-aarch64, task_id: 232, task_name: DASH_FFT, resource_name: fft2, ref_start_time: 2116692498846931, ref_stop_time: 2116692498926371, actual_exe_time: 79440, task_app_start_time:2116690715016524, task_sched_time:2116692498840811
app_id: 0, app_name: SAR_api-aarch64, task_id: 233, task_name: DASH_ZIP, resource_name: zip1, ref_start_time: 2116692506575502, ref_stop_time: 2116692506702582, actual_exe_time: 127080, task_app_start_time:2116690715016524, task_sched_time:2116692502276261
app_id: 0, app_name: SAR_api-aarch64, task_id: 234, task_name: DASH_FFT, resource_name: cpu1, ref_start_time: 2116692507847952, ref_stop_time: 2116692507956162, actual_exe_time: 108210, task_app_start_time:2116690715016524, task_sched_time:2116692507844772
app_id: 0, app_name: SAR_api-aarch64, task_id: 235, task_name: DASH_FFT, resource_name: cpu2, ref_start_time: 2116692508546022, ref_stop_time: 2116692508638422, actual_exe_time: 92400, task_app_start_time:2116690715016524, task_sched_time:2116692508539932
app_id: 0, app_name: SAR_api-aarch64, task_id: 236, task_name: DASH_ZIP, resource_name: cpu3, ref_start_time: 2116692510577682, ref_stop_time: 2116692510656492, actual_exe_time: 78810, task_app_start_time:2116690715016524, task_sched_time:2116692509245322
app_id: 0, app_name: SAR_api-aarch64, task_id: 237, task_name: DASH_FFT, resource_name: fft1, ref_start_time: 2116692511256103, ref_stop_time: 2116692511374783, actual_exe_time: 118680, task_app_start_time:2116690715016524, task_sched_time:2116692511251273
app_id: 0, app_name: SAR_api-aarch64, task_id: 238, task_name: DASH_FFT, resource_name: fft2, ref_start_time: 2116692511819233, ref_stop_time: 2116692511896183, actual_exe_time: 76950, task_app_start_time:2116690715016524, task_sched_time:2116692511815123
app_id: 0, app_name: SAR_api-aarch64, task_id: 239, task_name: DASH_ZIP, resource_name: zip1, ref_start_time: 2116692512437233, ref_stop_time: 2116692512559273, actual_exe_time: 122040, task_app_start_time:2116690715016524, task_sched_time:2116692512433063
app_id: 0, app_name: SAR_api-aarch64, task_id: 240, task_name: DASH_FFT, resource_name: cpu1, ref_start_time: 2116692513042873, ref_stop_time: 2116692513145893, actual_exe_time: 103020, task_app_start_time:2116690715016524, task_sched_time:2116692513036723
app_id: 0, app_name: SAR_api-aarch64, task_id: 241, task_name: DASH_FFT, resource_name: cpu2, ref_start_time: 2116692515277543, ref_stop_time: 2116692515379603, actual_exe_time: 102060, task_app_start_time:2116690715016524, task_sched_time:2116692515269833
app_id: 0, app_name: SAR_api-aarch64, task_id: 242, task_name: DASH_ZIP, resource_name: cpu3, ref_start_time: 2116692518635324, ref_stop_time: 2116692518713654, actual_exe_time: 78330, task_app_start_time:2116690715016524, task_sched_time:2116692518626114
app_id: 0, app_name: SAR_api-aarch64, task_id: 243, task_name: DASH_FFT, resource_name: fft1, ref_start_time: 2116692519352174, ref_stop_time: 2116692519477604, actual_exe_time: 125430, task_app_start_time:2116690715016524, task_sched_time:2116692519346234
app_id: 0, app_name: SAR_api-aarch64, task_id: 244, task_name: DASH_FFT, resource_name: fft2, ref_start_time: 2116692522590854, ref_stop_time: 2116692522670144, actual_exe_time: 79290, task_app_start_time:2116690715016524, task_sched_time:2116692520231534
app_id: 0, app_name: SAR_api-aarch64, task_id: 245, task_name: DASH_ZIP, resource_name: zip1, ref_start_time: 2116692523377635, ref_stop_time: 2116692523496375, actual_exe_time: 118740, task_app_start_time:2116690715016524, task_sched_time:2116692523373555
app_id: 0, app_name: SAR_api-aarch64, task_id: 246, task_name: DASH_FFT, resource_name: cpu1, ref_start_time: 2116692524338595, ref_stop_time: 2116692524442755, actual_exe_time: 104160, task_app_start_time:2116690715016524, task_sched_time:2116692524330675
app_id: 0, app_name: SAR_api-aarch64, task_id: 247, task_name: DASH_FFT, resource_name: cpu2, ref_start_time: 2116692527890775, ref_stop_time: 2116692527991515, actual_exe_time: 100740, task_app_start_time:2116690715016524, task_sched_time:2116692525141725
app_id: 0, app_name: SAR_api-aarch64, task_id: 248, task_name: DASH_ZIP, resource_name: cpu3, ref_start_time: 2116692528785525, ref_stop_time: 2116692528860015, actual_exe_time: 74490, task_app_start_time:2116690715016524, task_sched_time:2116692528779465
app_id: 0, app_name: SAR_api-aarch64, task_id: 249, task_name: DASH_FFT, resource_name: fft1, ref_start_time: 2116692529576746, ref_stop_time: 2116692529697676, actual_exe_time: 120930, task_app_start_time:2116690715016524, task_sched_time:2116692529568916
app_id: 0, app_name: SAR_api-aarch64, task_id: 250, task_name: DASH_FFT, resource_name: fft2, ref_start_time: 2116692533386416, ref_stop_time: 2116692533470206, actual_exe_time: 83790, task_app_start_time:2116690715016524, task_sched_time:2116692530377566
app_id: 0, app_name: SAR_api-aarch64, task_id: 251, task_name: DASH_ZIP, resource_name: zip1, ref_start_time: 2116692539027047, ref_stop_time: 2116692539153917, actual_exe_time: 126870, task_app_start_time:2116690715016524, task_sched_time:2116692539016157
app_id: 0, app_name: SAR_api-aarch64, task_id: 252, task_name: DASH_FFT, resource_name: cpu1, ref_start_time: 2116692542591168, ref_stop_time: 2116692542707148, actual_exe_time: 115980, task_app_start_time:2116690715016524, task_sched_time:2116692542586998
app_id: 0, app_name: SAR_api-aarch64, task_id: 253, task_name: DASH_FFT, resource_name: cpu2, ref_start_time: 2116692545421338, ref_stop_time: 2116692545524538, actual_exe_time: 103200, task_app_start_time:2116690715016524, task_sched_time:2116692545266448
app_id: 0, app_name: SAR_api-aarch64, task_id: 254, task_name: DASH_ZIP, resource_name: cpu3, ref_start_time: 2116692546192968, ref_stop_time: 2116692546271448, actual_exe_time: 78480, task_app_start_time:2116690715016524, task_sched_time:2116692546187088
app_id: 0, app_name: SAR_api-aarch64, task_id: 255, task_name: DASH_FFT, resource_name: fft1, ref_start_time: 2116692546950858, ref_stop_time: 2116692547070318, actual_exe_time: 119460, task_app_start_time:2116690715016524, task_sched_time:2116692546939308
app_id: 0, app_name: SAR_api-aarch64, task_id: 256, task_name: DASH_FFT, resource_name: fft2, ref_start_time: 2116692549472509, ref_stop_time: 2116692549549519, actual_exe_time: 77010, task_app_start_time:2116690715016524, task_sched_time:2116692547714268
app_id: 0, app_name: SAR_api-aarch64, task_id: 257, task_name: DASH_ZIP, resource_name: zip1, ref_start_time: 2116692555267700, ref_stop_time: 2116692555390640, actual_exe_time: 122940, task_app_start_time:2116690715016524, task_sched_time:2116692555256510
app_id: 0, app_name: SAR_api-aarch64, task_id: 258, task_name: DASH_FFT, resource_name: cpu1, ref_start_time: 2116692559191940, ref_stop_time: 2116692559305220, actual_exe_time: 113280, task_app_start_time:2116690715016524, task_sched_time:2116692559185910
app_id: 0, app_name: SAR_api-aarch64, task_id: 259, task_name: DASH_FFT, resource_name: cpu2, ref_start_time: 2116692561047951, ref_stop_time: 2116692561150671, actual_exe_time: 102720, task_app_start_time:2116690715016524, task_sched_time:2116692561043151
app_id: 0, app_name: SAR_api-aarch64, task_id: 260, task_name: DASH_ZIP, resource_name: cpu3, ref_start_time: 2116692562044641, ref_stop_time: 2116692562121591, actual_exe_time: 76950, task_app_start_time:2116690715016524, task_sched_time:2116692562038821
app_id: 0, app_name: SAR_api-aarch64, task_id: 261, task_name: DASH_FFT, resource_name: fft1, ref_start_time: 2116692562882271, ref_stop_time: 2116692563002811, actual_exe_time: 120540, task_app_start_time:2116690715016524, task_sched_time:2116692562875251
app_id: 0, app_name: SAR_api-aarch64, task_id: 262, task_name: DASH_FFT, resource_name: fft2, ref_start_time: 2116692564518831, ref_stop_time: 2116692564598931, actual_exe_time: 80100, task_app_start_time:2116690715016524, task_sched_time:2116692563596931
app_id: 0, app_name: SAR_api-aarch64, task_id: 263, task_name: DASH_ZIP, resource_name: zip1, ref_start_time: 2116692567122352, ref_stop_time: 2116692567244962, actual_exe_time: 122610, task_app_start_time:2116690715016524, task_sched_time:2116692567117612
app_id: 0, app_name: SAR_api-aarch64, task_id: 264, task_name: DASH_FFT, resource_name: cpu1, ref_start_time: 2116692571630512, ref_stop_time: 2116692571743072, actual_exe_time: 112560, task_app_start_time:2116690715016524, task_sched_time:2116692571621692
app_id: 0, app_name: SAR_api-aarch64, task_id: 265, task_name: DASH_FFT, resource_name: cpu2, ref_start_time: 2116692575193013, ref_stop_time: 2116692575290843, actual_exe_time: 97830, task_app_start_time:2116690715016524, task_sched_time:2116692575184703
app_id: 0, app_name: SAR_api-aarch64, task_id: 266, task_name: DASH_ZIP, resource_name: cpu3, ref_start_time: 2116692576935983, ref_stop_time: 2116692577010563, actual_exe_time: 74580, task_app_start_time:2116690715016524, task_sched_time:2116692576926563
app_id: 0, app_name: SAR_api-aarch64, task_id: 267, task_name: DASH_FFT, resource_name: fft1, ref_start_time: 2116692577600693, ref_stop_time: 2116692577721233, actual_exe_time: 120540, task_app_start_time:2116690715016524, task_sched_time:2116692577589473
app_id: 0, app_name: SAR_api-aarch64, task_id: 268, task_name: DASH_FFT, resource_name: fft2, ref_start_time: 2116692580851044, ref_stop_time: 2116692580936094, actual_exe_time: 85050, task_app_start_time:2116690715016524, task_sched_time:2116692578241643
app_id: 0, app_name: SAR_api-aarch64, task_id: 269, task_name: DASH_ZIP, resource_name: zip1, ref_start_time: 2116692586754865, ref_stop_time: 2116692586877745, actual_exe_time: 122880, task_app_start_time:2116690715016524, task_sched_time:2116692586747815
app_id: 0, app_name: SAR_api-aarch64, task_id: 270, task_name: DASH_FFT, resource_name: cpu1, ref_start_time: 2116692591167445, ref_stop_time: 2116692591277515, actual_exe_time: 110070, task_app_start_time:2116690715016524, task_sched_time:2116692591161145
app_id: 0, app_name: SAR_api-aarch64, task_id: 271, task_name: DASH_FFT, resource_name: cpu2, ref_start_time: 2116692592344916, ref_stop_time: 2116692592442296, actual_exe_time: 97380, task_app_start_time:2116690715016524, task_sched_time:2116692592339756
app_id: 0, app_name: SAR_api-aarch64, task_id: 272, task_name: DASH_ZIP, resource_name: cpu3, ref_start_time: 2116692593035726, ref_stop_time: 2116692593110276, actual_exe_time: 74550, task_app_start_time:2116690715016524, task_sched_time:2116692593028496
app_id: 0, app_name: SAR_api-aarch64, task_id: 273, task_name: DASH_FFT, resource_name: fft1, ref_start_time: 2116692593740906, ref_stop_time: 2116692593860096, actual_exe_time: 119190, task_app_start_time:2116690715016524, task_sched_time:2116692593736706
app_id: 0, app_name: SAR_api-aarch64, task_id: 274, task_name: DASH_FFT, resource_name: fft2, ref_start_time: 2116692594622186, ref_stop_time: 2116692594703516, actual_exe_time: 81330, task_app_start_time:2116690715016524, task_sched_time:2116692594612346
app_id: 0, app_name: SAR_api-aarch64, task_id: 275, task_name: DASH_ZIP, resource_name: zip1, ref_start_time: 2116692596360206, ref_stop_time: 2116692596485696, actual_exe_time: 125490, task_app_start_time:2116690715016524, task_sched_time:2116692595361716
app_id: 0, app_name: SAR_api-aarch64, task_id: 276, task_name: DASH_FFT, resource_name: cpu1, ref_start_time: 2116692602668097, ref_stop_time: 2116692602784887, actual_exe_time: 116790, task_app_start_time:2116690715016524, task_sched_time:2116692602660777
app_id: 0, app_name: SAR_api-aarch64, task_id: 277, task_name: DASH_FFT, resource_name: cpu2, ref_start_time: 2116692606704358, ref_stop_time: 2116692606805518, actual_exe_time: 101160, task_app_start_time:2116690715016524, task_sched_time:2116692606697428
app_id: 0, app_name: SAR_api-aarch64, task_id: 278, task_name: DASH_ZIP, resource_name: cpu3, ref_start_time: 2116692608393958, ref_stop_time: 2116692608470728, actual_exe_time: 76770, task_app_start_time:2116690715016524, task_sched_time:2116692608384928
app_id: 0, app_name: SAR_api-aarch64, task_id: 279, task_name: DASH_FFT, resource_name: fft1, ref_start_time: 2116692614775829, ref_stop_time: 2116692614903809, actual_exe_time: 127980, task_app_start_time:2116690715016524, task_sched_time:2116692614771209
app_id: 0, app_name: SAR_api-aarch64, task_id: 280, task_name: DASH_FFT, resource_name: fft2, ref_start_time: 2116692619281410, ref_stop_time: 2116692619358510, actual_exe_time: 77100, task_app_start_time:2116690715016524, task_sched_time:2116692619277690
app_id: 0, app_name: SAR_api-aarch64, task_id: 281, task_name: DASH_ZIP, resource_name: zip1, ref_start_time: 2116692623654121, ref_stop_time: 2116692623774811, actual_exe_time: 120690, task_app_start_time:2116690715016524, task_sched_time:2116692623645631
app_id: 0, app_name: SAR_api-aarch64, task_id: 282, task_name: DASH_FFT, resource_name: cpu1, ref_start_time: 2116692624761541, ref_stop_time: 2116692624867831, actual_exe_time: 106290, task_app_start_time:2116690715016524, task_sched_time:2116692624755841
app_id: 0, app_name: SAR_api-aarch64, task_id: 283, task_name: DASH_FFT, resource_name: cpu2, ref_start_time: 2116692625396191, ref_stop_time: 2116692625502061, actual_exe_time: 105870, task_app_start_time:2116690715016524, task_sched_time:2116692625393101
app_id: 0, app_name: SAR_api-aarch64, task_id: 284, task_name: DASH_ZIP, resource_name: cpu3, ref_start_time: 2116692626780781, ref_stop_time: 2116692626860581, actual_exe_time: 79800, task_app_start_time:2116690715016524, task_sched_time:2116692626498361
app_id: 0, app_name: SAR_api-aarch64, task_id: 285, task_name: DASH_FFT, resource_name: fft1, ref_start_time: 2116692627559011, ref_stop_time: 2116692627678981, actual_exe_time: 119970, task_app_start_time:2116690715016524, task_sched_time:2116692627550851
app_id: 0, app_name: SAR_api-aarch64, task_id: 286, task_name: DASH_FFT, resource_name: fft2, ref_start_time: 2116692628175961, ref_stop_time: 2116692628247601, actual_exe_time: 71640, task_app_start_time:2116690715016524, task_sched_time:2116692628172271
app_id: 0, app_name: SAR_api-aarch64, task_id: 287, task_name: DASH_ZIP, resource_name: zip1, ref_start_time: 2116692631153582, ref_stop_time: 2116692631281982, actual_exe_time: 128400, task_app_start_time:2116690715016524, task_sched_time:2116692631145362
app_id: 0, app_name: SAR_api-aarch64, task_id: 288, task_name: DASH_FFT, resource_name: cpu1, ref_start_time: 2116692634809112, ref_stop_time: 2116692634937362, actual_exe_time: 128250, task_app_start_time:2116690715016524, task_sched_time:2116692634795192
app_id: 0, app_name: SAR_api-aarch64, task_id: 289, task_name: DASH_FFT, resource_name: cpu2, ref_start_time: 2116692638988173, ref_stop_time: 2116692639083903, actual_exe_time: 95730, task_app_start_time:2116690715016524, task_sched_time:2116692638982623
app_id: 0, app_name: SAR_api-aarch64, task_id: 290, task_name: DASH_ZIP, resource_name: cpu3, ref_start_time: 2116692640963553, ref_stop_time: 2116692641041163, actual_exe_time: 77610, task_app_start_time:2116690715016524, task_sched_time:2116692640958483
app_id: 0, app_name: SAR_api-aarch64, task_id: 291, task_name: DASH_FFT, resource_name: fft1, ref_start_time: 2116692641614494, ref_stop_time: 2116692641735904, actual_exe_time: 121410, task_app_start_time:2116690715016524, task_sched_time:2116692641603484
app_id: 0, app_name: SAR_api-aarch64, task_id: 292, task_name: DASH_FFT, resource_name: fft2, ref_start_time: 2116692643013364, ref_stop_time: 2116692643094514, actual_exe_time: 81150, task_app_start_time:2116690715016524, task_sched_time:2116692643007514
app_id: 0, app_name: SAR_api-aarch64, task_id: 293, task_name: DASH_ZIP, resource_name: zip1, ref_start_time: 2116692644454594, ref_stop_time: 2116692644581314, actual_exe_time: 126720, task_app_start_time:2116690715016524, task_sched_time:2116692643957254
app_id: 0, app_name: SAR_api-aarch64, task_id: 294, task_name: DASH_FFT, resource_name: cpu1, ref_start_time: 2116692650769955, ref_stop_time: 2116692650879185, actual_exe_time: 109230, task_app_start_time:2116690715016524, task_sched_time:2116692650755165
app_id: 0, app_name: SAR_api-aarch64, task_id: 295, task_name: DASH_FFT, resource_name: cpu2, ref_start_time: 2116692651418225, ref_stop_time: 2116692651513775, actual_exe_time: 95550, task_app_start_time:2116690715016524, task_sched_time:2116692651393775
app_id: 0, app_name: SAR_api-aarch64, task_id: 296, task_name: DASH_ZIP, resource_name: cpu3, ref_start_time: 2116692654066206, ref_stop_time: 2116692654143486, actual_exe_time: 77280, task_app_start_time:2116690715016524, task_sched_time:2116692654059666
app_id: 0, app_name: SAR_api-aarch64, task_id: 297, task_name: DASH_FFT, resource_name: fft1, ref_start_time: 2116692658629956, ref_stop_time: 2116692658759676, actual_exe_time: 129720, task_app_start_time:2116690715016524, task_sched_time:2116692658623656
app_id: 0, app_name: SAR_api-aarch64, task_id: 298, task_name: DASH_FFT, resource_name: fft2, ref_start_time: 2116692662685447, ref_stop_time: 2116692662769567, actual_exe_time: 84120, task_app_start_time:2116690715016524, task_sched_time:2116692662637027
app_id: 0, app_name: SAR_api-aarch64, task_id: 299, task_name: DASH_ZIP, resource_name: zip1, ref_start_time: 2116692667287238, ref_stop_time: 2116692667409038, actual_exe_time: 121800, task_app_start_time:2116690715016524, task_sched_time:2116692667279348
app_id: 0, app_name: SAR_api-aarch64, task_id: 300, task_name: DASH_FFT, resource_name: cpu1, ref_start_time: 2116692668879308, ref_stop_time: 2116692668990338, actual_exe_time: 111030, task_app_start_time:2116690715016524, task_sched_time:2116692668874148
app_id: 0, app_name: SAR_api-aarch64, task_id: 301, task_name: DASH_FFT, resource_name: cpu2, ref_start_time: 2116692672709469, ref_stop_time: 2116692672816809, actual_exe_time: 107340, task_app_start_time:2116690715016524, task_sched_time:2116692672577409
app_id: 0, app_name: SAR_api-aarch64, task_id: 302, task_name: DASH_ZIP, resource_name: cpu3, ref_start_time: 2116692678578040, ref_stop_time: 2116692678660840, actual_exe_time: 82800, task_app_start_time:2116690715016524, task_sched_time:2116692673455209
app_id: 0, app_name: SAR_api-aarch64, task_id: 303, task_name: DASH_FFT, resource_name: fft1, ref_start_time: 2116692681703020, ref_stop_time: 2116692681825720, actual_exe_time: 122700, task_app_start_time:2116690715016524, task_sched_time:2116692681695070
app_id: 0, app_name: SAR_api-aarch64, task_id: 304, task_name: DASH_FFT, resource_name: fft2, ref_start_time: 2116692682499520, ref_stop_time: 2116692682634430, actual_exe_time: 134910, task_app_start_time:2116690715016524, task_sched_time:2116692682403040
app_id: 0, app_name: SAR_api-aarch64, task_id: 305, task_name: DASH_ZIP, resource_name: zip1, ref_start_time: 2116692686995501, ref_stop_time: 2116692687120571, actual_exe_time: 125070, task_app_start_time:2116690715016524, task_sched_time:2116692686985871
app_id: 0, app_name: SAR_api-aarch64, task_id: 306, task_name: DASH_FFT, resource_name: cpu1, ref_start_time: 2116692694605062, ref_stop_time: 2116692694725182, actual_exe_time: 120120, task_app_start_time:2116690715016524, task_sched_time:2116692694594772
app_id: 0, app_name: SAR_api-aarch64, task_id: 307, task_name: DASH_FFT, resource_name: cpu2, ref_start_time: 2116692696224522, ref_stop_time: 2116692696342002, actual_exe_time: 117480, task_app_start_time:2116690715016524, task_sched_time:2116692696220712
app_id: 0, app_name: SAR_api-aarch64, task_id: 308, task_name: DASH_ZIP, resource_name: cpu3, ref_start_time: 2116692698862753, ref_stop_time: 2116692698942943, actual_exe_time: 80190, task_app_start_time:2116690715016524, task_sched_time:2116692698784663
app_id: 0, app_name: SAR_api-aarch64, task_id: 309, task_name: DASH_FFT, resource_name: fft1, ref_start_time: 2116692702654183, ref_stop_time: 2116692702781473, actual_exe_time: 127290, task_app_start_time:2116690715016524, task_sched_time:2116692702644013
app_id: 0, app_name: SAR_api-aarch64, task_id: 310, task_name: DASH_FFT, resource_name: fft2, ref_start_time: 2116692706954054, ref_stop_time: 2116692707036764, actual_exe_time: 82710, task_app_start_time:2116690715016524, task_sched_time:2116692706922554
app_id: 0, app_name: SAR_api-aarch64, task_id: 311, task_name: DASH_ZIP, resource_name: zip1, ref_start_time: 2116692710883785, ref_stop_time: 2116692711009515, actual_exe_time: 125730, task_app_start_time:2116690715016524, task_sched_time:2116692710873405
app_id: 0, app_name: SAR_api-aarch64, task_id: 312, task_name: DASH_FFT, resource_name: cpu1, ref_start_time: 2116692714933395, ref_stop_time: 2116692715045475, actual_exe_time: 112080, task_app_start_time:2116690715016524, task_sched_time:2116692714925505
app_id: 0, app_name: SAR_api-aarch64, task_id: 313, task_name: DASH_FFT, resource_name: cpu2, ref_start_time: 2116692723091687, ref_stop_time: 2116692723203317, actual_exe_time: 111630, task_app_start_time:2116690715016524, task_sched_time:2116692722956267
app_id: 0, app_name: SAR_api-aarch64, task_id: 314, task_name: DASH_ZIP, resource_name: cpu3, ref_start_time: 2116692725144797, ref_stop_time: 2116692725223367, actual_exe_time: 78570, task_app_start_time:2116690715016524, task_sched_time:2116692724979197
app_id: 0, app_name: SAR_api-aarch64, task_id: 315, task_name: DASH_FFT, resource_name: fft1, ref_start_time: 2116692725416057, ref_stop_time: 2116692725540587, actual_exe_time: 124530, task_app_start_time:2116690715016524, task_sched_time:2116692725405437
app_id: 0, app_name: SAR_api-aarch64, task_id: 316, task_name: DASH_FFT, resource_name: fft2, ref_start_time: 2116692730745708, ref_stop_time: 2116692730834658, actual_exe_time: 88950, task_app_start_time:2116690715016524, task_sched_time:2116692730663568
app_id: 0, app_name: SAR_api-aarch64, task_id: 317, task_name: DASH_ZIP, resource_name: zip1, ref_start_time: 2116692735560589, ref_stop_time: 2116692735681729, actual_exe_time: 121140, task_app_start_time:2116690715016524, task_sched_time:2116692735552609
app_id: 0, app_name: SAR_api-aarch64, task_id: 318, task_name: DASH_FFT, resource_name: cpu1, ref_start_time: 2116692739126029, ref_stop_time: 2116692739235049, actual_exe_time: 109020, task_app_start_time:2116690715016524, task_sched_time:2116692739119969
app_id: 0, app_name: SAR_api-aarch64, task_id: 319, task_name: DASH_FFT, resource_name: cpu2, ref_start_time: 2116692742784290, ref_stop_time: 2116692742891390, actual_exe_time: 107100, task_app_start_time:2116690715016524, task_sched_time:2116692742653520
app_id: 0, app_name: SAR_api-aarch64, task_id: 320, task_name: DASH_ZIP, resource_name: cpu3, ref_start_time: 2116692746659750, ref_stop_time: 2116692746740360, actual_exe_time: 80610, task_app_start_time:2116690715016524, task_sched_time:2116692746648230
app_id: 0, app_name: SAR_api-aarch64, task_id: 321, task_name: DASH_FFT, resource_name: fft1, ref_start_time: 2116692751353401, ref_stop_time: 2116692751479281, actual_exe_time: 125880, task_app_start_time:2116690715016524, task_sched_time:2116692751340471
app_id: 0, app_name: SAR_api-aarch64, task_id: 322, task_name: DASH_FFT, resource_name: fft2, ref_start_time: 2116692753028481, ref_stop_time: 2116692753109782, actual_exe_time: 81301, task_app_start_time:2116690715016524, task_sched_time:2116692753018641
app_id: 0, app_name: SAR_api-aarch64, task_id: 323, task_name: DASH_ZIP, resource_name: zip1, ref_start_time: 2116692758983482, ref_stop_time: 2116692759111582, actual_exe_time: 128100, task_app_start_time:2116690715016524, task_sched_time:2116692758971542
app_id: 0, app_name: SAR_api-aarch64, task_id: 324, task_name: DASH_FFT, resource_name: cpu1, ref_start_time: 2116692759729673, ref_stop_time: 2116692759835993, actual_exe_time: 106320, task_app_start_time:2116690715016524, task_sched_time:2116692759725503
app_id: 0, app_name: SAR_api-aarch64, task_id: 325, task_name: DASH_FFT, resource_name: cpu2, ref_start_time: 2116692762588673, ref_stop_time: 2116692762697933, actual_exe_time: 109260, task_app_start_time:2116690715016524, task_sched_time:2116692762579403
app_id: 0, app_name: SAR_api-aarch64, task_id: 326, task_name: DASH_ZIP, resource_name: cpu3, ref_start_time: 2116692767420924, ref_stop_time: 2116692767507474, actual_exe_time: 86550, task_app_start_time:2116690715016524, task_sched_time:2116692767270924
app_id: 0, app_name: SAR_api-aarch64, task_id: 327, task_name: DASH_FFT, resource_name: fft1, ref_start_time: 2116692771075044, ref_stop_time: 2116692771202004, actual_exe_time: 126960, task_app_start_time:2116690715016524, task_sched_time:2116692771064244
app_id: 0, app_name: SAR_api-aarch64, task_id: 328, task_name: DASH_FFT, resource_name: fft2, ref_start_time: 2116692774703425, ref_stop_time: 2116692774789945, actual_exe_time: 86520, task_app_start_time:2116690715016524, task_sched_time:2116692774647835
app_id: 0, app_name: SAR_api-aarch64, task_id: 329, task_name: DASH_ZIP, resource_name: zip1, ref_start_time: 2116692779387086, ref_stop_time: 2116692779512156, actual_exe_time: 125070, task_app_start_time:2116690715016524, task_sched_time:2116692779382016
app_id: 0, app_name: SAR_api-aarch64, task_id: 330, task_name: DASH_FFT, resource_name: cpu1, ref_start_time: 2116692781762996, ref_stop_time: 2116692781881646, actual_exe_time: 118650, task_app_start_time:2116690715016524, task_sched_time:2116692781757776
app_id: 0, app_name: SAR_api-aarch64, task_id: 331, task_name: DASH_FFT, resource_name: cpu2, ref_start_time: 2116692786784637, ref_stop_time: 2116692786896627, actual_exe_time: 111990, task_app_start_time:2116690715016524, task_sched_time:2116692786662207
app_id: 0, app_name: SAR_api-aarch64, task_id: 332, task_name: DASH_ZIP, resource_name: cpu3, ref_start_time: 2116692791266518, ref_stop_time: 2116692791345808, actual_exe_time: 79290, task_app_start_time:2116690715016524, task_sched_time:2116692791260668
app_id: 0, app_name: SAR_api-aarch64, task_id: 333, task_name: DASH_FFT, resource_name: fft1, ref_start_time: 2116692794630958, ref_stop_time: 2116692794752218, actual_exe_time: 121260, task_app_start_time:2116690715016524, task_sched_time:2116692794616798
app_id: 0, app_name: SAR_api-aarch64, task_id: 334, task_name: DASH_FFT, resource_name: fft2, ref_start_time: 2116692795587988, ref_stop_time: 2116692795664638, actual_exe_time: 76650, task_app_start_time:2116690715016524, task_sched_time:2116692795576888
app_id: 0, app_name: SAR_api-aarch64, task_id: 335, task_name: DASH_ZIP, resource_name: zip1, ref_start_time: 2116692798685069, ref_stop_time: 2116692798810829, actual_exe_time: 125760, task_app_start_time:2116690715016524, task_sched_time:2116692798676669
app_id: 0, app_name: SAR_api-aarch64, task_id: 336, task_name: DASH_FFT, resource_name: cpu1, ref_start_time: 2116692802938380, ref_stop_time: 2116692803050280, actual_exe_time: 111900, task_app_start_time:2116690715016524, task_sched_time:2116692802932830
app_id: 0, app_name: SAR_api-aarch64, task_id: 337, task_name: DASH_FFT, resource_name: cpu2, ref_start_time: 2116692806618090, ref_stop_time: 2116692806726120, actual_exe_time: 108030, task_app_start_time:2116690715016524, task_sched_time:2116692806613290
app_id: 0, app_name: SAR_api-aarch64, task_id: 338, task_name: DASH_ZIP, resource_name: cpu3, ref_start_time: 2116692809951751, ref_stop_time: 2116692810031071, actual_exe_time: 79320, task_app_start_time:2116690715016524, task_sched_time:2116692809800641
app_id: 0, app_name: SAR_api-aarch64, task_id: 339, task_name: DASH_FFT, resource_name: fft1, ref_start_time: 2116692814665681, ref_stop_time: 2116692814795281, actual_exe_time: 129600, task_app_start_time:2116690715016524, task_sched_time:2116692814658571
app_id: 0, app_name: SAR_api-aarch64, task_id: 340, task_name: DASH_FFT, resource_name: fft2, ref_start_time: 2116692818847352, ref_stop_time: 2116692818934712, actual_exe_time: 87360, task_app_start_time:2116690715016524, task_sched_time:2116692818843092
app_id: 0, app_name: SAR_api-aarch64, task_id: 341, task_name: DASH_ZIP, resource_name: zip1, ref_start_time: 2116692822608843, ref_stop_time: 2116692822731513, actual_exe_time: 122670, task_app_start_time:2116690715016524, task_sched_time:2116692822600383
app_id: 0, app_name: SAR_api-aarch64, task_id: 342, task_name: DASH_FFT, resource_name: cpu1, ref_start_time: 2116692824038103, ref_stop_time: 2116692824150363, actual_exe_time: 112260, task_app_start_time:2116690715016524, task_sched_time:2116692824034713
app_id: 0, app_name: SAR_api-aarch64, task_id: 343, task_name: DASH_FFT, resource_name: cpu2, ref_start_time: 2116692830944914, ref_stop_time: 2116692831054834, actual_exe_time: 109920, task_app_start_time:2116690715016524, task_sched_time:2116692830934864
app_id: 0, app_name: SAR_api-aarch64, task_id: 344, task_name: DASH_ZIP, resource_name: cpu3, ref_start_time: 2116692831766044, ref_stop_time: 2116692831842934, actual_exe_time: 76890, task_app_start_time:2116690715016524, task_sched_time:2116692831758724
app_id: 0, app_name: SAR_api-aarch64, task_id: 345, task_name: DASH_FFT, resource_name: fft1, ref_start_time: 2116692835035955, ref_stop_time: 2116692835160605, actual_exe_time: 124650, task_app_start_time:2116690715016524, task_sched_time:2116692835022185
app_id: 0, app_name: SAR_api-aarch64, task_id: 346, task_name: DASH_FFT, resource_name: fft2, ref_start_time: 2116692837980065, ref_stop_time: 2116692838061515, actual_exe_time: 81450, task_app_start_time:2116690715016524, task_sched_time:2116692837974425
app_id: 0, app_name: SAR_api-aarch64, task_id: 347, task_name: DASH_ZIP, resource_name: zip1, ref_start_time: 2116692842617136, ref_stop_time: 2116692842746316, actual_exe_time: 129180, task_app_start_time:2116690715016524, task_sched_time:2116692842605766
app_id: 0, app_name: SAR_api-aarch64, task_id: 348, task_name: DASH_FFT, resource_name: cpu1, ref_start_time: 2116692846715317, ref_stop_time: 2116692846826347, actual_exe_time: 111030, task_app_start_time:2116690715016524, task_sched_time:2116692846706377
app_id: 0, app_name: SAR_api-aarch64, task_id: 349, task_name: DASH_FFT, resource_name: cpu2, ref_start_time: 2116692851048877, ref_stop_time: 2116692851156877, actual_exe_time: 108000, task_app_start_time:2116690715016524, task_sched_time:2116692850911147
app_id: 0, app_name: SAR_api-aarch64, task_id: 350, task_name: DASH_ZIP, resource_name: cpu3, ref_start_time: 2116692858670859, ref_stop_time: 2116692858754559, actual_exe_time: 83700, task_app_start_time:2116690715016524, task_sched_time:2116692858662128
app_id: 0, app_name: SAR_api-aarch64, task_id: 351, task_name: DASH_FFT, resource_name: fft1, ref_start_time: 2116692859306499, ref_stop_time: 2116692859425179, actual_exe_time: 118680, task_app_start_time:2116690715016524, task_sched_time:2116692859297439
app_id: 0, app_name: SAR_api-aarch64, task_id: 352, task_name: DASH_FFT, resource_name: fft2, ref_start_time: 2116692862674689, ref_stop_time: 2116692862765529, actual_exe_time: 90840, task_app_start_time:2116690715016524, task_sched_time:2116692862609439
app_id: 0, app_name: SAR_api-aarch64, task_id: 353, task_name: DASH_ZIP, resource_name: zip1, ref_start_time: 2116692865687530, ref_stop_time: 2116692865811880, actual_exe_time: 124350, task_app_start_time:2116690715016524, task_sched_time:2116692865575690
app_id: 0, app_name: SAR_api-aarch64, task_id: 354, task_name: DASH_FFT, resource_name: cpu1, ref_start_time: 2116692866341380, ref_stop_time: 2116692866449350, actual_exe_time: 107970, task_app_start_time:2116690715016524, task_sched_time:2116692866336520
app_id: 0, app_name: SAR_api-aarch64, task_id: 355, task_name: DASH_FFT, resource_name: cpu2, ref_start_time: 2116692870713040, ref_stop_time: 2116692870823110, actual_exe_time: 110070, task_app_start_time:2116690715016524, task_sched_time:2116692870707700
app_id: 0, app_name: SAR_api-aarch64, task_id: 356, task_name: DASH_ZIP, resource_name: cpu3, ref_start_time: 2116692878597912, ref_stop_time: 2116692878682122, actual_exe_time: 84210, task_app_start_time:2116690715016524, task_sched_time:2116692878592392
app_id: 0, app_name: SAR_api-aarch64, task_id: 357, task_name: DASH_FFT, resource_name: fft1, ref_start_time: 2116692880118912, ref_stop_time: 2116692880245872, actual_exe_time: 126960, task_app_start_time:2116690715016524, task_sched_time:2116692880108832
app_id: 0, app_name: SAR_api-aarch64, task_id: 358, task_name: DASH_FFT, resource_name: fft2, ref_start_time: 2116692883099652, ref_stop_time: 2116692883183712, actual_exe_time: 84060, task_app_start_time:2116690715016524, task_sched_time:2116692883018952
app_id: 0, app_name: SAR_api-aarch64, task_id: 359, task_name: DASH_ZIP, resource_name: zip1, ref_start_time: 2116692890672074, ref_stop_time: 2116692890801914, actual_exe_time: 129840, task_app_start_time:2116690715016524, task_sched_time:2116692890660674
app_id: 0, app_name: SAR_api-aarch64, task_id: 360, task_name: DASH_FFT, resource_name: cpu1, ref_start_time: 2116692894035704, ref_stop_time: 2116692894161524, actual_exe_time: 125820, task_app_start_time:2116690715016524, task_sched_time:2116692894031414
app_id: 0, app_name: SAR_api-aarch64, task_id: 361, task_name: DASH_FFT, resource_name: cpu2, ref_start_time: 2116692898648205, ref_stop_time: 2116692898767305, actual_exe_time: 119100, task_app_start_time:2116690715016524, task_sched_time:2116692898643465
app_id: 0, app_name: SAR_api-aarch64, task_id: 362, task_name: DASH_ZIP, resource_name: cpu3, ref_start_time: 2116692898985165, ref_stop_time: 2116692899064005, actual_exe_time: 78840, task_app_start_time:2116690715016524, task_sched_time:2116692898966355
app_id: 0, app_name: SAR_api-aarch64, task_id: 363, task_name: DASH_FFT, resource_name: fft1, ref_start_time: 2116692906649236, ref_stop_time: 2116692906776016, actual_exe_time: 126780, task_app_start_time:2116690715016524, task_sched_time:2116692906642516
app_id: 0, app_name: SAR_api-aarch64, task_id: 364, task_name: DASH_FFT, resource_name: fft2, ref_start_time: 2116692907998936, ref_stop_time: 2116692908084556, actual_exe_time: 85620, task_app_start_time:2116690715016524, task_sched_time:2116692907989726
app_id: 0, app_name: SAR_api-aarch64, task_id: 365, task_name: DASH_ZIP, resource_name: zip1, ref_start_time: 2116692914978678, ref_stop_time: 2116692915111608, actual_exe_time: 132930, task_app_start_time:2116690715016524, task_sched_time:2116692914969648
app_id: 0, app_name: SAR_api-aarch64, task_id: 366, task_name: DASH_FFT, resource_name: cpu1, ref_start_time: 2116692918581318, ref_stop_time: 2116692918690878, actual_exe_time: 109560, task_app_start_time:2116690715016524, task_sched_time:2116692918576488
app_id: 0, app_name: SAR_api-aarch64, task_id: 367, task_name: DASH_FFT, resource_name: cpu2, ref_start_time: 2116692921778029, ref_stop_time: 2116692921882159, actual_exe_time: 104130, task_app_start_time:2116690715016524, task_sched_time:2116692921766239
app_id: 0, app_name: SAR_api-aarch64, task_id: 368, task_name: DASH_ZIP, resource_name: cpu3, ref_start_time: 2116692922675239, ref_stop_time: 2116692922755789, actual_exe_time: 80550, task_app_start_time:2116690715016524, task_sched_time:2116692922670919
app_id: 0, app_name: SAR_api-aarch64, task_id: 369, task_name: DASH_FFT, resource_name: fft1, ref_start_time: 2116692926851689, ref_stop_time: 2116692926972289, actual_exe_time: 120600, task_app_start_time:2116690715016524, task_sched_time:2116692926838939
app_id: 0, app_name: SAR_api-aarch64, task_id: 370, task_name: DASH_FFT, resource_name: fft2, ref_start_time: 2116692930674830, ref_stop_time: 2116692930755230, actual_exe_time: 80400, task_app_start_time:2116690715016524, task_sched_time:2116692930632290
app_id: 0, app_name: SAR_api-aarch64, task_id: 371, task_name: DASH_ZIP, resource_name: zip1, ref_start_time: 2116692934929761, ref_stop_time: 2116692935056031, actual_exe_time: 126270, task_app_start_time:2116690715016524, task_sched_time:2116692934922651
app_id: 0, app_name: SAR_api-aarch64, task_id: 372, task_name: DASH_FFT, resource_name: cpu1, ref_start_time: 2116692936732341, ref_stop_time: 2116692936834611, actual_exe_time: 102270, task_app_start_time:2116690715016524, task_sched_time:2116692936725711
app_id: 0, app_name: SAR_api-aarch64, task_id: 373, task_name: DASH_FFT, resource_name: cpu2, ref_start_time: 2116692943114572, ref_stop_time: 2116692943221942, actual_exe_time: 107370, task_app_start_time:2116690715016524, task_sched_time:2116692942969162
app_id: 0, app_name: SAR_api-aarch64, task_id: 374, task_name: DASH_ZIP, resource_name: cpu3, ref_start_time: 2116692946613953, ref_stop_time: 2116692946695133, actual_exe_time: 81180, task_app_start_time:2116690715016524, task_sched_time:2116692946610533
app_id: 0, app_name: SAR_api-aarch64, task_id: 375, task_name: DASH_FFT, resource_name: fft1, ref_start_time: 2116692947101213, ref_stop_time: 2116692947220853, actual_exe_time: 119640, task_app_start_time:2116690715016524, task_sched_time:2116692947089363
app_id: 0, app_name: SAR_api-aarch64, task_id: 376, task_name: DASH_FFT, resource_name: fft2, ref_start_time: 2116692949837573, ref_stop_time: 2116692949916923, actual_exe_time: 79350, task_app_start_time:2116690715016524, task_sched_time:2116692947704693
app_id: 0, app_name: SAR_api-aarch64, task_id: 377, task_name: DASH_ZIP, resource_name: zip1, ref_start_time: 2116692954793964, ref_stop_time: 2116692954927494, actual_exe_time: 133530, task_app_start_time:2116690715016524, task_sched_time:2116692954786824
app_id: 0, app_name: SAR_api-aarch64, task_id: 378, task_name: DASH_FFT, resource_name: cpu1, ref_start_time: 2116692956140004, ref_stop_time: 2116692956241164, actual_exe_time: 101160, task_app_start_time:2116690715016524, task_sched_time:2116692956132834
app_id: 0, app_name: SAR_api-aarch64, task_id: 379, task_name: DASH_FFT, resource_name: cpu2, ref_start_time: 2116692959330325, ref_stop_time: 2116692959426685, actual_exe_time: 96360, task_app_start_time:2116690715016524, task_sched_time:2116692959320935
app_id: 0, app_name: SAR_api-aarch64, task_id: 380, task_name: DASH_ZIP, resource_name: cpu3, ref_start_time: 2116692963285585, ref_stop_time: 2116692963369825, actual_exe_time: 84240, task_app_start_time:2116690715016524, task_sched_time:2116692963176925
app_id: 0, app_name: SAR_api-aarch64, task_id: 381, task_name: DASH_FFT, resource_name: fft1, ref_start_time: 2116692963986115, ref_stop_time: 2116692964099485, actual_exe_time: 113370, task_app_start_time:2116690715016524, task_sched_time:2116692963933315
app_id: 0, app_name: SAR_api-aarch64, task_id: 382, task_name: DASH_FFT, resource_name: fft2, ref_start_time: 2116692966919456, ref_stop_time: 2116692966989716, actual_exe_time: 70260, task_app_start_time:2116690715016524, task_sched_time:2116692966812026
app_id: 0, app_name: SAR_api-aarch64, task_id: 383, task_name: DASH_ZIP, resource_name: zip1, ref_start_time: 2116692967504186, ref_stop_time: 2116692967632436, actual_exe_time: 128250, task_app_start_time:2116690715016524, task_sched_time:2116692967453576
app_id: 0, app_name: SAR_api-aarch64, task_id: 384, task_name: DASH_FFT, resource_name: cpu1, ref_start_time: 2116692968785246, ref_stop_time: 2116692968887876, actual_exe_time: 102630, task_app_start_time:2116690715016524, task_sched_time:2116692968781106
app_id: 0, app_name: SAR_api-aarch64, task_id: 385, task_name: DASH_FFT, resource_name: cpu2, ref_start_time: 2116692974868317, ref_stop_time: 2116692974973557, actual_exe_time: 105240, task_app_start_time:2116690715016524, task_sched_time:2116692974862047
app_id: 0, app_name: SAR_api-aarch64, task_id: 386, task_name: DASH_ZIP, resource_name: cpu3, ref_start_time: 2116692975434177, ref_stop_time: 2116692975511937, actual_exe_time: 77760, task_app_start_time:2116690715016524, task_sched_time:2116692975427847
app_id: 0, app_name: SAR_api-aarch64, task_id: 387, task_name: DASH_FFT, resource_name: fft1, ref_start_time: 2116692976194017, ref_stop_time: 2116692976307837, actual_exe_time: 113820, task_app_start_time:2116690715016524, task_sched_time:2116692976172927
app_id: 0, app_name: SAR_api-aarch64, task_id: 388, task_name: DASH_FFT, resource_name: fft2, ref_start_time: 2116692982754148, ref_stop_time: 2116692982829628, actual_exe_time: 75480, task_app_start_time:2116690715016524, task_sched_time:2116692982746888
app_id: 0, app_name: SAR_api-aarch64, task_id: 389, task_name: DASH_ZIP, resource_name: zip1, ref_start_time: 2116692983543989, ref_stop_time: 2116692983666539, actual_exe_time: 122550, task_app_start_time:2116690715016524, task_sched_time:2116692983535919
app_id: 0, app_name: SAR_api-aarch64, task_id: 390, task_name: DASH_FFT, resource_name: cpu1, ref_start_time: 2116692984399289, ref_stop_time: 2116692984500869, actual_exe_time: 101580, task_app_start_time:2116690715016524, task_sched_time:2116692984387679
app_id: 0, app_name: SAR_api-aarch64, task_id: 391, task_name: DASH_FFT, resource_name: cpu2, ref_start_time: 2116692984939409, ref_stop_time: 2116692985027099, actual_exe_time: 87690, task_app_start_time:2116690715016524, task_sched_time:2116692984934639
app_id: 0, app_name: SAR_api-aarch64, task_id: 392, task_name: DASH_ZIP, resource_name: cpu3, ref_start_time: 2116692985636429, ref_stop_time: 2116692985715479, actual_exe_time: 79050, task_app_start_time:2116690715016524, task_sched_time:2116692985520929
app_id: 0, app_name: SAR_api-aarch64, task_id: 393, task_name: DASH_FFT, resource_name: fft1, ref_start_time: 2116692986818399, ref_stop_time: 2116692986933149, actual_exe_time: 114750, task_app_start_time:2116690715016524, task_sched_time:2116692986806459
app_id: 0, app_name: SAR_api-aarch64, task_id: 394, task_name: DASH_FFT, resource_name: fft2, ref_start_time: 2116692990864200, ref_stop_time: 2116692990940760, actual_exe_time: 76560, task_app_start_time:2116690715016524, task_sched_time:2116692990854510
app_id: 0, app_name: SAR_api-aarch64, task_id: 395, task_name: DASH_ZIP, resource_name: zip1, ref_start_time: 2116692991462940, ref_stop_time: 2116692991588130, actual_exe_time: 125190, task_app_start_time:2116690715016524, task_sched_time:2116692991457810
app_id: 0, app_name: SAR_api-aarch64, task_id: 396, task_name: DASH_FFT, resource_name: cpu1, ref_start_time: 2116692994693370, ref_stop_time: 2116692994796360, actual_exe_time: 102990, task_app_start_time:2116690715016524, task_sched_time:2116692994682900
app_id: 0, app_name: SAR_api-aarch64, task_id: 397, task_name: DASH_FFT, resource_name: cpu2, ref_start_time: 2116692995244950, ref_stop_time: 2116692995333000, actual_exe_time: 88050, task_app_start_time:2116690715016524, task_sched_time:2116692995242040
app_id: 0, app_name: SAR_api-aarch64, task_id: 398, task_name: DASH_ZIP, resource_name: cpu3, ref_start_time: 2116692999028761, ref_stop_time: 2116692999108561, actual_exe_time: 79800, task_app_start_time:2116690715016524, task_sched_time:2116692999019101
app_id: 0, app_name: SAR_api-aarch64, task_id: 399, task_name: DASH_FFT, resource_name: fft1, ref_start_time: 2116692999481101, ref_stop_time: 2116692999598131, actual_exe_time: 117030, task_app_start_time:2116690715016524, task_sched_time:2116692999461931
app_id: 0, app_name: SAR_api-aarch64, task_id: 400, task_name: DASH_FFT, resource_name: fft2, ref_start_time: 2116693000002411, ref_stop_time: 2116693000075431, actual_exe_time: 73020, task_app_start_time:2116690715016524, task_sched_time:2116692999996291
app_id: 0, app_name: SAR_api-aarch64, task_id: 401, task_name: DASH_ZIP, resource_name: zip1, ref_start_time: 2116693002590122, ref_stop_time: 2116693002716032, actual_exe_time: 125910, task_app_start_time:2116690715016524, task_sched_time:2116693002583492
app_id: 0, app_name: SAR_api-aarch64, task_id: 402, task_name: DASH_FFT, resource_name: cpu1, ref_start_time: 2116693003622452, ref_stop_time: 2116693003737202, actual_exe_time: 114750, task_app_start_time:2116690715016524, task_sched_time:2116693003539802
app_id: 0, app_name: SAR_api-aarch64, task_id: 403, task_name: DASH_FFT, resource_name: cpu2, ref_start_time: 2116693004331652, ref_stop_time: 2116693004419912, actual_exe_time: 88260, task_app_start_time:2116690715016524, task_sched_time:2116693004327362
app_id: 0, app_name: SAR_api-aarch64, task_id: 404, task_name: DASH_ZIP, resource_name: cpu3, ref_start_time: 2116693004886742, ref_stop_time: 2116693004965282, actual_exe_time: 78540, task_app_start_time:2116690715016524, task_sched_time:2116693004883532
app_id: 0, app_name: SAR_api-aarch64, task_id: 405, task_name: DASH_FFT, resource_name: fft1, ref_start_time: 2116693007023402, ref_stop_time: 2116693007152342, actual_exe_time: 128940, task_app_start_time:2116690715016524, task_sched_time:2116693007014762
app_id: 0, app_name: SAR_api-aarch64, task_id: 406, task_name: DASH_FFT, resource_name: fft2, ref_start_time: 2116693007324872, ref_stop_time: 2116693007391172, actual_exe_time: 66300, task_app_start_time:2116690715016524, task_sched_time:2116693007316022
app_id: 0, app_name: SAR_api-aarch64, task_id: 407, task_name: DASH_ZIP, resource_name: zip1, ref_start_time: 2116693010927873, ref_stop_time: 2116693011055223, actual_exe_time: 127350, task_app_start_time:2116690715016524, task_sched_time:2116693010922533
app_id: 0, app_name: SAR_api-aarch64, task_id: 408, task_name: DASH_FFT, resource_name: cpu1, ref_start_time: 2116693011586973, ref_stop_time: 2116693011689153, actual_exe_time: 102180, task_app_start_time:2116690715016524, task_sched_time:2116693011561023
app_id: 0, app_name: SAR_api-aarch64, task_id: 409, task_name: DASH_FFT, resource_name: cpu2, ref_start_time: 2116693014842004, ref_stop_time: 2116693014937284, actual_exe_time: 95280, task_app_start_time:2116690715016524, task_sched_time:2116693014833544
app_id: 0, app_name: SAR_api-aarch64, task_id: 410, task_name: DASH_ZIP, resource_name: cpu3, ref_start_time: 2116693015139334, ref_stop_time: 2116693015223604, actual_exe_time: 84270, task_app_start_time:2116690715016524, task_sched_time:2116693015126164
app_id: 0, app_name: SAR_api-aarch64, task_id: 411, task_name: DASH_FFT, resource_name: fft1, ref_start_time: 2116693020711475, ref_stop_time: 2116693020829795, actual_exe_time: 118320, task_app_start_time:2116690715016524, task_sched_time:2116693020704905
app_id: 0, app_name: SAR_api-aarch64, task_id: 412, task_name: DASH_FFT, resource_name: fft2, ref_start_time: 2116693026676436, ref_stop_time: 2116693026755936, actual_exe_time: 79500, task_app_start_time:2116690715016524, task_sched_time:2116693026665786
app_id: 0, app_name: SAR_api-aarch64, task_id: 413, task_name: DASH_ZIP, resource_name: zip1, ref_start_time: 2116693030621136, ref_stop_time: 2116693030746626, actual_exe_time: 125490, task_app_start_time:2116690715016524, task_sched_time:2116693030615526
app_id: 0, app_name: SAR_api-aarch64, task_id: 414, task_name: DASH_FFT, resource_name: cpu1, ref_start_time: 2116693034223537, ref_stop_time: 2116693034327277, actual_exe_time: 103740, task_app_start_time:2116690715016524, task_sched_time:2116693034202177
app_id: 0, app_name: SAR_api-aarch64, task_id: 415, task_name: DASH_FFT, resource_name: cpu2, ref_start_time: 2116693035320487, ref_stop_time: 2116693035413217, actual_exe_time: 92730, task_app_start_time:2116690715016524, task_sched_time:2116693035311787
app_id: 0, app_name: SAR_api-aarch64, task_id: 416, task_name: DASH_ZIP, resource_name: cpu3, ref_start_time: 2116693038804417, ref_stop_time: 2116693039004608, actual_exe_time: 200191, task_app_start_time:2116690715016524, task_sched_time:2116693038766737
app_id: 0, app_name: SAR_api-aarch64, task_id: 417, task_name: DASH_FFT, resource_name: fft1, ref_start_time: 2116693046734529, ref_stop_time: 2116693046857499, actual_exe_time: 122970, task_app_start_time:2116690715016524, task_sched_time:2116693046653649
app_id: 0, app_name: SAR_api-aarch64, task_id: 418, task_name: DASH_FFT, resource_name: fft2, ref_start_time: 2116693049142929, ref_stop_time: 2116693049215889, actual_exe_time: 72960, task_app_start_time:2116690715016524, task_sched_time:2116693049137439
app_id: 0, app_name: SAR_api-aarch64, task_id: 419, task_name: DASH_ZIP, resource_name: zip1, ref_start_time: 2116693049541479, ref_stop_time: 2116693049664329, actual_exe_time: 122850, task_app_start_time:2116690715016524, task_sched_time:2116693049532119
app_id: 0, app_name: SAR_api-aarch64, task_id: 420, task_name: DASH_FFT, resource_name: cpu1, ref_start_time: 2116693055257440, ref_stop_time: 2116693055367360, actual_exe_time: 109920, task_app_start_time:2116690715016524, task_sched_time:2116693055206200
app_id: 0, app_name: SAR_api-aarch64, task_id: 421, task_name: DASH_FFT, resource_name: cpu2, ref_start_time: 2116693058640031, ref_stop_time: 2116693058744041, actual_exe_time: 104010, task_app_start_time:2116690715016524, task_sched_time:2116693058635291
app_id: 0, app_name: SAR_api-aarch64, task_id: 422, task_name: DASH_ZIP, resource_name: cpu3, ref_start_time: 2116693062616501, ref_stop_time: 2116693062704221, actual_exe_time: 87720, task_app_start_time:2116690715016524, task_sched_time:2116693062606811
app_id: 0, app_name: SAR_api-aarch64, task_id: 423, task_name: DASH_FFT, resource_name: fft1, ref_start_time: 2116693064309132, ref_stop_time: 2116693064428952, actual_exe_time: 119820, task_app_start_time:2116690715016524, task_sched_time:2116693064296892
app_id: 0, app_name: SAR_api-aarch64, task_id: 424, task_name: DASH_FFT, resource_name: fft2, ref_start_time: 2116693067083262, ref_stop_time: 2116693067168672, actual_exe_time: 85410, task_app_start_time:2116690715016524, task_sched_time:2116693067072372
app_id: 0, app_name: SAR_api-aarch64, task_id: 425, task_name: DASH_ZIP, resource_name: zip1, ref_start_time: 2116693074671493, ref_stop_time: 2116693075171773, actual_exe_time: 500280, task_app_start_time:2116690715016524, task_sched_time:2116693074662613
app_id: 0, app_name: SAR_api-aarch64, task_id: 426, task_name: DASH_FFT, resource_name: cpu1, ref_start_time: 2116693079058934, ref_stop_time: 2116693079166424, actual_exe_time: 107490, task_app_start_time:2116690715016524, task_sched_time:2116693078879834
app_id: 0, app_name: SAR_api-aarch64, task_id: 427, task_name: DASH_FFT, resource_name: cpu2, ref_start_time: 2116693083009065, ref_stop_time: 2116693083114005, actual_exe_time: 104940, task_app_start_time:2116690715016524, task_sched_time:2116693083001445
app_id: 0, app_name: SAR_api-aarch64, task_id: 428, task_name: DASH_ZIP, resource_name: cpu3, ref_start_time: 2116693086645425, ref_stop_time: 2116693086736265, actual_exe_time: 90840, task_app_start_time:2116690715016524, task_sched_time:2116693086637175
app_id: 0, app_name: SAR_api-aarch64, task_id: 429, task_name: DASH_FFT, resource_name: fft1, ref_start_time: 2116693090865556, ref_stop_time: 2116693090988106, actual_exe_time: 122550, task_app_start_time:2116690715016524, task_sched_time:2116693090851786
app_id: 0, app_name: SAR_api-aarch64, task_id: 430, task_name: DASH_FFT, resource_name: fft2, ref_start_time: 2116693093143486, ref_stop_time: 2116693093217586, actual_exe_time: 74100, task_app_start_time:2116690715016524, task_sched_time:2116693093138776
app_id: 0, app_name: SAR_api-aarch64, task_id: 431, task_name: DASH_ZIP, resource_name: zip1, ref_start_time: 2116693096968517, ref_stop_time: 2116693103078768, actual_exe_time: 6110251, task_app_start_time:2116690715016524, task_sched_time:2116693096834147
app_id: 0, app_name: SAR_api-aarch64, task_id: 432, task_name: DASH_FFT, resource_name: cpu1, ref_start_time: 2116693103325398, ref_stop_time: 2116693103433158, actual_exe_time: 107760, task_app_start_time:2116690715016524, task_sched_time:2116693103272658
app_id: 0, app_name: SAR_api-aarch64, task_id: 433, task_name: DASH_FFT, resource_name: cpu2, ref_start_time: 2116693103599088, ref_stop_time: 2116693103999318, actual_exe_time: 400230, task_app_start_time:2116690715016524, task_sched_time:2116693103593418
app_id: 0, app_name: SAR_api-aarch64, task_id: 434, task_name: DASH_ZIP, resource_name: cpu3, ref_start_time: 2116693106645738, ref_stop_time: 2116693106732828, actual_exe_time: 87090, task_app_start_time:2116690715016524, task_sched_time:2116693106637698
app_id: 0, app_name: SAR_api-aarch64, task_id: 435, task_name: DASH_FFT, resource_name: fft1, ref_start_time: 2116693107817359, ref_stop_time: 2116693107933969, actual_exe_time: 116610, task_app_start_time:2116690715016524, task_sched_time:2116693107806199
app_id: 0, app_name: SAR_api-aarch64, task_id: 436, task_name: DASH_FFT, resource_name: fft2, ref_start_time: 2116693110984459, ref_stop_time: 2116693111068819, actual_exe_time: 84360, task_app_start_time:2116690715016524, task_sched_time:2116693110978459
app_id: 0, app_name: SAR_api-aarch64, task_id: 437, task_name: DASH_ZIP, resource_name: zip1, ref_start_time: 2116693114709440, ref_stop_time: 2116693114837690, actual_exe_time: 128250, task_app_start_time:2116690715016524, task_sched_time:2116693114704520
app_id: 0, app_name: SAR_api-aarch64, task_id: 438, task_name: DASH_FFT, resource_name: cpu1, ref_start_time: 2116693122742391, ref_stop_time: 2116693122850931, actual_exe_time: 108540, task_app_start_time:2116690715016524, task_sched_time:2116693122727811
app_id: 0, app_name: SAR_api-aarch64, task_id: 439, task_name: DASH_FFT, resource_name: cpu2, ref_start_time: 2116693126718832, ref_stop_time: 2116693126823232, actual_exe_time: 104400, task_app_start_time:2116690715016524, task_sched_time:2116693126710972
app_id: 0, app_name: SAR_api-aarch64, task_id: 440, task_name: DASH_ZIP, resource_name: cpu3, ref_start_time: 2116693134629893, ref_stop_time: 2116693134948043, actual_exe_time: 318150, task_app_start_time:2116690715016524, task_sched_time:2116693134623173
app_id: 0, app_name: SAR_api-aarch64, task_id: 441, task_name: DASH_FFT, resource_name: fft1, ref_start_time: 2116693135103083, ref_stop_time: 2116693135220233, actual_exe_time: 117150, task_app_start_time:2116690715016524, task_sched_time:2116693134982873
app_id: 0, app_name: SAR_api-aarch64, task_id: 442, task_name: DASH_FFT, resource_name: fft2, ref_start_time: 2116693136819593, ref_stop_time: 2116693136892313, actual_exe_time: 72720, task_app_start_time:2116690715016524, task_sched_time:2116693136813323
app_id: 0, app_name: SAR_api-aarch64, task_id: 443, task_name: DASH_ZIP, resource_name: zip1, ref_start_time: 2116693146822495, ref_stop_time: 2116693146954195, actual_exe_time: 131700, task_app_start_time:2116690715016524, task_sched_time:2116693146814245
app_id: 0, app_name: SAR_api-aarch64, task_id: 444, task_name: DASH_FFT, resource_name: cpu1, ref_start_time: 2116693150248315, ref_stop_time: 2116693150362585, actual_exe_time: 114270, task_app_start_time:2116690715016524, task_sched_time:2116693150243455
app_id: 0, app_name: SAR_api-aarch64, task_id: 445, task_name: DASH_FFT, resource_name: cpu2, ref_start_time: 2116693154931016, ref_stop_time: 2116693155037516, actual_exe_time: 106500, task_app_start_time:2116690715016524, task_sched_time:2116693154925496
app_id: 0, app_name: SAR_api-aarch64, task_id: 446, task_name: DASH_ZIP, resource_name: cpu3, ref_start_time: 2116693162604537, ref_stop_time: 2116693162978157, actual_exe_time: 373620, task_app_start_time:2116690715016524, task_sched_time:2116693162595717
app_id: 0, app_name: SAR_api-aarch64, task_id: 447, task_name: DASH_FFT, resource_name: fft1, ref_start_time: 2116693164002118, ref_stop_time: 2116693164121308, actual_exe_time: 119190, task_app_start_time:2116690715016524, task_sched_time:2116693163986698
app_id: 0, app_name: SAR_api-aarch64, task_id: 448, task_name: DASH_FFT, resource_name: fft2, ref_start_time: 2116693166863638, ref_stop_time: 2116693166947368, actual_exe_time: 83730, task_app_start_time:2116690715016524, task_sched_time:2116693166853018
app_id: 0, app_name: SAR_api-aarch64, task_id: 449, task_name: DASH_ZIP, resource_name: zip1, ref_start_time: 2116693174674109, ref_stop_time: 2116693175168929, actual_exe_time: 494820, task_app_start_time:2116690715016524, task_sched_time:2116693174667749
app_id: 0, app_name: SAR_api-aarch64, task_id: 450, task_name: DASH_FFT, resource_name: cpu1, ref_start_time: 2116693178179850, ref_stop_time: 2116693178286560, actual_exe_time: 106710, task_app_start_time:2116690715016524, task_sched_time:2116693178174750
app_id: 0, app_name: SAR_api-aarch64, task_id: 451, task_name: DASH_FFT, resource_name: cpu2, ref_start_time: 2116693182916041, ref_stop_time: 2116693183020141, actual_exe_time: 104100, task_app_start_time:2116690715016524, task_sched_time:2116693182907161
app_id: 0, app_name: SAR_api-aarch64, task_id: 452, task_name: DASH_ZIP, resource_name: cpu3, ref_start_time: 2116693190644642, ref_stop_time: 2116693190891062, actual_exe_time: 246420, task_app_start_time:2116690715016524, task_sched_time:2116693190637892
app_id: 0, app_name: SAR_api-aarch64, task_id: 453, task_name: DASH_FFT, resource_name: fft1, ref_start_time: 2116693191978232, ref_stop_time: 2116693192100302, actual_exe_time: 122070, task_app_start_time:2116690715016524, task_sched_time:2116693191964522
app_id: 0, app_name: SAR_api-aarch64, task_id: 454, task_name: DASH_FFT, resource_name: fft2, ref_start_time: 2116693198727993, ref_stop_time: 2116693198814813, actual_exe_time: 86820, task_app_start_time:2116690715016524, task_sched_time:2116693198718813
app_id: 0, app_name: SAR_api-aarch64, task_id: 455, task_name: DASH_ZIP, resource_name: zip1, ref_start_time: 2116693202590974, ref_stop_time: 2116693203111654, actual_exe_time: 520680, task_app_start_time:2116690715016524, task_sched_time:2116693202576604
app_id: 0, app_name: SAR_api-aarch64, task_id: 456, task_name: DASH_FFT, resource_name: cpu1, ref_start_time: 2116693205656344, ref_stop_time: 2116693206443304, actual_exe_time: 786960, task_app_start_time:2116690715016524, task_sched_time:2116693205640234
app_id: 0, app_name: SAR_api-aarch64, task_id: 457, task_name: DASH_FFT, resource_name: cpu2, ref_start_time: 2116693211383195, ref_stop_time: 2116693211491165, actual_exe_time: 107970, task_app_start_time:2116690715016524, task_sched_time:2116693211376415
app_id: 0, app_name: SAR_api-aarch64, task_id: 458, task_name: DASH_ZIP, resource_name: cpu3, ref_start_time: 2116693214618306, ref_stop_time: 2116693214795576, actual_exe_time: 177270, task_app_start_time:2116690715016524, task_sched_time:2116693214608976
app_id: 0, app_name: SAR_api-aarch64, task_id: 459, task_name: DASH_FFT, resource_name: fft1, ref_start_time: 2116693218619826, ref_stop_time: 2116693218743306, actual_exe_time: 123480, task_app_start_time:2116690715016524, task_sched_time:2116693218608936
app_id: 0, app_name: SAR_api-aarch64, task_id: 460, task_name: DASH_FFT, resource_name: fft2, ref_start_time: 2116693219141647, ref_stop_time: 2116693219210197, actual_exe_time: 68550, task_app_start_time:2116690715016524, task_sched_time:2116693219132407
app_id: 0, app_name: SAR_api-aarch64, task_id: 461, task_name: DASH_ZIP, resource_name: zip1, ref_start_time: 2116693221031047, ref_stop_time: 2116693221160857, actual_exe_time: 129810, task_app_start_time:2116690715016524, task_sched_time:2116693221025587
app_id: 0, app_name: SAR_api-aarch64, task_id: 462, task_name: DASH_FFT, resource_name: cpu1, ref_start_time: 2116693223028837, ref_stop_time: 2116693223134677, actual_exe_time: 105840, task_app_start_time:2116690715016524, task_sched_time:2116693223014587
app_id: 0, app_name: SAR_api-aarch64, task_id: 463, task_name: DASH_FFT, resource_name: cpu2, ref_start_time: 2116693226660428, ref_stop_time: 2116693226764318, actual_exe_time: 103890, task_app_start_time:2116690715016524, task_sched_time:2116693226650528
app_id: 0, app_name: SAR_api-aarch64, task_id: 464, task_name: DASH_ZIP, resource_name: cpu3, ref_start_time: 2116693230620698, ref_stop_time: 2116693230708268, actual_exe_time: 87570, task_app_start_time:2116690715016524, task_sched_time:2116693230612208
app_id: 0, app_name: SAR_api-aarch64, task_id: 465, task_name: DASH_FFT, resource_name: fft1, ref_start_time: 2116693234851239, ref_stop_time: 2116693235312159, actual_exe_time: 460920, task_app_start_time:2116690715016524, task_sched_time:2116693234844399
app_id: 0, app_name: SAR_api-aarch64, task_id: 466, task_name: DASH_FFT, resource_name: fft2, ref_start_time: 2116693236066659, ref_stop_time: 2116693236135989, actual_exe_time: 69330, task_app_start_time:2116690715016524, task_sched_time:2116693236061529
app_id: 0, app_name: SAR_api-aarch64, task_id: 467, task_name: DASH_ZIP, resource_name: zip1, ref_start_time: 2116693239848610, ref_stop_time: 2116693242813420, actual_exe_time: 2964810, task_app_start_time:2116690715016524, task_sched_time:2116693239711900
app_id: 0, app_name: SAR_api-aarch64, task_id: 468, task_name: DASH_FFT, resource_name: cpu1, ref_start_time: 2116693243390230, ref_stop_time: 2116693243496730, actual_exe_time: 106500, task_app_start_time:2116690715016524, task_sched_time:2116693243349220
app_id: 0, app_name: SAR_api-aarch64, task_id: 469, task_name: DASH_FFT, resource_name: cpu2, ref_start_time: 2116693246617271, ref_stop_time: 2116693246717861, actual_exe_time: 100590, task_app_start_time:2116690715016524, task_sched_time:2116693246607851
app_id: 0, app_name: SAR_api-aarch64, task_id: 470, task_name: DASH_ZIP, resource_name: cpu3, ref_start_time: 2116693249725631, ref_stop_time: 2116693249806781, actual_exe_time: 81150, task_app_start_time:2116690715016524, task_sched_time:2116693249715731
app_id: 0, app_name: SAR_api-aarch64, task_id: 471, task_name: DASH_FFT, resource_name: fft1, ref_start_time: 2116693250146532, ref_stop_time: 2116693250262422, actual_exe_time: 115890, task_app_start_time:2116690715016524, task_sched_time:2116693250100841
app_id: 0, app_name: SAR_api-aarch64, task_id: 472, task_name: DASH_FFT, resource_name: fft2, ref_start_time: 2116693251012032, ref_stop_time: 2116693251085412, actual_exe_time: 73380, task_app_start_time:2116690715016524, task_sched_time:2116693250811422
app_id: 0, app_name: SAR_api-aarch64, task_id: 473, task_name: DASH_ZIP, resource_name: zip1, ref_start_time: 2116693255040402, ref_stop_time: 2116693255171292, actual_exe_time: 130890, task_app_start_time:2116690715016524, task_sched_time:2116693255033682
app_id: 0, app_name: SAR_api-aarch64, task_id: 474, task_name: DASH_FFT, resource_name: cpu1, ref_start_time: 2116693255553852, ref_stop_time: 2116693255659932, actual_exe_time: 106080, task_app_start_time:2116690715016524, task_sched_time:2116693255538672
app_id: 0, app_name: SAR_api-aarch64, task_id: 475, task_name: DASH_FFT, resource_name: cpu2, ref_start_time: 2116693258635663, ref_stop_time: 2116693258739733, actual_exe_time: 104070, task_app_start_time:2116690715016524, task_sched_time:2116693258625403
app_id: 0, app_name: SAR_api-aarch64, task_id: 476, task_name: DASH_ZIP, resource_name: cpu3, ref_start_time: 2116693262624494, ref_stop_time: 2116693262854414, actual_exe_time: 229920, task_app_start_time:2116690715016524, task_sched_time:2116693262614234
app_id: 0, app_name: SAR_api-aarch64, task_id: 477, task_name: DASH_FFT, resource_name: fft1, ref_start_time: 2116693265517754, ref_stop_time: 2116693266215824, actual_exe_time: 698070, task_app_start_time:2116690715016524, task_sched_time:2116693265510284
app_id: 0, app_name: SAR_api-aarch64, task_id: 478, task_name: DASH_FFT, resource_name: fft2, ref_start_time: 2116693266747904, ref_stop_time: 2116693266826294, actual_exe_time: 78390, task_app_start_time:2116690715016524, task_sched_time:2116693266738034
app_id: 0, app_name: SAR_api-aarch64, task_id: 479, task_name: DASH_ZIP, resource_name: zip1, ref_start_time: 2116693275054246, ref_stop_time: 2116693275180576, actual_exe_time: 126330, task_app_start_time:2116690715016524, task_sched_time:2116693275045366
app_id: 0, app_name: SAR_api-aarch64, task_id: 480, task_name: DASH_FFT, resource_name: cpu1, ref_start_time: 2116693275697266, ref_stop_time: 2116693275799986, actual_exe_time: 102720, task_app_start_time:2116690715016524, task_sched_time:2116693275676386
app_id: 0, app_name: SAR_api-aarch64, task_id: 481, task_name: DASH_FFT, resource_name: cpu2, ref_start_time: 2116693276264026, ref_stop_time: 2116693276355166, actual_exe_time: 91140, task_app_start_time:2116690715016524, task_sched_time:2116693276257186
app_id: 0, app_name: SAR_api-aarch64, task_id: 482, task_name: DASH_ZIP, resource_name: cpu3, ref_start_time: 2116693276899186, ref_stop_time: 2116693276977126, actual_exe_time: 77940, task_app_start_time:2116690715016524, task_sched_time:2116693276893726
app_id: 0, app_name: SAR_api-aarch64, task_id: 483, task_name: DASH_FFT, resource_name: fft1, ref_start_time: 2116693278898506, ref_stop_time: 2116693279013946, actual_exe_time: 115440, task_app_start_time:2116690715016524, task_sched_time:2116693278879936
app_id: 0, app_name: SAR_api-aarch64, task_id: 484, task_name: DASH_FFT, resource_name: fft2, ref_start_time: 2116693279447116, ref_stop_time: 2116693279515966, actual_exe_time: 68850, task_app_start_time:2116690715016524, task_sched_time:2116693279439586
app_id: 0, app_name: SAR_api-aarch64, task_id: 485, task_name: DASH_ZIP, resource_name: zip1, ref_start_time: 2116693282981957, ref_stop_time: 2116693283110627, actual_exe_time: 128670, task_app_start_time:2116690715016524, task_sched_time:2116693282971487
app_id: 0, app_name: SAR_api-aarch64, task_id: 486, task_name: DASH_FFT, resource_name: cpu1, ref_start_time: 2116693287180007, ref_stop_time: 2116693287287467, actual_exe_time: 107460, task_app_start_time:2116690715016524, task_sched_time:2116693287113857
app_id: 0, app_name: SAR_api-aarch64, task_id: 487, task_name: DASH_FFT, resource_name: cpu2, ref_start_time: 2116693287857168, ref_stop_time: 2116693287952388, actual_exe_time: 95220, task_app_start_time:2116690715016524, task_sched_time:2116693287852848
app_id: 0, app_name: SAR_api-aarch64, task_id: 488, task_name: DASH_ZIP, resource_name: cpu3, ref_start_time: 2116693288633628, ref_stop_time: 2116693288712018, actual_exe_time: 78390, task_app_start_time:2116690715016524, task_sched_time:2116693288624868
app_id: 0, app_name: SAR_api-aarch64, task_id: 489, task_name: DASH_FFT, resource_name: fft1, ref_start_time: 2116693291107068, ref_stop_time: 2116693291222418, actual_exe_time: 115350, task_app_start_time:2116690715016524, task_sched_time:2116693291057478
app_id: 0, app_name: SAR_api-aarch64, task_id: 490, task_name: DASH_FFT, resource_name: fft2, ref_start_time: 2116693294734459, ref_stop_time: 2116693294808049, actual_exe_time: 73590, task_app_start_time:2116690715016524, task_sched_time:2116693294729509
app_id: 0, app_name: SAR_api-aarch64, task_id: 491, task_name: DASH_ZIP, resource_name: zip1, ref_start_time: 2116693295509629, ref_stop_time: 2116693295631789, actual_exe_time: 122160, task_app_start_time:2116690715016524, task_sched_time:2116693295500929
app_id: 0, app_name: SAR_api-aarch64, task_id: 492, task_name: DASH_FFT, resource_name: cpu1, ref_start_time: 2116693296153969, ref_stop_time: 2116693296253899, actual_exe_time: 99930, task_app_start_time:2116690715016524, task_sched_time:2116693296109449
app_id: 0, app_name: SAR_api-aarch64, task_id: 493, task_name: DASH_FFT, resource_name: cpu2, ref_start_time: 2116693299203799, ref_stop_time: 2116693299294699, actual_exe_time: 90900, task_app_start_time:2116690715016524, task_sched_time:2116693299194109
app_id: 0, app_name: SAR_api-aarch64, task_id: 494, task_name: DASH_ZIP, resource_name: cpu3, ref_start_time: 2116693299646269, ref_stop_time: 2116693299725319, actual_exe_time: 79050, task_app_start_time:2116690715016524, task_sched_time:2116693299641169
app_id: 0, app_name: SAR_api-aarch64, task_id: 495, task_name: DASH_FFT, resource_name: fft1, ref_start_time: 2116693301120950, ref_stop_time: 2116693301239960, actual_exe_time: 119010, task_app_start_time:2116690715016524, task_sched_time:2116693301117170
app_id: 0, app_name: SAR_api-aarch64, task_id: 496, task_name: DASH_FFT, resource_name: fft2, ref_start_time: 2116693304301190, ref_stop_time: 2116693304384560, actual_exe_time: 83370, task_app_start_time:2116690715016524, task_sched_time:2116693301769700
app_id: 0, app_name: SAR_api-aarch64, task_id: 497, task_name: DASH_ZIP, resource_name: zip1, ref_start_time: 2116693307004581, ref_stop_time: 2116693307132051, actual_exe_time: 127470, task_app_start_time:2116690715016524, task_sched_time:2116693306996421
app_id: 0, app_name: SAR_api-aarch64, task_id: 498, task_name: DASH_FFT, resource_name: cpu1, ref_start_time: 2116693307368781, ref_stop_time: 2116693307472161, actual_exe_time: 103380, task_app_start_time:2116690715016524, task_sched_time:2116693307324021
app_id: 0, app_name: SAR_api-aarch64, task_id: 499, task_name: DASH_FFT, resource_name: cpu2, ref_start_time: 2116693311019571, ref_stop_time: 2116693311117971, actual_exe_time: 98400, task_app_start_time:2116690715016524, task_sched_time:2116693311013301
app_id: 0, app_name: SAR_api-aarch64, task_id: 500, task_name: DASH_ZIP, resource_name: cpu3, ref_start_time: 2116693314690222, ref_stop_time: 2116693314771342, actual_exe_time: 81120, task_app_start_time:2116690715016524, task_sched_time:2116693314681132
app_id: 0, app_name: SAR_api-aarch64, task_id: 501, task_name: DASH_FFT, resource_name: fft1, ref_start_time: 2116693315185132, ref_stop_time: 2116693315309542, actual_exe_time: 124410, task_app_start_time:2116690715016524, task_sched_time:2116693315180152
app_id: 0, app_name: SAR_api-aarch64, task_id: 502, task_name: DASH_FFT, resource_name: fft2, ref_start_time: 2116693316204292, ref_stop_time: 2116693316278152, actual_exe_time: 73860, task_app_start_time:2116690715016524, task_sched_time:2116693316198292
app_id: 0, app_name: SAR_api-aarch64, task_id: 503, task_name: DASH_ZIP, resource_name: zip1, ref_start_time: 2116693316964672, ref_stop_time: 2116693317086832, actual_exe_time: 122160, task_app_start_time:2116690715016524, task_sched_time:2116693316954772
app_id: 0, app_name: SAR_api-aarch64, task_id: 504, task_name: DASH_FFT, resource_name: cpu1, ref_start_time: 2116693317637602, ref_stop_time: 2116693317739152, actual_exe_time: 101550, task_app_start_time:2116690715016524, task_sched_time:2116693317634032
app_id: 0, app_name: SAR_api-aarch64, task_id: 505, task_name: DASH_FFT, resource_name: cpu2, ref_start_time: 2116693321224883, ref_stop_time: 2116693321332523, actual_exe_time: 107640, task_app_start_time:2116690715016524, task_sched_time:2116693318210062
app_id: 0, app_name: SAR_api-aarch64, task_id: 506, task_name: DASH_ZIP, resource_name: cpu3, ref_start_time: 2116693326789374, ref_stop_time: 2116693326876734, actual_exe_time: 87360, task_app_start_time:2116690715016524, task_sched_time:2116693326780974
app_id: 0, app_name: SAR_api-aarch64, task_id: 507, task_name: DASH_FFT, resource_name: fft1, ref_start_time: 2116693327700594, ref_stop_time: 2116693327818884, actual_exe_time: 118290, task_app_start_time:2116690715016524, task_sched_time:2116693327632284
app_id: 0, app_name: SAR_api-aarch64, task_id: 508, task_name: DASH_FFT, resource_name: fft2, ref_start_time: 2116693331598735, ref_stop_time: 2116693331676615, actual_exe_time: 77880, task_app_start_time:2116690715016524, task_sched_time:2116693331593335
app_id: 0, app_name: SAR_api-aarch64, task_id: 509, task_name: DASH_ZIP, resource_name: zip1, ref_start_time: 2116693332192585, ref_stop_time: 2116693332321255, actual_exe_time: 128670, task_app_start_time:2116690715016524, task_sched_time:2116693332184485
app_id: 0, app_name: SAR_api-aarch64, task_id: 510, task_name: DASH_FFT, resource_name: cpu1, ref_start_time: 2116693332892725, ref_stop_time: 2116693332999165, actual_exe_time: 106440, task_app_start_time:2116690715016524, task_sched_time:2116693332839715
app_id: 0, app_name: SAR_api-aarch64, task_id: 511, task_name: DASH_FFT, resource_name: cpu2, ref_start_time: 2116693336007685, ref_stop_time: 2116693336111755, actual_exe_time: 104070, task_app_start_time:2116690715016524, task_sched_time:2116693333412385
app_id: 0, app_name: SAR_api-aarch64, task_id: 512, task_name: DASH_ZIP, resource_name: cpu3, ref_start_time: 2116693338684016, ref_stop_time: 2116693338767746, actual_exe_time: 83730, task_app_start_time:2116690715016524, task_sched_time:2116693338677146
app_id: 0, app_name: SAR_api-aarch64, task_id: 513, task_name: DASH_FFT, resource_name: fft1, ref_start_time: 2116693343401037, ref_stop_time: 2116693343521487, actual_exe_time: 120450, task_app_start_time:2116690715016524, task_sched_time:2116693343331976
app_id: 0, app_name: SAR_api-aarch64, task_id: 514, task_name: DASH_FFT, resource_name: fft2, ref_start_time: 2116693346696657, ref_stop_time: 2116693346773547, actual_exe_time: 76890, task_app_start_time:2116690715016524, task_sched_time:2116693346690387
app_id: 0, app_name: SAR_api-aarch64, task_id: 515, task_name: DASH_ZIP, resource_name: zip1, ref_start_time: 2116693347511457, ref_stop_time: 2116693347635567, actual_exe_time: 124110, task_app_start_time:2116690715016524, task_sched_time:2116693347503807
app_id: 0, app_name: SAR_api-aarch64, task_id: 516, task_name: DASH_FFT, resource_name: cpu1, ref_start_time: 2116693348200107, ref_stop_time: 2116693348305227, actual_exe_time: 105120, task_app_start_time:2116690715016524, task_sched_time:2116693348155947
app_id: 0, app_name: SAR_api-aarch64, task_id: 517, task_name: DASH_FFT, resource_name: cpu2, ref_start_time: 2116693350574218, ref_stop_time: 2116693350679368, actual_exe_time: 105150, task_app_start_time:2116690715016524, task_sched_time:2116693348615787
app_id: 0, app_name: SAR_api-aarch64, task_id: 518, task_name: DASH_ZIP, resource_name: cpu3, ref_start_time: 2116693351416798, ref_stop_time: 2116693351495758, actual_exe_time: 78960, task_app_start_time:2116690715016524, task_sched_time:2116693351412868
app_id: 0, app_name: SAR_api-aarch64, task_id: 519, task_name: DASH_FFT, resource_name: fft1, ref_start_time: 2116693351958298, ref_stop_time: 2116693352076408, actual_exe_time: 118110, task_app_start_time:2116690715016524, task_sched_time:2116693351897758
app_id: 0, app_name: SAR_api-aarch64, task_id: 520, task_name: DASH_FFT, resource_name: fft2, ref_start_time: 2116693354918608, ref_stop_time: 2116693355000448, actual_exe_time: 81840, task_app_start_time:2116690715016524, task_sched_time:2116693354912578
app_id: 0, app_name: SAR_api-aarch64, task_id: 521, task_name: DASH_ZIP, resource_name: zip1, ref_start_time: 2116693358908639, ref_stop_time: 2116693359033829, actual_exe_time: 125190, task_app_start_time:2116690715016524, task_sched_time:2116693358901319
app_id: 0, app_name: SAR_api-aarch64, task_id: 522, task_name: DASH_FFT, resource_name: cpu1, ref_start_time: 2116693362616160, ref_stop_time: 2116693362722300, actual_exe_time: 106140, task_app_start_time:2116690715016524, task_sched_time:2116693362552470
app_id: 0, app_name: SAR_api-aarch64, task_id: 523, task_name: DASH_FFT, resource_name: cpu2, ref_start_time: 2116693363241720, ref_stop_time: 2116693363335650, actual_exe_time: 93930, task_app_start_time:2116690715016524, task_sched_time:2116693363232120
app_id: 0, app_name: SAR_api-aarch64, task_id: 524, task_name: DASH_ZIP, resource_name: cpu3, ref_start_time: 2116693364036090, ref_stop_time: 2116693364116340, actual_exe_time: 80250, task_app_start_time:2116690715016524, task_sched_time:2116693364033000
app_id: 0, app_name: SAR_api-aarch64, task_id: 525, task_name: DASH_FFT, resource_name: fft1, ref_start_time: 2116693364542460, ref_stop_time: 2116693364659370, actual_exe_time: 116910, task_app_start_time:2116690715016524, task_sched_time:2116693364527280
app_id: 0, app_name: SAR_api-aarch64, task_id: 526, task_name: DASH_FFT, resource_name: fft2, ref_start_time: 2116693366573220, ref_stop_time: 2116693366653050, actual_exe_time: 79830, task_app_start_time:2116690715016524, task_sched_time:2116693365039140
app_id: 0, app_name: SAR_api-aarch64, task_id: 527, task_name: DASH_ZIP, resource_name: zip1, ref_start_time: 2116693367196350, ref_stop_time: 2116693367320970, actual_exe_time: 124620, task_app_start_time:2116690715016524, task_sched_time:2116693367191100
app_id: 0, app_name: SAR_api-aarch64, task_id: 528, task_name: DASH_FFT, resource_name: cpu1, ref_start_time: 2116693370602761, ref_stop_time: 2116693370722341, actual_exe_time: 119580, task_app_start_time:2116690715016524, task_sched_time:2116693370596011
app_id: 0, app_name: SAR_api-aarch64, task_id: 529, task_name: DASH_FFT, resource_name: cpu2, ref_start_time: 2116693371151491, ref_stop_time: 2116693371254571, actual_exe_time: 103080, task_app_start_time:2116690715016524, task_sched_time:2116693371147471
app_id: 0, app_name: SAR_api-aarch64, task_id: 530, task_name: DASH_ZIP, resource_name: cpu3, ref_start_time: 2116693377169972, ref_stop_time: 2116693377253162, actual_exe_time: 83190, task_app_start_time:2116690715016524, task_sched_time:2116693377163732
app_id: 0, app_name: SAR_api-aarch64, task_id: 531, task_name: DASH_FFT, resource_name: fft1, ref_start_time: 2116693377775732, ref_stop_time: 2116693377896332, actual_exe_time: 120600, task_app_start_time:2116690715016524, task_sched_time:2116693377769702
app_id: 0, app_name: SAR_api-aarch64, task_id: 532, task_name: DASH_FFT, resource_name: fft2, ref_start_time: 2116693382608703, ref_stop_time: 2116693382697203, actual_exe_time: 88500, task_app_start_time:2116690715016524, task_sched_time:2116693382597453
app_id: 0, app_name: SAR_api-aarch64, task_id: 533, task_name: DASH_ZIP, resource_name: zip1, ref_start_time: 2116693386642803, ref_stop_time: 2116693386770603, actual_exe_time: 127800, task_app_start_time:2116690715016524, task_sched_time:2116693386633893
app_id: 0, app_name: SAR_api-aarch64, task_id: 534, task_name: DASH_FFT, resource_name: cpu1, ref_start_time: 2116693390979154, ref_stop_time: 2116693391085624, actual_exe_time: 106470, task_app_start_time:2116690715016524, task_sched_time:2116693390961724
app_id: 0, app_name: SAR_api-aarch64, task_id: 535, task_name: DASH_FFT, resource_name: cpu2, ref_start_time: 2116693392157434, ref_stop_time: 2116693392261624, actual_exe_time: 104190, task_app_start_time:2116690715016524, task_sched_time:2116693392154194
app_id: 0, app_name: SAR_api-aarch64, task_id: 536, task_name: DASH_ZIP, resource_name: cpu3, ref_start_time: 2116693398624025, ref_stop_time: 2116693399013215, actual_exe_time: 389190, task_app_start_time:2116690715016524, task_sched_time:2116693398613465
app_id: 0, app_name: SAR_api-aarch64, task_id: 537, task_name: DASH_FFT, resource_name: fft1, ref_start_time: 2116693399027285, ref_stop_time: 2116693399142845, actual_exe_time: 115560, task_app_start_time:2116690715016524, task_sched_time:2116693399017175
app_id: 0, app_name: SAR_api-aarch64, task_id: 538, task_name: DASH_FFT, resource_name: fft2, ref_start_time: 2116693405465046, ref_stop_time: 2116693405555017, actual_exe_time: 89971, task_app_start_time:2116690715016524, task_sched_time:2116693405457336
app_id: 0, app_name: SAR_api-aarch64, task_id: 539, task_name: DASH_ZIP, resource_name: zip1, ref_start_time: 2116693406623947, ref_stop_time: 2116693406752407, actual_exe_time: 128460, task_app_start_time:2116690715016524, task_sched_time:2116693406616237
app_id: 0, app_name: SAR_api-aarch64, task_id: 540, task_name: DASH_FFT, resource_name: cpu1, ref_start_time: 2116693414695688, ref_stop_time: 2116693414802788, actual_exe_time: 107100, task_app_start_time:2116690715016524, task_sched_time:2116693414689778
app_id: 0, app_name: SAR_api-aarch64, task_id: 541, task_name: DASH_FFT, resource_name: cpu2, ref_start_time: 2116693418629949, ref_stop_time: 2116693418762459, actual_exe_time: 132510, task_app_start_time:2116690715016524, task_sched_time:2116693418626049
app_id: 0, app_name: SAR_api-aarch64, task_id: 542, task_name: DASH_ZIP, resource_name: cpu3, ref_start_time: 2116693420420379, ref_stop_time: 2116693420500839, actual_exe_time: 80460, task_app_start_time:2116690715016524, task_sched_time:2116693420414169
app_id: 0, app_name: SAR_api-aarch64, task_id: 543, task_name: DASH_FFT, resource_name: fft1, ref_start_time: 2116693422996329, ref_stop_time: 2116693423117679, actual_exe_time: 121350, task_app_start_time:2116690715016524, task_sched_time:2116693422985649
app_id: 0, app_name: SAR_api-aarch64, task_id: 544, task_name: DASH_FFT, resource_name: fft2, ref_start_time: 2116693427085360, ref_stop_time: 2116693427167410, actual_exe_time: 82050, task_app_start_time:2116690715016524, task_sched_time:2116693427074560
app_id: 0, app_name: SAR_api-aarch64, task_id: 545, task_name: DASH_ZIP, resource_name: zip1, ref_start_time: 2116693431019381, ref_stop_time: 2116693431144751, actual_exe_time: 125370, task_app_start_time:2116690715016524, task_sched_time:2116693431011521
app_id: 0, app_name: SAR_api-aarch64, task_id: 546, task_name: DASH_FFT, resource_name: cpu1, ref_start_time: 2116693434897451, ref_stop_time: 2116693435023841, actual_exe_time: 126390, task_app_start_time:2116690715016524, task_sched_time:2116693434892951
app_id: 0, app_name: SAR_api-aarch64, task_id: 547, task_name: DASH_FFT, resource_name: cpu2, ref_start_time: 2116693439262902, ref_stop_time: 2116693439366732, actual_exe_time: 103830, task_app_start_time:2116690715016524, task_sched_time:2116693439234072
app_id: 0, app_name: SAR_api-aarch64, task_id: 548, task_name: DASH_ZIP, resource_name: cpu3, ref_start_time: 2116693446951663, ref_stop_time: 2116693447036293, actual_exe_time: 84630, task_app_start_time:2116690715016524, task_sched_time:2116693446946053
app_id: 0, app_name: SAR_api-aarch64, task_id: 549, task_name: DASH_FFT, resource_name: fft1, ref_start_time: 2116693447449033, ref_stop_time: 2116693447565523, actual_exe_time: 116490, task_app_start_time:2116690715016524, task_sched_time:2116693447441563
app_id: 0, app_name: SAR_api-aarch64, task_id: 550, task_name: DASH_FFT, resource_name: fft2, ref_start_time: 2116693448750373, ref_stop_time: 2116693448827653, actual_exe_time: 77280, task_app_start_time:2116690715016524, task_sched_time:2116693448742423
app_id: 0, app_name: SAR_api-aarch64, task_id: 551, task_name: DASH_ZIP, resource_name: zip1, ref_start_time: 2116693454604334, ref_stop_time: 2116693454736544, actual_exe_time: 132210, task_app_start_time:2116690715016524, task_sched_time:2116693452325594
app_id: 0, app_name: SAR_api-aarch64, task_id: 552, task_name: DASH_FFT, resource_name: cpu1, ref_start_time: 2116693455201305, ref_stop_time: 2116693455304355, actual_exe_time: 103050, task_app_start_time:2116690715016524, task_sched_time:2116693455196325
app_id: 0, app_name: SAR_api-aarch64, task_id: 553, task_name: DASH_FFT, resource_name: cpu2, ref_start_time: 2116693458956495, ref_stop_time: 2116693459062065, actual_exe_time: 105570, task_app_start_time:2116690715016524, task_sched_time:2116693458915515
app_id: 0, app_name: SAR_api-aarch64, task_id: 554, task_name: DASH_ZIP, resource_name: cpu3, ref_start_time: 2116693462277616, ref_stop_time: 2116693462359996, actual_exe_time: 82380, task_app_start_time:2116690715016524, task_sched_time:2116693462270266
app_id: 0, app_name: SAR_api-aarch64, task_id: 555, task_name: DASH_FFT, resource_name: fft1, ref_start_time: 2116693463106876, ref_stop_time: 2116693463224986, actual_exe_time: 118110, task_app_start_time:2116690715016524, task_sched_time:2116693463098416
app_id: 0, app_name: SAR_api-aarch64, task_id: 556, task_name: DASH_FFT, resource_name: fft2, ref_start_time: 2116693463605236, ref_stop_time: 2116693463679486, actual_exe_time: 74250, task_app_start_time:2116690715016524, task_sched_time:2116693463597136
app_id: 0, app_name: SAR_api-aarch64, task_id: 557, task_name: DASH_ZIP, resource_name: zip1, ref_start_time: 2116693466698896, ref_stop_time: 2116693466831406, actual_exe_time: 132510, task_app_start_time:2116690715016524, task_sched_time:2116693466688726
app_id: 0, app_name: SAR_api-aarch64, task_id: 558, task_name: DASH_FFT, resource_name: cpu1, ref_start_time: 2116693471460617, ref_stop_time: 2116693471571377, actual_exe_time: 110760, task_app_start_time:2116690715016524, task_sched_time:2116693471396207
app_id: 0, app_name: SAR_api-aarch64, task_id: 559, task_name: DASH_FFT, resource_name: cpu2, ref_start_time: 2116693474826738, ref_stop_time: 2116693474928168, actual_exe_time: 101430, task_app_start_time:2116690715016524, task_sched_time:2116693474822958
app_id: 0, app_name: SAR_api-aarch64, task_id: 560, task_name: DASH_ZIP, resource_name: cpu3, ref_start_time: 2116693477600208, ref_stop_time: 2116693477681118, actual_exe_time: 80910, task_app_start_time:2116690715016524, task_sched_time:2116693477594058
app_id: 0, app_name: SAR_api-aarch64, task_id: 561, task_name: DASH_FFT, resource_name: fft1, ref_start_time: 2116693482753189, ref_stop_time: 2116693482872769, actual_exe_time: 119580, task_app_start_time:2116690715016524, task_sched_time:2116693482671889
app_id: 0, app_name: SAR_api-aarch64, task_id: 562, task_name: DASH_FFT, resource_name: fft2, ref_start_time: 2116693483133529, ref_stop_time: 2116693483217979, actual_exe_time: 84450, task_app_start_time:2116690715016524, task_sched_time:2116693483060449
app_id: 0, app_name: SAR_api-aarch64, task_id: 563, task_name: DASH_ZIP, resource_name: zip1, ref_start_time: 2116693490622520, ref_stop_time: 2116693490752210, actual_exe_time: 129690, task_app_start_time:2116690715016524, task_sched_time:2116693490611840
app_id: 0, app_name: SAR_api-aarch64, task_id: 564, task_name: DASH_FFT, resource_name: cpu1, ref_start_time: 2116693491329290, ref_stop_time: 2116693491437290, actual_exe_time: 108000, task_app_start_time:2116690715016524, task_sched_time:2116693491326500
app_id: 0, app_name: SAR_api-aarch64, task_id: 565, task_name: DASH_FFT, resource_name: cpu2, ref_start_time: 2116693491902230, ref_stop_time: 2116693492000450, actual_exe_time: 98220, task_app_start_time:2116690715016524, task_sched_time:2116693491854830
app_id: 0, app_name: SAR_api-aarch64, task_id: 566, task_name: DASH_ZIP, resource_name: cpu3, ref_start_time: 2116693498661231, ref_stop_time: 2116693498746732, actual_exe_time: 85501, task_app_start_time:2116690715016524, task_sched_time:2116693498654871
app_id: 0, app_name: SAR_api-aarch64, task_id: 567, task_name: DASH_FFT, resource_name: fft1, ref_start_time: 2116693503108072, ref_stop_time: 2116693503232062, actual_exe_time: 123990, task_app_start_time:2116690715016524, task_sched_time:2116693503096642
app_id: 0, app_name: SAR_api-aarch64, task_id: 568, task_name: DASH_FFT, resource_name: fft2, ref_start_time: 2116693503400482, ref_stop_time: 2116693503474222, actual_exe_time: 73740, task_app_start_time:2116690715016524, task_sched_time:2116693503395082
app_id: 0, app_name: SAR_api-aarch64, task_id: 569, task_name: DASH_ZIP, resource_name: zip1, ref_start_time: 2116693506726553, ref_stop_time: 2116693506850903, actual_exe_time: 124350, task_app_start_time:2116690715016524, task_sched_time:2116693506721363
app_id: 0, app_name: SAR_api-aarch64, task_id: 570, task_name: DASH_FFT, resource_name: cpu1, ref_start_time: 2116693507577983, ref_stop_time: 2116693507689193, actual_exe_time: 111210, task_app_start_time:2116690715016524, task_sched_time:2116693507553563
app_id: 0, app_name: SAR_api-aarch64, task_id: 571, task_name: DASH_FFT, resource_name: cpu2, ref_start_time: 2116693510572763, ref_stop_time: 2116693510683733, actual_exe_time: 110970, task_app_start_time:2116690715016524, task_sched_time:2116693508247433
app_id: 0, app_name: SAR_api-aarch64, task_id: 572, task_name: DASH_ZIP, resource_name: cpu3, ref_start_time: 2116693514678474, ref_stop_time: 2116693514763404, actual_exe_time: 84930, task_app_start_time:2116690715016524, task_sched_time:2116693514669774
app_id: 0, app_name: SAR_api-aarch64, task_id: 573, task_name: DASH_FFT, resource_name: fft1, ref_start_time: 2116693518803355, ref_stop_time: 2116693518923775, actual_exe_time: 120420, task_app_start_time:2116690715016524, task_sched_time:2116693518791835
app_id: 0, app_name: SAR_api-aarch64, task_id: 574, task_name: DASH_FFT, resource_name: fft2, ref_start_time: 2116693521913065, ref_stop_time: 2116693522010715, actual_exe_time: 97650, task_app_start_time:2116690715016524, task_sched_time:2116693521908745
app_id: 0, app_name: SAR_api-aarch64, task_id: 575, task_name: DASH_ZIP, resource_name: zip1, ref_start_time: 2116693523049135, ref_stop_time: 2116693523177505, actual_exe_time: 128370, task_app_start_time:2116690715016524, task_sched_time:2116693523039445
app_id: 0, app_name: SAR_api-aarch64, task_id: 576, task_name: DASH_FFT, resource_name: cpu1, ref_start_time: 2116693523930686, ref_stop_time: 2116693524034636, actual_exe_time: 103950, task_app_start_time:2116690715016524, task_sched_time:2116693523909476
app_id: 0, app_name: SAR_api-aarch64, task_id: 577, task_name: DASH_FFT, resource_name: cpu2, ref_start_time: 2116693526476606, ref_stop_time: 2116693526599306, actual_exe_time: 122700, task_app_start_time:2116690715016524, task_sched_time:2116693524448006
app_id: 0, app_name: SAR_api-aarch64, task_id: 578, task_name: DASH_ZIP, resource_name: cpu3, ref_start_time: 2116693530950597, ref_stop_time: 2116693531035767, actual_exe_time: 85170, task_app_start_time:2116690715016524, task_sched_time:2116693530943667
app_id: 0, app_name: SAR_api-aarch64, task_id: 579, task_name: DASH_FFT, resource_name: fft1, ref_start_time: 2116693535198087, ref_stop_time: 2116693535319257, actual_exe_time: 121170, task_app_start_time:2116690715016524, task_sched_time:2116693535180777
app_id: 0, app_name: SAR_api-aarch64, task_id: 580, task_name: DASH_FFT, resource_name: fft2, ref_start_time: 2116693537530738, ref_stop_time: 2116693537604208, actual_exe_time: 73470, task_app_start_time:2116690715016524, task_sched_time:2116693537520808
app_id: 0, app_name: SAR_api-aarch64, task_id: 581, task_name: DASH_ZIP, resource_name: zip1, ref_start_time: 2116693543095529, ref_stop_time: 2116693543228069, actual_exe_time: 132540, task_app_start_time:2116690715016524, task_sched_time:2116693543085959
app_id: 0, app_name: SAR_api-aarch64, task_id: 582, task_name: DASH_FFT, resource_name: cpu1, ref_start_time: 2116693543800829, ref_stop_time: 2116693543903459, actual_exe_time: 102630, task_app_start_time:2116690715016524, task_sched_time:2116693543797079
app_id: 0, app_name: SAR_api-aarch64, task_id: 583, task_name: DASH_FFT, resource_name: cpu2, ref_start_time: 2116693547122879, ref_stop_time: 2116693547222149, actual_exe_time: 99270, task_app_start_time:2116690715016524, task_sched_time:2116693547113459
app_id: 0, app_name: SAR_api-aarch64, task_id: 584, task_name: DASH_ZIP, resource_name: cpu3, ref_start_time: 2116693551207620, ref_stop_time: 2116693551287990, actual_exe_time: 80370, task_app_start_time:2116690715016524, task_sched_time:2116693551204680
app_id: 0, app_name: SAR_api-aarch64, task_id: 585, task_name: DASH_FFT, resource_name: fft1, ref_start_time: 2116693553191070, ref_stop_time: 2116693553308970, actual_exe_time: 117900, task_app_start_time:2116690715016524, task_sched_time:2116693553176730
app_id: 0, app_name: SAR_api-aarch64, task_id: 586, task_name: DASH_FFT, resource_name: fft2, ref_start_time: 2116693553741390, ref_stop_time: 2116693553814050, actual_exe_time: 72660, task_app_start_time:2116690715016524, task_sched_time:2116693553734880
app_id: 0, app_name: SAR_api-aarch64, task_id: 587, task_name: DASH_ZIP, resource_name: zip1, ref_start_time: 2116693553986190, ref_stop_time: 2116693554110750, actual_exe_time: 124560, task_app_start_time:2116690715016524, task_sched_time:2116693553978690
app_id: 0, app_name: SAR_api-aarch64, task_id: 588, task_name: DASH_FFT, resource_name: cpu1, ref_start_time: 2116693554950331, ref_stop_time: 2116693555054701, actual_exe_time: 104370, task_app_start_time:2116690715016524, task_sched_time:2116693554946461
app_id: 0, app_name: SAR_api-aarch64, task_id: 589, task_name: DASH_FFT, resource_name: cpu2, ref_start_time: 2116693557226461, ref_stop_time: 2116693557330291, actual_exe_time: 103830, task_app_start_time:2116690715016524, task_sched_time:2116693555627281
app_id: 0, app_name: SAR_api-aarch64, task_id: 590, task_name: DASH_ZIP, resource_name: cpu3, ref_start_time: 2116693563147622, ref_stop_time: 2116693563240562, actual_exe_time: 92940, task_app_start_time:2116690715016524, task_sched_time:2116693563142732
app_id: 0, app_name: SAR_api-aarch64, task_id: 591, task_name: DASH_FFT, resource_name: fft1, ref_start_time: 2116693566623062, ref_stop_time: 2116693566750832, actual_exe_time: 127770, task_app_start_time:2116690715016524, task_sched_time:2116693566615712
app_id: 0, app_name: SAR_api-aarch64, task_id: 592, task_name: DASH_FFT, resource_name: fft2, ref_start_time: 2116693567439933, ref_stop_time: 2116693567515563, actual_exe_time: 75630, task_app_start_time:2116690715016524, task_sched_time:2116693567436783
app_id: 0, app_name: SAR_api-aarch64, task_id: 593, task_name: DASH_ZIP, resource_name: zip1, ref_start_time: 2116693570655153, ref_stop_time: 2116693570786343, actual_exe_time: 131190, task_app_start_time:2116690715016524, task_sched_time:2116693570647803
app_id: 0, app_name: SAR_api-aarch64, task_id: 594, task_name: DASH_FFT, resource_name: cpu1, ref_start_time: 2116693578593184, ref_stop_time: 2116693578709254, actual_exe_time: 116070, task_app_start_time:2116690715016524, task_sched_time:2116693578581754
app_id: 0, app_name: SAR_api-aarch64, task_id: 595, task_name: DASH_FFT, resource_name: cpu2, ref_start_time: 2116693579069794, ref_stop_time: 2116693579164534, actual_exe_time: 94740, task_app_start_time:2116690715016524, task_sched_time:2116693579067274
app_id: 0, app_name: SAR_api-aarch64, task_id: 596, task_name: DASH_ZIP, resource_name: cpu3, ref_start_time: 2116693582010155, ref_stop_time: 2116693582091305, actual_exe_time: 81150, task_app_start_time:2116690715016524, task_sched_time:2116693582000705
app_id: 0, app_name: SAR_api-aarch64, task_id: 597, task_name: DASH_FFT, resource_name: fft1, ref_start_time: 2116693582519585, ref_stop_time: 2116693583039485, actual_exe_time: 519900, task_app_start_time:2116690715016524, task_sched_time:2116693582510195
app_id: 0, app_name: SAR_api-aarch64, task_id: 598, task_name: DASH_FFT, resource_name: fft2, ref_start_time: 2116693587096296, ref_stop_time: 2116693587178316, actual_exe_time: 82020, task_app_start_time:2116690715016524, task_sched_time:2116693587089726
app_id: 0, app_name: SAR_api-aarch64, task_id: 599, task_name: DASH_ZIP, resource_name: zip1, ref_start_time: 2116693594625637, ref_stop_time: 2116693595838627, actual_exe_time: 1212990, task_app_start_time:2116690715016524, task_sched_time:2116693594611117
app_id: 0, app_name: SAR_api-aarch64, task_id: 600, task_name: DASH_FFT, resource_name: cpu1, ref_start_time: 2116693596891057, ref_stop_time: 2116693596994797, actual_exe_time: 103740, task_app_start_time:2116690715016524, task_sched_time:2116693596881127
app_id: 0, app_name: SAR_api-aarch64, task_id: 601, task_name: DASH_FFT, resource_name: cpu2, ref_start_time: 2116693602996538, ref_stop_time: 2116693603102978, actual_exe_time: 106440, task_app_start_time:2116690715016524, task_sched_time:2116693602988738
app_id: 0, app_name: SAR_api-aarch64, task_id: 602, task_name: DASH_ZIP, resource_name: cpu3, ref_start_time: 2116693609632989, ref_stop_time: 2116693609845929, actual_exe_time: 212940, task_app_start_time:2116690715016524, task_sched_time:2116693609624859
app_id: 0, app_name: SAR_api-aarch64, task_id: 603, task_name: DASH_FFT, resource_name: fft1, ref_start_time: 2116693610837430, ref_stop_time: 2116693610960940, actual_exe_time: 123510, task_app_start_time:2116690715016524, task_sched_time:2116693610831460
app_id: 0, app_name: SAR_api-aarch64, task_id: 604, task_name: DASH_FFT, resource_name: fft2, ref_start_time: 2116693614634230, ref_stop_time: 2116693614720120, actual_exe_time: 85890, task_app_start_time:2116690715016524, task_sched_time:2116693614624480
app_id: 0, app_name: SAR_api-aarch64, task_id: 605, task_name: DASH_ZIP, resource_name: zip1, ref_start_time: 2116693619058841, ref_stop_time: 2116693619184061, actual_exe_time: 125220, task_app_start_time:2116690715016524, task_sched_time:2116693619051641
app_id: 0, app_name: SAR_api-aarch64, task_id: 606, task_name: DASH_FFT, resource_name: cpu1, ref_start_time: 2116693625327072, ref_stop_time: 2116693625435972, actual_exe_time: 108900, task_app_start_time:2116690715016524, task_sched_time:2116693625321552
app_id: 0, app_name: SAR_api-aarch64, task_id: 607, task_name: DASH_FFT, resource_name: cpu2, ref_start_time: 2116693629128522, ref_stop_time: 2116693629234063, actual_exe_time: 105541, task_app_start_time:2116690715016524, task_sched_time:2116693629120812
app_id: 0, app_name: SAR_api-aarch64, task_id: 608, task_name: DASH_ZIP, resource_name: cpu3, ref_start_time: 2116693638221404, ref_stop_time: 2116693638302584, actual_exe_time: 81180, task_app_start_time:2116690715016524, task_sched_time:2116693638215044
app_id: 0, app_name: SAR_api-aarch64, task_id: 609, task_name: DASH_FFT, resource_name: fft1, ref_start_time: 2116693639371514, ref_stop_time: 2116693639496854, actual_exe_time: 125340, task_app_start_time:2116690715016524, task_sched_time:2116693639365394
app_id: 0, app_name: SAR_api-aarch64, task_id: 610, task_name: DASH_FFT, resource_name: fft2, ref_start_time: 2116693642805075, ref_stop_time: 2116693642889975, actual_exe_time: 84900, task_app_start_time:2116690715016524, task_sched_time:2116693642796225
app_id: 0, app_name: SAR_api-aarch64, task_id: 611, task_name: DASH_ZIP, resource_name: zip1, ref_start_time: 2116693643400605, ref_stop_time: 2116693643890835, actual_exe_time: 490230, task_app_start_time:2116690715016524, task_sched_time:2116693643397245
app_id: 0, app_name: SAR_api-aarch64, task_id: 612, task_name: DASH_FFT, resource_name: cpu1, ref_start_time: 2116693653353946, ref_stop_time: 2116693653470226, actual_exe_time: 116280, task_app_start_time:2116690715016524, task_sched_time:2116693653300126
app_id: 0, app_name: SAR_api-aarch64, task_id: 613, task_name: DASH_FFT, resource_name: cpu2, ref_start_time: 2116693654761397, ref_stop_time: 2116693654856377, actual_exe_time: 94980, task_app_start_time:2116690715016524, task_sched_time:2116693654756657
app_id: 0, app_name: SAR_api-aarch64, task_id: 614, task_name: DASH_ZIP, resource_name: cpu3, ref_start_time: 2116693662836948, ref_stop_time: 2116693662918488, actual_exe_time: 81540, task_app_start_time:2116690715016524, task_sched_time:2116693662830318
app_id: 0, app_name: SAR_api-aarch64, task_id: 615, task_name: DASH_FFT, resource_name: fft1, ref_start_time: 2116693666613769, ref_stop_time: 2116693666743429, actual_exe_time: 129660, task_app_start_time:2116690715016524, task_sched_time:2116693666605069
app_id: 0, app_name: SAR_api-aarch64, task_id: 616, task_name: DASH_FFT, resource_name: fft2, ref_start_time: 2116693667806719, ref_stop_time: 2116693667876709, actual_exe_time: 69990, task_app_start_time:2116690715016524, task_sched_time:2116693667799039
app_id: 0, app_name: SAR_api-aarch64, task_id: 617, task_name: DASH_ZIP, resource_name: zip1, ref_start_time: 2116693670972049, ref_stop_time: 2116693671098229, actual_exe_time: 126180, task_app_start_time:2116690715016524, task_sched_time:2116693670961609
app_id: 0, app_name: SAR_api-aarch64, task_id: 618, task_name: DASH_FFT, resource_name: cpu1, ref_start_time: 2116693678936631, ref_stop_time: 2116693679054381, actual_exe_time: 117750, task_app_start_time:2116690715016524, task_sched_time:2116693678919891
app_id: 0, app_name: SAR_api-aarch64, task_id: 619, task_name: DASH_FFT, resource_name: cpu2, ref_start_time: 2116693682429141, ref_stop_time: 2116693682527871, actual_exe_time: 98730, task_app_start_time:2116690715016524, task_sched_time:2116693682425721
app_id: 0, app_name: SAR_api-aarch64, task_id: 620, task_name: DASH_ZIP, resource_name: cpu3, ref_start_time: 2116693690608552, ref_stop_time: 2116693690692762, actual_exe_time: 84210, task_app_start_time:2116690715016524, task_sched_time:2116693690599402
app_id: 0, app_name: SAR_api-aarch64, task_id: 621, task_name: DASH_FFT, resource_name: fft1, ref_start_time: 2116693691353333, ref_stop_time: 2116693691475103, actual_exe_time: 121770, task_app_start_time:2116690715016524, task_sched_time:2116693691337793
app_id: 0, app_name: SAR_api-aarch64, task_id: 622, task_name: DASH_FFT, resource_name: fft2, ref_start_time: 2116693696411453, ref_stop_time: 2116693696691653, actual_exe_time: 280200, task_app_start_time:2116690715016524, task_sched_time:2116693696405993
app_id: 0, app_name: SAR_api-aarch64, task_id: 623, task_name: DASH_ZIP, resource_name: zip1, ref_start_time: 2116693697555444, ref_stop_time: 2116693697674364, actual_exe_time: 118920, task_app_start_time:2116690715016524, task_sched_time:2116693697548934
app_id: 0, app_name: SAR_api-aarch64, task_id: 624, task_name: DASH_FFT, resource_name: cpu1, ref_start_time: 2116693706834415, ref_stop_time: 2116693706950995, actual_exe_time: 116580, task_app_start_time:2116690715016524, task_sched_time:2116693706764125
app_id: 0, app_name: SAR_api-aarch64, task_id: 625, task_name: DASH_FFT, resource_name: cpu2, ref_start_time: 2116693711163506, ref_stop_time: 2116693711605856, actual_exe_time: 442350, task_app_start_time:2116690715016524, task_sched_time:2116693711153846
app_id: 0, app_name: SAR_api-aarch64, task_id: 626, task_name: DASH_ZIP, resource_name: cpu3, ref_start_time: 2116693714693486, ref_stop_time: 2116693714772236, actual_exe_time: 78750, task_app_start_time:2116690715016524, task_sched_time:2116693714683346
app_id: 0, app_name: SAR_api-aarch64, task_id: 627, task_name: DASH_FFT, resource_name: fft1, ref_start_time: 2116693718661677, ref_stop_time: 2116693718789597, actual_exe_time: 127920, task_app_start_time:2116690715016524, task_sched_time:2116693718645627
app_id: 0, app_name: SAR_api-aarch64, task_id: 628, task_name: DASH_FFT, resource_name: fft2, ref_start_time: 2116693723455168, ref_stop_time: 2116693723533978, actual_exe_time: 78810, task_app_start_time:2116690715016524, task_sched_time:2116693723450248
app_id: 0, app_name: SAR_api-aarch64, task_id: 629, task_name: DASH_ZIP, resource_name: zip1, ref_start_time: 2116693724353818, ref_stop_time: 2116693724474058, actual_exe_time: 120240, task_app_start_time:2116690715016524, task_sched_time:2116693724350938
app_id: 0, app_name: SAR_api-aarch64, task_id: 630, task_name: DASH_FFT, resource_name: cpu1, ref_start_time: 2116693728855379, ref_stop_time: 2116693728972829, actual_exe_time: 117450, task_app_start_time:2116690715016524, task_sched_time:2116693728840799
app_id: 0, app_name: SAR_api-aarch64, task_id: 631, task_name: DASH_FFT, resource_name: cpu2, ref_start_time: 2116693729533019, ref_stop_time: 2116693730014339, actual_exe_time: 481320, task_app_start_time:2116690715016524, task_sched_time:2116693729528399
app_id: 0, app_name: SAR_api-aarch64, task_id: 632, task_name: DASH_ZIP, resource_name: cpu3, ref_start_time: 2116693734584269, ref_stop_time: 2116693734664279, actual_exe_time: 80010, task_app_start_time:2116690715016524, task_sched_time:2116693730993149
app_id: 0, app_name: SAR_api-aarch64, task_id: 633, task_name: DASH_FFT, resource_name: fft1, ref_start_time: 2116693735286450, ref_stop_time: 2116693735423850, actual_exe_time: 137400, task_app_start_time:2116690715016524, task_sched_time:2116693735282820
app_id: 0, app_name: SAR_api-aarch64, task_id: 634, task_name: DASH_FFT, resource_name: fft2, ref_start_time: 2116693738307540, ref_stop_time: 2116693738379630, actual_exe_time: 72090, task_app_start_time:2116690715016524, task_sched_time:2116693738301660
app_id: 0, app_name: SAR_api-aarch64, task_id: 635, task_name: DASH_ZIP, resource_name: zip1, ref_start_time: 2116693739401880, ref_stop_time: 2116693739525870, actual_exe_time: 123990, task_app_start_time:2116690715016524, task_sched_time:2116693739395790
app_id: 0, app_name: SAR_api-aarch64, task_id: 636, task_name: DASH_FFT, resource_name: cpu1, ref_start_time: 2116693746724191, ref_stop_time: 2116693746842721, actual_exe_time: 118530, task_app_start_time:2116690715016524, task_sched_time:2116693746705471
app_id: 0, app_name: SAR_api-aarch64, task_id: 637, task_name: DASH_FFT, resource_name: cpu2, ref_start_time: 2116693750617682, ref_stop_time: 2116693750719232, actual_exe_time: 101550, task_app_start_time:2116690715016524, task_sched_time:2116693750613002
app_id: 0, app_name: SAR_api-aarch64, task_id: 638, task_name: DASH_ZIP, resource_name: cpu3, ref_start_time: 2116693753161862, ref_stop_time: 2116693753238812, actual_exe_time: 76950, task_app_start_time:2116690715016524, task_sched_time:2116693753158712
app_id: 0, app_name: SAR_api-aarch64, task_id: 639, task_name: DASH_FFT, resource_name: fft1, ref_start_time: 2116693754758253, ref_stop_time: 2116693754889623, actual_exe_time: 131370, task_app_start_time:2116690715016524, task_sched_time:2116693754748653
app_id: 0, app_name: SAR_api-aarch64, task_id: 640, task_name: DASH_FFT, resource_name: fft2, ref_start_time: 2116693759335413, ref_stop_time: 2116693759409993, actual_exe_time: 74580, task_app_start_time:2116690715016524, task_sched_time:2116693759327703
app_id: 0, app_name: SAR_api-aarch64, task_id: 641, task_name: DASH_ZIP, resource_name: zip1, ref_start_time: 2116693766602315, ref_stop_time: 2116693766973115, actual_exe_time: 370800, task_app_start_time:2116690715016524, task_sched_time:2116693766595205
app_id: 0, app_name: SAR_api-aarch64, task_id: 642, task_name: DASH_FFT, resource_name: cpu1, ref_start_time: 2116693768310095, ref_stop_time: 2116693768430215, actual_exe_time: 120120, task_app_start_time:2116690715016524, task_sched_time:2116693768300105
app_id: 0, app_name: SAR_api-aarch64, task_id: 643, task_name: DASH_FFT, resource_name: cpu2, ref_start_time: 2116693777796216, ref_stop_time: 2116693777924586, actual_exe_time: 128370, task_app_start_time:2116690715016524, task_sched_time:2116693777789466
app_id: 0, app_name: SAR_api-aarch64, task_id: 644, task_name: DASH_ZIP, resource_name: cpu3, ref_start_time: 2116693781358207, ref_stop_time: 2116693781436687, actual_exe_time: 78480, task_app_start_time:2116690715016524, task_sched_time:2116693781353077
app_id: 0, app_name: SAR_api-aarch64, task_id: 645, task_name: DASH_FFT, resource_name: fft1, ref_start_time: 2116693787111128, ref_stop_time: 2116693787239678, actual_exe_time: 128550, task_app_start_time:2116690715016524, task_sched_time:2116693787018068
app_id: 0, app_name: SAR_api-aarch64, task_id: 646, task_name: DASH_FFT, resource_name: fft2, ref_start_time: 2116693794653939, ref_stop_time: 2116693794740639, actual_exe_time: 86700, task_app_start_time:2116690715016524, task_sched_time:2116693794646649
app_id: 0, app_name: SAR_api-aarch64, task_id: 647, task_name: DASH_ZIP, resource_name: zip1, ref_start_time: 2116693796090579, ref_stop_time: 2116693796214689, actual_exe_time: 124110, task_app_start_time:2116690715016524, task_sched_time:2116693796083469
app_id: 0, app_name: SAR_api-aarch64, task_id: 648, task_name: DASH_FFT, resource_name: cpu1, ref_start_time: 2116693803176461, ref_stop_time: 2116693803294541, actual_exe_time: 118080, task_app_start_time:2116690715016524, task_sched_time:2116693803115080
app_id: 0, app_name: SAR_api-aarch64, task_id: 649, task_name: DASH_FFT, resource_name: cpu2, ref_start_time: 2116693809174541, ref_stop_time: 2116693809280171, actual_exe_time: 105630, task_app_start_time:2116690715016524, task_sched_time:2116693809169111
app_id: 0, app_name: SAR_api-aarch64, task_id: 650, task_name: DASH_ZIP, resource_name: cpu3, ref_start_time: 2116693810519292, ref_stop_time: 2116693810613582, actual_exe_time: 94290, task_app_start_time:2116690715016524, task_sched_time:2116693810513202
app_id: 0, app_name: SAR_api-aarch64, task_id: 651, task_name: DASH_FFT, resource_name: fft1, ref_start_time: 2116693818623793, ref_stop_time: 2116693818760683, actual_exe_time: 136890, task_app_start_time:2116690715016524, task_sched_time:2116693818614373
app_id: 0, app_name: SAR_api-aarch64, task_id: 652, task_name: DASH_FFT, resource_name: fft2, ref_start_time: 2116693819532973, ref_stop_time: 2116693819609323, actual_exe_time: 76350, task_app_start_time:2116690715016524, task_sched_time:2116693819524453
app_id: 0, app_name: SAR_api-aarch64, task_id: 653, task_name: DASH_ZIP, resource_name: zip1, ref_start_time: 2116693823131294, ref_stop_time: 2116693823253544, actual_exe_time: 122250, task_app_start_time:2116690715016524, task_sched_time:2116693823127424
app_id: 0, app_name: SAR_api-aarch64, task_id: 654, task_name: DASH_FFT, resource_name: cpu1, ref_start_time: 2116693824255934, ref_stop_time: 2116693824370384, actual_exe_time: 114450, task_app_start_time:2116690715016524, task_sched_time:2116693824241774
app_id: 0, app_name: SAR_api-aarch64, task_id: 655, task_name: DASH_FFT, resource_name: cpu2, ref_start_time: 2116693827760954, ref_stop_time: 2116693827859864, actual_exe_time: 98910, task_app_start_time:2116690715016524, task_sched_time:2116693827750574
app_id: 0, app_name: SAR_api-aarch64, task_id: 656, task_name: DASH_ZIP, resource_name: cpu3, ref_start_time: 2116693830582935, ref_stop_time: 2116693830663125, actual_exe_time: 80190, task_app_start_time:2116690715016524, task_sched_time:2116693828735595
app_id: 0, app_name: SAR_api-aarch64, task_id: 657, task_name: DASH_FFT, resource_name: fft1, ref_start_time: 2116693831473605, ref_stop_time: 2116693831602095, actual_exe_time: 128490, task_app_start_time:2116690715016524, task_sched_time:2116693831465895
app_id: 0, app_name: SAR_api-aarch64, task_id: 658, task_name: DASH_FFT, resource_name: fft2, ref_start_time: 2116693832330015, ref_stop_time: 2116693832399165, actual_exe_time: 69150, task_app_start_time:2116690715016524, task_sched_time:2116693832321195
app_id: 0, app_name: SAR_api-aarch64, task_id: 659, task_name: DASH_ZIP, resource_name: zip1, ref_start_time: 2116693834574886, ref_stop_time: 2116693834695816, actual_exe_time: 120930, task_app_start_time:2116690715016524, task_sched_time:2116693832895305
app_id: 0, app_name: SAR_api-aarch64, task_id: 660, task_name: DASH_FFT, resource_name: cpu1, ref_start_time: 2116693835474136, ref_stop_time: 2116693835585556, actual_exe_time: 111420, task_app_start_time:2116690715016524, task_sched_time:2116693835269926
app_id: 0, app_name: SAR_api-aarch64, task_id: 661, task_name: DASH_FFT, resource_name: cpu2, ref_start_time: 2116693836199626, ref_stop_time: 2116693836289266, actual_exe_time: 89640, task_app_start_time:2116690715016524, task_sched_time:2116693836192516
app_id: 0, app_name: SAR_api-aarch64, task_id: 662, task_name: DASH_ZIP, resource_name: cpu3, ref_start_time: 2116693837870926, ref_stop_time: 2116693837949526, actual_exe_time: 78600, task_app_start_time:2116690715016524, task_sched_time:2116693837077636
app_id: 0, app_name: SAR_api-aarch64, task_id: 663, task_name: DASH_FFT, resource_name: fft1, ref_start_time: 2116693842670447, ref_stop_time: 2116693842802897, actual_exe_time: 132450, task_app_start_time:2116690715016524, task_sched_time:2116693842661087
app_id: 0, app_name: SAR_api-aarch64, task_id: 664, task_name: DASH_FFT, resource_name: fft2, ref_start_time: 2116693843762957, ref_stop_time: 2116693843836577, actual_exe_time: 73620, task_app_start_time:2116690715016524, task_sched_time:2116693843752877
app_id: 0, app_name: SAR_api-aarch64, task_id: 665, task_name: DASH_ZIP, resource_name: zip1, ref_start_time: 2116693850642108, ref_stop_time: 2116693850768468, actual_exe_time: 126360, task_app_start_time:2116690715016524, task_sched_time:2116693850634938
app_id: 0, app_name: SAR_api-aarch64, task_id: 666, task_name: DASH_FFT, resource_name: cpu1, ref_start_time: 2116693851841808, ref_stop_time: 2116693851958358, actual_exe_time: 116550, task_app_start_time:2116690715016524, task_sched_time:2116693851831428
app_id: 0, app_name: SAR_api-aarch64, task_id: 667, task_name: DASH_FFT, resource_name: cpu2, ref_start_time: 2116693858678689, ref_stop_time: 2116693858793229, actual_exe_time: 114540, task_app_start_time:2116690715016524, task_sched_time:2116693858669179
app_id: 0, app_name: SAR_api-aarch64, task_id: 668, task_name: DASH_ZIP, resource_name: cpu3, ref_start_time: 2116693862625730, ref_stop_time: 2116693862703310, actual_exe_time: 77580, task_app_start_time:2116690715016524, task_sched_time:2116693862618980
app_id: 0, app_name: SAR_api-aarch64, task_id: 669, task_name: DASH_FFT, resource_name: fft1, ref_start_time: 2116693865707091, ref_stop_time: 2116693865832701, actual_exe_time: 125610, task_app_start_time:2116690715016524, task_sched_time:2116693865698001
app_id: 0, app_name: SAR_api-aarch64, task_id: 670, task_name: DASH_FFT, resource_name: fft2, ref_start_time: 2116693866970241, ref_stop_time: 2116693867045271, actual_exe_time: 75030, task_app_start_time:2116690715016524, task_sched_time:2116693866960911
app_id: 0, app_name: SAR_api-aarch64, task_id: 671, task_name: DASH_ZIP, resource_name: zip1, ref_start_time: 2116693870654451, ref_stop_time: 2116693870778021, actual_exe_time: 123570, task_app_start_time:2116690715016524, task_sched_time:2116693870649501
app_id: 0, app_name: SAR_api-aarch64, task_id: 672, task_name: DASH_FFT, resource_name: cpu1, ref_start_time: 2116693874781252, ref_stop_time: 2116693874898672, actual_exe_time: 117420, task_app_start_time:2116690715016524, task_sched_time:2116693874733102
app_id: 0, app_name: SAR_api-aarch64, task_id: 673, task_name: DASH_FFT, resource_name: cpu2, ref_start_time: 2116693881315733, ref_stop_time: 2116693881415423, actual_exe_time: 99690, task_app_start_time:2116690715016524, task_sched_time:2116693881305593
app_id: 0, app_name: SAR_api-aarch64, task_id: 674, task_name: DASH_ZIP, resource_name: cpu3, ref_start_time: 2116693882719523, ref_stop_time: 2116693882796743, actual_exe_time: 77220, task_app_start_time:2116690715016524, task_sched_time:2116693882714303
app_id: 0, app_name: SAR_api-aarch64, task_id: 675, task_name: DASH_FFT, resource_name: fft1, ref_start_time: 2116693886910614, ref_stop_time: 2116693887047294, actual_exe_time: 136680, task_app_start_time:2116690715016524, task_sched_time:2116693886903504
app_id: 0, app_name: SAR_api-aarch64, task_id: 676, task_name: DASH_FFT, resource_name: fft2, ref_start_time: 2116693890646785, ref_stop_time: 2116693890722535, actual_exe_time: 75750, task_app_start_time:2116690715016524, task_sched_time:2116693890636555
app_id: 0, app_name: SAR_api-aarch64, task_id: 677, task_name: DASH_ZIP, resource_name: zip1, ref_start_time: 2116693895221605, ref_stop_time: 2116693895694285, actual_exe_time: 472680, task_app_start_time:2116690715016524, task_sched_time:2116693895217105
app_id: 0, app_name: SAR_api-aarch64, task_id: 678, task_name: DASH_FFT, resource_name: cpu1, ref_start_time: 2116693897850806, ref_stop_time: 2116693897965616, actual_exe_time: 114810, task_app_start_time:2116690715016524, task_sched_time:2116693897832086
app_id: 0, app_name: SAR_api-aarch64, task_id: 679, task_name: DASH_FFT, resource_name: cpu2, ref_start_time: 2116693901446606, ref_stop_time: 2116693901544106, actual_exe_time: 97500, task_app_start_time:2116690715016524, task_sched_time:2116693901437366
app_id: 0, app_name: SAR_api-aarch64, task_id: 680, task_name: DASH_ZIP, resource_name: cpu3, ref_start_time: 2116693906594157, ref_stop_time: 2116693906674857, actual_exe_time: 80700, task_app_start_time:2116690715016524, task_sched_time:2116693902460156
app_id: 0, app_name: SAR_api-aarch64, task_id: 681, task_name: DASH_FFT, resource_name: fft1, ref_start_time: 2116693910141568, ref_stop_time: 2116693910262918, actual_exe_time: 121350, task_app_start_time:2116690715016524, task_sched_time:2116693910131908
app_id: 0, app_name: SAR_api-aarch64, task_id: 682, task_name: DASH_FFT, resource_name: fft2, ref_start_time: 2116693911226908, ref_stop_time: 2116693911298758, actual_exe_time: 71850, task_app_start_time:2116690715016524, task_sched_time:2116693911218418
app_id: 0, app_name: SAR_api-aarch64, task_id: 683, task_name: DASH_ZIP, resource_name: zip1, ref_start_time: 2116693914882738, ref_stop_time: 2116693915008348, actual_exe_time: 125610, task_app_start_time:2116690715016524, task_sched_time:2116693914872868
app_id: 0, app_name: SAR_api-aarch64, task_id: 684, task_name: DASH_FFT, resource_name: cpu1, ref_start_time: 2116693923004460, ref_stop_time: 2116693923122690, actual_exe_time: 118230, task_app_start_time:2116690715016524, task_sched_time:2116693922870750
app_id: 0, app_name: SAR_api-aarch64, task_id: 685, task_name: DASH_FFT, resource_name: cpu2, ref_start_time: 2116693925609930, ref_stop_time: 2116693925937140, actual_exe_time: 327210, task_app_start_time:2116690715016524, task_sched_time:2116693925600270
app_id: 0, app_name: SAR_api-aarch64, task_id: 686, task_name: DASH_ZIP, resource_name: cpu3, ref_start_time: 2116693930984761, ref_stop_time: 2116693931066811, actual_exe_time: 82050, task_app_start_time:2116690715016524, task_sched_time:2116693930975791
app_id: 0, app_name: SAR_api-aarch64, task_id: 687, task_name: DASH_FFT, resource_name: fft1, ref_start_time: 2116693938902512, ref_stop_time: 2116693939024912, actual_exe_time: 122400, task_app_start_time:2116690715016524, task_sched_time:2116693938554242
app_id: 0, app_name: SAR_api-aarch64, task_id: 688, task_name: DASH_FFT, resource_name: fft2, ref_start_time: 2116693940037803, ref_stop_time: 2116693940116793, actual_exe_time: 78990, task_app_start_time:2116690715016524, task_sched_time:2116693940029883
app_id: 0, app_name: SAR_api-aarch64, task_id: 689, task_name: DASH_ZIP, resource_name: zip1, ref_start_time: 2116693946733294, ref_stop_time: 2116693946861124, actual_exe_time: 127830, task_app_start_time:2116690715016524, task_sched_time:2116693946725314
app_id: 0, app_name: SAR_api-aarch64, task_id: 690, task_name: DASH_FFT, resource_name: cpu1, ref_start_time: 2116693952643625, ref_stop_time: 2116693952761015, actual_exe_time: 117390, task_app_start_time:2116690715016524, task_sched_time:2116693952633635
app_id: 0, app_name: SAR_api-aarch64, task_id: 691, task_name: DASH_FFT, resource_name: cpu2, ref_start_time: 2116693953671845, ref_stop_time: 2116693953768415, actual_exe_time: 96570, task_app_start_time:2116690715016524, task_sched_time:2116693953667075
app_id: 0, app_name: SAR_api-aarch64, task_id: 692, task_name: DASH_ZIP, resource_name: cpu3, ref_start_time: 2116693959238286, ref_stop_time: 2116693959316736, actual_exe_time: 78450, task_app_start_time:2116690715016524, task_sched_time:2116693959231176
app_id: 0, app_name: SAR_api-aarch64, task_id: 693, task_name: DASH_FFT, resource_name: fft1, ref_start_time: 2116693963260776, ref_stop_time: 2116693963383626, actual_exe_time: 122850, task_app_start_time:2116690715016524, task_sched_time:2116693963025726
app_id: 0, app_name: SAR_api-aarch64, task_id: 694, task_name: DASH_FFT, resource_name: fft2, ref_start_time: 2116693967913117, ref_stop_time: 2116693967996667, actual_exe_time: 83550, task_app_start_time:2116690715016524, task_sched_time:2116693967904657
app_id: 0, app_name: SAR_api-aarch64, task_id: 695, task_name: DASH_ZIP, resource_name: zip1, ref_start_time: 2116693974911158, ref_stop_time: 2116693975038448, actual_exe_time: 127290, task_app_start_time:2116690715016524, task_sched_time:2116693974903568
app_id: 0, app_name: SAR_api-aarch64, task_id: 696, task_name: DASH_FFT, resource_name: cpu1, ref_start_time: 2116693978654829, ref_stop_time: 2116693979397179, actual_exe_time: 742350, task_app_start_time:2116690715016524, task_sched_time:2116693978645679
app_id: 0, app_name: SAR_api-aarch64, task_id: 697, task_name: DASH_FFT, resource_name: cpu2, ref_start_time: 2116693982259389, ref_stop_time: 2116693982360729, actual_exe_time: 101340, task_app_start_time:2116690715016524, task_sched_time:2116693982251709
app_id: 0, app_name: SAR_api-aarch64, task_id: 698, task_name: DASH_ZIP, resource_name: cpu3, ref_start_time: 2116693990975081, ref_stop_time: 2116693991060761, actual_exe_time: 85680, task_app_start_time:2116690715016524, task_sched_time:2116693990966801
app_id: 0, app_name: SAR_api-aarch64, task_id: 699, task_name: DASH_FFT, resource_name: fft1, ref_start_time: 2116693994630281, ref_stop_time: 2116693995592651, actual_exe_time: 962370, task_app_start_time:2116690715016524, task_sched_time:2116693994580001
app_id: 0, app_name: SAR_api-aarch64, task_id: 700, task_name: DASH_FFT, resource_name: fft2, ref_start_time: 2116694007085233, ref_stop_time: 2116694007176763, actual_exe_time: 91530, task_app_start_time:2116690715016524, task_sched_time:2116694007074343
app_id: 0, app_name: SAR_api-aarch64, task_id: 701, task_name: DASH_ZIP, resource_name: zip1, ref_start_time: 2116694009619334, ref_stop_time: 2116694009745034, actual_exe_time: 125700, task_app_start_time:2116690715016524, task_sched_time:2116694009614324
app_id: 0, app_name: SAR_api-aarch64, task_id: 702, task_name: DASH_FFT, resource_name: cpu1, ref_start_time: 2116694013432664, ref_stop_time: 2116694013547354, actual_exe_time: 114690, task_app_start_time:2116690715016524, task_sched_time:2116694013338044
app_id: 0, app_name: SAR_api-aarch64, task_id: 703, task_name: DASH_FFT, resource_name: cpu2, ref_start_time: 2116694018664125, ref_stop_time: 2116694018772575, actual_exe_time: 108450, task_app_start_time:2116690715016524, task_sched_time:2116694018656625
app_id: 0, app_name: SAR_api-aarch64, task_id: 704, task_name: DASH_ZIP, resource_name: cpu3, ref_start_time: 2116694023912356, ref_stop_time: 2116694024397096, actual_exe_time: 484740, task_app_start_time:2116690715016524, task_sched_time:2116694023904886
app_id: 0, app_name: SAR_api-aarch64, task_id: 705, task_name: DASH_FFT, resource_name: fft1, ref_start_time: 2116694028235807, ref_stop_time: 2116694028368137, actual_exe_time: 132330, task_app_start_time:2116690715016524, task_sched_time:2116694028222067
app_id: 0, app_name: SAR_api-aarch64, task_id: 706, task_name: DASH_FFT, resource_name: fft2, ref_start_time: 2116694030599147, ref_stop_time: 2116694030677687, actual_exe_time: 78540, task_app_start_time:2116690715016524, task_sched_time:2116694029228177
app_id: 0, app_name: SAR_api-aarch64, task_id: 707, task_name: DASH_ZIP, resource_name: zip1, ref_start_time: 2116694034622448, ref_stop_time: 2116694034743558, actual_exe_time: 121110, task_app_start_time:2116690715016524, task_sched_time:2116694034618038
app_id: 0, app_name: SAR_api-aarch64, task_id: 708, task_name: DASH_FFT, resource_name: cpu1, ref_start_time: 2116694037584108, ref_stop_time: 2116694038375508, actual_exe_time: 791400, task_app_start_time:2116690715016524, task_sched_time:2116694037561248
app_id: 0, app_name: SAR_api-aarch64, task_id: 709, task_name: DASH_FFT, resource_name: cpu2, ref_start_time: 2116694039190518, ref_stop_time: 2116694039287599, actual_exe_time: 97081, task_app_start_time:2116690715016524, task_sched_time:2116694039181308
app_id: 0, app_name: SAR_api-aarch64, task_id: 710, task_name: DASH_ZIP, resource_name: cpu3, ref_start_time: 2116694050959850, ref_stop_time: 2116694051042110, actual_exe_time: 82260, task_app_start_time:2116690715016524, task_sched_time:2116694050951060
app_id: 0, app_name: SAR_api-aarch64, task_id: 711, task_name: DASH_FFT, resource_name: fft1, ref_start_time: 2116694052560351, ref_stop_time: 2116694053216121, actual_exe_time: 655770, task_app_start_time:2116690715016524, task_sched_time:2116694052534641
app_id: 0, app_name: SAR_api-aarch64, task_id: 712, task_name: DASH_FFT, resource_name: fft2, ref_start_time: 2116694058711492, ref_stop_time: 2116694058801792, actual_exe_time: 90300, task_app_start_time:2116690715016524, task_sched_time:2116694058700962
app_id: 0, app_name: SAR_api-aarch64, task_id: 713, task_name: DASH_ZIP, resource_name: zip1, ref_start_time: 2116694062614102, ref_stop_time: 2116694062735302, actual_exe_time: 121200, task_app_start_time:2116690715016524, task_sched_time:2116694062608762
app_id: 0, app_name: SAR_api-aarch64, task_id: 714, task_name: DASH_FFT, resource_name: cpu1, ref_start_time: 2116694065669393, ref_stop_time: 2116694065782253, actual_exe_time: 112860, task_app_start_time:2116690715016524, task_sched_time:2116694065653133
app_id: 0, app_name: SAR_api-aarch64, task_id: 715, task_name: DASH_FFT, resource_name: cpu2, ref_start_time: 2116694066897803, ref_stop_time: 2116694066994553, actual_exe_time: 96750, task_app_start_time:2116690715016524, task_sched_time:2116694066892433
app_id: 0, app_name: SAR_api-aarch64, task_id: 716, task_name: DASH_ZIP, resource_name: cpu3, ref_start_time: 2116694067576733, ref_stop_time: 2116694067651403, actual_exe_time: 74670, task_app_start_time:2116690715016524, task_sched_time:2116694067570673
app_id: 0, app_name: SAR_api-aarch64, task_id: 717, task_name: DASH_FFT, resource_name: fft1, ref_start_time: 2116694074734734, ref_stop_time: 2116694074871024, actual_exe_time: 136290, task_app_start_time:2116690715016524, task_sched_time:2116694074722914
app_id: 0, app_name: SAR_api-aarch64, task_id: 718, task_name: DASH_FFT, resource_name: fft2, ref_start_time: 2116694081378115, ref_stop_time: 2116694081870085, actual_exe_time: 491970, task_app_start_time:2116690715016524, task_sched_time:2116694081368335
app_id: 0, app_name: SAR_api-aarch64, task_id: 719, task_name: DASH_ZIP, resource_name: zip1, ref_start_time: 2116694087049796, ref_stop_time: 2116694087174986, actual_exe_time: 125190, task_app_start_time:2116690715016524, task_sched_time:2116694087044636
app_id: 0, app_name: SAR_api-aarch64, task_id: 720, task_name: DASH_FFT, resource_name: cpu1, ref_start_time: 2116694094790127, ref_stop_time: 2116694094917897, actual_exe_time: 127770, task_app_start_time:2116690715016524, task_sched_time:2116694094778727
app_id: 0, app_name: SAR_api-aarch64, task_id: 721, task_name: DASH_FFT, resource_name: cpu2, ref_start_time: 2116694098689258, ref_stop_time: 2116694098794108, actual_exe_time: 104850, task_app_start_time:2116690715016524, task_sched_time:2116694098678278
app_id: 0, app_name: SAR_api-aarch64, task_id: 722, task_name: DASH_ZIP, resource_name: cpu3, ref_start_time: 2116694106812569, ref_stop_time: 2116694107176439, actual_exe_time: 363870, task_app_start_time:2116690715016524, task_sched_time:2116694106805789
app_id: 0, app_name: SAR_api-aarch64, task_id: 723, task_name: DASH_FFT, resource_name: fft1, ref_start_time: 2116694109188600, ref_stop_time: 2116694109348620, actual_exe_time: 160020, task_app_start_time:2116690715016524, task_sched_time:2116694109174500
app_id: 0, app_name: SAR_api-aarch64, task_id: 724, task_name: DASH_FFT, resource_name: fft2, ref_start_time: 2116694112917420, ref_stop_time: 2116694113002260, actual_exe_time: 84840, task_app_start_time:2116690715016524, task_sched_time:2116694112908480
app_id: 0, app_name: SAR_api-aarch64, task_id: 725, task_name: DASH_ZIP, resource_name: zip1, ref_start_time: 2116694118587541, ref_stop_time: 2116694118714681, actual_exe_time: 127140, task_app_start_time:2116690715016524, task_sched_time:2116694113611620
app_id: 0, app_name: SAR_api-aarch64, task_id: 726, task_name: DASH_FFT, resource_name: cpu1, ref_start_time: 2116694121558202, ref_stop_time: 2116694121671692, actual_exe_time: 113490, task_app_start_time:2116690715016524, task_sched_time:2116694121548452
app_id: 0, app_name: SAR_api-aarch64, task_id: 727, task_name: DASH_FFT, resource_name: cpu2, ref_start_time: 2116694122597102, ref_stop_time: 2116694122690312, actual_exe_time: 93210, task_app_start_time:2116690715016524, task_sched_time:2116694122559152
app_id: 0, app_name: SAR_api-aarch64, task_id: 728, task_name: DASH_ZIP, resource_name: cpu3, ref_start_time: 2116694122901182, ref_stop_time: 2116694122977622, actual_exe_time: 76440, task_app_start_time:2116690715016524, task_sched_time:2116694122898302
app_id: 0, app_name: SAR_api-aarch64, task_id: 729, task_name: DASH_FFT, resource_name: fft1, ref_start_time: 2116694130701243, ref_stop_time: 2116694130828983, actual_exe_time: 127740, task_app_start_time:2116690715016524, task_sched_time:2116694130689033
app_id: 0, app_name: SAR_api-aarch64, task_id: 730, task_name: DASH_FFT, resource_name: fft2, ref_start_time: 2116694134767804, ref_stop_time: 2116694134848744, actual_exe_time: 80940, task_app_start_time:2116690715016524, task_sched_time:2116694134760484
app_id: 0, app_name: SAR_api-aarch64, task_id: 731, task_name: DASH_ZIP, resource_name: zip1, ref_start_time: 2116694136719244, ref_stop_time: 2116694136844734, actual_exe_time: 125490, task_app_start_time:2116690715016524, task_sched_time:2116694136714294
app_id: 0, app_name: SAR_api-aarch64, task_id: 732, task_name: DASH_FFT, resource_name: cpu1, ref_start_time: 2116694140489855, ref_stop_time: 2116694140607965, actual_exe_time: 118110, task_app_start_time:2116690715016524, task_sched_time:2116694140480165
app_id: 0, app_name: SAR_api-aarch64, task_id: 733, task_name: DASH_FFT, resource_name: cpu2, ref_start_time: 2116694140813555, ref_stop_time: 2116694140908115, actual_exe_time: 94560, task_app_start_time:2116690715016524, task_sched_time:2116694140808215
app_id: 0, app_name: SAR_api-aarch64, task_id: 734, task_name: DASH_ZIP, resource_name: cpu3, ref_start_time: 2116694146586036, ref_stop_time: 2116694146668026, actual_exe_time: 81990, task_app_start_time:2116690715016524, task_sched_time:2116694141821345
app_id: 0, app_name: SAR_api-aarch64, task_id: 735, task_name: DASH_FFT, resource_name: fft1, ref_start_time: 2116694150394386, ref_stop_time: 2116694150519786, actual_exe_time: 125400, task_app_start_time:2116690715016524, task_sched_time:2116694150380616
app_id: 0, app_name: SAR_api-aarch64, task_id: 736, task_name: DASH_FFT, resource_name: fft2, ref_start_time: 2116694151129746, ref_stop_time: 2116694151202317, actual_exe_time: 72571, task_app_start_time:2116690715016524, task_sched_time:2116694151121406
app_id: 0, app_name: SAR_api-aarch64, task_id: 737, task_name: DASH_ZIP, resource_name: zip1, ref_start_time: 2116694154915027, ref_stop_time: 2116694155043937, actual_exe_time: 128910, task_app_start_time:2116690715016524, task_sched_time:2116694154909717
app_id: 0, app_name: SAR_api-aarch64, task_id: 738, task_name: DASH_FFT, resource_name: cpu1, ref_start_time: 2116694162736508, ref_stop_time: 2116694163645839, actual_exe_time: 909331, task_app_start_time:2116690715016524, task_sched_time:2116694162714998
app_id: 0, app_name: SAR_api-aarch64, task_id: 739, task_name: DASH_FFT, resource_name: cpu2, ref_start_time: 2116694163857729, ref_stop_time: 2116694163952739, actual_exe_time: 95010, task_app_start_time:2116690715016524, task_sched_time:2116694163851909
app_id: 0, app_name: SAR_api-aarch64, task_id: 740, task_name: DASH_ZIP, resource_name: cpu3, ref_start_time: 2116694165349929, ref_stop_time: 2116694165426879, actual_exe_time: 76950, task_app_start_time:2116690715016524, task_sched_time:2116694164380269
app_id: 0, app_name: SAR_api-aarch64, task_id: 741, task_name: DASH_FFT, resource_name: fft1, ref_start_time: 2116694170677540, ref_stop_time: 2116694170808010, actual_exe_time: 130470, task_app_start_time:2116690715016524, task_sched_time:2116694170662720
app_id: 0, app_name: SAR_api-aarch64, task_id: 742, task_name: DASH_FFT, resource_name: fft2, ref_start_time: 2116694171541360, ref_stop_time: 2116694171614350, actual_exe_time: 72990, task_app_start_time:2116690715016524, task_sched_time:2116694171536350
app_id: 0, app_name: SAR_api-aarch64, task_id: 743, task_name: DASH_ZIP, resource_name: zip1, ref_start_time: 2116694174809680, ref_stop_time: 2116694174930730, actual_exe_time: 121050, task_app_start_time:2116690715016524, task_sched_time:2116694174799930
app_id: 0, app_name: SAR_api-aarch64, task_id: 744, task_name: DASH_FFT, resource_name: cpu1, ref_start_time: 2116694178676951, ref_stop_time: 2116694178794521, actual_exe_time: 117570, task_app_start_time:2116690715016524, task_sched_time:2116694178668011
app_id: 0, app_name: SAR_api-aarch64, task_id: 745, task_name: DASH_FFT, resource_name: cpu2, ref_start_time: 2116694179570831, ref_stop_time: 2116694179663831, actual_exe_time: 93000, task_app_start_time:2116690715016524, task_sched_time:2116694179565431
app_id: 0, app_name: SAR_api-aarch64, task_id: 746, task_name: DASH_ZIP, resource_name: cpu3, ref_start_time: 2116694181197191, ref_stop_time: 2116694181273031, actual_exe_time: 75840, task_app_start_time:2116690715016524, task_sched_time:2116694181188011
app_id: 0, app_name: SAR_api-aarch64, task_id: 747, task_name: DASH_FFT, resource_name: fft1, ref_start_time: 2116694182886042, ref_stop_time: 2116694183018042, actual_exe_time: 132000, task_app_start_time:2116690715016524, task_sched_time:2116694182865912
app_id: 0, app_name: SAR_api-aarch64, task_id: 748, task_name: DASH_FFT, resource_name: fft2, ref_start_time: 2116694186650442, ref_stop_time: 2116694186734982, actual_exe_time: 84540, task_app_start_time:2116690715016524, task_sched_time:2116694186640572
app_id: 0, app_name: SAR_api-aarch64, task_id: 749, task_name: DASH_ZIP, resource_name: zip1, ref_start_time: 2116694190803193, ref_stop_time: 2116694190926853, actual_exe_time: 123660, task_app_start_time:2116690715016524, task_sched_time:2116694190797703
app_id: 0, app_name: SAR_api-aarch64, task_id: 750, task_name: DASH_FFT, resource_name: cpu1, ref_start_time: 2116694194662004, ref_stop_time: 2116694195528314, actual_exe_time: 866310, task_app_start_time:2116690715016524, task_sched_time:2116694194652914
app_id: 0, app_name: SAR_api-aarch64, task_id: 751, task_name: DASH_FFT, resource_name: cpu2, ref_start_time: 2116694196832654, ref_stop_time: 2116694197150504, actual_exe_time: 317850, task_app_start_time:2116690715016524, task_sched_time:2116694196828994
app_id: 0, app_name: SAR_api-aarch64, task_id: 752, task_name: DASH_ZIP, resource_name: cpu3, ref_start_time: 2116694202937985, ref_stop_time: 2116694203020725, actual_exe_time: 82740, task_app_start_time:2116690715016524, task_sched_time:2116694202928355
app_id: 0, app_name: SAR_api-aarch64, task_id: 753, task_name: DASH_FFT, resource_name: fft1, ref_start_time: 2116694206627835, ref_stop_time: 2116694207334306, actual_exe_time: 706471, task_app_start_time:2116690715016524, task_sched_time:2116694206577735
app_id: 0, app_name: SAR_api-aarch64, task_id: 754, task_name: DASH_FFT, resource_name: fft2, ref_start_time: 2116694210514426, ref_stop_time: 2116694210652036, actual_exe_time: 137610, task_app_start_time:2116690715016524, task_sched_time:2116694210506386
app_id: 0, app_name: SAR_api-aarch64, task_id: 755, task_name: DASH_ZIP, resource_name: zip1, ref_start_time: 2116694214821647, ref_stop_time: 2116694214948097, actual_exe_time: 126450, task_app_start_time:2116690715016524, task_sched_time:2116694214815347
app_id: 0, app_name: SAR_api-aarch64, task_id: 756, task_name: DASH_FFT, resource_name: cpu1, ref_start_time: 2116694218851637, ref_stop_time: 2116694218967677, actual_exe_time: 116040, task_app_start_time:2116690715016524, task_sched_time:2116694218721287
app_id: 0, app_name: SAR_api-aarch64, task_id: 757, task_name: DASH_FFT, resource_name: cpu2, ref_start_time: 2116694222613278, ref_stop_time: 2116694222713178, actual_exe_time: 99900, task_app_start_time:2116690715016524, task_sched_time:2116694222609168
app_id: 0, app_name: SAR_api-aarch64, task_id: 758, task_name: DASH_ZIP, resource_name: cpu3, ref_start_time: 2116694226065679, ref_stop_time: 2116694226142719, actual_exe_time: 77040, task_app_start_time:2116690715016524, task_sched_time:2116694226060789
app_id: 0, app_name: SAR_api-aarch64, task_id: 759, task_name: DASH_FFT, resource_name: fft1, ref_start_time: 2116694230739859, ref_stop_time: 2116694230867119, actual_exe_time: 127260, task_app_start_time:2116690715016524, task_sched_time:2116694230729059
app_id: 0, app_name: SAR_api-aarch64, task_id: 760, task_name: DASH_FFT, resource_name: fft2, ref_start_time: 2116694234904520, ref_stop_time: 2116694238847451, actual_exe_time: 3942931, task_app_start_time:2116690715016524, task_sched_time:2116694234900200
app_id: 0, app_name: SAR_api-aarch64, task_id: 761, task_name: DASH_ZIP, resource_name: zip1, ref_start_time: 2116694240437451, ref_stop_time: 2116694240563541, actual_exe_time: 126090, task_app_start_time:2116690715016524, task_sched_time:2116694240429681
app_id: 0, app_name: SAR_api-aarch64, task_id: 762, task_name: DASH_FFT, resource_name: cpu1, ref_start_time: 2116694244672852, ref_stop_time: 2116694244784722, actual_exe_time: 111870, task_app_start_time:2116690715016524, task_sched_time:2116694244622872
app_id: 0, app_name: SAR_api-aarch64, task_id: 763, task_name: DASH_FFT, resource_name: cpu2, ref_start_time: 2116694250600043, ref_stop_time: 2116694250710053, actual_exe_time: 110010, task_app_start_time:2116690715016524, task_sched_time:2116694245103592
app_id: 0, app_name: SAR_api-aarch64, task_id: 764, task_name: DASH_ZIP, resource_name: cpu3, ref_start_time: 2116694254033003, ref_stop_time: 2116694254110313, actual_exe_time: 77310, task_app_start_time:2116690715016524, task_sched_time:2116694254024303
app_id: 0, app_name: SAR_api-aarch64, task_id: 765, task_name: DASH_FFT, resource_name: fft1, ref_start_time: 2116694254891363, ref_stop_time: 2116694255018653, actual_exe_time: 127290, task_app_start_time:2116690715016524, task_sched_time:2116694254873093
app_id: 0, app_name: SAR_api-aarch64, task_id: 766, task_name: DASH_FFT, resource_name: fft2, ref_start_time: 2116694258722424, ref_stop_time: 2116694258799914, actual_exe_time: 77490, task_app_start_time:2116690715016524, task_sched_time:2116694258711534
app_id: 0, app_name: SAR_api-aarch64, task_id: 767, task_name: DASH_ZIP, resource_name: zip1, ref_start_time: 2116694262732374, ref_stop_time: 2116694262854954, actual_exe_time: 122580, task_app_start_time:2116690715016524, task_sched_time:2116694262722444
app_id: 0, app_name: SAR_api-aarch64, task_id: 768, task_name: DASH_FFT, resource_name: cpu1, ref_start_time: 2116694267987295, ref_stop_time: 2116694268099795, actual_exe_time: 112500, task_app_start_time:2116690715016524, task_sched_time:2116694267982195
app_id: 0, app_name: SAR_api-aarch64, task_id: 769, task_name: DASH_FFT, resource_name: cpu2, ref_start_time: 2116694313123323, ref_stop_time: 2116694313177263, actual_exe_time: 53940, task_app_start_time:2116690715016524, task_sched_time:2116694313112733
app_id: 0, app_name: SAR_api-aarch64, task_id: 770, task_name: DASH_FFT, resource_name: cpu3, ref_start_time: 2116694325617035, ref_stop_time: 2116694325691615, actual_exe_time: 74580, task_app_start_time:2116690715016524, task_sched_time:2116694325468355
app_id: 0, app_name: SAR_api-aarch64, task_id: 771, task_name: DASH_FFT, resource_name: fft1, ref_start_time: 2116694334765026, ref_stop_time: 2116694334814496, actual_exe_time: 49470, task_app_start_time:2116690715016524, task_sched_time:2116694334745796
app_id: 0, app_name: SAR_api-aarch64, task_id: 772, task_name: DASH_FFT, resource_name: fft2, ref_start_time: 2116694338277697, ref_stop_time: 2116694338334427, actual_exe_time: 56730, task_app_start_time:2116690715016524, task_sched_time:2116694338272207
app_id: 0, app_name: SAR_api-aarch64, task_id: 773, task_name: DASH_FFT, resource_name: cpu1, ref_start_time: 2116694343222657, ref_stop_time: 2116694343279267, actual_exe_time: 56610, task_app_start_time:2116690715016524, task_sched_time:2116694343157737
app_id: 0, app_name: SAR_api-aarch64, task_id: 774, task_name: DASH_FFT, resource_name: cpu2, ref_start_time: 2116694350644509, ref_stop_time: 2116694350713899, actual_exe_time: 69390, task_app_start_time:2116690715016524, task_sched_time:2116694350636649
app_id: 0, app_name: SAR_api-aarch64, task_id: 775, task_name: DASH_FFT, resource_name: cpu3, ref_start_time: 2116694352067019, ref_stop_time: 2116694352111809, actual_exe_time: 44790, task_app_start_time:2116690715016524, task_sched_time:2116694352059309
app_id: 0, app_name: SAR_api-aarch64, task_id: 776, task_name: DASH_FFT, resource_name: fft1, ref_start_time: 2116694358739440, ref_stop_time: 2116694358804420, actual_exe_time: 64980, task_app_start_time:2116690715016524, task_sched_time:2116694358733440
app_id: 0, app_name: SAR_api-aarch64, task_id: 777, task_name: DASH_FFT, resource_name: fft2, ref_start_time: 2116694362621321, ref_stop_time: 2116694362663651, actual_exe_time: 42330, task_app_start_time:2116690715016524, task_sched_time:2116694362612321
app_id: 0, app_name: SAR_api-aarch64, task_id: 778, task_name: DASH_FFT, resource_name: cpu1, ref_start_time: 2116694365294171, ref_stop_time: 2116694365357771, actual_exe_time: 63600, task_app_start_time:2116690715016524, task_sched_time:2116694365242331
app_id: 0, app_name: SAR_api-aarch64, task_id: 779, task_name: DASH_FFT, resource_name: cpu2, ref_start_time: 2116694366939011, ref_stop_time: 2116694366990281, actual_exe_time: 51270, task_app_start_time:2116690715016524, task_sched_time:2116694366935621
app_id: 0, app_name: SAR_api-aarch64, task_id: 780, task_name: DASH_FFT, resource_name: cpu3, ref_start_time: 2116694374663802, ref_stop_time: 2116694374723532, actual_exe_time: 59730, task_app_start_time:2116690715016524, task_sched_time:2116694374654742
app_id: 0, app_name: SAR_api-aarch64, task_id: 781, task_name: DASH_FFT, resource_name: fft1, ref_start_time: 2116694379168003, ref_stop_time: 2116694379216873, actual_exe_time: 48870, task_app_start_time:2116690715016524, task_sched_time:2116694379160383
app_id: 0, app_name: SAR_api-aarch64, task_id: 782, task_name: DASH_FFT, resource_name: fft2, ref_start_time: 2116694380267653, ref_stop_time: 2116694380322763, actual_exe_time: 55110, task_app_start_time:2116690715016524, task_sched_time:2116694380264113
app_id: 0, app_name: SAR_api-aarch64, task_id: 783, task_name: DASH_FFT, resource_name: cpu1, ref_start_time: 2116694384039704, ref_stop_time: 2116694384097544, actual_exe_time: 57840, task_app_start_time:2116690715016524, task_sched_time:2116694384019694
app_id: 0, app_name: SAR_api-aarch64, task_id: 784, task_name: DASH_FFT, resource_name: cpu2, ref_start_time: 2116694386587664, ref_stop_time: 2116694386653904, actual_exe_time: 66240, task_app_start_time:2116690715016524, task_sched_time:2116694384869744
app_id: 0, app_name: SAR_api-aarch64, task_id: 785, task_name: DASH_FFT, resource_name: cpu3, ref_start_time: 2116694387332205, ref_stop_time: 2116694387374535, actual_exe_time: 42330, task_app_start_time:2116690715016524, task_sched_time:2116694387324675
app_id: 0, app_name: SAR_api-aarch64, task_id: 786, task_name: DASH_FFT, resource_name: fft1, ref_start_time: 2116694387865455, ref_stop_time: 2116694388355835, actual_exe_time: 490380, task_app_start_time:2116690715016524, task_sched_time:2116694387814905
app_id: 0, app_name: SAR_api-aarch64, task_id: 787, task_name: DASH_FFT, resource_name: fft2, ref_start_time: 2116694390595365, ref_stop_time: 2116694390636105, actual_exe_time: 40740, task_app_start_time:2116690715016524, task_sched_time:2116694388965075
app_id: 0, app_name: SAR_api-aarch64, task_id: 788, task_name: DASH_FFT, resource_name: cpu1, ref_start_time: 2116694391231005, ref_stop_time: 2116694391290765, actual_exe_time: 59760, task_app_start_time:2116690715016524, task_sched_time:2116694391227435
app_id: 0, app_name: SAR_api-aarch64, task_id: 789, task_name: DASH_FFT, resource_name: cpu2, ref_start_time: 2116694393840346, ref_stop_time: 2116694393887776, actual_exe_time: 47430, task_app_start_time:2116690715016524, task_sched_time:2116694391977885
app_id: 0, app_name: SAR_api-aarch64, task_id: 790, task_name: DASH_FFT, resource_name: cpu3, ref_start_time: 2116694402572237, ref_stop_time: 2116694402649037, actual_exe_time: 76800, task_app_start_time:2116690715016524, task_sched_time:2116694397743256
app_id: 0, app_name: SAR_api-aarch64, task_id: 791, task_name: DASH_FFT, resource_name: fft1, ref_start_time: 2116694407028738, ref_stop_time: 2116694407077038, actual_exe_time: 48300, task_app_start_time:2116690715016524, task_sched_time:2116694407014068
app_id: 0, app_name: SAR_api-aarch64, task_id: 792, task_name: DASH_FFT, resource_name: fft2, ref_start_time: 2116694407882718, ref_stop_time: 2116694407938818, actual_exe_time: 56100, task_app_start_time:2116690715016524, task_sched_time:2116694407876958
app_id: 0, app_name: SAR_api-aarch64, task_id: 793, task_name: DASH_FFT, resource_name: cpu1, ref_start_time: 2116694415109269, ref_stop_time: 2116694415165759, actual_exe_time: 56490, task_app_start_time:2116690715016524, task_sched_time:2116694415101229
app_id: 0, app_name: SAR_api-aarch64, task_id: 794, task_name: DASH_FFT, resource_name: cpu2, ref_start_time: 2116694418803680, ref_stop_time: 2116694418870730, actual_exe_time: 67050, task_app_start_time:2116690715016524, task_sched_time:2116694418797230
app_id: 0, app_name: SAR_api-aarch64, task_id: 795, task_name: DASH_FFT, resource_name: cpu3, ref_start_time: 2116694422264810, ref_stop_time: 2116694422313740, actual_exe_time: 48930, task_app_start_time:2116690715016524, task_sched_time:2116694422224550
app_id: 0, app_name: SAR_api-aarch64, task_id: 796, task_name: DASH_FFT, resource_name: fft1, ref_start_time: 2116694422573390, ref_stop_time: 2116694422635430, actual_exe_time: 62040, task_app_start_time:2116690715016524, task_sched_time:2116694422525900
app_id: 0, app_name: SAR_api-aarch64, task_id: 797, task_name: DASH_FFT, resource_name: fft2, ref_start_time: 2116694426869481, ref_stop_time: 2116694426915741, actual_exe_time: 46260, task_app_start_time:2116690715016524, task_sched_time:2116694426864411
app_id: 0, app_name: SAR_api-aarch64, task_id: 798, task_name: DASH_FFT, resource_name: cpu1, ref_start_time: 2116694431052652, ref_stop_time: 2116694431120932, actual_exe_time: 68280, task_app_start_time:2116690715016524, task_sched_time:2116694431046742
app_id: 0, app_name: SAR_api-aarch64, task_id: 799, task_name: DASH_FFT, resource_name: cpu2, ref_start_time: 2116694434720932, ref_stop_time: 2116694434768182, actual_exe_time: 47250, task_app_start_time:2116690715016524, task_sched_time:2116694434712202
app_id: 0, app_name: SAR_api-aarch64, task_id: 800, task_name: DASH_FFT, resource_name: cpu3, ref_start_time: 2116694437646083, ref_stop_time: 2116694437704403, actual_exe_time: 58320, task_app_start_time:2116690715016524, task_sched_time:2116694437642423
app_id: 0, app_name: SAR_api-aarch64, task_id: 801, task_name: DASH_FFT, resource_name: fft1, ref_start_time: 2116694439053233, ref_stop_time: 2116694439097813, actual_exe_time: 44580, task_app_start_time:2116690715016524, task_sched_time:2116694439039613
app_id: 0, app_name: SAR_api-aarch64, task_id: 802, task_name: DASH_FFT, resource_name: fft2, ref_start_time: 2116694442655393, ref_stop_time: 2116694442713443, actual_exe_time: 58050, task_app_start_time:2116690715016524, task_sched_time:2116694442647293
app_id: 0, app_name: SAR_api-aarch64, task_id: 803, task_name: DASH_FFT, resource_name: cpu1, ref_start_time: 2116694447132054, ref_stop_time: 2116694447189354, actual_exe_time: 57300, task_app_start_time:2116690715016524, task_sched_time:2116694447119544
app_id: 0, app_name: SAR_api-aarch64, task_id: 804, task_name: DASH_FFT, resource_name: cpu2, ref_start_time: 2116694453949225, ref_stop_time: 2116694454010605, actual_exe_time: 61380, task_app_start_time:2116690715016524, task_sched_time:2116694453942445
app_id: 0, app_name: SAR_api-aarch64, task_id: 805, task_name: DASH_FFT, resource_name: cpu3, ref_start_time: 2116694455190925, ref_stop_time: 2116694455235055, actual_exe_time: 44130, task_app_start_time:2116690715016524, task_sched_time:2116694455145625
app_id: 0, app_name: SAR_api-aarch64, task_id: 806, task_name: DASH_FFT, resource_name: fft1, ref_start_time: 2116694458936036, ref_stop_time: 2116694459003086, actual_exe_time: 67050, task_app_start_time:2116690715016524, task_sched_time:2116694458927756
app_id: 0, app_name: SAR_api-aarch64, task_id: 807, task_name: DASH_FFT, resource_name: fft2, ref_start_time: 2116694462972537, ref_stop_time: 2116694463020627, actual_exe_time: 48090, task_app_start_time:2116690715016524, task_sched_time:2116694462964527
app_id: 0, app_name: SAR_api-aarch64, task_id: 808, task_name: DASH_FFT, resource_name: cpu1, ref_start_time: 2116694466863087, ref_stop_time: 2116694466928877, actual_exe_time: 65790, task_app_start_time:2116690715016524, task_sched_time:2116694466856037
app_id: 0, app_name: SAR_api-aarch64, task_id: 809, task_name: DASH_FFT, resource_name: cpu2, ref_start_time: 2116694469870348, ref_stop_time: 2116694469916068, actual_exe_time: 45720, task_app_start_time:2116690715016524, task_sched_time:2116694469865398
app_id: 0, app_name: SAR_api-aarch64, task_id: 810, task_name: DASH_FFT, resource_name: cpu3, ref_start_time: 2116694471376768, ref_stop_time: 2116694471434758, actual_exe_time: 57990, task_app_start_time:2116690715016524, task_sched_time:2116694471211978
app_id: 0, app_name: SAR_api-aarch64, task_id: 811, task_name: DASH_FFT, resource_name: fft1, ref_start_time: 2116694472178968, ref_stop_time: 2116694472225558, actual_exe_time: 46590, task_app_start_time:2116690715016524, task_sched_time:2116694472163458
app_id: 0, app_name: SAR_api-aarch64, task_id: 812, task_name: DASH_FFT, resource_name: fft2, ref_start_time: 2116694474506579, ref_stop_time: 2116694474588509, actual_exe_time: 81930, task_app_start_time:2116690715016524, task_sched_time:2116694472748698
app_id: 0, app_name: SAR_api-aarch64, task_id: 813, task_name: DASH_FFT, resource_name: cpu1, ref_start_time: 2116694479104229, ref_stop_time: 2116694479158469, actual_exe_time: 54240, task_app_start_time:2116690715016524, task_sched_time:2116694479057279
app_id: 0, app_name: SAR_api-aarch64, task_id: 814, task_name: DASH_FFT, resource_name: cpu2, ref_start_time: 2116694482758170, ref_stop_time: 2116694482821410, actual_exe_time: 63240, task_app_start_time:2116690715016524, task_sched_time:2116694482753010
app_id: 0, app_name: SAR_api-aarch64, task_id: 815, task_name: DASH_FFT, resource_name: cpu3, ref_start_time: 2116694485610870, ref_stop_time: 2116694485655570, actual_exe_time: 44700, task_app_start_time:2116690715016524, task_sched_time:2116694485601210
app_id: 0, app_name: SAR_api-aarch64, task_id: 816, task_name: DASH_FFT, resource_name: fft1, ref_start_time: 2116694490802701, ref_stop_time: 2116694490874371, actual_exe_time: 71670, task_app_start_time:2116690715016524, task_sched_time:2116694490784011
app_id: 0, app_name: SAR_api-aarch64, task_id: 817, task_name: DASH_FFT, resource_name: fft2, ref_start_time: 2116694494776622, ref_stop_time: 2116694494819702, actual_exe_time: 43080, task_app_start_time:2116690715016524, task_sched_time:2116694494767592
app_id: 0, app_name: SAR_api-aarch64, task_id: 818, task_name: DASH_FFT, resource_name: cpu1, ref_start_time: 2116694499156173, ref_stop_time: 2116694499224543, actual_exe_time: 68370, task_app_start_time:2116690715016524, task_sched_time:2116694499130553
app_id: 0, app_name: SAR_api-aarch64, task_id: 819, task_name: DASH_FFT, resource_name: cpu2, ref_start_time: 2116694501191553, ref_stop_time: 2116694501236793, actual_exe_time: 45240, task_app_start_time:2116690715016524, task_sched_time:2116694501184173
app_id: 0, app_name: SAR_api-aarch64, task_id: 820, task_name: DASH_FFT, resource_name: cpu3, ref_start_time: 2116694507010894, ref_stop_time: 2116694507077794, actual_exe_time: 66900, task_app_start_time:2116690715016524, task_sched_time:2116694507002764
app_id: 0, app_name: SAR_api-aarch64, task_id: 821, task_name: DASH_FFT, resource_name: fft1, ref_start_time: 2116694510620284, ref_stop_time: 2116694510666904, actual_exe_time: 46620, task_app_start_time:2116690715016524, task_sched_time:2116694510615724
app_id: 0, app_name: SAR_api-aarch64, task_id: 822, task_name: DASH_FFT, resource_name: fft2, ref_start_time: 2116694514771175, ref_stop_time: 2116694514833275, actual_exe_time: 62100, task_app_start_time:2116690715016524, task_sched_time:2116694514763735
app_id: 0, app_name: SAR_api-aarch64, task_id: 823, task_name: DASH_FFT, resource_name: cpu1, ref_start_time: 2116694516644255, ref_stop_time: 2116694516695345, actual_exe_time: 51090, task_app_start_time:2116690715016524, task_sched_time:2116694516636755
app_id: 0, app_name: SAR_api-aarch64, task_id: 824, task_name: DASH_FFT, resource_name: cpu2, ref_start_time: 2116694520115256, ref_stop_time: 2116694520180956, actual_exe_time: 65700, task_app_start_time:2116690715016524, task_sched_time:2116694517539965
app_id: 0, app_name: SAR_api-aarch64, task_id: 825, task_name: DASH_FFT, resource_name: cpu3, ref_start_time: 2116694526876807, ref_stop_time: 2116694526930777, actual_exe_time: 53970, task_app_start_time:2116690715016524, task_sched_time:2116694526868977
app_id: 0, app_name: SAR_api-aarch64, task_id: 826, task_name: DASH_FFT, resource_name: fft1, ref_start_time: 2116694529831957, ref_stop_time: 2116694529895347, actual_exe_time: 63390, task_app_start_time:2116690715016524, task_sched_time:2116694529820347
app_id: 0, app_name: SAR_api-aarch64, task_id: 827, task_name: DASH_FFT, resource_name: fft2, ref_start_time: 2116694530608568, ref_stop_time: 2116694530649848, actual_exe_time: 41280, task_app_start_time:2116690715016524, task_sched_time:2116694530603048
app_id: 0, app_name: SAR_api-aarch64, task_id: 828, task_name: DASH_FFT, resource_name: cpu1, ref_start_time: 2116694538688289, ref_stop_time: 2116694538758009, actual_exe_time: 69720, task_app_start_time:2116690715016524, task_sched_time:2116694538673169
app_id: 0, app_name: SAR_api-aarch64, task_id: 829, task_name: DASH_FFT, resource_name: cpu2, ref_start_time: 2116694542588319, ref_stop_time: 2116694542912830, actual_exe_time: 324511, task_app_start_time:2116690715016524, task_sched_time:2116694542583039
app_id: 0, app_name: SAR_api-aarch64, task_id: 830, task_name: DASH_FFT, resource_name: cpu3, ref_start_time: 2116694544827790, ref_stop_time: 2116694544889170, actual_exe_time: 61380, task_app_start_time:2116690715016524, task_sched_time:2116694544819960
app_id: 0, app_name: SAR_api-aarch64, task_id: 831, task_name: DASH_FFT, resource_name: fft1, ref_start_time: 2116694554980091, ref_stop_time: 2116694555026291, actual_exe_time: 46200, task_app_start_time:2116690715016524, task_sched_time:2116694554975381
app_id: 0, app_name: SAR_api-aarch64, task_id: 832, task_name: DASH_FFT, resource_name: fft2, ref_start_time: 2116694557488662, ref_stop_time: 2116694557542002, actual_exe_time: 53340, task_app_start_time:2116690715016524, task_sched_time:2116694557482452
app_id: 0, app_name: SAR_api-aarch64, task_id: 833, task_name: DASH_FFT, resource_name: cpu1, ref_start_time: 2116694559446702, ref_stop_time: 2116694559501212, actual_exe_time: 54510, task_app_start_time:2116690715016524, task_sched_time:2116694559394922
app_id: 0, app_name: SAR_api-aarch64, task_id: 834, task_name: DASH_FFT, resource_name: cpu2, ref_start_time: 2116694562706713, ref_stop_time: 2116694562766083, actual_exe_time: 59370, task_app_start_time:2116690715016524, task_sched_time:2116694562701043
app_id: 0, app_name: SAR_api-aarch64, task_id: 835, task_name: DASH_FFT, resource_name: cpu3, ref_start_time: 2116694566949643, ref_stop_time: 2116694567005293, actual_exe_time: 55650, task_app_start_time:2116690715016524, task_sched_time:2116694566942263
app_id: 0, app_name: SAR_api-aarch64, task_id: 836, task_name: DASH_FFT, resource_name: fft1, ref_start_time: 2116694572574314, ref_stop_time: 2116694572633924, actual_exe_time: 59610, task_app_start_time:2116690715016524, task_sched_time:2116694572567804
app_id: 0, app_name: SAR_api-aarch64, task_id: 837, task_name: DASH_FFT, resource_name: fft2, ref_start_time: 2116694573850335, ref_stop_time: 2116694573891165, actual_exe_time: 40830, task_app_start_time:2116690715016524, task_sched_time:2116694573842265
app_id: 0, app_name: SAR_api-aarch64, task_id: 838, task_name: DASH_FFT, resource_name: cpu1, ref_start_time: 2116694578810355, ref_stop_time: 2116694578877165, actual_exe_time: 66810, task_app_start_time:2116690715016524, task_sched_time:2116694578801115
app_id: 0, app_name: SAR_api-aarch64, task_id: 839, task_name: DASH_FFT, resource_name: cpu2, ref_start_time: 2116694582799036, ref_stop_time: 2116694582848176, actual_exe_time: 49140, task_app_start_time:2116690715016524, task_sched_time:2116694582793336
app_id: 0, app_name: SAR_api-aarch64, task_id: 840, task_name: DASH_FFT, resource_name: cpu3, ref_start_time: 2116694587424737, ref_stop_time: 2116694587489117, actual_exe_time: 64380, task_app_start_time:2116690715016524, task_sched_time:2116694587417087
app_id: 0, app_name: SAR_api-aarch64, task_id: 841, task_name: DASH_FFT, resource_name: fft1, ref_start_time: 2116694590659727, ref_stop_time: 2116694590708777, actual_exe_time: 49050, task_app_start_time:2116690715016524, task_sched_time:2116694590639477
app_id: 0, app_name: SAR_api-aarch64, task_id: 842, task_name: DASH_FFT, resource_name: fft2, ref_start_time: 2116694598632949, ref_stop_time: 2116694598687699, actual_exe_time: 54750, task_app_start_time:2116690715016524, task_sched_time:2116694598623019
app_id: 0, app_name: SAR_api-aarch64, task_id: 843, task_name: DASH_FFT, resource_name: cpu1, ref_start_time: 2116694601206169, ref_stop_time: 2116694601256329, actual_exe_time: 50160, task_app_start_time:2116690715016524, task_sched_time:2116694601189519
app_id: 0, app_name: SAR_api-aarch64, task_id: 844, task_name: DASH_FFT, resource_name: cpu2, ref_start_time: 2116694602908699, ref_stop_time: 2116694602964829, actual_exe_time: 56130, task_app_start_time:2116690715016524, task_sched_time:2116694602901169
app_id: 0, app_name: SAR_api-aarch64, task_id: 845, task_name: DASH_FFT, resource_name: cpu3, ref_start_time: 2116694610728140, ref_stop_time: 2116694610787450, actual_exe_time: 59310, task_app_start_time:2116690715016524, task_sched_time:2116694610721690
app_id: 0, app_name: SAR_api-aarch64, task_id: 846, task_name: DASH_FFT, resource_name: fft1, ref_start_time: 2116694616058691, ref_stop_time: 2116694616118661, actual_exe_time: 59970, task_app_start_time:2116690715016524, task_sched_time:2116694616046721
app_id: 0, app_name: SAR_api-aarch64, task_id: 847, task_name: DASH_FFT, resource_name: fft2, ref_start_time: 2116694622960792, ref_stop_time: 2116694623010112, actual_exe_time: 49320, task_app_start_time:2116690715016524, task_sched_time:2116694622951852
app_id: 0, app_name: SAR_api-aarch64, task_id: 848, task_name: DASH_FFT, resource_name: cpu1, ref_start_time: 2116694626648003, ref_stop_time: 2116694626717903, actual_exe_time: 69900, task_app_start_time:2116690715016524, task_sched_time:2116694626640983
app_id: 0, app_name: SAR_api-aarch64, task_id: 849, task_name: DASH_FFT, resource_name: cpu2, ref_start_time: 2116694629419223, ref_stop_time: 2116694629465273, actual_exe_time: 46050, task_app_start_time:2116690715016524, task_sched_time:2116694629414813
app_id: 0, app_name: SAR_api-aarch64, task_id: 850, task_name: DASH_FFT, resource_name: cpu3, ref_start_time: 2116694630617874, ref_stop_time: 2116694630683844, actual_exe_time: 65970, task_app_start_time:2116690715016524, task_sched_time:2116694630477324
app_id: 0, app_name: SAR_api-aarch64, task_id: 851, task_name: DASH_FFT, resource_name: fft1, ref_start_time: 2116694639000025, ref_stop_time: 2116694639049195, actual_exe_time: 49170, task_app_start_time:2116690715016524, task_sched_time:2116694638851735
app_id: 0, app_name: SAR_api-aarch64, task_id: 852, task_name: DASH_FFT, resource_name: fft2, ref_start_time: 2116694643739246, ref_stop_time: 2116694643794926, actual_exe_time: 55680, task_app_start_time:2116690715016524, task_sched_time:2116694643732976
app_id: 0, app_name: SAR_api-aarch64, task_id: 853, task_name: DASH_FFT, resource_name: cpu1, ref_start_time: 2116694645001076, ref_stop_time: 2116694645053576, actual_exe_time: 52500, task_app_start_time:2116690715016524, task_sched_time:2116694644985566
app_id: 0, app_name: SAR_api-aarch64, task_id: 854, task_name: DASH_FFT, resource_name: cpu2, ref_start_time: 2116694650730357, ref_stop_time: 2116694650800887, actual_exe_time: 70530, task_app_start_time:2116690715016524, task_sched_time:2116694650725137
app_id: 0, app_name: SAR_api-aarch64, task_id: 855, task_name: DASH_FFT, resource_name: cpu3, ref_start_time: 2116694654998008, ref_stop_time: 2116694655048408, actual_exe_time: 50400, task_app_start_time:2116690715016524, task_sched_time:2116694654990118
app_id: 0, app_name: SAR_api-aarch64, task_id: 856, task_name: DASH_FFT, resource_name: fft1, ref_start_time: 2116694658078558, ref_stop_time: 2116694658136548, actual_exe_time: 57990, task_app_start_time:2116690715016524, task_sched_time:2116694658039798
app_id: 0, app_name: SAR_api-aarch64, task_id: 857, task_name: DASH_FFT, resource_name: fft2, ref_start_time: 2116694659144578, ref_stop_time: 2116694659184898, actual_exe_time: 40320, task_app_start_time:2116690715016524, task_sched_time:2116694659140318
app_id: 0, app_name: SAR_api-aarch64, task_id: 858, task_name: DASH_FFT, resource_name: cpu1, ref_start_time: 2116694662912969, ref_stop_time: 2116694662982329, actual_exe_time: 69360, task_app_start_time:2116690715016524, task_sched_time:2116694662907929
app_id: 0, app_name: SAR_api-aarch64, task_id: 859, task_name: DASH_FFT, resource_name: cpu2, ref_start_time: 2116694663768809, ref_stop_time: 2116694663817019, actual_exe_time: 48210, task_app_start_time:2116690715016524, task_sched_time:2116694663757499
app_id: 0, app_name: SAR_api-aarch64, task_id: 860, task_name: DASH_FFT, resource_name: cpu3, ref_start_time: 2116694666599789, ref_stop_time: 2116694666664979, actual_exe_time: 65190, task_app_start_time:2116690715016524, task_sched_time:2116694664368029
app_id: 0, app_name: SAR_api-aarch64, task_id: 861, task_name: DASH_FFT, resource_name: fft1, ref_start_time: 2116694670621830, ref_stop_time: 2116694670668690, actual_exe_time: 46860, task_app_start_time:2116690715016524, task_sched_time:2116694670618050
app_id: 0, app_name: SAR_api-aarch64, task_id: 862, task_name: DASH_FFT, resource_name: fft2, ref_start_time: 2116694672552960, ref_stop_time: 2116694672607020, actual_exe_time: 54060, task_app_start_time:2116690715016524, task_sched_time:2116694672547650
app_id: 0, app_name: SAR_api-aarch64, task_id: 863, task_name: DASH_FFT, resource_name: cpu1, ref_start_time: 2116694677196991, ref_stop_time: 2116694677255341, actual_exe_time: 58350, task_app_start_time:2116690715016524, task_sched_time:2116694677150521
app_id: 0, app_name: SAR_api-aarch64, task_id: 864, task_name: DASH_FFT, resource_name: cpu2, ref_start_time: 2116694678608131, ref_stop_time: 2116694678673231, actual_exe_time: 65100, task_app_start_time:2116690715016524, task_sched_time:2116694677553721
app_id: 0, app_name: SAR_api-aarch64, task_id: 865, task_name: DASH_FFT, resource_name: cpu3, ref_start_time: 2116694679759412, ref_stop_time: 2116694679803092, actual_exe_time: 43680, task_app_start_time:2116690715016524, task_sched_time:2116694679749512
app_id: 0, app_name: SAR_api-aarch64, task_id: 866, task_name: DASH_FFT, resource_name: fft1, ref_start_time: 2116694680503172, ref_stop_time: 2116694680561102, actual_exe_time: 57930, task_app_start_time:2116690715016524, task_sched_time:2116694680417192
app_id: 0, app_name: SAR_api-aarch64, task_id: 867, task_name: DASH_FFT, resource_name: fft2, ref_start_time: 2116694682581602, ref_stop_time: 2116694682622972, actual_exe_time: 41370, task_app_start_time:2116690715016524, task_sched_time:2116694681179312
app_id: 0, app_name: SAR_api-aarch64, task_id: 868, task_name: DASH_FFT, resource_name: cpu1, ref_start_time: 2116694683286212, ref_stop_time: 2116694683346062, actual_exe_time: 59850, task_app_start_time:2116690715016524, task_sched_time:2116694683245922
app_id: 0, app_name: SAR_api-aarch64, task_id: 869, task_name: DASH_FFT, resource_name: cpu2, ref_start_time: 2116694686583783, ref_stop_time: 2116694686631843, actual_exe_time: 48060, task_app_start_time:2116690715016524, task_sched_time:2116694684248522
app_id: 0, app_name: SAR_api-aarch64, task_id: 870, task_name: DASH_FFT, resource_name: cpu3, ref_start_time: 2116694687521103, ref_stop_time: 2116694687576303, actual_exe_time: 55200, task_app_start_time:2116690715016524, task_sched_time:2116694687516543
app_id: 0, app_name: SAR_api-aarch64, task_id: 871, task_name: DASH_FFT, resource_name: fft1, ref_start_time: 2116694688249233, ref_stop_time: 2116694688294173, actual_exe_time: 44940, task_app_start_time:2116690715016524, task_sched_time:2116694688228203
app_id: 0, app_name: SAR_api-aarch64, task_id: 872, task_name: DASH_FFT, resource_name: fft2, ref_start_time: 2116694691119573, ref_stop_time: 2116694691179573, actual_exe_time: 60000, task_app_start_time:2116690715016524, task_sched_time:2116694691112643
app_id: 0, app_name: SAR_api-aarch64, task_id: 873, task_name: DASH_FFT, resource_name: cpu1, ref_start_time: 2116694693159784, ref_stop_time: 2116694693213154, actual_exe_time: 53370, task_app_start_time:2116690715016524, task_sched_time:2116694693107974
app_id: 0, app_name: SAR_api-aarch64, task_id: 874, task_name: DASH_FFT, resource_name: cpu2, ref_start_time: 2116694693981964, ref_stop_time: 2116694694037284, actual_exe_time: 55320, task_app_start_time:2116690715016524, task_sched_time:2116694693977254
app_id: 0, app_name: SAR_api-aarch64, task_id: 875, task_name: DASH_FFT, resource_name: cpu3, ref_start_time: 2116694698576105, ref_stop_time: 2116694698629085, actual_exe_time: 52980, task_app_start_time:2116690715016524, task_sched_time:2116694694946374
app_id: 0, app_name: SAR_api-aarch64, task_id: 876, task_name: DASH_FFT, resource_name: fft1, ref_start_time: 2116694699373655, ref_stop_time: 2116694699431225, actual_exe_time: 57570, task_app_start_time:2116690715016524, task_sched_time:2116694699334985
app_id: 0, app_name: SAR_api-aarch64, task_id: 877, task_name: DASH_FFT, resource_name: fft2, ref_start_time: 2116694700070615, ref_stop_time: 2116694700108565, actual_exe_time: 37950, task_app_start_time:2116690715016524, task_sched_time:2116694700063895
app_id: 0, app_name: SAR_api-aarch64, task_id: 878, task_name: DASH_FFT, resource_name: cpu1, ref_start_time: 2116694700921685, ref_stop_time: 2116694700977215, actual_exe_time: 55530, task_app_start_time:2116690715016524, task_sched_time:2116694700889435
app_id: 0, app_name: SAR_api-aarch64, task_id: 879, task_name: DASH_FFT, resource_name: cpu2, ref_start_time: 2116694701320415, ref_stop_time: 2116694701361815, actual_exe_time: 41400, task_app_start_time:2116690715016524, task_sched_time:2116694701317415
app_id: 0, app_name: SAR_api-aarch64, task_id: 880, task_name: DASH_FFT, resource_name: cpu3, ref_start_time: 2116694702894365, ref_stop_time: 2116694702950525, actual_exe_time: 56160, task_app_start_time:2116690715016524, task_sched_time:2116694702275405
app_id: 0, app_name: SAR_api-aarch64, task_id: 881, task_name: DASH_FFT, resource_name: fft1, ref_start_time: 2116694703890185, ref_stop_time: 2116694703933115, actual_exe_time: 42930, task_app_start_time:2116690715016524, task_sched_time:2116694703885235
app_id: 0, app_name: SAR_api-aarch64, task_id: 882, task_name: DASH_FFT, resource_name: fft2, ref_start_time: 2116694710597947, ref_stop_time: 2116694710661727, actual_exe_time: 63780, task_app_start_time:2116690715016524, task_sched_time:2116694707954226
app_id: 0, app_name: SAR_api-aarch64, task_id: 883, task_name: DASH_FFT, resource_name: cpu1, ref_start_time: 2116694711666727, ref_stop_time: 2116694711716257, actual_exe_time: 49530, task_app_start_time:2116690715016524, task_sched_time:2116694711654007
app_id: 0, app_name: SAR_api-aarch64, task_id: 884, task_name: DASH_FFT, resource_name: cpu2, ref_start_time: 2116694714571927, ref_stop_time: 2116694714637267, actual_exe_time: 65340, task_app_start_time:2116690715016524, task_sched_time:2116694712345267
app_id: 0, app_name: SAR_api-aarch64, task_id: 885, task_name: DASH_FFT, resource_name: cpu3, ref_start_time: 2116694715280827, ref_stop_time: 2116694715323877, actual_exe_time: 43050, task_app_start_time:2116690715016524, task_sched_time:2116694715276957
app_id: 0, app_name: SAR_api-aarch64, task_id: 886, task_name: DASH_FFT, resource_name: fft1, ref_start_time: 2116694715999867, ref_stop_time: 2116694716067247, actual_exe_time: 67380, task_app_start_time:2116690715016524, task_sched_time:2116694715996267
app_id: 0, app_name: SAR_api-aarch64, task_id: 887, task_name: DASH_FFT, resource_name: fft2, ref_start_time: 2116694717810128, ref_stop_time: 2116694717852458, actual_exe_time: 42330, task_app_start_time:2116690715016524, task_sched_time:2116694716655038
app_id: 0, app_name: SAR_api-aarch64, task_id: 888, task_name: DASH_FFT, resource_name: cpu1, ref_start_time: 2116694722822919, ref_stop_time: 2116694722889189, actual_exe_time: 66270, task_app_start_time:2116690715016524, task_sched_time:2116694722809299
app_id: 0, app_name: SAR_api-aarch64, task_id: 889, task_name: DASH_FFT, resource_name: cpu2, ref_start_time: 2116694726910029, ref_stop_time: 2116694727235049, actual_exe_time: 325020, task_app_start_time:2116690715016524, task_sched_time:2116694726899589
app_id: 0, app_name: SAR_api-aarch64, task_id: 890, task_name: DASH_FFT, resource_name: cpu3, ref_start_time: 2116694730770310, ref_stop_time: 2116694730834840, actual_exe_time: 64530, task_app_start_time:2116690715016524, task_sched_time:2116694730760500
app_id: 0, app_name: SAR_api-aarch64, task_id: 891, task_name: DASH_FFT, resource_name: fft1, ref_start_time: 2116694733346110, ref_stop_time: 2116694733624780, actual_exe_time: 278670, task_app_start_time:2116690715016524, task_sched_time:2116694733297630
app_id: 0, app_name: SAR_api-aarch64, task_id: 892, task_name: DASH_FFT, resource_name: fft2, ref_start_time: 2116694738844391, ref_stop_time: 2116694738908771, actual_exe_time: 64380, task_app_start_time:2116690715016524, task_sched_time:2116694738834731
app_id: 0, app_name: SAR_api-aarch64, task_id: 893, task_name: DASH_FFT, resource_name: cpu1, ref_start_time: 2116694742989072, ref_stop_time: 2116694743046702, actual_exe_time: 57630, task_app_start_time:2116690715016524, task_sched_time:2116694742957212
app_id: 0, app_name: SAR_api-aarch64, task_id: 894, task_name: DASH_FFT, resource_name: cpu2, ref_start_time: 2116694746734242, ref_stop_time: 2116694746794242, actual_exe_time: 60000, task_app_start_time:2116690715016524, task_sched_time:2116694746726082
app_id: 0, app_name: SAR_api-aarch64, task_id: 895, task_name: DASH_FFT, resource_name: cpu3, ref_start_time: 2116694748650253, ref_stop_time: 2116694748695913, actual_exe_time: 45660, task_app_start_time:2116690715016524, task_sched_time:2116694748642303
app_id: 0, app_name: SAR_api-aarch64, task_id: 896, task_name: DASH_FFT, resource_name: fft1, ref_start_time: 2116694750734113, ref_stop_time: 2116694750792853, actual_exe_time: 58740, task_app_start_time:2116690715016524, task_sched_time:2116694750726163
app_id: 0, app_name: SAR_api-aarch64, task_id: 897, task_name: DASH_FFT, resource_name: fft2, ref_start_time: 2116694754592954, ref_stop_time: 2116694754638284, actual_exe_time: 45330, task_app_start_time:2116690715016524, task_sched_time:2116694754240484
app_id: 0, app_name: SAR_api-aarch64, task_id: 898, task_name: DASH_FFT, resource_name: cpu1, ref_start_time: 2116694755541194, ref_stop_time: 2116694755609054, actual_exe_time: 67860, task_app_start_time:2116690715016524, task_sched_time:2116694755468324
app_id: 0, app_name: SAR_api-aarch64, task_id: 899, task_name: DASH_FFT, resource_name: cpu2, ref_start_time: 2116694758578154, ref_stop_time: 2116694758628554, actual_exe_time: 50400, task_app_start_time:2116690715016524, task_sched_time:2116694756364724
app_id: 0, app_name: SAR_api-aarch64, task_id: 900, task_name: DASH_FFT, resource_name: cpu3, ref_start_time: 2116694758878454, ref_stop_time: 2116694758932784, actual_exe_time: 54330, task_app_start_time:2116690715016524, task_sched_time:2116694758871404
app_id: 0, app_name: SAR_api-aarch64, task_id: 901, task_name: DASH_FFT, resource_name: fft1, ref_start_time: 2116694759906314, ref_stop_time: 2116694759950324, actual_exe_time: 44010, task_app_start_time:2116690715016524, task_sched_time:2116694759890624
app_id: 0, app_name: SAR_api-aarch64, task_id: 902, task_name: DASH_FFT, resource_name: fft2, ref_start_time: 2116694762615285, ref_stop_time: 2116694762673695, actual_exe_time: 58410, task_app_start_time:2116690715016524, task_sched_time:2116694760565235
app_id: 0, app_name: SAR_api-aarch64, task_id: 903, task_name: DASH_FFT, resource_name: cpu1, ref_start_time: 2116694763519755, ref_stop_time: 2116694763567005, actual_exe_time: 47250, task_app_start_time:2116690715016524, task_sched_time:2116694763492155
app_id: 0, app_name: SAR_api-aarch64, task_id: 904, task_name: DASH_FFT, resource_name: cpu2, ref_start_time: 2116694764668485, ref_stop_time: 2116694764727135, actual_exe_time: 58650, task_app_start_time:2116690715016524, task_sched_time:2116694764665245
app_id: 0, app_name: SAR_api-aarch64, task_id: 905, task_name: DASH_FFT, resource_name: cpu3, ref_start_time: 2116694768706516, ref_stop_time: 2116694768760516, actual_exe_time: 54000, task_app_start_time:2116690715016524, task_sched_time:2116694765608925
app_id: 0, app_name: SAR_api-aarch64, task_id: 906, task_name: DASH_FFT, resource_name: fft1, ref_start_time: 2116694775392497, ref_stop_time: 2116694775450667, actual_exe_time: 58170, task_app_start_time:2116690715016524, task_sched_time:2116694775309277
app_id: 0, app_name: SAR_api-aarch64, task_id: 907, task_name: DASH_FFT, resource_name: fft2, ref_start_time: 2116694776422637, ref_stop_time: 2116694776461697, actual_exe_time: 39060, task_app_start_time:2116690715016524, task_sched_time:2116694776418047
app_id: 0, app_name: SAR_api-aarch64, task_id: 908, task_name: DASH_FFT, resource_name: cpu1, ref_start_time: 2116694779341878, ref_stop_time: 2116694779403318, actual_exe_time: 61440, task_app_start_time:2116690715016524, task_sched_time:2116694779333508
app_id: 0, app_name: SAR_api-aarch64, task_id: 909, task_name: DASH_FFT, resource_name: cpu2, ref_start_time: 2116694780247338, ref_stop_time: 2116694780289758, actual_exe_time: 42420, task_app_start_time:2116690715016524, task_sched_time:2116694780238068
app_id: 0, app_name: SAR_api-aarch64, task_id: 910, task_name: DASH_FFT, resource_name: cpu3, ref_start_time: 2116694780949188, ref_stop_time: 2116694781007448, actual_exe_time: 58260, task_app_start_time:2116690715016524, task_sched_time:2116694780939378
app_id: 0, app_name: SAR_api-aarch64, task_id: 911, task_name: DASH_FFT, resource_name: fft1, ref_start_time: 2116694781827618, ref_stop_time: 2116694781869408, actual_exe_time: 41790, task_app_start_time:2116690715016524, task_sched_time:2116694781813398
app_id: 0, app_name: SAR_api-aarch64, task_id: 912, task_name: DASH_FFT, resource_name: fft2, ref_start_time: 2116694786004999, ref_stop_time: 2116694786070099, actual_exe_time: 65100, task_app_start_time:2116690715016524, task_sched_time:2116694785997109
app_id: 0, app_name: SAR_api-aarch64, task_id: 913, task_name: DASH_FFT, resource_name: cpu1, ref_start_time: 2116694786821149, ref_stop_time: 2116694786874129, actual_exe_time: 52980, task_app_start_time:2116690715016524, task_sched_time:2116694786783379
app_id: 0, app_name: SAR_api-aarch64, task_id: 914, task_name: DASH_FFT, resource_name: cpu2, ref_start_time: 2116694787898179, ref_stop_time: 2116694787949749, actual_exe_time: 51570, task_app_start_time:2116690715016524, task_sched_time:2116694787891519
app_id: 0, app_name: SAR_api-aarch64, task_id: 915, task_name: DASH_FFT, resource_name: cpu3, ref_start_time: 2116694790576519, ref_stop_time: 2116694790625119, actual_exe_time: 48600, task_app_start_time:2116690715016524, task_sched_time:2116694788398009
app_id: 0, app_name: SAR_api-aarch64, task_id: 916, task_name: DASH_FFT, resource_name: fft1, ref_start_time: 2116694791238590, ref_stop_time: 2116694791294090, actual_exe_time: 55500, task_app_start_time:2116690715016524, task_sched_time:2116694791193470
app_id: 0, app_name: SAR_api-aarch64, task_id: 917, task_name: DASH_FFT, resource_name: fft2, ref_start_time: 2116694792059930, ref_stop_time: 2116694792097700, actual_exe_time: 37770, task_app_start_time:2116690715016524, task_sched_time:2116694792053090
app_id: 0, app_name: SAR_api-aarch64, task_id: 918, task_name: DASH_FFT, resource_name: cpu1, ref_start_time: 2116694792932030, ref_stop_time: 2116694792985340, actual_exe_time: 53310, task_app_start_time:2116690715016524, task_sched_time:2116694792864950
app_id: 0, app_name: SAR_api-aarch64, task_id: 919, task_name: DASH_FFT, resource_name: cpu2, ref_start_time: 2116694793256360, ref_stop_time: 2116694793297310, actual_exe_time: 40950, task_app_start_time:2116690715016524, task_sched_time:2116694793253840
app_id: 0, app_name: SAR_api-aarch64, task_id: 920, task_name: DASH_FFT, resource_name: cpu3, ref_start_time: 2116694796559510, ref_stop_time: 2116694796621760, actual_exe_time: 62250, task_app_start_time:2116690715016524, task_sched_time:2116694794235950
app_id: 0, app_name: SAR_api-aarch64, task_id: 921, task_name: DASH_FFT, resource_name: fft1, ref_start_time: 2116694797402661, ref_stop_time: 2116694797447121, actual_exe_time: 44460, task_app_start_time:2116690715016524, task_sched_time:2116694797392551
app_id: 0, app_name: SAR_api-aarch64, task_id: 922, task_name: DASH_FFT, resource_name: fft2, ref_start_time: 2116694798160761, ref_stop_time: 2116694798206841, actual_exe_time: 46080, task_app_start_time:2116690715016524, task_sched_time:2116694798156051
app_id: 0, app_name: SAR_api-aarch64, task_id: 923, task_name: DASH_FFT, resource_name: cpu1, ref_start_time: 2116694798747921, ref_stop_time: 2116694798794691, actual_exe_time: 46770, task_app_start_time:2116690715016524, task_sched_time:2116694798741801
app_id: 0, app_name: SAR_api-aarch64, task_id: 924, task_name: DASH_FFT, resource_name: cpu2, ref_start_time: 2116694806810842, ref_stop_time: 2116694806873902, actual_exe_time: 63060, task_app_start_time:2116690715016524, task_sched_time:2116694806800252
app_id: 0, app_name: SAR_api-aarch64, task_id: 925, task_name: DASH_FFT, resource_name: cpu3, ref_start_time: 2116694808312702, ref_stop_time: 2116694808357312, actual_exe_time: 44610, task_app_start_time:2116690715016524, task_sched_time:2116694808309372
app_id: 0, app_name: SAR_api-aarch64, task_id: 926, task_name: DASH_FFT, resource_name: fft1, ref_start_time: 2116694812690903, ref_stop_time: 2116694812750573, actual_exe_time: 59670, task_app_start_time:2116690715016524, task_sched_time:2116694812681243
app_id: 0, app_name: SAR_api-aarch64, task_id: 927, task_name: DASH_FFT, resource_name: fft2, ref_start_time: 2116694813449963, ref_stop_time: 2116694813488303, actual_exe_time: 38340, task_app_start_time:2116690715016524, task_sched_time:2116694813440603
app_id: 0, app_name: SAR_api-aarch64, task_id: 928, task_name: DASH_FFT, resource_name: cpu1, ref_start_time: 2116694814616123, ref_stop_time: 2116694814679243, actual_exe_time: 63120, task_app_start_time:2116690715016524, task_sched_time:2116694814605053
app_id: 0, app_name: SAR_api-aarch64, task_id: 929, task_name: DASH_FFT, resource_name: cpu2, ref_start_time: 2116694818804934, ref_stop_time: 2116694818854734, actual_exe_time: 49800, task_app_start_time:2116690715016524, task_sched_time:2116694818799324
app_id: 0, app_name: SAR_api-aarch64, task_id: 930, task_name: DASH_FFT, resource_name: cpu3, ref_start_time: 2116694819740874, ref_stop_time: 2116694819800514, actual_exe_time: 59640, task_app_start_time:2116690715016524, task_sched_time:2116694819735444
app_id: 0, app_name: SAR_api-aarch64, task_id: 931, task_name: DASH_FFT, resource_name: fft1, ref_start_time: 2116694823260445, ref_stop_time: 2116694823306015, actual_exe_time: 45570, task_app_start_time:2116690715016524, task_sched_time:2116694823252405
app_id: 0, app_name: SAR_api-aarch64, task_id: 932, task_name: DASH_FFT, resource_name: fft2, ref_start_time: 2116694824160295, ref_stop_time: 2116694824207695, actual_exe_time: 47400, task_app_start_time:2116690715016524, task_sched_time:2116694824153515
app_id: 0, app_name: SAR_api-aarch64, task_id: 933, task_name: DASH_FFT, resource_name: cpu1, ref_start_time: 2116694827089465, ref_stop_time: 2116694827138215, actual_exe_time: 48750, task_app_start_time:2116690715016524, task_sched_time:2116694827080975
app_id: 0, app_name: SAR_api-aarch64, task_id: 934, task_name: DASH_FFT, resource_name: cpu2, ref_start_time: 2116694827889625, ref_stop_time: 2116694827939305, actual_exe_time: 49680, task_app_start_time:2116690715016524, task_sched_time:2116694827886385
app_id: 0, app_name: SAR_api-aarch64, task_id: 935, task_name: DASH_FFT, resource_name: cpu3, ref_start_time: 2116694831000086, ref_stop_time: 2116694831043496, actual_exe_time: 43410, task_app_start_time:2116690715016524, task_sched_time:2116694830996816
app_id: 0, app_name: SAR_api-aarch64, task_id: 936, task_name: DASH_FFT, resource_name: fft1, ref_start_time: 2116694831913646, ref_stop_time: 2116694831973796, actual_exe_time: 60150, task_app_start_time:2116690715016524, task_sched_time:2116694831901376
app_id: 0, app_name: SAR_api-aarch64, task_id: 937, task_name: DASH_FFT, resource_name: fft2, ref_start_time: 2116694833734676, ref_stop_time: 2116694833774246, actual_exe_time: 39570, task_app_start_time:2116690715016524, task_sched_time:2116694833729396
app_id: 0, app_name: SAR_api-aarch64, task_id: 938, task_name: DASH_FFT, resource_name: cpu1, ref_start_time: 2116694837637917, ref_stop_time: 2116694837702477, actual_exe_time: 64560, task_app_start_time:2116690715016524, task_sched_time:2116694837590847
app_id: 0, app_name: SAR_api-aarch64, task_id: 939, task_name: DASH_FFT, resource_name: cpu2, ref_start_time: 2116694838413807, ref_stop_time: 2116694838455057, actual_exe_time: 41250, task_app_start_time:2116690715016524, task_sched_time:2116694838410807
app_id: 0, app_name: SAR_api-aarch64, task_id: 940, task_name: DASH_FFT, resource_name: cpu3, ref_start_time: 2116694842587438, ref_stop_time: 2116694842659888, actual_exe_time: 72450, task_app_start_time:2116690715016524, task_sched_time:2116694839086197
app_id: 0, app_name: SAR_api-aarch64, task_id: 941, task_name: DASH_FFT, resource_name: fft1, ref_start_time: 2116694843814678, ref_stop_time: 2116694843860518, actual_exe_time: 45840, task_app_start_time:2116690715016524, task_sched_time:2116694843785998
app_id: 0, app_name: SAR_api-aarch64, task_id: 942, task_name: DASH_FFT, resource_name: fft2, ref_start_time: 2116694844527718, ref_stop_time: 2116694844574998, actual_exe_time: 47280, task_app_start_time:2116690715016524, task_sched_time:2116694844522558
app_id: 0, app_name: SAR_api-aarch64, task_id: 943, task_name: DASH_FFT, resource_name: cpu1, ref_start_time: 2116694844950448, ref_stop_time: 2116694844996618, actual_exe_time: 46170, task_app_start_time:2116690715016524, task_sched_time:2116694844872418
app_id: 0, app_name: SAR_api-aarch64, task_id: 944, task_name: DASH_FFT, resource_name: cpu2, ref_start_time: 2116694845907988, ref_stop_time: 2116694845956708, actual_exe_time: 48720, task_app_start_time:2116690715016524, task_sched_time:2116694845901628
app_id: 0, app_name: SAR_api-aarch64, task_id: 945, task_name: DASH_FFT, resource_name: cpu3, ref_start_time: 2116694849620759, ref_stop_time: 2116694849669629, actual_exe_time: 48870, task_app_start_time:2116690715016524, task_sched_time:2116694846624028
app_id: 0, app_name: SAR_api-aarch64, task_id: 946, task_name: DASH_FFT, resource_name: fft1, ref_start_time: 2116694850715309, ref_stop_time: 2116694850770449, actual_exe_time: 55140, task_app_start_time:2116690715016524, task_sched_time:2116694850708649
app_id: 0, app_name: SAR_api-aarch64, task_id: 947, task_name: DASH_FFT, resource_name: fft2, ref_start_time: 2116694851214809, ref_stop_time: 2116694851252489, actual_exe_time: 37680, task_app_start_time:2116690715016524, task_sched_time:2116694851205329
app_id: 0, app_name: SAR_api-aarch64, task_id: 948, task_name: DASH_FFT, resource_name: cpu1, ref_start_time: 2116694852270329, ref_stop_time: 2116694852325979, actual_exe_time: 55650, task_app_start_time:2116690715016524, task_sched_time:2116694852259439
app_id: 0, app_name: SAR_api-aarch64, task_id: 949, task_name: DASH_FFT, resource_name: cpu2, ref_start_time: 2116694853051139, ref_stop_time: 2116694853092899, actual_exe_time: 41760, task_app_start_time:2116690715016524, task_sched_time:2116694853047149
app_id: 0, app_name: SAR_api-aarch64, task_id: 950, task_name: DASH_FFT, resource_name: cpu3, ref_start_time: 2116694853798590, ref_stop_time: 2116694853851720, actual_exe_time: 53130, task_app_start_time:2116690715016524, task_sched_time:2116694853789740
app_id: 0, app_name: SAR_api-aarch64, task_id: 951, task_name: DASH_FFT, resource_name: fft1, ref_start_time: 2116694854970360, ref_stop_time: 2116694855014370, actual_exe_time: 44010, task_app_start_time:2116690715016524, task_sched_time:2116694854962920
app_id: 0, app_name: SAR_api-aarch64, task_id: 952, task_name: DASH_FFT, resource_name: fft2, ref_start_time: 2116694862885501, ref_stop_time: 2116694862941721, actual_exe_time: 56220, task_app_start_time:2116690715016524, task_sched_time:2116694862880131
app_id: 0, app_name: SAR_api-aarch64, task_id: 953, task_name: DASH_FFT, resource_name: cpu1, ref_start_time: 2116694863867521, ref_stop_time: 2116694863916871, actual_exe_time: 49350, task_app_start_time:2116690715016524, task_sched_time:2116694863858851
app_id: 0, app_name: SAR_api-aarch64, task_id: 954, task_name: DASH_FFT, resource_name: cpu2, ref_start_time: 2116694866732402, ref_stop_time: 2116694866788562, actual_exe_time: 56160, task_app_start_time:2116690715016524, task_sched_time:2116694866723942
app_id: 0, app_name: SAR_api-aarch64, task_id: 955, task_name: DASH_FFT, resource_name: cpu3, ref_start_time: 2116694867389402, ref_stop_time: 2116694867433202, actual_exe_time: 43800, task_app_start_time:2116690715016524, task_sched_time:2116694867385832
app_id: 0, app_name: SAR_api-aarch64, task_id: 956, task_name: DASH_FFT, resource_name: fft1, ref_start_time: 2116694869295092, ref_stop_time: 2116694869352722, actual_exe_time: 57630, task_app_start_time:2116690715016524, task_sched_time:2116694869277122
app_id: 0, app_name: SAR_api-aarch64, task_id: 957, task_name: DASH_FFT, resource_name: fft2, ref_start_time: 2116694869634902, ref_stop_time: 2116694869672342, actual_exe_time: 37440, task_app_start_time:2116690715016524, task_sched_time:2116694869631692
app_id: 0, app_name: SAR_api-aarch64, task_id: 958, task_name: DASH_FFT, resource_name: cpu1, ref_start_time: 2116694870931142, ref_stop_time: 2116694870988802, actual_exe_time: 57660, task_app_start_time:2116690715016524, task_sched_time:2116694870846182
app_id: 0, app_name: SAR_api-aarch64, task_id: 959, task_name: DASH_FFT, resource_name: cpu2, ref_start_time: 2116694875627103, ref_stop_time: 2116694875677203, actual_exe_time: 50100, task_app_start_time:2116690715016524, task_sched_time:2116694875622153
app_id: 0, app_name: SAR_api-aarch64, task_id: 960, task_name: DASH_FFT, resource_name: cpu3, ref_start_time: 2116694878771494, ref_stop_time: 2116694878833474, actual_exe_time: 61980, task_app_start_time:2116690715016524, task_sched_time:2116694878761894
app_id: 0, app_name: SAR_api-aarch64, task_id: 961, task_name: DASH_FFT, resource_name: fft1, ref_start_time: 2116694882745444, ref_stop_time: 2116694882792274, actual_exe_time: 46830, task_app_start_time:2116690715016524, task_sched_time:2116694882730114
app_id: 0, app_name: SAR_api-aarch64, task_id: 962, task_name: DASH_FFT, resource_name: fft2, ref_start_time: 2116694883583944, ref_stop_time: 2116694883637434, actual_exe_time: 53490, task_app_start_time:2116690715016524, task_sched_time:2116694883579894
app_id: 0, app_name: SAR_api-aarch64, task_id: 963, task_name: DASH_FFT, resource_name: cpu1, ref_start_time: 2116694886231775, ref_stop_time: 2116694886282955, actual_exe_time: 51180, task_app_start_time:2116690715016524, task_sched_time:2116694886226045
app_id: 0, app_name: SAR_api-aarch64, task_id: 964, task_name: DASH_FFT, resource_name: cpu2, ref_start_time: 2116694886495115, ref_stop_time: 2116694886672385, actual_exe_time: 177270, task_app_start_time:2116690715016524, task_sched_time:2116694886489175
app_id: 0, app_name: SAR_api-aarch64, task_id: 965, task_name: DASH_FFT, resource_name: cpu3, ref_start_time: 2116694887921165, ref_stop_time: 2116694887964695, actual_exe_time: 43530, task_app_start_time:2116690715016524, task_sched_time:2116694887916695
app_id: 0, app_name: SAR_api-aarch64, task_id: 966, task_name: DASH_FFT, resource_name: fft1, ref_start_time: 2116694891269316, ref_stop_time: 2116694891330756, actual_exe_time: 61440, task_app_start_time:2116690715016524, task_sched_time:2116694891254286
app_id: 0, app_name: SAR_api-aarch64, task_id: 967, task_name: DASH_FFT, resource_name: fft2, ref_start_time: 2116694894897606, ref_stop_time: 2116694894941916, actual_exe_time: 44310, task_app_start_time:2116690715016524, task_sched_time:2116694894887586
app_id: 0, app_name: SAR_api-aarch64, task_id: 968, task_name: DASH_FFT, resource_name: cpu1, ref_start_time: 2116694898862047, ref_stop_time: 2116694898936117, actual_exe_time: 74070, task_app_start_time:2116690715016524, task_sched_time:2116694898847197
app_id: 0, app_name: SAR_api-aarch64, task_id: 969, task_name: DASH_FFT, resource_name: cpu2, ref_start_time: 2116694903210638, ref_stop_time: 2116694903256478, actual_exe_time: 45840, task_app_start_time:2116690715016524, task_sched_time:2116694903200738
app_id: 0, app_name: SAR_api-aarch64, task_id: 970, task_name: DASH_FFT, resource_name: cpu3, ref_start_time: 2116694907101608, ref_stop_time: 2116694907163438, actual_exe_time: 61830, task_app_start_time:2116690715016524, task_sched_time:2116694907091708
app_id: 0, app_name: SAR_api-aarch64, task_id: 971, task_name: DASH_FFT, resource_name: fft1, ref_start_time: 2116694910883289, ref_stop_time: 2116694910933539, actual_exe_time: 50250, task_app_start_time:2116690715016524, task_sched_time:2116694910869159
app_id: 0, app_name: SAR_api-aarch64, task_id: 972, task_name: DASH_FFT, resource_name: fft2, ref_start_time: 2116694914771739, ref_stop_time: 2116694914832489, actual_exe_time: 60750, task_app_start_time:2116690715016524, task_sched_time:2116694914766969
app_id: 0, app_name: SAR_api-aarch64, task_id: 973, task_name: DASH_FFT, resource_name: cpu1, ref_start_time: 2116694918102670, ref_stop_time: 2116694918154450, actual_exe_time: 51780, task_app_start_time:2116690715016524, task_sched_time:2116694918098500
app_id: 0, app_name: SAR_api-aarch64, task_id: 974, task_name: DASH_FFT, resource_name: cpu2, ref_start_time: 2116694919549000, ref_stop_time: 2116694919604290, actual_exe_time: 55290, task_app_start_time:2116690715016524, task_sched_time:2116694919539370
app_id: 0, app_name: SAR_api-aarch64, task_id: 975, task_name: DASH_FFT, resource_name: cpu3, ref_start_time: 2116694919852750, ref_stop_time: 2116694919894090, actual_exe_time: 41340, task_app_start_time:2116690715016524, task_sched_time:2116694919849330
app_id: 0, app_name: SAR_api-aarch64, task_id: 976, task_name: DASH_FFT, resource_name: fft1, ref_start_time: 2116694926762141, ref_stop_time: 2116694926822171, actual_exe_time: 60030, task_app_start_time:2116690715016524, task_sched_time:2116694926662481
app_id: 0, app_name: SAR_api-aarch64, task_id: 977, task_name: DASH_FFT, resource_name: fft2, ref_start_time: 2116694930603972, ref_stop_time: 2116694930908322, actual_exe_time: 304350, task_app_start_time:2116690715016524, task_sched_time:2116694930597252
app_id: 0, app_name: SAR_api-aarch64, task_id: 978, task_name: DASH_FFT, resource_name: cpu1, ref_start_time: 2116694934455073, ref_stop_time: 2116694934549333, actual_exe_time: 94260, task_app_start_time:2116690715016524, task_sched_time:2116694934443883
app_id: 0, app_name: SAR_api-aarch64, task_id: 979, task_name: DASH_FFT, resource_name: cpu2, ref_start_time: 2116694935917393, ref_stop_time: 2116694935961163, actual_exe_time: 43770, task_app_start_time:2116690715016524, task_sched_time:2116694935908153
app_id: 0, app_name: SAR_api-aarch64, task_id: 980, task_name: DASH_FFT, resource_name: cpu3, ref_start_time: 2116694938992273, ref_stop_time: 2116694939053323, actual_exe_time: 61050, task_app_start_time:2116690715016524, task_sched_time:2116694938987413
app_id: 0, app_name: SAR_api-aarch64, task_id: 981, task_name: DASH_FFT, resource_name: fft1, ref_start_time: 2116694940950614, ref_stop_time: 2116694940998494, actual_exe_time: 47880, task_app_start_time:2116690715016524, task_sched_time:2116694940942094
app_id: 0, app_name: SAR_api-aarch64, task_id: 982, task_name: DASH_FFT, resource_name: fft2, ref_start_time: 2116694942600044, ref_stop_time: 2116694942656024, actual_exe_time: 55980, task_app_start_time:2116690715016524, task_sched_time:2116694941833304
app_id: 0, app_name: SAR_api-aarch64, task_id: 983, task_name: DASH_FFT, resource_name: cpu1, ref_start_time: 2116694943510754, ref_stop_time: 2116694943560434, actual_exe_time: 49680, task_app_start_time:2116690715016524, task_sched_time:2116694943503104
app_id: 0, app_name: SAR_api-aarch64, task_id: 984, task_name: DASH_FFT, resource_name: cpu2, ref_start_time: 2116694946588815, ref_stop_time: 2116694946653105, actual_exe_time: 64290, task_app_start_time:2116690715016524, task_sched_time:2116694944177144
app_id: 0, app_name: SAR_api-aarch64, task_id: 985, task_name: DASH_FFT, resource_name: cpu3, ref_start_time: 2116694947079975, ref_stop_time: 2116694947121855, actual_exe_time: 41880, task_app_start_time:2116690715016524, task_sched_time:2116694947075565
app_id: 0, app_name: SAR_api-aarch64, task_id: 986, task_name: DASH_FFT, resource_name: fft1, ref_start_time: 2116694948058815, ref_stop_time: 2116694948113865, actual_exe_time: 55050, task_app_start_time:2116690715016524, task_sched_time:2116694948047685
app_id: 0, app_name: SAR_api-aarch64, task_id: 987, task_name: DASH_FFT, resource_name: fft2, ref_start_time: 2116694950462775, ref_stop_time: 2116694950503455, actual_exe_time: 40680, task_app_start_time:2116690715016524, task_sched_time:2116694948735315
app_id: 0, app_name: SAR_api-aarch64, task_id: 988, task_name: DASH_FFT, resource_name: cpu1, ref_start_time: 2116694951759705, ref_stop_time: 2116694951824235, actual_exe_time: 64530, task_app_start_time:2116690715016524, task_sched_time:2116694951741315
app_id: 0, app_name: SAR_api-aarch64, task_id: 989, task_name: DASH_FFT, resource_name: cpu2, ref_start_time: 2116694952287585, ref_stop_time: 2116694952333485, actual_exe_time: 45900, task_app_start_time:2116690715016524, task_sched_time:2116694952282965
app_id: 0, app_name: SAR_api-aarch64, task_id: 990, task_name: DASH_FFT, resource_name: cpu3, ref_start_time: 2116694954577186, ref_stop_time: 2116694954638986, actual_exe_time: 61800, task_app_start_time:2116690715016524, task_sched_time:2116694953215666
app_id: 0, app_name: SAR_api-aarch64, task_id: 991, task_name: DASH_FFT, resource_name: fft1, ref_start_time: 2116694955367416, ref_stop_time: 2116694955413166, actual_exe_time: 45750, task_app_start_time:2116690715016524, task_sched_time:2116694955328416
app_id: 0, app_name: SAR_api-aarch64, task_id: 992, task_name: DASH_FFT, resource_name: fft2, ref_start_time: 2116694956065546, ref_stop_time: 2116694956117056, actual_exe_time: 51510, task_app_start_time:2116690715016524, task_sched_time:2116694956061616
app_id: 0, app_name: SAR_api-aarch64, task_id: 993, task_name: DASH_FFT, resource_name: cpu1, ref_start_time: 2116694963032897, ref_stop_time: 2116694963090917, actual_exe_time: 58020, task_app_start_time:2116690715016524, task_sched_time:2116694963020057
app_id: 0, app_name: SAR_api-aarch64, task_id: 994, task_name: DASH_FFT, resource_name: cpu2, ref_start_time: 2116694963420227, ref_stop_time: 2116694963477947, actual_exe_time: 57720, task_app_start_time:2116690715016524, task_sched_time:2116694963411437
app_id: 0, app_name: SAR_api-aarch64, task_id: 995, task_name: DASH_FFT, resource_name: cpu3, ref_start_time: 2116694964511327, ref_stop_time: 2116694964555247, actual_exe_time: 43920, task_app_start_time:2116690715016524, task_sched_time:2116694964506497
app_id: 0, app_name: SAR_api-aarch64, task_id: 996, task_name: DASH_FFT, resource_name: fft1, ref_start_time: 2116694967530438, ref_stop_time: 2116694967585608, actual_exe_time: 55170, task_app_start_time:2116690715016524, task_sched_time:2116694967517958
app_id: 0, app_name: SAR_api-aarch64, task_id: 997, task_name: DASH_FFT, resource_name: fft2, ref_start_time: 2116694968301168, ref_stop_time: 2116694968340288, actual_exe_time: 39120, task_app_start_time:2116690715016524, task_sched_time:2116694968290428
app_id: 0, app_name: SAR_api-aarch64, task_id: 998, task_name: DASH_FFT, resource_name: cpu1, ref_start_time: 2116694972779599, ref_stop_time: 2116694972851419, actual_exe_time: 71820, task_app_start_time:2116690715016524, task_sched_time:2116694972773209
app_id: 0, app_name: SAR_api-aarch64, task_id: 999, task_name: DASH_FFT, resource_name: cpu2, ref_start_time: 2116694973645429, ref_stop_time: 2116694973691719, actual_exe_time: 46290, task_app_start_time:2116690715016524, task_sched_time:2116694973639429
app_id: 0, app_name: SAR_api-aarch64, task_id: 1000, task_name: DASH_FFT, resource_name: cpu3, ref_start_time: 2116694978654890, ref_stop_time: 2116694978723110, actual_exe_time: 68220, task_app_start_time:2116690715016524, task_sched_time:2116694974608699
app_id: 0, app_name: SAR_api-aarch64, task_id: 1001, task_name: DASH_FFT, resource_name: fft1, ref_start_time: 2116694979483010, ref_stop_time: 2116694979532180, actual_exe_time: 49170, task_app_start_time:2116690715016524, task_sched_time:2116694979433030
app_id: 0, app_name: SAR_api-aarch64, task_id: 1002, task_name: DASH_FFT, resource_name: fft2, ref_start_time: 2116694980225480, ref_stop_time: 2116694980273630, actual_exe_time: 48150, task_app_start_time:2116690715016524, task_sched_time:2116694980219210
app_id: 0, app_name: SAR_api-aarch64, task_id: 1003, task_name: DASH_FFT, resource_name: cpu1, ref_start_time: 2116694981051020, ref_stop_time: 2116694981097130, actual_exe_time: 46110, task_app_start_time:2116690715016524, task_sched_time:2116694981037370
app_id: 0, app_name: SAR_api-aarch64, task_id: 1004, task_name: DASH_FFT, resource_name: cpu2, ref_start_time: 2116694981710060, ref_stop_time: 2116694981758210, actual_exe_time: 48150, task_app_start_time:2116690715016524, task_sched_time:2116694981703820
app_id: 0, app_name: SAR_api-aarch64, task_id: 1005, task_name: DASH_FFT, resource_name: cpu3, ref_start_time: 2116694984002211, ref_stop_time: 2116694984051321, actual_exe_time: 49110, task_app_start_time:2116690715016524, task_sched_time:2116694982343030
app_id: 0, app_name: SAR_api-aarch64, task_id: 1006, task_name: DASH_FFT, resource_name: fft1, ref_start_time: 2116694991069192, ref_stop_time: 2116694991134712, actual_exe_time: 65520, task_app_start_time:2116690715016524, task_sched_time:2116694991046362
app_id: 0, app_name: SAR_api-aarch64, task_id: 1007, task_name: DASH_FFT, resource_name: fft2, ref_start_time: 2116694991295572, ref_stop_time: 2116694991333942, actual_exe_time: 38370, task_app_start_time:2116690715016524, task_sched_time:2116694991292932
app_id: 0, app_name: SAR_api-aarch64, task_id: 1008, task_name: DASH_FFT, resource_name: cpu1, ref_start_time: 2116694992573602, ref_stop_time: 2116694992630092, actual_exe_time: 56490, task_app_start_time:2116690715016524, task_sched_time:2116694992553502
app_id: 0, app_name: SAR_api-aarch64, task_id: 1009, task_name: DASH_FFT, resource_name: cpu2, ref_start_time: 2116694994736932, ref_stop_time: 2116694994781572, actual_exe_time: 44640, task_app_start_time:2116690715016524, task_sched_time:2116694994728742
app_id: 0, app_name: SAR_api-aarch64, task_id: 1010, task_name: DASH_FFT, resource_name: cpu3, ref_start_time: 2116694998622323, ref_stop_time: 2116694998687513, actual_exe_time: 65190, task_app_start_time:2116690715016524, task_sched_time:2116694998617013
app_id: 0, app_name: SAR_api-aarch64, task_id: 1011, task_name: DASH_FFT, resource_name: fft1, ref_start_time: 2116694999394193, ref_stop_time: 2116694999437183, actual_exe_time: 42990, task_app_start_time:2116690715016524, task_sched_time:2116694999310973
app_id: 0, app_name: SAR_api-aarch64, task_id: 1012, task_name: DASH_FFT, resource_name: fft2, ref_start_time: 2116695000081343, ref_stop_time: 2116695000128893, actual_exe_time: 47550, task_app_start_time:2116690715016524, task_sched_time:2116695000076633
app_id: 0, app_name: SAR_api-aarch64, task_id: 1013, task_name: DASH_FFT, resource_name: cpu1, ref_start_time: 2116695002331613, ref_stop_time: 2116695002379583, actual_exe_time: 47970, task_app_start_time:2116690715016524, task_sched_time:2116695002309653
app_id: 0, app_name: SAR_api-aarch64, task_id: 1014, task_name: DASH_FFT, resource_name: cpu2, ref_start_time: 2116695006911414, ref_stop_time: 2116695006973184, actual_exe_time: 61770, task_app_start_time:2116690715016524, task_sched_time:2116695006903944
app_id: 0, app_name: SAR_api-aarch64, task_id: 1015, task_name: DASH_FFT, resource_name: cpu3, ref_start_time: 2116695007669124, ref_stop_time: 2116695007711664, actual_exe_time: 42540, task_app_start_time:2116690715016524, task_sched_time:2116695007663424
app_id: 0, app_name: SAR_api-aarch64, task_id: 1016, task_name: DASH_FFT, resource_name: fft1, ref_start_time: 2116695010779345, ref_stop_time: 2116695010836435, actual_exe_time: 57090, task_app_start_time:2116690715016524, task_sched_time:2116695010767825
app_id: 0, app_name: SAR_api-aarch64, task_id: 1017, task_name: DASH_FFT, resource_name: fft2, ref_start_time: 2116695011528385, ref_stop_time: 2116695011566665, actual_exe_time: 38280, task_app_start_time:2116690715016524, task_sched_time:2116695011525475
app_id: 0, app_name: SAR_api-aarch64, task_id: 1018, task_name: DASH_FFT, resource_name: cpu1, ref_start_time: 2116695015112906, ref_stop_time: 2116695015176806, actual_exe_time: 63900, task_app_start_time:2116690715016524, task_sched_time:2116695015098596
app_id: 0, app_name: SAR_api-aarch64, task_id: 1019, task_name: DASH_FFT, resource_name: cpu2, ref_start_time: 2116695015692266, ref_stop_time: 2116695015733036, actual_exe_time: 40770, task_app_start_time:2116690715016524, task_sched_time:2116695015682786
app_id: 0, app_name: SAR_api-aarch64, task_id: 1020, task_name: DASH_FFT, resource_name: cpu3, ref_start_time: 2116695019112266, ref_stop_time: 2116695019169746, actual_exe_time: 57480, task_app_start_time:2116690715016524, task_sched_time:2116695019108366
app_id: 0, app_name: SAR_api-aarch64, task_id: 1021, task_name: DASH_FFT, resource_name: fft1, ref_start_time: 2116695019825486, ref_stop_time: 2116695019868836, actual_exe_time: 43350, task_app_start_time:2116690715016524, task_sched_time:2116695019818466
app_id: 0, app_name: SAR_api-aarch64, task_id: 1022, task_name: DASH_FFT, resource_name: fft2, ref_start_time: 2116695021096767, ref_stop_time: 2116695021146477, actual_exe_time: 49710, task_app_start_time:2116690715016524, task_sched_time:2116695021092267
app_id: 0, app_name: SAR_api-aarch64, task_id: 1023, task_name: DASH_FFT, resource_name: cpu1, ref_start_time: 2116695022298777, ref_stop_time: 2116695022347407, actual_exe_time: 48630, task_app_start_time:2116690715016524, task_sched_time:2116695022295687
app_id: 0, app_name: SAR_api-aarch64, task_id: 1024, task_name: DASH_FFT, resource_name: cpu2, ref_start_time: 2116695026713007, ref_stop_time: 2116695026770697, actual_exe_time: 57690, task_app_start_time:2116690715016524, task_sched_time:2116695026707157
app_id: 0, app_name: SAR_api-aarch64, task_id: 1025, task_name: DASH_FFT, resource_name: cpu3, ref_start_time: 2116695030641568, ref_stop_time: 2116695030693738, actual_exe_time: 52170, task_app_start_time:2116690715016524, task_sched_time:2116695030631848
app_id: 0, app_name: SAR_api-aarch64, task_id: 1026, task_name: DASH_FFT, resource_name: fft1, ref_start_time: 2116695031335288, ref_stop_time: 2116695031390758, actual_exe_time: 55470, task_app_start_time:2116690715016524, task_sched_time:2116695031331118
app_id: 0, app_name: SAR_api-aarch64, task_id: 1027, task_name: DASH_FFT, resource_name: fft2, ref_start_time: 2116695034863139, ref_stop_time: 2116695034902679, actual_exe_time: 39540, task_app_start_time:2116690715016524, task_sched_time:2116695034860349
app_id: 0, app_name: SAR_api-aarch64, task_id: 1028, task_name: DASH_FFT, resource_name: cpu1, ref_start_time: 2116695037898359, ref_stop_time: 2116695037959559, actual_exe_time: 61200, task_app_start_time:2116690715016524, task_sched_time:2116695037893199
app_id: 0, app_name: SAR_api-aarch64, task_id: 1029, task_name: DASH_FFT, resource_name: cpu2, ref_start_time: 2116695038873119, ref_stop_time: 2116695038915329, actual_exe_time: 42210, task_app_start_time:2116690715016524, task_sched_time:2116695038864419
app_id: 0, app_name: SAR_api-aarch64, task_id: 1030, task_name: DASH_FFT, resource_name: cpu3, ref_start_time: 2116695043122020, ref_stop_time: 2116695043187480, actual_exe_time: 65460, task_app_start_time:2116690715016524, task_sched_time:2116695043117340
app_id: 0, app_name: SAR_api-aarch64, task_id: 1031, task_name: DASH_FFT, resource_name: fft1, ref_start_time: 2116695046900701, ref_stop_time: 2116695046949661, actual_exe_time: 48960, task_app_start_time:2116690715016524, task_sched_time:2116695046818921
app_id: 0, app_name: SAR_api-aarch64, task_id: 1032, task_name: DASH_FFT, resource_name: fft2, ref_start_time: 2116695050677221, ref_stop_time: 2116695050731761, actual_exe_time: 54540, task_app_start_time:2116690715016524, task_sched_time:2116695050670351
app_id: 0, app_name: SAR_api-aarch64, task_id: 1033, task_name: DASH_FFT, resource_name: cpu1, ref_start_time: 2116695054586312, ref_stop_time: 2116695054638572, actual_exe_time: 52260, task_app_start_time:2116690715016524, task_sched_time:2116695054524002
app_id: 0, app_name: SAR_api-aarch64, task_id: 1034, task_name: DASH_FFT, resource_name: cpu2, ref_start_time: 2116695055306552, ref_stop_time: 2116695055355002, actual_exe_time: 48450, task_app_start_time:2116690715016524, task_sched_time:2116695055298752
app_id: 0, app_name: SAR_api-aarch64, task_id: 1035, task_name: DASH_FFT, resource_name: cpu3, ref_start_time: 2116695056287222, ref_stop_time: 2116695056331502, actual_exe_time: 44280, task_app_start_time:2116690715016524, task_sched_time:2116695056277682
app_id: 0, app_name: SAR_api-aarch64, task_id: 1036, task_name: DASH_FFT, resource_name: fft1, ref_start_time: 2116695057277792, ref_stop_time: 2116695057333472, actual_exe_time: 55680, task_app_start_time:2116690715016524, task_sched_time:2116695057267592
app_id: 0, app_name: SAR_api-aarch64, task_id: 1037, task_name: DASH_FFT, resource_name: fft2, ref_start_time: 2116695057788902, ref_stop_time: 2116695057828892, actual_exe_time: 39990, task_app_start_time:2116690715016524, task_sched_time:2116695057780892
app_id: 0, app_name: SAR_api-aarch64, task_id: 1038, task_name: DASH_FFT, resource_name: cpu1, ref_start_time: 2116695058324912, ref_stop_time: 2116695058385483, actual_exe_time: 60571, task_app_start_time:2116690715016524, task_sched_time:2116695058308052
app_id: 0, app_name: SAR_api-aarch64, task_id: 1039, task_name: DASH_FFT, resource_name: cpu2, ref_start_time: 2116695062666273, ref_stop_time: 2116695062718503, actual_exe_time: 52230, task_app_start_time:2116690715016524, task_sched_time:2116695062659523
app_id: 0, app_name: SAR_api-aarch64, task_id: 1040, task_name: DASH_FFT, resource_name: cpu3, ref_start_time: 2116695063482843, ref_stop_time: 2116695063540683, actual_exe_time: 57840, task_app_start_time:2116690715016524, task_sched_time:2116695063478493
app_id: 0, app_name: SAR_api-aarch64, task_id: 1041, task_name: DASH_FFT, resource_name: fft1, ref_start_time: 2116695066922464, ref_stop_time: 2116695066969324, actual_exe_time: 46860, task_app_start_time:2116690715016524, task_sched_time:2116695066887844
app_id: 0, app_name: SAR_api-aarch64, task_id: 1042, task_name: DASH_FFT, resource_name: fft2, ref_start_time: 2116695067442694, ref_stop_time: 2116695067491654, actual_exe_time: 48960, task_app_start_time:2116690715016524, task_sched_time:2116695067436694
app_id: 0, app_name: SAR_api-aarch64, task_id: 1043, task_name: DASH_FFT, resource_name: cpu1, ref_start_time: 2116695071259895, ref_stop_time: 2116695071309065, actual_exe_time: 49170, task_app_start_time:2116690715016524, task_sched_time:2116695071236615
app_id: 0, app_name: SAR_api-aarch64, task_id: 1044, task_name: DASH_FFT, resource_name: cpu2, ref_start_time: 2116695071938855, ref_stop_time: 2116695071993305, actual_exe_time: 54450, task_app_start_time:2116690715016524, task_sched_time:2116695071933335
app_id: 0, app_name: SAR_api-aarch64, task_id: 1045, task_name: DASH_FFT, resource_name: cpu3, ref_start_time: 2116695072934945, ref_stop_time: 2116695072977215, actual_exe_time: 42270, task_app_start_time:2116690715016524, task_sched_time:2116695072926395
app_id: 0, app_name: SAR_api-aarch64, task_id: 1046, task_name: DASH_FFT, resource_name: fft1, ref_start_time: 2116695076784935, ref_stop_time: 2116695076845415, actual_exe_time: 60480, task_app_start_time:2116690715016524, task_sched_time:2116695076776415
app_id: 0, app_name: SAR_api-aarch64, task_id: 1047, task_name: DASH_FFT, resource_name: fft2, ref_start_time: 2116695077478146, ref_stop_time: 2116695077520446, actual_exe_time: 42300, task_app_start_time:2116690715016524, task_sched_time:2116695077472176
app_id: 0, app_name: SAR_api-aarch64, task_id: 1048, task_name: DASH_FFT, resource_name: cpu1, ref_start_time: 2116695078614696, ref_stop_time: 2116695078685616, actual_exe_time: 70920, task_app_start_time:2116690715016524, task_sched_time:2116695078530516
app_id: 0, app_name: SAR_api-aarch64, task_id: 1049, task_name: DASH_FFT, resource_name: cpu2, ref_start_time: 2116695078881006, ref_stop_time: 2116695078924986, actual_exe_time: 43980, task_app_start_time:2116690715016524, task_sched_time:2116695078871796
app_id: 0, app_name: SAR_api-aarch64, task_id: 1050, task_name: DASH_FFT, resource_name: cpu3, ref_start_time: 2116695082642976, ref_stop_time: 2116695082712906, actual_exe_time: 69930, task_app_start_time:2116690715016524, task_sched_time:2116695079877846
app_id: 0, app_name: SAR_api-aarch64, task_id: 1051, task_name: DASH_FFT, resource_name: fft1, ref_start_time: 2116695085726377, ref_stop_time: 2116695085771557, actual_exe_time: 45180, task_app_start_time:2116690715016524, task_sched_time:2116695085717527
app_id: 0, app_name: SAR_api-aarch64, task_id: 1052, task_name: DASH_FFT, resource_name: fft2, ref_start_time: 2116695086572137, ref_stop_time: 2116695086631237, actual_exe_time: 59100, task_app_start_time:2116690715016524, task_sched_time:2116695086487957
app_id: 0, app_name: SAR_api-aarch64, task_id: 1053, task_name: DASH_FFT, resource_name: cpu1, ref_start_time: 2116695090463198, ref_stop_time: 2116695090518248, actual_exe_time: 55050, task_app_start_time:2116690715016524, task_sched_time:2116695090452398
app_id: 0, app_name: SAR_api-aarch64, task_id: 1054, task_name: DASH_FFT, resource_name: cpu2, ref_start_time: 2116695094827748, ref_stop_time: 2116695094904308, actual_exe_time: 76560, task_app_start_time:2116690715016524, task_sched_time:2116695094819468
app_id: 0, app_name: SAR_api-aarch64, task_id: 1055, task_name: DASH_FFT, resource_name: cpu3, ref_start_time: 2116695098674559, ref_stop_time: 2116695098722049, actual_exe_time: 47490, task_app_start_time:2116690715016524, task_sched_time:2116695098665379
app_id: 0, app_name: SAR_api-aarch64, task_id: 1056, task_name: DASH_FFT, resource_name: fft1, ref_start_time: 2116695101105879, ref_stop_time: 2116695101166389, actual_exe_time: 60510, task_app_start_time:2116690715016524, task_sched_time:2116695101088539
app_id: 0, app_name: SAR_api-aarch64, task_id: 1057, task_name: DASH_FFT, resource_name: fft2, ref_start_time: 2116695101587379, ref_stop_time: 2116695101634839, actual_exe_time: 47460, task_app_start_time:2116690715016524, task_sched_time:2116695101579969
app_id: 0, app_name: SAR_api-aarch64, task_id: 1058, task_name: DASH_FFT, resource_name: cpu1, ref_start_time: 2116695111058861, ref_stop_time: 2116695111126871, actual_exe_time: 68010, task_app_start_time:2116690715016524, task_sched_time:2116695111053971
app_id: 0, app_name: SAR_api-aarch64, task_id: 1059, task_name: DASH_FFT, resource_name: cpu2, ref_start_time: 2116695115116872, ref_stop_time: 2116695115563212, actual_exe_time: 446340, task_app_start_time:2116690715016524, task_sched_time:2116695115106372
app_id: 0, app_name: SAR_api-aarch64, task_id: 1060, task_name: DASH_FFT, resource_name: cpu3, ref_start_time: 2116695119007842, ref_stop_time: 2116695119074502, actual_exe_time: 66660, task_app_start_time:2116690715016524, task_sched_time:2116695118998002
app_id: 0, app_name: SAR_api-aarch64, task_id: 1061, task_name: DASH_FFT, resource_name: fft1, ref_start_time: 2116695126599163, ref_stop_time: 2116695126651243, actual_exe_time: 52080, task_app_start_time:2116690715016524, task_sched_time:2116695126591573
app_id: 0, app_name: SAR_api-aarch64, task_id: 1062, task_name: DASH_FFT, resource_name: fft2, ref_start_time: 2116695128787244, ref_stop_time: 2116695128853934, actual_exe_time: 66690, task_app_start_time:2116690715016524, task_sched_time:2116695128780134
app_id: 0, app_name: SAR_api-aarch64, task_id: 1063, task_name: DASH_FFT, resource_name: cpu1, ref_start_time: 2116695130072894, ref_stop_time: 2116695130124044, actual_exe_time: 51150, task_app_start_time:2116690715016524, task_sched_time:2116695130058464
app_id: 0, app_name: SAR_api-aarch64, task_id: 1064, task_name: DASH_FFT, resource_name: cpu2, ref_start_time: 2116695134802395, ref_stop_time: 2116695138731675, actual_exe_time: 3929280, task_app_start_time:2116690715016524, task_sched_time:2116695134791385
app_id: 0, app_name: SAR_api-aarch64, task_id: 1065, task_name: DASH_FFT, resource_name: cpu3, ref_start_time: 2116695142820406, ref_stop_time: 2116695142872756, actual_exe_time: 52350, task_app_start_time:2116690715016524, task_sched_time:2116695142810356
app_id: 0, app_name: SAR_api-aarch64, task_id: 1066, task_name: DASH_FFT, resource_name: fft1, ref_start_time: 2116695143858526, ref_stop_time: 2116695143917056, actual_exe_time: 58530, task_app_start_time:2116690715016524, task_sched_time:2116695143839476
app_id: 0, app_name: SAR_api-aarch64, task_id: 1067, task_name: DASH_FFT, resource_name: fft2, ref_start_time: 2116695147573007, ref_stop_time: 2116695147618037, actual_exe_time: 45030, task_app_start_time:2116690715016524, task_sched_time:2116695147563497
app_id: 0, app_name: SAR_api-aarch64, task_id: 1068, task_name: DASH_FFT, resource_name: cpu1, ref_start_time: 2116695148235437, ref_stop_time: 2116695148298797, actual_exe_time: 63360, task_app_start_time:2116690715016524, task_sched_time:2116695148231207
app_id: 0, app_name: SAR_api-aarch64, task_id: 1069, task_name: DASH_FFT, resource_name: cpu2, ref_start_time: 2116695149330557, ref_stop_time: 2116695149379157, actual_exe_time: 48600, task_app_start_time:2116690715016524, task_sched_time:2116695149322367
app_id: 0, app_name: SAR_api-aarch64, task_id: 1070, task_name: DASH_FFT, resource_name: cpu3, ref_start_time: 2116695150590647, ref_stop_time: 2116695150652057, actual_exe_time: 61410, task_app_start_time:2116690715016524, task_sched_time:2116695149856607
app_id: 0, app_name: SAR_api-aarch64, task_id: 1071, task_name: DASH_FFT, resource_name: fft1, ref_start_time: 2116695150975157, ref_stop_time: 2116695151018777, actual_exe_time: 43620, task_app_start_time:2116690715016524, task_sched_time:2116695150969667
app_id: 0, app_name: SAR_api-aarch64, task_id: 1072, task_name: DASH_FFT, resource_name: fft2, ref_start_time: 2116695151917428, ref_stop_time: 2116695151969838, actual_exe_time: 52410, task_app_start_time:2116690715016524, task_sched_time:2116695151909748
app_id: 0, app_name: SAR_api-aarch64, task_id: 1073, task_name: DASH_FFT, resource_name: cpu1, ref_start_time: 2116695152682818, ref_stop_time: 2116695152729708, actual_exe_time: 46890, task_app_start_time:2116690715016524, task_sched_time:2116695152676968
app_id: 0, app_name: SAR_api-aarch64, task_id: 1074, task_name: DASH_FFT, resource_name: cpu2, ref_start_time: 2116695153137588, ref_stop_time: 2116695153575438, actual_exe_time: 437850, task_app_start_time:2116690715016524, task_sched_time:2116695153133928
app_id: 0, app_name: SAR_api-aarch64, task_id: 1075, task_name: DASH_FFT, resource_name: cpu3, ref_start_time: 2116695154592558, ref_stop_time: 2116695154636688, actual_exe_time: 44130, task_app_start_time:2116690715016524, task_sched_time:2116695153929738
app_id: 0, app_name: SAR_api-aarch64, task_id: 1076, task_name: DASH_FFT, resource_name: fft1, ref_start_time: 2116695155103488, ref_stop_time: 2116695155168768, actual_exe_time: 65280, task_app_start_time:2116690715016524, task_sched_time:2116695155052668
app_id: 0, app_name: SAR_api-aarch64, task_id: 1077, task_name: DASH_FFT, resource_name: fft2, ref_start_time: 2116695155776688, ref_stop_time: 2116695155822048, actual_exe_time: 45360, task_app_start_time:2116690715016524, task_sched_time:2116695155735498
app_id: 0, app_name: SAR_api-aarch64, task_id: 1078, task_name: DASH_FFT, resource_name: cpu1, ref_start_time: 2116695156506948, ref_stop_time: 2116695156561878, actual_exe_time: 54930, task_app_start_time:2116690715016524, task_sched_time:2116695156500618
app_id: 0, app_name: SAR_api-aarch64, task_id: 1079, task_name: DASH_FFT, resource_name: cpu2, ref_start_time: 2116695157289078, ref_stop_time: 2116695157333568, actual_exe_time: 44490, task_app_start_time:2116690715016524, task_sched_time:2116695157260398
app_id: 0, app_name: SAR_api-aarch64, task_id: 1080, task_name: DASH_FFT, resource_name: cpu3, ref_start_time: 2116695158151489, ref_stop_time: 2116695158209419, actual_exe_time: 57930, task_app_start_time:2116690715016524, task_sched_time:2116695158142579
app_id: 0, app_name: SAR_api-aarch64, task_id: 1081, task_name: DASH_FFT, resource_name: fft1, ref_start_time: 2116695158949129, ref_stop_time: 2116695158993379, actual_exe_time: 44250, task_app_start_time:2116690715016524, task_sched_time:2116695158944689
app_id: 0, app_name: SAR_api-aarch64, task_id: 1082, task_name: DASH_FFT, resource_name: fft2, ref_start_time: 2116695159581019, ref_stop_time: 2116695159653859, actual_exe_time: 72840, task_app_start_time:2116690715016524, task_sched_time:2116695159381399
app_id: 0, app_name: SAR_api-aarch64, task_id: 1083, task_name: DASH_FFT, resource_name: cpu1, ref_start_time: 2116695166616140, ref_stop_time: 2116695166677820, actual_exe_time: 61680, task_app_start_time:2116690715016524, task_sched_time:2116695166595290
app_id: 0, app_name: SAR_api-aarch64, task_id: 1084, task_name: DASH_FFT, resource_name: cpu2, ref_start_time: 2116695167606950, ref_stop_time: 2116695167664310, actual_exe_time: 57360, task_app_start_time:2116690715016524, task_sched_time:2116695167414530
app_id: 0, app_name: SAR_api-aarch64, task_id: 1085, task_name: DASH_FFT, resource_name: cpu3, ref_start_time: 2116695170881151, ref_stop_time: 2116695170927591, actual_exe_time: 46440, task_app_start_time:2116690715016524, task_sched_time:2116695170858051
app_id: 0, app_name: SAR_api-aarch64, task_id: 1086, task_name: DASH_FFT, resource_name: fft1, ref_start_time: 2116695173688401, ref_stop_time: 2116695173753531, actual_exe_time: 65130, task_app_start_time:2116690715016524, task_sched_time:2116695173680871
app_id: 0, app_name: SAR_api-aarch64, task_id: 1087, task_name: DASH_FFT, resource_name: fft2, ref_start_time: 2116695177781152, ref_stop_time: 2116695177829872, actual_exe_time: 48720, task_app_start_time:2116690715016524, task_sched_time:2116695177693102
app_id: 0, app_name: SAR_api-aarch64, task_id: 1088, task_name: DASH_FFT, resource_name: cpu1, ref_start_time: 2116695178498422, ref_stop_time: 2116695178588212, actual_exe_time: 89790, task_app_start_time:2116690715016524, task_sched_time:2116695178410582
app_id: 0, app_name: SAR_api-aarch64, task_id: 1089, task_name: DASH_FFT, resource_name: cpu2, ref_start_time: 2116695182845903, ref_stop_time: 2116695182897083, actual_exe_time: 51180, task_app_start_time:2116690715016524, task_sched_time:2116695179645082
app_id: 0, app_name: SAR_api-aarch64, task_id: 1090, task_name: DASH_FFT, resource_name: cpu3, ref_start_time: 2116695183668773, ref_stop_time: 2116695183727183, actual_exe_time: 58410, task_app_start_time:2116690715016524, task_sched_time:2116695183664303
app_id: 0, app_name: SAR_api-aarch64, task_id: 1091, task_name: DASH_FFT, resource_name: fft1, ref_start_time: 2116695184368523, ref_stop_time: 2116695184412773, actual_exe_time: 44250, task_app_start_time:2116690715016524, task_sched_time:2116695184361383
app_id: 0, app_name: SAR_api-aarch64, task_id: 1092, task_name: DASH_FFT, resource_name: fft2, ref_start_time: 2116695186586273, ref_stop_time: 2116695186641353, actual_exe_time: 55080, task_app_start_time:2116690715016524, task_sched_time:2116695185029273
app_id: 0, app_name: SAR_api-aarch64, task_id: 1093, task_name: DASH_FFT, resource_name: cpu1, ref_start_time: 2116695187266163, ref_stop_time: 2116695187314013, actual_exe_time: 47850, task_app_start_time:2116690715016524, task_sched_time:2116695187250473
app_id: 0, app_name: SAR_api-aarch64, task_id: 1094, task_name: DASH_FFT, resource_name: cpu2, ref_start_time: 2116695189584354, ref_stop_time: 2116695189642464, actual_exe_time: 58110, task_app_start_time:2116690715016524, task_sched_time:2116695188205523
app_id: 0, app_name: SAR_api-aarch64, task_id: 1095, task_name: DASH_FFT, resource_name: cpu3, ref_start_time: 2116695190356794, ref_stop_time: 2116695190399994, actual_exe_time: 43200, task_app_start_time:2116690715016524, task_sched_time:2116695190350134
app_id: 0, app_name: SAR_api-aarch64, task_id: 1096, task_name: DASH_FFT, resource_name: fft1, ref_start_time: 2116695191048774, ref_stop_time: 2116695191103344, actual_exe_time: 54570, task_app_start_time:2116690715016524, task_sched_time:2116695191026034
app_id: 0, app_name: SAR_api-aarch64, task_id: 1097, task_name: DASH_FFT, resource_name: fft2, ref_start_time: 2116695191596994, ref_stop_time: 2116695191638184, actual_exe_time: 41190, task_app_start_time:2116690715016524, task_sched_time:2116695191588084
app_id: 0, app_name: SAR_api-aarch64, task_id: 1098, task_name: DASH_FFT, resource_name: cpu1, ref_start_time: 2116695192234914, ref_stop_time: 2116695192289574, actual_exe_time: 54660, task_app_start_time:2116690715016524, task_sched_time:2116695192206594
app_id: 0, app_name: SAR_api-aarch64, task_id: 1099, task_name: DASH_FFT, resource_name: cpu2, ref_start_time: 2116695193197404, ref_stop_time: 2116695193238084, actual_exe_time: 40680, task_app_start_time:2116690715016524, task_sched_time:2116695193192814
app_id: 0, app_name: SAR_api-aarch64, task_id: 1100, task_name: DASH_FFT, resource_name: cpu3, ref_start_time: 2116695193518314, ref_stop_time: 2116695193567274, actual_exe_time: 48960, task_app_start_time:2116690715016524, task_sched_time:2116695193512554
app_id: 0, app_name: SAR_api-aarch64, task_id: 1101, task_name: DASH_FFT, resource_name: fft1, ref_start_time: 2116695202932316, ref_stop_time: 2116695202979266, actual_exe_time: 46950, task_app_start_time:2116690715016524, task_sched_time:2116695202922746
app_id: 0, app_name: SAR_api-aarch64, task_id: 1102, task_name: DASH_FFT, resource_name: fft2, ref_start_time: 2116695203704366, ref_stop_time: 2116695203755276, actual_exe_time: 50910, task_app_start_time:2116690715016524, task_sched_time:2116695203697676
app_id: 0, app_name: SAR_api-aarch64, task_id: 1103, task_name: DASH_FFT, resource_name: cpu1, ref_start_time: 2116695206948056, ref_stop_time: 2116695207000886, actual_exe_time: 52830, task_app_start_time:2116690715016524, task_sched_time:2116695206884756
app_id: 0, app_name: SAR_api-aarch64, task_id: 1104, task_name: DASH_FFT, resource_name: cpu2, ref_start_time: 2116695208635287, ref_stop_time: 2116695208697177, actual_exe_time: 61890, task_app_start_time:2116690715016524, task_sched_time:2116695208631657
app_id: 0, app_name: SAR_api-aarch64, task_id: 1105, task_name: DASH_FFT, resource_name: cpu3, ref_start_time: 2116695210773057, ref_stop_time: 2116695210823667, actual_exe_time: 50610, task_app_start_time:2116690715016524, task_sched_time:2116695210769457
app_id: 0, app_name: SAR_api-aarch64, task_id: 1106, task_name: DASH_FFT, resource_name: fft1, ref_start_time: 2116695213900558, ref_stop_time: 2116695213963258, actual_exe_time: 62700, task_app_start_time:2116690715016524, task_sched_time:2116695213886278
app_id: 0, app_name: SAR_api-aarch64, task_id: 1107, task_name: DASH_FFT, resource_name: fft2, ref_start_time: 2116695218612238, ref_stop_time: 2116695218658798, actual_exe_time: 46560, task_app_start_time:2116690715016524, task_sched_time:2116695214623648
app_id: 0, app_name: SAR_api-aarch64, task_id: 1108, task_name: DASH_FFT, resource_name: cpu1, ref_start_time: 2116695219769878, ref_stop_time: 2116695219835188, actual_exe_time: 65310, task_app_start_time:2116690715016524, task_sched_time:2116695219761418
app_id: 0, app_name: SAR_api-aarch64, task_id: 1109, task_name: DASH_FFT, resource_name: cpu2, ref_start_time: 2116695222565129, ref_stop_time: 2116695222613219, actual_exe_time: 48090, task_app_start_time:2116690715016524, task_sched_time:2116695220422859
app_id: 0, app_name: SAR_api-aarch64, task_id: 1110, task_name: DASH_FFT, resource_name: cpu3, ref_start_time: 2116695223285489, ref_stop_time: 2116695223345549, actual_exe_time: 60060, task_app_start_time:2116690715016524, task_sched_time:2116695223282549
app_id: 0, app_name: SAR_api-aarch64, task_id: 1111, task_name: DASH_FFT, resource_name: fft1, ref_start_time: 2116695224050579, ref_stop_time: 2116695224099179, actual_exe_time: 48600, task_app_start_time:2116690715016524, task_sched_time:2116695223957969
app_id: 0, app_name: SAR_api-aarch64, task_id: 1112, task_name: DASH_FFT, resource_name: fft2, ref_start_time: 2116695224790169, ref_stop_time: 2116695224843149, actual_exe_time: 52980, task_app_start_time:2116690715016524, task_sched_time:2116695224782669
app_id: 0, app_name: SAR_api-aarch64, task_id: 1113, task_name: DASH_FFT, resource_name: cpu1, ref_start_time: 2116695230829470, ref_stop_time: 2116695230886860, actual_exe_time: 57390, task_app_start_time:2116690715016524, task_sched_time:2116695230816030
app_id: 0, app_name: SAR_api-aarch64, task_id: 1114, task_name: DASH_FFT, resource_name: cpu2, ref_start_time: 2116695231649100, ref_stop_time: 2116695231705140, actual_exe_time: 56040, task_app_start_time:2116690715016524, task_sched_time:2116695231642710
app_id: 0, app_name: SAR_api-aarch64, task_id: 1115, task_name: DASH_FFT, resource_name: cpu3, ref_start_time: 2116695234727161, ref_stop_time: 2116695234772281, actual_exe_time: 45120, task_app_start_time:2116690715016524, task_sched_time:2116695234724281
app_id: 0, app_name: SAR_api-aarch64, task_id: 1116, task_name: DASH_FFT, resource_name: fft1, ref_start_time: 2116695235446051, ref_stop_time: 2116695235503231, actual_exe_time: 57180, task_app_start_time:2116690715016524, task_sched_time:2116695235398861
app_id: 0, app_name: SAR_api-aarch64, task_id: 1117, task_name: DASH_FFT, resource_name: fft2, ref_start_time: 2116695239018842, ref_stop_time: 2116695239059342, actual_exe_time: 40500, task_app_start_time:2116690715016524, task_sched_time:2116695239009452
app_id: 0, app_name: SAR_api-aarch64, task_id: 1118, task_name: DASH_FFT, resource_name: cpu1, ref_start_time: 2116695241466992, ref_stop_time: 2116695241533652, actual_exe_time: 66660, task_app_start_time:2116690715016524, task_sched_time:2116695241458622
app_id: 0, app_name: SAR_api-aarch64, task_id: 1119, task_name: DASH_FFT, resource_name: cpu2, ref_start_time: 2116695242002102, ref_stop_time: 2116695242045152, actual_exe_time: 43050, task_app_start_time:2116690715016524, task_sched_time:2116695241993222
app_id: 0, app_name: SAR_api-aarch64, task_id: 1120, task_name: DASH_FFT, resource_name: cpu3, ref_start_time: 2116695247120643, ref_stop_time: 2116695247183733, actual_exe_time: 63090, task_app_start_time:2116690715016524, task_sched_time:2116695247111133
app_id: 0, app_name: SAR_api-aarch64, task_id: 1121, task_name: DASH_FFT, resource_name: fft1, ref_start_time: 2116695247909883, ref_stop_time: 2116695247954073, actual_exe_time: 44190, task_app_start_time:2116690715016524, task_sched_time:2116695247903913
app_id: 0, app_name: SAR_api-aarch64, task_id: 1122, task_name: DASH_FFT, resource_name: fft2, ref_start_time: 2116695254806104, ref_stop_time: 2116695254870664, actual_exe_time: 64560, task_app_start_time:2116690715016524, task_sched_time:2116695254800374
app_id: 0, app_name: SAR_api-aarch64, task_id: 1123, task_name: DASH_FFT, resource_name: cpu1, ref_start_time: 2116695255688464, ref_stop_time: 2116695255737364, actual_exe_time: 48900, task_app_start_time:2116690715016524, task_sched_time:2116695255683004
app_id: 0, app_name: SAR_api-aarch64, task_id: 1124, task_name: DASH_FFT, resource_name: cpu2, ref_start_time: 2116695256356114, ref_stop_time: 2116695256405734, actual_exe_time: 49620, task_app_start_time:2116690715016524, task_sched_time:2116695256349304
app_id: 0, app_name: SAR_api-aarch64, task_id: 1125, task_name: DASH_FFT, resource_name: cpu3, ref_start_time: 2116695258142615, ref_stop_time: 2116695258186985, actual_exe_time: 44370, task_app_start_time:2116690715016524, task_sched_time:2116695258134545
app_id: 0, app_name: SAR_api-aarch64, task_id: 1126, task_name: DASH_FFT, resource_name: fft1, ref_start_time: 2116695263189245, ref_stop_time: 2116695263600336, actual_exe_time: 411091, task_app_start_time:2116690715016524, task_sched_time:2116695263143645
app_id: 0, app_name: SAR_api-aarch64, task_id: 1127, task_name: DASH_FFT, resource_name: fft2, ref_start_time: 2116695271160097, ref_stop_time: 2116695271209627, actual_exe_time: 49530, task_app_start_time:2116690715016524, task_sched_time:2116695271152387
app_id: 0, app_name: SAR_api-aarch64, task_id: 1128, task_name: DASH_FFT, resource_name: cpu1, ref_start_time: 2116695273739287, ref_stop_time: 2116695273826287, actual_exe_time: 87000, task_app_start_time:2116690715016524, task_sched_time:2116695273728877
app_id: 0, app_name: SAR_api-aarch64, task_id: 1129, task_name: DASH_FFT, resource_name: cpu2, ref_start_time: 2116695274120527, ref_stop_time: 2116695274164507, actual_exe_time: 43980, task_app_start_time:2116690715016524, task_sched_time:2116695274079427
app_id: 0, app_name: SAR_api-aarch64, task_id: 1130, task_name: DASH_FFT, resource_name: cpu3, ref_start_time: 2116695279414958, ref_stop_time: 2116695279477358, actual_exe_time: 62400, task_app_start_time:2116690715016524, task_sched_time:2116695279409348
app_id: 0, app_name: SAR_api-aarch64, task_id: 1131, task_name: DASH_FFT, resource_name: fft1, ref_start_time: 2116695282756479, ref_stop_time: 2116695282803129, actual_exe_time: 46650, task_app_start_time:2116690715016524, task_sched_time:2116695282747689
app_id: 0, app_name: SAR_api-aarch64, task_id: 1132, task_name: DASH_FFT, resource_name: fft2, ref_start_time: 2116695287846639, ref_stop_time: 2116695287907419, actual_exe_time: 60780, task_app_start_time:2116690715016524, task_sched_time:2116695287842319
app_id: 0, app_name: SAR_api-aarch64, task_id: 1133, task_name: DASH_FFT, resource_name: cpu1, ref_start_time: 2116695289690560, ref_stop_time: 2116695289742430, actual_exe_time: 51870, task_app_start_time:2116690715016524, task_sched_time:2116695289686270
app_id: 0, app_name: SAR_api-aarch64, task_id: 1134, task_name: DASH_FFT, resource_name: cpu2, ref_start_time: 2116695290348760, ref_stop_time: 2116695290404170, actual_exe_time: 55410, task_app_start_time:2116690715016524, task_sched_time:2116695290342460
app_id: 0, app_name: SAR_api-aarch64, task_id: 1135, task_name: DASH_FFT, resource_name: cpu3, ref_start_time: 2116695292860990, ref_stop_time: 2116695292912950, actual_exe_time: 51960, task_app_start_time:2116690715016524, task_sched_time:2116695291414930
app_id: 0, app_name: SAR_api-aarch64, task_id: 1136, task_name: DASH_FFT, resource_name: fft1, ref_start_time: 2116695299285401, ref_stop_time: 2116695299355181, actual_exe_time: 69780, task_app_start_time:2116690715016524, task_sched_time:2116695299273671
app_id: 0, app_name: SAR_api-aarch64, task_id: 1137, task_name: DASH_FFT, resource_name: fft2, ref_start_time: 2116695302718692, ref_stop_time: 2116695302760152, actual_exe_time: 41460, task_app_start_time:2116690715016524, task_sched_time:2116695302714222
app_id: 0, app_name: SAR_api-aarch64, task_id: 1138, task_name: DASH_FFT, resource_name: cpu1, ref_start_time: 2116695304396982, ref_stop_time: 2116695304464602, actual_exe_time: 67620, task_app_start_time:2116690715016524, task_sched_time:2116695304384442
app_id: 0, app_name: SAR_api-aarch64, task_id: 1139, task_name: DASH_FFT, resource_name: cpu2, ref_start_time: 2116695305138912, ref_stop_time: 2116695305184332, actual_exe_time: 45420, task_app_start_time:2116690715016524, task_sched_time:2116695305134052
app_id: 0, app_name: SAR_api-aarch64, task_id: 1140, task_name: DASH_FFT, resource_name: cpu3, ref_start_time: 2116695308052723, ref_stop_time: 2116695308116833, actual_exe_time: 64110, task_app_start_time:2116690715016524, task_sched_time:2116695306018572
app_id: 0, app_name: SAR_api-aarch64, task_id: 1141, task_name: DASH_FFT, resource_name: fft1, ref_start_time: 2116695315152044, ref_stop_time: 2116695315202144, actual_exe_time: 50100, task_app_start_time:2116690715016524, task_sched_time:2116695315144934
app_id: 0, app_name: SAR_api-aarch64, task_id: 1142, task_name: DASH_FFT, resource_name: fft2, ref_start_time: 2116695315952234, ref_stop_time: 2116695316006894, actual_exe_time: 54660, task_app_start_time:2116690715016524, task_sched_time:2116695315944914
app_id: 0, app_name: SAR_api-aarch64, task_id: 1143, task_name: DASH_FFT, resource_name: cpu1, ref_start_time: 2116695322918235, ref_stop_time: 2116695322976105, actual_exe_time: 57870, task_app_start_time:2116690715016524, task_sched_time:2116695322901645
app_id: 0, app_name: SAR_api-aarch64, task_id: 1144, task_name: DASH_FFT, resource_name: cpu2, ref_start_time: 2116695326657496, ref_stop_time: 2116695326717856, actual_exe_time: 60360, task_app_start_time:2116690715016524, task_sched_time:2116695326646396
app_id: 0, app_name: SAR_api-aarch64, task_id: 1145, task_name: DASH_FFT, resource_name: cpu3, ref_start_time: 2116695332490757, ref_stop_time: 2116695332543137, actual_exe_time: 52380, task_app_start_time:2116690715016524, task_sched_time:2116695332479837
app_id: 0, app_name: SAR_api-aarch64, task_id: 1146, task_name: DASH_FFT, resource_name: fft1, ref_start_time: 2116695333271897, ref_stop_time: 2116695333328897, actual_exe_time: 57000, task_app_start_time:2116690715016524, task_sched_time:2116695333268147
app_id: 0, app_name: SAR_api-aarch64, task_id: 1147, task_name: DASH_FFT, resource_name: fft2, ref_start_time: 2116695333666967, ref_stop_time: 2116695333710107, actual_exe_time: 43140, task_app_start_time:2116690715016524, task_sched_time:2116695333528517
app_id: 0, app_name: SAR_api-aarch64, task_id: 1148, task_name: DASH_FFT, resource_name: cpu1, ref_start_time: 2116695338814188, ref_stop_time: 2116695338884118, actual_exe_time: 69930, task_app_start_time:2116690715016524, task_sched_time:2116695338806088
app_id: 0, app_name: SAR_api-aarch64, task_id: 1149, task_name: DASH_FFT, resource_name: cpu2, ref_start_time: 2116695342589448, ref_stop_time: 2116695346234389, actual_exe_time: 3644941, task_app_start_time:2116690715016524, task_sched_time:2116695342579788
app_id: 0, app_name: SAR_api-aarch64, task_id: 1150, task_name: DASH_FFT, resource_name: cpu3, ref_start_time: 2116695347360829, ref_stop_time: 2116695347423679, actual_exe_time: 62850, task_app_start_time:2116690715016524, task_sched_time:2116695347355189
app_id: 0, app_name: SAR_api-aarch64, task_id: 1151, task_name: DASH_FFT, resource_name: fft1, ref_start_time: 2116695351148630, ref_stop_time: 2116695351199300, actual_exe_time: 50670, task_app_start_time:2116690715016524, task_sched_time:2116695351136570
app_id: 0, app_name: SAR_api-aarch64, task_id: 1152, task_name: DASH_FFT, resource_name: fft2, ref_start_time: 2116695358671581, ref_stop_time: 2116695358737761, actual_exe_time: 66180, task_app_start_time:2116690715016524, task_sched_time:2116695358661561
app_id: 0, app_name: SAR_api-aarch64, task_id: 1153, task_name: DASH_FFT, resource_name: cpu1, ref_start_time: 2116695362203691, ref_stop_time: 2116695362258651, actual_exe_time: 54960, task_app_start_time:2116690715016524, task_sched_time:2116695362154521
app_id: 0, app_name: SAR_api-aarch64, task_id: 1154, task_name: DASH_FFT, resource_name: cpu2, ref_start_time: 2116695367166232, ref_stop_time: 2116695367237782, actual_exe_time: 71550, task_app_start_time:2116690715016524, task_sched_time:2116695367159992
app_id: 0, app_name: SAR_api-aarch64, task_id: 1155, task_name: DASH_FFT, resource_name: cpu3, ref_start_time: 2116695374639983, ref_stop_time: 2116695374695843, actual_exe_time: 55860, task_app_start_time:2116690715016524, task_sched_time:2116695374633743
app_id: 0, app_name: SAR_api-aarch64, task_id: 1156, task_name: DASH_FFT, resource_name: fft1, ref_start_time: 2116695376201574, ref_stop_time: 2116695376259114, actual_exe_time: 57540, task_app_start_time:2116690715016524, task_sched_time:2116695376197764
app_id: 0, app_name: SAR_api-aarch64, task_id: 1157, task_name: DASH_FFT, resource_name: fft2, ref_start_time: 2116695379003604, ref_stop_time: 2116695379053164, actual_exe_time: 49560, task_app_start_time:2116690715016524, task_sched_time:2116695378994154
app_id: 0, app_name: SAR_api-aarch64, task_id: 1158, task_name: DASH_FFT, resource_name: cpu1, ref_start_time: 2116695386678925, ref_stop_time: 2116695386750415, actual_exe_time: 71490, task_app_start_time:2116690715016524, task_sched_time:2116695386670855
app_id: 0, app_name: SAR_api-aarch64, task_id: 1159, task_name: DASH_FFT, resource_name: cpu2, ref_start_time: 2116695390785326, ref_stop_time: 2116695390834136, actual_exe_time: 48810, task_app_start_time:2116690715016524, task_sched_time:2116695390532066
app_id: 0, app_name: SAR_api-aarch64, task_id: 1160, task_name: DASH_FFT, resource_name: cpu3, ref_start_time: 2116695394784177, ref_stop_time: 2116695394849247, actual_exe_time: 65070, task_app_start_time:2116690715016524, task_sched_time:2116695394670327
app_id: 0, app_name: SAR_api-aarch64, task_id: 1161, task_name: DASH_FFT, resource_name: fft1, ref_start_time: 2116695395648807, ref_stop_time: 2116695395695967, actual_exe_time: 47160, task_app_start_time:2116690715016524, task_sched_time:2116695395633927
app_id: 0, app_name: SAR_api-aarch64, task_id: 1162, task_name: DASH_FFT, resource_name: fft2, ref_start_time: 2116695396371927, ref_stop_time: 2116695396426317, actual_exe_time: 54390, task_app_start_time:2116690715016524, task_sched_time:2116695396364787
app_id: 0, app_name: SAR_api-aarch64, task_id: 1163, task_name: DASH_FFT, resource_name: cpu1, ref_start_time: 2116695397391147, ref_stop_time: 2116695397440287, actual_exe_time: 49140, task_app_start_time:2116690715016524, task_sched_time:2116695397380137
app_id: 0, app_name: SAR_api-aarch64, task_id: 1164, task_name: DASH_FFT, resource_name: cpu2, ref_start_time: 2116695398064887, ref_stop_time: 2116695398116097, actual_exe_time: 51210, task_app_start_time:2116690715016524, task_sched_time:2116695398057117
app_id: 0, app_name: SAR_api-aarch64, task_id: 1165, task_name: DASH_FFT, resource_name: cpu3, ref_start_time: 2116695398811857, ref_stop_time: 2116695398856527, actual_exe_time: 44670, task_app_start_time:2116690715016524, task_sched_time:2116695398801747
app_id: 0, app_name: SAR_api-aarch64, task_id: 1166, task_name: DASH_FFT, resource_name: fft1, ref_start_time: 2116695402595518, ref_stop_time: 2116695402660528, actual_exe_time: 65010, task_app_start_time:2116690715016524, task_sched_time:2116695402581568
app_id: 0, app_name: SAR_api-aarch64, task_id: 1167, task_name: DASH_FFT, resource_name: fft2, ref_start_time: 2116695403234188, ref_stop_time: 2116695403272258, actual_exe_time: 38070, task_app_start_time:2116690715016524, task_sched_time:2116695403224738
app_id: 0, app_name: SAR_api-aarch64, task_id: 1168, task_name: DASH_FFT, resource_name: cpu1, ref_start_time: 2116695405799968, ref_stop_time: 2116695405863658, actual_exe_time: 63690, task_app_start_time:2116690715016524, task_sched_time:2116695405794928
app_id: 0, app_name: SAR_api-aarch64, task_id: 1169, task_name: DASH_FFT, resource_name: cpu2, ref_start_time: 2116695410587249, ref_stop_time: 2116695410638849, actual_exe_time: 51600, task_app_start_time:2116690715016524, task_sched_time:2116695409933549
app_id: 0, app_name: SAR_api-aarch64, task_id: 1170, task_name: DASH_FFT, resource_name: cpu3, ref_start_time: 2116695411264739, ref_stop_time: 2116695411325489, actual_exe_time: 60750, task_app_start_time:2116690715016524, task_sched_time:2116695411257329
app_id: 0, app_name: SAR_api-aarch64, task_id: 1171, task_name: DASH_FFT, resource_name: fft1, ref_start_time: 2116695412012189, ref_stop_time: 2116695412058449, actual_exe_time: 46260, task_app_start_time:2116690715016524, task_sched_time:2116695411979849
app_id: 0, app_name: SAR_api-aarch64, task_id: 1172, task_name: DASH_FFT, resource_name: fft2, ref_start_time: 2116695414593060, ref_stop_time: 2116695414649610, actual_exe_time: 56550, task_app_start_time:2116690715016524, task_sched_time:2116695412903010
app_id: 0, app_name: SAR_api-aarch64, task_id: 1173, task_name: DASH_FFT, resource_name: cpu1, ref_start_time: 2116695419096361, ref_stop_time: 2116695419149371, actual_exe_time: 53010, task_app_start_time:2116690715016524, task_sched_time:2116695419031201
app_id: 0, app_name: SAR_api-aarch64, task_id: 1174, task_name: DASH_FFT, resource_name: cpu2, ref_start_time: 2116695420818721, ref_stop_time: 2116695420876951, actual_exe_time: 58230, task_app_start_time:2116690715016524, task_sched_time:2116695420811281
app_id: 0, app_name: SAR_api-aarch64, task_id: 1175, task_name: DASH_FFT, resource_name: cpu3, ref_start_time: 2116695421266741, ref_stop_time: 2116695421309821, actual_exe_time: 43080, task_app_start_time:2116690715016524, task_sched_time:2116695421263141
app_id: 0, app_name: SAR_api-aarch64, task_id: 1176, task_name: DASH_FFT, resource_name: fft1, ref_start_time: 2116695422279511, ref_stop_time: 2116695422335011, actual_exe_time: 55500, task_app_start_time:2116690715016524, task_sched_time:2116695422264001
app_id: 0, app_name: SAR_api-aarch64, task_id: 1177, task_name: DASH_FFT, resource_name: fft2, ref_start_time: 2116695424997422, ref_stop_time: 2116695425045302, actual_exe_time: 47880, task_app_start_time:2116690715016524, task_sched_time:2116695422966061
app_id: 0, app_name: SAR_api-aarch64, task_id: 1178, task_name: DASH_FFT, resource_name: cpu1, ref_start_time: 2116695426089362, ref_stop_time: 2116695426156322, actual_exe_time: 66960, task_app_start_time:2116690715016524, task_sched_time:2116695426033022
app_id: 0, app_name: SAR_api-aarch64, task_id: 1179, task_name: DASH_FFT, resource_name: cpu2, ref_start_time: 2116695427126102, ref_stop_time: 2116695427174102, actual_exe_time: 48000, task_app_start_time:2116690715016524, task_sched_time:2116695427118002
app_id: 0, app_name: SAR_api-aarch64, task_id: 1180, task_name: DASH_FFT, resource_name: cpu3, ref_start_time: 2116695430588822, ref_stop_time: 2116695430656202, actual_exe_time: 67380, task_app_start_time:2116690715016524, task_sched_time:2116695427389172
app_id: 0, app_name: SAR_api-aarch64, task_id: 1181, task_name: DASH_FFT, resource_name: fft1, ref_start_time: 2116695431691743, ref_stop_time: 2116695431735273, actual_exe_time: 43530, task_app_start_time:2116690715016524, task_sched_time:2116695431639993
app_id: 0, app_name: SAR_api-aarch64, task_id: 1182, task_name: DASH_FFT, resource_name: fft2, ref_start_time: 2116695432413813, ref_stop_time: 2116695432465893, actual_exe_time: 52080, task_app_start_time:2116690715016524, task_sched_time:2116695432404273
app_id: 0, app_name: SAR_api-aarch64, task_id: 1183, task_name: DASH_FFT, resource_name: cpu1, ref_start_time: 2116695433336103, ref_stop_time: 2116695433383443, actual_exe_time: 47340, task_app_start_time:2116690715016524, task_sched_time:2116695433286903
app_id: 0, app_name: SAR_api-aarch64, task_id: 1184, task_name: DASH_FFT, resource_name: cpu2, ref_start_time: 2116695434024543, ref_stop_time: 2116695434074703, actual_exe_time: 50160, task_app_start_time:2116690715016524, task_sched_time:2116695434020823
app_id: 0, app_name: SAR_api-aarch64, task_id: 1185, task_name: DASH_FFT, resource_name: cpu3, ref_start_time: 2116695434588183, ref_stop_time: 2116695434632073, actual_exe_time: 43890, task_app_start_time:2116690715016524, task_sched_time:2116695434350313
app_id: 0, app_name: SAR_api-aarch64, task_id: 1186, task_name: DASH_FFT, resource_name: fft1, ref_start_time: 2116695435534593, ref_stop_time: 2116695435590213, actual_exe_time: 55620, task_app_start_time:2116690715016524, task_sched_time:2116695435526883
app_id: 0, app_name: SAR_api-aarch64, task_id: 1187, task_name: DASH_FFT, resource_name: fft2, ref_start_time: 2116695436297523, ref_stop_time: 2116695436336223, actual_exe_time: 38700, task_app_start_time:2116690715016524, task_sched_time:2116695436290743
app_id: 0, app_name: SAR_api-aarch64, task_id: 1188, task_name: DASH_FFT, resource_name: cpu1, ref_start_time: 2116695439021764, ref_stop_time: 2116695439089084, actual_exe_time: 67320, task_app_start_time:2116690715016524, task_sched_time:2116695439016544
app_id: 0, app_name: SAR_api-aarch64, task_id: 1189, task_name: DASH_FFT, resource_name: cpu2, ref_start_time: 2116695442586154, ref_stop_time: 2116695442638654, actual_exe_time: 52500, task_app_start_time:2116690715016524, task_sched_time:2116695441714294
app_id: 0, app_name: SAR_api-aarch64, task_id: 1190, task_name: DASH_FFT, resource_name: cpu3, ref_start_time: 2116695442890804, ref_stop_time: 2116695442949304, actual_exe_time: 58500, task_app_start_time:2116690715016524, task_sched_time:2116695442884054
app_id: 0, app_name: SAR_api-aarch64, task_id: 1191, task_name: DASH_FFT, resource_name: fft1, ref_start_time: 2116695444006505, ref_stop_time: 2116695444050695, actual_exe_time: 44190, task_app_start_time:2116690715016524, task_sched_time:2116695443995735
app_id: 0, app_name: SAR_api-aarch64, task_id: 1192, task_name: DASH_FFT, resource_name: fft2, ref_start_time: 2116695446604205, ref_stop_time: 2116695446661895, actual_exe_time: 57690, task_app_start_time:2116690715016524, task_sched_time:2116695444752515
app_id: 0, app_name: SAR_api-aarch64, task_id: 1193, task_name: DASH_FFT, resource_name: cpu1, ref_start_time: 2116695447477475, ref_stop_time: 2116695447526435, actual_exe_time: 48960, task_app_start_time:2116690715016524, task_sched_time:2116695447458455
app_id: 0, app_name: SAR_api-aarch64, task_id: 1194, task_name: DASH_FFT, resource_name: cpu2, ref_start_time: 2116695447847165, ref_stop_time: 2116695447897235, actual_exe_time: 50070, task_app_start_time:2116690715016524, task_sched_time:2116695447841075
app_id: 0, app_name: SAR_api-aarch64, task_id: 1195, task_name: DASH_FFT, resource_name: cpu3, ref_start_time: 2116695448822525, ref_stop_time: 2116695448865335, actual_exe_time: 42810, task_app_start_time:2116690715016524, task_sched_time:2116695448812595
app_id: 0, app_name: SAR_api-aarch64, task_id: 1196, task_name: DASH_FFT, resource_name: fft1, ref_start_time: 2116695449492245, ref_stop_time: 2116695449545285, actual_exe_time: 53040, task_app_start_time:2116690715016524, task_sched_time:2116695449480365
app_id: 0, app_name: SAR_api-aarch64, task_id: 1197, task_name: DASH_FFT, resource_name: fft2, ref_start_time: 2116695450611516, ref_stop_time: 2116695450651746, actual_exe_time: 40230, task_app_start_time:2116690715016524, task_sched_time:2116695450158156
app_id: 0, app_name: SAR_api-aarch64, task_id: 1198, task_name: DASH_FFT, resource_name: cpu1, ref_start_time: 2116695451527236, ref_stop_time: 2116695451597466, actual_exe_time: 70230, task_app_start_time:2116690715016524, task_sched_time:2116695451517156
app_id: 0, app_name: SAR_api-aarch64, task_id: 1199, task_name: DASH_FFT, resource_name: cpu2, ref_start_time: 2116695452533376, ref_stop_time: 2116695452577656, actual_exe_time: 44280, task_app_start_time:2116690715016524, task_sched_time:2116695452191826
app_id: 0, app_name: SAR_api-aarch64, task_id: 1200, task_name: DASH_FFT, resource_name: cpu3, ref_start_time: 2116695453647546, ref_stop_time: 2116695453703076, actual_exe_time: 55530, task_app_start_time:2116690715016524, task_sched_time:2116695453642956
app_id: 0, app_name: SAR_api-aarch64, task_id: 1201, task_name: DASH_FFT, resource_name: fft1, ref_start_time: 2116695454379096, ref_stop_time: 2116695454424456, actual_exe_time: 45360, task_app_start_time:2116690715016524, task_sched_time:2116695454321106
app_id: 0, app_name: SAR_api-aarch64, task_id: 1202, task_name: DASH_FFT, resource_name: fft2, ref_start_time: 2116695455226746, ref_stop_time: 2116695455283476, actual_exe_time: 56730, task_app_start_time:2116690715016524, task_sched_time:2116695455219426
app_id: 0, app_name: SAR_api-aarch64, task_id: 1203, task_name: DASH_FFT, resource_name: cpu1, ref_start_time: 2116695456197157, ref_stop_time: 2116695456247017, actual_exe_time: 49860, task_app_start_time:2116690715016524, task_sched_time:2116695456142677
app_id: 0, app_name: SAR_api-aarch64, task_id: 1204, task_name: DASH_FFT, resource_name: cpu2, ref_start_time: 2116695456899997, ref_stop_time: 2116695456951237, actual_exe_time: 51240, task_app_start_time:2116690715016524, task_sched_time:2116695456896487
app_id: 0, app_name: SAR_api-aarch64, task_id: 1205, task_name: DASH_FFT, resource_name: cpu3, ref_start_time: 2116695463039318, ref_stop_time: 2116695463093438, actual_exe_time: 54120, task_app_start_time:2116690715016524, task_sched_time:2116695463028578
app_id: 0, app_name: SAR_api-aarch64, task_id: 1206, task_name: DASH_FFT, resource_name: fft1, ref_start_time: 2116695463703218, ref_stop_time: 2116695464048428, actual_exe_time: 345210, task_app_start_time:2116690715016524, task_sched_time:2116695463645288
app_id: 0, app_name: SAR_api-aarch64, task_id: 1207, task_name: DASH_FFT, resource_name: fft2, ref_start_time: 2116695467315878, ref_stop_time: 2116695467356408, actual_exe_time: 40530, task_app_start_time:2116690715016524, task_sched_time:2116695467311858
app_id: 0, app_name: SAR_api-aarch64, task_id: 1208, task_name: DASH_FFT, resource_name: cpu1, ref_start_time: 2116695468789779, ref_stop_time: 2116695468858869, actual_exe_time: 69090, task_app_start_time:2116690715016524, task_sched_time:2116695468776069
app_id: 0, app_name: SAR_api-aarch64, task_id: 1209, task_name: DASH_FFT, resource_name: cpu2, ref_start_time: 2116695469680749, ref_stop_time: 2116695469723739, actual_exe_time: 42990, task_app_start_time:2116690715016524, task_sched_time:2116695469675919
app_id: 0, app_name: SAR_api-aarch64, task_id: 1210, task_name: DASH_FFT, resource_name: cpu3, ref_start_time: 2116695469934819, ref_stop_time: 2116695469992059, actual_exe_time: 57240, task_app_start_time:2116690715016524, task_sched_time:2116695469929179
app_id: 0, app_name: SAR_api-aarch64, task_id: 1211, task_name: DASH_FFT, resource_name: fft1, ref_start_time: 2116695470940179, ref_stop_time: 2116695470982359, actual_exe_time: 42180, task_app_start_time:2116690715016524, task_sched_time:2116695470937059
app_id: 0, app_name: SAR_api-aarch64, task_id: 1212, task_name: DASH_FFT, resource_name: fft2, ref_start_time: 2116695471613199, ref_stop_time: 2116695471664859, actual_exe_time: 51660, task_app_start_time:2116690715016524, task_sched_time:2116695471608699
app_id: 0, app_name: SAR_api-aarch64, task_id: 1213, task_name: DASH_FFT, resource_name: cpu1, ref_start_time: 2116695472524929, ref_stop_time: 2116695472575389, actual_exe_time: 50460, task_app_start_time:2116690715016524, task_sched_time:2116695472502639
app_id: 0, app_name: SAR_api-aarch64, task_id: 1214, task_name: DASH_FFT, resource_name: cpu2, ref_start_time: 2116695473201459, ref_stop_time: 2116695473254079, actual_exe_time: 52620, task_app_start_time:2116690715016524, task_sched_time:2116695473197829
app_id: 0, app_name: SAR_api-aarch64, task_id: 1215, task_name: DASH_FFT, resource_name: cpu3, ref_start_time: 2116695474343649, ref_stop_time: 2116695474390779, actual_exe_time: 47130, task_app_start_time:2116690715016524, task_sched_time:2116695473849699
app_id: 0, app_name: SAR_api-aarch64, task_id: 1216, task_name: DASH_FFT, resource_name: fft1, ref_start_time: 2116695479313540, ref_stop_time: 2116695479372730, actual_exe_time: 59190, task_app_start_time:2116690715016524, task_sched_time:2116695479286090
app_id: 0, app_name: SAR_api-aarch64, task_id: 1217, task_name: DASH_FFT, resource_name: fft2, ref_start_time: 2116695482607271, ref_stop_time: 2116695482648521, actual_exe_time: 41250, task_app_start_time:2116690715016524, task_sched_time:2116695482602531
app_id: 0, app_name: SAR_api-aarch64, task_id: 1218, task_name: DASH_FFT, resource_name: cpu1, ref_start_time: 2116695483071041, ref_stop_time: 2116695483134341, actual_exe_time: 63300, task_app_start_time:2116690715016524, task_sched_time:2116695483045751
app_id: 0, app_name: SAR_api-aarch64, task_id: 1219, task_name: DASH_FFT, resource_name: cpu2, ref_start_time: 2116695485992801, ref_stop_time: 2116695486037321, actual_exe_time: 44520, task_app_start_time:2116690715016524, task_sched_time:2116695485985001
app_id: 0, app_name: SAR_api-aarch64, task_id: 1220, task_name: DASH_FFT, resource_name: cpu3, ref_start_time: 2116695486779461, ref_stop_time: 2116695486840901, actual_exe_time: 61440, task_app_start_time:2116690715016524, task_sched_time:2116695486776551
app_id: 0, app_name: SAR_api-aarch64, task_id: 1221, task_name: DASH_FFT, resource_name: fft1, ref_start_time: 2116695487537352, ref_stop_time: 2116695487579772, actual_exe_time: 42420, task_app_start_time:2116690715016524, task_sched_time:2116695487522682
app_id: 0, app_name: SAR_api-aarch64, task_id: 1222, task_name: DASH_FFT, resource_name: fft2, ref_start_time: 2116695488202752, ref_stop_time: 2116695488254922, actual_exe_time: 52170, task_app_start_time:2116690715016524, task_sched_time:2116695488194052
app_id: 0, app_name: SAR_api-aarch64, task_id: 1223, task_name: DASH_FFT, resource_name: cpu1, ref_start_time: 2116695488998742, ref_stop_time: 2116695489050222, actual_exe_time: 51480, task_app_start_time:2116690715016524, task_sched_time:2116695488990522
app_id: 0, app_name: SAR_api-aarch64, task_id: 1224, task_name: DASH_FFT, resource_name: cpu2, ref_start_time: 2116695489589322, ref_stop_time: 2116695489639602, actual_exe_time: 50280, task_app_start_time:2116690715016524, task_sched_time:2116695489582422
app_id: 0, app_name: SAR_api-aarch64, task_id: 1225, task_name: DASH_FFT, resource_name: cpu3, ref_start_time: 2116695490611272, ref_stop_time: 2116695490658162, actual_exe_time: 46890, task_app_start_time:2116690715016524, task_sched_time:2116695490606952
app_id: 0, app_name: SAR_api-aarch64, task_id: 1226, task_name: DASH_FFT, resource_name: fft1, ref_start_time: 2116695491327762, ref_stop_time: 2116695491381072, actual_exe_time: 53310, task_app_start_time:2116690715016524, task_sched_time:2116695491269082
app_id: 0, app_name: SAR_api-aarch64, task_id: 1227, task_name: DASH_FFT, resource_name: fft2, ref_start_time: 2116695492145082, ref_stop_time: 2116695492184322, actual_exe_time: 39240, task_app_start_time:2116690715016524, task_sched_time:2116695492135692
app_id: 0, app_name: SAR_api-aarch64, task_id: 1228, task_name: DASH_FFT, resource_name: cpu1, ref_start_time: 2116695493234982, ref_stop_time: 2116695493300922, actual_exe_time: 65940, task_app_start_time:2116690715016524, task_sched_time:2116695493222652
app_id: 0, app_name: SAR_api-aarch64, task_id: 1229, task_name: DASH_FFT, resource_name: cpu2, ref_start_time: 2116695493980213, ref_stop_time: 2116695494022183, actual_exe_time: 41970, task_app_start_time:2116690715016524, task_sched_time:2116695493974423
app_id: 0, app_name: SAR_api-aarch64, task_id: 1230, task_name: DASH_FFT, resource_name: cpu3, ref_start_time: 2116695494580903, ref_stop_time: 2116695494639853, actual_exe_time: 58950, task_app_start_time:2116690715016524, task_sched_time:2116695494214003
app_id: 0, app_name: SAR_api-aarch64, task_id: 1231, task_name: DASH_FFT, resource_name: fft1, ref_start_time: 2116695495458253, ref_stop_time: 2116695495501633, actual_exe_time: 43380, task_app_start_time:2116690715016524, task_sched_time:2116695495446793
app_id: 0, app_name: SAR_api-aarch64, task_id: 1232, task_name: DASH_FFT, resource_name: fft2, ref_start_time: 2116695496097733, ref_stop_time: 2116695496372683, actual_exe_time: 274950, task_app_start_time:2116690715016524, task_sched_time:2116695496091073
app_id: 0, app_name: SAR_api-aarch64, task_id: 1233, task_name: DASH_FFT, resource_name: cpu1, ref_start_time: 2116695496918743, ref_stop_time: 2116695496966563, actual_exe_time: 47820, task_app_start_time:2116690715016524, task_sched_time:2116695496905063
app_id: 0, app_name: SAR_api-aarch64, task_id: 1234, task_name: DASH_FFT, resource_name: cpu2, ref_start_time: 2116695497736453, ref_stop_time: 2116695497786853, actual_exe_time: 50400, task_app_start_time:2116690715016524, task_sched_time:2116695497730423
app_id: 0, app_name: SAR_api-aarch64, task_id: 1235, task_name: DASH_FFT, resource_name: cpu3, ref_start_time: 2116695498649803, ref_stop_time: 2116695498695283, actual_exe_time: 45480, task_app_start_time:2116690715016524, task_sched_time:2116695498376983
app_id: 0, app_name: SAR_api-aarch64, task_id: 1236, task_name: DASH_FFT, resource_name: fft1, ref_start_time: 2116695499270533, ref_stop_time: 2116695499323693, actual_exe_time: 53160, task_app_start_time:2116690715016524, task_sched_time:2116695499203843
app_id: 0, app_name: SAR_api-aarch64, task_id: 1237, task_name: DASH_FFT, resource_name: fft2, ref_start_time: 2116695499927354, ref_stop_time: 2116695499965754, actual_exe_time: 38400, task_app_start_time:2116690715016524, task_sched_time:2116695499918654
app_id: 0, app_name: SAR_api-aarch64, task_id: 1238, task_name: DASH_FFT, resource_name: cpu1, ref_start_time: 2116695500977624, ref_stop_time: 2116695501033994, actual_exe_time: 56370, task_app_start_time:2116690715016524, task_sched_time:2116695500967994
app_id: 0, app_name: SAR_api-aarch64, task_id: 1239, task_name: DASH_FFT, resource_name: cpu2, ref_start_time: 2116695501543364, ref_stop_time: 2116695501584104, actual_exe_time: 40740, task_app_start_time:2116690715016524, task_sched_time:2116695501537184
app_id: 0, app_name: SAR_api-aarch64, task_id: 1240, task_name: DASH_FFT, resource_name: cpu3, ref_start_time: 2116695502600444, ref_stop_time: 2116695502657024, actual_exe_time: 56580, task_app_start_time:2116690715016524, task_sched_time:2116695502521274
app_id: 0, app_name: SAR_api-aarch64, task_id: 1241, task_name: DASH_FFT, resource_name: fft1, ref_start_time: 2116695503302144, ref_stop_time: 2116695503344294, actual_exe_time: 42150, task_app_start_time:2116690715016524, task_sched_time:2116695503293174
app_id: 0, app_name: SAR_api-aarch64, task_id: 1242, task_name: DASH_FFT, resource_name: fft2, ref_start_time: 2116695504287314, ref_stop_time: 2116695504337954, actual_exe_time: 50640, task_app_start_time:2116690715016524, task_sched_time:2116695504278224
app_id: 0, app_name: SAR_api-aarch64, task_id: 1243, task_name: DASH_FFT, resource_name: cpu1, ref_start_time: 2116695510838835, ref_stop_time: 2116695510895025, actual_exe_time: 56190, task_app_start_time:2116690715016524, task_sched_time:2116695510826415
app_id: 0, app_name: SAR_api-aarch64, task_id: 1244, task_name: DASH_FFT, resource_name: cpu2, ref_start_time: 2116695511433405, ref_stop_time: 2116695511489895, actual_exe_time: 56490, task_app_start_time:2116690715016524, task_sched_time:2116695511428215
app_id: 0, app_name: SAR_api-aarch64, task_id: 1245, task_name: DASH_FFT, resource_name: cpu3, ref_start_time: 2116695514902096, ref_stop_time: 2116695514946916, actual_exe_time: 44820, task_app_start_time:2116690715016524, task_sched_time:2116695514894296
app_id: 0, app_name: SAR_api-aarch64, task_id: 1246, task_name: DASH_FFT, resource_name: fft1, ref_start_time: 2116695518624467, ref_stop_time: 2116695519018817, actual_exe_time: 394350, task_app_start_time:2116690715016524, task_sched_time:2116695518603737
app_id: 0, app_name: SAR_api-aarch64, task_id: 1247, task_name: DASH_FFT, resource_name: fft2, ref_start_time: 2116695520425187, ref_stop_time: 2116695520464427, actual_exe_time: 39240, task_app_start_time:2116690715016524, task_sched_time:2116695520415917
app_id: 0, app_name: SAR_api-aarch64, task_id: 1248, task_name: DASH_FFT, resource_name: cpu1, ref_start_time: 2116695521842057, ref_stop_time: 2116695521906077, actual_exe_time: 64020, task_app_start_time:2116690715016524, task_sched_time:2116695521771017
app_id: 0, app_name: SAR_api-aarch64, task_id: 1249, task_name: DASH_FFT, resource_name: cpu2, ref_start_time: 2116695527008238, ref_stop_time: 2116695527404988, actual_exe_time: 396750, task_app_start_time:2116690715016524, task_sched_time:2116695527003648
app_id: 0, app_name: SAR_api-aarch64, task_id: 1250, task_name: DASH_FFT, resource_name: cpu3, ref_start_time: 2116695530878989, ref_stop_time: 2116695530938209, actual_exe_time: 59220, task_app_start_time:2116690715016524, task_sched_time:2116695530633679
app_id: 0, app_name: SAR_api-aarch64, task_id: 1251, task_name: DASH_FFT, resource_name: fft1, ref_start_time: 2116695534775809, ref_stop_time: 2116695534823239, actual_exe_time: 47430, task_app_start_time:2116690715016524, task_sched_time:2116695534772059
app_id: 0, app_name: SAR_api-aarch64, task_id: 1252, task_name: DASH_FFT, resource_name: fft2, ref_start_time: 2116695536921860, ref_stop_time: 2116695536991940, actual_exe_time: 70080, task_app_start_time:2116690715016524, task_sched_time:2116695536917630
app_id: 0, app_name: SAR_api-aarch64, task_id: 1253, task_name: DASH_FFT, resource_name: cpu1, ref_start_time: 2116695538442050, ref_stop_time: 2116695538494190, actual_exe_time: 52140, task_app_start_time:2116690715016524, task_sched_time:2116695538433350
app_id: 0, app_name: SAR_api-aarch64, task_id: 1254, task_name: DASH_FFT, resource_name: cpu2, ref_start_time: 2116695543170441, ref_stop_time: 2116695543238271, actual_exe_time: 67830, task_app_start_time:2116690715016524, task_sched_time:2116695543163451
app_id: 0, app_name: SAR_api-aarch64, task_id: 1255, task_name: DASH_FFT, resource_name: cpu3, ref_start_time: 2116695543908171, ref_stop_time: 2116695543951251, actual_exe_time: 43080, task_app_start_time:2116690715016524, task_sched_time:2116695543902801
app_id: 0, app_name: SAR_api-aarch64, task_id: 1256, task_name: DASH_FFT, resource_name: fft1, ref_start_time: 2116695547114901, ref_stop_time: 2116695547169651, actual_exe_time: 54750, task_app_start_time:2116690715016524, task_sched_time:2116695547100771
app_id: 0, app_name: SAR_api-aarch64, task_id: 1257, task_name: DASH_FFT, resource_name: fft2, ref_start_time: 2116695550748622, ref_stop_time: 2116695550788882, actual_exe_time: 40260, task_app_start_time:2116690715016524, task_sched_time:2116695550744782
app_id: 0, app_name: SAR_api-aarch64, task_id: 1258, task_name: DASH_FFT, resource_name: cpu1, ref_start_time: 2116695553948332, ref_stop_time: 2116695554011692, actual_exe_time: 63360, task_app_start_time:2116690715016524, task_sched_time:2116695553895772
app_id: 0, app_name: SAR_api-aarch64, task_id: 1259, task_name: DASH_FFT, resource_name: cpu2, ref_start_time: 2116695555044172, ref_stop_time: 2116695555089532, actual_exe_time: 45360, task_app_start_time:2116690715016524, task_sched_time:2116695555036672
app_id: 0, app_name: SAR_api-aarch64, task_id: 1260, task_name: DASH_FFT, resource_name: cpu3, ref_start_time: 2116695556135633, ref_stop_time: 2116695556194193, actual_exe_time: 58560, task_app_start_time:2116690715016524, task_sched_time:2116695556127383
app_id: 0, app_name: SAR_api-aarch64, task_id: 1261, task_name: DASH_FFT, resource_name: fft1, ref_start_time: 2116695562611884, ref_stop_time: 2116695562668674, actual_exe_time: 56790, task_app_start_time:2116690715016524, task_sched_time:2116695562601534
app_id: 0, app_name: SAR_api-aarch64, task_id: 1262, task_name: DASH_FFT, resource_name: fft2, ref_start_time: 2116695563456264, ref_stop_time: 2116695563510654, actual_exe_time: 54390, task_app_start_time:2116690715016524, task_sched_time:2116695563448854
app_id: 0, app_name: SAR_api-aarch64, task_id: 1263, task_name: DASH_FFT, resource_name: cpu1, ref_start_time: 2116695566740394, ref_stop_time: 2116695566792114, actual_exe_time: 51720, task_app_start_time:2116690715016524, task_sched_time:2116695566732474
app_id: 0, app_name: SAR_api-aarch64, task_id: 1264, task_name: DASH_FFT, resource_name: cpu2, ref_start_time: 2116695569786265, ref_stop_time: 2116695569846145, actual_exe_time: 59880, task_app_start_time:2116690715016524, task_sched_time:2116695569777175
app_id: 0, app_name: SAR_api-aarch64, task_id: 1265, task_name: DASH_FFT, resource_name: cpu3, ref_start_time: 2116695571518435, ref_stop_time: 2116695571563945, actual_exe_time: 45510, task_app_start_time:2116690715016524, task_sched_time:2116695571512975
app_id: 0, app_name: SAR_api-aarch64, task_id: 1266, task_name: DASH_FFT, resource_name: fft1, ref_start_time: 2116695578735296, ref_stop_time: 2116695578795836, actual_exe_time: 60540, task_app_start_time:2116690715016524, task_sched_time:2116695578729746
app_id: 0, app_name: SAR_api-aarch64, task_id: 1267, task_name: DASH_FFT, resource_name: fft2, ref_start_time: 2116695584025137, ref_stop_time: 2116695584069507, actual_exe_time: 44370, task_app_start_time:2116690715016524, task_sched_time:2116695584015237
app_id: 0, app_name: SAR_api-aarch64, task_id: 1268, task_name: DASH_FFT, resource_name: cpu1, ref_start_time: 2116695585329057, ref_stop_time: 2116695585406157, actual_exe_time: 77100, task_app_start_time:2116690715016524, task_sched_time:2116695585237977
app_id: 0, app_name: SAR_api-aarch64, task_id: 1269, task_name: DASH_FFT, resource_name: cpu2, ref_start_time: 2116695590755158, ref_stop_time: 2116695590807598, actual_exe_time: 52440, task_app_start_time:2116690715016524, task_sched_time:2116695590750178
app_id: 0, app_name: SAR_api-aarch64, task_id: 1270, task_name: DASH_FFT, resource_name: cpu3, ref_start_time: 2116695598081819, ref_stop_time: 2116695598150039, actual_exe_time: 68220, task_app_start_time:2116690715016524, task_sched_time:2116695598076059
app_id: 0, app_name: SAR_api-aarch64, task_id: 1271, task_name: DASH_FFT, resource_name: fft1, ref_start_time: 2116695599157260, ref_stop_time: 2116695599203190, actual_exe_time: 45930, task_app_start_time:2116690715016524, task_sched_time:2116695599153780
app_id: 0, app_name: SAR_api-aarch64, task_id: 1272, task_name: DASH_FFT, resource_name: fft2, ref_start_time: 2116695602729900, ref_stop_time: 2116695602791070, actual_exe_time: 61170, task_app_start_time:2116690715016524, task_sched_time:2116695602719790
app_id: 0, app_name: SAR_api-aarch64, task_id: 1273, task_name: DASH_FFT, resource_name: cpu1, ref_start_time: 2116695610812981, ref_stop_time: 2116695610869711, actual_exe_time: 56730, task_app_start_time:2116690715016524, task_sched_time:2116695610803351
app_id: 0, app_name: SAR_api-aarch64, task_id: 1274, task_name: DASH_FFT, resource_name: cpu2, ref_start_time: 2116695613478212, ref_stop_time: 2116695613541932, actual_exe_time: 63720, task_app_start_time:2116690715016524, task_sched_time:2116695613474372
app_id: 0, app_name: SAR_api-aarch64, task_id: 1275, task_name: DASH_FFT, resource_name: cpu3, ref_start_time: 2116695619177163, ref_stop_time: 2116695619232423, actual_exe_time: 55260, task_app_start_time:2116690715016524, task_sched_time:2116695619167323
app_id: 0, app_name: SAR_api-aarch64, task_id: 1276, task_name: DASH_FFT, resource_name: fft1, ref_start_time: 2116695623250113, ref_stop_time: 2116695623308433, actual_exe_time: 58320, task_app_start_time:2116690715016524, task_sched_time:2116695623177063
app_id: 0, app_name: SAR_api-aarch64, task_id: 1277, task_name: DASH_FFT, resource_name: fft2, ref_start_time: 2116695626519004, ref_stop_time: 2116695626569134, actual_exe_time: 50130, task_app_start_time:2116690715016524, task_sched_time:2116695626511894
app_id: 0, app_name: SAR_api-aarch64, task_id: 1278, task_name: DASH_FFT, resource_name: cpu1, ref_start_time: 2116695628162794, ref_stop_time: 2116695628225224, actual_exe_time: 62430, task_app_start_time:2116690715016524, task_sched_time:2116695628152384
app_id: 0, app_name: SAR_api-aarch64, task_id: 1279, task_name: DASH_FFT, resource_name: cpu2, ref_start_time: 2116695634851655, ref_stop_time: 2116695634909015, actual_exe_time: 57360, task_app_start_time:2116690715016524, task_sched_time:2116695634841215
app_id: 0, app_name: SAR_api-aarch64, task_id: 1280, task_name: DASH_FFT, resource_name: cpu3, ref_start_time: 2116695638638196, ref_stop_time: 2116695638726636, actual_exe_time: 88440, task_app_start_time:2116690715016524, task_sched_time:2116695638632526
app_id: 0, app_name: SAR_api-aarch64, task_id: 1281, task_name: DASH_ZIP, resource_name: zip1, ref_start_time: 2116695642331706, ref_stop_time: 2116695642469827, actual_exe_time: 138121, task_app_start_time:2116690715016524, task_sched_time:2116695642216896
app_id: 0, app_name: SAR_api-aarch64, task_id: 1282, task_name: DASH_FFT, resource_name: cpu1, ref_start_time: 2116695646907547, ref_stop_time: 2116695646964037, actual_exe_time: 56490, task_app_start_time:2116690715016524, task_sched_time:2116695646792827
app_id: 0, app_name: SAR_api-aarch64, task_id: 1283, task_name: DASH_ZIP, resource_name: cpu2, ref_start_time: 2116695654691138, ref_stop_time: 2116695654777718, actual_exe_time: 86580, task_app_start_time:2116690715016524, task_sched_time:2116695654685528
app_id: 0, app_name: SAR_api-aarch64, task_id: 1284, task_name: DASH_FFT, resource_name: cpu3, ref_start_time: 2116695656461679, ref_stop_time: 2116695656521379, actual_exe_time: 59700, task_app_start_time:2116690715016524, task_sched_time:2116695656454179
app_id: 0, app_name: SAR_api-aarch64, task_id: 1285, task_name: DASH_ZIP, resource_name: zip1, ref_start_time: 2116695666820770, ref_stop_time: 2116695666946200, actual_exe_time: 125430, task_app_start_time:2116690715016524, task_sched_time:2116695666811170
app_id: 0, app_name: SAR_api-aarch64, task_id: 1286, task_name: DASH_FFT, resource_name: cpu1, ref_start_time: 2116695670268551, ref_stop_time: 2116695670330411, actual_exe_time: 61860, task_app_start_time:2116690715016524, task_sched_time:2116695670261171
app_id: 0, app_name: SAR_api-aarch64, task_id: 1287, task_name: DASH_ZIP, resource_name: cpu2, ref_start_time: 2116695674335952, ref_stop_time: 2116695674415722, actual_exe_time: 79770, task_app_start_time:2116690715016524, task_sched_time:2116695674197982
app_id: 0, app_name: SAR_api-aarch64, task_id: 1288, task_name: DASH_FFT, resource_name: cpu3, ref_start_time: 2116695674818052, ref_stop_time: 2116695674881652, actual_exe_time: 63600, task_app_start_time:2116690715016524, task_sched_time:2116695674808452
app_id: 0, app_name: SAR_api-aarch64, task_id: 1289, task_name: DASH_ZIP, resource_name: zip1, ref_start_time: 2116695676224272, ref_stop_time: 2116695676346252, actual_exe_time: 121980, task_app_start_time:2116690715016524, task_sched_time:2116695676218182
app_id: 0, app_name: SAR_api-aarch64, task_id: 1290, task_name: DASH_FFT, resource_name: cpu1, ref_start_time: 2116695677047262, ref_stop_time: 2116695677098862, actual_exe_time: 51600, task_app_start_time:2116690715016524, task_sched_time:2116695677019362
app_id: 0, app_name: SAR_api-aarch64, task_id: 1291, task_name: DASH_ZIP, resource_name: cpu2, ref_start_time: 2116695678698312, ref_stop_time: 2116695678774482, actual_exe_time: 76170, task_app_start_time:2116690715016524, task_sched_time:2116695677850542
app_id: 0, app_name: SAR_api-aarch64, task_id: 1292, task_name: DASH_FFT, resource_name: cpu3, ref_start_time: 2116695682905273, ref_stop_time: 2116695682971393, actual_exe_time: 66120, task_app_start_time:2116690715016524, task_sched_time:2116695682899753
app_id: 0, app_name: SAR_api-aarch64, task_id: 1293, task_name: DASH_ZIP, resource_name: zip1, ref_start_time: 2116695690875914, ref_stop_time: 2116695691000174, actual_exe_time: 124260, task_app_start_time:2116690715016524, task_sched_time:2116695688333324
app_id: 0, app_name: SAR_api-aarch64, task_id: 1294, task_name: DASH_FFT, resource_name: cpu1, ref_start_time: 2116695691388134, ref_stop_time: 2116695691443094, actual_exe_time: 54960, task_app_start_time:2116690715016524, task_sched_time:2116695691285444
app_id: 0, app_name: SAR_api-aarch64, task_id: 1295, task_name: DASH_ZIP, resource_name: cpu2, ref_start_time: 2116695692815085, ref_stop_time: 2116695692892215, actual_exe_time: 77130, task_app_start_time:2116690715016524, task_sched_time:2116695692810765
app_id: 0, app_name: SAR_api-aarch64, task_id: 1296, task_name: DASH_FFT, resource_name: cpu3, ref_start_time: 2116695694582475, ref_stop_time: 2116695694655585, actual_exe_time: 73110, task_app_start_time:2116690715016524, task_sched_time:2116695693453635
app_id: 0, app_name: SAR_api-aarch64, task_id: 1297, task_name: DASH_ZIP, resource_name: zip1, ref_start_time: 2116695698127065, ref_stop_time: 2116695698252975, actual_exe_time: 125910, task_app_start_time:2116690715016524, task_sched_time:2116695695620985
app_id: 0, app_name: SAR_api-aarch64, task_id: 1298, task_name: DASH_FFT, resource_name: cpu1, ref_start_time: 2116695702596376, ref_stop_time: 2116695702653766, actual_exe_time: 57390, task_app_start_time:2116690715016524, task_sched_time:2116695702530526
app_id: 0, app_name: SAR_api-aarch64, task_id: 1299, task_name: DASH_ZIP, resource_name: cpu2, ref_start_time: 2116695706584847, ref_stop_time: 2116695706664407, actual_exe_time: 79560, task_app_start_time:2116690715016524, task_sched_time:2116695703496016
app_id: 0, app_name: SAR_api-aarch64, task_id: 1300, task_name: DASH_FFT, resource_name: cpu3, ref_start_time: 2116695707400697, ref_stop_time: 2116695707469277, actual_exe_time: 68580, task_app_start_time:2116690715016524, task_sched_time:2116695707397367
app_id: 0, app_name: SAR_api-aarch64, task_id: 1301, task_name: DASH_ZIP, resource_name: zip1, ref_start_time: 2116695708157087, ref_stop_time: 2116695708275707, actual_exe_time: 118620, task_app_start_time:2116690715016524, task_sched_time:2116695708150337
app_id: 0, app_name: SAR_api-aarch64, task_id: 1302, task_name: DASH_FFT, resource_name: cpu1, ref_start_time: 2116695708873607, ref_stop_time: 2116695708921277, actual_exe_time: 47670, task_app_start_time:2116690715016524, task_sched_time:2116695708854467
app_id: 0, app_name: SAR_api-aarch64, task_id: 1303, task_name: DASH_ZIP, resource_name: cpu2, ref_start_time: 2116695713113928, ref_stop_time: 2116695713193308, actual_exe_time: 79380, task_app_start_time:2116690715016524, task_sched_time:2116695709674067
app_id: 0, app_name: SAR_api-aarch64, task_id: 1304, task_name: DASH_FFT, resource_name: cpu3, ref_start_time: 2116695714367808, ref_stop_time: 2116695714431078, actual_exe_time: 63270, task_app_start_time:2116690715016524, task_sched_time:2116695714360518
app_id: 0, app_name: SAR_api-aarch64, task_id: 1305, task_name: DASH_ZIP, resource_name: zip1, ref_start_time: 2116695715474088, ref_stop_time: 2116695715594208, actual_exe_time: 120120, task_app_start_time:2116690715016524, task_sched_time:2116695715470578
app_id: 0, app_name: SAR_api-aarch64, task_id: 1306, task_name: DASH_FFT, resource_name: cpu1, ref_start_time: 2116695715887038, ref_stop_time: 2116695715935338, actual_exe_time: 48300, task_app_start_time:2116690715016524, task_sched_time:2116695715838648
app_id: 0, app_name: SAR_api-aarch64, task_id: 1307, task_name: DASH_ZIP, resource_name: cpu2, ref_start_time: 2116695716949188, ref_stop_time: 2116695717022659, actual_exe_time: 73471, task_app_start_time:2116690715016524, task_sched_time:2116695716939558
app_id: 0, app_name: SAR_api-aarch64, task_id: 1308, task_name: DASH_FFT, resource_name: cpu3, ref_start_time: 2116695717575499, ref_stop_time: 2116695717628989, actual_exe_time: 53490, task_app_start_time:2116690715016524, task_sched_time:2116695717571089
app_id: 0, app_name: SAR_api-aarch64, task_id: 1309, task_name: DASH_ZIP, resource_name: zip1, ref_start_time: 2116695718140729, ref_stop_time: 2116695718257189, actual_exe_time: 116460, task_app_start_time:2116690715016524, task_sched_time:2116695718136799
app_id: 0, app_name: SAR_api-aarch64, task_id: 1310, task_name: DASH_FFT, resource_name: cpu1, ref_start_time: 2116695722970189, ref_stop_time: 2116695723028689, actual_exe_time: 58500, task_app_start_time:2116690715016524, task_sched_time:2116695722921769
app_id: 0, app_name: SAR_api-aarch64, task_id: 1311, task_name: DASH_ZIP, resource_name: cpu2, ref_start_time: 2116695726920620, ref_stop_time: 2116695726999850, actual_exe_time: 79230, task_app_start_time:2116690715016524, task_sched_time:2116695726833080
app_id: 0, app_name: SAR_api-aarch64, task_id: 1312, task_name: DASH_FFT, resource_name: cpu3, ref_start_time: 2116695727199860, ref_stop_time: 2116695727266460, actual_exe_time: 66600, task_app_start_time:2116690715016524, task_sched_time:2116695727194130
app_id: 0, app_name: SAR_api-aarch64, task_id: 1313, task_name: DASH_ZIP, resource_name: zip1, ref_start_time: 2116695730588841, ref_stop_time: 2116695730710671, actual_exe_time: 121830, task_app_start_time:2116690715016524, task_sched_time:2116695730578821
app_id: 0, app_name: SAR_api-aarch64, task_id: 1314, task_name: DASH_FFT, resource_name: cpu1, ref_start_time: 2116695731392151, ref_stop_time: 2116695731442071, actual_exe_time: 49920, task_app_start_time:2116690715016524, task_sched_time:2116695731356841
app_id: 0, app_name: SAR_api-aarch64, task_id: 1315, task_name: DASH_ZIP, resource_name: cpu2, ref_start_time: 2116695733991231, ref_stop_time: 2116695734066501, actual_exe_time: 75270, task_app_start_time:2116690715016524, task_sched_time:2116695733986431
app_id: 0, app_name: SAR_api-aarch64, task_id: 1316, task_name: DASH_FFT, resource_name: cpu3, ref_start_time: 2116695734928431, ref_stop_time: 2116695734987021, actual_exe_time: 58590, task_app_start_time:2116690715016524, task_sched_time:2116695734922461
app_id: 0, app_name: SAR_api-aarch64, task_id: 1317, task_name: DASH_ZIP, resource_name: zip1, ref_start_time: 2116695739051062, ref_stop_time: 2116695739175682, actual_exe_time: 124620, task_app_start_time:2116690715016524, task_sched_time:2116695739046502
app_id: 0, app_name: SAR_api-aarch64, task_id: 1318, task_name: DASH_FFT, resource_name: cpu1, ref_start_time: 2116695739929012, ref_stop_time: 2116695739981242, actual_exe_time: 52230, task_app_start_time:2116690715016524, task_sched_time:2116695739890012
app_id: 0, app_name: SAR_api-aarch64, task_id: 1319, task_name: DASH_ZIP, resource_name: cpu2, ref_start_time: 2116695742846123, ref_stop_time: 2116695742926163, actual_exe_time: 80040, task_app_start_time:2116690715016524, task_sched_time:2116695742841233
app_id: 0, app_name: SAR_api-aarch64, task_id: 1320, task_name: DASH_FFT, resource_name: cpu3, ref_start_time: 2116695744269683, ref_stop_time: 2116695744330223, actual_exe_time: 60540, task_app_start_time:2116690715016524, task_sched_time:2116695744265693
app_id: 0, app_name: SAR_api-aarch64, task_id: 1321, task_name: DASH_ZIP, resource_name: zip1, ref_start_time: 2116695747552733, ref_stop_time: 2116695747671593, actual_exe_time: 118860, task_app_start_time:2116690715016524, task_sched_time:2116695747543223
app_id: 0, app_name: SAR_api-aarch64, task_id: 1322, task_name: DASH_FFT, resource_name: cpu1, ref_start_time: 2116695750807224, ref_stop_time: 2116695750860474, actual_exe_time: 53250, task_app_start_time:2116690715016524, task_sched_time:2116695750797864
app_id: 0, app_name: SAR_api-aarch64, task_id: 1323, task_name: DASH_ZIP, resource_name: cpu2, ref_start_time: 2116695751117274, ref_stop_time: 2116695751192094, actual_exe_time: 74820, task_app_start_time:2116690715016524, task_sched_time:2116695751112144
app_id: 0, app_name: SAR_api-aarch64, task_id: 1324, task_name: DASH_FFT, resource_name: cpu3, ref_start_time: 2116695752825324, ref_stop_time: 2116695752880554, actual_exe_time: 55230, task_app_start_time:2116690715016524, task_sched_time:2116695752821334
app_id: 0, app_name: SAR_api-aarch64, task_id: 1325, task_name: DASH_ZIP, resource_name: zip1, ref_start_time: 2116695754477905, ref_stop_time: 2116695754599255, actual_exe_time: 121350, task_app_start_time:2116690715016524, task_sched_time:2116695754471215
app_id: 0, app_name: SAR_api-aarch64, task_id: 1326, task_name: DASH_FFT, resource_name: cpu1, ref_start_time: 2116695758836245, ref_stop_time: 2116695758894445, actual_exe_time: 58200, task_app_start_time:2116690715016524, task_sched_time:2116695758776005
app_id: 0, app_name: SAR_api-aarch64, task_id: 1327, task_name: DASH_ZIP, resource_name: cpu2, ref_start_time: 2116695759789885, ref_stop_time: 2116695762878806, actual_exe_time: 3088921, task_app_start_time:2116690715016524, task_sched_time:2116695759785775
app_id: 0, app_name: SAR_api-aarch64, task_id: 1328, task_name: DASH_FFT, resource_name: cpu3, ref_start_time: 2116695763623556, ref_stop_time: 2116695763684126, actual_exe_time: 60570, task_app_start_time:2116690715016524, task_sched_time:2116695763618606
app_id: 0, app_name: SAR_api-aarch64, task_id: 1329, task_name: DASH_ZIP, resource_name: zip1, ref_start_time: 2116695767113547, ref_stop_time: 2116695767235047, actual_exe_time: 121500, task_app_start_time:2116690715016524, task_sched_time:2116695767108567
app_id: 0, app_name: SAR_api-aarch64, task_id: 1330, task_name: DASH_FFT, resource_name: cpu1, ref_start_time: 2116695770698907, ref_stop_time: 2116695770759537, actual_exe_time: 60630, task_app_start_time:2116690715016524, task_sched_time:2116695770695877
app_id: 0, app_name: SAR_api-aarch64, task_id: 1331, task_name: DASH_ZIP, resource_name: cpu2, ref_start_time: 2116695771548927, ref_stop_time: 2116695771623267, actual_exe_time: 74340, task_app_start_time:2116690715016524, task_sched_time:2116695771545657
app_id: 0, app_name: SAR_api-aarch64, task_id: 1332, task_name: DASH_FFT, resource_name: cpu3, ref_start_time: 2116695772145807, ref_stop_time: 2116695772200737, actual_exe_time: 54930, task_app_start_time:2116690715016524, task_sched_time:2116695772141727
app_id: 0, app_name: SAR_api-aarch64, task_id: 1333, task_name: DASH_ZIP, resource_name: zip1, ref_start_time: 2116695775025238, ref_stop_time: 2116695775147908, actual_exe_time: 122670, task_app_start_time:2116690715016524, task_sched_time:2116695775018218
app_id: 0, app_name: SAR_api-aarch64, task_id: 1334, task_name: DASH_FFT, resource_name: cpu1, ref_start_time: 2116695779535319, ref_stop_time: 2116695779591029, actual_exe_time: 55710, task_app_start_time:2116690715016524, task_sched_time:2116695779489839
app_id: 0, app_name: SAR_api-aarch64, task_id: 1335, task_name: DASH_ZIP, resource_name: cpu2, ref_start_time: 2116695782740849, ref_stop_time: 2116695782817889, actual_exe_time: 77040, task_app_start_time:2116690715016524, task_sched_time:2116695782734099
app_id: 0, app_name: SAR_api-aarch64, task_id: 1336, task_name: DASH_FFT, resource_name: cpu3, ref_start_time: 2116695783065149, ref_stop_time: 2116695783122989, actual_exe_time: 57840, task_app_start_time:2116690715016524, task_sched_time:2116695783057289
app_id: 0, app_name: SAR_api-aarch64, task_id: 1337, task_name: DASH_ZIP, resource_name: zip1, ref_start_time: 2116695786903980, ref_stop_time: 2116695787027760, actual_exe_time: 123780, task_app_start_time:2116690715016524, task_sched_time:2116695786897620
app_id: 0, app_name: SAR_api-aarch64, task_id: 1338, task_name: DASH_FFT, resource_name: cpu1, ref_start_time: 2116695787856300, ref_stop_time: 2116695787907510, actual_exe_time: 51210, task_app_start_time:2116690715016524, task_sched_time:2116695787779920
app_id: 0, app_name: SAR_api-aarch64, task_id: 1339, task_name: DASH_ZIP, resource_name: cpu2, ref_start_time: 2116695790510580, ref_stop_time: 2116695790598960, actual_exe_time: 88380, task_app_start_time:2116690715016524, task_sched_time:2116695790506770
app_id: 0, app_name: SAR_api-aarch64, task_id: 1340, task_name: DASH_FFT, resource_name: cpu3, ref_start_time: 2116695791957121, ref_stop_time: 2116695792017391, actual_exe_time: 60270, task_app_start_time:2116690715016524, task_sched_time:2116695791950161
app_id: 0, app_name: SAR_api-aarch64, task_id: 1341, task_name: DASH_ZIP, resource_name: zip1, ref_start_time: 2116695794988561, ref_stop_time: 2116695795116211, actual_exe_time: 127650, task_app_start_time:2116690715016524, task_sched_time:2116695794983851
app_id: 0, app_name: SAR_api-aarch64, task_id: 1342, task_name: DASH_FFT, resource_name: cpu1, ref_start_time: 2116695798965782, ref_stop_time: 2116695799022992, actual_exe_time: 57210, task_app_start_time:2116690715016524, task_sched_time:2116695798934402
app_id: 0, app_name: SAR_api-aarch64, task_id: 1343, task_name: DASH_ZIP, resource_name: cpu2, ref_start_time: 2116695800304802, ref_stop_time: 2116695800386552, actual_exe_time: 81750, task_app_start_time:2116690715016524, task_sched_time:2116695800257552
app_id: 0, app_name: SAR_api-aarch64, task_id: 1344, task_name: DASH_FFT, resource_name: cpu3, ref_start_time: 2116695803106232, ref_stop_time: 2116695803166922, actual_exe_time: 60690, task_app_start_time:2116690715016524, task_sched_time:2116695803097952
app_id: 0, app_name: SAR_api-aarch64, task_id: 1345, task_name: DASH_ZIP, resource_name: zip1, ref_start_time: 2116695806718263, ref_stop_time: 2116695806838953, actual_exe_time: 120690, task_app_start_time:2116690715016524, task_sched_time:2116695806711003
app_id: 0, app_name: SAR_api-aarch64, task_id: 1346, task_name: DASH_FFT, resource_name: cpu1, ref_start_time: 2116695809102993, ref_stop_time: 2116695809156573, actual_exe_time: 53580, task_app_start_time:2116690715016524, task_sched_time:2116695809073653
app_id: 0, app_name: SAR_api-aarch64, task_id: 1347, task_name: DASH_ZIP, resource_name: cpu2, ref_start_time: 2116695810679734, ref_stop_time: 2116695810756684, actual_exe_time: 76950, task_app_start_time:2116690715016524, task_sched_time:2116695810673524
app_id: 0, app_name: SAR_api-aarch64, task_id: 1348, task_name: DASH_FFT, resource_name: cpu3, ref_start_time: 2116695814905174, ref_stop_time: 2116695814969974, actual_exe_time: 64800, task_app_start_time:2116690715016524, task_sched_time:2116695814895124
app_id: 0, app_name: SAR_api-aarch64, task_id: 1349, task_name: DASH_ZIP, resource_name: zip1, ref_start_time: 2116695823097816, ref_stop_time: 2116695823225766, actual_exe_time: 127950, task_app_start_time:2116690715016524, task_sched_time:2116695823089536
app_id: 0, app_name: SAR_api-aarch64, task_id: 1350, task_name: DASH_FFT, resource_name: cpu1, ref_start_time: 2116695826733066, ref_stop_time: 2116695826791896, actual_exe_time: 58830, task_app_start_time:2116690715016524, task_sched_time:2116695826728146
app_id: 0, app_name: SAR_api-aarch64, task_id: 1351, task_name: DASH_ZIP, resource_name: cpu2, ref_start_time: 2116695834816507, ref_stop_time: 2116695834898017, actual_exe_time: 81510, task_app_start_time:2116690715016524, task_sched_time:2116695834806697
app_id: 0, app_name: SAR_api-aarch64, task_id: 1352, task_name: DASH_FFT, resource_name: cpu3, ref_start_time: 2116695838386808, ref_stop_time: 2116695838449448, actual_exe_time: 62640, task_app_start_time:2116690715016524, task_sched_time:2116695838381648
app_id: 0, app_name: SAR_api-aarch64, task_id: 1353, task_name: DASH_ZIP, resource_name: zip1, ref_start_time: 2116695842268029, ref_stop_time: 2116695842390549, actual_exe_time: 122520, task_app_start_time:2116690715016524, task_sched_time:2116695842259329
app_id: 0, app_name: SAR_api-aarch64, task_id: 1354, task_name: DASH_FFT, resource_name: cpu1, ref_start_time: 2116695846807419, ref_stop_time: 2116695846863879, actual_exe_time: 56460, task_app_start_time:2116690715016524, task_sched_time:2116695846771179
app_id: 0, app_name: SAR_api-aarch64, task_id: 1355, task_name: DASH_ZIP, resource_name: cpu2, ref_start_time: 2116695851061060, ref_stop_time: 2116695851138580, actual_exe_time: 77520, task_app_start_time:2116690715016524, task_sched_time:2116695851055810
app_id: 0, app_name: SAR_api-aarch64, task_id: 1356, task_name: DASH_FFT, resource_name: cpu3, ref_start_time: 2116695853909951, ref_stop_time: 2116695853978231, actual_exe_time: 68280, task_app_start_time:2116690715016524, task_sched_time:2116695853902541
app_id: 0, app_name: SAR_api-aarch64, task_id: 1357, task_name: DASH_ZIP, resource_name: zip1, ref_start_time: 2116695855339091, ref_stop_time: 2116695855460921, actual_exe_time: 121830, task_app_start_time:2116690715016524, task_sched_time:2116695855334591
app_id: 0, app_name: SAR_api-aarch64, task_id: 1358, task_name: DASH_FFT, resource_name: cpu1, ref_start_time: 2116695860276972, ref_stop_time: 2116695860342402, actual_exe_time: 65430, task_app_start_time:2116690715016524, task_sched_time:2116695860267072
app_id: 0, app_name: SAR_api-aarch64, task_id: 1359, task_name: DASH_ZIP, resource_name: cpu2, ref_start_time: 2116695862590272, ref_stop_time: 2116695862668122, actual_exe_time: 77850, task_app_start_time:2116690715016524, task_sched_time:2116695861252302
app_id: 0, app_name: SAR_api-aarch64, task_id: 1360, task_name: DASH_FFT, resource_name: cpu3, ref_start_time: 2116695863265182, ref_stop_time: 2116695863325902, actual_exe_time: 60720, task_app_start_time:2116690715016524, task_sched_time:2116695863256122
app_id: 0, app_name: SAR_api-aarch64, task_id: 1361, task_name: DASH_ZIP, resource_name: zip1, ref_start_time: 2116695864003662, ref_stop_time: 2116695864123932, actual_exe_time: 120270, task_app_start_time:2116690715016524, task_sched_time:2116695863998382
app_id: 0, app_name: SAR_api-aarch64, task_id: 1362, task_name: DASH_FFT, resource_name: cpu1, ref_start_time: 2116695864876152, ref_stop_time: 2116695864927422, actual_exe_time: 51270, task_app_start_time:2116690715016524, task_sched_time:2116695864860852
app_id: 0, app_name: SAR_api-aarch64, task_id: 1363, task_name: DASH_ZIP, resource_name: cpu2, ref_start_time: 2116695866581863, ref_stop_time: 2116695866659713, actual_exe_time: 77850, task_app_start_time:2116690715016524, task_sched_time:2116695865244222
app_id: 0, app_name: SAR_api-aarch64, task_id: 1364, task_name: DASH_FFT, resource_name: cpu3, ref_start_time: 2116695867648333, ref_stop_time: 2116695867707733, actual_exe_time: 59400, task_app_start_time:2116690715016524, task_sched_time:2116695867639123
app_id: 0, app_name: SAR_api-aarch64, task_id: 1365, task_name: DASH_ZIP, resource_name: zip1, ref_start_time: 2116695868525023, ref_stop_time: 2116695868811853, actual_exe_time: 286830, task_app_start_time:2116690715016524, task_sched_time:2116695868519953
app_id: 0, app_name: SAR_api-aarch64, task_id: 1366, task_name: DASH_FFT, resource_name: cpu1, ref_start_time: 2116695869462043, ref_stop_time: 2116695869513433, actual_exe_time: 51390, task_app_start_time:2116690715016524, task_sched_time:2116695869388813
app_id: 0, app_name: SAR_api-aarch64, task_id: 1367, task_name: DASH_ZIP, resource_name: cpu2, ref_start_time: 2116695870346503, ref_stop_time: 2116695870421683, actual_exe_time: 75180, task_app_start_time:2116690715016524, task_sched_time:2116695870337053
app_id: 0, app_name: SAR_api-aarch64, task_id: 1368, task_name: DASH_FFT, resource_name: cpu3, ref_start_time: 2116695870777903, ref_stop_time: 2116695870832743, actual_exe_time: 54840, task_app_start_time:2116690715016524, task_sched_time:2116695870775113
app_id: 0, app_name: SAR_api-aarch64, task_id: 1369, task_name: DASH_ZIP, resource_name: zip1, ref_start_time: 2116695874863184, ref_stop_time: 2116695874989334, actual_exe_time: 126150, task_app_start_time:2116690715016524, task_sched_time:2116695874852174
app_id: 0, app_name: SAR_api-aarch64, task_id: 1370, task_name: DASH_FFT, resource_name: cpu1, ref_start_time: 2116695879035885, ref_stop_time: 2116695879095315, actual_exe_time: 59430, task_app_start_time:2116690715016524, task_sched_time:2116695879029915
app_id: 0, app_name: SAR_api-aarch64, task_id: 1371, task_name: DASH_ZIP, resource_name: cpu2, ref_start_time: 2116695879358505, ref_stop_time: 2116695879434465, actual_exe_time: 75960, task_app_start_time:2116690715016524, task_sched_time:2116695879353795
app_id: 0, app_name: SAR_api-aarch64, task_id: 1372, task_name: DASH_FFT, resource_name: cpu3, ref_start_time: 2116695882821315, ref_stop_time: 2116695882890225, actual_exe_time: 68910, task_app_start_time:2116690715016524, task_sched_time:2116695882815885
app_id: 0, app_name: SAR_api-aarch64, task_id: 1373, task_name: DASH_ZIP, resource_name: zip1, ref_start_time: 2116695886659156, ref_stop_time: 2116695886785006, actual_exe_time: 125850, task_app_start_time:2116690715016524, task_sched_time:2116695886655256
app_id: 0, app_name: SAR_api-aarch64, task_id: 1374, task_name: DASH_FFT, resource_name: cpu1, ref_start_time: 2116695887527386, ref_stop_time: 2116695887577336, actual_exe_time: 49950, task_app_start_time:2116690715016524, task_sched_time:2116695887456256
app_id: 0, app_name: SAR_api-aarch64, task_id: 1375, task_name: DASH_ZIP, resource_name: cpu2, ref_start_time: 2116695889298616, ref_stop_time: 2116695889374846, actual_exe_time: 76230, task_app_start_time:2116690715016524, task_sched_time:2116695889290456
app_id: 0, app_name: SAR_api-aarch64, task_id: 1376, task_name: DASH_FFT, resource_name: cpu3, ref_start_time: 2116695889733796, ref_stop_time: 2116695889799616, actual_exe_time: 65820, task_app_start_time:2116690715016524, task_sched_time:2116695889595076
app_id: 0, app_name: SAR_api-aarch64, task_id: 1377, task_name: DASH_ZIP, resource_name: zip1, ref_start_time: 2116695895164367, ref_stop_time: 2116695895288747, actual_exe_time: 124380, task_app_start_time:2116690715016524, task_sched_time:2116695895155697
app_id: 0, app_name: SAR_api-aarch64, task_id: 1378, task_name: DASH_FFT, resource_name: cpu1, ref_start_time: 2116695896101927, ref_stop_time: 2116695896152777, actual_exe_time: 50850, task_app_start_time:2116690715016524, task_sched_time:2116695896023957
app_id: 0, app_name: SAR_api-aarch64, task_id: 1379, task_name: DASH_ZIP, resource_name: cpu2, ref_start_time: 2116695898759388, ref_stop_time: 2116695898835588, actual_exe_time: 76200, task_app_start_time:2116690715016524, task_sched_time:2116695898751978
app_id: 0, app_name: SAR_api-aarch64, task_id: 1380, task_name: DASH_FFT, resource_name: cpu3, ref_start_time: 2116695902648258, ref_stop_time: 2116695902717798, actual_exe_time: 69540, task_app_start_time:2116690715016524, task_sched_time:2116695902640518
app_id: 0, app_name: SAR_api-aarch64, task_id: 1381, task_name: DASH_ZIP, resource_name: zip1, ref_start_time: 2116695903036158, ref_stop_time: 2116695903155318, actual_exe_time: 119160, task_app_start_time:2116690715016524, task_sched_time:2116695903031208
app_id: 0, app_name: SAR_api-aarch64, task_id: 1382, task_name: DASH_FFT, resource_name: cpu1, ref_start_time: 2116695906918519, ref_stop_time: 2116695906979539, actual_exe_time: 61020, task_app_start_time:2116690715016524, task_sched_time:2116695906906549
app_id: 0, app_name: SAR_api-aarch64, task_id: 1383, task_name: DASH_ZIP, resource_name: cpu2, ref_start_time: 2116695907885029, ref_stop_time: 2116695907962159, actual_exe_time: 77130, task_app_start_time:2116690715016524, task_sched_time:2116695907881249
app_id: 0, app_name: SAR_api-aarch64, task_id: 1384, task_name: DASH_FFT, resource_name: cpu3, ref_start_time: 2116695910600750, ref_stop_time: 2116695910668640, actual_exe_time: 67890, task_app_start_time:2116690715016524, task_sched_time:2116695908516679
app_id: 0, app_name: SAR_api-aarch64, task_id: 1385, task_name: DASH_ZIP, resource_name: zip1, ref_start_time: 2116695911649730, ref_stop_time: 2116695911770210, actual_exe_time: 120480, task_app_start_time:2116690715016524, task_sched_time:2116695911640070
app_id: 0, app_name: SAR_api-aarch64, task_id: 1386, task_name: DASH_FFT, resource_name: cpu1, ref_start_time: 2116695914623210, ref_stop_time: 2116695914685340, actual_exe_time: 62130, task_app_start_time:2116690715016524, task_sched_time:2116695914614840
app_id: 0, app_name: SAR_api-aarch64, task_id: 1387, task_name: DASH_ZIP, resource_name: cpu2, ref_start_time: 2116695918976091, ref_stop_time: 2116695919054091, actual_exe_time: 78000, task_app_start_time:2116690715016524, task_sched_time:2116695918969851
app_id: 0, app_name: SAR_api-aarch64, task_id: 1388, task_name: DASH_FFT, resource_name: cpu3, ref_start_time: 2116695922641042, ref_stop_time: 2116695922714122, actual_exe_time: 73080, task_app_start_time:2116690715016524, task_sched_time:2116695922631832
app_id: 0, app_name: SAR_api-aarch64, task_id: 1389, task_name: DASH_ZIP, resource_name: zip1, ref_start_time: 2116695924757362, ref_stop_time: 2116695924878592, actual_exe_time: 121230, task_app_start_time:2116690715016524, task_sched_time:2116695924750882
app_id: 0, app_name: SAR_api-aarch64, task_id: 1390, task_name: DASH_FFT, resource_name: cpu1, ref_start_time: 2116695928934413, ref_stop_time: 2116695929001823, actual_exe_time: 67410, task_app_start_time:2116690715016524, task_sched_time:2116695928918063
app_id: 0, app_name: SAR_api-aarch64, task_id: 1391, task_name: DASH_ZIP, resource_name: cpu2, ref_start_time: 2116695934572074, ref_stop_time: 2116695934652744, actual_exe_time: 80670, task_app_start_time:2116690715016524, task_sched_time:2116695930416593
app_id: 0, app_name: SAR_api-aarch64, task_id: 1392, task_name: DASH_FFT, resource_name: cpu3, ref_start_time: 2116695935439194, ref_stop_time: 2116695935507894, actual_exe_time: 68700, task_app_start_time:2116690715016524, task_sched_time:2116695935434394
app_id: 0, app_name: SAR_api-aarch64, task_id: 1393, task_name: DASH_ZIP, resource_name: zip1, ref_start_time: 2116695936172694, ref_stop_time: 2116695936293624, actual_exe_time: 120930, task_app_start_time:2116690715016524, task_sched_time:2116695936168884
app_id: 0, app_name: SAR_api-aarch64, task_id: 1394, task_name: DASH_FFT, resource_name: cpu1, ref_start_time: 2116695937401224, ref_stop_time: 2116695937450814, actual_exe_time: 49590, task_app_start_time:2116690715016524, task_sched_time:2116695937324214
app_id: 0, app_name: SAR_api-aarch64, task_id: 1395, task_name: DASH_ZIP, resource_name: cpu2, ref_start_time: 2116695938567054, ref_stop_time: 2116695938643104, actual_exe_time: 76050, task_app_start_time:2116690715016524, task_sched_time:2116695938240924
app_id: 0, app_name: SAR_api-aarch64, task_id: 1396, task_name: DASH_FFT, resource_name: cpu3, ref_start_time: 2116695939261164, ref_stop_time: 2116695939317324, actual_exe_time: 56160, task_app_start_time:2116690715016524, task_sched_time:2116695939253244
app_id: 0, app_name: SAR_api-aarch64, task_id: 1397, task_name: DASH_ZIP, resource_name: zip1, ref_start_time: 2116695940504094, ref_stop_time: 2116695940627874, actual_exe_time: 123780, task_app_start_time:2116690715016524, task_sched_time:2116695940440914
app_id: 0, app_name: SAR_api-aarch64, task_id: 1398, task_name: DASH_FFT, resource_name: cpu1, ref_start_time: 2116695946799295, ref_stop_time: 2116695946857915, actual_exe_time: 58620, task_app_start_time:2116690715016524, task_sched_time:2116695946754085
app_id: 0, app_name: SAR_api-aarch64, task_id: 1399, task_name: DASH_ZIP, resource_name: cpu2, ref_start_time: 2116695950609956, ref_stop_time: 2116695950688766, actual_exe_time: 78810, task_app_start_time:2116690715016524, task_sched_time:2116695950605606
app_id: 0, app_name: SAR_api-aarch64, task_id: 1400, task_name: DASH_FFT, resource_name: cpu3, ref_start_time: 2116695950907226, ref_stop_time: 2116695950967946, actual_exe_time: 60720, task_app_start_time:2116690715016524, task_sched_time:2116695950900206
app_id: 0, app_name: SAR_api-aarch64, task_id: 1401, task_name: DASH_ZIP, resource_name: zip1, ref_start_time: 2116695954870197, ref_stop_time: 2116695954992417, actual_exe_time: 122220, task_app_start_time:2116690715016524, task_sched_time:2116695954863237
app_id: 0, app_name: SAR_api-aarch64, task_id: 1402, task_name: DASH_FFT, resource_name: cpu1, ref_start_time: 2116695956647847, ref_stop_time: 2116695956701247, actual_exe_time: 53400, task_app_start_time:2116690715016524, task_sched_time:2116695956574257
app_id: 0, app_name: SAR_api-aarch64, task_id: 1403, task_name: DASH_ZIP, resource_name: cpu2, ref_start_time: 2116695957832397, ref_stop_time: 2116695957908477, actual_exe_time: 76080, task_app_start_time:2116690715016524, task_sched_time:2116695957827987
app_id: 0, app_name: SAR_api-aarch64, task_id: 1404, task_name: DASH_FFT, resource_name: cpu3, ref_start_time: 2116695962754948, ref_stop_time: 2116695962827908, actual_exe_time: 72960, task_app_start_time:2116690715016524, task_sched_time:2116695962747238
app_id: 0, app_name: SAR_api-aarch64, task_id: 1405, task_name: DASH_ZIP, resource_name: zip1, ref_start_time: 2116695966935119, ref_stop_time: 2116695967060519, actual_exe_time: 125400, task_app_start_time:2116690715016524, task_sched_time:2116695966928189
app_id: 0, app_name: SAR_api-aarch64, task_id: 1406, task_name: DASH_FFT, resource_name: cpu1, ref_start_time: 2116695970698319, ref_stop_time: 2116695970751509, actual_exe_time: 53190, task_app_start_time:2116690715016524, task_sched_time:2116695970681579
app_id: 0, app_name: SAR_api-aarch64, task_id: 1407, task_name: DASH_ZIP, resource_name: cpu2, ref_start_time: 2116695973114250, ref_stop_time: 2116695973190810, actual_exe_time: 76560, task_app_start_time:2116690715016524, task_sched_time:2116695973107440
app_id: 0, app_name: SAR_api-aarch64, task_id: 1408, task_name: DASH_FFT, resource_name: cpu3, ref_start_time: 2116695974231090, ref_stop_time: 2116695974290760, actual_exe_time: 59670, task_app_start_time:2116690715016524, task_sched_time:2116695974223770
app_id: 0, app_name: SAR_api-aarch64, task_id: 1409, task_name: DASH_ZIP, resource_name: zip1, ref_start_time: 2116695979101561, ref_stop_time: 2116695979227861, actual_exe_time: 126300, task_app_start_time:2116690715016524, task_sched_time:2116695979093431
app_id: 0, app_name: SAR_api-aarch64, task_id: 1410, task_name: DASH_FFT, resource_name: cpu1, ref_start_time: 2116695979531191, ref_stop_time: 2116695979584081, actual_exe_time: 52890, task_app_start_time:2116690715016524, task_sched_time:2116695979469091
app_id: 0, app_name: SAR_api-aarch64, task_id: 1411, task_name: DASH_ZIP, resource_name: cpu2, ref_start_time: 2116695982835301, ref_stop_time: 2116695982913391, actual_exe_time: 78090, task_app_start_time:2116690715016524, task_sched_time:2116695982826751
app_id: 0, app_name: SAR_api-aarch64, task_id: 1412, task_name: DASH_FFT, resource_name: cpu3, ref_start_time: 2116695986955772, ref_stop_time: 2116695987026032, actual_exe_time: 70260, task_app_start_time:2116690715016524, task_sched_time:2116695986950732
app_id: 0, app_name: SAR_api-aarch64, task_id: 1413, task_name: DASH_ZIP, resource_name: zip1, ref_start_time: 2116695990218602, ref_stop_time: 2116695990340102, actual_exe_time: 121500, task_app_start_time:2116690715016524, task_sched_time:2116695990215122
app_id: 0, app_name: SAR_api-aarch64, task_id: 1414, task_name: DASH_FFT, resource_name: cpu1, ref_start_time: 2116695991416023, ref_stop_time: 2116695991467803, actual_exe_time: 51780, task_app_start_time:2116690715016524, task_sched_time:2116695991406843
app_id: 0, app_name: SAR_api-aarch64, task_id: 1415, task_name: DASH_ZIP, resource_name: cpu2, ref_start_time: 2116695992401943, ref_stop_time: 2116695992478953, actual_exe_time: 77010, task_app_start_time:2116690715016524, task_sched_time:2116695992393903
app_id: 0, app_name: SAR_api-aarch64, task_id: 1416, task_name: DASH_FFT, resource_name: cpu3, ref_start_time: 2116695994597973, ref_stop_time: 2116695994665293, actual_exe_time: 67320, task_app_start_time:2116690715016524, task_sched_time:2116695993075083
app_id: 0, app_name: SAR_api-aarch64, task_id: 1417, task_name: DASH_ZIP, resource_name: zip1, ref_start_time: 2116695995402063, ref_stop_time: 2116695995522003, actual_exe_time: 119940, task_app_start_time:2116690715016524, task_sched_time:2116695995397263
app_id: 0, app_name: SAR_api-aarch64, task_id: 1418, task_name: DASH_FFT, resource_name: cpu1, ref_start_time: 2116695998884134, ref_stop_time: 2116695998940384, actual_exe_time: 56250, task_app_start_time:2116690715016524, task_sched_time:2116695998876304
app_id: 0, app_name: SAR_api-aarch64, task_id: 1419, task_name: DASH_ZIP, resource_name: cpu2, ref_start_time: 2116696002791154, ref_stop_time: 2116696002870655, actual_exe_time: 79501, task_app_start_time:2116690715016524, task_sched_time:2116696002781674
app_id: 0, app_name: SAR_api-aarch64, task_id: 1420, task_name: DASH_FFT, resource_name: cpu3, ref_start_time: 2116696003536745, ref_stop_time: 2116696003603225, actual_exe_time: 66480, task_app_start_time:2116690715016524, task_sched_time:2116696003531045
app_id: 0, app_name: SAR_api-aarch64, task_id: 1421, task_name: DASH_ZIP, resource_name: zip1, ref_start_time: 2116696007128105, ref_stop_time: 2116696007248765, actual_exe_time: 120660, task_app_start_time:2116690715016524, task_sched_time:2116696007122255
app_id: 0, app_name: SAR_api-aarch64, task_id: 1422, task_name: DASH_FFT, resource_name: cpu1, ref_start_time: 2116696008652645, ref_stop_time: 2116696008704395, actual_exe_time: 51750, task_app_start_time:2116690715016524, task_sched_time:2116696008609145
app_id: 0, app_name: SAR_api-aarch64, task_id: 1423, task_name: DASH_ZIP, resource_name: cpu2, ref_start_time: 2116696010644736, ref_stop_time: 2116696010720876, actual_exe_time: 76140, task_app_start_time:2116690715016524, task_sched_time:2116696010636126
app_id: 0, app_name: SAR_api-aarch64, task_id: 1424, task_name: DASH_FFT, resource_name: cpu3, ref_start_time: 2116696018586367, ref_stop_time: 2116696018659747, actual_exe_time: 73380, task_app_start_time:2116690715016524, task_sched_time:2116696013897096
app_id: 0, app_name: SAR_api-aarch64, task_id: 1425, task_name: DASH_ZIP, resource_name: zip1, ref_start_time: 2116696019911797, ref_stop_time: 2116696020031377, actual_exe_time: 119580, task_app_start_time:2116690715016524, task_sched_time:2116696019908377
app_id: 0, app_name: SAR_api-aarch64, task_id: 1426, task_name: DASH_FFT, resource_name: cpu1, ref_start_time: 2116696020687627, ref_stop_time: 2116696020736887, actual_exe_time: 49260, task_app_start_time:2116690715016524, task_sched_time:2116696020639657
app_id: 0, app_name: SAR_api-aarch64, task_id: 1427, task_name: DASH_ZIP, resource_name: cpu2, ref_start_time: 2116696021520368, ref_stop_time: 2116696021594768, actual_exe_time: 74400, task_app_start_time:2116690715016524, task_sched_time:2116696021513288
app_id: 0, app_name: SAR_api-aarch64, task_id: 1428, task_name: DASH_FFT, resource_name: cpu3, ref_start_time: 2116696024210378, ref_stop_time: 2116696024275088, actual_exe_time: 64710, task_app_start_time:2116690715016524, task_sched_time:2116696022131318
app_id: 0, app_name: SAR_api-aarch64, task_id: 1429, task_name: DASH_ZIP, resource_name: zip1, ref_start_time: 2116696025857438, ref_stop_time: 2116696025979718, actual_exe_time: 122280, task_app_start_time:2116690715016524, task_sched_time:2116696025848198
app_id: 0, app_name: SAR_api-aarch64, task_id: 1430, task_name: DASH_FFT, resource_name: cpu1, ref_start_time: 2116696031508509, ref_stop_time: 2116696031563199, actual_exe_time: 54690, task_app_start_time:2116690715016524, task_sched_time:2116696031497709
app_id: 0, app_name: SAR_api-aarch64, task_id: 1431, task_name: DASH_ZIP, resource_name: cpu2, ref_start_time: 2116696034784210, ref_stop_time: 2116696034863380, actual_exe_time: 79170, task_app_start_time:2116690715016524, task_sched_time:2116696034778060
app_id: 0, app_name: SAR_api-aarch64, task_id: 1432, task_name: DASH_FFT, resource_name: cpu3, ref_start_time: 2116696035401820, ref_stop_time: 2116696035465210, actual_exe_time: 63390, task_app_start_time:2116690715016524, task_sched_time:2116696035394440
app_id: 0, app_name: SAR_api-aarch64, task_id: 1433, task_name: DASH_ZIP, resource_name: zip1, ref_start_time: 2116696039541220, ref_stop_time: 2116696039661340, actual_exe_time: 120120, task_app_start_time:2116690715016524, task_sched_time:2116696039535970
app_id: 0, app_name: SAR_api-aarch64, task_id: 1434, task_name: DASH_FFT, resource_name: cpu1, ref_start_time: 2116696041311131, ref_stop_time: 2116696041364051, actual_exe_time: 52920, task_app_start_time:2116690715016524, task_sched_time:2116696041306871
app_id: 0, app_name: SAR_api-aarch64, task_id: 1435, task_name: DASH_ZIP, resource_name: cpu2, ref_start_time: 2116696042469431, ref_stop_time: 2116696042836541, actual_exe_time: 367110, task_app_start_time:2116690715016524, task_sched_time:2116696042461511
app_id: 0, app_name: SAR_api-aarch64, task_id: 1436, task_name: DASH_FFT, resource_name: cpu3, ref_start_time: 2116696047112562, ref_stop_time: 2116696047179432, actual_exe_time: 66870, task_app_start_time:2116690715016524, task_sched_time:2116696047105122
app_id: 0, app_name: SAR_api-aarch64, task_id: 1437, task_name: DASH_ZIP, resource_name: zip1, ref_start_time: 2116696050878222, ref_stop_time: 2116696051002482, actual_exe_time: 124260, task_app_start_time:2116690715016524, task_sched_time:2116696050867992
app_id: 0, app_name: SAR_api-aarch64, task_id: 1438, task_name: DASH_FFT, resource_name: cpu1, ref_start_time: 2116696054705353, ref_stop_time: 2116696054765623, actual_exe_time: 60270, task_app_start_time:2116690715016524, task_sched_time:2116696054696383
app_id: 0, app_name: SAR_api-aarch64, task_id: 1439, task_name: DASH_ZIP, resource_name: cpu2, ref_start_time: 2116696055625033, ref_stop_time: 2116696055700783, actual_exe_time: 75750, task_app_start_time:2116690715016524, task_sched_time:2116696055621373
app_id: 0, app_name: SAR_api-aarch64, task_id: 1440, task_name: DASH_FFT, resource_name: cpu3, ref_start_time: 2116696058039193, ref_stop_time: 2116696058097963, actual_exe_time: 58770, task_app_start_time:2116690715016524, task_sched_time:2116696058032503
app_id: 0, app_name: SAR_api-aarch64, task_id: 1441, task_name: DASH_ZIP, resource_name: zip1, ref_start_time: 2116696060078474, ref_stop_time: 2116696060203304, actual_exe_time: 124830, task_app_start_time:2116690715016524, task_sched_time:2116696060073464
app_id: 0, app_name: SAR_api-aarch64, task_id: 1442, task_name: DASH_FFT, resource_name: cpu1, ref_start_time: 2116696060819834, ref_stop_time: 2116696061152324, actual_exe_time: 332490, task_app_start_time:2116690715016524, task_sched_time:2116696060809064
app_id: 0, app_name: SAR_api-aarch64, task_id: 1443, task_name: DASH_ZIP, resource_name: cpu2, ref_start_time: 2116696062572404, ref_stop_time: 2116696062651394, actual_exe_time: 78990, task_app_start_time:2116690715016524, task_sched_time:2116696061973274
app_id: 0, app_name: SAR_api-aarch64, task_id: 1444, task_name: DASH_FFT, resource_name: cpu3, ref_start_time: 2116696066693775, ref_stop_time: 2116696066759595, actual_exe_time: 65820, task_app_start_time:2116690715016524, task_sched_time:2116696066686905
app_id: 0, app_name: SAR_api-aarch64, task_id: 1445, task_name: DASH_ZIP, resource_name: zip1, ref_start_time: 2116696071059825, ref_stop_time: 2116696071182555, actual_exe_time: 122730, task_app_start_time:2116690715016524, task_sched_time:2116696071052775
app_id: 0, app_name: SAR_api-aarch64, task_id: 1446, task_name: DASH_FFT, resource_name: cpu1, ref_start_time: 2116696071825486, ref_stop_time: 2116696071875706, actual_exe_time: 50220, task_app_start_time:2116690715016524, task_sched_time:2116696071809466
app_id: 0, app_name: SAR_api-aarch64, task_id: 1447, task_name: DASH_ZIP, resource_name: cpu2, ref_start_time: 2116696074741276, ref_stop_time: 2116696074816906, actual_exe_time: 75630, task_app_start_time:2116690715016524, task_sched_time:2116696074737076
app_id: 0, app_name: SAR_api-aarch64, task_id: 1448, task_name: DASH_FFT, resource_name: cpu3, ref_start_time: 2116696075628826, ref_stop_time: 2116696075690446, actual_exe_time: 61620, task_app_start_time:2116690715016524, task_sched_time:2116696075624956
app_id: 0, app_name: SAR_api-aarch64, task_id: 1449, task_name: DASH_ZIP, resource_name: zip1, ref_start_time: 2116696078797577, ref_stop_time: 2116696078919167, actual_exe_time: 121590, task_app_start_time:2116690715016524, task_sched_time:2116696078790047
app_id: 0, app_name: SAR_api-aarch64, task_id: 1450, task_name: DASH_FFT, resource_name: cpu1, ref_start_time: 2116696083205957, ref_stop_time: 2116696083263497, actual_exe_time: 57540, task_app_start_time:2116690715016524, task_sched_time:2116696083195547
app_id: 0, app_name: SAR_api-aarch64, task_id: 1451, task_name: DASH_ZIP, resource_name: cpu2, ref_start_time: 2116696086726548, ref_stop_time: 2116696086804098, actual_exe_time: 77550, task_app_start_time:2116690715016524, task_sched_time:2116696086719738
app_id: 0, app_name: SAR_api-aarch64, task_id: 1452, task_name: DASH_FFT, resource_name: cpu3, ref_start_time: 2116696087620338, ref_stop_time: 2116696087679858, actual_exe_time: 59520, task_app_start_time:2116690715016524, task_sched_time:2116696087612868
app_id: 0, app_name: SAR_api-aarch64, task_id: 1453, task_name: DASH_ZIP, resource_name: zip1, ref_start_time: 2116696090839129, ref_stop_time: 2116696090960239, actual_exe_time: 121110, task_app_start_time:2116690715016524, task_sched_time:2116696090835919
app_id: 0, app_name: SAR_api-aarch64, task_id: 1454, task_name: DASH_FFT, resource_name: cpu1, ref_start_time: 2116696092876639, ref_stop_time: 2116696092929049, actual_exe_time: 52410, task_app_start_time:2116690715016524, task_sched_time:2116696092867459
app_id: 0, app_name: SAR_api-aarch64, task_id: 1455, task_name: DASH_ZIP, resource_name: cpu2, ref_start_time: 2116696093924539, ref_stop_time: 2116696094000019, actual_exe_time: 75480, task_app_start_time:2116690715016524, task_sched_time:2116696093916199
app_id: 0, app_name: SAR_api-aarch64, task_id: 1456, task_name: DASH_FFT, resource_name: cpu3, ref_start_time: 2116696095187389, ref_stop_time: 2116696095246519, actual_exe_time: 59130, task_app_start_time:2116690715016524, task_sched_time:2116696095178599
app_id: 0, app_name: SAR_api-aarch64, task_id: 1457, task_name: DASH_ZIP, resource_name: zip1, ref_start_time: 2116696099601200, ref_stop_time: 2116696099721470, actual_exe_time: 120270, task_app_start_time:2116690715016524, task_sched_time:2116696099596460
app_id: 0, app_name: SAR_api-aarch64, task_id: 1458, task_name: DASH_FFT, resource_name: cpu1, ref_start_time: 2116696102851791, ref_stop_time: 2116696102905701, actual_exe_time: 53910, task_app_start_time:2116690715016524, task_sched_time:2116696102839251
app_id: 0, app_name: SAR_api-aarch64, task_id: 1459, task_name: DASH_ZIP, resource_name: cpu2, ref_start_time: 2116696107010841, ref_stop_time: 2116696107088601, actual_exe_time: 77760, task_app_start_time:2116690715016524, task_sched_time:2116696107004601
app_id: 0, app_name: SAR_api-aarch64, task_id: 1460, task_name: DASH_FFT, resource_name: cpu3, ref_start_time: 2116696107735521, ref_stop_time: 2116696107796781, actual_exe_time: 61260, task_app_start_time:2116690715016524, task_sched_time:2116696107730361
app_id: 0, app_name: SAR_api-aarch64, task_id: 1461, task_name: DASH_ZIP, resource_name: zip1, ref_start_time: 2116696108132841, ref_stop_time: 2116696108252661, actual_exe_time: 119820, task_app_start_time:2116690715016524, task_sched_time:2116696108128521
app_id: 0, app_name: SAR_api-aarch64, task_id: 1462, task_name: DASH_FFT, resource_name: cpu1, ref_start_time: 2116696111072242, ref_stop_time: 2116696111122012, actual_exe_time: 49770, task_app_start_time:2116690715016524, task_sched_time:2116696111023972
app_id: 0, app_name: SAR_api-aarch64, task_id: 1463, task_name: DASH_ZIP, resource_name: cpu2, ref_start_time: 2116696112480052, ref_stop_time: 2116696112554602, actual_exe_time: 74550, task_app_start_time:2116690715016524, task_sched_time:2116696112474172
app_id: 0, app_name: SAR_api-aarch64, task_id: 1464, task_name: DASH_FFT, resource_name: cpu3, ref_start_time: 2116696115077903, ref_stop_time: 2116696115139283, actual_exe_time: 61380, task_app_start_time:2116690715016524, task_sched_time:2116696115069143
app_id: 0, app_name: SAR_api-aarch64, task_id: 1465, task_name: DASH_ZIP, resource_name: zip1, ref_start_time: 2116696118795143, ref_stop_time: 2116696118918353, actual_exe_time: 123210, task_app_start_time:2116690715016524, task_sched_time:2116696118788273
app_id: 0, app_name: SAR_api-aarch64, task_id: 1466, task_name: DASH_FFT, resource_name: cpu1, ref_start_time: 2116696122717794, ref_stop_time: 2116696122771704, actual_exe_time: 53910, task_app_start_time:2116690715016524, task_sched_time:2116696122694964
app_id: 0, app_name: SAR_api-aarch64, task_id: 1467, task_name: DASH_ZIP, resource_name: cpu2, ref_start_time: 2116696123236254, ref_stop_time: 2116696123311824, actual_exe_time: 75570, task_app_start_time:2116690715016524, task_sched_time:2116696123230194
app_id: 0, app_name: SAR_api-aarch64, task_id: 1468, task_name: DASH_FFT, resource_name: cpu3, ref_start_time: 2116696128280995, ref_stop_time: 2116696128343005, actual_exe_time: 62010, task_app_start_time:2116690715016524, task_sched_time:2116696128275085
app_id: 0, app_name: SAR_api-aarch64, task_id: 1469, task_name: DASH_ZIP, resource_name: zip1, ref_start_time: 2116696130834265, ref_stop_time: 2116696130958615, actual_exe_time: 124350, task_app_start_time:2116690715016524, task_sched_time:2116696130829525
app_id: 0, app_name: SAR_api-aarch64, task_id: 1470, task_name: DASH_FFT, resource_name: cpu1, ref_start_time: 2116696133812096, ref_stop_time: 2116696133866786, actual_exe_time: 54690, task_app_start_time:2116690715016524, task_sched_time:2116696133718406
app_id: 0, app_name: SAR_api-aarch64, task_id: 1471, task_name: DASH_ZIP, resource_name: cpu2, ref_start_time: 2116696134906976, ref_stop_time: 2116696134983836, actual_exe_time: 76860, task_app_start_time:2116690715016524, task_sched_time:2116696134896746
app_id: 0, app_name: SAR_api-aarch64, task_id: 1472, task_name: DASH_FFT, resource_name: cpu3, ref_start_time: 2116696138591966, ref_stop_time: 2116696138666486, actual_exe_time: 74520, task_app_start_time:2116690715016524, task_sched_time:2116696136074996
app_id: 0, app_name: SAR_api-aarch64, task_id: 1473, task_name: DASH_ZIP, resource_name: zip1, ref_start_time: 2116696142765177, ref_stop_time: 2116696142885837, actual_exe_time: 120660, task_app_start_time:2116690715016524, task_sched_time:2116696142757707
app_id: 0, app_name: SAR_api-aarch64, task_id: 1474, task_name: DASH_FFT, resource_name: cpu1, ref_start_time: 2116696144844417, ref_stop_time: 2116696144896917, actual_exe_time: 52500, task_app_start_time:2116690715016524, task_sched_time:2116696144825487
app_id: 0, app_name: SAR_api-aarch64, task_id: 1475, task_name: DASH_ZIP, resource_name: cpu2, ref_start_time: 2116696146798918, ref_stop_time: 2116696146875568, actual_exe_time: 76650, task_app_start_time:2116690715016524, task_sched_time:2116696146794028
app_id: 0, app_name: SAR_api-aarch64, task_id: 1476, task_name: DASH_FFT, resource_name: cpu3, ref_start_time: 2116696154740069, ref_stop_time: 2116696154819269, actual_exe_time: 79200, task_app_start_time:2116690715016524, task_sched_time:2116696149599628
app_id: 0, app_name: SAR_api-aarch64, task_id: 1477, task_name: DASH_ZIP, resource_name: zip1, ref_start_time: 2116696158585140, ref_stop_time: 2116696158707450, actual_exe_time: 122310, task_app_start_time:2116690715016524, task_sched_time:2116696156262959
app_id: 0, app_name: SAR_api-aarch64, task_id: 1478, task_name: DASH_FFT, resource_name: cpu1, ref_start_time: 2116696159487330, ref_stop_time: 2116696159539350, actual_exe_time: 52020, task_app_start_time:2116690715016524, task_sched_time:2116696159481510
app_id: 0, app_name: SAR_api-aarch64, task_id: 1479, task_name: DASH_ZIP, resource_name: cpu2, ref_start_time: 2116696160295530, ref_stop_time: 2116696160372000, actual_exe_time: 76470, task_app_start_time:2116690715016524, task_sched_time:2116696160291660
app_id: 0, app_name: SAR_api-aarch64, task_id: 1480, task_name: DASH_FFT, resource_name: cpu3, ref_start_time: 2116696161581420, ref_stop_time: 2116696161650060, actual_exe_time: 68640, task_app_start_time:2116690715016524, task_sched_time:2116696161577400
app_id: 0, app_name: SAR_api-aarch64, task_id: 1481, task_name: DASH_ZIP, resource_name: zip1, ref_start_time: 2116696162712360, ref_stop_time: 2116696162835630, actual_exe_time: 123270, task_app_start_time:2116690715016524, task_sched_time:2116696162702010
app_id: 0, app_name: SAR_api-aarch64, task_id: 1482, task_name: DASH_FFT, resource_name: cpu1, ref_start_time: 2116696163516420, ref_stop_time: 2116696163568950, actual_exe_time: 52530, task_app_start_time:2116690715016524, task_sched_time:2116696163512760
app_id: 0, app_name: SAR_api-aarch64, task_id: 1483, task_name: DASH_ZIP, resource_name: cpu2, ref_start_time: 2116696166870181, ref_stop_time: 2116696166950971, actual_exe_time: 80790, task_app_start_time:2116690715016524, task_sched_time:2116696166862651
app_id: 0, app_name: SAR_api-aarch64, task_id: 1484, task_name: DASH_FFT, resource_name: cpu3, ref_start_time: 2116696167672381, ref_stop_time: 2116696167735951, actual_exe_time: 63570, task_app_start_time:2116690715016524, task_sched_time:2116696167665151
app_id: 0, app_name: SAR_api-aarch64, task_id: 1485, task_name: DASH_ZIP, resource_name: zip1, ref_start_time: 2116696171400512, ref_stop_time: 2116696171523062, actual_exe_time: 122550, task_app_start_time:2116690715016524, task_sched_time:2116696171394692
app_id: 0, app_name: SAR_api-aarch64, task_id: 1486, task_name: DASH_FFT, resource_name: cpu1, ref_start_time: 2116696174598332, ref_stop_time: 2116696174651882, actual_exe_time: 53550, task_app_start_time:2116690715016524, task_sched_time:2116696174556902
app_id: 0, app_name: SAR_api-aarch64, task_id: 1487, task_name: DASH_ZIP, resource_name: cpu2, ref_start_time: 2116696175795182, ref_stop_time: 2116696175877442, actual_exe_time: 82260, task_app_start_time:2116690715016524, task_sched_time:2116696175789632
app_id: 0, app_name: SAR_api-aarch64, task_id: 1488, task_name: DASH_FFT, resource_name: cpu3, ref_start_time: 2116696182793943, ref_stop_time: 2116696182861833, actual_exe_time: 67890, task_app_start_time:2116690715016524, task_sched_time:2116696182785033
app_id: 0, app_name: SAR_api-aarch64, task_id: 1489, task_name: DASH_ZIP, resource_name: zip1, ref_start_time: 2116696189116504, ref_stop_time: 2116696189443715, actual_exe_time: 327211, task_app_start_time:2116690715016524, task_sched_time:2116696189107414
app_id: 0, app_name: SAR_api-aarch64, task_id: 1490, task_name: DASH_FFT, resource_name: cpu1, ref_start_time: 2116696194877885, ref_stop_time: 2116696194936505, actual_exe_time: 58620, task_app_start_time:2116690715016524, task_sched_time:2116696194809425
app_id: 0, app_name: SAR_api-aarch64, task_id: 1491, task_name: DASH_ZIP, resource_name: cpu2, ref_start_time: 2116696202403177, ref_stop_time: 2116696203138327, actual_exe_time: 735150, task_app_start_time:2116690715016524, task_sched_time:2116696202394747
app_id: 0, app_name: SAR_api-aarch64, task_id: 1492, task_name: DASH_FFT, resource_name: cpu3, ref_start_time: 2116696203835677, ref_stop_time: 2116696203905277, actual_exe_time: 69600, task_app_start_time:2116690715016524, task_sched_time:2116696203832317
app_id: 0, app_name: SAR_api-aarch64, task_id: 1493, task_name: DASH_ZIP, resource_name: zip1, ref_start_time: 2116696204327827, ref_stop_time: 2116696204452537, actual_exe_time: 124710, task_app_start_time:2116690715016524, task_sched_time:2116696204270677
app_id: 0, app_name: SAR_api-aarch64, task_id: 1494, task_name: DASH_FFT, resource_name: cpu1, ref_start_time: 2116696207794507, ref_stop_time: 2116696207851027, actual_exe_time: 56520, task_app_start_time:2116690715016524, task_sched_time:2116696207746027
app_id: 0, app_name: SAR_api-aarch64, task_id: 1495, task_name: DASH_ZIP, resource_name: cpu2, ref_start_time: 2116696208581408, ref_stop_time: 2116696208805508, actual_exe_time: 224100, task_app_start_time:2116690715016524, task_sched_time:2116696208577178
app_id: 0, app_name: SAR_api-aarch64, task_id: 1496, task_name: DASH_FFT, resource_name: cpu3, ref_start_time: 2116696210580518, ref_stop_time: 2116696210657498, actual_exe_time: 76980, task_app_start_time:2116690715016524, task_sched_time:2116696209025018
app_id: 0, app_name: SAR_api-aarch64, task_id: 1497, task_name: DASH_ZIP, resource_name: zip1, ref_start_time: 2116696214742299, ref_stop_time: 2116696214863649, actual_exe_time: 121350, task_app_start_time:2116690715016524, task_sched_time:2116696214732999
app_id: 0, app_name: SAR_api-aarch64, task_id: 1498, task_name: DASH_FFT, resource_name: cpu1, ref_start_time: 2116696217651009, ref_stop_time: 2116696218046379, actual_exe_time: 395370, task_app_start_time:2116690715016524, task_sched_time:2116696217633459
app_id: 0, app_name: SAR_api-aarch64, task_id: 1499, task_name: DASH_ZIP, resource_name: cpu2, ref_start_time: 2116696219198979, ref_stop_time: 2116696219281689, actual_exe_time: 82710, task_app_start_time:2116690715016524, task_sched_time:2116696219190639
app_id: 0, app_name: SAR_api-aarch64, task_id: 1500, task_name: DASH_FFT, resource_name: cpu3, ref_start_time: 2116696226746081, ref_stop_time: 2116696226816881, actual_exe_time: 70800, task_app_start_time:2116690715016524, task_sched_time:2116696226738041
app_id: 0, app_name: SAR_api-aarch64, task_id: 1501, task_name: DASH_ZIP, resource_name: zip1, ref_start_time: 2116696233015962, ref_stop_time: 2116696233141722, actual_exe_time: 125760, task_app_start_time:2116690715016524, task_sched_time:2116696233006572
app_id: 0, app_name: SAR_api-aarch64, task_id: 1502, task_name: DASH_FFT, resource_name: cpu1, ref_start_time: 2116696233467192, ref_stop_time: 2116696233521732, actual_exe_time: 54540, task_app_start_time:2116690715016524, task_sched_time:2116696233459632
app_id: 0, app_name: SAR_api-aarch64, task_id: 1503, task_name: DASH_ZIP, resource_name: cpu2, ref_start_time: 2116696234094372, ref_stop_time: 2116696234178462, actual_exe_time: 84090, task_app_start_time:2116690715016524, task_sched_time:2116696234086902
app_id: 0, app_name: SAR_api-aarch64, task_id: 1504, task_name: DASH_FFT, resource_name: cpu3, ref_start_time: 2116696236433262, ref_stop_time: 2116696236503252, actual_exe_time: 69990, task_app_start_time:2116690715016524, task_sched_time:2116696235243132
app_id: 0, app_name: SAR_api-aarch64, task_id: 1505, task_name: DASH_ZIP, resource_name: zip1, ref_start_time: 2116696242723213, ref_stop_time: 2116696242847353, actual_exe_time: 124140, task_app_start_time:2116690715016524, task_sched_time:2116696242716223
app_id: 0, app_name: SAR_api-aarch64, task_id: 1506, task_name: DASH_FFT, resource_name: cpu1, ref_start_time: 2116696245985594, ref_stop_time: 2116696246046284, actual_exe_time: 60690, task_app_start_time:2116690715016524, task_sched_time:2116696245979684
app_id: 0, app_name: SAR_api-aarch64, task_id: 1507, task_name: DASH_ZIP, resource_name: cpu2, ref_start_time: 2116696251001084, ref_stop_time: 2116696251088984, actual_exe_time: 87900, task_app_start_time:2116690715016524, task_sched_time:2116696250990764
app_id: 0, app_name: SAR_api-aarch64, task_id: 1508, task_name: DASH_FFT, resource_name: cpu3, ref_start_time: 2116696254651155, ref_stop_time: 2116696254718835, actual_exe_time: 67680, task_app_start_time:2116690715016524, task_sched_time:2116696254640655
app_id: 0, app_name: SAR_api-aarch64, task_id: 1509, task_name: DASH_ZIP, resource_name: zip1, ref_start_time: 2116696259930046, ref_stop_time: 2116696260056736, actual_exe_time: 126690, task_app_start_time:2116690715016524, task_sched_time:2116696259924106
app_id: 0, app_name: SAR_api-aarch64, task_id: 1510, task_name: DASH_FFT, resource_name: cpu1, ref_start_time: 2116696261208076, ref_stop_time: 2116696261261386, actual_exe_time: 53310, task_app_start_time:2116690715016524, task_sched_time:2116696261191066
app_id: 0, app_name: SAR_api-aarch64, task_id: 1511, task_name: DASH_ZIP, resource_name: cpu2, ref_start_time: 2116696262638356, ref_stop_time: 2116696262715666, actual_exe_time: 77310, task_app_start_time:2116690715016524, task_sched_time:2116696262631846
app_id: 0, app_name: SAR_api-aarch64, task_id: 1512, task_name: DASH_FFT, resource_name: cpu3, ref_start_time: 2116696267026187, ref_stop_time: 2116696267099147, actual_exe_time: 72960, task_app_start_time:2116690715016524, task_sched_time:2116696267014757
app_id: 0, app_name: SAR_api-aarch64, task_id: 1513, task_name: DASH_ZIP, resource_name: zip1, ref_start_time: 2116696274746568, ref_stop_time: 2116696274870978, actual_exe_time: 124410, task_app_start_time:2116690715016524, task_sched_time:2116696274740298
app_id: 0, app_name: SAR_api-aarch64, task_id: 1514, task_name: DASH_FFT, resource_name: cpu1, ref_start_time: 2116696276209518, ref_stop_time: 2116696276271229, actual_exe_time: 61711, task_app_start_time:2116690715016524, task_sched_time:2116696276191308
app_id: 0, app_name: SAR_api-aarch64, task_id: 1515, task_name: DASH_ZIP, resource_name: cpu2, ref_start_time: 2116696279044879, ref_stop_time: 2116696279133469, actual_exe_time: 88590, task_app_start_time:2116690715016524, task_sched_time:2116696279035609
app_id: 0, app_name: SAR_api-aarch64, task_id: 1516, task_name: DASH_FFT, resource_name: cpu3, ref_start_time: 2116696282916650, ref_stop_time: 2116696282983220, actual_exe_time: 66570, task_app_start_time:2116690715016524, task_sched_time:2116696282907830
app_id: 0, app_name: SAR_api-aarch64, task_id: 1517, task_name: DASH_ZIP, resource_name: zip1, ref_start_time: 2116696298598792, ref_stop_time: 2116696298723472, actual_exe_time: 124680, task_app_start_time:2116690715016524, task_sched_time:2116696290805601
app_id: 0, app_name: SAR_api-aarch64, task_id: 1518, task_name: DASH_FFT, resource_name: cpu1, ref_start_time: 2116696302718963, ref_stop_time: 2116696302773773, actual_exe_time: 54810, task_app_start_time:2116690715016524, task_sched_time:2116696302709423
app_id: 0, app_name: SAR_api-aarch64, task_id: 1519, task_name: DASH_ZIP, resource_name: cpu2, ref_start_time: 2116696304309593, ref_stop_time: 2116696304393023, actual_exe_time: 83430, task_app_start_time:2116690715016524, task_sched_time:2116696304305633
app_id: 0, app_name: SAR_api-aarch64, task_id: 1520, task_name: DASH_FFT, resource_name: cpu3, ref_start_time: 2116696306885633, ref_stop_time: 2116696306961563, actual_exe_time: 75930, task_app_start_time:2116690715016524, task_sched_time:2116696306879843
app_id: 0, app_name: SAR_api-aarch64, task_id: 1521, task_name: DASH_ZIP, resource_name: zip1, ref_start_time: 2116696314795915, ref_stop_time: 2116696314920295, actual_exe_time: 124380, task_app_start_time:2116690715016524, task_sched_time:2116696314789645
app_id: 0, app_name: SAR_api-aarch64, task_id: 1522, task_name: DASH_FFT, resource_name: cpu1, ref_start_time: 2116696318832325, ref_stop_time: 2116696318889235, actual_exe_time: 56910, task_app_start_time:2116690715016524, task_sched_time:2116696318826985
app_id: 0, app_name: SAR_api-aarch64, task_id: 1523, task_name: DASH_ZIP, resource_name: cpu2, ref_start_time: 2116696322895826, ref_stop_time: 2116696322986216, actual_exe_time: 90390, task_app_start_time:2116690715016524, task_sched_time:2116696322886136
app_id: 0, app_name: SAR_api-aarch64, task_id: 1524, task_name: DASH_FFT, resource_name: cpu3, ref_start_time: 2116696330660997, ref_stop_time: 2116696330737707, actual_exe_time: 76710, task_app_start_time:2116690715016524, task_sched_time:2116696330656317
app_id: 0, app_name: SAR_api-aarch64, task_id: 1525, task_name: DASH_ZIP, resource_name: zip1, ref_start_time: 2116696333388148, ref_stop_time: 2116696333514238, actual_exe_time: 126090, task_app_start_time:2116690715016524, task_sched_time:2116696333275168
app_id: 0, app_name: SAR_api-aarch64, task_id: 1526, task_name: DASH_FFT, resource_name: cpu1, ref_start_time: 2116696342672579, ref_stop_time: 2116696342730299, actual_exe_time: 57720, task_app_start_time:2116690715016524, task_sched_time:2116696342663999
app_id: 0, app_name: SAR_api-aarch64, task_id: 1527, task_name: DASH_ZIP, resource_name: cpu2, ref_start_time: 2116696347042620, ref_stop_time: 2116696347128570, actual_exe_time: 85950, task_app_start_time:2116690715016524, task_sched_time:2116696347032300
app_id: 0, app_name: SAR_api-aarch64, task_id: 1528, task_name: DASH_FFT, resource_name: cpu3, ref_start_time: 2116696350746420, ref_stop_time: 2116696350836361, actual_exe_time: 89941, task_app_start_time:2116690715016524, task_sched_time:2116696350735170
app_id: 0, app_name: SAR_api-aarch64, task_id: 1529, task_name: DASH_ZIP, resource_name: zip1, ref_start_time: 2116696358758702, ref_stop_time: 2116696358880622, actual_exe_time: 121920, task_app_start_time:2116690715016524, task_sched_time:2116696358748562
app_id: 0, app_name: SAR_api-aarch64, task_id: 1530, task_name: DASH_FFT, resource_name: cpu1, ref_start_time: 2116696361511832, ref_stop_time: 2116696361572522, actual_exe_time: 60690, task_app_start_time:2116690715016524, task_sched_time:2116696361500852
app_id: 0, app_name: SAR_api-aarch64, task_id: 1531, task_name: DASH_ZIP, resource_name: cpu2, ref_start_time: 2116696366979483, ref_stop_time: 2116696367065163, actual_exe_time: 85680, task_app_start_time:2116690715016524, task_sched_time:2116696366969403
app_id: 0, app_name: SAR_api-aarch64, task_id: 1532, task_name: DASH_FFT, resource_name: cpu3, ref_start_time: 2116696370628774, ref_stop_time: 2116696370697984, actual_exe_time: 69210, task_app_start_time:2116690715016524, task_sched_time:2116696370624034
app_id: 0, app_name: SAR_api-aarch64, task_id: 1533, task_name: DASH_ZIP, resource_name: zip1, ref_start_time: 2116696378716475, ref_stop_time: 2116696378843645, actual_exe_time: 127170, task_app_start_time:2116690715016524, task_sched_time:2116696378704145
app_id: 0, app_name: SAR_api-aarch64, task_id: 1534, task_name: DASH_FFT, resource_name: cpu1, ref_start_time: 2116696387007276, ref_stop_time: 2116696387065116, actual_exe_time: 57840, task_app_start_time:2116690715016524, task_sched_time:2116696386998216
app_id: 0, app_name: SAR_api-aarch64, task_id: 1535, task_name: DASH_ZIP, resource_name: cpu2, ref_start_time: 2116696390243827, ref_stop_time: 2116696390615257, actual_exe_time: 371430, task_app_start_time:2116690715016524, task_sched_time:2116696390237437
app_id: 0, app_name: SAR_api-aarch64, task_id: 1536, task_name: DASH_FFT, resource_name: cpu3, ref_start_time: 2116696394718058, ref_stop_time: 2116696394789218, actual_exe_time: 71160, task_app_start_time:2116690715016524, task_sched_time:2116696394709238
app_id: 0, app_name: SAR_api-aarch64, task_id: 1537, task_name: DASH_ZIP, resource_name: zip1, ref_start_time: 2116696403497469, ref_stop_time: 2116696403620379, actual_exe_time: 122910, task_app_start_time:2116690715016524, task_sched_time:2116696403487809
app_id: 0, app_name: SAR_api-aarch64, task_id: 1538, task_name: DASH_FFT, resource_name: cpu1, ref_start_time: 2116696404653369, ref_stop_time: 2116696404715049, actual_exe_time: 61680, task_app_start_time:2116690715016524, task_sched_time:2116696404644849
app_id: 0, app_name: SAR_api-aarch64, task_id: 1539, task_name: DASH_ZIP, resource_name: cpu2, ref_start_time: 2116696410705510, ref_stop_time: 2116696410786780, actual_exe_time: 81270, task_app_start_time:2116690715016524, task_sched_time:2116696410699120
app_id: 0, app_name: SAR_api-aarch64, task_id: 1540, task_name: DASH_FFT, resource_name: cpu3, ref_start_time: 2116696414869901, ref_stop_time: 2116696414943101, actual_exe_time: 73200, task_app_start_time:2116690715016524, task_sched_time:2116696414861621
app_id: 0, app_name: SAR_api-aarch64, task_id: 1541, task_name: DASH_ZIP, resource_name: zip1, ref_start_time: 2116696418683111, ref_stop_time: 2116696418809381, actual_exe_time: 126270, task_app_start_time:2116690715016524, task_sched_time:2116696418678461
app_id: 0, app_name: SAR_api-aarch64, task_id: 1542, task_name: DASH_FFT, resource_name: cpu1, ref_start_time: 2116696423248032, ref_stop_time: 2116696423306292, actual_exe_time: 58260, task_app_start_time:2116690715016524, task_sched_time:2116696423241702
app_id: 0, app_name: SAR_api-aarch64, task_id: 1543, task_name: DASH_ZIP, resource_name: cpu2, ref_start_time: 2116696426613013, ref_stop_time: 2116696426691943, actual_exe_time: 78930, task_app_start_time:2116690715016524, task_sched_time:2116696424221502
app_id: 0, app_name: SAR_api-aarch64, task_id: 1544, task_name: DASH_FFT, resource_name: cpu3, ref_start_time: 2116696426891743, ref_stop_time: 2116696426952853, actual_exe_time: 61110, task_app_start_time:2116690715016524, task_sched_time:2116696426882113
app_id: 0, app_name: SAR_api-aarch64, task_id: 1545, task_name: DASH_ZIP, resource_name: zip1, ref_start_time: 2116696430725293, ref_stop_time: 2116696430844753, actual_exe_time: 119460, task_app_start_time:2116690715016524, task_sched_time:2116696430716773
app_id: 0, app_name: SAR_api-aarch64, task_id: 1546, task_name: DASH_FFT, resource_name: cpu1, ref_start_time: 2116696433499124, ref_stop_time: 2116696433560414, actual_exe_time: 61290, task_app_start_time:2116690715016524, task_sched_time:2116696433482954
app_id: 0, app_name: SAR_api-aarch64, task_id: 1547, task_name: DASH_ZIP, resource_name: cpu2, ref_start_time: 2116696434500014, ref_stop_time: 2116696434601174, actual_exe_time: 101160, task_app_start_time:2116690715016524, task_sched_time:2116696434495634
app_id: 0, app_name: SAR_api-aarch64, task_id: 1548, task_name: DASH_FFT, resource_name: cpu3, ref_start_time: 2116696442816465, ref_stop_time: 2116696442891105, actual_exe_time: 74640, task_app_start_time:2116690715016524, task_sched_time:2116696435245424
app_id: 0, app_name: SAR_api-aarch64, task_id: 1549, task_name: DASH_ZIP, resource_name: zip1, ref_start_time: 2116696446378636, ref_stop_time: 2116696446503166, actual_exe_time: 124530, task_app_start_time:2116690715016524, task_sched_time:2116696446369906
app_id: 0, app_name: SAR_api-aarch64, task_id: 1550, task_name: DASH_FFT, resource_name: cpu1, ref_start_time: 2116696450893877, ref_stop_time: 2116696450952197, actual_exe_time: 58320, task_app_start_time:2116690715016524, task_sched_time:2116696450885627
app_id: 0, app_name: SAR_api-aarch64, task_id: 1551, task_name: DASH_ZIP, resource_name: cpu2, ref_start_time: 2116696451522167, ref_stop_time: 2116696451843707, actual_exe_time: 321540, task_app_start_time:2116690715016524, task_sched_time:2116696451510947
app_id: 0, app_name: SAR_api-aarch64, task_id: 1552, task_name: DASH_FFT, resource_name: cpu3, ref_start_time: 2116696452035527, ref_stop_time: 2116696452093487, actual_exe_time: 57960, task_app_start_time:2116690715016524, task_sched_time:2116696452030127
app_id: 0, app_name: SAR_api-aarch64, task_id: 1553, task_name: DASH_ZIP, resource_name: zip1, ref_start_time: 2116696454604937, ref_stop_time: 2116696454727187, actual_exe_time: 122250, task_app_start_time:2116690715016524, task_sched_time:2116696453411807
app_id: 0, app_name: SAR_api-aarch64, task_id: 1554, task_name: DASH_FFT, resource_name: cpu1, ref_start_time: 2116696458683468, ref_stop_time: 2116696458737618, actual_exe_time: 54150, task_app_start_time:2116690715016524, task_sched_time:2116696458673208
app_id: 0, app_name: SAR_api-aarch64, task_id: 1555, task_name: DASH_ZIP, resource_name: cpu2, ref_start_time: 2116696462155908, ref_stop_time: 2116696462232708, actual_exe_time: 76800, task_app_start_time:2116690715016524, task_sched_time:2116696462150538
app_id: 0, app_name: SAR_api-aarch64, task_id: 1556, task_name: DASH_FFT, resource_name: cpu3, ref_start_time: 2116696463233179, ref_stop_time: 2116696463300229, actual_exe_time: 67050, task_app_start_time:2116690715016524, task_sched_time:2116696463227599
app_id: 0, app_name: SAR_api-aarch64, task_id: 1557, task_name: DASH_ZIP, resource_name: zip1, ref_start_time: 2116696470785590, ref_stop_time: 2116696470913600, actual_exe_time: 128010, task_app_start_time:2116690715016524, task_sched_time:2116696470775750
app_id: 0, app_name: SAR_api-aarch64, task_id: 1558, task_name: DASH_FFT, resource_name: cpu1, ref_start_time: 2116696475068960, ref_stop_time: 2116696475124161, actual_exe_time: 55201, task_app_start_time:2116690715016524, task_sched_time:2116696475063140
app_id: 0, app_name: SAR_api-aarch64, task_id: 1559, task_name: DASH_ZIP, resource_name: cpu2, ref_start_time: 2116696477338041, ref_stop_time: 2116696477416131, actual_exe_time: 78090, task_app_start_time:2116690715016524, task_sched_time:2116696477328411
app_id: 0, app_name: SAR_api-aarch64, task_id: 1560, task_name: DASH_FFT, resource_name: cpu3, ref_start_time: 2116696478411711, ref_stop_time: 2116696478476001, actual_exe_time: 64290, task_app_start_time:2116690715016524, task_sched_time:2116696478407751
app_id: 0, app_name: SAR_api-aarch64, task_id: 1561, task_name: DASH_ZIP, resource_name: zip1, ref_start_time: 2116696481792622, ref_stop_time: 2116696481921712, actual_exe_time: 129090, task_app_start_time:2116690715016524, task_sched_time:2116696479526721
app_id: 0, app_name: SAR_api-aarch64, task_id: 1562, task_name: DASH_FFT, resource_name: cpu1, ref_start_time: 2116696486766502, ref_stop_time: 2116696486824042, actual_exe_time: 57540, task_app_start_time:2116690715016524, task_sched_time:2116696486730772
app_id: 0, app_name: SAR_api-aarch64, task_id: 1563, task_name: DASH_ZIP, resource_name: cpu2, ref_start_time: 2116696492012513, ref_stop_time: 2116696492094353, actual_exe_time: 81840, task_app_start_time:2116690715016524, task_sched_time:2116696492005523
app_id: 0, app_name: SAR_api-aarch64, task_id: 1564, task_name: DASH_FFT, resource_name: cpu3, ref_start_time: 2116696498976684, ref_stop_time: 2116696499059454, actual_exe_time: 82770, task_app_start_time:2116690715016524, task_sched_time:2116696498970084
app_id: 0, app_name: SAR_api-aarch64, task_id: 1565, task_name: DASH_ZIP, resource_name: zip1, ref_start_time: 2116696502726415, ref_stop_time: 2116696502847795, actual_exe_time: 121380, task_app_start_time:2116690715016524, task_sched_time:2116696502719305
app_id: 0, app_name: SAR_api-aarch64, task_id: 1566, task_name: DASH_FFT, resource_name: cpu1, ref_start_time: 2116696506693586, ref_stop_time: 2116696506748516, actual_exe_time: 54930, task_app_start_time:2116690715016524, task_sched_time:2116696506689386
app_id: 0, app_name: SAR_api-aarch64, task_id: 1567, task_name: DASH_ZIP, resource_name: cpu2, ref_start_time: 2116696514733767, ref_stop_time: 2116696514816087, actual_exe_time: 82320, task_app_start_time:2116690715016524, task_sched_time:2116696514725817
app_id: 0, app_name: SAR_api-aarch64, task_id: 1568, task_name: DASH_FFT, resource_name: cpu3, ref_start_time: 2116696518648798, ref_stop_time: 2116696519731498, actual_exe_time: 1082700, task_app_start_time:2116690715016524, task_sched_time:2116696518642528
app_id: 0, app_name: SAR_api-aarch64, task_id: 1569, task_name: DASH_ZIP, resource_name: zip1, ref_start_time: 2116696520813058, ref_stop_time: 2116696520937138, actual_exe_time: 124080, task_app_start_time:2116690715016524, task_sched_time:2116696520802828
app_id: 0, app_name: SAR_api-aarch64, task_id: 1570, task_name: DASH_FFT, resource_name: cpu1, ref_start_time: 2116696527053209, ref_stop_time: 2116696527112759, actual_exe_time: 59550, task_app_start_time:2116690715016524, task_sched_time:2116696526935279
app_id: 0, app_name: SAR_api-aarch64, task_id: 1571, task_name: DASH_ZIP, resource_name: cpu2, ref_start_time: 2116696533329180, ref_stop_time: 2116696533409190, actual_exe_time: 80010, task_app_start_time:2116690715016524, task_sched_time:2116696533320060
app_id: 0, app_name: SAR_api-aarch64, task_id: 1572, task_name: DASH_FFT, resource_name: cpu3, ref_start_time: 2116696534182590, ref_stop_time: 2116696534250180, actual_exe_time: 67590, task_app_start_time:2116690715016524, task_sched_time:2116696534099130
app_id: 0, app_name: SAR_api-aarch64, task_id: 1573, task_name: DASH_ZIP, resource_name: zip1, ref_start_time: 2116696542614121, ref_stop_time: 2116696542741621, actual_exe_time: 127500, task_app_start_time:2116690715016524, task_sched_time:2116696542606621
app_id: 0, app_name: SAR_api-aarch64, task_id: 1574, task_name: DASH_FFT, resource_name: cpu1, ref_start_time: 2116696548366892, ref_stop_time: 2116696548429742, actual_exe_time: 62850, task_app_start_time:2116690715016524, task_sched_time:2116696548362512
app_id: 0, app_name: SAR_api-aarch64, task_id: 1575, task_name: DASH_ZIP, resource_name: cpu2, ref_start_time: 2116696552087403, ref_stop_time: 2116696552168703, actual_exe_time: 81300, task_app_start_time:2116690715016524, task_sched_time:2116696552079513
app_id: 0, app_name: SAR_api-aarch64, task_id: 1576, task_name: DASH_FFT, resource_name: cpu3, ref_start_time: 2116696558596384, ref_stop_time: 2116696558675584, actual_exe_time: 79200, task_app_start_time:2116690715016524, task_sched_time:2116696552843043
app_id: 0, app_name: SAR_api-aarch64, task_id: 1577, task_name: DASH_ZIP, resource_name: zip1, ref_start_time: 2116696561852254, ref_stop_time: 2116696561973214, actual_exe_time: 120960, task_app_start_time:2116690715016524, task_sched_time:2116696561841814
app_id: 0, app_name: SAR_api-aarch64, task_id: 1578, task_name: DASH_FFT, resource_name: cpu1, ref_start_time: 2116696563054175, ref_stop_time: 2116696563691105, actual_exe_time: 636930, task_app_start_time:2116690715016524, task_sched_time:2116696563040105
app_id: 0, app_name: SAR_api-aarch64, task_id: 1579, task_name: DASH_ZIP, resource_name: cpu2, ref_start_time: 2116696570725776, ref_stop_time: 2116696570809206, actual_exe_time: 83430, task_app_start_time:2116690715016524, task_sched_time:2116696570719206
app_id: 0, app_name: SAR_api-aarch64, task_id: 1580, task_name: DASH_FFT, resource_name: cpu3, ref_start_time: 2116696575870567, ref_stop_time: 2116696575937317, actual_exe_time: 66750, task_app_start_time:2116690715016524, task_sched_time:2116696575864807
app_id: 0, app_name: SAR_api-aarch64, task_id: 1581, task_name: DASH_ZIP, resource_name: zip1, ref_start_time: 2116696577498787, ref_stop_time: 2116696577619117, actual_exe_time: 120330, task_app_start_time:2116690715016524, task_sched_time:2116696577489307
app_id: 0, app_name: SAR_api-aarch64, task_id: 1582, task_name: DASH_FFT, resource_name: cpu1, ref_start_time: 2116696577962257, ref_stop_time: 2116696578012447, actual_exe_time: 50190, task_app_start_time:2116690715016524, task_sched_time:2116696577864067
app_id: 0, app_name: SAR_api-aarch64, task_id: 1583, task_name: DASH_ZIP, resource_name: cpu2, ref_start_time: 2116696586805568, ref_stop_time: 2116696586891818, actual_exe_time: 86250, task_app_start_time:2116690715016524, task_sched_time:2116696586797978
app_id: 0, app_name: SAR_api-aarch64, task_id: 1584, task_name: DASH_FFT, resource_name: cpu3, ref_start_time: 2116696590976199, ref_stop_time: 2116696591045799, actual_exe_time: 69600, task_app_start_time:2116690715016524, task_sched_time:2116696590970649
app_id: 0, app_name: SAR_api-aarch64, task_id: 1585, task_name: DASH_ZIP, resource_name: zip1, ref_start_time: 2116696592517089, ref_stop_time: 2116696592644439, actual_exe_time: 127350, task_app_start_time:2116690715016524, task_sched_time:2116696592511869
app_id: 0, app_name: SAR_api-aarch64, task_id: 1586, task_name: DASH_FFT, resource_name: cpu1, ref_start_time: 2116696602907711, ref_stop_time: 2116696602963601, actual_exe_time: 55890, task_app_start_time:2116690715016524, task_sched_time:2116696602802891
app_id: 0, app_name: SAR_api-aarch64, task_id: 1587, task_name: DASH_ZIP, resource_name: cpu2, ref_start_time: 2116696606043462, ref_stop_time: 2116696606121582, actual_exe_time: 78120, task_app_start_time:2116690715016524, task_sched_time:2116696606037012
app_id: 0, app_name: SAR_api-aarch64, task_id: 1588, task_name: DASH_FFT, resource_name: cpu3, ref_start_time: 2116696614729543, ref_stop_time: 2116696614801693, actual_exe_time: 72150, task_app_start_time:2116690715016524, task_sched_time:2116696614719313
app_id: 0, app_name: SAR_api-aarch64, task_id: 1589, task_name: DASH_ZIP, resource_name: zip1, ref_start_time: 2116696626706775, ref_stop_time: 2116696626834485, actual_exe_time: 127710, task_app_start_time:2116690715016524, task_sched_time:2116696626699275
app_id: 0, app_name: SAR_api-aarch64, task_id: 1590, task_name: DASH_FFT, resource_name: cpu1, ref_start_time: 2116696632681606, ref_stop_time: 2116696632745506, actual_exe_time: 63900, task_app_start_time:2116690715016524, task_sched_time:2116696632673296
app_id: 0, app_name: SAR_api-aarch64, task_id: 1591, task_name: DASH_ZIP, resource_name: cpu2, ref_start_time: 2116696633922196, ref_stop_time: 2116696633999896, actual_exe_time: 77700, task_app_start_time:2116690715016524, task_sched_time:2116696633918236
app_id: 0, app_name: SAR_api-aarch64, task_id: 1592, task_name: DASH_FFT, resource_name: cpu3, ref_start_time: 2116696642594297, ref_stop_time: 2116696642667647, actual_exe_time: 73350, task_app_start_time:2116690715016524, task_sched_time:2116696642587127
app_id: 0, app_name: SAR_api-aarch64, task_id: 1593, task_name: DASH_ZIP, resource_name: zip1, ref_start_time: 2116696647327128, ref_stop_time: 2116696647455378, actual_exe_time: 128250, task_app_start_time:2116690715016524, task_sched_time:2116696647317528
app_id: 0, app_name: SAR_api-aarch64, task_id: 1594, task_name: DASH_FFT, resource_name: cpu1, ref_start_time: 2116696650895239, ref_stop_time: 2116696650952359, actual_exe_time: 57120, task_app_start_time:2116690715016524, task_sched_time:2116696650733539
app_id: 0, app_name: SAR_api-aarch64, task_id: 1595, task_name: DASH_ZIP, resource_name: cpu2, ref_start_time: 2116696651185069, ref_stop_time: 2116696652109519, actual_exe_time: 924450, task_app_start_time:2116690715016524, task_sched_time:2116696651176939
app_id: 0, app_name: SAR_api-aarch64, task_id: 1596, task_name: DASH_FFT, resource_name: cpu3, ref_start_time: 2116696653028959, ref_stop_time: 2116696653092439, actual_exe_time: 63480, task_app_start_time:2116690715016524, task_sched_time:2116696653021939
app_id: 0, app_name: SAR_api-aarch64, task_id: 1597, task_name: DASH_ZIP, resource_name: zip1, ref_start_time: 2116696654100769, ref_stop_time: 2116696654221849, actual_exe_time: 121080, task_app_start_time:2116690715016524, task_sched_time:2116696654095459
app_id: 0, app_name: SAR_api-aarch64, task_id: 1598, task_name: DASH_FFT, resource_name: cpu1, ref_start_time: 2116696655077359, ref_stop_time: 2116696655128149, actual_exe_time: 50790, task_app_start_time:2116690715016524, task_sched_time:2116696655068509
app_id: 0, app_name: SAR_api-aarch64, task_id: 1599, task_name: DASH_ZIP, resource_name: cpu2, ref_start_time: 2116696658584750, ref_stop_time: 2116696658661340, actual_exe_time: 76590, task_app_start_time:2116690715016524, task_sched_time:2116696655352490
app_id: 0, app_name: SAR_api-aarch64, task_id: 1600, task_name: DASH_FFT, resource_name: cpu3, ref_start_time: 2116696661387050, ref_stop_time: 2116696661469100, actual_exe_time: 82050, task_app_start_time:2116690715016524, task_sched_time:2116696661377360
app_id: 0, app_name: SAR_api-aarch64, task_id: 1601, task_name: DASH_ZIP, resource_name: zip1, ref_start_time: 2116696663201781, ref_stop_time: 2116696663327181, actual_exe_time: 125400, task_app_start_time:2116690715016524, task_sched_time:2116696663069631
app_id: 0, app_name: SAR_api-aarch64, task_id: 1602, task_name: DASH_FFT, resource_name: cpu1, ref_start_time: 2116696666682891, ref_stop_time: 2116696666739561, actual_exe_time: 56670, task_app_start_time:2116690715016524, task_sched_time:2116696666622801
app_id: 0, app_name: SAR_api-aarch64, task_id: 1603, task_name: DASH_ZIP, resource_name: cpu2, ref_start_time: 2116696667785002, ref_stop_time: 2116696667863212, actual_exe_time: 78210, task_app_start_time:2116690715016524, task_sched_time:2116696667779752
app_id: 0, app_name: SAR_api-aarch64, task_id: 1604, task_name: DASH_FFT, resource_name: cpu3, ref_start_time: 2116696670607672, ref_stop_time: 2116696670682282, actual_exe_time: 74610, task_app_start_time:2116690715016524, task_sched_time:2116696668635562
app_id: 0, app_name: SAR_api-aarch64, task_id: 1605, task_name: DASH_ZIP, resource_name: zip1, ref_start_time: 2116696674749653, ref_stop_time: 2116696674870493, actual_exe_time: 120840, task_app_start_time:2116690715016524, task_sched_time:2116696674743353
app_id: 0, app_name: SAR_api-aarch64, task_id: 1606, task_name: DASH_FFT, resource_name: cpu1, ref_start_time: 2116696676883493, ref_stop_time: 2116696676974813, actual_exe_time: 91320, task_app_start_time:2116690715016524, task_sched_time:2116696676876383
app_id: 0, app_name: SAR_api-aarch64, task_id: 1607, task_name: DASH_ZIP, resource_name: cpu2, ref_start_time: 2116696677343123, ref_stop_time: 2116696677419113, actual_exe_time: 75990, task_app_start_time:2116690715016524, task_sched_time:2116696677338833
app_id: 0, app_name: SAR_api-aarch64, task_id: 1608, task_name: DASH_FFT, resource_name: cpu3, ref_start_time: 2116696686577305, ref_stop_time: 2116696686654735, actual_exe_time: 77430, task_app_start_time:2116690715016524, task_sched_time:2116696680908684
app_id: 0, app_name: SAR_api-aarch64, task_id: 1609, task_name: DASH_ZIP, resource_name: zip1, ref_start_time: 2116696689801255, ref_stop_time: 2116696689921915, actual_exe_time: 120660, task_app_start_time:2116690715016524, task_sched_time:2116696689797265
app_id: 0, app_name: SAR_api-aarch64, task_id: 1610, task_name: DASH_FFT, resource_name: cpu1, ref_start_time: 2116696691154585, ref_stop_time: 2116696691212035, actual_exe_time: 57450, task_app_start_time:2116690715016524, task_sched_time:2116696691150355
app_id: 0, app_name: SAR_api-aarch64, task_id: 1611, task_name: DASH_ZIP, resource_name: cpu2, ref_start_time: 2116696698626146, ref_stop_time: 2116696698709786, actual_exe_time: 83640, task_app_start_time:2116690715016524, task_sched_time:2116696698616366
app_id: 0, app_name: SAR_api-aarch64, task_id: 1612, task_name: DASH_FFT, resource_name: cpu3, ref_start_time: 2116696704769727, ref_stop_time: 2116696704840947, actual_exe_time: 71220, task_app_start_time:2116690715016524, task_sched_time:2116696704765287
app_id: 0, app_name: SAR_api-aarch64, task_id: 1613, task_name: DASH_ZIP, resource_name: zip1, ref_start_time: 2116696710853368, ref_stop_time: 2116696710978888, actual_exe_time: 125520, task_app_start_time:2116690715016524, task_sched_time:2116696710844548
app_id: 0, app_name: SAR_api-aarch64, task_id: 1614, task_name: DASH_FFT, resource_name: cpu1, ref_start_time: 2116696718037170, ref_stop_time: 2116696718095460, actual_exe_time: 58290, task_app_start_time:2116690715016524, task_sched_time:2116696718031890
app_id: 0, app_name: SAR_api-aarch64, task_id: 1615, task_name: DASH_ZIP, resource_name: cpu2, ref_start_time: 2116696719198020, ref_stop_time: 2116696719276230, actual_exe_time: 78210, task_app_start_time:2116690715016524, task_sched_time:2116696719193130
app_id: 0, app_name: SAR_api-aarch64, task_id: 1616, task_name: DASH_FFT, resource_name: cpu3, ref_start_time: 2116696726795041, ref_stop_time: 2116696726871481, actual_exe_time: 76440, task_app_start_time:2116690715016524, task_sched_time:2116696726785021
app_id: 0, app_name: SAR_api-aarch64, task_id: 1617, task_name: DASH_ZIP, resource_name: zip1, ref_start_time: 2116696730719102, ref_stop_time: 2116696730840692, actual_exe_time: 121590, task_app_start_time:2116690715016524, task_sched_time:2116696730711332
app_id: 0, app_name: SAR_api-aarch64, task_id: 1618, task_name: DASH_FFT, resource_name: cpu1, ref_start_time: 2116696734172132, ref_stop_time: 2116696734234112, actual_exe_time: 61980, task_app_start_time:2116690715016524, task_sched_time:2116696734162622
app_id: 0, app_name: SAR_api-aarch64, task_id: 1619, task_name: DASH_ZIP, resource_name: cpu2, ref_start_time: 2116696742677704, ref_stop_time: 2116696742759004, actual_exe_time: 81300, task_app_start_time:2116690715016524, task_sched_time:2116696742669754
app_id: 0, app_name: SAR_api-aarch64, task_id: 1620, task_name: DASH_FFT, resource_name: cpu3, ref_start_time: 2116696746852834, ref_stop_time: 2116696747171104, actual_exe_time: 318270, task_app_start_time:2116690715016524, task_sched_time:2116696746847764
app_id: 0, app_name: SAR_api-aarch64, task_id: 1621, task_name: DASH_ZIP, resource_name: zip1, ref_start_time: 2116696749895495, ref_stop_time: 2116696750020865, actual_exe_time: 125370, task_app_start_time:2116690715016524, task_sched_time:2116696749887035
app_id: 0, app_name: SAR_api-aarch64, task_id: 1622, task_name: DASH_FFT, resource_name: cpu1, ref_start_time: 2116696753375045, ref_stop_time: 2116696753436455, actual_exe_time: 61410, task_app_start_time:2116690715016524, task_sched_time:2116696753366195
app_id: 0, app_name: SAR_api-aarch64, task_id: 1623, task_name: DASH_ZIP, resource_name: cpu2, ref_start_time: 2116696754569675, ref_stop_time: 2116696755045746, actual_exe_time: 476071, task_app_start_time:2116690715016524, task_sched_time:2116696754565175
app_id: 0, app_name: SAR_api-aarch64, task_id: 1624, task_name: DASH_FFT, resource_name: cpu3, ref_start_time: 2116696758587096, ref_stop_time: 2116696758660686, actual_exe_time: 73590, task_app_start_time:2116690715016524, task_sched_time:2116696755705446
app_id: 0, app_name: SAR_api-aarch64, task_id: 1625, task_name: DASH_ZIP, resource_name: zip1, ref_start_time: 2116696762503387, ref_stop_time: 2116696762652937, actual_exe_time: 149550, task_app_start_time:2116690715016524, task_sched_time:2116696762495677
app_id: 0, app_name: SAR_api-aarch64, task_id: 1626, task_name: DASH_FFT, resource_name: cpu1, ref_start_time: 2116696763439207, ref_stop_time: 2116696763492217, actual_exe_time: 53010, task_app_start_time:2116690715016524, task_sched_time:2116696763399907
app_id: 0, app_name: SAR_api-aarch64, task_id: 1627, task_name: DASH_ZIP, resource_name: cpu2, ref_start_time: 2116696766722737, ref_stop_time: 2116696766802537, actual_exe_time: 79800, task_app_start_time:2116690715016524, task_sched_time:2116696766701317
app_id: 0, app_name: SAR_api-aarch64, task_id: 1628, task_name: DASH_FFT, resource_name: cpu3, ref_start_time: 2116696770852718, ref_stop_time: 2116696770921898, actual_exe_time: 69180, task_app_start_time:2116690715016524, task_sched_time:2116696770845248
app_id: 0, app_name: SAR_api-aarch64, task_id: 1629, task_name: DASH_ZIP, resource_name: zip1, ref_start_time: 2116696777152509, ref_stop_time: 2116696777273739, actual_exe_time: 121230, task_app_start_time:2116690715016524, task_sched_time:2116696777143389
app_id: 0, app_name: SAR_api-aarch64, task_id: 1630, task_name: DASH_FFT, resource_name: cpu1, ref_start_time: 2116696782785280, ref_stop_time: 2116696782844800, actual_exe_time: 59520, task_app_start_time:2116690715016524, task_sched_time:2116696782772350
app_id: 0, app_name: SAR_api-aarch64, task_id: 1631, task_name: DASH_ZIP, resource_name: cpu2, ref_start_time: 2116696790442271, ref_stop_time: 2116696790522521, actual_exe_time: 80250, task_app_start_time:2116690715016524, task_sched_time:2116696790431741
app_id: 0, app_name: SAR_api-aarch64, task_id: 1632, task_name: DASH_FFT, resource_name: cpu3, ref_start_time: 2116696791686761, ref_stop_time: 2116696791755281, actual_exe_time: 68520, task_app_start_time:2116690715016524, task_sched_time:2116696791683551
app_id: 0, app_name: SAR_api-aarch64, task_id: 1633, task_name: DASH_ZIP, resource_name: zip1, ref_start_time: 2116696795040702, ref_stop_time: 2116696795170632, actual_exe_time: 129930, task_app_start_time:2116690715016524, task_sched_time:2116696795030742
app_id: 0, app_name: SAR_api-aarch64, task_id: 1634, task_name: DASH_FFT, resource_name: cpu1, ref_start_time: 2116696797125672, ref_stop_time: 2116696797179972, actual_exe_time: 54300, task_app_start_time:2116690715016524, task_sched_time:2116696797105752
app_id: 0, app_name: SAR_api-aarch64, task_id: 1635, task_name: DASH_ZIP, resource_name: cpu2, ref_start_time: 2116696802583543, ref_stop_time: 2116696802664903, actual_exe_time: 81360, task_app_start_time:2116690715016524, task_sched_time:2116696798019372
app_id: 0, app_name: SAR_api-aarch64, task_id: 1636, task_name: DASH_FFT, resource_name: cpu3, ref_start_time: 2116696803332103, ref_stop_time: 2116696803395163, actual_exe_time: 63060, task_app_start_time:2116690715016524, task_sched_time:2116696803323103
app_id: 0, app_name: SAR_api-aarch64, task_id: 1637, task_name: DASH_ZIP, resource_name: zip1, ref_start_time: 2116696804467154, ref_stop_time: 2116696804587034, actual_exe_time: 119880, task_app_start_time:2116690715016524, task_sched_time:2116696804462474
app_id: 0, app_name: SAR_api-aarch64, task_id: 1638, task_name: DASH_FFT, resource_name: cpu1, ref_start_time: 2116696805299354, ref_stop_time: 2116696805347324, actual_exe_time: 47970, task_app_start_time:2116690715016524, task_sched_time:2116696805232094
app_id: 0, app_name: SAR_api-aarch64, task_id: 1639, task_name: DASH_ZIP, resource_name: cpu2, ref_start_time: 2116696806461374, ref_stop_time: 2116696806687784, actual_exe_time: 226410, task_app_start_time:2116690715016524, task_sched_time:2116696806301474
app_id: 0, app_name: SAR_api-aarch64, task_id: 1640, task_name: DASH_FFT, resource_name: cpu3, ref_start_time: 2116696807642744, ref_stop_time: 2116696807705834, actual_exe_time: 63090, task_app_start_time:2116690715016524, task_sched_time:2116696807639834
app_id: 0, app_name: SAR_api-aarch64, task_id: 1641, task_name: DASH_ZIP, resource_name: zip1, ref_start_time: 2116696810981235, ref_stop_time: 2116696811106395, actual_exe_time: 125160, task_app_start_time:2116690715016524, task_sched_time:2116696810972325
app_id: 0, app_name: SAR_api-aarch64, task_id: 1642, task_name: DASH_FFT, resource_name: cpu1, ref_start_time: 2116696812374645, ref_stop_time: 2116696812428855, actual_exe_time: 54210, task_app_start_time:2116690715016524, task_sched_time:2116696812371285
app_id: 0, app_name: SAR_api-aarch64, task_id: 1643, task_name: DASH_ZIP, resource_name: cpu2, ref_start_time: 2116696813305275, ref_stop_time: 2116696813382555, actual_exe_time: 77280, task_app_start_time:2116690715016524, task_sched_time:2116696813296845
app_id: 0, app_name: SAR_api-aarch64, task_id: 1644, task_name: DASH_FFT, resource_name: cpu3, ref_start_time: 2116696814577695, ref_stop_time: 2116696814647925, actual_exe_time: 70230, task_app_start_time:2116690715016524, task_sched_time:2116696813996685
app_id: 0, app_name: SAR_api-aarch64, task_id: 1645, task_name: DASH_ZIP, resource_name: zip1, ref_start_time: 2116696815591335, ref_stop_time: 2116696815710795, actual_exe_time: 119460, task_app_start_time:2116690715016524, task_sched_time:2116696815586565
app_id: 0, app_name: SAR_api-aarch64, task_id: 1646, task_name: DASH_FFT, resource_name: cpu1, ref_start_time: 2116696816340615, ref_stop_time: 2116696816388915, actual_exe_time: 48300, task_app_start_time:2116690715016524, task_sched_time:2116696816329215
app_id: 0, app_name: SAR_api-aarch64, task_id: 1647, task_name: DASH_ZIP, resource_name: cpu2, ref_start_time: 2116696817269716, ref_stop_time: 2116696817344026, actual_exe_time: 74310, task_app_start_time:2116690715016524, task_sched_time:2116696817263806
app_id: 0, app_name: SAR_api-aarch64, task_id: 1648, task_name: DASH_FFT, resource_name: cpu3, ref_start_time: 2116696818589896, ref_stop_time: 2116696818655836, actual_exe_time: 65940, task_app_start_time:2116690715016524, task_sched_time:2116696817922396
app_id: 0, app_name: SAR_api-aarch64, task_id: 1649, task_name: DASH_ZIP, resource_name: zip1, ref_start_time: 2116696819577256, ref_stop_time: 2116696819697076, actual_exe_time: 119820, task_app_start_time:2116690715016524, task_sched_time:2116696819567446
app_id: 0, app_name: SAR_api-aarch64, task_id: 1650, task_name: DASH_FFT, resource_name: cpu1, ref_start_time: 2116696820327136, ref_stop_time: 2116696820374776, actual_exe_time: 47640, task_app_start_time:2116690715016524, task_sched_time:2116696820310366
app_id: 0, app_name: SAR_api-aarch64, task_id: 1651, task_name: DASH_ZIP, resource_name: cpu2, ref_start_time: 2116696821147486, ref_stop_time: 2116696821221316, actual_exe_time: 73830, task_app_start_time:2116690715016524, task_sched_time:2116696821142956
app_id: 0, app_name: SAR_api-aarch64, task_id: 1652, task_name: DASH_FFT, resource_name: cpu3, ref_start_time: 2116696822573806, ref_stop_time: 2116696822638936, actual_exe_time: 65130, task_app_start_time:2116690715016524, task_sched_time:2116696821789456
app_id: 0, app_name: SAR_api-aarch64, task_id: 1653, task_name: DASH_ZIP, resource_name: zip1, ref_start_time: 2116696823579467, ref_stop_time: 2116696823699257, actual_exe_time: 119790, task_app_start_time:2116690715016524, task_sched_time:2116696823574067
app_id: 0, app_name: SAR_api-aarch64, task_id: 1654, task_name: DASH_FFT, resource_name: cpu1, ref_start_time: 2116696824452677, ref_stop_time: 2116696824502177, actual_exe_time: 49500, task_app_start_time:2116690715016524, task_sched_time:2116696824405367
app_id: 0, app_name: SAR_api-aarch64, task_id: 1655, task_name: DASH_ZIP, resource_name: cpu2, ref_start_time: 2116696825938847, ref_stop_time: 2116696826015497, actual_exe_time: 76650, task_app_start_time:2116690715016524, task_sched_time:2116696825931407
app_id: 0, app_name: SAR_api-aarch64, task_id: 1656, task_name: DASH_FFT, resource_name: cpu3, ref_start_time: 2116696826761177, ref_stop_time: 2116696826821567, actual_exe_time: 60390, task_app_start_time:2116690715016524, task_sched_time:2116696826753227
app_id: 0, app_name: SAR_api-aarch64, task_id: 1657, task_name: DASH_ZIP, resource_name: zip1, ref_start_time: 2116696835129738, ref_stop_time: 2116696835256938, actual_exe_time: 127200, task_app_start_time:2116690715016524, task_sched_time:2116696835123708
app_id: 0, app_name: SAR_api-aarch64, task_id: 1658, task_name: DASH_FFT, resource_name: cpu1, ref_start_time: 2116696836016239, ref_stop_time: 2116696836071769, actual_exe_time: 55530, task_app_start_time:2116690715016524, task_sched_time:2116696836012219
app_id: 0, app_name: SAR_api-aarch64, task_id: 1659, task_name: DASH_ZIP, resource_name: cpu2, ref_start_time: 2116696840566579, ref_stop_time: 2116696840644849, actual_exe_time: 78270, task_app_start_time:2116690715016524, task_sched_time:2116696840561929
app_id: 0, app_name: SAR_api-aarch64, task_id: 1660, task_name: DASH_FFT, resource_name: cpu3, ref_start_time: 2116696841807560, ref_stop_time: 2116696841874460, actual_exe_time: 66900, task_app_start_time:2116690715016524, task_sched_time:2116696841802040
app_id: 0, app_name: SAR_api-aarch64, task_id: 1661, task_name: DASH_ZIP, resource_name: zip1, ref_start_time: 2116696842750790, ref_stop_time: 2116696843172440, actual_exe_time: 421650, task_app_start_time:2116690715016524, task_sched_time:2116696842744460
app_id: 0, app_name: SAR_api-aarch64, task_id: 1662, task_name: DASH_FFT, resource_name: cpu1, ref_start_time: 2116696851095651, ref_stop_time: 2116696851154841, actual_exe_time: 59190, task_app_start_time:2116690715016524, task_sched_time:2116696851033011
app_id: 0, app_name: SAR_api-aarch64, task_id: 1663, task_name: DASH_ZIP, resource_name: cpu2, ref_start_time: 2116696856849472, ref_stop_time: 2116696856928942, actual_exe_time: 79470, task_app_start_time:2116690715016524, task_sched_time:2116696856843532
app_id: 0, app_name: SAR_api-aarch64, task_id: 1664, task_name: DASH_FFT, resource_name: cpu3, ref_start_time: 2116696858111902, ref_stop_time: 2116696858177512, actual_exe_time: 65610, task_app_start_time:2116690715016524, task_sched_time:2116696858102422
app_id: 0, app_name: SAR_api-aarch64, task_id: 1665, task_name: DASH_ZIP, resource_name: zip1, ref_start_time: 2116696866600044, ref_stop_time: 2116696866732914, actual_exe_time: 132870, task_app_start_time:2116690715016524, task_sched_time:2116696861674913
app_id: 0, app_name: SAR_api-aarch64, task_id: 1666, task_name: DASH_FFT, resource_name: cpu1, ref_start_time: 2116696867810814, ref_stop_time: 2116696867863164, actual_exe_time: 52350, task_app_start_time:2116690715016524, task_sched_time:2116696867745324
app_id: 0, app_name: SAR_api-aarch64, task_id: 1667, task_name: DASH_ZIP, resource_name: cpu2, ref_start_time: 2116696868707394, ref_stop_time: 2116696868782484, actual_exe_time: 75090, task_app_start_time:2116690715016524, task_sched_time:2116696868700314
app_id: 0, app_name: SAR_api-aarch64, task_id: 1668, task_name: DASH_FFT, resource_name: cpu3, ref_start_time: 2116696870591454, ref_stop_time: 2116696870663784, actual_exe_time: 72330, task_app_start_time:2116690715016524, task_sched_time:2116696869348524
app_id: 0, app_name: SAR_api-aarch64, task_id: 1669, task_name: DASH_ZIP, resource_name: zip1, ref_start_time: 2116696872038624, ref_stop_time: 2116696872162224, actual_exe_time: 123600, task_app_start_time:2116690715016524, task_sched_time:2116696871632574
app_id: 0, app_name: SAR_api-aarch64, task_id: 1670, task_name: DASH_FFT, resource_name: cpu1, ref_start_time: 2116696876355415, ref_stop_time: 2116696876414035, actual_exe_time: 58620, task_app_start_time:2116690715016524, task_sched_time:2116696876299495
app_id: 0, app_name: SAR_api-aarch64, task_id: 1671, task_name: DASH_ZIP, resource_name: cpu2, ref_start_time: 2116696878585405, ref_stop_time: 2116696878666075, actual_exe_time: 80670, task_app_start_time:2116690715016524, task_sched_time:2116696877371665
app_id: 0, app_name: SAR_api-aarch64, task_id: 1672, task_name: DASH_FFT, resource_name: cpu3, ref_start_time: 2116696879319086, ref_stop_time: 2116696879385956, actual_exe_time: 66870, task_app_start_time:2116690715016524, task_sched_time:2116696879315036
app_id: 0, app_name: SAR_api-aarch64, task_id: 1673, task_name: DASH_ZIP, resource_name: zip1, ref_start_time: 2116696880406946, ref_stop_time: 2116696880529196, actual_exe_time: 122250, task_app_start_time:2116690715016524, task_sched_time:2116696880401246
app_id: 0, app_name: SAR_api-aarch64, task_id: 1674, task_name: DASH_FFT, resource_name: cpu1, ref_start_time: 2116696881207796, ref_stop_time: 2116696881257716, actual_exe_time: 49920, task_app_start_time:2116690715016524, task_sched_time:2116696881180046
app_id: 0, app_name: SAR_api-aarch64, task_id: 1675, task_name: DASH_ZIP, resource_name: cpu2, ref_start_time: 2116696882587016, ref_stop_time: 2116696882663786, actual_exe_time: 76770, task_app_start_time:2116690715016524, task_sched_time:2116696882049866
app_id: 0, app_name: SAR_api-aarch64, task_id: 1676, task_name: DASH_FFT, resource_name: cpu3, ref_start_time: 2116696883227186, ref_stop_time: 2116696883284216, actual_exe_time: 57030, task_app_start_time:2116690715016524, task_sched_time:2116696883219956
app_id: 0, app_name: SAR_api-aarch64, task_id: 1677, task_name: DASH_ZIP, resource_name: zip1, ref_start_time: 2116696884215746, ref_stop_time: 2116696884334966, actual_exe_time: 119220, task_app_start_time:2116690715016524, task_sched_time:2116696884210226
app_id: 0, app_name: SAR_api-aarch64, task_id: 1678, task_name: DASH_FFT, resource_name: cpu1, ref_start_time: 2116696884986926, ref_stop_time: 2116696885035316, actual_exe_time: 48390, task_app_start_time:2116690715016524, task_sched_time:2116696884952996
app_id: 0, app_name: SAR_api-aarch64, task_id: 1679, task_name: DASH_ZIP, resource_name: cpu2, ref_start_time: 2116696886671427, ref_stop_time: 2116696886747987, actual_exe_time: 76560, task_app_start_time:2116690715016524, task_sched_time:2116696885829387
app_id: 0, app_name: SAR_api-aarch64, task_id: 1680, task_name: DASH_FFT, resource_name: cpu3, ref_start_time: 2116696887313937, ref_stop_time: 2116696887376637, actual_exe_time: 62700, task_app_start_time:2116690715016524, task_sched_time:2116696887306227
app_id: 0, app_name: SAR_api-aarch64, task_id: 1681, task_name: DASH_ZIP, resource_name: zip1, ref_start_time: 2116696888461077, ref_stop_time: 2116696888582787, actual_exe_time: 121710, task_app_start_time:2116690715016524, task_sched_time:2116696888457537
app_id: 0, app_name: SAR_api-aarch64, task_id: 1682, task_name: DASH_FFT, resource_name: cpu1, ref_start_time: 2116696890740297, ref_stop_time: 2116696890795047, actual_exe_time: 54750, task_app_start_time:2116690715016524, task_sched_time:2116696890714497
app_id: 0, app_name: SAR_api-aarch64, task_id: 1683, task_name: DASH_ZIP, resource_name: cpu2, ref_start_time: 2116696895006448, ref_stop_time: 2116696895086518, actual_exe_time: 80070, task_app_start_time:2116690715016524, task_sched_time:2116696894995558
app_id: 0, app_name: SAR_api-aarch64, task_id: 1684, task_name: DASH_FFT, resource_name: cpu3, ref_start_time: 2116696895697138, ref_stop_time: 2116696895756868, actual_exe_time: 59730, task_app_start_time:2116690715016524, task_sched_time:2116696895689188
app_id: 0, app_name: SAR_api-aarch64, task_id: 1685, task_name: DASH_ZIP, resource_name: zip1, ref_start_time: 2116696902809179, ref_stop_time: 2116696902932089, actual_exe_time: 122910, task_app_start_time:2116690715016524, task_sched_time:2116696902799489
app_id: 0, app_name: SAR_api-aarch64, task_id: 1686, task_name: DASH_FFT, resource_name: cpu1, ref_start_time: 2116696903684999, ref_stop_time: 2116696903737769, actual_exe_time: 52770, task_app_start_time:2116690715016524, task_sched_time:2116696903615609
app_id: 0, app_name: SAR_api-aarch64, task_id: 1687, task_name: DASH_ZIP, resource_name: cpu2, ref_start_time: 2116696904714150, ref_stop_time: 2116696904788490, actual_exe_time: 74340, task_app_start_time:2116690715016524, task_sched_time:2116696904702180
app_id: 0, app_name: SAR_api-aarch64, task_id: 1688, task_name: DASH_FFT, resource_name: cpu3, ref_start_time: 2116696905465200, ref_stop_time: 2116696905521000, actual_exe_time: 55800, task_app_start_time:2116690715016524, task_sched_time:2116696905456500
app_id: 0, app_name: SAR_api-aarch64, task_id: 1689, task_name: DASH_ZIP, resource_name: zip1, ref_start_time: 2116696908262040, ref_stop_time: 2116696908383570, actual_exe_time: 121530, task_app_start_time:2116690715016524, task_sched_time:2116696908255230
app_id: 0, app_name: SAR_api-aarch64, task_id: 1690, task_name: DASH_FFT, resource_name: cpu1, ref_start_time: 2116696911437301, ref_stop_time: 2116696911491901, actual_exe_time: 54600, task_app_start_time:2116690715016524, task_sched_time:2116696911430491
app_id: 0, app_name: SAR_api-aarch64, task_id: 1691, task_name: DASH_ZIP, resource_name: cpu2, ref_start_time: 2116696915076961, ref_stop_time: 2116696915156161, actual_exe_time: 79200, task_app_start_time:2116690715016524, task_sched_time:2116696915070811
app_id: 0, app_name: SAR_api-aarch64, task_id: 1692, task_name: DASH_FFT, resource_name: cpu3, ref_start_time: 2116696918605142, ref_stop_time: 2116696918669162, actual_exe_time: 64020, task_app_start_time:2116690715016524, task_sched_time:2116696918599802
app_id: 0, app_name: SAR_api-aarch64, task_id: 1693, task_name: DASH_ZIP, resource_name: zip1, ref_start_time: 2116696919204722, ref_stop_time: 2116696919323612, actual_exe_time: 118890, task_app_start_time:2116690715016524, task_sched_time:2116696919200852
app_id: 0, app_name: SAR_api-aarch64, task_id: 1694, task_name: DASH_FFT, resource_name: cpu1, ref_start_time: 2116696922794823, ref_stop_time: 2116696922845943, actual_exe_time: 51120, task_app_start_time:2116690715016524, task_sched_time:2116696922789243
app_id: 0, app_name: SAR_api-aarch64, task_id: 1695, task_name: DASH_ZIP, resource_name: cpu2, ref_start_time: 2116696923618683, ref_stop_time: 2116696923693293, actual_exe_time: 74610, task_app_start_time:2116690715016524, task_sched_time:2116696923611273
app_id: 0, app_name: SAR_api-aarch64, task_id: 1696, task_name: DASH_FFT, resource_name: cpu3, ref_start_time: 2116696925632793, ref_stop_time: 2116696925689223, actual_exe_time: 56430, task_app_start_time:2116690715016524, task_sched_time:2116696925628083
app_id: 0, app_name: SAR_api-aarch64, task_id: 1697, task_name: DASH_ZIP, resource_name: zip1, ref_start_time: 2116696930739514, ref_stop_time: 2116696930865664, actual_exe_time: 126150, task_app_start_time:2116690715016524, task_sched_time:2116696930733004
app_id: 0, app_name: SAR_api-aarch64, task_id: 1698, task_name: DASH_FFT, resource_name: cpu1, ref_start_time: 2116696931214744, ref_stop_time: 2116696931268144, actual_exe_time: 53400, task_app_start_time:2116690715016524, task_sched_time:2116696931139144
app_id: 0, app_name: SAR_api-aarch64, task_id: 1699, task_name: DASH_ZIP, resource_name: cpu2, ref_start_time: 2116696934810334, ref_stop_time: 2116696934888424, actual_exe_time: 78090, task_app_start_time:2116690715016524, task_sched_time:2116696934802834
app_id: 0, app_name: SAR_api-aarch64, task_id: 1700, task_name: DASH_FFT, resource_name: cpu3, ref_start_time: 2116696938639685, ref_stop_time: 2116696938702595, actual_exe_time: 62910, task_app_start_time:2116690715016524, task_sched_time:2116696938633415
app_id: 0, app_name: SAR_api-aarch64, task_id: 1701, task_name: DASH_ZIP, resource_name: zip1, ref_start_time: 2116696939890145, ref_stop_time: 2116696940008615, actual_exe_time: 118470, task_app_start_time:2116690715016524, task_sched_time:2116696939883605
app_id: 0, app_name: SAR_api-aarch64, task_id: 1702, task_name: DASH_FFT, resource_name: cpu1, ref_start_time: 2116696943009756, ref_stop_time: 2116696943063696, actual_exe_time: 53940, task_app_start_time:2116690715016524, task_sched_time:2116696943001566
app_id: 0, app_name: SAR_api-aarch64, task_id: 1703, task_name: DASH_ZIP, resource_name: cpu2, ref_start_time: 2116696944763256, ref_stop_time: 2116696944837986, actual_exe_time: 74730, task_app_start_time:2116690715016524, task_sched_time:2116696944756356
app_id: 0, app_name: SAR_api-aarch64, task_id: 1704, task_name: DASH_FFT, resource_name: cpu3, ref_start_time: 2116696945749806, ref_stop_time: 2116696945806866, actual_exe_time: 57060, task_app_start_time:2116690715016524, task_sched_time:2116696945745336
app_id: 0, app_name: SAR_api-aarch64, task_id: 1705, task_name: DASH_ZIP, resource_name: zip1, ref_start_time: 2116696954722268, ref_stop_time: 2116696954846888, actual_exe_time: 124620, task_app_start_time:2116690715016524, task_sched_time:2116696950153597
app_id: 0, app_name: SAR_api-aarch64, task_id: 1706, task_name: DASH_FFT, resource_name: cpu1, ref_start_time: 2116696955209048, ref_stop_time: 2116696955261938, actual_exe_time: 52890, task_app_start_time:2116690715016524, task_sched_time:2116696955135938
app_id: 0, app_name: SAR_api-aarch64, task_id: 1707, task_name: DASH_ZIP, resource_name: cpu2, ref_start_time: 2116696956576298, ref_stop_time: 2116696956650908, actual_exe_time: 74610, task_app_start_time:2116690715016524, task_sched_time:2116696956570238
app_id: 0, app_name: SAR_api-aarch64, task_id: 1708, task_name: DASH_FFT, resource_name: cpu3, ref_start_time: 2116696960462619, ref_stop_time: 2116696960533269, actual_exe_time: 70650, task_app_start_time:2116690715016524, task_sched_time:2116696957242448
app_id: 0, app_name: SAR_api-aarch64, task_id: 1709, task_name: DASH_ZIP, resource_name: zip1, ref_start_time: 2116696961661509, ref_stop_time: 2116696961781899, actual_exe_time: 120390, task_app_start_time:2116690715016524, task_sched_time:2116696961651669
app_id: 0, app_name: SAR_api-aarch64, task_id: 1710, task_name: DASH_FFT, resource_name: cpu1, ref_start_time: 2116696962476999, ref_stop_time: 2116696962526769, actual_exe_time: 49770, task_app_start_time:2116690715016524, task_sched_time:2116696962461669
app_id: 0, app_name: SAR_api-aarch64, task_id: 1711, task_name: DASH_ZIP, resource_name: cpu2, ref_start_time: 2116696963304969, ref_stop_time: 2116696963379339, actual_exe_time: 74370, task_app_start_time:2116690715016524, task_sched_time:2116696963301189
app_id: 0, app_name: SAR_api-aarch64, task_id: 1712, task_name: DASH_FFT, resource_name: cpu3, ref_start_time: 2116696964062199, ref_stop_time: 2116696964116859, actual_exe_time: 54660, task_app_start_time:2116690715016524, task_sched_time:2116696964055779
app_id: 0, app_name: SAR_api-aarch64, task_id: 1713, task_name: DASH_ZIP, resource_name: zip1, ref_start_time: 2116696964898659, ref_stop_time: 2116696965016619, actual_exe_time: 117960, task_app_start_time:2116690715016524, task_sched_time:2116696964895899
app_id: 0, app_name: SAR_api-aarch64, task_id: 1714, task_name: DASH_FFT, resource_name: cpu1, ref_start_time: 2116696965549479, ref_stop_time: 2116696965596189, actual_exe_time: 46710, task_app_start_time:2116690715016524, task_sched_time:2116696965537119
app_id: 0, app_name: SAR_api-aarch64, task_id: 1715, task_name: DASH_ZIP, resource_name: cpu2, ref_start_time: 2116696978207951, ref_stop_time: 2116696978287361, actual_exe_time: 79410, task_app_start_time:2116690715016524, task_sched_time:2116696978197661
app_id: 0, app_name: SAR_api-aarch64, task_id: 1716, task_name: DASH_FFT, resource_name: cpu3, ref_start_time: 2116696979611922, ref_stop_time: 2116696979674712, actual_exe_time: 62790, task_app_start_time:2116690715016524, task_sched_time:2116696979607002
app_id: 0, app_name: SAR_api-aarch64, task_id: 1717, task_name: DASH_ZIP, resource_name: zip1, ref_start_time: 2116696986856323, ref_stop_time: 2116696986987573, actual_exe_time: 131250, task_app_start_time:2116690715016524, task_sched_time:2116696986849003
app_id: 0, app_name: SAR_api-aarch64, task_id: 1718, task_name: DASH_FFT, resource_name: cpu1, ref_start_time: 2116696987298253, ref_stop_time: 2116696987351443, actual_exe_time: 53190, task_app_start_time:2116690715016524, task_sched_time:2116696987243053
app_id: 0, app_name: SAR_api-aarch64, task_id: 1719, task_name: DASH_ZIP, resource_name: cpu2, ref_start_time: 2116696990705293, ref_stop_time: 2116696990780383, actual_exe_time: 75090, task_app_start_time:2116690715016524, task_sched_time:2116696990700883
app_id: 0, app_name: SAR_api-aarch64, task_id: 1720, task_name: DASH_FFT, resource_name: cpu3, ref_start_time: 2116696994862184, ref_stop_time: 2116696994930374, actual_exe_time: 68190, task_app_start_time:2116690715016524, task_sched_time:2116696994858134
app_id: 0, app_name: SAR_api-aarch64, task_id: 1721, task_name: DASH_ZIP, resource_name: zip1, ref_start_time: 2116696996190524, ref_stop_time: 2116696996311364, actual_exe_time: 120840, task_app_start_time:2116690715016524, task_sched_time:2116696996185064
app_id: 0, app_name: SAR_api-aarch64, task_id: 1722, task_name: DASH_FFT, resource_name: cpu1, ref_start_time: 2116697000435765, ref_stop_time: 2116697000493215, actual_exe_time: 57450, task_app_start_time:2116690715016524, task_sched_time:2116697000428715
app_id: 0, app_name: SAR_api-aarch64, task_id: 1723, task_name: DASH_ZIP, resource_name: cpu2, ref_start_time: 2116697001001295, ref_stop_time: 2116697001077825, actual_exe_time: 76530, task_app_start_time:2116690715016524, task_sched_time:2116697000998295
app_id: 0, app_name: SAR_api-aarch64, task_id: 1724, task_name: DASH_FFT, resource_name: cpu3, ref_start_time: 2116697006608056, ref_stop_time: 2116697006682246, actual_exe_time: 74190, task_app_start_time:2116690715016524, task_sched_time:2116697002291265
app_id: 0, app_name: SAR_api-aarch64, task_id: 1725, task_name: DASH_ZIP, resource_name: zip1, ref_start_time: 2116697007753696, ref_stop_time: 2116697007873786, actual_exe_time: 120090, task_app_start_time:2116690715016524, task_sched_time:2116697007746556
app_id: 0, app_name: SAR_api-aarch64, task_id: 1726, task_name: DASH_FFT, resource_name: cpu1, ref_start_time: 2116697008509366, ref_stop_time: 2116697008558086, actual_exe_time: 48720, task_app_start_time:2116690715016524, task_sched_time:2116697008467966
app_id: 0, app_name: SAR_api-aarch64, task_id: 1727, task_name: DASH_ZIP, resource_name: cpu2, ref_start_time: 2116697009303316, ref_stop_time: 2116697009377176, actual_exe_time: 73860, task_app_start_time:2116690715016524, task_sched_time:2116697009297286
app_id: 0, app_name: SAR_api-aarch64, task_id: 1728, task_name: DASH_FFT, resource_name: cpu3, ref_start_time: 2116697009657497, ref_stop_time: 2116697009708197, actual_exe_time: 50700, task_app_start_time:2116690715016524, task_sched_time:2116697009651377
app_id: 0, app_name: SAR_api-aarch64, task_id: 1729, task_name: DASH_ZIP, resource_name: zip1, ref_start_time: 2116697011930207, ref_stop_time: 2116697012054797, actual_exe_time: 124590, task_app_start_time:2116690715016524, task_sched_time:2116697011218067
app_id: 0, app_name: SAR_api-aarch64, task_id: 1730, task_name: DASH_FFT, resource_name: cpu1, ref_start_time: 2116697012817337, ref_stop_time: 2116697012870587, actual_exe_time: 53250, task_app_start_time:2116690715016524, task_sched_time:2116697012745487
app_id: 0, app_name: SAR_api-aarch64, task_id: 1731, task_name: DASH_ZIP, resource_name: cpu2, ref_start_time: 2116697019162338, ref_stop_time: 2116697019245588, actual_exe_time: 83250, task_app_start_time:2116690715016524, task_sched_time:2116697019153638
app_id: 0, app_name: SAR_api-aarch64, task_id: 1732, task_name: DASH_FFT, resource_name: cpu3, ref_start_time: 2116697020056698, ref_stop_time: 2116697020125398, actual_exe_time: 68700, task_app_start_time:2116690715016524, task_sched_time:2116697020051328
app_id: 0, app_name: SAR_api-aarch64, task_id: 1733, task_name: DASH_ZIP, resource_name: zip1, ref_start_time: 2116697026837419, ref_stop_time: 2116697026961049, actual_exe_time: 123630, task_app_start_time:2116690715016524, task_sched_time:2116697026831749
app_id: 0, app_name: SAR_api-aarch64, task_id: 1734, task_name: DASH_FFT, resource_name: cpu1, ref_start_time: 2116697027347509, ref_stop_time: 2116697027400309, actual_exe_time: 52800, task_app_start_time:2116690715016524, task_sched_time:2116697027314419
app_id: 0, app_name: SAR_api-aarch64, task_id: 1735, task_name: DASH_ZIP, resource_name: cpu2, ref_start_time: 2116697028936430, ref_stop_time: 2116697029010590, actual_exe_time: 74160, task_app_start_time:2116690715016524, task_sched_time:2116697028926980
app_id: 0, app_name: SAR_api-aarch64, task_id: 1736, task_name: DASH_FFT, resource_name: cpu3, ref_start_time: 2116697032907530, ref_stop_time: 2116697032979950, actual_exe_time: 72420, task_app_start_time:2116690715016524, task_sched_time:2116697032901500
app_id: 0, app_name: SAR_api-aarch64, task_id: 1737, task_name: DASH_ZIP, resource_name: zip1, ref_start_time: 2116697034307060, ref_stop_time: 2116697034430151, actual_exe_time: 123091, task_app_start_time:2116690715016524, task_sched_time:2116697034300220
app_id: 0, app_name: SAR_api-aarch64, task_id: 1738, task_name: DASH_FFT, resource_name: cpu1, ref_start_time: 2116697035385111, ref_stop_time: 2116697035442981, actual_exe_time: 57870, task_app_start_time:2116690715016524, task_sched_time:2116697035309451
app_id: 0, app_name: SAR_api-aarch64, task_id: 1739, task_name: DASH_ZIP, resource_name: cpu2, ref_start_time: 2116697038580051, ref_stop_time: 2116697038657451, actual_exe_time: 77400, task_app_start_time:2116690715016524, task_sched_time:2116697035770521
app_id: 0, app_name: SAR_api-aarch64, task_id: 1740, task_name: DASH_FFT, resource_name: cpu3, ref_start_time: 2116697039699381, ref_stop_time: 2116697039760401, actual_exe_time: 61020, task_app_start_time:2116690715016524, task_sched_time:2116697039693921
app_id: 0, app_name: SAR_api-aarch64, task_id: 1741, task_name: DASH_ZIP, resource_name: zip1, ref_start_time: 2116697040715602, ref_stop_time: 2116697040835782, actual_exe_time: 120180, task_app_start_time:2116690715016524, task_sched_time:2116697040706482
app_id: 0, app_name: SAR_api-aarch64, task_id: 1742, task_name: DASH_FFT, resource_name: cpu1, ref_start_time: 2116697041527342, ref_stop_time: 2116697041575732, actual_exe_time: 48390, task_app_start_time:2116690715016524, task_sched_time:2116697041489782
app_id: 0, app_name: SAR_api-aarch64, task_id: 1743, task_name: DASH_ZIP, resource_name: cpu2, ref_start_time: 2116697044042842, ref_stop_time: 2116697044119072, actual_exe_time: 76230, task_app_start_time:2116690715016524, task_sched_time:2116697042333592
app_id: 0, app_name: SAR_api-aarch64, task_id: 1744, task_name: DASH_FFT, resource_name: cpu3, ref_start_time: 2116697050737283, ref_stop_time: 2116697050807303, actual_exe_time: 70020, task_app_start_time:2116690715016524, task_sched_time:2116697050725673
app_id: 0, app_name: SAR_api-aarch64, task_id: 1745, task_name: DASH_ZIP, resource_name: zip1, ref_start_time: 2116697052196843, ref_stop_time: 2116697052319453, actual_exe_time: 122610, task_app_start_time:2116690715016524, task_sched_time:2116697052192613
app_id: 0, app_name: SAR_api-aarch64, task_id: 1746, task_name: DASH_FFT, resource_name: cpu1, ref_start_time: 2116697059166474, ref_stop_time: 2116697059222605, actual_exe_time: 56131, task_app_start_time:2116690715016524, task_sched_time:2116697059160054
app_id: 0, app_name: SAR_api-aarch64, task_id: 1747, task_name: DASH_ZIP, resource_name: cpu2, ref_start_time: 2116697060081355, ref_stop_time: 2116697060157135, actual_exe_time: 75780, task_app_start_time:2116690715016524, task_sched_time:2116697060071365
app_id: 0, app_name: SAR_api-aarch64, task_id: 1748, task_name: DASH_FFT, resource_name: cpu3, ref_start_time: 2116697060687085, ref_stop_time: 2116697060743155, actual_exe_time: 56070, task_app_start_time:2116690715016524, task_sched_time:2116697060682675
app_id: 0, app_name: SAR_api-aarch64, task_id: 1749, task_name: DASH_ZIP, resource_name: zip1, ref_start_time: 2116697061606705, ref_stop_time: 2116697061726075, actual_exe_time: 119370, task_app_start_time:2116690715016524, task_sched_time:2116697061601125
app_id: 0, app_name: SAR_api-aarch64, task_id: 1750, task_name: DASH_FFT, resource_name: cpu1, ref_start_time: 2116697062792215, ref_stop_time: 2116697062843365, actual_exe_time: 51150, task_app_start_time:2116690715016524, task_sched_time:2116697062747875
app_id: 0, app_name: SAR_api-aarch64, task_id: 1751, task_name: DASH_ZIP, resource_name: cpu2, ref_start_time: 2116697066686006, ref_stop_time: 2116697066765716, actual_exe_time: 79710, task_app_start_time:2116690715016524, task_sched_time:2116697066677336
app_id: 0, app_name: SAR_api-aarch64, task_id: 1752, task_name: DASH_FFT, resource_name: cpu3, ref_start_time: 2116697067397666, ref_stop_time: 2116697067456676, actual_exe_time: 59010, task_app_start_time:2116690715016524, task_sched_time:2116697067392926
app_id: 0, app_name: SAR_api-aarch64, task_id: 1753, task_name: DASH_ZIP, resource_name: zip1, ref_start_time: 2116697070788836, ref_stop_time: 2116697070912916, actual_exe_time: 124080, task_app_start_time:2116690715016524, task_sched_time:2116697070781606
app_id: 0, app_name: SAR_api-aarch64, task_id: 1754, task_name: DASH_FFT, resource_name: cpu1, ref_start_time: 2116697078165448, ref_stop_time: 2116697078222118, actual_exe_time: 56670, task_app_start_time:2116690715016524, task_sched_time:2116697078143818
app_id: 0, app_name: SAR_api-aarch64, task_id: 1755, task_name: DASH_ZIP, resource_name: cpu2, ref_start_time: 2116697079261978, ref_stop_time: 2116697079346188, actual_exe_time: 84210, task_app_start_time:2116690715016524, task_sched_time:2116697079252048
app_id: 0, app_name: SAR_api-aarch64, task_id: 1756, task_name: DASH_FFT, resource_name: cpu3, ref_start_time: 2116697082665238, ref_stop_time: 2116697082731718, actual_exe_time: 66480, task_app_start_time:2116690715016524, task_sched_time:2116697082658818
app_id: 0, app_name: SAR_api-aarch64, task_id: 1757, task_name: DASH_ZIP, resource_name: zip1, ref_start_time: 2116697087746369, ref_stop_time: 2116697087867209, actual_exe_time: 120840, task_app_start_time:2116690715016524, task_sched_time:2116697087737849
app_id: 0, app_name: SAR_api-aarch64, task_id: 1758, task_name: DASH_FFT, resource_name: cpu1, ref_start_time: 2116697091227690, ref_stop_time: 2116697091281120, actual_exe_time: 53430, task_app_start_time:2116690715016524, task_sched_time:2116697091181100
app_id: 0, app_name: SAR_api-aarch64, task_id: 1759, task_name: DASH_ZIP, resource_name: cpu2, ref_start_time: 2116697094014750, ref_stop_time: 2116697094093410, actual_exe_time: 78660, task_app_start_time:2116690715016524, task_sched_time:2116697094010130
app_id: 0, app_name: SAR_api-aarch64, task_id: 1760, task_name: DASH_FFT, resource_name: cpu3, ref_start_time: 2116697094488570, ref_stop_time: 2116697094564890, actual_exe_time: 76320, task_app_start_time:2116690715016524, task_sched_time:2116697094479690
app_id: 0, app_name: SAR_api-aarch64, task_id: 1761, task_name: DASH_ZIP, resource_name: zip1, ref_start_time: 2116697098764981, ref_stop_time: 2116697098890651, actual_exe_time: 125670, task_app_start_time:2116690715016524, task_sched_time:2116697098756131
app_id: 0, app_name: SAR_api-aarch64, task_id: 1762, task_name: DASH_FFT, resource_name: cpu1, ref_start_time: 2116697106801112, ref_stop_time: 2116697106858682, actual_exe_time: 57570, task_app_start_time:2116690715016524, task_sched_time:2116697106775432
app_id: 0, app_name: SAR_api-aarch64, task_id: 1763, task_name: DASH_ZIP, resource_name: cpu2, ref_start_time: 2116697109444953, ref_stop_time: 2116697109524453, actual_exe_time: 79500, task_app_start_time:2116690715016524, task_sched_time:2116697109439733
app_id: 0, app_name: SAR_api-aarch64, task_id: 1764, task_name: DASH_FFT, resource_name: cpu3, ref_start_time: 2116697114732033, ref_stop_time: 2116697114802083, actual_exe_time: 70050, task_app_start_time:2116690715016524, task_sched_time:2116697114724653
app_id: 0, app_name: SAR_api-aarch64, task_id: 1765, task_name: DASH_ZIP, resource_name: zip1, ref_start_time: 2116697122171735, ref_stop_time: 2116697122293535, actual_exe_time: 121800, task_app_start_time:2116690715016524, task_sched_time:2116697122162765
app_id: 0, app_name: SAR_api-aarch64, task_id: 1766, task_name: DASH_FFT, resource_name: cpu1, ref_start_time: 2116697123275285, ref_stop_time: 2116697123588425, actual_exe_time: 313140, task_app_start_time:2116690715016524, task_sched_time:2116697123266015
app_id: 0, app_name: SAR_api-aarch64, task_id: 1767, task_name: DASH_ZIP, resource_name: cpu2, ref_start_time: 2116697130613856, ref_stop_time: 2116697130697196, actual_exe_time: 83340, task_app_start_time:2116690715016524, task_sched_time:2116697130604046
app_id: 0, app_name: SAR_api-aarch64, task_id: 1768, task_name: DASH_FFT, resource_name: cpu3, ref_start_time: 2116697136291957, ref_stop_time: 2116697136363117, actual_exe_time: 71160, task_app_start_time:2116690715016524, task_sched_time:2116697136287457
app_id: 0, app_name: SAR_api-aarch64, task_id: 1769, task_name: DASH_ZIP, resource_name: zip1, ref_start_time: 2116697137597917, ref_stop_time: 2116697137724157, actual_exe_time: 126240, task_app_start_time:2116690715016524, task_sched_time:2116697137467807
app_id: 0, app_name: SAR_api-aarch64, task_id: 1770, task_name: DASH_FFT, resource_name: cpu1, ref_start_time: 2116697140957348, ref_stop_time: 2116697141013868, actual_exe_time: 56520, task_app_start_time:2116690715016524, task_sched_time:2116697140913008
app_id: 0, app_name: SAR_api-aarch64, task_id: 1771, task_name: DASH_ZIP, resource_name: cpu2, ref_start_time: 2116697141744578, ref_stop_time: 2116697142151408, actual_exe_time: 406830, task_app_start_time:2116690715016524, task_sched_time:2116697141740348
app_id: 0, app_name: SAR_api-aarch64, task_id: 1772, task_name: DASH_FFT, resource_name: cpu3, ref_start_time: 2116697146596299, ref_stop_time: 2116697146669859, actual_exe_time: 73560, task_app_start_time:2116690715016524, task_sched_time:2116697142349648
app_id: 0, app_name: SAR_api-aarch64, task_id: 1773, task_name: DASH_ZIP, resource_name: zip1, ref_start_time: 2116697150311979, ref_stop_time: 2116697150434259, actual_exe_time: 122280, task_app_start_time:2116690715016524, task_sched_time:2116697150301599
app_id: 0, app_name: SAR_api-aarch64, task_id: 1774, task_name: DASH_FFT, resource_name: cpu1, ref_start_time: 2116697154643950, ref_stop_time: 2116697154704760, actual_exe_time: 60810, task_app_start_time:2116690715016524, task_sched_time:2116697154633750
app_id: 0, app_name: SAR_api-aarch64, task_id: 1775, task_name: DASH_ZIP, resource_name: cpu2, ref_start_time: 2116697158823521, ref_stop_time: 2116697158904521, actual_exe_time: 81000, task_app_start_time:2116690715016524, task_sched_time:2116697155476750
app_id: 0, app_name: SAR_api-aarch64, task_id: 1776, task_name: DASH_FFT, resource_name: cpu3, ref_start_time: 2116697159308261, ref_stop_time: 2116697159373391, actual_exe_time: 65130, task_app_start_time:2116690715016524, task_sched_time:2116697159304091
app_id: 0, app_name: SAR_api-aarch64, task_id: 1777, task_name: DASH_ZIP, resource_name: zip1, ref_start_time: 2116697160650041, ref_stop_time: 2116697160769681, actual_exe_time: 119640, task_app_start_time:2116690715016524, task_sched_time:2116697160646591
app_id: 0, app_name: SAR_api-aarch64, task_id: 1778, task_name: DASH_FFT, resource_name: cpu1, ref_start_time: 2116697161435951, ref_stop_time: 2116697161486471, actual_exe_time: 50520, task_app_start_time:2116690715016524, task_sched_time:2116697161397191
app_id: 0, app_name: SAR_api-aarch64, task_id: 1779, task_name: DASH_ZIP, resource_name: cpu2, ref_start_time: 2116697162573701, ref_stop_time: 2116697162650231, actual_exe_time: 76530, task_app_start_time:2116690715016524, task_sched_time:2116697162263891
app_id: 0, app_name: SAR_api-aarch64, task_id: 1780, task_name: DASH_FFT, resource_name: cpu3, ref_start_time: 2116697163180391, ref_stop_time: 2116697163237031, actual_exe_time: 56640, task_app_start_time:2116690715016524, task_sched_time:2116697163177091
app_id: 0, app_name: SAR_api-aarch64, task_id: 1781, task_name: DASH_ZIP, resource_name: zip1, ref_start_time: 2116697164269301, ref_stop_time: 2116697164388911, actual_exe_time: 119610, task_app_start_time:2116690715016524, task_sched_time:2116697164266571
app_id: 0, app_name: SAR_api-aarch64, task_id: 1782, task_name: DASH_FFT, resource_name: cpu1, ref_start_time: 2116697165049572, ref_stop_time: 2116697165098292, actual_exe_time: 48720, task_app_start_time:2116690715016524, task_sched_time:2116697164991792
app_id: 0, app_name: SAR_api-aarch64, task_id: 1783, task_name: DASH_ZIP, resource_name: cpu2, ref_start_time: 2116697166077012, ref_stop_time: 2116697166154142, actual_exe_time: 77130, task_app_start_time:2116690715016524, task_sched_time:2116697166071522
app_id: 0, app_name: SAR_api-aarch64, task_id: 1784, task_name: DASH_FFT, resource_name: cpu3, ref_start_time: 2116697166415592, ref_stop_time: 2116697166471722, actual_exe_time: 56130, task_app_start_time:2116690715016524, task_sched_time:2116697166409532
app_id: 0, app_name: SAR_api-aarch64, task_id: 1785, task_name: DASH_ZIP, resource_name: zip1, ref_start_time: 2116697174749953, ref_stop_time: 2116697174881623, actual_exe_time: 131670, task_app_start_time:2116690715016524, task_sched_time:2116697170515122
app_id: 0, app_name: SAR_api-aarch64, task_id: 1786, task_name: DASH_FFT, resource_name: cpu1, ref_start_time: 2116697175800163, ref_stop_time: 2116697175853653, actual_exe_time: 53490, task_app_start_time:2116690715016524, task_sched_time:2116697175760323
app_id: 0, app_name: SAR_api-aarch64, task_id: 1787, task_name: DASH_ZIP, resource_name: cpu2, ref_start_time: 2116697176805733, ref_stop_time: 2116697176880253, actual_exe_time: 74520, task_app_start_time:2116690715016524, task_sched_time:2116697176798083
app_id: 0, app_name: SAR_api-aarch64, task_id: 1788, task_name: DASH_FFT, resource_name: cpu3, ref_start_time: 2116697180899024, ref_stop_time: 2116697180967364, actual_exe_time: 68340, task_app_start_time:2116690715016524, task_sched_time:2116697177424454
app_id: 0, app_name: SAR_api-aarch64, task_id: 1789, task_name: DASH_ZIP, resource_name: zip1, ref_start_time: 2116697182150144, ref_stop_time: 2116697182270324, actual_exe_time: 120180, task_app_start_time:2116690715016524, task_sched_time:2116697182139674
app_id: 0, app_name: SAR_api-aarch64, task_id: 1790, task_name: DASH_FFT, resource_name: cpu1, ref_start_time: 2116697182852294, ref_stop_time: 2116697182902364, actual_exe_time: 50070, task_app_start_time:2116690715016524, task_sched_time:2116697182761664
app_id: 0, app_name: SAR_api-aarch64, task_id: 1791, task_name: DASH_ZIP, resource_name: cpu2, ref_start_time: 2116697184035345, ref_stop_time: 2116697184110825, actual_exe_time: 75480, task_app_start_time:2116690715016524, task_sched_time:2116697184027875
app_id: 0, app_name: SAR_api-aarch64, task_id: 1792, task_name: DASH_FFT, resource_name: cpu3, ref_start_time: 2116697184666815, ref_stop_time: 2116697184719765, actual_exe_time: 52950, task_app_start_time:2116690715016524, task_sched_time:2116697184664025
app_id: 0, app_name: SAR_api-aarch64, task_id: 1793, task_name: DASH_ZIP, resource_name: zip1, ref_start_time: 2116697185226435, ref_stop_time: 2116697185343225, actual_exe_time: 116790, task_app_start_time:2116690715016524, task_sched_time:2116697185222865
app_id: 0, app_name: SAR_api-aarch64, task_id: 1794, task_name: DASH_FFT, resource_name: cpu1, ref_start_time: 2116697186399405, ref_stop_time: 2116697186445845, actual_exe_time: 46440, task_app_start_time:2116690715016524, task_sched_time:2116697186318375
app_id: 0, app_name: SAR_api-aarch64, task_id: 1795, task_name: DASH_ZIP, resource_name: cpu2, ref_start_time: 2116697198962087, ref_stop_time: 2116697199040657, actual_exe_time: 78570, task_app_start_time:2116690715016524, task_sched_time:2116697198957167
app_id: 0, app_name: SAR_api-aarch64, task_id: 1796, task_name: DASH_FFT, resource_name: cpu3, ref_start_time: 2116697200058197, ref_stop_time: 2116697200124467, actual_exe_time: 66270, task_app_start_time:2116690715016524, task_sched_time:2116697200053217
app_id: 0, app_name: SAR_api-aarch64, task_id: 1797, task_name: DASH_ZIP, resource_name: zip1, ref_start_time: 2116697201431927, ref_stop_time: 2116697201557687, actual_exe_time: 125760, task_app_start_time:2116690715016524, task_sched_time:2116697201427847
app_id: 0, app_name: SAR_api-aarch64, task_id: 1798, task_name: DASH_FFT, resource_name: cpu1, ref_start_time: 2116697202362318, ref_stop_time: 2116697202416918, actual_exe_time: 54600, task_app_start_time:2116690715016524, task_sched_time:2116697202268898
app_id: 0, app_name: SAR_api-aarch64, task_id: 1799, task_name: DASH_ZIP, resource_name: cpu2, ref_start_time: 2116697202852308, ref_stop_time: 2116697202929018, actual_exe_time: 76710, task_app_start_time:2116690715016524, task_sched_time:2116697202844838
app_id: 0, app_name: SAR_api-aarch64, task_id: 1800, task_name: DASH_FFT, resource_name: cpu3, ref_start_time: 2116697203918238, ref_stop_time: 2116697203972898, actual_exe_time: 54660, task_app_start_time:2116690715016524, task_sched_time:2116697203912598
app_id: 0, app_name: SAR_api-aarch64, task_id: 1801, task_name: DASH_ZIP, resource_name: zip1, ref_start_time: 2116697207058848, ref_stop_time: 2116697207185448, actual_exe_time: 126600, task_app_start_time:2116690715016524, task_sched_time:2116697207052248
app_id: 0, app_name: SAR_api-aarch64, task_id: 1802, task_name: DASH_FFT, resource_name: cpu1, ref_start_time: 2116697211105159, ref_stop_time: 2116697211160659, actual_exe_time: 55500, task_app_start_time:2116690715016524, task_sched_time:2116697211100419
app_id: 0, app_name: SAR_api-aarch64, task_id: 1803, task_name: DASH_ZIP, resource_name: cpu2, ref_start_time: 2116697214796990, ref_stop_time: 2116697214875410, actual_exe_time: 78420, task_app_start_time:2116690715016524, task_sched_time:2116697214791110
app_id: 0, app_name: SAR_api-aarch64, task_id: 1804, task_name: DASH_FFT, resource_name: cpu3, ref_start_time: 2116697215477510, ref_stop_time: 2116697215541320, actual_exe_time: 63810, task_app_start_time:2116690715016524, task_sched_time:2116697215472920
app_id: 0, app_name: SAR_api-aarch64, task_id: 1805, task_name: DASH_ZIP, resource_name: zip1, ref_start_time: 2116697217328030, ref_stop_time: 2116697217452650, actual_exe_time: 124620, task_app_start_time:2116690715016524, task_sched_time:2116697217322000
app_id: 0, app_name: SAR_api-aarch64, task_id: 1806, task_name: DASH_FFT, resource_name: cpu1, ref_start_time: 2116697222744291, ref_stop_time: 2116697222803241, actual_exe_time: 58950, task_app_start_time:2116690715016524, task_sched_time:2116697222729471
app_id: 0, app_name: SAR_api-aarch64, task_id: 1807, task_name: DASH_ZIP, resource_name: cpu2, ref_start_time: 2116697223257621, ref_stop_time: 2116697223333851, actual_exe_time: 76230, task_app_start_time:2116690715016524, task_sched_time:2116697223249161
app_id: 0, app_name: SAR_api-aarch64, task_id: 1808, task_name: DASH_FFT, resource_name: cpu3, ref_start_time: 2116697226747161, ref_stop_time: 2116697226807851, actual_exe_time: 60690, task_app_start_time:2116690715016524, task_sched_time:2116697226743921
app_id: 0, app_name: SAR_api-aarch64, task_id: 1809, task_name: DASH_ZIP, resource_name: zip1, ref_start_time: 2116697230894692, ref_stop_time: 2116697231015712, actual_exe_time: 121020, task_app_start_time:2116690715016524, task_sched_time:2116697230885422
app_id: 0, app_name: SAR_api-aarch64, task_id: 1810, task_name: DASH_FFT, resource_name: cpu1, ref_start_time: 2116697231740152, ref_stop_time: 2116697231790522, actual_exe_time: 50370, task_app_start_time:2116690715016524, task_sched_time:2116697231734722
app_id: 0, app_name: SAR_api-aarch64, task_id: 1811, task_name: DASH_ZIP, resource_name: cpu2, ref_start_time: 2116697233861603, ref_stop_time: 2116697233937593, actual_exe_time: 75990, task_app_start_time:2116690715016524, task_sched_time:2116697233855693
app_id: 0, app_name: SAR_api-aarch64, task_id: 1812, task_name: DASH_FFT, resource_name: cpu3, ref_start_time: 2116697238724663, ref_stop_time: 2116697238789493, actual_exe_time: 64830, task_app_start_time:2116690715016524, task_sched_time:2116697238715963
app_id: 0, app_name: SAR_api-aarch64, task_id: 1813, task_name: DASH_ZIP, resource_name: zip1, ref_start_time: 2116697242999934, ref_stop_time: 2116697243122094, actual_exe_time: 122160, task_app_start_time:2116690715016524, task_sched_time:2116697242993394
app_id: 0, app_name: SAR_api-aarch64, task_id: 1814, task_name: DASH_FFT, resource_name: cpu1, ref_start_time: 2116697250066945, ref_stop_time: 2116697250130695, actual_exe_time: 63750, task_app_start_time:2116690715016524, task_sched_time:2116697250053355
app_id: 0, app_name: SAR_api-aarch64, task_id: 1815, task_name: DASH_ZIP, resource_name: cpu2, ref_start_time: 2116697255144596, ref_stop_time: 2116697255232136, actual_exe_time: 87540, task_app_start_time:2116690715016524, task_sched_time:2116697255139736
app_id: 0, app_name: SAR_api-aarch64, task_id: 1816, task_name: DASH_FFT, resource_name: cpu3, ref_start_time: 2116697258781617, ref_stop_time: 2116697258844707, actual_exe_time: 63090, task_app_start_time:2116690715016524, task_sched_time:2116697258772737
app_id: 0, app_name: SAR_api-aarch64, task_id: 1817, task_name: DASH_ZIP, resource_name: zip1, ref_start_time: 2116697262883757, ref_stop_time: 2116697263004357, actual_exe_time: 120600, task_app_start_time:2116690715016524, task_sched_time:2116697262873407
app_id: 0, app_name: SAR_api-aarch64, task_id: 1818, task_name: DASH_FFT, resource_name: cpu1, ref_start_time: 2116697264668638, ref_stop_time: 2116697264722128, actual_exe_time: 53490, task_app_start_time:2116690715016524, task_sched_time:2116697264635158
app_id: 0, app_name: SAR_api-aarch64, task_id: 1819, task_name: DASH_ZIP, resource_name: cpu2, ref_start_time: 2116697265446238, ref_stop_time: 2116697265523218, actual_exe_time: 76980, task_app_start_time:2116690715016524, task_sched_time:2116697265401148
app_id: 0, app_name: SAR_api-aarch64, task_id: 1820, task_name: DASH_FFT, resource_name: cpu3, ref_start_time: 2116697266997568, ref_stop_time: 2116697267056608, actual_exe_time: 59040, task_app_start_time:2116690715016524, task_sched_time:2116697266988118
app_id: 0, app_name: SAR_api-aarch64, task_id: 1821, task_name: DASH_ZIP, resource_name: zip1, ref_start_time: 2116697274878569, ref_stop_time: 2116697275001929, actual_exe_time: 123360, task_app_start_time:2116690715016524, task_sched_time:2116697274596899
app_id: 0, app_name: SAR_api-aarch64, task_id: 1822, task_name: DASH_FFT, resource_name: cpu1, ref_start_time: 2116697278692050, ref_stop_time: 2116697278746020, actual_exe_time: 53970, task_app_start_time:2116690715016524, task_sched_time:2116697278686320
app_id: 0, app_name: SAR_api-aarch64, task_id: 1823, task_name: DASH_ZIP, resource_name: cpu2, ref_start_time: 2116697281086620, ref_stop_time: 2116697281163180, actual_exe_time: 76560, task_app_start_time:2116690715016524, task_sched_time:2116697281082480
app_id: 0, app_name: SAR_api-aarch64, task_id: 1824, task_name: DASH_FFT, resource_name: cpu3, ref_start_time: 2116697290690282, ref_stop_time: 2116697290770772, actual_exe_time: 80490, task_app_start_time:2116690715016524, task_sched_time:2116697290679272
app_id: 0, app_name: SAR_api-aarch64, task_id: 1825, task_name: DASH_ZIP, resource_name: zip1, ref_start_time: 2116697302826334, ref_stop_time: 2116697302956864, actual_exe_time: 130530, task_app_start_time:2116690715016524, task_sched_time:2116697302816824
app_id: 0, app_name: SAR_api-aarch64, task_id: 1826, task_name: DASH_FFT, resource_name: cpu1, ref_start_time: 2116697308300555, ref_stop_time: 2116697308362805, actual_exe_time: 62250, task_app_start_time:2116690715016524, task_sched_time:2116697308287745
app_id: 0, app_name: SAR_api-aarch64, task_id: 1827, task_name: DASH_ZIP, resource_name: cpu2, ref_start_time: 2116697310959995, ref_stop_time: 2116697311040335, actual_exe_time: 80340, task_app_start_time:2116690715016524, task_sched_time:2116697310950635
app_id: 0, app_name: SAR_api-aarch64, task_id: 1828, task_name: DASH_FFT, resource_name: cpu3, ref_start_time: 2116697318668856, ref_stop_time: 2116697318754206, actual_exe_time: 85350, task_app_start_time:2116690715016524, task_sched_time:2116697318661176
app_id: 0, app_name: SAR_api-aarch64, task_id: 1829, task_name: DASH_ZIP, resource_name: zip1, ref_start_time: 2116697326688818, ref_stop_time: 2116697326815028, actual_exe_time: 126210, task_app_start_time:2116690715016524, task_sched_time:2116697326676968
app_id: 0, app_name: SAR_api-aarch64, task_id: 1830, task_name: DASH_FFT, resource_name: cpu1, ref_start_time: 2116697334693779, ref_stop_time: 2116697334752159, actual_exe_time: 58380, task_app_start_time:2116690715016524, task_sched_time:2116697334682319
app_id: 0, app_name: SAR_api-aarch64, task_id: 1831, task_name: DASH_ZIP, resource_name: cpu2, ref_start_time: 2116697336167589, ref_stop_time: 2116697336251409, actual_exe_time: 83820, task_app_start_time:2116690715016524, task_sched_time:2116697336158949
app_id: 0, app_name: SAR_api-aarch64, task_id: 1832, task_name: DASH_FFT, resource_name: cpu3, ref_start_time: 2116697342721870, ref_stop_time: 2116697342796570, actual_exe_time: 74700, task_app_start_time:2116690715016524, task_sched_time:2116697342711490
app_id: 0, app_name: SAR_api-aarch64, task_id: 1833, task_name: DASH_ZIP, resource_name: zip1, ref_start_time: 2116697349523471, ref_stop_time: 2116697349647491, actual_exe_time: 124020, task_app_start_time:2116690715016524, task_sched_time:2116697349515821
app_id: 0, app_name: SAR_api-aarch64, task_id: 1834, task_name: DASH_FFT, resource_name: cpu1, ref_start_time: 2116697350146031, ref_stop_time: 2116697350199671, actual_exe_time: 53640, task_app_start_time:2116690715016524, task_sched_time:2116697350100791
app_id: 0, app_name: SAR_api-aarch64, task_id: 1835, task_name: DASH_ZIP, resource_name: cpu2, ref_start_time: 2116697354718542, ref_stop_time: 2116697354802272, actual_exe_time: 83730, task_app_start_time:2116690715016524, task_sched_time:2116697354708822
app_id: 0, app_name: SAR_api-aarch64, task_id: 1836, task_name: DASH_FFT, resource_name: cpu3, ref_start_time: 2116697362585083, ref_stop_time: 2116697362661703, actual_exe_time: 76620, task_app_start_time:2116690715016524, task_sched_time:2116697362573263
app_id: 0, app_name: SAR_api-aarch64, task_id: 1837, task_name: DASH_ZIP, resource_name: zip1, ref_start_time: 2116697364325564, ref_stop_time: 2116697364452464, actual_exe_time: 126900, task_app_start_time:2116690715016524, task_sched_time:2116697364318484
app_id: 0, app_name: SAR_api-aarch64, task_id: 1838, task_name: DASH_FFT, resource_name: cpu1, ref_start_time: 2116697371241885, ref_stop_time: 2116697371298825, actual_exe_time: 56940, task_app_start_time:2116690715016524, task_sched_time:2116697371228175
app_id: 0, app_name: SAR_api-aarch64, task_id: 1839, task_name: DASH_ZIP, resource_name: cpu2, ref_start_time: 2116697377244136, ref_stop_time: 2116697377325196, actual_exe_time: 81060, task_app_start_time:2116690715016524, task_sched_time:2116697377239036
app_id: 0, app_name: SAR_api-aarch64, task_id: 1840, task_name: DASH_FFT, resource_name: cpu3, ref_start_time: 2116697378220726, ref_stop_time: 2116697378288736, actual_exe_time: 68010, task_app_start_time:2116690715016524, task_sched_time:2116697378216376
app_id: 0, app_name: SAR_api-aarch64, task_id: 1841, task_name: DASH_ZIP, resource_name: zip1, ref_start_time: 2116697382427867, ref_stop_time: 2116697382576187, actual_exe_time: 148320, task_app_start_time:2116690715016524, task_sched_time:2116697382421267
app_id: 0, app_name: SAR_api-aarch64, task_id: 1842, task_name: DASH_FFT, resource_name: cpu1, ref_start_time: 2116697383268137, ref_stop_time: 2116697383323577, actual_exe_time: 55440, task_app_start_time:2116690715016524, task_sched_time:2116697383215937
app_id: 0, app_name: SAR_api-aarch64, task_id: 1843, task_name: DASH_ZIP, resource_name: cpu2, ref_start_time: 2116697384597557, ref_stop_time: 2116697384675107, actual_exe_time: 77550, task_app_start_time:2116690715016524, task_sched_time:2116697384587477
app_id: 0, app_name: SAR_api-aarch64, task_id: 1844, task_name: DASH_FFT, resource_name: cpu3, ref_start_time: 2116697386581367, ref_stop_time: 2116697386649737, actual_exe_time: 68370, task_app_start_time:2116690715016524, task_sched_time:2116697385289837
app_id: 0, app_name: SAR_api-aarch64, task_id: 1845, task_name: DASH_ZIP, resource_name: zip1, ref_start_time: 2116697390724518, ref_stop_time: 2116697390845688, actual_exe_time: 121170, task_app_start_time:2116690715016524, task_sched_time:2116697390718818
app_id: 0, app_name: SAR_api-aarch64, task_id: 1846, task_name: DASH_FFT, resource_name: cpu1, ref_start_time: 2116697392865228, ref_stop_time: 2116697392925408, actual_exe_time: 60180, task_app_start_time:2116690715016524, task_sched_time:2116697392854668
app_id: 0, app_name: SAR_api-aarch64, task_id: 1847, task_name: DASH_ZIP, resource_name: cpu2, ref_start_time: 2116697398666419, ref_stop_time: 2116697398745349, actual_exe_time: 78930, task_app_start_time:2116690715016524, task_sched_time:2116697398661379
app_id: 0, app_name: SAR_api-aarch64, task_id: 1848, task_name: DASH_FFT, resource_name: cpu3, ref_start_time: 2116697402807680, ref_stop_time: 2116697402875120, actual_exe_time: 67440, task_app_start_time:2116690715016524, task_sched_time:2116697402625790
app_id: 0, app_name: SAR_api-aarch64, task_id: 1849, task_name: DASH_ZIP, resource_name: zip1, ref_start_time: 2116697408539901, ref_stop_time: 2116697408665181, actual_exe_time: 125280, task_app_start_time:2116690715016524, task_sched_time:2116697408534171
app_id: 0, app_name: SAR_api-aarch64, task_id: 1850, task_name: DASH_FFT, resource_name: cpu1, ref_start_time: 2116697409457091, ref_stop_time: 2116697409510731, actual_exe_time: 53640, task_app_start_time:2116690715016524, task_sched_time:2116697409443921
app_id: 0, app_name: SAR_api-aarch64, task_id: 1851, task_name: DASH_ZIP, resource_name: cpu2, ref_start_time: 2116697414589342, ref_stop_time: 2116697414674932, actual_exe_time: 85590, task_app_start_time:2116690715016524, task_sched_time:2116697409852131
app_id: 0, app_name: SAR_api-aarch64, task_id: 1852, task_name: DASH_FFT, resource_name: cpu3, ref_start_time: 2116697418618762, ref_stop_time: 2116697418691392, actual_exe_time: 72630, task_app_start_time:2116690715016524, task_sched_time:2116697418613062
app_id: 0, app_name: SAR_api-aarch64, task_id: 1853, task_name: DASH_ZIP, resource_name: zip1, ref_start_time: 2116697423462203, ref_stop_time: 2116697423585023, actual_exe_time: 122820, task_app_start_time:2116690715016524, task_sched_time:2116697423376133
app_id: 0, app_name: SAR_api-aarch64, task_id: 1854, task_name: DASH_FFT, resource_name: cpu1, ref_start_time: 2116697423849203, ref_stop_time: 2116697423900203, actual_exe_time: 51000, task_app_start_time:2116690715016524, task_sched_time:2116697423816923
app_id: 0, app_name: SAR_api-aarch64, task_id: 1855, task_name: DASH_ZIP, resource_name: cpu2, ref_start_time: 2116697426587184, ref_stop_time: 2116697426667224, actual_exe_time: 80040, task_app_start_time:2116690715016524, task_sched_time:2116697424653143
app_id: 0, app_name: SAR_api-aarch64, task_id: 1856, task_name: DASH_FFT, resource_name: cpu3, ref_start_time: 2116697430701774, ref_stop_time: 2116697430773474, actual_exe_time: 71700, task_app_start_time:2116690715016524, task_sched_time:2116697430693644
app_id: 0, app_name: SAR_api-aarch64, task_id: 1857, task_name: DASH_ZIP, resource_name: zip1, ref_start_time: 2116697434908855, ref_stop_time: 2116697435032335, actual_exe_time: 123480, task_app_start_time:2116690715016524, task_sched_time:2116697434900035
app_id: 0, app_name: SAR_api-aarch64, task_id: 1858, task_name: DASH_FFT, resource_name: cpu1, ref_start_time: 2116697435596545, ref_stop_time: 2116697435647845, actual_exe_time: 51300, task_app_start_time:2116690715016524, task_sched_time:2116697435582355
app_id: 0, app_name: SAR_api-aarch64, task_id: 1859, task_name: DASH_ZIP, resource_name: cpu2, ref_start_time: 2116697437285875, ref_stop_time: 2116697437363005, actual_exe_time: 77130, task_app_start_time:2116690715016524, task_sched_time:2116697436084075
app_id: 0, app_name: SAR_api-aarch64, task_id: 1860, task_name: DASH_FFT, resource_name: cpu3, ref_start_time: 2116697438820826, ref_stop_time: 2116697438882476, actual_exe_time: 61650, task_app_start_time:2116690715016524, task_sched_time:2116697438673226
app_id: 0, app_name: SAR_api-aarch64, task_id: 1861, task_name: DASH_ZIP, resource_name: zip1, ref_start_time: 2116697446603187, ref_stop_time: 2116697446727807, actual_exe_time: 124620, task_app_start_time:2116690715016524, task_sched_time:2116697442491086
app_id: 0, app_name: SAR_api-aarch64, task_id: 1862, task_name: DASH_FFT, resource_name: cpu1, ref_start_time: 2116697447077637, ref_stop_time: 2116697447131457, actual_exe_time: 53820, task_app_start_time:2116690715016524, task_sched_time:2116697447017097
app_id: 0, app_name: SAR_api-aarch64, task_id: 1863, task_name: DASH_ZIP, resource_name: cpu2, ref_start_time: 2116697448380357, ref_stop_time: 2116697448456077, actual_exe_time: 75720, task_app_start_time:2116690715016524, task_sched_time:2116697448377327
app_id: 0, app_name: SAR_api-aarch64, task_id: 1864, task_name: DASH_FFT, resource_name: cpu3, ref_start_time: 2116697452577238, ref_stop_time: 2116697452650138, actual_exe_time: 72900, task_app_start_time:2116690715016524, task_sched_time:2116697449012997
app_id: 0, app_name: SAR_api-aarch64, task_id: 1865, task_name: DASH_ZIP, resource_name: zip1, ref_start_time: 2116697458853569, ref_stop_time: 2116697458981879, actual_exe_time: 128310, task_app_start_time:2116690715016524, task_sched_time:2116697458842949
app_id: 0, app_name: SAR_api-aarch64, task_id: 1866, task_name: DASH_FFT, resource_name: cpu1, ref_start_time: 2116697459963269, ref_stop_time: 2116697460015079, actual_exe_time: 51810, task_app_start_time:2116690715016524, task_sched_time:2116697459914879
app_id: 0, app_name: SAR_api-aarch64, task_id: 1867, task_name: DASH_ZIP, resource_name: cpu2, ref_start_time: 2116697466773090, ref_stop_time: 2116697466853130, actual_exe_time: 80040, task_app_start_time:2116690715016524, task_sched_time:2116697466766280
app_id: 0, app_name: SAR_api-aarch64, task_id: 1868, task_name: DASH_FFT, resource_name: cpu3, ref_start_time: 2116697467472900, ref_stop_time: 2116697467541330, actual_exe_time: 68430, task_app_start_time:2116690715016524, task_sched_time:2116697467463030
app_id: 0, app_name: SAR_api-aarch64, task_id: 1869, task_name: DASH_ZIP, resource_name: zip1, ref_start_time: 2116697468408480, ref_stop_time: 2116697468528120, actual_exe_time: 119640, task_app_start_time:2116690715016524, task_sched_time:2116697468400890
app_id: 0, app_name: SAR_api-aarch64, task_id: 1870, task_name: DASH_FFT, resource_name: cpu1, ref_start_time: 2116697470345041, ref_stop_time: 2116697470400751, actual_exe_time: 55710, task_app_start_time:2116690715016524, task_sched_time:2116697470337061
app_id: 0, app_name: SAR_api-aarch64, task_id: 1871, task_name: DASH_ZIP, resource_name: cpu2, ref_start_time: 2116697470895901, ref_stop_time: 2116697470970301, actual_exe_time: 74400, task_app_start_time:2116690715016524, task_sched_time:2116697470892781
app_id: 0, app_name: SAR_api-aarch64, task_id: 1872, task_name: DASH_FFT, resource_name: cpu3, ref_start_time: 2116697474894391, ref_stop_time: 2116697474963331, actual_exe_time: 68940, task_app_start_time:2116690715016524, task_sched_time:2116697474886921
app_id: 0, app_name: SAR_api-aarch64, task_id: 1873, task_name: DASH_ZIP, resource_name: zip1, ref_start_time: 2116697476506262, ref_stop_time: 2116697476629862, actual_exe_time: 123600, task_app_start_time:2116690715016524, task_sched_time:2116697476498192
app_id: 0, app_name: SAR_api-aarch64, task_id: 1874, task_name: DASH_FFT, resource_name: cpu1, ref_start_time: 2116697478910522, ref_stop_time: 2116697478965962, actual_exe_time: 55440, task_app_start_time:2116690715016524, task_sched_time:2116697478900502
app_id: 0, app_name: SAR_api-aarch64, task_id: 1875, task_name: DASH_ZIP, resource_name: cpu2, ref_start_time: 2116697486650523, ref_stop_time: 2116697486730623, actual_exe_time: 80100, task_app_start_time:2116690715016524, task_sched_time:2116697486644703
app_id: 0, app_name: SAR_api-aarch64, task_id: 1876, task_name: DASH_FFT, resource_name: cpu3, ref_start_time: 2116697488160364, ref_stop_time: 2116697488224534, actual_exe_time: 64170, task_app_start_time:2116690715016524, task_sched_time:2116697488155984
app_id: 0, app_name: SAR_api-aarch64, task_id: 1877, task_name: DASH_ZIP, resource_name: zip1, ref_start_time: 2116697492167464, ref_stop_time: 2116697492297184, actual_exe_time: 129720, task_app_start_time:2116690715016524, task_sched_time:2116697489429994
app_id: 0, app_name: SAR_api-aarch64, task_id: 1878, task_name: DASH_FFT, resource_name: cpu1, ref_start_time: 2116697494755385, ref_stop_time: 2116697494812145, actual_exe_time: 56760, task_app_start_time:2116690715016524, task_sched_time:2116697494734325
app_id: 0, app_name: SAR_api-aarch64, task_id: 1879, task_name: DASH_ZIP, resource_name: cpu2, ref_start_time: 2116697502064916, ref_stop_time: 2116697502153506, actual_exe_time: 88590, task_app_start_time:2116690715016524, task_sched_time:2116697502058106
app_id: 0, app_name: SAR_api-aarch64, task_id: 1880, task_name: DASH_FFT, resource_name: cpu3, ref_start_time: 2116697506820547, ref_stop_time: 2116697506896207, actual_exe_time: 75660, task_app_start_time:2116690715016524, task_sched_time:2116697506809627
app_id: 0, app_name: SAR_api-aarch64, task_id: 1881, task_name: DASH_ZIP, resource_name: zip1, ref_start_time: 2116697515525978, ref_stop_time: 2116697515651888, actual_exe_time: 125910, task_app_start_time:2116690715016524, task_sched_time:2116697515516858
app_id: 0, app_name: SAR_api-aarch64, task_id: 1882, task_name: DASH_FFT, resource_name: cpu1, ref_start_time: 2116697516663968, ref_stop_time: 2116697516723248, actual_exe_time: 59280, task_app_start_time:2116690715016524, task_sched_time:2116697516640958
app_id: 0, app_name: SAR_api-aarch64, task_id: 1883, task_name: DASH_ZIP, resource_name: cpu2, ref_start_time: 2116697518861528, ref_stop_time: 2116697518939918, actual_exe_time: 78390, task_app_start_time:2116690715016524, task_sched_time:2116697518855948
app_id: 0, app_name: SAR_api-aarch64, task_id: 1884, task_name: DASH_FFT, resource_name: cpu3, ref_start_time: 2116697522674529, ref_stop_time: 2116697522740289, actual_exe_time: 65760, task_app_start_time:2116690715016524, task_sched_time:2116697522664899
app_id: 0, app_name: SAR_api-aarch64, task_id: 1885, task_name: DASH_ZIP, resource_name: zip1, ref_start_time: 2116697530190280, ref_stop_time: 2116697530312230, actual_exe_time: 121950, task_app_start_time:2116690715016524, task_sched_time:2116697530183470
app_id: 0, app_name: SAR_api-aarch64, task_id: 1886, task_name: DASH_FFT, resource_name: cpu1, ref_start_time: 2116697535184021, ref_stop_time: 2116697535242941, actual_exe_time: 58920, task_app_start_time:2116690715016524, task_sched_time:2116697535162601
app_id: 0, app_name: SAR_api-aarch64, task_id: 1887, task_name: DASH_ZIP, resource_name: cpu2, ref_start_time: 2116697535604321, ref_stop_time: 2116697535683191, actual_exe_time: 78870, task_app_start_time:2116690715016524, task_sched_time:2116697535600661
app_id: 0, app_name: SAR_api-aarch64, task_id: 1888, task_name: DASH_FFT, resource_name: cpu3, ref_start_time: 2116697538601832, ref_stop_time: 2116697538672512, actual_exe_time: 70680, task_app_start_time:2116690715016524, task_sched_time:2116697536857961
app_id: 0, app_name: SAR_api-aarch64, task_id: 1889, task_name: DASH_ZIP, resource_name: zip1, ref_start_time: 2116697542727492, ref_stop_time: 2116697542851242, actual_exe_time: 123750, task_app_start_time:2116690715016524, task_sched_time:2116697542719062
app_id: 0, app_name: SAR_api-aarch64, task_id: 1890, task_name: DASH_FFT, resource_name: cpu1, ref_start_time: 2116697544975993, ref_stop_time: 2116697545036923, actual_exe_time: 60930, task_app_start_time:2116690715016524, task_sched_time:2116697544944493
app_id: 0, app_name: SAR_api-aarch64, task_id: 1891, task_name: DASH_ZIP, resource_name: cpu2, ref_start_time: 2116697545365603, ref_stop_time: 2116697545448913, actual_exe_time: 83310, task_app_start_time:2116690715016524, task_sched_time:2116697545283913
app_id: 0, app_name: SAR_api-aarch64, task_id: 1892, task_name: DASH_FFT, resource_name: cpu3, ref_start_time: 2116697554693084, ref_stop_time: 2116697554768144, actual_exe_time: 75060, task_app_start_time:2116690715016524, task_sched_time:2116697554682104
app_id: 0, app_name: SAR_api-aarch64, task_id: 1893, task_name: DASH_ZIP, resource_name: zip1, ref_start_time: 2116697559518165, ref_stop_time: 2116697559647915, actual_exe_time: 129750, task_app_start_time:2116690715016524, task_sched_time:2116697559424805
app_id: 0, app_name: SAR_api-aarch64, task_id: 1894, task_name: DASH_FFT, resource_name: cpu1, ref_start_time: 2116697563134216, ref_stop_time: 2116697563188816, actual_exe_time: 54600, task_app_start_time:2116690715016524, task_sched_time:2116697563032786
app_id: 0, app_name: SAR_api-aarch64, task_id: 1895, task_name: DASH_ZIP, resource_name: cpu2, ref_start_time: 2116697572391257, ref_stop_time: 2116697573161387, actual_exe_time: 770130, task_app_start_time:2116690715016524, task_sched_time:2116697572384267
app_id: 0, app_name: SAR_api-aarch64, task_id: 1896, task_name: DASH_FFT, resource_name: cpu3, ref_start_time: 2116697574711787, ref_stop_time: 2116697574800737, actual_exe_time: 88950, task_app_start_time:2116690715016524, task_sched_time:2116697574704707
app_id: 0, app_name: SAR_api-aarch64, task_id: 1897, task_name: DASH_ZIP, resource_name: zip1, ref_start_time: 2116697579118008, ref_stop_time: 2116697579242028, actual_exe_time: 124020, task_app_start_time:2116690715016524, task_sched_time:2116697579110748
app_id: 0, app_name: SAR_api-aarch64, task_id: 1898, task_name: DASH_FFT, resource_name: cpu1, ref_start_time: 2116697586444609, ref_stop_time: 2116697586502479, actual_exe_time: 57870, task_app_start_time:2116690715016524, task_sched_time:2116697586396909
app_id: 0, app_name: SAR_api-aarch64, task_id: 1899, task_name: DASH_ZIP, resource_name: cpu2, ref_start_time: 2116697587908910, ref_stop_time: 2116697587992580, actual_exe_time: 83670, task_app_start_time:2116690715016524, task_sched_time:2116697587902970
app_id: 0, app_name: SAR_api-aarch64, task_id: 1900, task_name: DASH_FFT, resource_name: cpu3, ref_start_time: 2116697594675891, ref_stop_time: 2116697594751431, actual_exe_time: 75540, task_app_start_time:2116690715016524, task_sched_time:2116697594669471
app_id: 0, app_name: SAR_api-aarch64, task_id: 1901, task_name: DASH_ZIP, resource_name: zip1, ref_start_time: 2116697600700282, ref_stop_time: 2116697600822562, actual_exe_time: 122280, task_app_start_time:2116690715016524, task_sched_time:2116697600691042
app_id: 0, app_name: SAR_api-aarch64, task_id: 1902, task_name: DASH_FFT, resource_name: cpu1, ref_start_time: 2116697601954972, ref_stop_time: 2116697602012272, actual_exe_time: 57300, task_app_start_time:2116690715016524, task_sched_time:2116697601786822
app_id: 0, app_name: SAR_api-aarch64, task_id: 1903, task_name: DASH_ZIP, resource_name: cpu2, ref_start_time: 2116697606882383, ref_stop_time: 2116697606963083, actual_exe_time: 80700, task_app_start_time:2116690715016524, task_sched_time:2116697606874733
app_id: 0, app_name: SAR_api-aarch64, task_id: 1904, task_name: DASH_FFT, resource_name: cpu3, ref_start_time: 2116697614417484, ref_stop_time: 2116697614771814, actual_exe_time: 354330, task_app_start_time:2116690715016524, task_sched_time:2116697614409444
app_id: 0, app_name: SAR_api-aarch64, task_id: 1905, task_name: DASH_ZIP, resource_name: zip1, ref_start_time: 2116697615795054, ref_stop_time: 2116697615918234, actual_exe_time: 123180, task_app_start_time:2116690715016524, task_sched_time:2116697615790464
app_id: 0, app_name: SAR_api-aarch64, task_id: 1906, task_name: DASH_FFT, resource_name: cpu1, ref_start_time: 2116697619028545, ref_stop_time: 2116697619085575, actual_exe_time: 57030, task_app_start_time:2116690715016524, task_sched_time:2116697619013785
app_id: 0, app_name: SAR_api-aarch64, task_id: 1907, task_name: DASH_ZIP, resource_name: cpu2, ref_start_time: 2116697626663186, ref_stop_time: 2116697626743196, actual_exe_time: 80010, task_app_start_time:2116690715016524, task_sched_time:2116697626655806
app_id: 0, app_name: SAR_api-aarch64, task_id: 1908, task_name: DASH_FFT, resource_name: cpu3, ref_start_time: 2116697629743736, ref_stop_time: 2116697629806436, actual_exe_time: 62700, task_app_start_time:2116690715016524, task_sched_time:2116697629736806
app_id: 0, app_name: SAR_api-aarch64, task_id: 1909, task_name: DASH_ZIP, resource_name: zip1, ref_start_time: 2116697631679037, ref_stop_time: 2116697631807077, actual_exe_time: 128040, task_app_start_time:2116690715016524, task_sched_time:2116697631554297
app_id: 0, app_name: SAR_api-aarch64, task_id: 1910, task_name: DASH_FFT, resource_name: cpu1, ref_start_time: 2116697639064048, ref_stop_time: 2116697639124078, actual_exe_time: 60030, task_app_start_time:2116690715016524, task_sched_time:2116697639048028
app_id: 0, app_name: SAR_api-aarch64, task_id: 1911, task_name: DASH_ZIP, resource_name: cpu2, ref_start_time: 2116697643362689, ref_stop_time: 2116697643440749, actual_exe_time: 78060, task_app_start_time:2116690715016524, task_sched_time:2116697643358429
app_id: 0, app_name: SAR_api-aarch64, task_id: 1912, task_name: DASH_FFT, resource_name: cpu3, ref_start_time: 2116697644735129, ref_stop_time: 2116697644802779, actual_exe_time: 67650, task_app_start_time:2116690715016524, task_sched_time:2116697644728049
app_id: 0, app_name: SAR_api-aarch64, task_id: 1913, task_name: DASH_ZIP, resource_name: zip1, ref_start_time: 2116697650709480, ref_stop_time: 2116697650835570, actual_exe_time: 126090, task_app_start_time:2116690715016524, task_sched_time:2116697650699520
app_id: 0, app_name: SAR_api-aarch64, task_id: 1914, task_name: DASH_FFT, resource_name: cpu1, ref_start_time: 2116697654878760, ref_stop_time: 2116697655308180, actual_exe_time: 429420, task_app_start_time:2116690715016524, task_sched_time:2116697654874860
app_id: 0, app_name: SAR_api-aarch64, task_id: 1915, task_name: DASH_ZIP, resource_name: cpu2, ref_start_time: 2116697659515501, ref_stop_time: 2116697659593531, actual_exe_time: 78030, task_app_start_time:2116690715016524, task_sched_time:2116697659507701
app_id: 0, app_name: SAR_api-aarch64, task_id: 1916, task_name: DASH_FFT, resource_name: cpu3, ref_start_time: 2116697666979892, ref_stop_time: 2116697667075232, actual_exe_time: 95340, task_app_start_time:2116690715016524, task_sched_time:2116697666970622
app_id: 0, app_name: SAR_api-aarch64, task_id: 1917, task_name: DASH_ZIP, resource_name: zip1, ref_start_time: 2116697672860643, ref_stop_time: 2116697672982443, actual_exe_time: 121800, task_app_start_time:2116690715016524, task_sched_time:2116697672855633
app_id: 0, app_name: SAR_api-aarch64, task_id: 1918, task_name: DASH_FFT, resource_name: cpu1, ref_start_time: 2116697674028993, ref_stop_time: 2116697674083233, actual_exe_time: 54240, task_app_start_time:2116690715016524, task_sched_time:2116697673995093
app_id: 0, app_name: SAR_api-aarch64, task_id: 1919, task_name: DASH_ZIP, resource_name: cpu2, ref_start_time: 2116697674330253, ref_stop_time: 2116697674412454, actual_exe_time: 82201, task_app_start_time:2116690715016524, task_sched_time:2116697674324763
app_id: 0, app_name: SAR_api-aarch64, task_id: 1920, task_name: DASH_FFT, resource_name: cpu3, ref_start_time: 2116697682589405, ref_stop_time: 2116697682661195, actual_exe_time: 71790, task_app_start_time:2116690715016524, task_sched_time:2116697682582055
app_id: 0, app_name: SAR_api-aarch64, task_id: 1921, task_name: DASH_ZIP, resource_name: zip1, ref_start_time: 2116697687704406, ref_stop_time: 2116697687830376, actual_exe_time: 125970, task_app_start_time:2116690715016524, task_sched_time:2116697687698916
app_id: 0, app_name: SAR_api-aarch64, task_id: 1922, task_name: DASH_FFT, resource_name: cpu1, ref_start_time: 2116697691065186, ref_stop_time: 2116697691122996, actual_exe_time: 57810, task_app_start_time:2116690715016524, task_sched_time:2116697691018176
app_id: 0, app_name: SAR_api-aarch64, task_id: 1923, task_name: DASH_ZIP, resource_name: cpu2, ref_start_time: 2116697698668597, ref_stop_time: 2116697698757547, actual_exe_time: 88950, task_app_start_time:2116690715016524, task_sched_time:2116697698661247
app_id: 0, app_name: SAR_api-aarch64, task_id: 1924, task_name: DASH_FFT, resource_name: cpu3, ref_start_time: 2116697700821728, ref_stop_time: 2116697700889108, actual_exe_time: 67380, task_app_start_time:2116690715016524, task_sched_time:2116697698969707
app_id: 0, app_name: SAR_api-aarch64, task_id: 1925, task_name: DASH_ZIP, resource_name: zip1, ref_start_time: 2116697702394778, ref_stop_time: 2116697702519968, actual_exe_time: 125190, task_app_start_time:2116690715016524, task_sched_time:2116697702385328
app_id: 0, app_name: SAR_api-aarch64, task_id: 1926, task_name: DASH_FFT, resource_name: cpu1, ref_start_time: 2116697705894699, ref_stop_time: 2116697705950229, actual_exe_time: 55530, task_app_start_time:2116690715016524, task_sched_time:2116697705846249
app_id: 0, app_name: SAR_api-aarch64, task_id: 1927, task_name: DASH_ZIP, resource_name: cpu2, ref_start_time: 2116697710577489, ref_stop_time: 2116697710658309, actual_exe_time: 80820, task_app_start_time:2116690715016524, task_sched_time:2116697706945089
app_id: 0, app_name: SAR_api-aarch64, task_id: 1928, task_name: DASH_FFT, resource_name: cpu3, ref_start_time: 2116697714631690, ref_stop_time: 2116697714702670, actual_exe_time: 70980, task_app_start_time:2116690715016524, task_sched_time:2116697714626140
app_id: 0, app_name: SAR_api-aarch64, task_id: 1929, task_name: DASH_ZIP, resource_name: zip1, ref_start_time: 2116697715035040, ref_stop_time: 2116697715155970, actual_exe_time: 120930, task_app_start_time:2116690715016524, task_sched_time:2116697715031890
app_id: 0, app_name: SAR_api-aarch64, task_id: 1930, task_name: DASH_FFT, resource_name: cpu1, ref_start_time: 2116697717153760, ref_stop_time: 2116697717211810, actual_exe_time: 58050, task_app_start_time:2116690715016524, task_sched_time:2116697717149740
app_id: 0, app_name: SAR_api-aarch64, task_id: 1931, task_name: DASH_ZIP, resource_name: cpu2, ref_start_time: 2116697721553261, ref_stop_time: 2116697721633061, actual_exe_time: 79800, task_app_start_time:2116690715016524, task_sched_time:2116697721544171
app_id: 0, app_name: SAR_api-aarch64, task_id: 1932, task_name: DASH_FFT, resource_name: cpu3, ref_start_time: 2116697722450681, ref_stop_time: 2116697722511641, actual_exe_time: 60960, task_app_start_time:2116690715016524, task_sched_time:2116697722447231
app_id: 0, app_name: SAR_api-aarch64, task_id: 1933, task_name: DASH_ZIP, resource_name: zip1, ref_start_time: 2116697723706991, ref_stop_time: 2116697723829391, actual_exe_time: 122400, task_app_start_time:2116690715016524, task_sched_time:2116697723698771
app_id: 0, app_name: SAR_api-aarch64, task_id: 1934, task_name: DASH_FFT, resource_name: cpu1, ref_start_time: 2116697724838172, ref_stop_time: 2116697724891842, actual_exe_time: 53670, task_app_start_time:2116690715016524, task_sched_time:2116697724787412
app_id: 0, app_name: SAR_api-aarch64, task_id: 1935, task_name: DASH_ZIP, resource_name: cpu2, ref_start_time: 2116697726579432, ref_stop_time: 2116697726655062, actual_exe_time: 75630, task_app_start_time:2116690715016524, task_sched_time:2116697725747022
app_id: 0, app_name: SAR_api-aarch64, task_id: 1936, task_name: DASH_FFT, resource_name: cpu3, ref_start_time: 2116697726822132, ref_stop_time: 2116697726879792, actual_exe_time: 57660, task_app_start_time:2116690715016524, task_sched_time:2116697726817332
app_id: 0, app_name: SAR_api-aarch64, task_id: 1937, task_name: DASH_ZIP, resource_name: zip1, ref_start_time: 2116697730998613, ref_stop_time: 2116697731120743, actual_exe_time: 122130, task_app_start_time:2116690715016524, task_sched_time:2116697730989223
app_id: 0, app_name: SAR_api-aarch64, task_id: 1938, task_name: DASH_FFT, resource_name: cpu1, ref_start_time: 2116697733117933, ref_stop_time: 2116697733170193, actual_exe_time: 52260, task_app_start_time:2116690715016524, task_sched_time:2116697733077043
app_id: 0, app_name: SAR_api-aarch64, task_id: 1939, task_name: DASH_ZIP, resource_name: cpu2, ref_start_time: 2116697734233213, ref_stop_time: 2116697734308543, actual_exe_time: 75330, task_app_start_time:2116690715016524, task_sched_time:2116697734224273
app_id: 0, app_name: SAR_api-aarch64, task_id: 1940, task_name: DASH_FFT, resource_name: cpu3, ref_start_time: 2116697737959484, ref_stop_time: 2116697738030314, actual_exe_time: 70830, task_app_start_time:2116690715016524, task_sched_time:2116697737953934
app_id: 0, app_name: SAR_api-aarch64, task_id: 1941, task_name: DASH_ZIP, resource_name: zip1, ref_start_time: 2116697739506224, ref_stop_time: 2116697739629554, actual_exe_time: 123330, task_app_start_time:2116690715016524, task_sched_time:2116697739496174
app_id: 0, app_name: SAR_api-aarch64, task_id: 1942, task_name: DASH_FFT, resource_name: cpu1, ref_start_time: 2116697740349794, ref_stop_time: 2116697740405024, actual_exe_time: 55230, task_app_start_time:2116690715016524, task_sched_time:2116697740297864
app_id: 0, app_name: SAR_api-aarch64, task_id: 1943, task_name: DASH_ZIP, resource_name: cpu2, ref_start_time: 2116697742580474, ref_stop_time: 2116697742657034, actual_exe_time: 76560, task_app_start_time:2116690715016524, task_sched_time:2116697740814584
app_id: 0, app_name: SAR_api-aarch64, task_id: 1944, task_name: DASH_FFT, resource_name: cpu3, ref_start_time: 2116697746621175, ref_stop_time: 2116697746687235, actual_exe_time: 66060, task_app_start_time:2116690715016524, task_sched_time:2116697746612505
app_id: 0, app_name: SAR_api-aarch64, task_id: 1945, task_name: DASH_ZIP, resource_name: zip1, ref_start_time: 2116697749093746, ref_stop_time: 2116697749213326, actual_exe_time: 119580, task_app_start_time:2116690715016524, task_sched_time:2116697749087656
app_id: 0, app_name: SAR_api-aarch64, task_id: 1946, task_name: DASH_FFT, resource_name: cpu1, ref_start_time: 2116697754768426, ref_stop_time: 2116697754826836, actual_exe_time: 58410, task_app_start_time:2116690715016524, task_sched_time:2116697754757296
app_id: 0, app_name: SAR_api-aarch64, task_id: 1947, task_name: DASH_ZIP, resource_name: cpu2, ref_start_time: 2116697762607848, ref_stop_time: 2116697763030578, actual_exe_time: 422730, task_app_start_time:2116690715016524, task_sched_time:2116697762599568
app_id: 0, app_name: SAR_api-aarch64, task_id: 1948, task_name: DASH_FFT, resource_name: cpu3, ref_start_time: 2116697764186238, ref_stop_time: 2116697764249208, actual_exe_time: 62970, task_app_start_time:2116690715016524, task_sched_time:2116697764181408
app_id: 0, app_name: SAR_api-aarch64, task_id: 1949, task_name: DASH_ZIP, resource_name: zip1, ref_start_time: 2116697767055618, ref_stop_time: 2116697767179248, actual_exe_time: 123630, task_app_start_time:2116690715016524, task_sched_time:2116697767045778
app_id: 0, app_name: SAR_api-aarch64, task_id: 1950, task_name: DASH_FFT, resource_name: cpu1, ref_start_time: 2116697774702320, ref_stop_time: 2116697774758540, actual_exe_time: 56220, task_app_start_time:2116690715016524, task_sched_time:2116697774690680
app_id: 0, app_name: SAR_api-aarch64, task_id: 1951, task_name: DASH_ZIP, resource_name: cpu2, ref_start_time: 2116697778671470, ref_stop_time: 2116697778749260, actual_exe_time: 77790, task_app_start_time:2116690715016524, task_sched_time:2116697778665200
app_id: 0, app_name: SAR_api-aarch64, task_id: 1952, task_name: DASH_FFT, resource_name: cpu3, ref_start_time: 2116697782815071, ref_stop_time: 2116697782879601, actual_exe_time: 64530, task_app_start_time:2116690715016524, task_sched_time:2116697782808081
app_id: 0, app_name: SAR_api-aarch64, task_id: 1953, task_name: DASH_ZIP, resource_name: zip1, ref_start_time: 2116697790588522, ref_stop_time: 2116697790712092, actual_exe_time: 123570, task_app_start_time:2116690715016524, task_sched_time:2116697790580062
app_id: 0, app_name: SAR_api-aarch64, task_id: 1954, task_name: DASH_FFT, resource_name: cpu1, ref_start_time: 2116697792961433, ref_stop_time: 2116697793390073, actual_exe_time: 428640, task_app_start_time:2116690715016524, task_sched_time:2116697792942263
app_id: 0, app_name: SAR_api-aarch64, task_id: 1955, task_name: DASH_ZIP, resource_name: cpu2, ref_start_time: 2116697802716804, ref_stop_time: 2116697802799604, actual_exe_time: 82800, task_app_start_time:2116690715016524, task_sched_time:2116697802709214
app_id: 0, app_name: SAR_api-aarch64, task_id: 1956, task_name: DASH_FFT, resource_name: cpu3, ref_start_time: 2116697806405395, ref_stop_time: 2116697806468755, actual_exe_time: 63360, task_app_start_time:2116690715016524, task_sched_time:2116697806401585
app_id: 0, app_name: SAR_api-aarch64, task_id: 1957, task_name: DASH_ZIP, resource_name: zip1, ref_start_time: 2116697807962455, ref_stop_time: 2116697808083535, actual_exe_time: 121080, task_app_start_time:2116690715016524, task_sched_time:2116697807957355
app_id: 0, app_name: SAR_api-aarch64, task_id: 1958, task_name: DASH_FFT, resource_name: cpu1, ref_start_time: 2116697811096766, ref_stop_time: 2116697811154396, actual_exe_time: 57630, task_app_start_time:2116690715016524, task_sched_time:2116697811089296
app_id: 0, app_name: SAR_api-aarch64, task_id: 1959, task_name: DASH_ZIP, resource_name: cpu2, ref_start_time: 2116697814786076, ref_stop_time: 2116697814864796, actual_exe_time: 78720, task_app_start_time:2116690715016524, task_sched_time:2116697814776836
app_id: 0, app_name: SAR_api-aarch64, task_id: 1960, task_name: DASH_FFT, resource_name: cpu3, ref_start_time: 2116697822990297, ref_stop_time: 2116697823058517, actual_exe_time: 68220, task_app_start_time:2116690715016524, task_sched_time:2116697822980157
app_id: 0, app_name: SAR_api-aarch64, task_id: 1961, task_name: DASH_ZIP, resource_name: zip1, ref_start_time: 2116697827134588, ref_stop_time: 2116697827257108, actual_exe_time: 122520, task_app_start_time:2116690715016524, task_sched_time:2116697827128528
app_id: 0, app_name: SAR_api-aarch64, task_id: 1962, task_name: DASH_FFT, resource_name: cpu1, ref_start_time: 2116697834774149, ref_stop_time: 2116697834832289, actual_exe_time: 58140, task_app_start_time:2116690715016524, task_sched_time:2116697834747179
app_id: 0, app_name: SAR_api-aarch64, task_id: 1963, task_name: DASH_ZIP, resource_name: cpu2, ref_start_time: 2116697837473850, ref_stop_time: 2116697837552240, actual_exe_time: 78390, task_app_start_time:2116690715016524, task_sched_time:2116697837465180
app_id: 0, app_name: SAR_api-aarch64, task_id: 1964, task_name: DASH_FFT, resource_name: cpu3, ref_start_time: 2116697842731471, ref_stop_time: 2116697842798761, actual_exe_time: 67290, task_app_start_time:2116690715016524, task_sched_time:2116697842721031
app_id: 0, app_name: SAR_api-aarch64, task_id: 1965, task_name: DASH_ZIP, resource_name: zip1, ref_start_time: 2116697850291052, ref_stop_time: 2116697850414892, actual_exe_time: 123840, task_app_start_time:2116690715016524, task_sched_time:2116697850280522
app_id: 0, app_name: SAR_api-aarch64, task_id: 1966, task_name: DASH_FFT, resource_name: cpu1, ref_start_time: 2116697851484692, ref_stop_time: 2116697851546132, actual_exe_time: 61440, task_app_start_time:2116690715016524, task_sched_time:2116697851438462
app_id: 0, app_name: SAR_api-aarch64, task_id: 1967, task_name: DASH_ZIP, resource_name: cpu2, ref_start_time: 2116697862857214, ref_stop_time: 2116697862939234, actual_exe_time: 82020, task_app_start_time:2116690715016524, task_sched_time:2116697862846564
app_id: 0, app_name: SAR_api-aarch64, task_id: 1968, task_name: DASH_FFT, resource_name: cpu3, ref_start_time: 2116697864865924, ref_stop_time: 2116697864929764, actual_exe_time: 63840, task_app_start_time:2116690715016524, task_sched_time:2116697864857914
app_id: 0, app_name: SAR_api-aarch64, task_id: 1969, task_name: DASH_ZIP, resource_name: zip1, ref_start_time: 2116697866002744, ref_stop_time: 2116697866123974, actual_exe_time: 121230, task_app_start_time:2116690715016524, task_sched_time:2116697865999204
app_id: 0, app_name: SAR_api-aarch64, task_id: 1970, task_name: DASH_FFT, resource_name: cpu1, ref_start_time: 2116697866818534, ref_stop_time: 2116697866872054, actual_exe_time: 53520, task_app_start_time:2116690715016524, task_sched_time:2116697866814514
app_id: 0, app_name: SAR_api-aarch64, task_id: 1971, task_name: DASH_ZIP, resource_name: cpu2, ref_start_time: 2116697868012025, ref_stop_time: 2116697868091135, actual_exe_time: 79110, task_app_start_time:2116690715016524, task_sched_time:2116697868003445
app_id: 0, app_name: SAR_api-aarch64, task_id: 1972, task_name: DASH_FFT, resource_name: cpu3, ref_start_time: 2116697869302835, ref_stop_time: 2116697869371265, actual_exe_time: 68430, task_app_start_time:2116690715016524, task_sched_time:2116697868641635
app_id: 0, app_name: SAR_api-aarch64, task_id: 1973, task_name: DASH_ZIP, resource_name: zip1, ref_start_time: 2116697875268336, ref_stop_time: 2116697875392086, actual_exe_time: 123750, task_app_start_time:2116690715016524, task_sched_time:2116697875258496
app_id: 0, app_name: SAR_api-aarch64, task_id: 1974, task_name: DASH_FFT, resource_name: cpu1, ref_start_time: 2116697878792406, ref_stop_time: 2116697878846286, actual_exe_time: 53880, task_app_start_time:2116690715016524, task_sched_time:2116697878776206
app_id: 0, app_name: SAR_api-aarch64, task_id: 1975, task_name: DASH_ZIP, resource_name: cpu2, ref_start_time: 2116697879077826, ref_stop_time: 2116697879152856, actual_exe_time: 75030, task_app_start_time:2116690715016524, task_sched_time:2116697879068946
app_id: 0, app_name: SAR_api-aarch64, task_id: 1976, task_name: DASH_FFT, resource_name: cpu3, ref_start_time: 2116697880643977, ref_stop_time: 2116697880704187, actual_exe_time: 60210, task_app_start_time:2116690715016524, task_sched_time:2116697880638907
app_id: 0, app_name: SAR_api-aarch64, task_id: 1977, task_name: DASH_ZIP, resource_name: zip1, ref_start_time: 2116697887834558, ref_stop_time: 2116697887957558, actual_exe_time: 123000, task_app_start_time:2116690715016524, task_sched_time:2116697887829038
app_id: 0, app_name: SAR_api-aarch64, task_id: 1978, task_name: DASH_FFT, resource_name: cpu1, ref_start_time: 2116697891236018, ref_stop_time: 2116697891290078, actual_exe_time: 54060, task_app_start_time:2116690715016524, task_sched_time:2116697891185138
app_id: 0, app_name: SAR_api-aarch64, task_id: 1979, task_name: DASH_ZIP, resource_name: cpu2, ref_start_time: 2116697894633159, ref_stop_time: 2116697894711789, actual_exe_time: 78630, task_app_start_time:2116690715016524, task_sched_time:2116697894628209
app_id: 0, app_name: SAR_api-aarch64, task_id: 1980, task_name: DASH_FFT, resource_name: cpu3, ref_start_time: 2116697895184769, ref_stop_time: 2116697895252299, actual_exe_time: 67530, task_app_start_time:2116690715016524, task_sched_time:2116697895177809
app_id: 0, app_name: SAR_api-aarch64, task_id: 1981, task_name: DASH_ZIP, resource_name: zip1, ref_start_time: 2116697902702380, ref_stop_time: 2116697902829640, actual_exe_time: 127260, task_app_start_time:2116690715016524, task_sched_time:2116697902692300
app_id: 0, app_name: SAR_api-aarch64, task_id: 1982, task_name: DASH_FFT, resource_name: cpu1, ref_start_time: 2116697908750351, ref_stop_time: 2116697908812811, actual_exe_time: 62460, task_app_start_time:2116690715016524, task_sched_time:2116697908735681
app_id: 0, app_name: SAR_api-aarch64, task_id: 1983, task_name: DASH_ZIP, resource_name: cpu2, ref_start_time: 2116697912620202, ref_stop_time: 2116697912701292, actual_exe_time: 81090, task_app_start_time:2116690715016524, task_sched_time:2116697912615072
app_id: 0, app_name: SAR_api-aarch64, task_id: 1984, task_name: DASH_FFT, resource_name: cpu3, ref_start_time: 2116697918577273, ref_stop_time: 2116697918655003, actual_exe_time: 77730, task_app_start_time:2116690715016524, task_sched_time:2116697913588272
app_id: 0, app_name: SAR_api-aarch64, task_id: 1985, task_name: DASH_ZIP, resource_name: zip1, ref_start_time: 2116697921949063, ref_stop_time: 2116697922069693, actual_exe_time: 120630, task_app_start_time:2116690715016524, task_sched_time:2116697921944203
app_id: 0, app_name: SAR_api-aarch64, task_id: 1986, task_name: DASH_FFT, resource_name: cpu1, ref_start_time: 2116697923098694, ref_stop_time: 2116697923150954, actual_exe_time: 52260, task_app_start_time:2116690715016524, task_sched_time:2116697923093624
app_id: 0, app_name: SAR_api-aarch64, task_id: 1987, task_name: DASH_ZIP, resource_name: cpu2, ref_start_time: 2116697931148865, ref_stop_time: 2116697931229835, actual_exe_time: 80970, task_app_start_time:2116690715016524, task_sched_time:2116697931142175
app_id: 0, app_name: SAR_api-aarch64, task_id: 1988, task_name: DASH_FFT, resource_name: cpu3, ref_start_time: 2116697934779495, ref_stop_time: 2116697934847055, actual_exe_time: 67560, task_app_start_time:2116690715016524, task_sched_time:2116697934773555
app_id: 0, app_name: SAR_api-aarch64, task_id: 1989, task_name: DASH_ZIP, resource_name: zip1, ref_start_time: 2116697937643026, ref_stop_time: 2116697937763026, actual_exe_time: 120000, task_app_start_time:2116690715016524, task_sched_time:2116697937637206
app_id: 0, app_name: SAR_api-aarch64, task_id: 1990, task_name: DASH_FFT, resource_name: cpu1, ref_start_time: 2116697938996626, ref_stop_time: 2116697939048736, actual_exe_time: 52110, task_app_start_time:2116690715016524, task_sched_time:2116697938981386
app_id: 0, app_name: SAR_api-aarch64, task_id: 1991, task_name: DASH_ZIP, resource_name: cpu2, ref_start_time: 2116697946949057, ref_stop_time: 2116697947029967, actual_exe_time: 80910, task_app_start_time:2116690715016524, task_sched_time:2116697946943897
app_id: 0, app_name: SAR_api-aarch64, task_id: 1992, task_name: DASH_FFT, resource_name: cpu3, ref_start_time: 2116697947760378, ref_stop_time: 2116697947828868, actual_exe_time: 68490, task_app_start_time:2116690715016524, task_sched_time:2116697947752997
app_id: 0, app_name: SAR_api-aarch64, task_id: 1993, task_name: DASH_ZIP, resource_name: zip1, ref_start_time: 2116697953744508, ref_stop_time: 2116697953870088, actual_exe_time: 125580, task_app_start_time:2116690715016524, task_sched_time:2116697953542398
app_id: 0, app_name: SAR_api-aarch64, task_id: 1994, task_name: DASH_FFT, resource_name: cpu1, ref_start_time: 2116697958624909, ref_stop_time: 2116697958687639, actual_exe_time: 62730, task_app_start_time:2116690715016524, task_sched_time:2116697958617439
app_id: 0, app_name: SAR_api-aarch64, task_id: 1995, task_name: DASH_ZIP, resource_name: cpu2, ref_start_time: 2116697963005000, ref_stop_time: 2116697963083930, actual_exe_time: 78930, task_app_start_time:2116690715016524, task_sched_time:2116697962994440
app_id: 0, app_name: SAR_api-aarch64, task_id: 1996, task_name: DASH_FFT, resource_name: cpu3, ref_start_time: 2116697966722871, ref_stop_time: 2116697966795381, actual_exe_time: 72510, task_app_start_time:2116690715016524, task_sched_time:2116697966712731
app_id: 0, app_name: SAR_api-aarch64, task_id: 1997, task_name: DASH_ZIP, resource_name: zip1, ref_start_time: 2116697969714471, ref_stop_time: 2116697969836571, actual_exe_time: 122100, task_app_start_time:2116690715016524, task_sched_time:2116697969700431
app_id: 0, app_name: SAR_api-aarch64, task_id: 1998, task_name: DASH_FFT, resource_name: cpu1, ref_start_time: 2116697970392381, ref_stop_time: 2116697970760691, actual_exe_time: 368310, task_app_start_time:2116690715016524, task_sched_time:2116697970364541
app_id: 0, app_name: SAR_api-aarch64, task_id: 1999, task_name: DASH_ZIP, resource_name: cpu2, ref_start_time: 2116697971743431, ref_stop_time: 2116697971821491, actual_exe_time: 78060, task_app_start_time:2116690715016524, task_sched_time:2116697971734941
app_id: 0, app_name: SAR_api-aarch64, task_id: 2000, task_name: DASH_FFT, resource_name: cpu3, ref_start_time: 2116697973353832, ref_stop_time: 2116697973422202, actual_exe_time: 68370, task_app_start_time:2116690715016524, task_sched_time:2116697972379311
app_id: 0, app_name: SAR_api-aarch64, task_id: 2001, task_name: DASH_ZIP, resource_name: zip1, ref_start_time: 2116697975194572, ref_stop_time: 2116697975316972, actual_exe_time: 122400, task_app_start_time:2116690715016524, task_sched_time:2116697975184372
app_id: 0, app_name: SAR_api-aarch64, task_id: 2002, task_name: DASH_FFT, resource_name: cpu1, ref_start_time: 2116697983128733, ref_stop_time: 2116697983194973, actual_exe_time: 66240, task_app_start_time:2116690715016524, task_sched_time:2116697983116613
app_id: 0, app_name: SAR_api-aarch64, task_id: 2003, task_name: DASH_ZIP, resource_name: cpu2, ref_start_time: 2116697986877804, ref_stop_time: 2116697986957784, actual_exe_time: 79980, task_app_start_time:2116690715016524, task_sched_time:2116697986869794
app_id: 0, app_name: SAR_api-aarch64, task_id: 2004, task_name: DASH_FFT, resource_name: cpu3, ref_start_time: 2116697994667395, ref_stop_time: 2116697994741975, actual_exe_time: 74580, task_app_start_time:2116690715016524, task_sched_time:2116697994656865
app_id: 0, app_name: SAR_api-aarch64, task_id: 2005, task_name: DASH_ZIP, resource_name: zip1, ref_start_time: 2116697998148176, ref_stop_time: 2116697998271866, actual_exe_time: 123690, task_app_start_time:2116690715016524, task_sched_time:2116697998143556
app_id: 0, app_name: SAR_api-aarch64, task_id: 2006, task_name: DASH_FFT, resource_name: cpu1, ref_start_time: 2116698002821756, ref_stop_time: 2116698002880526, actual_exe_time: 58770, task_app_start_time:2116690715016524, task_sched_time:2116698002773786
app_id: 0, app_name: SAR_api-aarch64, task_id: 2007, task_name: DASH_ZIP, resource_name: cpu2, ref_start_time: 2116698011944638, ref_stop_time: 2116698012566028, actual_exe_time: 621390, task_app_start_time:2116690715016524, task_sched_time:2116698011935188
app_id: 0, app_name: SAR_api-aarch64, task_id: 2008, task_name: DASH_FFT, resource_name: cpu3, ref_start_time: 2116698018598429, ref_stop_time: 2116698018674989, actual_exe_time: 76560, task_app_start_time:2116690715016524, task_sched_time:2116698016418839
app_id: 0, app_name: SAR_api-aarch64, task_id: 2009, task_name: DASH_ZIP, resource_name: zip1, ref_start_time: 2116698022591400, ref_stop_time: 2116698022714070, actual_exe_time: 122670, task_app_start_time:2116690715016524, task_sched_time:2116698019809859
app_id: 0, app_name: SAR_api-aarch64, task_id: 2010, task_name: DASH_FFT, resource_name: cpu1, ref_start_time: 2116698023385290, ref_stop_time: 2116698023436710, actual_exe_time: 51420, task_app_start_time:2116690715016524, task_sched_time:2116698023347250
app_id: 0, app_name: SAR_api-aarch64, task_id: 2011, task_name: DASH_ZIP, resource_name: cpu2, ref_start_time: 2116698023654840, ref_stop_time: 2116698023741270, actual_exe_time: 86430, task_app_start_time:2116690715016524, task_sched_time:2116698023649290
app_id: 0, app_name: SAR_api-aarch64, task_id: 2012, task_name: DASH_FFT, resource_name: cpu3, ref_start_time: 2116698026215010, ref_stop_time: 2116698026281790, actual_exe_time: 66780, task_app_start_time:2116690715016524, task_sched_time:2116698024732710
app_id: 0, app_name: SAR_api-aarch64, task_id: 2013, task_name: DASH_ZIP, resource_name: zip1, ref_start_time: 2116698031100001, ref_stop_time: 2116698031224891, actual_exe_time: 124890, task_app_start_time:2116690715016524, task_sched_time:2116698031092861
app_id: 0, app_name: SAR_api-aarch64, task_id: 2014, task_name: DASH_FFT, resource_name: cpu1, ref_start_time: 2116698034697121, ref_stop_time: 2116698034751962, actual_exe_time: 54841, task_app_start_time:2116690715016524, task_sched_time:2116698034692201
app_id: 0, app_name: SAR_api-aarch64, task_id: 2015, task_name: DASH_ZIP, resource_name: cpu2, ref_start_time: 2116698038620042, ref_stop_time: 2116698038698102, actual_exe_time: 78060, task_app_start_time:2116690715016524, task_sched_time:2116698038614822
app_id: 0, app_name: SAR_api-aarch64, task_id: 2016, task_name: DASH_FFT, resource_name: cpu3, ref_start_time: 2116698041475443, ref_stop_time: 2116698041540063, actual_exe_time: 64620, task_app_start_time:2116690715016524, task_sched_time:2116698041468303
app_id: 0, app_name: SAR_api-aarch64, task_id: 2017, task_name: DASH_ZIP, resource_name: zip1, ref_start_time: 2116698042438323, ref_stop_time: 2116698043089293, actual_exe_time: 650970, task_app_start_time:2116690715016524, task_sched_time:2116698042430583
app_id: 0, app_name: SAR_api-aarch64, task_id: 2018, task_name: DASH_FFT, resource_name: cpu1, ref_start_time: 2116698050778354, ref_stop_time: 2116698050836284, actual_exe_time: 57930, task_app_start_time:2116690715016524, task_sched_time:2116698050730444
app_id: 0, app_name: SAR_api-aarch64, task_id: 2019, task_name: DASH_ZIP, resource_name: cpu2, ref_start_time: 2116698054637345, ref_stop_time: 2116698054717085, actual_exe_time: 79740, task_app_start_time:2116690715016524, task_sched_time:2116698054626965
app_id: 0, app_name: SAR_api-aarch64, task_id: 2020, task_name: DASH_FFT, resource_name: cpu3, ref_start_time: 2116698056330545, ref_stop_time: 2116698056394655, actual_exe_time: 64110, task_app_start_time:2116690715016524, task_sched_time:2116698056325505
app_id: 0, app_name: SAR_api-aarch64, task_id: 2021, task_name: DASH_ZIP, resource_name: zip1, ref_start_time: 2116698062834606, ref_stop_time: 2116698062960726, actual_exe_time: 126120, task_app_start_time:2116690715016524, task_sched_time:2116698062828246
app_id: 0, app_name: SAR_api-aarch64, task_id: 2022, task_name: DASH_FFT, resource_name: cpu1, ref_start_time: 2116698070022217, ref_stop_time: 2116698070345497, actual_exe_time: 323280, task_app_start_time:2116690715016524, task_sched_time:2116698070016217
app_id: 0, app_name: SAR_api-aarch64, task_id: 2023, task_name: DASH_ZIP, resource_name: cpu2, ref_start_time: 2116698071442387, ref_stop_time: 2116698071519517, actual_exe_time: 77130, task_app_start_time:2116690715016524, task_sched_time:2116698071437677
app_id: 0, app_name: SAR_api-aarch64, task_id: 2024, task_name: DASH_FFT, resource_name: cpu3, ref_start_time: 2116698074683918, ref_stop_time: 2116698074749948, actual_exe_time: 66030, task_app_start_time:2116690715016524, task_sched_time:2116698074678098
app_id: 0, app_name: SAR_api-aarch64, task_id: 2025, task_name: DASH_ZIP, resource_name: zip1, ref_start_time: 2116698082818449, ref_stop_time: 2116698082946129, actual_exe_time: 127680, task_app_start_time:2116690715016524, task_sched_time:2116698082813679
app_id: 0, app_name: SAR_api-aarch64, task_id: 2026, task_name: DASH_FFT, resource_name: cpu1, ref_start_time: 2116698086068710, ref_stop_time: 2116698086123580, actual_exe_time: 54870, task_app_start_time:2116690715016524, task_sched_time:2116698086055720
app_id: 0, app_name: SAR_api-aarch64, task_id: 2027, task_name: DASH_ZIP, resource_name: cpu2, ref_start_time: 2116698086396610, ref_stop_time: 2116698086473950, actual_exe_time: 77340, task_app_start_time:2116690715016524, task_sched_time:2116698086386380
app_id: 0, app_name: SAR_api-aarch64, task_id: 2028, task_name: DASH_FFT, resource_name: cpu3, ref_start_time: 2116698090745561, ref_stop_time: 2116698090814171, actual_exe_time: 68610, task_app_start_time:2116690715016524, task_sched_time:2116698090740221
app_id: 0, app_name: SAR_api-aarch64, task_id: 2029, task_name: DASH_ZIP, resource_name: zip1, ref_start_time: 2116698098828042, ref_stop_time: 2116698098955692, actual_exe_time: 127650, task_app_start_time:2116690715016524, task_sched_time:2116698098817452
app_id: 0, app_name: SAR_api-aarch64, task_id: 2030, task_name: DASH_FFT, resource_name: cpu1, ref_start_time: 2116698101179412, ref_stop_time: 2116698101235212, actual_exe_time: 55800, task_app_start_time:2116690715016524, task_sched_time:2116698101166482
app_id: 0, app_name: SAR_api-aarch64, task_id: 2031, task_name: DASH_ZIP, resource_name: cpu2, ref_start_time: 2116698106758513, ref_stop_time: 2116698106841223, actual_exe_time: 82710, task_app_start_time:2116690715016524, task_sched_time:2116698106748583
app_id: 0, app_name: SAR_api-aarch64, task_id: 2032, task_name: DASH_FFT, resource_name: cpu3, ref_start_time: 2116698115069414, ref_stop_time: 2116698115137694, actual_exe_time: 68280, task_app_start_time:2116690715016524, task_sched_time:2116698114971224
app_id: 0, app_name: SAR_api-aarch64, task_id: 2033, task_name: DASH_ZIP, resource_name: zip1, ref_start_time: 2116698122841936, ref_stop_time: 2116698122971596, actual_exe_time: 129660, task_app_start_time:2116690715016524, task_sched_time:2116698122831886
app_id: 0, app_name: SAR_api-aarch64, task_id: 2034, task_name: DASH_FFT, resource_name: cpu1, ref_start_time: 2116698126604626, ref_stop_time: 2116698126665526, actual_exe_time: 60900, task_app_start_time:2116690715016524, task_sched_time:2116698126597456
app_id: 0, app_name: SAR_api-aarch64, task_id: 2035, task_name: DASH_ZIP, resource_name: cpu2, ref_start_time: 2116698129183697, ref_stop_time: 2116698129267787, actual_exe_time: 84090, task_app_start_time:2116690715016524, task_sched_time:2116698129175297
app_id: 0, app_name: SAR_api-aarch64, task_id: 2036, task_name: DASH_FFT, resource_name: cpu3, ref_start_time: 2116698138583538, ref_stop_time: 2116698138664148, actual_exe_time: 80610, task_app_start_time:2116690715016524, task_sched_time:2116698132850477
app_id: 0, app_name: SAR_api-aarch64, task_id: 2037, task_name: DASH_ZIP, resource_name: zip1, ref_start_time: 2116698142012719, ref_stop_time: 2116698142134039, actual_exe_time: 121320, task_app_start_time:2116690715016524, task_sched_time:2116698142008099
app_id: 0, app_name: SAR_api-aarch64, task_id: 2038, task_name: DASH_FFT, resource_name: cpu1, ref_start_time: 2116698142929729, ref_stop_time: 2116698142983189, actual_exe_time: 53460, task_app_start_time:2116690715016524, task_sched_time:2116698142879779
app_id: 0, app_name: SAR_api-aarch64, task_id: 2039, task_name: DASH_ZIP, resource_name: cpu2, ref_start_time: 2116698150581350, ref_stop_time: 2116698150663700, actual_exe_time: 82350, task_app_start_time:2116690715016524, task_sched_time:2116698146676070
app_id: 0, app_name: SAR_api-aarch64, task_id: 2040, task_name: DASH_FFT, resource_name: cpu3, ref_start_time: 2116698151066390, ref_stop_time: 2116698151132630, actual_exe_time: 66240, task_app_start_time:2116690715016524, task_sched_time:2116698151057810
app_id: 0, app_name: SAR_api-aarch64, task_id: 2041, task_name: DASH_ZIP, resource_name: zip1, ref_start_time: 2116698154730381, ref_stop_time: 2116698154850951, actual_exe_time: 120570, task_app_start_time:2116690715016524, task_sched_time:2116698154723961
app_id: 0, app_name: SAR_api-aarch64, task_id: 2042, task_name: DASH_FFT, resource_name: cpu1, ref_start_time: 2116698157419161, ref_stop_time: 2116698157474241, actual_exe_time: 55080, task_app_start_time:2116690715016524, task_sched_time:2116698157362761
app_id: 0, app_name: SAR_api-aarch64, task_id: 2043, task_name: DASH_ZIP, resource_name: cpu2, ref_start_time: 2116698162844872, ref_stop_time: 2116698162933102, actual_exe_time: 88230, task_app_start_time:2116690715016524, task_sched_time:2116698162837912
app_id: 0, app_name: SAR_api-aarch64, task_id: 2044, task_name: DASH_FFT, resource_name: cpu3, ref_start_time: 2116698166715323, ref_stop_time: 2116698166782133, actual_exe_time: 66810, task_app_start_time:2116690715016524, task_sched_time:2116698166612963
app_id: 0, app_name: SAR_api-aarch64, task_id: 2045, task_name: DASH_ZIP, resource_name: zip1, ref_start_time: 2116698174607724, ref_stop_time: 2116698174735164, actual_exe_time: 127440, task_app_start_time:2116690715016524, task_sched_time:2116698171829574
app_id: 0, app_name: SAR_api-aarch64, task_id: 2046, task_name: DASH_FFT, resource_name: cpu1, ref_start_time: 2116698178752555, ref_stop_time: 2116698178810635, actual_exe_time: 58080, task_app_start_time:2116690715016524, task_sched_time:2116698178744605
app_id: 0, app_name: SAR_api-aarch64, task_id: 2047, task_name: DASH_ZIP, resource_name: cpu2, ref_start_time: 2116698185693956, ref_stop_time: 2116698185782966, actual_exe_time: 89010, task_app_start_time:2116690715016524, task_sched_time:2116698185685736
app_id: 0, app_name: SAR_api-aarch64, task_id: 2048, task_name: DASH_FFT, resource_name: cpu3, ref_start_time: 2116698190962137, ref_stop_time: 2116698191031107, actual_exe_time: 68970, task_app_start_time:2116690715016524, task_sched_time:2116698190955657
app_id: 0, app_name: SAR_api-aarch64, task_id: 2049, task_name: DASH_ZIP, resource_name: zip1, ref_start_time: 2116698199254858, ref_stop_time: 2116698199387728, actual_exe_time: 132870, task_app_start_time:2116690715016524, task_sched_time:2116698199247298
app_id: 0, app_name: SAR_api-aarch64, task_id: 2050, task_name: DASH_FFT, resource_name: cpu1, ref_start_time: 2116698202760029, ref_stop_time: 2116698202817689, actual_exe_time: 57660, task_app_start_time:2116690715016524, task_sched_time:2116698202735519
app_id: 0, app_name: SAR_api-aarch64, task_id: 2051, task_name: DASH_ZIP, resource_name: cpu2, ref_start_time: 2116698210663920, ref_stop_time: 2116698210752000, actual_exe_time: 88080, task_app_start_time:2116690715016524, task_sched_time:2116698210653600
app_id: 0, app_name: SAR_api-aarch64, task_id: 2052, task_name: DASH_FFT, resource_name: cpu3, ref_start_time: 2116698213490670, ref_stop_time: 2116698213559790, actual_exe_time: 69120, task_app_start_time:2116690715016524, task_sched_time:2116698213482690
app_id: 0, app_name: SAR_api-aarch64, task_id: 2053, task_name: DASH_ZIP, resource_name: zip1, ref_start_time: 2116698222985132, ref_stop_time: 2116698223113862, actual_exe_time: 128730, task_app_start_time:2116690715016524, task_sched_time:2116698222976912
app_id: 0, app_name: SAR_api-aarch64, task_id: 2054, task_name: DASH_FFT, resource_name: cpu1, ref_start_time: 2116698227294902, ref_stop_time: 2116698227357602, actual_exe_time: 62700, task_app_start_time:2116690715016524, task_sched_time:2116698227280922
app_id: 0, app_name: SAR_api-aarch64, task_id: 2055, task_name: DASH_ZIP, resource_name: cpu2, ref_start_time: 2116698228442943, ref_stop_time: 2116698228527123, actual_exe_time: 84180, task_app_start_time:2116690715016524, task_sched_time:2116698228426443
app_id: 0, app_name: SAR_api-aarch64, task_id: 2056, task_name: DASH_FFT, resource_name: cpu3, ref_start_time: 2116698238847724, ref_stop_time: 2116698238925424, actual_exe_time: 77700, task_app_start_time:2116690715016524, task_sched_time:2116698238838394
app_id: 0, app_name: SAR_api-aarch64, task_id: 2057, task_name: DASH_ZIP, resource_name: zip1, ref_start_time: 2116698242266075, ref_stop_time: 2116698242393695, actual_exe_time: 127620, task_app_start_time:2116690715016524, task_sched_time:2116698242140495
app_id: 0, app_name: SAR_api-aarch64, task_id: 2058, task_name: DASH_FFT, resource_name: cpu1, ref_start_time: 2116698245778055, ref_stop_time: 2116698245836255, actual_exe_time: 58200, task_app_start_time:2116690715016524, task_sched_time:2116698245724325
app_id: 0, app_name: SAR_api-aarch64, task_id: 2059, task_name: DASH_ZIP, resource_name: cpu2, ref_start_time: 2116698250575416, ref_stop_time: 2116698250656386, actual_exe_time: 80970, task_app_start_time:2116690715016524, task_sched_time:2116698247166516
app_id: 0, app_name: SAR_api-aarch64, task_id: 2060, task_name: DASH_FFT, resource_name: cpu3, ref_start_time: 2116698254256627, ref_stop_time: 2116698254327007, actual_exe_time: 70380, task_app_start_time:2116690715016524, task_sched_time:2116698254250747
app_id: 0, app_name: SAR_api-aarch64, task_id: 2061, task_name: DASH_ZIP, resource_name: zip1, ref_start_time: 2116698255838407, ref_stop_time: 2116698255965787, actual_exe_time: 127380, task_app_start_time:2116690715016524, task_sched_time:2116698255774807
app_id: 0, app_name: SAR_api-aarch64, task_id: 2062, task_name: DASH_FFT, resource_name: cpu1, ref_start_time: 2116698263162788, ref_stop_time: 2116698263222578, actual_exe_time: 59790, task_app_start_time:2116690715016524, task_sched_time:2116698263112058
app_id: 0, app_name: SAR_api-aarch64, task_id: 2063, task_name: DASH_ZIP, resource_name: cpu2, ref_start_time: 2116698266615639, ref_stop_time: 2116698266693459, actual_exe_time: 77820, task_app_start_time:2116690715016524, task_sched_time:2116698266606969
app_id: 0, app_name: SAR_api-aarch64, task_id: 2064, task_name: DASH_FFT, resource_name: cpu3, ref_start_time: 2116698269610779, ref_stop_time: 2116698269688239, actual_exe_time: 77460, task_app_start_time:2116690715016524, task_sched_time:2116698269601419
app_id: 0, app_name: SAR_api-aarch64, task_id: 2065, task_name: DASH_ZIP, resource_name: zip1, ref_start_time: 2116698278593951, ref_stop_time: 2116698278724361, actual_exe_time: 130410, task_app_start_time:2116690715016524, task_sched_time:2116698274147320
app_id: 0, app_name: SAR_api-aarch64, task_id: 2066, task_name: DASH_FFT, resource_name: cpu1, ref_start_time: 2116698282741571, ref_stop_time: 2116698282797251, actual_exe_time: 55680, task_app_start_time:2116690715016524, task_sched_time:2116698282689521
app_id: 0, app_name: SAR_api-aarch64, task_id: 2067, task_name: DASH_ZIP, resource_name: cpu2, ref_start_time: 2116698284075582, ref_stop_time: 2116698284158502, actual_exe_time: 82920, task_app_start_time:2116690715016524, task_sched_time:2116698284071472
app_id: 0, app_name: SAR_api-aarch64, task_id: 2068, task_name: DASH_FFT, resource_name: cpu3, ref_start_time: 2116698286710752, ref_stop_time: 2116698286788782, actual_exe_time: 78030, task_app_start_time:2116690715016524, task_sched_time:2116698286702742
app_id: 0, app_name: SAR_api-aarch64, task_id: 2069, task_name: DASH_ZIP, resource_name: zip1, ref_start_time: 2116698294820203, ref_stop_time: 2116698294946143, actual_exe_time: 125940, task_app_start_time:2116690715016524, task_sched_time:2116698294811953
app_id: 0, app_name: SAR_api-aarch64, task_id: 2070, task_name: DASH_FFT, resource_name: cpu1, ref_start_time: 2116698298754254, ref_stop_time: 2116698298811824, actual_exe_time: 57570, task_app_start_time:2116690715016524, task_sched_time:2116698298724074
app_id: 0, app_name: SAR_api-aarch64, task_id: 2071, task_name: DASH_ZIP, resource_name: cpu2, ref_start_time: 2116698299061064, ref_stop_time: 2116698299138254, actual_exe_time: 77190, task_app_start_time:2116690715016524, task_sched_time:2116698299056834
app_id: 0, app_name: SAR_api-aarch64, task_id: 2072, task_name: DASH_FFT, resource_name: cpu3, ref_start_time: 2116698302839385, ref_stop_time: 2116698302907515, actual_exe_time: 68130, task_app_start_time:2116690715016524, task_sched_time:2116698299713624
app_id: 0, app_name: SAR_api-aarch64, task_id: 2073, task_name: DASH_ZIP, resource_name: zip1, ref_start_time: 2116698303528995, ref_stop_time: 2116698303649775, actual_exe_time: 120780, task_app_start_time:2116690715016524, task_sched_time:2116698303523115
app_id: 0, app_name: SAR_api-aarch64, task_id: 2074, task_name: DASH_FFT, resource_name: cpu1, ref_start_time: 2116698304912385, ref_stop_time: 2116698304973645, actual_exe_time: 61260, task_app_start_time:2116690715016524, task_sched_time:2116698304869695
app_id: 0, app_name: SAR_api-aarch64, task_id: 2075, task_name: DASH_ZIP, resource_name: cpu2, ref_start_time: 2116698305758775, ref_stop_time: 2116698305835425, actual_exe_time: 76650, task_app_start_time:2116690715016524, task_sched_time:2116698305753195
app_id: 0, app_name: SAR_api-aarch64, task_id: 2076, task_name: DASH_FFT, resource_name: cpu3, ref_start_time: 2116698306588875, ref_stop_time: 2116698306656075, actual_exe_time: 67200, task_app_start_time:2116690715016524, task_sched_time:2116698306395525
app_id: 0, app_name: SAR_api-aarch64, task_id: 2077, task_name: DASH_ZIP, resource_name: zip1, ref_start_time: 2116698311034576, ref_stop_time: 2116698311157156, actual_exe_time: 122580, task_app_start_time:2116690715016524, task_sched_time:2116698311024496
app_id: 0, app_name: SAR_api-aarch64, task_id: 2078, task_name: DASH_FFT, resource_name: cpu1, ref_start_time: 2116698313402626, ref_stop_time: 2116698313456506, actual_exe_time: 53880, task_app_start_time:2116690715016524, task_sched_time:2116698313396416
app_id: 0, app_name: SAR_api-aarch64, task_id: 2079, task_name: DASH_ZIP, resource_name: cpu2, ref_start_time: 2116698314647717, ref_stop_time: 2116698314729767, actual_exe_time: 82050, task_app_start_time:2116690715016524, task_sched_time:2116698314644777
app_id: 0, app_name: SAR_api-aarch64, task_id: 2080, task_name: DASH_FFT, resource_name: cpu3, ref_start_time: 2116698318691057, ref_stop_time: 2116698318760417, actual_exe_time: 69360, task_app_start_time:2116690715016524, task_sched_time:2116698318681307
app_id: 0, app_name: SAR_api-aarch64, task_id: 2081, task_name: DASH_ZIP, resource_name: zip1, ref_start_time: 2116698326824119, ref_stop_time: 2116698326949609, actual_exe_time: 125490, task_app_start_time:2116690715016524, task_sched_time:2116698326818869
app_id: 0, app_name: SAR_api-aarch64, task_id: 2082, task_name: DASH_FFT, resource_name: cpu1, ref_start_time: 2116698329054679, ref_stop_time: 2116698329109099, actual_exe_time: 54420, task_app_start_time:2116690715016524, task_sched_time:2116698329043219
app_id: 0, app_name: SAR_api-aarch64, task_id: 2083, task_name: DASH_ZIP, resource_name: cpu2, ref_start_time: 2116698329376399, ref_stop_time: 2116698329453259, actual_exe_time: 76860, task_app_start_time:2116690715016524, task_sched_time:2116698329369019
app_id: 0, app_name: SAR_api-aarch64, task_id: 2084, task_name: DASH_FFT, resource_name: cpu3, ref_start_time: 2116698335000620, ref_stop_time: 2116698335073460, actual_exe_time: 72840, task_app_start_time:2116690715016524, task_sched_time:2116698334994290
app_id: 0, app_name: SAR_api-aarch64, task_id: 2085, task_name: DASH_ZIP, resource_name: zip1, ref_start_time: 2116698342094361, ref_stop_time: 2116698342358511, actual_exe_time: 264150, task_app_start_time:2116690715016524, task_sched_time:2116698342085601
app_id: 0, app_name: SAR_api-aarch64, task_id: 2086, task_name: DASH_FFT, resource_name: cpu1, ref_start_time: 2116698343363541, ref_stop_time: 2116698343417631, actual_exe_time: 54090, task_app_start_time:2116690715016524, task_sched_time:2116698343358291
app_id: 0, app_name: SAR_api-aarch64, task_id: 2087, task_name: DASH_ZIP, resource_name: cpu2, ref_start_time: 2116698347005722, ref_stop_time: 2116698347085612, actual_exe_time: 79890, task_app_start_time:2116690715016524, task_sched_time:2116698346994292
app_id: 0, app_name: SAR_api-aarch64, task_id: 2088, task_name: DASH_FFT, resource_name: cpu3, ref_start_time: 2116698354610333, ref_stop_time: 2116698354921583, actual_exe_time: 311250, task_app_start_time:2116690715016524, task_sched_time:2116698354602263
app_id: 0, app_name: SAR_api-aarch64, task_id: 2089, task_name: DASH_ZIP, resource_name: zip1, ref_start_time: 2116698357856963, ref_stop_time: 2116698357987074, actual_exe_time: 130111, task_app_start_time:2116690715016524, task_sched_time:2116698357720463
app_id: 0, app_name: SAR_api-aarch64, task_id: 2090, task_name: DASH_FFT, resource_name: cpu1, ref_start_time: 2116698366613185, ref_stop_time: 2116698366682665, actual_exe_time: 69480, task_app_start_time:2116690715016524, task_sched_time:2116698366597315
app_id: 0, app_name: SAR_api-aarch64, task_id: 2091, task_name: DASH_ZIP, resource_name: cpu2, ref_start_time: 2116698371422126, ref_stop_time: 2116698371508076, actual_exe_time: 85950, task_app_start_time:2116690715016524, task_sched_time:2116698371412496
app_id: 0, app_name: SAR_api-aarch64, task_id: 2092, task_name: DASH_FFT, resource_name: cpu3, ref_start_time: 2116698375259516, ref_stop_time: 2116698375328516, actual_exe_time: 69000, task_app_start_time:2116690715016524, task_sched_time:2116698375251176
app_id: 0, app_name: SAR_api-aarch64, task_id: 2093, task_name: DASH_ZIP, resource_name: zip1, ref_start_time: 2116698382792218, ref_stop_time: 2116698382914618, actual_exe_time: 122400, task_app_start_time:2116690715016524, task_sched_time:2116698382781778
app_id: 0, app_name: SAR_api-aarch64, task_id: 2094, task_name: DASH_FFT, resource_name: cpu1, ref_start_time: 2116698385780488, ref_stop_time: 2116698385840248, actual_exe_time: 59760, task_app_start_time:2116690715016524, task_sched_time:2116698385761318
app_id: 0, app_name: SAR_api-aarch64, task_id: 2095, task_name: DASH_ZIP, resource_name: cpu2, ref_start_time: 2116698386990838, ref_stop_time: 2116698387068898, actual_exe_time: 78060, task_app_start_time:2116690715016524, task_sched_time:2116698386982738
app_id: 0, app_name: SAR_api-aarch64, task_id: 2096, task_name: DASH_FFT, resource_name: cpu3, ref_start_time: 2116698394777879, ref_stop_time: 2116698394848439, actual_exe_time: 70560, task_app_start_time:2116690715016524, task_sched_time:2116698394771369
app_id: 0, app_name: SAR_api-aarch64, task_id: 2097, task_name: DASH_ZIP, resource_name: zip1, ref_start_time: 2116698399738290, ref_stop_time: 2116698399860150, actual_exe_time: 121860, task_app_start_time:2116690715016524, task_sched_time:2116698399730430
app_id: 0, app_name: SAR_api-aarch64, task_id: 2098, task_name: DASH_FFT, resource_name: cpu1, ref_start_time: 2116698400249760, ref_stop_time: 2116698400301660, actual_exe_time: 51900, task_app_start_time:2116690715016524, task_sched_time:2116698400244690
app_id: 0, app_name: SAR_api-aarch64, task_id: 2099, task_name: DASH_ZIP, resource_name: cpu2, ref_start_time: 2116698406803711, ref_stop_time: 2116698406890651, actual_exe_time: 86940, task_app_start_time:2116690715016524, task_sched_time:2116698406794591
app_id: 0, app_name: SAR_api-aarch64, task_id: 2100, task_name: DASH_FFT, resource_name: cpu3, ref_start_time: 2116698410634592, ref_stop_time: 2116698410706142, actual_exe_time: 71550, task_app_start_time:2116690715016524, task_sched_time:2116698410625622
app_id: 0, app_name: SAR_api-aarch64, task_id: 2101, task_name: DASH_ZIP, resource_name: zip1, ref_start_time: 2116698414486233, ref_stop_time: 2116698414618113, actual_exe_time: 131880, task_app_start_time:2116690715016524, task_sched_time:2116698414377483
app_id: 0, app_name: SAR_api-aarch64, task_id: 2102, task_name: DASH_FFT, resource_name: cpu1, ref_start_time: 2116698417795743, ref_stop_time: 2116698417854663, actual_exe_time: 58920, task_app_start_time:2116690715016524, task_sched_time:2116698417750803
app_id: 0, app_name: SAR_api-aarch64, task_id: 2103, task_name: DASH_ZIP, resource_name: cpu2, ref_start_time: 2116698419314793, ref_stop_time: 2116698419395433, actual_exe_time: 80640, task_app_start_time:2116690715016524, task_sched_time:2116698419149313
app_id: 0, app_name: SAR_api-aarch64, task_id: 2104, task_name: DASH_FFT, resource_name: cpu3, ref_start_time: 2116698422582094, ref_stop_time: 2116698422655954, actual_exe_time: 73860, task_app_start_time:2116690715016524, task_sched_time:2116698419990513
app_id: 0, app_name: SAR_api-aarch64, task_id: 2105, task_name: DASH_ZIP, resource_name: zip1, ref_start_time: 2116698426590995, ref_stop_time: 2116698426713545, actual_exe_time: 122550, task_app_start_time:2116690715016524, task_sched_time:2116698426585505
app_id: 0, app_name: SAR_api-aarch64, task_id: 2106, task_name: DASH_FFT, resource_name: cpu1, ref_start_time: 2116698427736275, ref_stop_time: 2116698427789135, actual_exe_time: 52860, task_app_start_time:2116690715016524, task_sched_time:2116698427701805
app_id: 0, app_name: SAR_api-aarch64, task_id: 2107, task_name: DASH_ZIP, resource_name: cpu2, ref_start_time: 2116698434701286, ref_stop_time: 2116698434791856, actual_exe_time: 90570, task_app_start_time:2116690715016524, task_sched_time:2116698434690936
app_id: 0, app_name: SAR_api-aarch64, task_id: 2108, task_name: DASH_FFT, resource_name: cpu3, ref_start_time: 2116698435450896, ref_stop_time: 2116698435514886, actual_exe_time: 63990, task_app_start_time:2116690715016524, task_sched_time:2116698435442376
app_id: 0, app_name: SAR_api-aarch64, task_id: 2109, task_name: DASH_ZIP, resource_name: zip1, ref_start_time: 2116698441667047, ref_stop_time: 2116698441791037, actual_exe_time: 123990, task_app_start_time:2116690715016524, task_sched_time:2116698441660597
app_id: 0, app_name: SAR_api-aarch64, task_id: 2110, task_name: DASH_FFT, resource_name: cpu1, ref_start_time: 2116698442779897, ref_stop_time: 2116698442836807, actual_exe_time: 56910, task_app_start_time:2116690715016524, task_sched_time:2116698442745157
app_id: 0, app_name: SAR_api-aarch64, task_id: 2111, task_name: DASH_ZIP, resource_name: cpu2, ref_start_time: 2116698450583888, ref_stop_time: 2116698450665728, actual_exe_time: 81840, task_app_start_time:2116690715016524, task_sched_time:2116698446930968
app_id: 0, app_name: SAR_api-aarch64, task_id: 2112, task_name: DASH_FFT, resource_name: cpu3, ref_start_time: 2116698454640069, ref_stop_time: 2116698454712579, actual_exe_time: 72510, task_app_start_time:2116690715016524, task_sched_time:2116698454629569
app_id: 0, app_name: SAR_api-aarch64, task_id: 2113, task_name: DASH_ZIP, resource_name: zip1, ref_start_time: 2116698456909419, ref_stop_time: 2116698457037819, actual_exe_time: 128400, task_app_start_time:2116690715016524, task_sched_time:2116698456779309
app_id: 0, app_name: SAR_api-aarch64, task_id: 2114, task_name: DASH_FFT, resource_name: cpu1, ref_start_time: 2116698458971080, ref_stop_time: 2116698459029070, actual_exe_time: 57990, task_app_start_time:2116690715016524, task_sched_time:2116698458931870
app_id: 0, app_name: SAR_api-aarch64, task_id: 2115, task_name: DASH_ZIP, resource_name: cpu2, ref_start_time: 2116698466670071, ref_stop_time: 2116698466749841, actual_exe_time: 79770, task_app_start_time:2116690715016524, task_sched_time:2116698466659991
app_id: 0, app_name: SAR_api-aarch64, task_id: 2116, task_name: DASH_FFT, resource_name: cpu3, ref_start_time: 2116698469846262, ref_stop_time: 2116698469913912, actual_exe_time: 67650, task_app_start_time:2116690715016524, task_sched_time:2116698469841162
app_id: 0, app_name: SAR_api-aarch64, task_id: 2117, task_name: DASH_ZIP, resource_name: zip1, ref_start_time: 2116698471467792, ref_stop_time: 2116698471593972, actual_exe_time: 126180, task_app_start_time:2116690715016524, task_sched_time:2116698471343262
app_id: 0, app_name: SAR_api-aarch64, task_id: 2118, task_name: DASH_FFT, resource_name: cpu1, ref_start_time: 2116698479444403, ref_stop_time: 2116698479499873, actual_exe_time: 55470, task_app_start_time:2116690715016524, task_sched_time:2116698479411493
app_id: 0, app_name: SAR_api-aarch64, task_id: 2119, task_name: DASH_ZIP, resource_name: cpu2, ref_start_time: 2116698484697944, ref_stop_time: 2116698484775974, actual_exe_time: 78030, task_app_start_time:2116690715016524, task_sched_time:2116698484691074
app_id: 0, app_name: SAR_api-aarch64, task_id: 2120, task_name: DASH_FFT, resource_name: cpu3, ref_start_time: 2116698490882565, ref_stop_time: 2116698490957415, actual_exe_time: 74850, task_app_start_time:2116690715016524, task_sched_time:2116698490874615
app_id: 0, app_name: SAR_api-aarch64, task_id: 2121, task_name: DASH_ZIP, resource_name: zip1, ref_start_time: 2116698498503586, ref_stop_time: 2116698498629226, actual_exe_time: 125640, task_app_start_time:2116690715016524, task_sched_time:2116698498493356
app_id: 0, app_name: SAR_api-aarch64, task_id: 2122, task_name: DASH_FFT, resource_name: cpu1, ref_start_time: 2116698499286226, ref_stop_time: 2116698499338936, actual_exe_time: 52710, task_app_start_time:2116690715016524, task_sched_time:2116698499280166
app_id: 0, app_name: SAR_api-aarch64, task_id: 2123, task_name: DASH_ZIP, resource_name: cpu2, ref_start_time: 2116698506755117, ref_stop_time: 2116698506838487, actual_exe_time: 83370, task_app_start_time:2116690715016524, task_sched_time:2116698506744107
app_id: 0, app_name: SAR_api-aarch64, task_id: 2124, task_name: DASH_FFT, resource_name: cpu3, ref_start_time: 2116698512742938, ref_stop_time: 2116698512812088, actual_exe_time: 69150, task_app_start_time:2116690715016524, task_sched_time:2116698512730578
app_id: 0, app_name: SAR_api-aarch64, task_id: 2125, task_name: DASH_ZIP, resource_name: zip1, ref_start_time: 2116698514856619, ref_stop_time: 2116698514980969, actual_exe_time: 124350, task_app_start_time:2116690715016524, task_sched_time:2116698514848729
app_id: 0, app_name: SAR_api-aarch64, task_id: 2126, task_name: DASH_FFT, resource_name: cpu1, ref_start_time: 2116698518765469, ref_stop_time: 2116698518823879, actual_exe_time: 58410, task_app_start_time:2116690715016524, task_sched_time:2116698518760069
app_id: 0, app_name: SAR_api-aarch64, task_id: 2127, task_name: DASH_ZIP, resource_name: cpu2, ref_start_time: 2116698527034791, ref_stop_time: 2116698527121041, actual_exe_time: 86250, task_app_start_time:2116690715016524, task_sched_time:2116698527025641
app_id: 0, app_name: SAR_api-aarch64, task_id: 2128, task_name: DASH_FFT, resource_name: cpu3, ref_start_time: 2116698530733131, ref_stop_time: 2116698530800451, actual_exe_time: 67320, task_app_start_time:2116690715016524, task_sched_time:2116698530727071
app_id: 0, app_name: SAR_api-aarch64, task_id: 2129, task_name: DASH_ZIP, resource_name: zip1, ref_start_time: 2116698538798453, ref_stop_time: 2116698539073043, actual_exe_time: 274590, task_app_start_time:2116690715016524, task_sched_time:2116698538787983
app_id: 0, app_name: SAR_api-aarch64, task_id: 2130, task_name: DASH_FFT, resource_name: cpu1, ref_start_time: 2116698541473073, ref_stop_time: 2116698541529113, actual_exe_time: 56040, task_app_start_time:2116690715016524, task_sched_time:2116698541465453
app_id: 0, app_name: SAR_api-aarch64, task_id: 2131, task_name: DASH_ZIP, resource_name: cpu2, ref_start_time: 2116698547041014, ref_stop_time: 2116698547124144, actual_exe_time: 83130, task_app_start_time:2116690715016524, task_sched_time:2116698547031414
app_id: 0, app_name: SAR_api-aarch64, task_id: 2132, task_name: DASH_FFT, resource_name: cpu3, ref_start_time: 2116698550628415, ref_stop_time: 2116698550696905, actual_exe_time: 68490, task_app_start_time:2116690715016524, task_sched_time:2116698550624425
app_id: 0, app_name: SAR_api-aarch64, task_id: 2133, task_name: DASH_ZIP, resource_name: zip1, ref_start_time: 2116698555775335, ref_stop_time: 2116698555903615, actual_exe_time: 128280, task_app_start_time:2116690715016524, task_sched_time:2116698555687735
app_id: 0, app_name: SAR_api-aarch64, task_id: 2134, task_name: DASH_FFT, resource_name: cpu1, ref_start_time: 2116698562869556, ref_stop_time: 2116698562927907, actual_exe_time: 58351, task_app_start_time:2116690715016524, task_sched_time:2116698562797166
app_id: 0, app_name: SAR_api-aarch64, task_id: 2135, task_name: DASH_ZIP, resource_name: cpu2, ref_start_time: 2116698568428617, ref_stop_time: 2116698569158038, actual_exe_time: 729421, task_app_start_time:2116690715016524, task_sched_time:2116698568421897
app_id: 0, app_name: SAR_api-aarch64, task_id: 2136, task_name: DASH_FFT, resource_name: cpu3, ref_start_time: 2116698574603308, ref_stop_time: 2116698574674318, actual_exe_time: 71010, task_app_start_time:2116690715016524, task_sched_time:2116698573075318
app_id: 0, app_name: SAR_api-aarch64, task_id: 2137, task_name: DASH_ZIP, resource_name: zip1, ref_start_time: 2116698575039418, ref_stop_time: 2116698575159988, actual_exe_time: 120570, task_app_start_time:2116690715016524, task_sched_time:2116698575035908
app_id: 0, app_name: SAR_api-aarch64, task_id: 2138, task_name: DASH_FFT, resource_name: cpu1, ref_start_time: 2116698576427129, ref_stop_time: 2116698576477679, actual_exe_time: 50550, task_app_start_time:2116690715016524, task_sched_time:2116698576372949
app_id: 0, app_name: SAR_api-aarch64, task_id: 2139, task_name: DASH_ZIP, resource_name: cpu2, ref_start_time: 2116698577246939, ref_stop_time: 2116698577348819, actual_exe_time: 101880, task_app_start_time:2116690715016524, task_sched_time:2116698577237579
app_id: 0, app_name: SAR_api-aarch64, task_id: 2140, task_name: DASH_FFT, resource_name: cpu3, ref_start_time: 2116698578578639, ref_stop_time: 2116698578648209, actual_exe_time: 69570, task_app_start_time:2116690715016524, task_sched_time:2116698577916869
app_id: 0, app_name: SAR_api-aarch64, task_id: 2141, task_name: DASH_ZIP, resource_name: zip1, ref_start_time: 2116698579293569, ref_stop_time: 2116698579412219, actual_exe_time: 118650, task_app_start_time:2116690715016524, task_sched_time:2116698579288019
app_id: 0, app_name: SAR_api-aarch64, task_id: 2142, task_name: DASH_FFT, resource_name: cpu1, ref_start_time: 2116698579856249, ref_stop_time: 2116698579904909, actual_exe_time: 48660, task_app_start_time:2116690715016524, task_sched_time:2116698579804589
app_id: 0, app_name: SAR_api-aarch64, task_id: 2143, task_name: DASH_ZIP, resource_name: cpu2, ref_start_time: 2116698580974529, ref_stop_time: 2116698581051899, actual_exe_time: 77370, task_app_start_time:2116690715016524, task_sched_time:2116698580914409
app_id: 0, app_name: SAR_api-aarch64, task_id: 2144, task_name: DASH_FFT, resource_name: cpu3, ref_start_time: 2116698582571340, ref_stop_time: 2116698582635270, actual_exe_time: 63930, task_app_start_time:2116690715016524, task_sched_time:2116698581625950
app_id: 0, app_name: SAR_api-aarch64, task_id: 2145, task_name: DASH_ZIP, resource_name: zip1, ref_start_time: 2116698583868720, ref_stop_time: 2116698583989710, actual_exe_time: 120990, task_app_start_time:2116690715016524, task_sched_time:2116698583860380
app_id: 0, app_name: SAR_api-aarch64, task_id: 2146, task_name: DASH_FFT, resource_name: cpu1, ref_start_time: 2116698586749590, ref_stop_time: 2116698586804160, actual_exe_time: 54570, task_app_start_time:2116690715016524, task_sched_time:2116698586733420
app_id: 0, app_name: SAR_api-aarch64, task_id: 2147, task_name: DASH_ZIP, resource_name: cpu2, ref_start_time: 2116698597100552, ref_stop_time: 2116698597190702, actual_exe_time: 90150, task_app_start_time:2116690715016524, task_sched_time:2116698597087652
app_id: 0, app_name: SAR_api-aarch64, task_id: 2148, task_name: DASH_FFT, resource_name: cpu3, ref_start_time: 2116698598157842, ref_stop_time: 2116698598220242, actual_exe_time: 62400, task_app_start_time:2116690715016524, task_sched_time:2116698598146982
app_id: 0, app_name: SAR_api-aarch64, task_id: 2149, task_name: DASH_ZIP, resource_name: zip1, ref_start_time: 2116698603522293, ref_stop_time: 2116698603644363, actual_exe_time: 122070, task_app_start_time:2116690715016524, task_sched_time:2116698603517823
app_id: 0, app_name: SAR_api-aarch64, task_id: 2150, task_name: DASH_FFT, resource_name: cpu1, ref_start_time: 2116698610729884, ref_stop_time: 2116698610786404, actual_exe_time: 56520, task_app_start_time:2116690715016524, task_sched_time:2116698610713594
app_id: 0, app_name: SAR_api-aarch64, task_id: 2151, task_name: DASH_ZIP, resource_name: cpu2, ref_start_time: 2116698612278664, ref_stop_time: 2116698612363234, actual_exe_time: 84570, task_app_start_time:2116690715016524, task_sched_time:2116698612268224
app_id: 0, app_name: SAR_api-aarch64, task_id: 2152, task_name: DASH_FFT, resource_name: cpu3, ref_start_time: 2116698612884485, ref_stop_time: 2116698613111795, actual_exe_time: 227310, task_app_start_time:2116690715016524, task_sched_time:2116698612771865
app_id: 0, app_name: SAR_api-aarch64, task_id: 2153, task_name: DASH_ZIP, resource_name: zip1, ref_start_time: 2116698614918335, ref_stop_time: 2116698615039835, actual_exe_time: 121500, task_app_start_time:2116690715016524, task_sched_time:2116698614908975
app_id: 0, app_name: SAR_api-aarch64, task_id: 2154, task_name: DASH_FFT, resource_name: cpu1, ref_start_time: 2116698623186246, ref_stop_time: 2116698623244536, actual_exe_time: 58290, task_app_start_time:2116690715016524, task_sched_time:2116698623091446
app_id: 0, app_name: SAR_api-aarch64, task_id: 2155, task_name: DASH_ZIP, resource_name: cpu2, ref_start_time: 2116698626964747, ref_stop_time: 2116698627043947, actual_exe_time: 79200, task_app_start_time:2116690715016524, task_sched_time:2116698626956857
app_id: 0, app_name: SAR_api-aarch64, task_id: 2156, task_name: DASH_FFT, resource_name: cpu3, ref_start_time: 2116698631033077, ref_stop_time: 2116698631106607, actual_exe_time: 73530, task_app_start_time:2116690715016524, task_sched_time:2116698631026597
app_id: 0, app_name: SAR_api-aarch64, task_id: 2157, task_name: DASH_ZIP, resource_name: zip1, ref_start_time: 2116698632182318, ref_stop_time: 2116698632308858, actual_exe_time: 126540, task_app_start_time:2116690715016524, task_sched_time:2116698632176888
app_id: 0, app_name: SAR_api-aarch64, task_id: 2158, task_name: DASH_FFT, resource_name: cpu1, ref_start_time: 2116698633079378, ref_stop_time: 2116698633131098, actual_exe_time: 51720, task_app_start_time:2116690715016524, task_sched_time:2116698633036148
app_id: 0, app_name: SAR_api-aarch64, task_id: 2159, task_name: DASH_ZIP, resource_name: cpu2, ref_start_time: 2116698634614898, ref_stop_time: 2116698634731808, actual_exe_time: 116910, task_app_start_time:2116690715016524, task_sched_time:2116698633509098
app_id: 0, app_name: SAR_api-aarch64, task_id: 2160, task_name: DASH_FFT, resource_name: cpu3, ref_start_time: 2116698638612339, ref_stop_time: 2116698638678039, actual_exe_time: 65700, task_app_start_time:2116690715016524, task_sched_time:2116698638607419
app_id: 0, app_name: SAR_api-aarch64, task_id: 2161, task_name: DASH_ZIP, resource_name: zip1, ref_start_time: 2116698642809459, ref_stop_time: 2116698642936179, actual_exe_time: 126720, task_app_start_time:2116690715016524, task_sched_time:2116698642803849
app_id: 0, app_name: SAR_api-aarch64, task_id: 2162, task_name: DASH_FFT, resource_name: cpu1, ref_start_time: 2116698650747161, ref_stop_time: 2116698650808691, actual_exe_time: 61530, task_app_start_time:2116690715016524, task_sched_time:2116698650739301
app_id: 0, app_name: SAR_api-aarch64, task_id: 2163, task_name: DASH_ZIP, resource_name: cpu2, ref_start_time: 2116698654922831, ref_stop_time: 2116698655001281, actual_exe_time: 78450, task_app_start_time:2116690715016524, task_sched_time:2116698654914731
app_id: 0, app_name: SAR_api-aarch64, task_id: 2164, task_name: DASH_FFT, resource_name: cpu3, ref_start_time: 2116698656446412, ref_stop_time: 2116698656512082, actual_exe_time: 65670, task_app_start_time:2116690715016524, task_sched_time:2116698656442062
app_id: 0, app_name: SAR_api-aarch64, task_id: 2165, task_name: DASH_ZIP, resource_name: zip1, ref_start_time: 2116698662924493, ref_stop_time: 2116698663050613, actual_exe_time: 126120, task_app_start_time:2116690715016524, task_sched_time:2116698662918883
app_id: 0, app_name: SAR_api-aarch64, task_id: 2166, task_name: DASH_FFT, resource_name: cpu1, ref_start_time: 2116698667137993, ref_stop_time: 2116698667193943, actual_exe_time: 55950, task_app_start_time:2116690715016524, task_sched_time:2116698667131543
app_id: 0, app_name: SAR_api-aarch64, task_id: 2167, task_name: DASH_ZIP, resource_name: cpu2, ref_start_time: 2116698670731064, ref_stop_time: 2116698670807834, actual_exe_time: 76770, task_app_start_time:2116690715016524, task_sched_time:2116698670721734
app_id: 0, app_name: SAR_api-aarch64, task_id: 2168, task_name: DASH_FFT, resource_name: cpu3, ref_start_time: 2116698672413584, ref_stop_time: 2116698672495964, actual_exe_time: 82380, task_app_start_time:2116690715016524, task_sched_time:2116698672409444
app_id: 0, app_name: SAR_api-aarch64, task_id: 2169, task_name: DASH_ZIP, resource_name: zip1, ref_start_time: 2116698673159234, ref_stop_time: 2116698673282534, actual_exe_time: 123300, task_app_start_time:2116690715016524, task_sched_time:2116698673152814
app_id: 0, app_name: SAR_api-aarch64, task_id: 2170, task_name: DASH_FFT, resource_name: cpu1, ref_start_time: 2116698674670814, ref_stop_time: 2116698674726524, actual_exe_time: 55710, task_app_start_time:2116690715016524, task_sched_time:2116698674555464
app_id: 0, app_name: SAR_api-aarch64, task_id: 2171, task_name: DASH_ZIP, resource_name: cpu2, ref_start_time: 2116698676530695, ref_stop_time: 2116698676609505, actual_exe_time: 78810, task_app_start_time:2116690715016524, task_sched_time:2116698675653465
app_id: 0, app_name: SAR_api-aarch64, task_id: 2172, task_name: DASH_FFT, resource_name: cpu3, ref_start_time: 2116698682587306, ref_stop_time: 2116698682664646, actual_exe_time: 77340, task_app_start_time:2116690715016524, task_sched_time:2116698677234285
app_id: 0, app_name: SAR_api-aarch64, task_id: 2173, task_name: DASH_ZIP, resource_name: zip1, ref_start_time: 2116698683982276, ref_stop_time: 2116698684102486, actual_exe_time: 120210, task_app_start_time:2116690715016524, task_sched_time:2116698683972856
app_id: 0, app_name: SAR_api-aarch64, task_id: 2174, task_name: DASH_FFT, resource_name: cpu1, ref_start_time: 2116698684748926, ref_stop_time: 2116698684802506, actual_exe_time: 53580, task_app_start_time:2116690715016524, task_sched_time:2116698684700536
app_id: 0, app_name: SAR_api-aarch64, task_id: 2175, task_name: DASH_ZIP, resource_name: cpu2, ref_start_time: 2116698685619496, ref_stop_time: 2116698685695246, actual_exe_time: 75750, task_app_start_time:2116690715016524, task_sched_time:2116698685609986
app_id: 0, app_name: SAR_api-aarch64, task_id: 2176, task_name: DASH_FFT, resource_name: cpu3, ref_start_time: 2116698686451636, ref_stop_time: 2116698686512896, actual_exe_time: 61260, task_app_start_time:2116690715016524, task_sched_time:2116698686293236
app_id: 0, app_name: SAR_api-aarch64, task_id: 2177, task_name: DASH_ZIP, resource_name: zip1, ref_start_time: 2116698687422947, ref_stop_time: 2116698687546907, actual_exe_time: 123960, task_app_start_time:2116690715016524, task_sched_time:2116698687417697
app_id: 0, app_name: SAR_api-aarch64, task_id: 2178, task_name: DASH_FFT, resource_name: cpu1, ref_start_time: 2116698688241047, ref_stop_time: 2116698688291627, actual_exe_time: 50580, task_app_start_time:2116690715016524, task_sched_time:2116698688194907
app_id: 0, app_name: SAR_api-aarch64, task_id: 2179, task_name: DASH_ZIP, resource_name: cpu2, ref_start_time: 2116698690595987, ref_stop_time: 2116698690675997, actual_exe_time: 80010, task_app_start_time:2116690715016524, task_sched_time:2116698689065177
app_id: 0, app_name: SAR_api-aarch64, task_id: 2180, task_name: DASH_FFT, resource_name: cpu3, ref_start_time: 2116698691511917, ref_stop_time: 2116698691571767, actual_exe_time: 59850, task_app_start_time:2116690715016524, task_sched_time:2116698691502347
app_id: 0, app_name: SAR_api-aarch64, task_id: 2181, task_name: DASH_ZIP, resource_name: zip1, ref_start_time: 2116698695148968, ref_stop_time: 2116698695272628, actual_exe_time: 123660, task_app_start_time:2116690715016524, task_sched_time:2116698695141078
app_id: 0, app_name: SAR_api-aarch64, task_id: 2182, task_name: DASH_FFT, resource_name: cpu1, ref_start_time: 2116698698810828, ref_stop_time: 2116698698864558, actual_exe_time: 53730, task_app_start_time:2116690715016524, task_sched_time:2116698698805008
app_id: 0, app_name: SAR_api-aarch64, task_id: 2183, task_name: DASH_ZIP, resource_name: cpu2, ref_start_time: 2116698702613239, ref_stop_time: 2116698702691329, actual_exe_time: 78090, task_app_start_time:2116690715016524, task_sched_time:2116698702608799
app_id: 0, app_name: SAR_api-aarch64, task_id: 2184, task_name: DASH_FFT, resource_name: cpu3, ref_start_time: 2116698703292109, ref_stop_time: 2116698703361889, actual_exe_time: 69780, task_app_start_time:2116690715016524, task_sched_time:2116698703282899
app_id: 0, app_name: SAR_api-aarch64, task_id: 2185, task_name: DASH_ZIP, resource_name: zip1, ref_start_time: 2116698705414489, ref_stop_time: 2116698705540909, actual_exe_time: 126420, task_app_start_time:2116690715016524, task_sched_time:2116698705401769
app_id: 0, app_name: SAR_api-aarch64, task_id: 2186, task_name: DASH_FFT, resource_name: cpu1, ref_start_time: 2116698706445410, ref_stop_time: 2116698706499410, actual_exe_time: 54000, task_app_start_time:2116690715016524, task_sched_time:2116698706414960
app_id: 0, app_name: SAR_api-aarch64, task_id: 2187, task_name: DASH_ZIP, resource_name: cpu2, ref_start_time: 2116698708723040, ref_stop_time: 2116698708802600, actual_exe_time: 79560, task_app_start_time:2116690715016524, task_sched_time:2116698707405530
app_id: 0, app_name: SAR_api-aarch64, task_id: 2188, task_name: DASH_FFT, resource_name: cpu3, ref_start_time: 2116698714906671, ref_stop_time: 2116698714977921, actual_exe_time: 71250, task_app_start_time:2116690715016524, task_sched_time:2116698714901811
app_id: 0, app_name: SAR_api-aarch64, task_id: 2189, task_name: DASH_ZIP, resource_name: zip1, ref_start_time: 2116698716052041, ref_stop_time: 2116698716171111, actual_exe_time: 119070, task_app_start_time:2116690715016524, task_sched_time:2116698716045531
app_id: 0, app_name: SAR_api-aarch64, task_id: 2190, task_name: DASH_FFT, resource_name: cpu1, ref_start_time: 2116698716645891, ref_stop_time: 2116698716694911, actual_exe_time: 49020, task_app_start_time:2116690715016524, task_sched_time:2116698716609171
app_id: 0, app_name: SAR_api-aarch64, task_id: 2191, task_name: DASH_ZIP, resource_name: cpu2, ref_start_time: 2116698719893542, ref_stop_time: 2116698719969172, actual_exe_time: 75630, task_app_start_time:2116690715016524, task_sched_time:2116698719888562
app_id: 0, app_name: SAR_api-aarch64, task_id: 2192, task_name: DASH_FFT, resource_name: cpu3, ref_start_time: 2116698720751722, ref_stop_time: 2116698720809682, actual_exe_time: 57960, task_app_start_time:2116690715016524, task_sched_time:2116698720748542
app_id: 0, app_name: SAR_api-aarch64, task_id: 2193, task_name: DASH_ZIP, resource_name: zip1, ref_start_time: 2116698726817243, ref_stop_time: 2116698726939193, actual_exe_time: 121950, task_app_start_time:2116690715016524, task_sched_time:2116698726808603
app_id: 0, app_name: SAR_api-aarch64, task_id: 2194, task_name: DASH_FFT, resource_name: cpu1, ref_start_time: 2116698727488433, ref_stop_time: 2116698727541113, actual_exe_time: 52680, task_app_start_time:2116690715016524, task_sched_time:2116698727485403
app_id: 0, app_name: SAR_api-aarch64, task_id: 2195, task_name: DASH_ZIP, resource_name: cpu2, ref_start_time: 2116698734819804, ref_stop_time: 2116698734898194, actual_exe_time: 78390, task_app_start_time:2116690715016524, task_sched_time:2116698734809424
app_id: 0, app_name: SAR_api-aarch64, task_id: 2196, task_name: DASH_FFT, resource_name: cpu3, ref_start_time: 2116698735690224, ref_stop_time: 2116698735755984, actual_exe_time: 65760, task_app_start_time:2116690715016524, task_sched_time:2116698735686744
app_id: 0, app_name: SAR_api-aarch64, task_id: 2197, task_name: DASH_ZIP, resource_name: zip1, ref_start_time: 2116698737403465, ref_stop_time: 2116698737530875, actual_exe_time: 127410, task_app_start_time:2116690715016524, task_sched_time:2116698737399355
app_id: 0, app_name: SAR_api-aarch64, task_id: 2198, task_name: DASH_FFT, resource_name: cpu1, ref_start_time: 2116698742459995, ref_stop_time: 2116698742516965, actual_exe_time: 56970, task_app_start_time:2116690715016524, task_sched_time:2116698742450725
app_id: 0, app_name: SAR_api-aarch64, task_id: 2199, task_name: DASH_ZIP, resource_name: cpu2, ref_start_time: 2116698743410186, ref_stop_time: 2116698743489806, actual_exe_time: 79620, task_app_start_time:2116690715016524, task_sched_time:2116698743402506
app_id: 0, app_name: SAR_api-aarch64, task_id: 2200, task_name: DASH_FFT, resource_name: cpu3, ref_start_time: 2116698746591596, ref_stop_time: 2116698746663056, actual_exe_time: 71460, task_app_start_time:2116690715016524, task_sched_time:2116698743911216
app_id: 0, app_name: SAR_api-aarch64, task_id: 2201, task_name: DASH_ZIP, resource_name: zip1, ref_start_time: 2116698750585347, ref_stop_time: 2116698750708497, actual_exe_time: 123150, task_app_start_time:2116690715016524, task_sched_time:2116698747935116
app_id: 0, app_name: SAR_api-aarch64, task_id: 2202, task_name: DASH_FFT, resource_name: cpu1, ref_start_time: 2116698751419857, ref_stop_time: 2116698751472087, actual_exe_time: 52230, task_app_start_time:2116690715016524, task_sched_time:2116698751374947
app_id: 0, app_name: SAR_api-aarch64, task_id: 2203, task_name: DASH_ZIP, resource_name: cpu2, ref_start_time: 2116698752289257, ref_stop_time: 2116698752364497, actual_exe_time: 75240, task_app_start_time:2116690715016524, task_sched_time:2116698752282477
app_id: 0, app_name: SAR_api-aarch64, task_id: 2204, task_name: DASH_FFT, resource_name: cpu3, ref_start_time: 2116698753080417, ref_stop_time: 2116698753144107, actual_exe_time: 63690, task_app_start_time:2116690715016524, task_sched_time:2116698753075887
app_id: 0, app_name: SAR_api-aarch64, task_id: 2205, task_name: DASH_ZIP, resource_name: zip1, ref_start_time: 2116698754182587, ref_stop_time: 2116698754302437, actual_exe_time: 119850, task_app_start_time:2116690715016524, task_sched_time:2116698754174127
app_id: 0, app_name: SAR_api-aarch64, task_id: 2206, task_name: DASH_FFT, resource_name: cpu1, ref_start_time: 2116698759072318, ref_stop_time: 2116698759129828, actual_exe_time: 57510, task_app_start_time:2116690715016524, task_sched_time:2116698758966178
app_id: 0, app_name: SAR_api-aarch64, task_id: 2207, task_name: DASH_ZIP, resource_name: cpu2, ref_start_time: 2116698762622549, ref_stop_time: 2116698762708349, actual_exe_time: 85800, task_app_start_time:2116690715016524, task_sched_time:2116698762615229
app_id: 0, app_name: SAR_api-aarch64, task_id: 2208, task_name: DASH_FFT, resource_name: cpu3, ref_start_time: 2116698766586929, ref_stop_time: 2116698766905379, actual_exe_time: 318450, task_app_start_time:2116690715016524, task_sched_time:2116698766580599
app_id: 0, app_name: SAR_api-aarch64, task_id: 2209, task_name: DASH_ZIP, resource_name: zip1, ref_start_time: 2116698769985720, ref_stop_time: 2116698770114450, actual_exe_time: 128730, task_app_start_time:2116690715016524, task_sched_time:2116698769980890
app_id: 0, app_name: SAR_api-aarch64, task_id: 2210, task_name: DASH_FFT, resource_name: cpu1, ref_start_time: 2116698774913491, ref_stop_time: 2116698774970731, actual_exe_time: 57240, task_app_start_time:2116690715016524, task_sched_time:2116698774839601
app_id: 0, app_name: SAR_api-aarch64, task_id: 2211, task_name: DASH_ZIP, resource_name: cpu2, ref_start_time: 2116698782744632, ref_stop_time: 2116698782833072, actual_exe_time: 88440, task_app_start_time:2116690715016524, task_sched_time:2116698782737882
app_id: 0, app_name: SAR_api-aarch64, task_id: 2212, task_name: DASH_FFT, resource_name: cpu3, ref_start_time: 2116698783536152, ref_stop_time: 2116698783600262, actual_exe_time: 64110, task_app_start_time:2116690715016524, task_sched_time:2116698783530392
app_id: 0, app_name: SAR_api-aarch64, task_id: 2213, task_name: DASH_ZIP, resource_name: zip1, ref_start_time: 2116698790731653, ref_stop_time: 2116698790857593, actual_exe_time: 125940, task_app_start_time:2116690715016524, task_sched_time:2116698790722353
app_id: 0, app_name: SAR_api-aarch64, task_id: 2214, task_name: DASH_FFT, resource_name: cpu1, ref_start_time: 2116698791611523, ref_stop_time: 2116698791663903, actual_exe_time: 52380, task_app_start_time:2116690715016524, task_sched_time:2116698791606213
app_id: 0, app_name: SAR_api-aarch64, task_id: 2215, task_name: DASH_ZIP, resource_name: cpu2, ref_start_time: 2116698794607354, ref_stop_time: 2116698794684154, actual_exe_time: 76800, task_app_start_time:2116690715016524, task_sched_time:2116698794604114
app_id: 0, app_name: SAR_api-aarch64, task_id: 2216, task_name: DASH_FFT, resource_name: cpu3, ref_start_time: 2116698798277434, ref_stop_time: 2116698798340734, actual_exe_time: 63300, task_app_start_time:2116690715016524, task_sched_time:2116698798274104
app_id: 0, app_name: SAR_api-aarch64, task_id: 2217, task_name: DASH_ZIP, resource_name: zip1, ref_start_time: 2116698799455685, ref_stop_time: 2116698799578115, actual_exe_time: 122430, task_app_start_time:2116690715016524, task_sched_time:2116698799451635
app_id: 0, app_name: SAR_api-aarch64, task_id: 2218, task_name: DASH_FFT, resource_name: cpu1, ref_start_time: 2116698803395105, ref_stop_time: 2116698803453275, actual_exe_time: 58170, task_app_start_time:2116690715016524, task_sched_time:2116698803295835
app_id: 0, app_name: SAR_api-aarch64, task_id: 2219, task_name: DASH_ZIP, resource_name: cpu2, ref_start_time: 2116698807514076, ref_stop_time: 2116698807592286, actual_exe_time: 78210, task_app_start_time:2116690715016524, task_sched_time:2116698807491726
app_id: 0, app_name: SAR_api-aarch64, task_id: 2220, task_name: DASH_FFT, resource_name: cpu3, ref_start_time: 2116698810609416, ref_stop_time: 2116698810676286, actual_exe_time: 66870, task_app_start_time:2116690715016524, task_sched_time:2116698810600776
app_id: 0, app_name: SAR_api-aarch64, task_id: 2221, task_name: DASH_ZIP, resource_name: zip1, ref_start_time: 2116698814370427, ref_stop_time: 2116698814494327, actual_exe_time: 123900, task_app_start_time:2116690715016524, task_sched_time:2116698814364907
app_id: 0, app_name: SAR_api-aarch64, task_id: 2222, task_name: DASH_FFT, resource_name: cpu1, ref_start_time: 2116698819235078, ref_stop_time: 2116698819291778, actual_exe_time: 56700, task_app_start_time:2116690715016524, task_sched_time:2116698819137398
app_id: 0, app_name: SAR_api-aarch64, task_id: 2223, task_name: DASH_ZIP, resource_name: cpu2, ref_start_time: 2116698822625318, ref_stop_time: 2116698822709678, actual_exe_time: 84360, task_app_start_time:2116690715016524, task_sched_time:2116698822616648
app_id: 0, app_name: SAR_api-aarch64, task_id: 2224, task_name: DASH_FFT, resource_name: cpu3, ref_start_time: 2116698826617269, ref_stop_time: 2116698826682579, actual_exe_time: 65310, task_app_start_time:2116690715016524, task_sched_time:2116698826612109
app_id: 0, app_name: SAR_api-aarch64, task_id: 2225, task_name: DASH_ZIP, resource_name: zip1, ref_start_time: 2116698829187039, ref_stop_time: 2116698829310069, actual_exe_time: 123030, task_app_start_time:2116690715016524, task_sched_time:2116698829183319
app_id: 0, app_name: SAR_api-aarch64, task_id: 2226, task_name: DASH_FFT, resource_name: cpu1, ref_start_time: 2116698834604050, ref_stop_time: 2116698834665520, actual_exe_time: 61470, task_app_start_time:2116690715016524, task_sched_time:2116698834594480
app_id: 0, app_name: SAR_api-aarch64, task_id: 2227, task_name: DASH_ZIP, resource_name: cpu2, ref_start_time: 2116698838598941, ref_stop_time: 2116698838902001, actual_exe_time: 303060, task_app_start_time:2116690715016524, task_sched_time:2116698838592641
app_id: 0, app_name: SAR_api-aarch64, task_id: 2228, task_name: DASH_FFT, resource_name: cpu3, ref_start_time: 2116698839099941, ref_stop_time: 2116698839160751, actual_exe_time: 60810, task_app_start_time:2116690715016524, task_sched_time:2116698839095111
app_id: 0, app_name: SAR_api-aarch64, task_id: 2229, task_name: DASH_ZIP, resource_name: zip1, ref_start_time: 2116698844599872, ref_stop_time: 2116698844725902, actual_exe_time: 126030, task_app_start_time:2116690715016524, task_sched_time:2116698844592882
app_id: 0, app_name: SAR_api-aarch64, task_id: 2230, task_name: DASH_FFT, resource_name: cpu1, ref_start_time: 2116698851302833, ref_stop_time: 2116698851356503, actual_exe_time: 53670, task_app_start_time:2116690715016524, task_sched_time:2116698851291793
app_id: 0, app_name: SAR_api-aarch64, task_id: 2231, task_name: DASH_ZIP, resource_name: cpu2, ref_start_time: 2116698851631933, ref_stop_time: 2116698851709123, actual_exe_time: 77190, task_app_start_time:2116690715016524, task_sched_time:2116698851620773
app_id: 0, app_name: SAR_api-aarch64, task_id: 2232, task_name: DASH_FFT, resource_name: cpu3, ref_start_time: 2116698858333874, ref_stop_time: 2116698858399004, actual_exe_time: 65130, task_app_start_time:2116690715016524, task_sched_time:2116698858327934
app_id: 0, app_name: SAR_api-aarch64, task_id: 2233, task_name: DASH_ZIP, resource_name: zip1, ref_start_time: 2116698859979104, ref_stop_time: 2116698860101174, actual_exe_time: 122070, task_app_start_time:2116690715016524, task_sched_time:2116698859970764
app_id: 0, app_name: SAR_api-aarch64, task_id: 2234, task_name: DASH_FFT, resource_name: cpu1, ref_start_time: 2116698866716355, ref_stop_time: 2116698866777225, actual_exe_time: 60870, task_app_start_time:2116690715016524, task_sched_time:2116698866711585
app_id: 0, app_name: SAR_api-aarch64, task_id: 2235, task_name: DASH_ZIP, resource_name: cpu2, ref_start_time: 2116698873092196, ref_stop_time: 2116698873178566, actual_exe_time: 86370, task_app_start_time:2116690715016524, task_sched_time:2116698873083946
app_id: 0, app_name: SAR_api-aarch64, task_id: 2236, task_name: DASH_FFT, resource_name: cpu3, ref_start_time: 2116698873902677, ref_stop_time: 2116698873972637, actual_exe_time: 69960, task_app_start_time:2116690715016524, task_sched_time:2116698873897217
app_id: 0, app_name: SAR_api-aarch64, task_id: 2237, task_name: DASH_ZIP, resource_name: zip1, ref_start_time: 2116698878841997, ref_stop_time: 2116698878967127, actual_exe_time: 125130, task_app_start_time:2116690715016524, task_sched_time:2116698878830597
app_id: 0, app_name: SAR_api-aarch64, task_id: 2238, task_name: DASH_FFT, resource_name: cpu1, ref_start_time: 2116698886876899, ref_stop_time: 2116698886935729, actual_exe_time: 58830, task_app_start_time:2116690715016524, task_sched_time:2116698886868169
app_id: 0, app_name: SAR_api-aarch64, task_id: 2239, task_name: DASH_ZIP, resource_name: cpu2, ref_start_time: 2116698888218859, ref_stop_time: 2116698888605109, actual_exe_time: 386250, task_app_start_time:2116690715016524, task_sched_time:2116698888213219
app_id: 0, app_name: SAR_api-aarch64, task_id: 2240, task_name: DASH_FFT, resource_name: cpu3, ref_start_time: 2116698894588880, ref_stop_time: 2116698894664000, actual_exe_time: 75120, task_app_start_time:2116690715016524, task_sched_time:2116698891886539
app_id: 0, app_name: SAR_api-aarch64, task_id: 2241, task_name: DASH_ZIP, resource_name: zip1, ref_start_time: 2116698899109551, ref_stop_time: 2116698899233961, actual_exe_time: 124410, task_app_start_time:2116690715016524, task_sched_time:2116698899102921
app_id: 0, app_name: SAR_api-aarch64, task_id: 2242, task_name: DASH_FFT, resource_name: cpu1, ref_start_time: 2116698901871681, ref_stop_time: 2116698901925351, actual_exe_time: 53670, task_app_start_time:2116690715016524, task_sched_time:2116698901861511
app_id: 0, app_name: SAR_api-aarch64, task_id: 2243, task_name: DASH_ZIP, resource_name: cpu2, ref_start_time: 2116698903140321, ref_stop_time: 2116698903225101, actual_exe_time: 84780, task_app_start_time:2116690715016524, task_sched_time:2116698903080171
app_id: 0, app_name: SAR_api-aarch64, task_id: 2244, task_name: DASH_FFT, resource_name: cpu3, ref_start_time: 2116698906883452, ref_stop_time: 2116698906955782, actual_exe_time: 72330, task_app_start_time:2116690715016524, task_sched_time:2116698906872922
app_id: 0, app_name: SAR_api-aarch64, task_id: 2245, task_name: DASH_ZIP, resource_name: zip1, ref_start_time: 2116698914760103, ref_stop_time: 2116698914884423, actual_exe_time: 124320, task_app_start_time:2116690715016524, task_sched_time:2116698914750053
app_id: 0, app_name: SAR_api-aarch64, task_id: 2246, task_name: DASH_FFT, resource_name: cpu1, ref_start_time: 2116698916979653, ref_stop_time: 2116698917034133, actual_exe_time: 54480, task_app_start_time:2116690715016524, task_sched_time:2116698916944913
app_id: 0, app_name: SAR_api-aarch64, task_id: 2247, task_name: DASH_ZIP, resource_name: cpu2, ref_start_time: 2116698917964824, ref_stop_time: 2116698918041054, actual_exe_time: 76230, task_app_start_time:2116690715016524, task_sched_time:2116698917951714
app_id: 0, app_name: SAR_api-aarch64, task_id: 2248, task_name: DASH_FFT, resource_name: cpu3, ref_start_time: 2116698922668584, ref_stop_time: 2116698922740974, actual_exe_time: 72390, task_app_start_time:2116690715016524, task_sched_time:2116698922660034
app_id: 0, app_name: SAR_api-aarch64, task_id: 2249, task_name: DASH_ZIP, resource_name: zip1, ref_start_time: 2116698926743395, ref_stop_time: 2116698926866785, actual_exe_time: 123390, task_app_start_time:2116690715016524, task_sched_time:2116698926736495
app_id: 0, app_name: SAR_api-aarch64, task_id: 2250, task_name: DASH_FFT, resource_name: cpu1, ref_start_time: 2116698931302256, ref_stop_time: 2116698931355566, actual_exe_time: 53310, task_app_start_time:2116690715016524, task_sched_time:2116698931290226
app_id: 0, app_name: SAR_api-aarch64, task_id: 2251, task_name: DASH_ZIP, resource_name: cpu2, ref_start_time: 2116698932632336, ref_stop_time: 2116698932903536, actual_exe_time: 271200, task_app_start_time:2116690715016524, task_sched_time:2116698932622556
app_id: 0, app_name: SAR_api-aarch64, task_id: 2252, task_name: DASH_FFT, resource_name: cpu3, ref_start_time: 2116698938584697, ref_stop_time: 2116698938662187, actual_exe_time: 77490, task_app_start_time:2116690715016524, task_sched_time:2116698936307577
app_id: 0, app_name: SAR_api-aarch64, task_id: 2253, task_name: DASH_ZIP, resource_name: zip1, ref_start_time: 2116698942581418, ref_stop_time: 2116698942706608, actual_exe_time: 125190, task_app_start_time:2116690715016524, task_sched_time:2116698940082477
app_id: 0, app_name: SAR_api-aarch64, task_id: 2254, task_name: DASH_FFT, resource_name: cpu1, ref_start_time: 2116698946092768, ref_stop_time: 2116698946148448, actual_exe_time: 55680, task_app_start_time:2116690715016524, task_sched_time:2116698946088808
app_id: 0, app_name: SAR_api-aarch64, task_id: 2255, task_name: DASH_ZIP, resource_name: cpu2, ref_start_time: 2116698946776738, ref_stop_time: 2116698946859568, actual_exe_time: 82830, task_app_start_time:2116690715016524, task_sched_time:2116698946773738
app_id: 0, app_name: SAR_api-aarch64, task_id: 2256, task_name: DASH_FFT, resource_name: cpu3, ref_start_time: 2116698950365249, ref_stop_time: 2116698950438479, actual_exe_time: 73230, task_app_start_time:2116690715016524, task_sched_time:2116698950358649
app_id: 0, app_name: SAR_api-aarch64, task_id: 2257, task_name: DASH_ZIP, resource_name: zip1, ref_start_time: 2116698951631849, ref_stop_time: 2116698951754279, actual_exe_time: 122430, task_app_start_time:2116690715016524, task_sched_time:2116698951622669
app_id: 0, app_name: SAR_api-aarch64, task_id: 2258, task_name: DASH_FFT, resource_name: cpu1, ref_start_time: 2116698952475989, ref_stop_time: 2116698952529089, actual_exe_time: 53100, task_app_start_time:2116690715016524, task_sched_time:2116698952467289
app_id: 0, app_name: SAR_api-aarch64, task_id: 2259, task_name: DASH_ZIP, resource_name: cpu2, ref_start_time: 2116698954611720, ref_stop_time: 2116698954689120, actual_exe_time: 77400, task_app_start_time:2116690715016524, task_sched_time:2116698953288239
app_id: 0, app_name: SAR_api-aarch64, task_id: 2260, task_name: DASH_FFT, resource_name: cpu3, ref_start_time: 2116698958642490, ref_stop_time: 2116698958710800, actual_exe_time: 68310, task_app_start_time:2116690715016524, task_sched_time:2116698958632920
app_id: 0, app_name: SAR_api-aarch64, task_id: 2261, task_name: DASH_ZIP, resource_name: zip1, ref_start_time: 2116698960717831, ref_stop_time: 2116698960841251, actual_exe_time: 123420, task_app_start_time:2116690715016524, task_sched_time:2116698960712281
app_id: 0, app_name: SAR_api-aarch64, task_id: 2262, task_name: DASH_FFT, resource_name: cpu1, ref_start_time: 2116698962705781, ref_stop_time: 2116698962759661, actual_exe_time: 53880, task_app_start_time:2116690715016524, task_sched_time:2116698962689881
app_id: 0, app_name: SAR_api-aarch64, task_id: 2263, task_name: DASH_ZIP, resource_name: cpu2, ref_start_time: 2116698965741541, ref_stop_time: 2116698965818341, actual_exe_time: 76800, task_app_start_time:2116690715016524, task_sched_time:2116698965737521
app_id: 0, app_name: SAR_api-aarch64, task_id: 2264, task_name: DASH_FFT, resource_name: cpu3, ref_start_time: 2116698970756702, ref_stop_time: 2116698970834552, actual_exe_time: 77850, task_app_start_time:2116690715016524, task_sched_time:2116698966705051
app_id: 0, app_name: SAR_api-aarch64, task_id: 2265, task_name: DASH_ZIP, resource_name: zip1, ref_start_time: 2116698971246242, ref_stop_time: 2116698971366542, actual_exe_time: 120300, task_app_start_time:2116690715016524, task_sched_time:2116698971237242
app_id: 0, app_name: SAR_api-aarch64, task_id: 2266, task_name: DASH_FFT, resource_name: cpu1, ref_start_time: 2116698972698362, ref_stop_time: 2116698972748402, actual_exe_time: 50040, task_app_start_time:2116690715016524, task_sched_time:2116698972693112
app_id: 0, app_name: SAR_api-aarch64, task_id: 2267, task_name: DASH_ZIP, resource_name: cpu2, ref_start_time: 2116698973542233, ref_stop_time: 2116698973617923, actual_exe_time: 75690, task_app_start_time:2116690715016524, task_sched_time:2116698973538933
app_id: 0, app_name: SAR_api-aarch64, task_id: 2268, task_name: DASH_FFT, resource_name: cpu3, ref_start_time: 2116698974594603, ref_stop_time: 2116698974659313, actual_exe_time: 64710, task_app_start_time:2116690715016524, task_sched_time:2116698974181563
app_id: 0, app_name: SAR_api-aarch64, task_id: 2269, task_name: DASH_ZIP, resource_name: zip1, ref_start_time: 2116698976881893, ref_stop_time: 2116698977005103, actual_exe_time: 123210, task_app_start_time:2116690715016524, task_sched_time:2116698975564833
app_id: 0, app_name: SAR_api-aarch64, task_id: 2270, task_name: DASH_FFT, resource_name: cpu1, ref_start_time: 2116698977381213, ref_stop_time: 2116698977430833, actual_exe_time: 49620, task_app_start_time:2116690715016524, task_sched_time:2116698977370653
app_id: 0, app_name: SAR_api-aarch64, task_id: 2271, task_name: DASH_ZIP, resource_name: cpu2, ref_start_time: 2116698986570485, ref_stop_time: 2116698986653165, actual_exe_time: 82680, task_app_start_time:2116690715016524, task_sched_time:2116698981833544
app_id: 0, app_name: SAR_api-aarch64, task_id: 2272, task_name: DASH_FFT, resource_name: cpu3, ref_start_time: 2116698987549355, ref_stop_time: 2116698987619045, actual_exe_time: 69690, task_app_start_time:2116690715016524, task_sched_time:2116698987545095
app_id: 0, app_name: SAR_api-aarch64, task_id: 2273, task_name: DASH_ZIP, resource_name: zip1, ref_start_time: 2116698988549225, ref_stop_time: 2116698988669975, actual_exe_time: 120750, task_app_start_time:2116690715016524, task_sched_time:2116698988540015
app_id: 0, app_name: SAR_api-aarch64, task_id: 2274, task_name: DASH_FFT, resource_name: cpu1, ref_start_time: 2116698989133085, ref_stop_time: 2116698989181685, actual_exe_time: 48600, task_app_start_time:2116690715016524, task_sched_time:2116698989069695
app_id: 0, app_name: SAR_api-aarch64, task_id: 2275, task_name: DASH_ZIP, resource_name: cpu2, ref_start_time: 2116698990726145, ref_stop_time: 2116698990802045, actual_exe_time: 75900, task_app_start_time:2116690715016524, task_sched_time:2116698990060685
app_id: 0, app_name: SAR_api-aarch64, task_id: 2276, task_name: DASH_FFT, resource_name: cpu3, ref_start_time: 2116698991001785, ref_stop_time: 2116698991055665, actual_exe_time: 53880, task_app_start_time:2116690715016524, task_sched_time:2116698990995635
app_id: 0, app_name: SAR_api-aarch64, task_id: 2277, task_name: DASH_ZIP, resource_name: zip1, ref_start_time: 2116698992242436, ref_stop_time: 2116698992371316, actual_exe_time: 128880, task_app_start_time:2116690715016524, task_sched_time:2116698992233946
app_id: 0, app_name: SAR_api-aarch64, task_id: 2278, task_name: DASH_FFT, resource_name: cpu1, ref_start_time: 2116698993004436, ref_stop_time: 2116698993052826, actual_exe_time: 48390, task_app_start_time:2116690715016524, task_sched_time:2116698993000926
app_id: 0, app_name: SAR_api-aarch64, task_id: 2279, task_name: DASH_ZIP, resource_name: cpu2, ref_start_time: 2116698993882866, ref_stop_time: 2116698993958286, actual_exe_time: 75420, task_app_start_time:2116690715016524, task_sched_time:2116698993875156
app_id: 0, app_name: SAR_api-aarch64, task_id: 2280, task_name: DASH_FFT, resource_name: cpu3, ref_start_time: 2116698994968746, ref_stop_time: 2116698995031566, actual_exe_time: 62820, task_app_start_time:2116690715016524, task_sched_time:2116698994965356
app_id: 0, app_name: SAR_api-aarch64, task_id: 2281, task_name: DASH_ZIP, resource_name: zip1, ref_start_time: 2116698999018627, ref_stop_time: 2116698999141867, actual_exe_time: 123240, task_app_start_time:2116690715016524, task_sched_time:2116698999011067
app_id: 0, app_name: SAR_api-aarch64, task_id: 2282, task_name: DASH_FFT, resource_name: cpu1, ref_start_time: 2116699002727917, ref_stop_time: 2116699003140627, actual_exe_time: 412710, task_app_start_time:2116690715016524, task_sched_time:2116699002713037
app_id: 0, app_name: SAR_api-aarch64, task_id: 2283, task_name: DASH_ZIP, resource_name: cpu2, ref_start_time: 2116699006776898, ref_stop_time: 2116699006855318, actual_exe_time: 78420, task_app_start_time:2116690715016524, task_sched_time:2116699006771048
app_id: 0, app_name: SAR_api-aarch64, task_id: 2284, task_name: DASH_FFT, resource_name: cpu3, ref_start_time: 2116699007475928, ref_stop_time: 2116699007542558, actual_exe_time: 66630, task_app_start_time:2116690715016524, task_sched_time:2116699007467858
app_id: 0, app_name: SAR_api-aarch64, task_id: 2285, task_name: DASH_ZIP, resource_name: zip1, ref_start_time: 2116699010849309, ref_stop_time: 2116699010971439, actual_exe_time: 122130, task_app_start_time:2116690715016524, task_sched_time:2116699010843639
app_id: 0, app_name: SAR_api-aarch64, task_id: 2286, task_name: DASH_FFT, resource_name: cpu1, ref_start_time: 2116699012703039, ref_stop_time: 2116699012759829, actual_exe_time: 56790, task_app_start_time:2116690715016524, task_sched_time:2116699012697819
app_id: 0, app_name: SAR_api-aarch64, task_id: 2287, task_name: DASH_ZIP, resource_name: cpu2, ref_start_time: 2116699013504549, ref_stop_time: 2116699013579519, actual_exe_time: 74970, task_app_start_time:2116690715016524, task_sched_time:2116699013496449
app_id: 0, app_name: SAR_api-aarch64, task_id: 2288, task_name: DASH_FFT, resource_name: cpu3, ref_start_time: 2116699018707420, ref_stop_time: 2116699018775520, actual_exe_time: 68100, task_app_start_time:2116690715016524, task_sched_time:2116699018698510
app_id: 0, app_name: SAR_api-aarch64, task_id: 2289, task_name: DASH_ZIP, resource_name: zip1, ref_start_time: 2116699019923830, ref_stop_time: 2116699020046980, actual_exe_time: 123150, task_app_start_time:2116690715016524, task_sched_time:2116699019919390
app_id: 0, app_name: SAR_api-aarch64, task_id: 2290, task_name: DASH_FFT, resource_name: cpu1, ref_start_time: 2116699023351451, ref_stop_time: 2116699023404191, actual_exe_time: 52740, task_app_start_time:2116690715016524, task_sched_time:2116699023297091
app_id: 0, app_name: SAR_api-aarch64, task_id: 2291, task_name: DASH_ZIP, resource_name: cpu2, ref_start_time: 2116699026991231, ref_stop_time: 2116699027067611, actual_exe_time: 76380, task_app_start_time:2116690715016524, task_sched_time:2116699026986581
app_id: 0, app_name: SAR_api-aarch64, task_id: 2292, task_name: DASH_FFT, resource_name: cpu3, ref_start_time: 2116699027498951, ref_stop_time: 2116699027560931, actual_exe_time: 61980, task_app_start_time:2116690715016524, task_sched_time:2116699027492651
app_id: 0, app_name: SAR_api-aarch64, task_id: 2293, task_name: DASH_ZIP, resource_name: zip1, ref_start_time: 2116699029604922, ref_stop_time: 2116699029725042, actual_exe_time: 120120, task_app_start_time:2116690715016524, task_sched_time:2116699029601622
app_id: 0, app_name: SAR_api-aarch64, task_id: 2294, task_name: DASH_FFT, resource_name: cpu1, ref_start_time: 2116699031197262, ref_stop_time: 2116699031253182, actual_exe_time: 55920, task_app_start_time:2116690715016524, task_sched_time:2116699031188562
app_id: 0, app_name: SAR_api-aarch64, task_id: 2295, task_name: DASH_ZIP, resource_name: cpu2, ref_start_time: 2116699035069212, ref_stop_time: 2116699035149972, actual_exe_time: 80760, task_app_start_time:2116690715016524, task_sched_time:2116699035062672
app_id: 0, app_name: SAR_api-aarch64, task_id: 2296, task_name: DASH_FFT, resource_name: cpu3, ref_start_time: 2116699038861663, ref_stop_time: 2116699038927573, actual_exe_time: 65910, task_app_start_time:2116690715016524, task_sched_time:2116699038855693
app_id: 0, app_name: SAR_api-aarch64, task_id: 2297, task_name: DASH_ZIP, resource_name: zip1, ref_start_time: 2116699042766044, ref_stop_time: 2116699042888864, actual_exe_time: 122820, task_app_start_time:2116690715016524, task_sched_time:2116699042760074
app_id: 0, app_name: SAR_api-aarch64, task_id: 2298, task_name: DASH_FFT, resource_name: cpu1, ref_start_time: 2116699043588644, ref_stop_time: 2116699043639764, actual_exe_time: 51120, task_app_start_time:2116690715016524, task_sched_time:2116699043581534
app_id: 0, app_name: SAR_api-aarch64, task_id: 2299, task_name: DASH_ZIP, resource_name: cpu2, ref_start_time: 2116699046775784, ref_stop_time: 2116699046852404, actual_exe_time: 76620, task_app_start_time:2116690715016524, task_sched_time:2116699046766304
app_id: 0, app_name: SAR_api-aarch64, task_id: 2300, task_name: DASH_FFT, resource_name: cpu3, ref_start_time: 2116699048348685, ref_stop_time: 2116699048408985, actual_exe_time: 60300, task_app_start_time:2116690715016524, task_sched_time:2116699048341935
app_id: 0, app_name: SAR_api-aarch64, task_id: 2301, task_name: DASH_ZIP, resource_name: zip1, ref_start_time: 2116699054857546, ref_stop_time: 2116699054984596, actual_exe_time: 127050, task_app_start_time:2116690715016524, task_sched_time:2116699054844046
app_id: 0, app_name: SAR_api-aarch64, task_id: 2302, task_name: DASH_FFT, resource_name: cpu1, ref_start_time: 2116699055285406, ref_stop_time: 2116699055337186, actual_exe_time: 51780, task_app_start_time:2116690715016524, task_sched_time:2116699055281656
app_id: 0, app_name: SAR_api-aarch64, task_id: 2303, task_name: DASH_ZIP, resource_name: cpu2, ref_start_time: 2116699062446527, ref_stop_time: 2116699062526297, actual_exe_time: 79770, task_app_start_time:2116690715016524, task_sched_time:2116699062439117
app_id: 0, app_name: SAR_api-aarch64, task_id: 2304, task_name: DASH_FFT, resource_name: cpu3, ref_start_time: 2116699063563427, ref_stop_time: 2116699063627417, actual_exe_time: 63990, task_app_start_time:2116690715016524, task_sched_time:2116699063552597
